Sender: LSF System <lsfadmin@lg02e03>
Subject: Job 242463628[10]: <trace_kin_v2[1-14]> in cluster <chimera> Done

Job <trace_kin_v2[1-14]> was submitted from host <li04e04> by user <wangc40> in cluster <chimera> at Thu May  7 17:40:49 2026
Job was executed on host(s) <16*lg02e03>, in queue <gpu>, as user <wangc40> in cluster <chimera> at Thu May  7 17:40:52 2026
</hpc/users/wangc40> was used as the home directory.
</sc/arion/projects/DiseaseGeneCell/Huang_lab_project/wangcDrugRepoProject/TRACE-Kin> was used as the working directory.
Started at Thu May  7 17:40:52 2026
Terminated at Thu May  7 19:49:00 2026
Results reported at Thu May  7 19:49:00 2026

Your job looked like:

------------------------------------------------------------
# LSBATCH: User input
#!/bin/bash
#BSUB -J trace_kin_v2[1-14]
#BSUB -P acc_DiseaseGeneCell
#BSUB -q gpu
#BSUB -R h100nvl
#BSUB -gpu num=1
#BSUB -n 16
#BSUB -R "rusage[mem=8000]"
#BSUB -R "span[hosts=1]"
#BSUB -W 48:00
#BSUB -o %J.%I.stdout
#BSUB -eo %J.%I.stderr
#BSUB -L /bin/bash

# =============================================================================
# TRACE-Kin v2 rerun — LSF job array
# =============================================================================
# Submit with:
#     bsub < training/run_v2_rerun_array.lsf
#
# Or chain off the smoke test (recommended):
#     bsub -w "done(<SMOKE_JOB_ID>)" < training/run_v2_rerun_array.lsf
#
# LSF expands #BSUB -J trace_kin_v2[1-14] into 14 array tasks, each with a
# distinct ${LSB_JOBINDEX} in 1..14. The body looks up the per-index
# (dataset_source, dataset_name, pool_paths) tuple from the inline table below
# and invokes train_trace_kin.py with model_version=v2 + SWA.
#
# The 14 tasks correspond to:
#   * 12 RF-gap targets (catalytic kinetics where v1 trails RF by 1.4%–8.7%)
#   * 2 Ki preservation guards (where v1 already wins, must not regress)
# =============================================================================

# --- Environment -------------------------------------------------------------
# Match the prologue of the proven-working PSICHIC LSFs verbatim — no
# `set -euo pipefail`. Mount Sinai's /etc/profile.d scripts return non-zero
# in places that aren't real errors, and errexit aborts the job before
# module + conda activation can complete.
ml purge
source ~/.bashrc
module load anaconda3/2024.06
source activate test
module load cuda/12.4.0
export RAYON_NUM_THREADS=4
export PYTORCH_CUDA_ALLOC_CONF=expandable_segments:True
# Put the repo root on PYTHONPATH so `from training.X import …` works when
# train_trace_kin.py is invoked as a script (not via `python -m`).
export PYTHONPATH="$PWD${PYTHONPATH:+:$PYTHONPATH}"

# --- Knobs (env overrides) ---------------------------------------------------

(... more ...)
------------------------------------------------------------

Successfully completed.

Resource usage summary:

    CPU time :                                   8252.00 sec.
    Max Memory :                                 50877 MB
    Average Memory :                             48921.00 MB
    Total Requested Memory :                     128000.00 MB
    Delta Memory :                               77123.00 MB
    Max Swap :                                   -
    Max Processes :                              4
    Max Threads :                                20
    Run time :                                   7688 sec.
    Turnaround time :                            7691 sec.

The output (if any) follows:

==========================================
TRACE-Kin v2 array task 10/14
==========================================
Date:        Thu May  7 17:40:55 EDT 2026
Dataset:     /sc/arion/projects/DiseaseGeneCell/Huang_lab_project/drug_discovery/output/data/enzyme_embeddings_dataset/EITLEM_dataset/EITLEM_kkm_MUTAPLM_embedding_cold_drug
Result:      /sc/arion/projects/DiseaseGeneCell/Huang_lab_project/wangcDrugRepoProject/TRACE_Kin_Results_v2/EITLEM_dataset/EITLEM_kkm_MUTAPLM_embedding_cold_drug
Config:      training/config_v2.json
Pool CSVs:   (none)
Model:       v2 + SWA
Epochs:      100, batch=16, seed=1, lr=1e-4
==========================================
Python 3.12.2
Python: /sc/arion/work/wangc40/test-env/envs/test/bin/python
CUDA device: NVIDIA H100 80GB HBM3, sm_90
============================================================
TRACE-Kin training
============================================================
Datafolder:        /sc/arion/projects/DiseaseGeneCell/Huang_lab_project/drug_discovery/output/data/enzyme_embeddings_dataset/EITLEM_dataset/EITLEM_kkm_MUTAPLM_embedding_cold_drug
Result path:       /sc/arion/projects/DiseaseGeneCell/Huang_lab_project/wangcDrugRepoProject/TRACE_Kin_Results_v2/EITLEM_dataset/EITLEM_kkm_MUTAPLM_embedding_cold_drug
Config:            training/config_v2.json
Pool train CSVs:   (none)
============================================================
Loading primary train: /sc/arion/projects/DiseaseGeneCell/Huang_lab_project/drug_discovery/output/data/enzyme_embeddings_dataset/EITLEM_dataset/EITLEM_kkm_MUTAPLM_embedding_cold_drug/train.parquet
Loading primary test: /sc/arion/projects/DiseaseGeneCell/Huang_lab_project/drug_discovery/output/data/enzyme_embeddings_dataset/EITLEM_dataset/EITLEM_kkm_MUTAPLM_embedding_cold_drug/test.parquet
Loading primary val: /sc/arion/projects/DiseaseGeneCell/Huang_lab_project/drug_discovery/output/data/enzyme_embeddings_dataset/EITLEM_dataset/EITLEM_kkm_MUTAPLM_embedding_cold_drug/val.parquet
Detected prot_evo_channels = 4096
seq2feat: 6607 unique sequences.
model_version: v2, use_swa: True
Building protein graphs from scratch (this can be slow)...
U, B, O, or 0 in Sequence
U, B, O, or 0 in Sequence
U, B, O, or 0 in Sequence
U, B, O, or 0 in Sequence
U, B, O, or 0 in Sequence
U, B, O, or 0 in Sequence
Building ligand graphs from scratch...
loaders ready: train=610 test=156 val=93
Built TraceKinV2 with 8,757,121 parameters
[SWA] enabled: start_epoch=75, swa_lr=1.000e-05
[LR schedule] schedule_lr=False, lrate=0.0001, min_lrate=0, warmup_iters=0, lr_decay_iters=61000, total_iters=61000
Not in terminal, reprint now using normal build-in print function.
                              
                              
----------------------------------------
Epoch 001 with LR 0.000100: Model Results
----------------------------------------
Train MSE Loss: 2.8564, Train CLS Loss: 0.0000, Train MCLS Loss: 0.0000
Protein Cluster Region Loss - Ortho Loss: 0.0000, Cluster Loss: 0.0000
                              
Validation Results: {
    "ci": 0.6533,
    "classification_loss": 0.0,
    "cluster_loss": 0.0,
    "mae": 1.3008,
    "mse": 2.6809,
    "multiclassification_loss": 0.0,
    "ortho_loss": 0.0,
    "pearson": 0.4499,
    "regression_loss": 2.713,
    "rm2": 0.1904,
    "rmse": 1.6373,
    "sd": 1.6219,
    "spearman": 0.4493,
    "spectral_loss": 0.0
}
                              
Test Results: {
    "ci": 0.6195,
    "classification_loss": 0.0,
    "cluster_loss": 0.0,
    "mae": 1.2644,
    "mse": 2.5764,
    "multiclassification_loss": 0.0,
    "ortho_loss": 0.0,
    "pearson": 0.3524,
    "regression_loss": 2.5711,
    "rm2": 0.1143,
    "rmse": 1.6051,
    "sd": 1.5787,
    "spearman": 0.3467,
    "spectral_loss": 0.0
}
                              
                              
----------------------------------------
Epoch 002 with LR 0.000100: Model Results
----------------------------------------
Train MSE Loss: 2.1217, Train CLS Loss: 0.0000, Train MCLS Loss: 0.0000
Protein Cluster Region Loss - Ortho Loss: 0.0000, Cluster Loss: 0.0000
                              
Validation Results: {
    "ci": 0.6763,
    "classification_loss": 0.0,
    "cluster_loss": 0.0,
    "mae": 1.2392,
    "mse": 2.5358,
    "multiclassification_loss": 0.0,
    "ortho_loss": 0.0,
    "pearson": 0.519,
    "regression_loss": 2.5988,
    "rm2": 0.2324,
    "rmse": 1.5924,
    "sd": 1.5523,
    "spearman": 0.5019,
    "spectral_loss": 0.0
}
                              
Test Results: {
    "ci": 0.6405,
    "classification_loss": 0.0,
    "cluster_loss": 0.0,
    "mae": 1.2274,
    "mse": 2.4394,
    "multiclassification_loss": 0.0,
    "ortho_loss": 0.0,
    "pearson": 0.4362,
    "regression_loss": 2.4338,
    "rm2": 0.1676,
    "rmse": 1.5619,
    "sd": 1.5181,
    "spearman": 0.4051,
    "spectral_loss": 0.0
}
                              
                              
----------------------------------------
Epoch 003 with LR 0.000100: Model Results
----------------------------------------
Train MSE Loss: 1.7511, Train CLS Loss: 0.0000, Train MCLS Loss: 0.0000
Protein Cluster Region Loss - Ortho Loss: 0.0000, Cluster Loss: 0.0000
                              
Validation Results: {
    "ci": 0.6859,
    "classification_loss": 0.0,
    "cluster_loss": 0.0,
    "mae": 1.1821,
    "mse": 2.3645,
    "multiclassification_loss": 0.0,
    "ortho_loss": 0.0,
    "pearson": 0.5494,
    "regression_loss": 2.4169,
    "rm2": 0.2902,
    "rmse": 1.5377,
    "sd": 1.5174,
    "spearman": 0.5286,
    "spectral_loss": 0.0
}
                              
Test Results: {
    "ci": 0.6504,
    "classification_loss": 0.0,
    "cluster_loss": 0.0,
    "mae": 1.177,
    "mse": 2.3918,
    "multiclassification_loss": 0.0,
    "ortho_loss": 0.0,
    "pearson": 0.4634,
    "regression_loss": 2.393,
    "rm2": 0.2024,
    "rmse": 1.5466,
    "sd": 1.4949,
    "spearman": 0.4281,
    "spectral_loss": 0.0
}
                              
                              
----------------------------------------
Epoch 004 with LR 0.000100: Model Results
----------------------------------------
Train MSE Loss: 1.5693, Train CLS Loss: 0.0000, Train MCLS Loss: 0.0000
Protein Cluster Region Loss - Ortho Loss: 0.0000, Cluster Loss: 0.0000
                              
Validation Results: {
    "ci": 0.6918,
    "classification_loss": 0.0,
    "cluster_loss": 0.0,
    "mae": 1.1568,
    "mse": 2.337,
    "multiclassification_loss": 0.0,
    "ortho_loss": 0.0,
    "pearson": 0.5612,
    "regression_loss": 2.3657,
    "rm2": 0.2914,
    "rmse": 1.5287,
    "sd": 1.5031,
    "spearman": 0.5425,
    "spectral_loss": 0.0
}
                              
Test Results: {
    "ci": 0.6495,
    "classification_loss": 0.0,
    "cluster_loss": 0.0,
    "mae": 1.1726,
    "mse": 2.3511,
    "multiclassification_loss": 0.0,
    "ortho_loss": 0.0,
    "pearson": 0.474,
    "regression_loss": 2.3468,
    "rm2": 0.2116,
    "rmse": 1.5333,
    "sd": 1.4854,
    "spearman": 0.4275,
    "spectral_loss": 0.0
}
                              
                              
----------------------------------------
Epoch 005 with LR 0.000100: Model Results
----------------------------------------
Train MSE Loss: 1.4502, Train CLS Loss: 0.0000, Train MCLS Loss: 0.0000
Protein Cluster Region Loss - Ortho Loss: 0.0000, Cluster Loss: 0.0000
                              
Validation Results: {
    "ci": 0.6987,
    "classification_loss": 0.0,
    "cluster_loss": 0.0,
    "mae": 1.1241,
    "mse": 2.1655,
    "multiclassification_loss": 0.0,
    "ortho_loss": 0.0,
    "pearson": 0.5895,
    "regression_loss": 2.2164,
    "rm2": 0.3281,
    "rmse": 1.4716,
    "sd": 1.467,
    "spearman": 0.5583,
    "spectral_loss": 0.0
}
                              
Test Results: {
    "ci": 0.6536,
    "classification_loss": 0.0,
    "cluster_loss": 0.0,
    "mae": 1.1639,
    "mse": 2.2736,
    "multiclassification_loss": 0.0,
    "ortho_loss": 0.0,
    "pearson": 0.483,
    "regression_loss": 2.2686,
    "rm2": 0.2128,
    "rmse": 1.5078,
    "sd": 1.4772,
    "spearman": 0.4371,
    "spectral_loss": 0.0
}
                              
                              
----------------------------------------
Epoch 006 with LR 0.000100: Model Results
----------------------------------------
Train MSE Loss: 1.3552, Train CLS Loss: 0.0000, Train MCLS Loss: 0.0000
Protein Cluster Region Loss - Ortho Loss: 0.0000, Cluster Loss: 0.0000
                              
Validation Results: {
    "ci": 0.7014,
    "classification_loss": 0.0,
    "cluster_loss": 0.0,
    "mae": 1.1203,
    "mse": 2.2104,
    "multiclassification_loss": 0.0,
    "ortho_loss": 0.0,
    "pearson": 0.5781,
    "regression_loss": 2.2174,
    "rm2": 0.3303,
    "rmse": 1.4867,
    "sd": 1.4819,
    "spearman": 0.564,
    "spectral_loss": 0.0
}
                              
Test Results: {
    "ci": 0.6536,
    "classification_loss": 0.0,
    "cluster_loss": 0.0,
    "mae": 1.1639,
    "mse": 2.2736,
    "multiclassification_loss": 0.0,
    "ortho_loss": 0.0,
    "pearson": 0.483,
    "regression_loss": 2.2686,
    "rm2": 0.2128,
    "rmse": 1.5078,
    "sd": 1.4772,
    "spearman": 0.4371,
    "spectral_loss": 0.0
}
                              
                              
----------------------------------------
Epoch 007 with LR 0.000100: Model Results
----------------------------------------
Train MSE Loss: 1.3040, Train CLS Loss: 0.0000, Train MCLS Loss: 0.0000
Protein Cluster Region Loss - Ortho Loss: 0.0000, Cluster Loss: 0.0000
                              
Validation Results: {
    "ci": 0.6956,
    "classification_loss": 0.0,
    "cluster_loss": 0.0,
    "mae": 1.135,
    "mse": 2.2402,
    "multiclassification_loss": 0.0,
    "ortho_loss": 0.0,
    "pearson": 0.583,
    "regression_loss": 2.281,
    "rm2": 0.3129,
    "rmse": 1.4967,
    "sd": 1.4755,
    "spearman": 0.5503,
    "spectral_loss": 0.0
}
                              
Test Results: {
    "ci": 0.6536,
    "classification_loss": 0.0,
    "cluster_loss": 0.0,
    "mae": 1.1639,
    "mse": 2.2736,
    "multiclassification_loss": 0.0,
    "ortho_loss": 0.0,
    "pearson": 0.483,
    "regression_loss": 2.2686,
    "rm2": 0.2128,
    "rmse": 1.5078,
    "sd": 1.4772,
    "spearman": 0.4371,
    "spectral_loss": 0.0
}
                              
                              
----------------------------------------
Epoch 008 with LR 0.000100: Model Results
----------------------------------------
Train MSE Loss: 1.2301, Train CLS Loss: 0.0000, Train MCLS Loss: 0.0000
Protein Cluster Region Loss - Ortho Loss: 0.0000, Cluster Loss: 0.0000
                              
Validation Results: {
    "ci": 0.706,
    "classification_loss": 0.0,
    "cluster_loss": 0.0,
    "mae": 1.1233,
    "mse": 2.1814,
    "multiclassification_loss": 0.0,
    "ortho_loss": 0.0,
    "pearson": 0.6025,
    "regression_loss": 2.2213,
    "rm2": 0.3164,
    "rmse": 1.477,
    "sd": 1.4495,
    "spearman": 0.5798,
    "spectral_loss": 0.0
}
                              
Test Results: {
    "ci": 0.6536,
    "classification_loss": 0.0,
    "cluster_loss": 0.0,
    "mae": 1.1639,
    "mse": 2.2736,
    "multiclassification_loss": 0.0,
    "ortho_loss": 0.0,
    "pearson": 0.483,
    "regression_loss": 2.2686,
    "rm2": 0.2128,
    "rmse": 1.5078,
    "sd": 1.4772,
    "spearman": 0.4371,
    "spectral_loss": 0.0
}
                              
                              
----------------------------------------
Epoch 009 with LR 0.000100: Model Results
----------------------------------------
Train MSE Loss: 1.1882, Train CLS Loss: 0.0000, Train MCLS Loss: 0.0000
Protein Cluster Region Loss - Ortho Loss: 0.0000, Cluster Loss: 0.0000
                              
Validation Results: {
    "ci": 0.7067,
    "classification_loss": 0.0,
    "cluster_loss": 0.0,
    "mae": 1.1065,
    "mse": 2.1986,
    "multiclassification_loss": 0.0,
    "ortho_loss": 0.0,
    "pearson": 0.6022,
    "regression_loss": 2.242,
    "rm2": 0.3344,
    "rmse": 1.4828,
    "sd": 1.4498,
    "spearman": 0.5801,
    "spectral_loss": 0.0
}
                              
Test Results: {
    "ci": 0.6536,
    "classification_loss": 0.0,
    "cluster_loss": 0.0,
    "mae": 1.1639,
    "mse": 2.2736,
    "multiclassification_loss": 0.0,
    "ortho_loss": 0.0,
    "pearson": 0.483,
    "regression_loss": 2.2686,
    "rm2": 0.2128,
    "rmse": 1.5078,
    "sd": 1.4772,
    "spearman": 0.4371,
    "spectral_loss": 0.0
}
                              
                              
----------------------------------------
Epoch 010 with LR 0.000100: Model Results
----------------------------------------
Train MSE Loss: 1.1404, Train CLS Loss: 0.0000, Train MCLS Loss: 0.0000
Protein Cluster Region Loss - Ortho Loss: 0.0000, Cluster Loss: 0.0000
                              
Validation Results: {
    "ci": 0.7083,
    "classification_loss": 0.0,
    "cluster_loss": 0.0,
    "mae": 1.1101,
    "mse": 2.1091,
    "multiclassification_loss": 0.0,
    "ortho_loss": 0.0,
    "pearson": 0.6023,
    "regression_loss": 2.1518,
    "rm2": 0.3574,
    "rmse": 1.4523,
    "sd": 1.4497,
    "spearman": 0.5817,
    "spectral_loss": 0.0
}
                              
Test Results: {
    "ci": 0.6582,
    "classification_loss": 0.0,
    "cluster_loss": 0.0,
    "mae": 1.1421,
    "mse": 2.2272,
    "multiclassification_loss": 0.0,
    "ortho_loss": 0.0,
    "pearson": 0.4965,
    "regression_loss": 2.2255,
    "rm2": 0.2353,
    "rmse": 1.4924,
    "sd": 1.4644,
    "spearman": 0.4466,
    "spectral_loss": 0.0
}
                              
                              
----------------------------------------
Epoch 011 with LR 0.000100: Model Results
----------------------------------------
Train MSE Loss: 1.1068, Train CLS Loss: 0.0000, Train MCLS Loss: 0.0000
Protein Cluster Region Loss - Ortho Loss: 0.0000, Cluster Loss: 0.0000
                              
Validation Results: {
    "ci": 0.7119,
    "classification_loss": 0.0,
    "cluster_loss": 0.0,
    "mae": 1.1522,
    "mse": 2.2884,
    "multiclassification_loss": 0.0,
    "ortho_loss": 0.0,
    "pearson": 0.6166,
    "regression_loss": 2.3965,
    "rm2": 0.295,
    "rmse": 1.5127,
    "sd": 1.4298,
    "spearman": 0.5921,
    "spectral_loss": 0.0
}
                              
Test Results: {
    "ci": 0.6582,
    "classification_loss": 0.0,
    "cluster_loss": 0.0,
    "mae": 1.1421,
    "mse": 2.2272,
    "multiclassification_loss": 0.0,
    "ortho_loss": 0.0,
    "pearson": 0.4965,
    "regression_loss": 2.2255,
    "rm2": 0.2353,
    "rmse": 1.4924,
    "sd": 1.4644,
    "spearman": 0.4466,
    "spectral_loss": 0.0
}
                              
                              
----------------------------------------
Epoch 012 with LR 0.000100: Model Results
----------------------------------------
Train MSE Loss: 1.0704, Train CLS Loss: 0.0000, Train MCLS Loss: 0.0000
Protein Cluster Region Loss - Ortho Loss: 0.0000, Cluster Loss: 0.0000
                              
Validation Results: {
    "ci": 0.6995,
    "classification_loss": 0.0,
    "cluster_loss": 0.0,
    "mae": 1.149,
    "mse": 2.2861,
    "multiclassification_loss": 0.0,
    "ortho_loss": 0.0,
    "pearson": 0.5866,
    "regression_loss": 2.3462,
    "rm2": 0.2904,
    "rmse": 1.512,
    "sd": 1.4708,
    "spearman": 0.5609,
    "spectral_loss": 0.0
}
                              
Test Results: {
    "ci": 0.6582,
    "classification_loss": 0.0,
    "cluster_loss": 0.0,
    "mae": 1.1421,
    "mse": 2.2272,
    "multiclassification_loss": 0.0,
    "ortho_loss": 0.0,
    "pearson": 0.4965,
    "regression_loss": 2.2255,
    "rm2": 0.2353,
    "rmse": 1.4924,
    "sd": 1.4644,
    "spearman": 0.4466,
    "spectral_loss": 0.0
}
                              
                              
----------------------------------------
Epoch 013 with LR 0.000100: Model Results
----------------------------------------
Train MSE Loss: 1.0440, Train CLS Loss: 0.0000, Train MCLS Loss: 0.0000
Protein Cluster Region Loss - Ortho Loss: 0.0000, Cluster Loss: 0.0000
                              
Validation Results: {
    "ci": 0.6985,
    "classification_loss": 0.0,
    "cluster_loss": 0.0,
    "mae": 1.1201,
    "mse": 2.2752,
    "multiclassification_loss": 0.0,
    "ortho_loss": 0.0,
    "pearson": 0.5861,
    "regression_loss": 2.3102,
    "rm2": 0.3202,
    "rmse": 1.5084,
    "sd": 1.4714,
    "spearman": 0.5564,
    "spectral_loss": 0.0
}
                              
Test Results: {
    "ci": 0.6582,
    "classification_loss": 0.0,
    "cluster_loss": 0.0,
    "mae": 1.1421,
    "mse": 2.2272,
    "multiclassification_loss": 0.0,
    "ortho_loss": 0.0,
    "pearson": 0.4965,
    "regression_loss": 2.2255,
    "rm2": 0.2353,
    "rmse": 1.4924,
    "sd": 1.4644,
    "spearman": 0.4466,
    "spectral_loss": 0.0
}
                              
                              
----------------------------------------
Epoch 014 with LR 0.000100: Model Results
----------------------------------------
Train MSE Loss: 1.0164, Train CLS Loss: 0.0000, Train MCLS Loss: 0.0000
Protein Cluster Region Loss - Ortho Loss: 0.0000, Cluster Loss: 0.0000
                              
Validation Results: {
    "ci": 0.7129,
    "classification_loss": 0.0,
    "cluster_loss": 0.0,
    "mae": 1.0913,
    "mse": 2.1231,
    "multiclassification_loss": 0.0,
    "ortho_loss": 0.0,
    "pearson": 0.6197,
    "regression_loss": 2.1868,
    "rm2": 0.3584,
    "rmse": 1.4571,
    "sd": 1.4253,
    "spearman": 0.5928,
    "spectral_loss": 0.0
}
                              
Test Results: {
    "ci": 0.6582,
    "classification_loss": 0.0,
    "cluster_loss": 0.0,
    "mae": 1.1421,
    "mse": 2.2272,
    "multiclassification_loss": 0.0,
    "ortho_loss": 0.0,
    "pearson": 0.4965,
    "regression_loss": 2.2255,
    "rm2": 0.2353,
    "rmse": 1.4924,
    "sd": 1.4644,
    "spearman": 0.4466,
    "spectral_loss": 0.0
}
                              
                              
----------------------------------------
Epoch 015 with LR 0.000100: Model Results
----------------------------------------
Train MSE Loss: 0.9766, Train CLS Loss: 0.0000, Train MCLS Loss: 0.0000
Protein Cluster Region Loss - Ortho Loss: 0.0000, Cluster Loss: 0.0000
                              
Validation Results: {
    "ci": 0.71,
    "classification_loss": 0.0,
    "cluster_loss": 0.0,
    "mae": 1.1059,
    "mse": 2.1899,
    "multiclassification_loss": 0.0,
    "ortho_loss": 0.0,
    "pearson": 0.6106,
    "regression_loss": 2.2521,
    "rm2": 0.3329,
    "rmse": 1.4798,
    "sd": 1.4382,
    "spearman": 0.5847,
    "spectral_loss": 0.0
}
                              
Test Results: {
    "ci": 0.6582,
    "classification_loss": 0.0,
    "cluster_loss": 0.0,
    "mae": 1.1421,
    "mse": 2.2272,
    "multiclassification_loss": 0.0,
    "ortho_loss": 0.0,
    "pearson": 0.4965,
    "regression_loss": 2.2255,
    "rm2": 0.2353,
    "rmse": 1.4924,
    "sd": 1.4644,
    "spearman": 0.4466,
    "spectral_loss": 0.0
}
                              
                              
----------------------------------------
Epoch 016 with LR 0.000100: Model Results
----------------------------------------
Train MSE Loss: 0.9556, Train CLS Loss: 0.0000, Train MCLS Loss: 0.0000
Protein Cluster Region Loss - Ortho Loss: 0.0000, Cluster Loss: 0.0000
                              
Validation Results: {
    "ci": 0.7033,
    "classification_loss": 0.0,
    "cluster_loss": 0.0,
    "mae": 1.1338,
    "mse": 2.26,
    "multiclassification_loss": 0.0,
    "ortho_loss": 0.0,
    "pearson": 0.6069,
    "regression_loss": 2.3425,
    "rm2": 0.3251,
    "rmse": 1.5033,
    "sd": 1.4434,
    "spearman": 0.5708,
    "spectral_loss": 0.0
}
                              
Test Results: {
    "ci": 0.6582,
    "classification_loss": 0.0,
    "cluster_loss": 0.0,
    "mae": 1.1421,
    "mse": 2.2272,
    "multiclassification_loss": 0.0,
    "ortho_loss": 0.0,
    "pearson": 0.4965,
    "regression_loss": 2.2255,
    "rm2": 0.2353,
    "rmse": 1.4924,
    "sd": 1.4644,
    "spearman": 0.4466,
    "spectral_loss": 0.0
}
                              
                              
----------------------------------------
Epoch 017 with LR 0.000100: Model Results
----------------------------------------
Train MSE Loss: 0.9330, Train CLS Loss: 0.0000, Train MCLS Loss: 0.0000
Protein Cluster Region Loss - Ortho Loss: 0.0000, Cluster Loss: 0.0000
                              
Validation Results: {
    "ci": 0.7137,
    "classification_loss": 0.0,
    "cluster_loss": 0.0,
    "mae": 1.076,
    "mse": 2.1118,
    "multiclassification_loss": 0.0,
    "ortho_loss": 0.0,
    "pearson": 0.6149,
    "regression_loss": 2.1718,
    "rm2": 0.3498,
    "rmse": 1.4532,
    "sd": 1.4321,
    "spearman": 0.5908,
    "spectral_loss": 0.0
}
                              
Test Results: {
    "ci": 0.6582,
    "classification_loss": 0.0,
    "cluster_loss": 0.0,
    "mae": 1.1421,
    "mse": 2.2272,
    "multiclassification_loss": 0.0,
    "ortho_loss": 0.0,
    "pearson": 0.4965,
    "regression_loss": 2.2255,
    "rm2": 0.2353,
    "rmse": 1.4924,
    "sd": 1.4644,
    "spearman": 0.4466,
    "spectral_loss": 0.0
}
                              
                              
----------------------------------------
Epoch 018 with LR 0.000100: Model Results
----------------------------------------
Train MSE Loss: 0.9084, Train CLS Loss: 0.0000, Train MCLS Loss: 0.0000
Protein Cluster Region Loss - Ortho Loss: 0.0000, Cluster Loss: 0.0000
                              
Validation Results: {
    "ci": 0.7154,
    "classification_loss": 0.0,
    "cluster_loss": 0.0,
    "mae": 1.0985,
    "mse": 2.1607,
    "multiclassification_loss": 0.0,
    "ortho_loss": 0.0,
    "pearson": 0.6149,
    "regression_loss": 2.2445,
    "rm2": 0.329,
    "rmse": 1.4699,
    "sd": 1.4321,
    "spearman": 0.5963,
    "spectral_loss": 0.0
}
                              
Test Results: {
    "ci": 0.6582,
    "classification_loss": 0.0,
    "cluster_loss": 0.0,
    "mae": 1.1421,
    "mse": 2.2272,
    "multiclassification_loss": 0.0,
    "ortho_loss": 0.0,
    "pearson": 0.4965,
    "regression_loss": 2.2255,
    "rm2": 0.2353,
    "rmse": 1.4924,
    "sd": 1.4644,
    "spearman": 0.4466,
    "spectral_loss": 0.0
}
                              
                              
----------------------------------------
Epoch 019 with LR 0.000100: Model Results
----------------------------------------
Train MSE Loss: 0.8918, Train CLS Loss: 0.0000, Train MCLS Loss: 0.0000
Protein Cluster Region Loss - Ortho Loss: 0.0000, Cluster Loss: 0.0000
                              
Validation Results: {
    "ci": 0.7131,
    "classification_loss": 0.0,
    "cluster_loss": 0.0,
    "mae": 1.1098,
    "mse": 2.1603,
    "multiclassification_loss": 0.0,
    "ortho_loss": 0.0,
    "pearson": 0.6138,
    "regression_loss": 2.2388,
    "rm2": 0.3239,
    "rmse": 1.4698,
    "sd": 1.4337,
    "spearman": 0.5944,
    "spectral_loss": 0.0
}
                              
Test Results: {
    "ci": 0.6582,
    "classification_loss": 0.0,
    "cluster_loss": 0.0,
    "mae": 1.1421,
    "mse": 2.2272,
    "multiclassification_loss": 0.0,
    "ortho_loss": 0.0,
    "pearson": 0.4965,
    "regression_loss": 2.2255,
    "rm2": 0.2353,
    "rmse": 1.4924,
    "sd": 1.4644,
    "spearman": 0.4466,
    "spectral_loss": 0.0
}
                              
                              
----------------------------------------
Epoch 020 with LR 0.000100: Model Results
----------------------------------------
Train MSE Loss: 0.8671, Train CLS Loss: 0.0000, Train MCLS Loss: 0.0000
Protein Cluster Region Loss - Ortho Loss: 0.0000, Cluster Loss: 0.0000
                              
Validation Results: {
    "ci": 0.7164,
    "classification_loss": 0.0,
    "cluster_loss": 0.0,
    "mae": 1.0915,
    "mse": 2.1183,
    "multiclassification_loss": 0.0,
    "ortho_loss": 0.0,
    "pearson": 0.617,
    "regression_loss": 2.2047,
    "rm2": 0.3435,
    "rmse": 1.4554,
    "sd": 1.4292,
    "spearman": 0.6037,
    "spectral_loss": 0.0
}
                              
Test Results: {
    "ci": 0.6582,
    "classification_loss": 0.0,
    "cluster_loss": 0.0,
    "mae": 1.1421,
    "mse": 2.2272,
    "multiclassification_loss": 0.0,
    "ortho_loss": 0.0,
    "pearson": 0.4965,
    "regression_loss": 2.2255,
    "rm2": 0.2353,
    "rmse": 1.4924,
    "sd": 1.4644,
    "spearman": 0.4466,
    "spectral_loss": 0.0
}
                              
                              
----------------------------------------
Epoch 021 with LR 0.000100: Model Results
----------------------------------------
Train MSE Loss: 0.8394, Train CLS Loss: 0.0000, Train MCLS Loss: 0.0000
Protein Cluster Region Loss - Ortho Loss: 0.0000, Cluster Loss: 0.0000
                              
Validation Results: {
    "ci": 0.7135,
    "classification_loss": 0.0,
    "cluster_loss": 0.0,
    "mae": 1.0962,
    "mse": 2.1846,
    "multiclassification_loss": 0.0,
    "ortho_loss": 0.0,
    "pearson": 0.6086,
    "regression_loss": 2.2356,
    "rm2": 0.336,
    "rmse": 1.478,
    "sd": 1.441,
    "spearman": 0.5955,
    "spectral_loss": 0.0
}
                              
Test Results: {
    "ci": 0.6582,
    "classification_loss": 0.0,
    "cluster_loss": 0.0,
    "mae": 1.1421,
    "mse": 2.2272,
    "multiclassification_loss": 0.0,
    "ortho_loss": 0.0,
    "pearson": 0.4965,
    "regression_loss": 2.2255,
    "rm2": 0.2353,
    "rmse": 1.4924,
    "sd": 1.4644,
    "spearman": 0.4466,
    "spectral_loss": 0.0
}
                              
                              
----------------------------------------
Epoch 022 with LR 0.000100: Model Results
----------------------------------------
Train MSE Loss: 0.8382, Train CLS Loss: 0.0000, Train MCLS Loss: 0.0000
Protein Cluster Region Loss - Ortho Loss: 0.0000, Cluster Loss: 0.0000
                              
Validation Results: {
    "ci": 0.7059,
    "classification_loss": 0.0,
    "cluster_loss": 0.0,
    "mae": 1.1316,
    "mse": 2.2395,
    "multiclassification_loss": 0.0,
    "ortho_loss": 0.0,
    "pearson": 0.6034,
    "regression_loss": 2.3056,
    "rm2": 0.3215,
    "rmse": 1.4965,
    "sd": 1.4482,
    "spearman": 0.5774,
    "spectral_loss": 0.0
}
                              
Test Results: {
    "ci": 0.6582,
    "classification_loss": 0.0,
    "cluster_loss": 0.0,
    "mae": 1.1421,
    "mse": 2.2272,
    "multiclassification_loss": 0.0,
    "ortho_loss": 0.0,
    "pearson": 0.4965,
    "regression_loss": 2.2255,
    "rm2": 0.2353,
    "rmse": 1.4924,
    "sd": 1.4644,
    "spearman": 0.4466,
    "spectral_loss": 0.0
}
                              
                              
----------------------------------------
Epoch 023 with LR 0.000100: Model Results
----------------------------------------
Train MSE Loss: 0.8131, Train CLS Loss: 0.0000, Train MCLS Loss: 0.0000
Protein Cluster Region Loss - Ortho Loss: 0.0000, Cluster Loss: 0.0000
                              
Validation Results: {
    "ci": 0.7111,
    "classification_loss": 0.0,
    "cluster_loss": 0.0,
    "mae": 1.0962,
    "mse": 2.1561,
    "multiclassification_loss": 0.0,
    "ortho_loss": 0.0,
    "pearson": 0.6095,
    "regression_loss": 2.2352,
    "rm2": 0.323,
    "rmse": 1.4684,
    "sd": 1.4398,
    "spearman": 0.5871,
    "spectral_loss": 0.0
}
                              
Test Results: {
    "ci": 0.6582,
    "classification_loss": 0.0,
    "cluster_loss": 0.0,
    "mae": 1.1421,
    "mse": 2.2272,
    "multiclassification_loss": 0.0,
    "ortho_loss": 0.0,
    "pearson": 0.4965,
    "regression_loss": 2.2255,
    "rm2": 0.2353,
    "rmse": 1.4924,
    "sd": 1.4644,
    "spearman": 0.4466,
    "spectral_loss": 0.0
}
                              
                              
----------------------------------------
Epoch 024 with LR 0.000100: Model Results
----------------------------------------
Train MSE Loss: 0.8072, Train CLS Loss: 0.0000, Train MCLS Loss: 0.0000
Protein Cluster Region Loss - Ortho Loss: 0.0000, Cluster Loss: 0.0000
                              
Validation Results: {
    "ci": 0.711,
    "classification_loss": 0.0,
    "cluster_loss": 0.0,
    "mae": 1.095,
    "mse": 2.1426,
    "multiclassification_loss": 0.0,
    "ortho_loss": 0.0,
    "pearson": 0.6117,
    "regression_loss": 2.1902,
    "rm2": 0.334,
    "rmse": 1.4638,
    "sd": 1.4367,
    "spearman": 0.5878,
    "spectral_loss": 0.0
}
                              
Test Results: {
    "ci": 0.6582,
    "classification_loss": 0.0,
    "cluster_loss": 0.0,
    "mae": 1.1421,
    "mse": 2.2272,
    "multiclassification_loss": 0.0,
    "ortho_loss": 0.0,
    "pearson": 0.4965,
    "regression_loss": 2.2255,
    "rm2": 0.2353,
    "rmse": 1.4924,
    "sd": 1.4644,
    "spearman": 0.4466,
    "spectral_loss": 0.0
}
                              
                              
----------------------------------------
Epoch 025 with LR 0.000100: Model Results
----------------------------------------
Train MSE Loss: 0.7836, Train CLS Loss: 0.0000, Train MCLS Loss: 0.0000
Protein Cluster Region Loss - Ortho Loss: 0.0000, Cluster Loss: 0.0000
                              
Validation Results: {
    "ci": 0.7118,
    "classification_loss": 0.0,
    "cluster_loss": 0.0,
    "mae": 1.0841,
    "mse": 2.1255,
    "multiclassification_loss": 0.0,
    "ortho_loss": 0.0,
    "pearson": 0.6109,
    "regression_loss": 2.195,
    "rm2": 0.3507,
    "rmse": 1.4579,
    "sd": 1.4378,
    "spearman": 0.587,
    "spectral_loss": 0.0
}
                              
Test Results: {
    "ci": 0.6582,
    "classification_loss": 0.0,
    "cluster_loss": 0.0,
    "mae": 1.1421,
    "mse": 2.2272,
    "multiclassification_loss": 0.0,
    "ortho_loss": 0.0,
    "pearson": 0.4965,
    "regression_loss": 2.2255,
    "rm2": 0.2353,
    "rmse": 1.4924,
    "sd": 1.4644,
    "spearman": 0.4466,
    "spectral_loss": 0.0
}
                              
                              
----------------------------------------
Epoch 026 with LR 0.000100: Model Results
----------------------------------------
Train MSE Loss: 0.7745, Train CLS Loss: 0.0000, Train MCLS Loss: 0.0000
Protein Cluster Region Loss - Ortho Loss: 0.0000, Cluster Loss: 0.0000
                              
Validation Results: {
    "ci": 0.7096,
    "classification_loss": 0.0,
    "cluster_loss": 0.0,
    "mae": 1.0955,
    "mse": 2.1527,
    "multiclassification_loss": 0.0,
    "ortho_loss": 0.0,
    "pearson": 0.6088,
    "regression_loss": 2.213,
    "rm2": 0.3369,
    "rmse": 1.4672,
    "sd": 1.4407,
    "spearman": 0.5847,
    "spectral_loss": 0.0
}
                              
Test Results: {
    "ci": 0.6582,
    "classification_loss": 0.0,
    "cluster_loss": 0.0,
    "mae": 1.1421,
    "mse": 2.2272,
    "multiclassification_loss": 0.0,
    "ortho_loss": 0.0,
    "pearson": 0.4965,
    "regression_loss": 2.2255,
    "rm2": 0.2353,
    "rmse": 1.4924,
    "sd": 1.4644,
    "spearman": 0.4466,
    "spectral_loss": 0.0
}
                              
                              
----------------------------------------
Epoch 027 with LR 0.000100: Model Results
----------------------------------------
Train MSE Loss: 0.7537, Train CLS Loss: 0.0000, Train MCLS Loss: 0.0000
Protein Cluster Region Loss - Ortho Loss: 0.0000, Cluster Loss: 0.0000
                              
Validation Results: {
    "ci": 0.7061,
    "classification_loss": 0.0,
    "cluster_loss": 0.0,
    "mae": 1.1092,
    "mse": 2.2268,
    "multiclassification_loss": 0.0,
    "ortho_loss": 0.0,
    "pearson": 0.599,
    "regression_loss": 2.2647,
    "rm2": 0.3199,
    "rmse": 1.4922,
    "sd": 1.4542,
    "spearman": 0.575,
    "spectral_loss": 0.0
}
                              
Test Results: {
    "ci": 0.6582,
    "classification_loss": 0.0,
    "cluster_loss": 0.0,
    "mae": 1.1421,
    "mse": 2.2272,
    "multiclassification_loss": 0.0,
    "ortho_loss": 0.0,
    "pearson": 0.4965,
    "regression_loss": 2.2255,
    "rm2": 0.2353,
    "rmse": 1.4924,
    "sd": 1.4644,
    "spearman": 0.4466,
    "spectral_loss": 0.0
}
                              
                              
----------------------------------------
Epoch 028 with LR 0.000100: Model Results
----------------------------------------
Train MSE Loss: 0.7416, Train CLS Loss: 0.0000, Train MCLS Loss: 0.0000
Protein Cluster Region Loss - Ortho Loss: 0.0000, Cluster Loss: 0.0000
                              
Validation Results: {
    "ci": 0.7123,
    "classification_loss": 0.0,
    "cluster_loss": 0.0,
    "mae": 1.0922,
    "mse": 2.1578,
    "multiclassification_loss": 0.0,
    "ortho_loss": 0.0,
    "pearson": 0.6107,
    "regression_loss": 2.215,
    "rm2": 0.3684,
    "rmse": 1.469,
    "sd": 1.4381,
    "spearman": 0.5904,
    "spectral_loss": 0.0
}
                              
Test Results: {
    "ci": 0.6582,
    "classification_loss": 0.0,
    "cluster_loss": 0.0,
    "mae": 1.1421,
    "mse": 2.2272,
    "multiclassification_loss": 0.0,
    "ortho_loss": 0.0,
    "pearson": 0.4965,
    "regression_loss": 2.2255,
    "rm2": 0.2353,
    "rmse": 1.4924,
    "sd": 1.4644,
    "spearman": 0.4466,
    "spectral_loss": 0.0
}
                              
                              
----------------------------------------
Epoch 029 with LR 0.000100: Model Results
----------------------------------------
Train MSE Loss: 0.7355, Train CLS Loss: 0.0000, Train MCLS Loss: 0.0000
Protein Cluster Region Loss - Ortho Loss: 0.0000, Cluster Loss: 0.0000
                              
Validation Results: {
    "ci": 0.7177,
    "classification_loss": 0.0,
    "cluster_loss": 0.0,
    "mae": 1.1078,
    "mse": 2.1485,
    "multiclassification_loss": 0.0,
    "ortho_loss": 0.0,
    "pearson": 0.6203,
    "regression_loss": 2.2074,
    "rm2": 0.3259,
    "rmse": 1.4658,
    "sd": 1.4244,
    "spearman": 0.6068,
    "spectral_loss": 0.0
}
                              
Test Results: {
    "ci": 0.6582,
    "classification_loss": 0.0,
    "cluster_loss": 0.0,
    "mae": 1.1421,
    "mse": 2.2272,
    "multiclassification_loss": 0.0,
    "ortho_loss": 0.0,
    "pearson": 0.4965,
    "regression_loss": 2.2255,
    "rm2": 0.2353,
    "rmse": 1.4924,
    "sd": 1.4644,
    "spearman": 0.4466,
    "spectral_loss": 0.0
}
                              
                              
----------------------------------------
Epoch 030 with LR 0.000100: Model Results
----------------------------------------
Train MSE Loss: 0.7244, Train CLS Loss: 0.0000, Train MCLS Loss: 0.0000
Protein Cluster Region Loss - Ortho Loss: 0.0000, Cluster Loss: 0.0000
                              
Validation Results: {
    "ci": 0.7159,
    "classification_loss": 0.0,
    "cluster_loss": 0.0,
    "mae": 1.0914,
    "mse": 2.1066,
    "multiclassification_loss": 0.0,
    "ortho_loss": 0.0,
    "pearson": 0.6215,
    "regression_loss": 2.1753,
    "rm2": 0.3386,
    "rmse": 1.4514,
    "sd": 1.4227,
    "spearman": 0.6006,
    "spectral_loss": 0.0
}
                              
Test Results: {
    "ci": 0.663,
    "classification_loss": 0.0,
    "cluster_loss": 0.0,
    "mae": 1.1495,
    "mse": 2.2638,
    "multiclassification_loss": 0.0,
    "ortho_loss": 0.0,
    "pearson": 0.509,
    "regression_loss": 2.2584,
    "rm2": 0.2283,
    "rmse": 1.5046,
    "sd": 1.4521,
    "spearman": 0.4597,
    "spectral_loss": 0.0
}
                              
                              
----------------------------------------
Epoch 031 with LR 0.000100: Model Results
----------------------------------------
Train MSE Loss: 0.7161, Train CLS Loss: 0.0000, Train MCLS Loss: 0.0000
Protein Cluster Region Loss - Ortho Loss: 0.0000, Cluster Loss: 0.0000
                              
Validation Results: {
    "ci": 0.701,
    "classification_loss": 0.0,
    "cluster_loss": 0.0,
    "mae": 1.1221,
    "mse": 2.2149,
    "multiclassification_loss": 0.0,
    "ortho_loss": 0.0,
    "pearson": 0.5991,
    "regression_loss": 2.2665,
    "rm2": 0.3334,
    "rmse": 1.4883,
    "sd": 1.4541,
    "spearman": 0.564,
    "spectral_loss": 0.0
}
                              
Test Results: {
    "ci": 0.663,
    "classification_loss": 0.0,
    "cluster_loss": 0.0,
    "mae": 1.1495,
    "mse": 2.2638,
    "multiclassification_loss": 0.0,
    "ortho_loss": 0.0,
    "pearson": 0.509,
    "regression_loss": 2.2584,
    "rm2": 0.2283,
    "rmse": 1.5046,
    "sd": 1.4521,
    "spearman": 0.4597,
    "spectral_loss": 0.0
}
                              
                              
----------------------------------------
Epoch 032 with LR 0.000100: Model Results
----------------------------------------
Train MSE Loss: 0.6949, Train CLS Loss: 0.0000, Train MCLS Loss: 0.0000
Protein Cluster Region Loss - Ortho Loss: 0.0000, Cluster Loss: 0.0000
                              
Validation Results: {
    "ci": 0.7079,
    "classification_loss": 0.0,
    "cluster_loss": 0.0,
    "mae": 1.1032,
    "mse": 2.1668,
    "multiclassification_loss": 0.0,
    "ortho_loss": 0.0,
    "pearson": 0.6075,
    "regression_loss": 2.21,
    "rm2": 0.3277,
    "rmse": 1.472,
    "sd": 1.4425,
    "spearman": 0.5796,
    "spectral_loss": 0.0
}
                              
Test Results: {
    "ci": 0.663,
    "classification_loss": 0.0,
    "cluster_loss": 0.0,
    "mae": 1.1495,
    "mse": 2.2638,
    "multiclassification_loss": 0.0,
    "ortho_loss": 0.0,
    "pearson": 0.509,
    "regression_loss": 2.2584,
    "rm2": 0.2283,
    "rmse": 1.5046,
    "sd": 1.4521,
    "spearman": 0.4597,
    "spectral_loss": 0.0
}
                              
                              
----------------------------------------
Epoch 033 with LR 0.000100: Model Results
----------------------------------------
Train MSE Loss: 0.6866, Train CLS Loss: 0.0000, Train MCLS Loss: 0.0000
Protein Cluster Region Loss - Ortho Loss: 0.0000, Cluster Loss: 0.0000
                              
Validation Results: {
    "ci": 0.7122,
    "classification_loss": 0.0,
    "cluster_loss": 0.0,
    "mae": 1.102,
    "mse": 2.1794,
    "multiclassification_loss": 0.0,
    "ortho_loss": 0.0,
    "pearson": 0.6115,
    "regression_loss": 2.2495,
    "rm2": 0.3403,
    "rmse": 1.4763,
    "sd": 1.437,
    "spearman": 0.5898,
    "spectral_loss": 0.0
}
                              
Test Results: {
    "ci": 0.663,
    "classification_loss": 0.0,
    "cluster_loss": 0.0,
    "mae": 1.1495,
    "mse": 2.2638,
    "multiclassification_loss": 0.0,
    "ortho_loss": 0.0,
    "pearson": 0.509,
    "regression_loss": 2.2584,
    "rm2": 0.2283,
    "rmse": 1.5046,
    "sd": 1.4521,
    "spearman": 0.4597,
    "spectral_loss": 0.0
}
                              
                              
----------------------------------------
Epoch 034 with LR 0.000100: Model Results
----------------------------------------
Train MSE Loss: 0.6873, Train CLS Loss: 0.0000, Train MCLS Loss: 0.0000
Protein Cluster Region Loss - Ortho Loss: 0.0000, Cluster Loss: 0.0000
                              
Validation Results: {
    "ci": 0.7152,
    "classification_loss": 0.0,
    "cluster_loss": 0.0,
    "mae": 1.083,
    "mse": 2.1272,
    "multiclassification_loss": 0.0,
    "ortho_loss": 0.0,
    "pearson": 0.6144,
    "regression_loss": 2.2118,
    "rm2": 0.3388,
    "rmse": 1.4585,
    "sd": 1.4329,
    "spearman": 0.5983,
    "spectral_loss": 0.0
}
                              
Test Results: {
    "ci": 0.663,
    "classification_loss": 0.0,
    "cluster_loss": 0.0,
    "mae": 1.1495,
    "mse": 2.2638,
    "multiclassification_loss": 0.0,
    "ortho_loss": 0.0,
    "pearson": 0.509,
    "regression_loss": 2.2584,
    "rm2": 0.2283,
    "rmse": 1.5046,
    "sd": 1.4521,
    "spearman": 0.4597,
    "spectral_loss": 0.0
}
                              
                              
----------------------------------------
Epoch 035 with LR 0.000100: Model Results
----------------------------------------
Train MSE Loss: 0.6760, Train CLS Loss: 0.0000, Train MCLS Loss: 0.0000
Protein Cluster Region Loss - Ortho Loss: 0.0000, Cluster Loss: 0.0000
                              
Validation Results: {
    "ci": 0.7095,
    "classification_loss": 0.0,
    "cluster_loss": 0.0,
    "mae": 1.1071,
    "mse": 2.2245,
    "multiclassification_loss": 0.0,
    "ortho_loss": 0.0,
    "pearson": 0.6079,
    "regression_loss": 2.2753,
    "rm2": 0.3341,
    "rmse": 1.4915,
    "sd": 1.4419,
    "spearman": 0.5825,
    "spectral_loss": 0.0
}
                              
Test Results: {
    "ci": 0.663,
    "classification_loss": 0.0,
    "cluster_loss": 0.0,
    "mae": 1.1495,
    "mse": 2.2638,
    "multiclassification_loss": 0.0,
    "ortho_loss": 0.0,
    "pearson": 0.509,
    "regression_loss": 2.2584,
    "rm2": 0.2283,
    "rmse": 1.5046,
    "sd": 1.4521,
    "spearman": 0.4597,
    "spectral_loss": 0.0
}
                              
                              
----------------------------------------
Epoch 036 with LR 0.000100: Model Results
----------------------------------------
Train MSE Loss: 0.6564, Train CLS Loss: 0.0000, Train MCLS Loss: 0.0000
Protein Cluster Region Loss - Ortho Loss: 0.0000, Cluster Loss: 0.0000
                              
Validation Results: {
    "ci": 0.7156,
    "classification_loss": 0.0,
    "cluster_loss": 0.0,
    "mae": 1.0992,
    "mse": 2.2133,
    "multiclassification_loss": 0.0,
    "ortho_loss": 0.0,
    "pearson": 0.6152,
    "regression_loss": 2.3014,
    "rm2": 0.3343,
    "rmse": 1.4877,
    "sd": 1.4317,
    "spearman": 0.5956,
    "spectral_loss": 0.0
}
                              
Test Results: {
    "ci": 0.663,
    "classification_loss": 0.0,
    "cluster_loss": 0.0,
    "mae": 1.1495,
    "mse": 2.2638,
    "multiclassification_loss": 0.0,
    "ortho_loss": 0.0,
    "pearson": 0.509,
    "regression_loss": 2.2584,
    "rm2": 0.2283,
    "rmse": 1.5046,
    "sd": 1.4521,
    "spearman": 0.4597,
    "spectral_loss": 0.0
}
                              
                              
----------------------------------------
Epoch 037 with LR 0.000100: Model Results
----------------------------------------
Train MSE Loss: 0.6558, Train CLS Loss: 0.0000, Train MCLS Loss: 0.0000
Protein Cluster Region Loss - Ortho Loss: 0.0000, Cluster Loss: 0.0000
                              
Validation Results: {
    "ci": 0.7253,
    "classification_loss": 0.0,
    "cluster_loss": 0.0,
    "mae": 1.0681,
    "mse": 2.0802,
    "multiclassification_loss": 0.0,
    "ortho_loss": 0.0,
    "pearson": 0.6291,
    "regression_loss": 2.1863,
    "rm2": 0.3424,
    "rmse": 1.4423,
    "sd": 1.4117,
    "spearman": 0.6202,
    "spectral_loss": 0.0
}
                              
Test Results: {
    "ci": 0.6635,
    "classification_loss": 0.0,
    "cluster_loss": 0.0,
    "mae": 1.1616,
    "mse": 2.2945,
    "multiclassification_loss": 0.0,
    "ortho_loss": 0.0,
    "pearson": 0.505,
    "regression_loss": 2.292,
    "rm2": 0.2241,
    "rmse": 1.5148,
    "sd": 1.4561,
    "spearman": 0.4619,
    "spectral_loss": 0.0
}
                              
                              
----------------------------------------
Epoch 038 with LR 0.000100: Model Results
----------------------------------------
Train MSE Loss: 0.6500, Train CLS Loss: 0.0000, Train MCLS Loss: 0.0000
Protein Cluster Region Loss - Ortho Loss: 0.0000, Cluster Loss: 0.0000
                              
Validation Results: {
    "ci": 0.7172,
    "classification_loss": 0.0,
    "cluster_loss": 0.0,
    "mae": 1.095,
    "mse": 2.1735,
    "multiclassification_loss": 0.0,
    "ortho_loss": 0.0,
    "pearson": 0.6224,
    "regression_loss": 2.2437,
    "rm2": 0.3544,
    "rmse": 1.4743,
    "sd": 1.4214,
    "spearman": 0.6011,
    "spectral_loss": 0.0
}
                              
Test Results: {
    "ci": 0.6635,
    "classification_loss": 0.0,
    "cluster_loss": 0.0,
    "mae": 1.1616,
    "mse": 2.2945,
    "multiclassification_loss": 0.0,
    "ortho_loss": 0.0,
    "pearson": 0.505,
    "regression_loss": 2.292,
    "rm2": 0.2241,
    "rmse": 1.5148,
    "sd": 1.4561,
    "spearman": 0.4619,
    "spectral_loss": 0.0
}
                              
                              
----------------------------------------
Epoch 039 with LR 0.000100: Model Results
----------------------------------------
Train MSE Loss: 0.6348, Train CLS Loss: 0.0000, Train MCLS Loss: 0.0000
Protein Cluster Region Loss - Ortho Loss: 0.0000, Cluster Loss: 0.0000
                              
Validation Results: {
    "ci": 0.7149,
    "classification_loss": 0.0,
    "cluster_loss": 0.0,
    "mae": 1.1029,
    "mse": 2.203,
    "multiclassification_loss": 0.0,
    "ortho_loss": 0.0,
    "pearson": 0.6157,
    "regression_loss": 2.2376,
    "rm2": 0.3526,
    "rmse": 1.4842,
    "sd": 1.431,
    "spearman": 0.5949,
    "spectral_loss": 0.0
}
                              
Test Results: {
    "ci": 0.6635,
    "classification_loss": 0.0,
    "cluster_loss": 0.0,
    "mae": 1.1616,
    "mse": 2.2945,
    "multiclassification_loss": 0.0,
    "ortho_loss": 0.0,
    "pearson": 0.505,
    "regression_loss": 2.292,
    "rm2": 0.2241,
    "rmse": 1.5148,
    "sd": 1.4561,
    "spearman": 0.4619,
    "spectral_loss": 0.0
}
                              
                              
----------------------------------------
Epoch 040 with LR 0.000100: Model Results
----------------------------------------
Train MSE Loss: 0.6341, Train CLS Loss: 0.0000, Train MCLS Loss: 0.0000
Protein Cluster Region Loss - Ortho Loss: 0.0000, Cluster Loss: 0.0000
                              
Validation Results: {
    "ci": 0.7242,
    "classification_loss": 0.0,
    "cluster_loss": 0.0,
    "mae": 1.0708,
    "mse": 2.132,
    "multiclassification_loss": 0.0,
    "ortho_loss": 0.0,
    "pearson": 0.6271,
    "regression_loss": 2.1934,
    "rm2": 0.3844,
    "rmse": 1.4601,
    "sd": 1.4146,
    "spearman": 0.6182,
    "spectral_loss": 0.0
}
                              
Test Results: {
    "ci": 0.6635,
    "classification_loss": 0.0,
    "cluster_loss": 0.0,
    "mae": 1.1616,
    "mse": 2.2945,
    "multiclassification_loss": 0.0,
    "ortho_loss": 0.0,
    "pearson": 0.505,
    "regression_loss": 2.292,
    "rm2": 0.2241,
    "rmse": 1.5148,
    "sd": 1.4561,
    "spearman": 0.4619,
    "spectral_loss": 0.0
}
                              
                              
----------------------------------------
Epoch 041 with LR 0.000100: Model Results
----------------------------------------
Train MSE Loss: 0.6187, Train CLS Loss: 0.0000, Train MCLS Loss: 0.0000
Protein Cluster Region Loss - Ortho Loss: 0.0000, Cluster Loss: 0.0000
                              
Validation Results: {
    "ci": 0.7168,
    "classification_loss": 0.0,
    "cluster_loss": 0.0,
    "mae": 1.0762,
    "mse": 2.1301,
    "multiclassification_loss": 0.0,
    "ortho_loss": 0.0,
    "pearson": 0.6153,
    "regression_loss": 2.2209,
    "rm2": 0.3358,
    "rmse": 1.4595,
    "sd": 1.4317,
    "spearman": 0.5973,
    "spectral_loss": 0.0
}
                              
Test Results: {
    "ci": 0.6635,
    "classification_loss": 0.0,
    "cluster_loss": 0.0,
    "mae": 1.1616,
    "mse": 2.2945,
    "multiclassification_loss": 0.0,
    "ortho_loss": 0.0,
    "pearson": 0.505,
    "regression_loss": 2.292,
    "rm2": 0.2241,
    "rmse": 1.5148,
    "sd": 1.4561,
    "spearman": 0.4619,
    "spectral_loss": 0.0
}
                              
                              
----------------------------------------
Epoch 042 with LR 0.000100: Model Results
----------------------------------------
Train MSE Loss: 0.6233, Train CLS Loss: 0.0000, Train MCLS Loss: 0.0000
Protein Cluster Region Loss - Ortho Loss: 0.0000, Cluster Loss: 0.0000
                              
Validation Results: {
    "ci": 0.7137,
    "classification_loss": 0.0,
    "cluster_loss": 0.0,
    "mae": 1.0734,
    "mse": 2.0939,
    "multiclassification_loss": 0.0,
    "ortho_loss": 0.0,
    "pearson": 0.6194,
    "regression_loss": 2.1518,
    "rm2": 0.3597,
    "rmse": 1.447,
    "sd": 1.4258,
    "spearman": 0.5919,
    "spectral_loss": 0.0
}
                              
Test Results: {
    "ci": 0.6635,
    "classification_loss": 0.0,
    "cluster_loss": 0.0,
    "mae": 1.1616,
    "mse": 2.2945,
    "multiclassification_loss": 0.0,
    "ortho_loss": 0.0,
    "pearson": 0.505,
    "regression_loss": 2.292,
    "rm2": 0.2241,
    "rmse": 1.5148,
    "sd": 1.4561,
    "spearman": 0.4619,
    "spectral_loss": 0.0
}
                              
                              
----------------------------------------
Epoch 043 with LR 0.000100: Model Results
----------------------------------------
Train MSE Loss: 0.6093, Train CLS Loss: 0.0000, Train MCLS Loss: 0.0000
Protein Cluster Region Loss - Ortho Loss: 0.0000, Cluster Loss: 0.0000
                              
Validation Results: {
    "ci": 0.7258,
    "classification_loss": 0.0,
    "cluster_loss": 0.0,
    "mae": 1.0756,
    "mse": 2.0778,
    "multiclassification_loss": 0.0,
    "ortho_loss": 0.0,
    "pearson": 0.6404,
    "regression_loss": 2.1875,
    "rm2": 0.3434,
    "rmse": 1.4415,
    "sd": 1.3948,
    "spearman": 0.6232,
    "spectral_loss": 0.0
}
                              
Test Results: {
    "ci": 0.6675,
    "classification_loss": 0.0,
    "cluster_loss": 0.0,
    "mae": 1.1707,
    "mse": 2.3486,
    "multiclassification_loss": 0.0,
    "ortho_loss": 0.0,
    "pearson": 0.5152,
    "regression_loss": 2.3433,
    "rm2": 0.2252,
    "rmse": 1.5325,
    "sd": 1.4459,
    "spearman": 0.4724,
    "spectral_loss": 0.0
}
                              
                              
----------------------------------------
Epoch 044 with LR 0.000100: Model Results
----------------------------------------
Train MSE Loss: 0.6038, Train CLS Loss: 0.0000, Train MCLS Loss: 0.0000
Protein Cluster Region Loss - Ortho Loss: 0.0000, Cluster Loss: 0.0000
                              
Validation Results: {
    "ci": 0.7135,
    "classification_loss": 0.0,
    "cluster_loss": 0.0,
    "mae": 1.0727,
    "mse": 2.0795,
    "multiclassification_loss": 0.0,
    "ortho_loss": 0.0,
    "pearson": 0.6223,
    "regression_loss": 2.1129,
    "rm2": 0.3865,
    "rmse": 1.4421,
    "sd": 1.4216,
    "spearman": 0.5916,
    "spectral_loss": 0.0
}
                              
Test Results: {
    "ci": 0.6675,
    "classification_loss": 0.0,
    "cluster_loss": 0.0,
    "mae": 1.1707,
    "mse": 2.3486,
    "multiclassification_loss": 0.0,
    "ortho_loss": 0.0,
    "pearson": 0.5152,
    "regression_loss": 2.3433,
    "rm2": 0.2252,
    "rmse": 1.5325,
    "sd": 1.4459,
    "spearman": 0.4724,
    "spectral_loss": 0.0
}
                              
                              
----------------------------------------
Epoch 045 with LR 0.000100: Model Results
----------------------------------------
Train MSE Loss: 0.5927, Train CLS Loss: 0.0000, Train MCLS Loss: 0.0000
Protein Cluster Region Loss - Ortho Loss: 0.0000, Cluster Loss: 0.0000
                              
Validation Results: {
    "ci": 0.7113,
    "classification_loss": 0.0,
    "cluster_loss": 0.0,
    "mae": 1.0998,
    "mse": 2.1912,
    "multiclassification_loss": 0.0,
    "ortho_loss": 0.0,
    "pearson": 0.6134,
    "regression_loss": 2.2234,
    "rm2": 0.3455,
    "rmse": 1.4803,
    "sd": 1.4343,
    "spearman": 0.5862,
    "spectral_loss": 0.0
}
                              
Test Results: {
    "ci": 0.6675,
    "classification_loss": 0.0,
    "cluster_loss": 0.0,
    "mae": 1.1707,
    "mse": 2.3486,
    "multiclassification_loss": 0.0,
    "ortho_loss": 0.0,
    "pearson": 0.5152,
    "regression_loss": 2.3433,
    "rm2": 0.2252,
    "rmse": 1.5325,
    "sd": 1.4459,
    "spearman": 0.4724,
    "spectral_loss": 0.0
}
                              
                              
----------------------------------------
Epoch 046 with LR 0.000100: Model Results
----------------------------------------
Train MSE Loss: 0.5860, Train CLS Loss: 0.0000, Train MCLS Loss: 0.0000
Protein Cluster Region Loss - Ortho Loss: 0.0000, Cluster Loss: 0.0000
                              
Validation Results: {
    "ci": 0.7167,
    "classification_loss": 0.0,
    "cluster_loss": 0.0,
    "mae": 1.076,
    "mse": 2.0756,
    "multiclassification_loss": 0.0,
    "ortho_loss": 0.0,
    "pearson": 0.6228,
    "regression_loss": 2.1253,
    "rm2": 0.3612,
    "rmse": 1.4407,
    "sd": 1.4209,
    "spearman": 0.6033,
    "spectral_loss": 0.0
}
                              
Test Results: {
    "ci": 0.6655,
    "classification_loss": 0.0,
    "cluster_loss": 0.0,
    "mae": 1.1494,
    "mse": 2.294,
    "multiclassification_loss": 0.0,
    "ortho_loss": 0.0,
    "pearson": 0.511,
    "regression_loss": 2.2888,
    "rm2": 0.2408,
    "rmse": 1.5146,
    "sd": 1.4501,
    "spearman": 0.467,
    "spectral_loss": 0.0
}
                              
                              
----------------------------------------
Epoch 047 with LR 0.000100: Model Results
----------------------------------------
Train MSE Loss: 0.5711, Train CLS Loss: 0.0000, Train MCLS Loss: 0.0000
Protein Cluster Region Loss - Ortho Loss: 0.0000, Cluster Loss: 0.0000
                              
Validation Results: {
    "ci": 0.7144,
    "classification_loss": 0.0,
    "cluster_loss": 0.0,
    "mae": 1.0829,
    "mse": 2.1615,
    "multiclassification_loss": 0.0,
    "ortho_loss": 0.0,
    "pearson": 0.6175,
    "regression_loss": 2.2124,
    "rm2": 0.3571,
    "rmse": 1.4702,
    "sd": 1.4284,
    "spearman": 0.593,
    "spectral_loss": 0.0
}
                              
Test Results: {
    "ci": 0.6655,
    "classification_loss": 0.0,
    "cluster_loss": 0.0,
    "mae": 1.1494,
    "mse": 2.294,
    "multiclassification_loss": 0.0,
    "ortho_loss": 0.0,
    "pearson": 0.511,
    "regression_loss": 2.2888,
    "rm2": 0.2408,
    "rmse": 1.5146,
    "sd": 1.4501,
    "spearman": 0.467,
    "spectral_loss": 0.0
}
                              
                              
----------------------------------------
Epoch 048 with LR 0.000100: Model Results
----------------------------------------
Train MSE Loss: 0.5753, Train CLS Loss: 0.0000, Train MCLS Loss: 0.0000
Protein Cluster Region Loss - Ortho Loss: 0.0000, Cluster Loss: 0.0000
                              
Validation Results: {
    "ci": 0.7184,
    "classification_loss": 0.0,
    "cluster_loss": 0.0,
    "mae": 1.0895,
    "mse": 2.1333,
    "multiclassification_loss": 0.0,
    "ortho_loss": 0.0,
    "pearson": 0.6228,
    "regression_loss": 2.2229,
    "rm2": 0.3385,
    "rmse": 1.4606,
    "sd": 1.4208,
    "spearman": 0.6064,
    "spectral_loss": 0.0
}
                              
Test Results: {
    "ci": 0.6655,
    "classification_loss": 0.0,
    "cluster_loss": 0.0,
    "mae": 1.1494,
    "mse": 2.294,
    "multiclassification_loss": 0.0,
    "ortho_loss": 0.0,
    "pearson": 0.511,
    "regression_loss": 2.2888,
    "rm2": 0.2408,
    "rmse": 1.5146,
    "sd": 1.4501,
    "spearman": 0.467,
    "spectral_loss": 0.0
}
                              
                              
----------------------------------------
Epoch 049 with LR 0.000100: Model Results
----------------------------------------
Train MSE Loss: 0.5615, Train CLS Loss: 0.0000, Train MCLS Loss: 0.0000
Protein Cluster Region Loss - Ortho Loss: 0.0000, Cluster Loss: 0.0000
                              
Validation Results: {
    "ci": 0.7111,
    "classification_loss": 0.0,
    "cluster_loss": 0.0,
    "mae": 1.0907,
    "mse": 2.1407,
    "multiclassification_loss": 0.0,
    "ortho_loss": 0.0,
    "pearson": 0.6124,
    "regression_loss": 2.2054,
    "rm2": 0.3463,
    "rmse": 1.4631,
    "sd": 1.4356,
    "spearman": 0.5861,
    "spectral_loss": 0.0
}
                              
Test Results: {
    "ci": 0.6655,
    "classification_loss": 0.0,
    "cluster_loss": 0.0,
    "mae": 1.1494,
    "mse": 2.294,
    "multiclassification_loss": 0.0,
    "ortho_loss": 0.0,
    "pearson": 0.511,
    "regression_loss": 2.2888,
    "rm2": 0.2408,
    "rmse": 1.5146,
    "sd": 1.4501,
    "spearman": 0.467,
    "spectral_loss": 0.0
}
                              
                              
----------------------------------------
Epoch 050 with LR 0.000100: Model Results
----------------------------------------
Train MSE Loss: 0.5645, Train CLS Loss: 0.0000, Train MCLS Loss: 0.0000
Protein Cluster Region Loss - Ortho Loss: 0.0000, Cluster Loss: 0.0000
                              
Validation Results: {
    "ci": 0.7225,
    "classification_loss": 0.0,
    "cluster_loss": 0.0,
    "mae": 1.0684,
    "mse": 2.0891,
    "multiclassification_loss": 0.0,
    "ortho_loss": 0.0,
    "pearson": 0.6293,
    "regression_loss": 2.1868,
    "rm2": 0.3497,
    "rmse": 1.4454,
    "sd": 1.4114,
    "spearman": 0.6136,
    "spectral_loss": 0.0
}
                              
Test Results: {
    "ci": 0.6655,
    "classification_loss": 0.0,
    "cluster_loss": 0.0,
    "mae": 1.1494,
    "mse": 2.294,
    "multiclassification_loss": 0.0,
    "ortho_loss": 0.0,
    "pearson": 0.511,
    "regression_loss": 2.2888,
    "rm2": 0.2408,
    "rmse": 1.5146,
    "sd": 1.4501,
    "spearman": 0.467,
    "spectral_loss": 0.0
}
                              
                              
----------------------------------------
Epoch 051 with LR 0.000100: Model Results
----------------------------------------
Train MSE Loss: 0.5532, Train CLS Loss: 0.0000, Train MCLS Loss: 0.0000
Protein Cluster Region Loss - Ortho Loss: 0.0000, Cluster Loss: 0.0000
                              
Validation Results: {
    "ci": 0.7159,
    "classification_loss": 0.0,
    "cluster_loss": 0.0,
    "mae": 1.0619,
    "mse": 2.1604,
    "multiclassification_loss": 0.0,
    "ortho_loss": 0.0,
    "pearson": 0.6173,
    "regression_loss": 2.2259,
    "rm2": 0.3404,
    "rmse": 1.4698,
    "sd": 1.4287,
    "spearman": 0.5929,
    "spectral_loss": 0.0
}
                              
Test Results: {
    "ci": 0.6655,
    "classification_loss": 0.0,
    "cluster_loss": 0.0,
    "mae": 1.1494,
    "mse": 2.294,
    "multiclassification_loss": 0.0,
    "ortho_loss": 0.0,
    "pearson": 0.511,
    "regression_loss": 2.2888,
    "rm2": 0.2408,
    "rmse": 1.5146,
    "sd": 1.4501,
    "spearman": 0.467,
    "spectral_loss": 0.0
}
                              
                              
----------------------------------------
Epoch 052 with LR 0.000100: Model Results
----------------------------------------
Train MSE Loss: 0.5459, Train CLS Loss: 0.0000, Train MCLS Loss: 0.0000
Protein Cluster Region Loss - Ortho Loss: 0.0000, Cluster Loss: 0.0000
                              
Validation Results: {
    "ci": 0.7183,
    "classification_loss": 0.0,
    "cluster_loss": 0.0,
    "mae": 1.0636,
    "mse": 2.0668,
    "multiclassification_loss": 0.0,
    "ortho_loss": 0.0,
    "pearson": 0.6267,
    "regression_loss": 2.1077,
    "rm2": 0.3601,
    "rmse": 1.4376,
    "sd": 1.4152,
    "spearman": 0.6023,
    "spectral_loss": 0.0
}
                              
Test Results: {
    "ci": 0.6692,
    "classification_loss": 0.0,
    "cluster_loss": 0.0,
    "mae": 1.1385,
    "mse": 2.2473,
    "multiclassification_loss": 0.0,
    "ortho_loss": 0.0,
    "pearson": 0.5156,
    "regression_loss": 2.242,
    "rm2": 0.2418,
    "rmse": 1.4991,
    "sd": 1.4455,
    "spearman": 0.4768,
    "spectral_loss": 0.0
}
                              
                              
----------------------------------------
Epoch 053 with LR 0.000100: Model Results
----------------------------------------
Train MSE Loss: 0.5445, Train CLS Loss: 0.0000, Train MCLS Loss: 0.0000
Protein Cluster Region Loss - Ortho Loss: 0.0000, Cluster Loss: 0.0000
                              
Validation Results: {
    "ci": 0.7124,
    "classification_loss": 0.0,
    "cluster_loss": 0.0,
    "mae": 1.0936,
    "mse": 2.1968,
    "multiclassification_loss": 0.0,
    "ortho_loss": 0.0,
    "pearson": 0.6113,
    "regression_loss": 2.2917,
    "rm2": 0.3333,
    "rmse": 1.4822,
    "sd": 1.4372,
    "spearman": 0.5868,
    "spectral_loss": 0.0
}
                              
Test Results: {
    "ci": 0.6692,
    "classification_loss": 0.0,
    "cluster_loss": 0.0,
    "mae": 1.1385,
    "mse": 2.2473,
    "multiclassification_loss": 0.0,
    "ortho_loss": 0.0,
    "pearson": 0.5156,
    "regression_loss": 2.242,
    "rm2": 0.2418,
    "rmse": 1.4991,
    "sd": 1.4455,
    "spearman": 0.4768,
    "spectral_loss": 0.0
}
                              
                              
----------------------------------------
Epoch 054 with LR 0.000100: Model Results
----------------------------------------
Train MSE Loss: 0.5288, Train CLS Loss: 0.0000, Train MCLS Loss: 0.0000
Protein Cluster Region Loss - Ortho Loss: 0.0000, Cluster Loss: 0.0000
                              
Validation Results: {
    "ci": 0.721,
    "classification_loss": 0.0,
    "cluster_loss": 0.0,
    "mae": 1.076,
    "mse": 2.1115,
    "multiclassification_loss": 0.0,
    "ortho_loss": 0.0,
    "pearson": 0.6272,
    "regression_loss": 2.1709,
    "rm2": 0.3635,
    "rmse": 1.4531,
    "sd": 1.4144,
    "spearman": 0.6077,
    "spectral_loss": 0.0
}
                              
Test Results: {
    "ci": 0.6692,
    "classification_loss": 0.0,
    "cluster_loss": 0.0,
    "mae": 1.1385,
    "mse": 2.2473,
    "multiclassification_loss": 0.0,
    "ortho_loss": 0.0,
    "pearson": 0.5156,
    "regression_loss": 2.242,
    "rm2": 0.2418,
    "rmse": 1.4991,
    "sd": 1.4455,
    "spearman": 0.4768,
    "spectral_loss": 0.0
}
                              
                              
----------------------------------------
Epoch 055 with LR 0.000100: Model Results
----------------------------------------
Train MSE Loss: 0.5264, Train CLS Loss: 0.0000, Train MCLS Loss: 0.0000
Protein Cluster Region Loss - Ortho Loss: 0.0000, Cluster Loss: 0.0000
                              
Validation Results: {
    "ci": 0.7058,
    "classification_loss": 0.0,
    "cluster_loss": 0.0,
    "mae": 1.1225,
    "mse": 2.2696,
    "multiclassification_loss": 0.0,
    "ortho_loss": 0.0,
    "pearson": 0.5991,
    "regression_loss": 2.3238,
    "rm2": 0.3375,
    "rmse": 1.5065,
    "sd": 1.4541,
    "spearman": 0.5698,
    "spectral_loss": 0.0
}
                              
Test Results: {
    "ci": 0.6692,
    "classification_loss": 0.0,
    "cluster_loss": 0.0,
    "mae": 1.1385,
    "mse": 2.2473,
    "multiclassification_loss": 0.0,
    "ortho_loss": 0.0,
    "pearson": 0.5156,
    "regression_loss": 2.242,
    "rm2": 0.2418,
    "rmse": 1.4991,
    "sd": 1.4455,
    "spearman": 0.4768,
    "spectral_loss": 0.0
}
                              
                              
----------------------------------------
Epoch 056 with LR 0.000100: Model Results
----------------------------------------
Train MSE Loss: 0.5323, Train CLS Loss: 0.0000, Train MCLS Loss: 0.0000
Protein Cluster Region Loss - Ortho Loss: 0.0000, Cluster Loss: 0.0000
                              
Validation Results: {
    "ci": 0.7231,
    "classification_loss": 0.0,
    "cluster_loss": 0.0,
    "mae": 1.0761,
    "mse": 2.0651,
    "multiclassification_loss": 0.0,
    "ortho_loss": 0.0,
    "pearson": 0.6344,
    "regression_loss": 2.1045,
    "rm2": 0.3807,
    "rmse": 1.437,
    "sd": 1.4039,
    "spearman": 0.6187,
    "spectral_loss": 0.0
}
                              
Test Results: {
    "ci": 0.6704,
    "classification_loss": 0.0,
    "cluster_loss": 0.0,
    "mae": 1.1554,
    "mse": 2.3347,
    "multiclassification_loss": 0.0,
    "ortho_loss": 0.0,
    "pearson": 0.5188,
    "regression_loss": 2.33,
    "rm2": 0.2504,
    "rmse": 1.528,
    "sd": 1.4422,
    "spearman": 0.4813,
    "spectral_loss": 0.0
}
                              
                              
----------------------------------------
Epoch 057 with LR 0.000100: Model Results
----------------------------------------
Train MSE Loss: 0.5359, Train CLS Loss: 0.0000, Train MCLS Loss: 0.0000
Protein Cluster Region Loss - Ortho Loss: 0.0000, Cluster Loss: 0.0000
                              
Validation Results: {
    "ci": 0.715,
    "classification_loss": 0.0,
    "cluster_loss": 0.0,
    "mae": 1.0812,
    "mse": 2.0857,
    "multiclassification_loss": 0.0,
    "ortho_loss": 0.0,
    "pearson": 0.6251,
    "regression_loss": 2.1253,
    "rm2": 0.3625,
    "rmse": 1.4442,
    "sd": 1.4175,
    "spearman": 0.5963,
    "spectral_loss": 0.0
}
                              
Test Results: {
    "ci": 0.6704,
    "classification_loss": 0.0,
    "cluster_loss": 0.0,
    "mae": 1.1554,
    "mse": 2.3347,
    "multiclassification_loss": 0.0,
    "ortho_loss": 0.0,
    "pearson": 0.5188,
    "regression_loss": 2.33,
    "rm2": 0.2504,
    "rmse": 1.528,
    "sd": 1.4422,
    "spearman": 0.4813,
    "spectral_loss": 0.0
}
                              
                              
----------------------------------------
Epoch 058 with LR 0.000100: Model Results
----------------------------------------
Train MSE Loss: 0.5188, Train CLS Loss: 0.0000, Train MCLS Loss: 0.0000
Protein Cluster Region Loss - Ortho Loss: 0.0000, Cluster Loss: 0.0000
                              
Validation Results: {
    "ci": 0.7103,
    "classification_loss": 0.0,
    "cluster_loss": 0.0,
    "mae": 1.0979,
    "mse": 2.1612,
    "multiclassification_loss": 0.0,
    "ortho_loss": 0.0,
    "pearson": 0.6143,
    "regression_loss": 2.2351,
    "rm2": 0.3411,
    "rmse": 1.4701,
    "sd": 1.433,
    "spearman": 0.5822,
    "spectral_loss": 0.0
}
                              
Test Results: {
    "ci": 0.6704,
    "classification_loss": 0.0,
    "cluster_loss": 0.0,
    "mae": 1.1554,
    "mse": 2.3347,
    "multiclassification_loss": 0.0,
    "ortho_loss": 0.0,
    "pearson": 0.5188,
    "regression_loss": 2.33,
    "rm2": 0.2504,
    "rmse": 1.528,
    "sd": 1.4422,
    "spearman": 0.4813,
    "spectral_loss": 0.0
}
                              
                              
----------------------------------------
Epoch 059 with LR 0.000100: Model Results
----------------------------------------
Train MSE Loss: 0.5027, Train CLS Loss: 0.0000, Train MCLS Loss: 0.0000
Protein Cluster Region Loss - Ortho Loss: 0.0000, Cluster Loss: 0.0000
                              
Validation Results: {
    "ci": 0.7231,
    "classification_loss": 0.0,
    "cluster_loss": 0.0,
    "mae": 1.0666,
    "mse": 2.0578,
    "multiclassification_loss": 0.0,
    "ortho_loss": 0.0,
    "pearson": 0.6402,
    "regression_loss": 2.1066,
    "rm2": 0.3671,
    "rmse": 1.4345,
    "sd": 1.3951,
    "spearman": 0.6123,
    "spectral_loss": 0.0
}
                              
Test Results: {
    "ci": 0.6695,
    "classification_loss": 0.0,
    "cluster_loss": 0.0,
    "mae": 1.1549,
    "mse": 2.3143,
    "multiclassification_loss": 0.0,
    "ortho_loss": 0.0,
    "pearson": 0.5207,
    "regression_loss": 2.3132,
    "rm2": 0.2428,
    "rmse": 1.5213,
    "sd": 1.4402,
    "spearman": 0.4772,
    "spectral_loss": 0.0
}
                              
                              
----------------------------------------
Epoch 060 with LR 0.000100: Model Results
----------------------------------------
Train MSE Loss: 0.5028, Train CLS Loss: 0.0000, Train MCLS Loss: 0.0000
Protein Cluster Region Loss - Ortho Loss: 0.0000, Cluster Loss: 0.0000
                              
Validation Results: {
    "ci": 0.7188,
    "classification_loss": 0.0,
    "cluster_loss": 0.0,
    "mae": 1.0973,
    "mse": 2.1296,
    "multiclassification_loss": 0.0,
    "ortho_loss": 0.0,
    "pearson": 0.6362,
    "regression_loss": 2.1719,
    "rm2": 0.3912,
    "rmse": 1.4593,
    "sd": 1.4012,
    "spearman": 0.604,
    "spectral_loss": 0.0
}
                              
Test Results: {
    "ci": 0.6695,
    "classification_loss": 0.0,
    "cluster_loss": 0.0,
    "mae": 1.1549,
    "mse": 2.3143,
    "multiclassification_loss": 0.0,
    "ortho_loss": 0.0,
    "pearson": 0.5207,
    "regression_loss": 2.3132,
    "rm2": 0.2428,
    "rmse": 1.5213,
    "sd": 1.4402,
    "spearman": 0.4772,
    "spectral_loss": 0.0
}
                              
                              
----------------------------------------
Epoch 061 with LR 0.000100: Model Results
----------------------------------------
Train MSE Loss: 0.4961, Train CLS Loss: 0.0000, Train MCLS Loss: 0.0000
Protein Cluster Region Loss - Ortho Loss: 0.0000, Cluster Loss: 0.0000
                              
Validation Results: {
    "ci": 0.7221,
    "classification_loss": 0.0,
    "cluster_loss": 0.0,
    "mae": 1.0484,
    "mse": 1.983,
    "multiclassification_loss": 0.0,
    "ortho_loss": 0.0,
    "pearson": 0.6409,
    "regression_loss": 2.0312,
    "rm2": 0.3826,
    "rmse": 1.4082,
    "sd": 1.394,
    "spearman": 0.6104,
    "spectral_loss": 0.0
}
                              
Test Results: {
    "ci": 0.6645,
    "classification_loss": 0.0,
    "cluster_loss": 0.0,
    "mae": 1.1421,
    "mse": 2.2713,
    "multiclassification_loss": 0.0,
    "ortho_loss": 0.0,
    "pearson": 0.5067,
    "regression_loss": 2.2657,
    "rm2": 0.2371,
    "rmse": 1.5071,
    "sd": 1.4544,
    "spearman": 0.4652,
    "spectral_loss": 0.0
}
                              
                              
----------------------------------------
Epoch 062 with LR 0.000100: Model Results
----------------------------------------
Train MSE Loss: 0.4853, Train CLS Loss: 0.0000, Train MCLS Loss: 0.0000
Protein Cluster Region Loss - Ortho Loss: 0.0000, Cluster Loss: 0.0000
                              
Validation Results: {
    "ci": 0.7221,
    "classification_loss": 0.0,
    "cluster_loss": 0.0,
    "mae": 1.0838,
    "mse": 2.157,
    "multiclassification_loss": 0.0,
    "ortho_loss": 0.0,
    "pearson": 0.6299,
    "regression_loss": 2.218,
    "rm2": 0.3725,
    "rmse": 1.4687,
    "sd": 1.4105,
    "spearman": 0.6111,
    "spectral_loss": 0.0
}
                              
Test Results: {
    "ci": 0.6645,
    "classification_loss": 0.0,
    "cluster_loss": 0.0,
    "mae": 1.1421,
    "mse": 2.2713,
    "multiclassification_loss": 0.0,
    "ortho_loss": 0.0,
    "pearson": 0.5067,
    "regression_loss": 2.2657,
    "rm2": 0.2371,
    "rmse": 1.5071,
    "sd": 1.4544,
    "spearman": 0.4652,
    "spectral_loss": 0.0
}
                              
                              
----------------------------------------
Epoch 063 with LR 0.000100: Model Results
----------------------------------------
Train MSE Loss: 0.4893, Train CLS Loss: 0.0000, Train MCLS Loss: 0.0000
Protein Cluster Region Loss - Ortho Loss: 0.0000, Cluster Loss: 0.0000
                              
Validation Results: {
    "ci": 0.7064,
    "classification_loss": 0.0,
    "cluster_loss": 0.0,
    "mae": 1.1225,
    "mse": 2.325,
    "multiclassification_loss": 0.0,
    "ortho_loss": 0.0,
    "pearson": 0.5984,
    "regression_loss": 2.3987,
    "rm2": 0.3114,
    "rmse": 1.5248,
    "sd": 1.455,
    "spearman": 0.5726,
    "spectral_loss": 0.0
}
                              
Test Results: {
    "ci": 0.6645,
    "classification_loss": 0.0,
    "cluster_loss": 0.0,
    "mae": 1.1421,
    "mse": 2.2713,
    "multiclassification_loss": 0.0,
    "ortho_loss": 0.0,
    "pearson": 0.5067,
    "regression_loss": 2.2657,
    "rm2": 0.2371,
    "rmse": 1.5071,
    "sd": 1.4544,
    "spearman": 0.4652,
    "spectral_loss": 0.0
}
                              
                              
----------------------------------------
Epoch 064 with LR 0.000100: Model Results
----------------------------------------
Train MSE Loss: 0.4939, Train CLS Loss: 0.0000, Train MCLS Loss: 0.0000
Protein Cluster Region Loss - Ortho Loss: 0.0000, Cluster Loss: 0.0000
                              
Validation Results: {
    "ci": 0.7212,
    "classification_loss": 0.0,
    "cluster_loss": 0.0,
    "mae": 1.0802,
    "mse": 2.0999,
    "multiclassification_loss": 0.0,
    "ortho_loss": 0.0,
    "pearson": 0.6331,
    "regression_loss": 2.1758,
    "rm2": 0.368,
    "rmse": 1.4491,
    "sd": 1.4057,
    "spearman": 0.6111,
    "spectral_loss": 0.0
}
                              
Test Results: {
    "ci": 0.6645,
    "classification_loss": 0.0,
    "cluster_loss": 0.0,
    "mae": 1.1421,
    "mse": 2.2713,
    "multiclassification_loss": 0.0,
    "ortho_loss": 0.0,
    "pearson": 0.5067,
    "regression_loss": 2.2657,
    "rm2": 0.2371,
    "rmse": 1.5071,
    "sd": 1.4544,
    "spearman": 0.4652,
    "spectral_loss": 0.0
}
                              
                              
----------------------------------------
Epoch 065 with LR 0.000100: Model Results
----------------------------------------
Train MSE Loss: 0.4773, Train CLS Loss: 0.0000, Train MCLS Loss: 0.0000
Protein Cluster Region Loss - Ortho Loss: 0.0000, Cluster Loss: 0.0000
                              
Validation Results: {
    "ci": 0.7225,
    "classification_loss": 0.0,
    "cluster_loss": 0.0,
    "mae": 1.0533,
    "mse": 1.987,
    "multiclassification_loss": 0.0,
    "ortho_loss": 0.0,
    "pearson": 0.6409,
    "regression_loss": 2.0277,
    "rm2": 0.38,
    "rmse": 1.4096,
    "sd": 1.3941,
    "spearman": 0.6125,
    "spectral_loss": 0.0
}
                              
Test Results: {
    "ci": 0.6645,
    "classification_loss": 0.0,
    "cluster_loss": 0.0,
    "mae": 1.1421,
    "mse": 2.2713,
    "multiclassification_loss": 0.0,
    "ortho_loss": 0.0,
    "pearson": 0.5067,
    "regression_loss": 2.2657,
    "rm2": 0.2371,
    "rmse": 1.5071,
    "sd": 1.4544,
    "spearman": 0.4652,
    "spectral_loss": 0.0
}
                              
                              
----------------------------------------
Epoch 066 with LR 0.000100: Model Results
----------------------------------------
Train MSE Loss: 0.4708, Train CLS Loss: 0.0000, Train MCLS Loss: 0.0000
Protein Cluster Region Loss - Ortho Loss: 0.0000, Cluster Loss: 0.0000
                              
Validation Results: {
    "ci": 0.7172,
    "classification_loss": 0.0,
    "cluster_loss": 0.0,
    "mae": 1.0948,
    "mse": 2.1623,
    "multiclassification_loss": 0.0,
    "ortho_loss": 0.0,
    "pearson": 0.6247,
    "regression_loss": 2.2066,
    "rm2": 0.371,
    "rmse": 1.4705,
    "sd": 1.4181,
    "spearman": 0.6014,
    "spectral_loss": 0.0
}
                              
Test Results: {
    "ci": 0.6645,
    "classification_loss": 0.0,
    "cluster_loss": 0.0,
    "mae": 1.1421,
    "mse": 2.2713,
    "multiclassification_loss": 0.0,
    "ortho_loss": 0.0,
    "pearson": 0.5067,
    "regression_loss": 2.2657,
    "rm2": 0.2371,
    "rmse": 1.5071,
    "sd": 1.4544,
    "spearman": 0.4652,
    "spectral_loss": 0.0
}
                              
                              
----------------------------------------
Epoch 067 with LR 0.000100: Model Results
----------------------------------------
Train MSE Loss: 0.4820, Train CLS Loss: 0.0000, Train MCLS Loss: 0.0000
Protein Cluster Region Loss - Ortho Loss: 0.0000, Cluster Loss: 0.0000
                              
Validation Results: {
    "ci": 0.7188,
    "classification_loss": 0.0,
    "cluster_loss": 0.0,
    "mae": 1.0719,
    "mse": 2.0699,
    "multiclassification_loss": 0.0,
    "ortho_loss": 0.0,
    "pearson": 0.6323,
    "regression_loss": 2.1048,
    "rm2": 0.3807,
    "rmse": 1.4387,
    "sd": 1.4069,
    "spearman": 0.6042,
    "spectral_loss": 0.0
}
                              
Test Results: {
    "ci": 0.6645,
    "classification_loss": 0.0,
    "cluster_loss": 0.0,
    "mae": 1.1421,
    "mse": 2.2713,
    "multiclassification_loss": 0.0,
    "ortho_loss": 0.0,
    "pearson": 0.5067,
    "regression_loss": 2.2657,
    "rm2": 0.2371,
    "rmse": 1.5071,
    "sd": 1.4544,
    "spearman": 0.4652,
    "spectral_loss": 0.0
}
                              
                              
----------------------------------------
Epoch 068 with LR 0.000100: Model Results
----------------------------------------
Train MSE Loss: 0.4659, Train CLS Loss: 0.0000, Train MCLS Loss: 0.0000
Protein Cluster Region Loss - Ortho Loss: 0.0000, Cluster Loss: 0.0000
                              
Validation Results: {
    "ci": 0.7221,
    "classification_loss": 0.0,
    "cluster_loss": 0.0,
    "mae": 1.0648,
    "mse": 2.0374,
    "multiclassification_loss": 0.0,
    "ortho_loss": 0.0,
    "pearson": 0.6362,
    "regression_loss": 2.1231,
    "rm2": 0.3774,
    "rmse": 1.4274,
    "sd": 1.4011,
    "spearman": 0.614,
    "spectral_loss": 0.0
}
                              
Test Results: {
    "ci": 0.6645,
    "classification_loss": 0.0,
    "cluster_loss": 0.0,
    "mae": 1.1421,
    "mse": 2.2713,
    "multiclassification_loss": 0.0,
    "ortho_loss": 0.0,
    "pearson": 0.5067,
    "regression_loss": 2.2657,
    "rm2": 0.2371,
    "rmse": 1.5071,
    "sd": 1.4544,
    "spearman": 0.4652,
    "spectral_loss": 0.0
}
                              
                              
----------------------------------------
Epoch 069 with LR 0.000100: Model Results
----------------------------------------
Train MSE Loss: 0.4620, Train CLS Loss: 0.0000, Train MCLS Loss: 0.0000
Protein Cluster Region Loss - Ortho Loss: 0.0000, Cluster Loss: 0.0000
                              
Validation Results: {
    "ci": 0.7197,
    "classification_loss": 0.0,
    "cluster_loss": 0.0,
    "mae": 1.0607,
    "mse": 2.012,
    "multiclassification_loss": 0.0,
    "ortho_loss": 0.0,
    "pearson": 0.6379,
    "regression_loss": 2.0464,
    "rm2": 0.3739,
    "rmse": 1.4185,
    "sd": 1.3986,
    "spearman": 0.6045,
    "spectral_loss": 0.0
}
                              
Test Results: {
    "ci": 0.6645,
    "classification_loss": 0.0,
    "cluster_loss": 0.0,
    "mae": 1.1421,
    "mse": 2.2713,
    "multiclassification_loss": 0.0,
    "ortho_loss": 0.0,
    "pearson": 0.5067,
    "regression_loss": 2.2657,
    "rm2": 0.2371,
    "rmse": 1.5071,
    "sd": 1.4544,
    "spearman": 0.4652,
    "spectral_loss": 0.0
}
                              
                              
----------------------------------------
Epoch 070 with LR 0.000100: Model Results
----------------------------------------
Train MSE Loss: 0.4569, Train CLS Loss: 0.0000, Train MCLS Loss: 0.0000
Protein Cluster Region Loss - Ortho Loss: 0.0000, Cluster Loss: 0.0000
                              
Validation Results: {
    "ci": 0.7195,
    "classification_loss": 0.0,
    "cluster_loss": 0.0,
    "mae": 1.0676,
    "mse": 2.1042,
    "multiclassification_loss": 0.0,
    "ortho_loss": 0.0,
    "pearson": 0.6303,
    "regression_loss": 2.149,
    "rm2": 0.3832,
    "rmse": 1.4506,
    "sd": 1.41,
    "spearman": 0.6031,
    "spectral_loss": 0.0
}
                              
Test Results: {
    "ci": 0.6645,
    "classification_loss": 0.0,
    "cluster_loss": 0.0,
    "mae": 1.1421,
    "mse": 2.2713,
    "multiclassification_loss": 0.0,
    "ortho_loss": 0.0,
    "pearson": 0.5067,
    "regression_loss": 2.2657,
    "rm2": 0.2371,
    "rmse": 1.5071,
    "sd": 1.4544,
    "spearman": 0.4652,
    "spectral_loss": 0.0
}
                              
                              
----------------------------------------
Epoch 071 with LR 0.000100: Model Results
----------------------------------------
Train MSE Loss: 0.4592, Train CLS Loss: 0.0000, Train MCLS Loss: 0.0000
Protein Cluster Region Loss - Ortho Loss: 0.0000, Cluster Loss: 0.0000
                              
Validation Results: {
    "ci": 0.7228,
    "classification_loss": 0.0,
    "cluster_loss": 0.0,
    "mae": 1.0664,
    "mse": 2.0235,
    "multiclassification_loss": 0.0,
    "ortho_loss": 0.0,
    "pearson": 0.6445,
    "regression_loss": 2.095,
    "rm2": 0.3673,
    "rmse": 1.4225,
    "sd": 1.3885,
    "spearman": 0.6133,
    "spectral_loss": 0.0
}
                              
Test Results: {
    "ci": 0.6645,
    "classification_loss": 0.0,
    "cluster_loss": 0.0,
    "mae": 1.1421,
    "mse": 2.2713,
    "multiclassification_loss": 0.0,
    "ortho_loss": 0.0,
    "pearson": 0.5067,
    "regression_loss": 2.2657,
    "rm2": 0.2371,
    "rmse": 1.5071,
    "sd": 1.4544,
    "spearman": 0.4652,
    "spectral_loss": 0.0
}
                              
                              
----------------------------------------
Epoch 072 with LR 0.000100: Model Results
----------------------------------------
Train MSE Loss: 0.4487, Train CLS Loss: 0.0000, Train MCLS Loss: 0.0000
Protein Cluster Region Loss - Ortho Loss: 0.0000, Cluster Loss: 0.0000
                              
Validation Results: {
    "ci": 0.7172,
    "classification_loss": 0.0,
    "cluster_loss": 0.0,
    "mae": 1.0759,
    "mse": 2.058,
    "multiclassification_loss": 0.0,
    "ortho_loss": 0.0,
    "pearson": 0.6318,
    "regression_loss": 2.1259,
    "rm2": 0.3627,
    "rmse": 1.4346,
    "sd": 1.4078,
    "spearman": 0.6004,
    "spectral_loss": 0.0
}
                              
Test Results: {
    "ci": 0.6645,
    "classification_loss": 0.0,
    "cluster_loss": 0.0,
    "mae": 1.1421,
    "mse": 2.2713,
    "multiclassification_loss": 0.0,
    "ortho_loss": 0.0,
    "pearson": 0.5067,
    "regression_loss": 2.2657,
    "rm2": 0.2371,
    "rmse": 1.5071,
    "sd": 1.4544,
    "spearman": 0.4652,
    "spectral_loss": 0.0
}
                              
                              
----------------------------------------
Epoch 073 with LR 0.000100: Model Results
----------------------------------------
Train MSE Loss: 0.4466, Train CLS Loss: 0.0000, Train MCLS Loss: 0.0000
Protein Cluster Region Loss - Ortho Loss: 0.0000, Cluster Loss: 0.0000
                              
Validation Results: {
    "ci": 0.7163,
    "classification_loss": 0.0,
    "cluster_loss": 0.0,
    "mae": 1.071,
    "mse": 2.0688,
    "multiclassification_loss": 0.0,
    "ortho_loss": 0.0,
    "pearson": 0.6276,
    "regression_loss": 2.0925,
    "rm2": 0.3678,
    "rmse": 1.4383,
    "sd": 1.4139,
    "spearman": 0.5965,
    "spectral_loss": 0.0
}
                              
Test Results: {
    "ci": 0.6645,
    "classification_loss": 0.0,
    "cluster_loss": 0.0,
    "mae": 1.1421,
    "mse": 2.2713,
    "multiclassification_loss": 0.0,
    "ortho_loss": 0.0,
    "pearson": 0.5067,
    "regression_loss": 2.2657,
    "rm2": 0.2371,
    "rmse": 1.5071,
    "sd": 1.4544,
    "spearman": 0.4652,
    "spectral_loss": 0.0
}
                              
                              
----------------------------------------
Epoch 074 with LR 0.000100: Model Results
----------------------------------------
Train MSE Loss: 0.4428, Train CLS Loss: 0.0000, Train MCLS Loss: 0.0000
Protein Cluster Region Loss - Ortho Loss: 0.0000, Cluster Loss: 0.0000
                              
Validation Results: {
    "ci": 0.7219,
    "classification_loss": 0.0,
    "cluster_loss": 0.0,
    "mae": 1.0789,
    "mse": 2.1217,
    "multiclassification_loss": 0.0,
    "ortho_loss": 0.0,
    "pearson": 0.6376,
    "regression_loss": 2.1711,
    "rm2": 0.3606,
    "rmse": 1.4566,
    "sd": 1.399,
    "spearman": 0.6088,
    "spectral_loss": 0.0
}
                              
Test Results: {
    "ci": 0.6645,
    "classification_loss": 0.0,
    "cluster_loss": 0.0,
    "mae": 1.1421,
    "mse": 2.2713,
    "multiclassification_loss": 0.0,
    "ortho_loss": 0.0,
    "pearson": 0.5067,
    "regression_loss": 2.2657,
    "rm2": 0.2371,
    "rmse": 1.5071,
    "sd": 1.4544,
    "spearman": 0.4652,
    "spectral_loss": 0.0
}
                              
                              
----------------------------------------
Epoch 075 with LR 0.000100: Model Results
----------------------------------------
Train MSE Loss: 0.4482, Train CLS Loss: 0.0000, Train MCLS Loss: 0.0000
Protein Cluster Region Loss - Ortho Loss: 0.0000, Cluster Loss: 0.0000
                              
Validation Results: {
    "ci": 0.7166,
    "classification_loss": 0.0,
    "cluster_loss": 0.0,
    "mae": 1.0754,
    "mse": 2.0672,
    "multiclassification_loss": 0.0,
    "ortho_loss": 0.0,
    "pearson": 0.6292,
    "regression_loss": 2.1539,
    "rm2": 0.3615,
    "rmse": 1.4378,
    "sd": 1.4116,
    "spearman": 0.5991,
    "spectral_loss": 0.0
}
                              
Test Results: {
    "ci": 0.6645,
    "classification_loss": 0.0,
    "cluster_loss": 0.0,
    "mae": 1.1421,
    "mse": 2.2713,
    "multiclassification_loss": 0.0,
    "ortho_loss": 0.0,
    "pearson": 0.5067,
    "regression_loss": 2.2657,
    "rm2": 0.2371,
    "rmse": 1.5071,
    "sd": 1.4544,
    "spearman": 0.4652,
    "spectral_loss": 0.0
}
                              
                              
----------------------------------------
Epoch 076 with LR 0.000100: Model Results
----------------------------------------
Train MSE Loss: 0.4289, Train CLS Loss: 0.0000, Train MCLS Loss: 0.0000
Protein Cluster Region Loss - Ortho Loss: 0.0000, Cluster Loss: 0.0000
                              
Validation Results: {
    "ci": 0.7162,
    "classification_loss": 0.0,
    "cluster_loss": 0.0,
    "mae": 1.0694,
    "mse": 2.0235,
    "multiclassification_loss": 0.0,
    "ortho_loss": 0.0,
    "pearson": 0.6361,
    "regression_loss": 2.077,
    "rm2": 0.3891,
    "rmse": 1.4225,
    "sd": 1.4013,
    "spearman": 0.5983,
    "spectral_loss": 0.0
}
                              
Test Results: {
    "ci": 0.6645,
    "classification_loss": 0.0,
    "cluster_loss": 0.0,
    "mae": 1.1421,
    "mse": 2.2713,
    "multiclassification_loss": 0.0,
    "ortho_loss": 0.0,
    "pearson": 0.5067,
    "regression_loss": 2.2657,
    "rm2": 0.2371,
    "rmse": 1.5071,
    "sd": 1.4544,
    "spearman": 0.4652,
    "spectral_loss": 0.0
}
                              
                              
----------------------------------------
Epoch 077 with LR 0.000100: Model Results
----------------------------------------
Train MSE Loss: 0.3978, Train CLS Loss: 0.0000, Train MCLS Loss: 0.0000
Protein Cluster Region Loss - Ortho Loss: 0.0000, Cluster Loss: 0.0000
                              
Validation Results: {
    "ci": 0.7161,
    "classification_loss": 0.0,
    "cluster_loss": 0.0,
    "mae": 1.0689,
    "mse": 2.0374,
    "multiclassification_loss": 0.0,
    "ortho_loss": 0.0,
    "pearson": 0.633,
    "regression_loss": 2.0942,
    "rm2": 0.3668,
    "rmse": 1.4274,
    "sd": 1.4059,
    "spearman": 0.5974,
    "spectral_loss": 0.0
}
                              
Test Results: {
    "ci": 0.6645,
    "classification_loss": 0.0,
    "cluster_loss": 0.0,
    "mae": 1.1421,
    "mse": 2.2713,
    "multiclassification_loss": 0.0,
    "ortho_loss": 0.0,
    "pearson": 0.5067,
    "regression_loss": 2.2657,
    "rm2": 0.2371,
    "rmse": 1.5071,
    "sd": 1.4544,
    "spearman": 0.4652,
    "spectral_loss": 0.0
}
                              
                              
----------------------------------------
Epoch 078 with LR 0.000100: Model Results
----------------------------------------
Train MSE Loss: 0.3559, Train CLS Loss: 0.0000, Train MCLS Loss: 0.0000
Protein Cluster Region Loss - Ortho Loss: 0.0000, Cluster Loss: 0.0000
                              
Validation Results: {
    "ci": 0.7179,
    "classification_loss": 0.0,
    "cluster_loss": 0.0,
    "mae": 1.0657,
    "mse": 2.0354,
    "multiclassification_loss": 0.0,
    "ortho_loss": 0.0,
    "pearson": 0.6396,
    "regression_loss": 2.0828,
    "rm2": 0.383,
    "rmse": 1.4267,
    "sd": 1.396,
    "spearman": 0.6015,
    "spectral_loss": 0.0
}
                              
Test Results: {
    "ci": 0.6645,
    "classification_loss": 0.0,
    "cluster_loss": 0.0,
    "mae": 1.1421,
    "mse": 2.2713,
    "multiclassification_loss": 0.0,
    "ortho_loss": 0.0,
    "pearson": 0.5067,
    "regression_loss": 2.2657,
    "rm2": 0.2371,
    "rmse": 1.5071,
    "sd": 1.4544,
    "spearman": 0.4652,
    "spectral_loss": 0.0
}
                              
                              
----------------------------------------
Epoch 079 with LR 0.000100: Model Results
----------------------------------------
Train MSE Loss: 0.3229, Train CLS Loss: 0.0000, Train MCLS Loss: 0.0000
Protein Cluster Region Loss - Ortho Loss: 0.0000, Cluster Loss: 0.0000
                              
Validation Results: {
    "ci": 0.7192,
    "classification_loss": 0.0,
    "cluster_loss": 0.0,
    "mae": 1.0622,
    "mse": 2.0388,
    "multiclassification_loss": 0.0,
    "ortho_loss": 0.0,
    "pearson": 0.6415,
    "regression_loss": 2.0862,
    "rm2": 0.3823,
    "rmse": 1.4279,
    "sd": 1.3932,
    "spearman": 0.6034,
    "spectral_loss": 0.0
}
                              
Test Results: {
    "ci": 0.6645,
    "classification_loss": 0.0,
    "cluster_loss": 0.0,
    "mae": 1.1421,
    "mse": 2.2713,
    "multiclassification_loss": 0.0,
    "ortho_loss": 0.0,
    "pearson": 0.5067,
    "regression_loss": 2.2657,
    "rm2": 0.2371,
    "rmse": 1.5071,
    "sd": 1.4544,
    "spearman": 0.4652,
    "spectral_loss": 0.0
}
                              
                              
----------------------------------------
Epoch 080 with LR 0.000100: Model Results
----------------------------------------
Train MSE Loss: 0.3077, Train CLS Loss: 0.0000, Train MCLS Loss: 0.0000
Protein Cluster Region Loss - Ortho Loss: 0.0000, Cluster Loss: 0.0000
                              
Validation Results: {
    "ci": 0.7175,
    "classification_loss": 0.0,
    "cluster_loss": 0.0,
    "mae": 1.0746,
    "mse": 2.0735,
    "multiclassification_loss": 0.0,
    "ortho_loss": 0.0,
    "pearson": 0.6352,
    "regression_loss": 2.1201,
    "rm2": 0.3687,
    "rmse": 1.44,
    "sd": 1.4026,
    "spearman": 0.5994,
    "spectral_loss": 0.0
}
                              
Test Results: {
    "ci": 0.6645,
    "classification_loss": 0.0,
    "cluster_loss": 0.0,
    "mae": 1.1421,
    "mse": 2.2713,
    "multiclassification_loss": 0.0,
    "ortho_loss": 0.0,
    "pearson": 0.5067,
    "regression_loss": 2.2657,
    "rm2": 0.2371,
    "rmse": 1.5071,
    "sd": 1.4544,
    "spearman": 0.4652,
    "spectral_loss": 0.0
}
                              
                              
----------------------------------------
Epoch 081 with LR 0.000100: Model Results
----------------------------------------
Train MSE Loss: 0.3045, Train CLS Loss: 0.0000, Train MCLS Loss: 0.0000
Protein Cluster Region Loss - Ortho Loss: 0.0000, Cluster Loss: 0.0000
                              
Validation Results: {
    "ci": 0.7175,
    "classification_loss": 0.0,
    "cluster_loss": 0.0,
    "mae": 1.0685,
    "mse": 2.0578,
    "multiclassification_loss": 0.0,
    "ortho_loss": 0.0,
    "pearson": 0.6365,
    "regression_loss": 2.0978,
    "rm2": 0.3765,
    "rmse": 1.4345,
    "sd": 1.4007,
    "spearman": 0.5997,
    "spectral_loss": 0.0
}
                              
Test Results: {
    "ci": 0.6645,
    "classification_loss": 0.0,
    "cluster_loss": 0.0,
    "mae": 1.1421,
    "mse": 2.2713,
    "multiclassification_loss": 0.0,
    "ortho_loss": 0.0,
    "pearson": 0.5067,
    "regression_loss": 2.2657,
    "rm2": 0.2371,
    "rmse": 1.5071,
    "sd": 1.4544,
    "spearman": 0.4652,
    "spectral_loss": 0.0
}
                              
                              
----------------------------------------
Epoch 082 with LR 0.000100: Model Results
----------------------------------------
Train MSE Loss: 0.3030, Train CLS Loss: 0.0000, Train MCLS Loss: 0.0000
Protein Cluster Region Loss - Ortho Loss: 0.0000, Cluster Loss: 0.0000
                              
Validation Results: {
    "ci": 0.7179,
    "classification_loss": 0.0,
    "cluster_loss": 0.0,
    "mae": 1.0681,
    "mse": 2.0485,
    "multiclassification_loss": 0.0,
    "ortho_loss": 0.0,
    "pearson": 0.6385,
    "regression_loss": 2.0938,
    "rm2": 0.3765,
    "rmse": 1.4313,
    "sd": 1.3977,
    "spearman": 0.6012,
    "spectral_loss": 0.0
}
                              
Test Results: {
    "ci": 0.6645,
    "classification_loss": 0.0,
    "cluster_loss": 0.0,
    "mae": 1.1421,
    "mse": 2.2713,
    "multiclassification_loss": 0.0,
    "ortho_loss": 0.0,
    "pearson": 0.5067,
    "regression_loss": 2.2657,
    "rm2": 0.2371,
    "rmse": 1.5071,
    "sd": 1.4544,
    "spearman": 0.4652,
    "spectral_loss": 0.0
}
                              
                              
----------------------------------------
Epoch 083 with LR 0.000100: Model Results
----------------------------------------
Train MSE Loss: 0.2990, Train CLS Loss: 0.0000, Train MCLS Loss: 0.0000
Protein Cluster Region Loss - Ortho Loss: 0.0000, Cluster Loss: 0.0000
                              
Validation Results: {
    "ci": 0.718,
    "classification_loss": 0.0,
    "cluster_loss": 0.0,
    "mae": 1.0636,
    "mse": 2.0291,
    "multiclassification_loss": 0.0,
    "ortho_loss": 0.0,
    "pearson": 0.639,
    "regression_loss": 2.0756,
    "rm2": 0.3754,
    "rmse": 1.4245,
    "sd": 1.397,
    "spearman": 0.6015,
    "spectral_loss": 0.0
}
                              
Test Results: {
    "ci": 0.6645,
    "classification_loss": 0.0,
    "cluster_loss": 0.0,
    "mae": 1.1421,
    "mse": 2.2713,
    "multiclassification_loss": 0.0,
    "ortho_loss": 0.0,
    "pearson": 0.5067,
    "regression_loss": 2.2657,
    "rm2": 0.2371,
    "rmse": 1.5071,
    "sd": 1.4544,
    "spearman": 0.4652,
    "spectral_loss": 0.0
}
                              
                              
----------------------------------------
Epoch 084 with LR 0.000100: Model Results
----------------------------------------
Train MSE Loss: 0.2975, Train CLS Loss: 0.0000, Train MCLS Loss: 0.0000
Protein Cluster Region Loss - Ortho Loss: 0.0000, Cluster Loss: 0.0000
                              
Validation Results: {
    "ci": 0.7174,
    "classification_loss": 0.0,
    "cluster_loss": 0.0,
    "mae": 1.065,
    "mse": 2.038,
    "multiclassification_loss": 0.0,
    "ortho_loss": 0.0,
    "pearson": 0.6381,
    "regression_loss": 2.0854,
    "rm2": 0.3719,
    "rmse": 1.4276,
    "sd": 1.3984,
    "spearman": 0.5992,
    "spectral_loss": 0.0
}
                              
Test Results: {
    "ci": 0.6645,
    "classification_loss": 0.0,
    "cluster_loss": 0.0,
    "mae": 1.1421,
    "mse": 2.2713,
    "multiclassification_loss": 0.0,
    "ortho_loss": 0.0,
    "pearson": 0.5067,
    "regression_loss": 2.2657,
    "rm2": 0.2371,
    "rmse": 1.5071,
    "sd": 1.4544,
    "spearman": 0.4652,
    "spectral_loss": 0.0
}
                              
                              
----------------------------------------
Epoch 085 with LR 0.000100: Model Results
----------------------------------------
Train MSE Loss: 0.2941, Train CLS Loss: 0.0000, Train MCLS Loss: 0.0000
Protein Cluster Region Loss - Ortho Loss: 0.0000, Cluster Loss: 0.0000
                              
Validation Results: {
    "ci": 0.7177,
    "classification_loss": 0.0,
    "cluster_loss": 0.0,
    "mae": 1.0655,
    "mse": 2.0488,
    "multiclassification_loss": 0.0,
    "ortho_loss": 0.0,
    "pearson": 0.6373,
    "regression_loss": 2.0928,
    "rm2": 0.3767,
    "rmse": 1.4314,
    "sd": 1.3995,
    "spearman": 0.6003,
    "spectral_loss": 0.0
}
                              
Test Results: {
    "ci": 0.6645,
    "classification_loss": 0.0,
    "cluster_loss": 0.0,
    "mae": 1.1421,
    "mse": 2.2713,
    "multiclassification_loss": 0.0,
    "ortho_loss": 0.0,
    "pearson": 0.5067,
    "regression_loss": 2.2657,
    "rm2": 0.2371,
    "rmse": 1.5071,
    "sd": 1.4544,
    "spearman": 0.4652,
    "spectral_loss": 0.0
}
                              
                              
----------------------------------------
Epoch 086 with LR 0.000100: Model Results
----------------------------------------
Train MSE Loss: 0.2944, Train CLS Loss: 0.0000, Train MCLS Loss: 0.0000
Protein Cluster Region Loss - Ortho Loss: 0.0000, Cluster Loss: 0.0000
                              
Validation Results: {
    "ci": 0.7168,
    "classification_loss": 0.0,
    "cluster_loss": 0.0,
    "mae": 1.0703,
    "mse": 2.0578,
    "multiclassification_loss": 0.0,
    "ortho_loss": 0.0,
    "pearson": 0.637,
    "regression_loss": 2.1051,
    "rm2": 0.3735,
    "rmse": 1.4345,
    "sd": 1.3999,
    "spearman": 0.5981,
    "spectral_loss": 0.0
}
                              
Test Results: {
    "ci": 0.6645,
    "classification_loss": 0.0,
    "cluster_loss": 0.0,
    "mae": 1.1421,
    "mse": 2.2713,
    "multiclassification_loss": 0.0,
    "ortho_loss": 0.0,
    "pearson": 0.5067,
    "regression_loss": 2.2657,
    "rm2": 0.2371,
    "rmse": 1.5071,
    "sd": 1.4544,
    "spearman": 0.4652,
    "spectral_loss": 0.0
}
                              
                              
----------------------------------------
Epoch 087 with LR 0.000100: Model Results
----------------------------------------
Train MSE Loss: 0.2918, Train CLS Loss: 0.0000, Train MCLS Loss: 0.0000
Protein Cluster Region Loss - Ortho Loss: 0.0000, Cluster Loss: 0.0000
                              
Validation Results: {
    "ci": 0.7165,
    "classification_loss": 0.0,
    "cluster_loss": 0.0,
    "mae": 1.0706,
    "mse": 2.0635,
    "multiclassification_loss": 0.0,
    "ortho_loss": 0.0,
    "pearson": 0.635,
    "regression_loss": 2.111,
    "rm2": 0.3694,
    "rmse": 1.4365,
    "sd": 1.4029,
    "spearman": 0.5968,
    "spectral_loss": 0.0
}
                              
Test Results: {
    "ci": 0.6645,
    "classification_loss": 0.0,
    "cluster_loss": 0.0,
    "mae": 1.1421,
    "mse": 2.2713,
    "multiclassification_loss": 0.0,
    "ortho_loss": 0.0,
    "pearson": 0.5067,
    "regression_loss": 2.2657,
    "rm2": 0.2371,
    "rmse": 1.5071,
    "sd": 1.4544,
    "spearman": 0.4652,
    "spectral_loss": 0.0
}
                              
                              
----------------------------------------
Epoch 088 with LR 0.000100: Model Results
----------------------------------------
Train MSE Loss: 0.2897, Train CLS Loss: 0.0000, Train MCLS Loss: 0.0000
Protein Cluster Region Loss - Ortho Loss: 0.0000, Cluster Loss: 0.0000
                              
Validation Results: {
    "ci": 0.7181,
    "classification_loss": 0.0,
    "cluster_loss": 0.0,
    "mae": 1.0683,
    "mse": 2.0527,
    "multiclassification_loss": 0.0,
    "ortho_loss": 0.0,
    "pearson": 0.6382,
    "regression_loss": 2.098,
    "rm2": 0.3756,
    "rmse": 1.4327,
    "sd": 1.3981,
    "spearman": 0.6012,
    "spectral_loss": 0.0
}
                              
Test Results: {
    "ci": 0.6645,
    "classification_loss": 0.0,
    "cluster_loss": 0.0,
    "mae": 1.1421,
    "mse": 2.2713,
    "multiclassification_loss": 0.0,
    "ortho_loss": 0.0,
    "pearson": 0.5067,
    "regression_loss": 2.2657,
    "rm2": 0.2371,
    "rmse": 1.5071,
    "sd": 1.4544,
    "spearman": 0.4652,
    "spectral_loss": 0.0
}
                              
                              
----------------------------------------
Epoch 089 with LR 0.000100: Model Results
----------------------------------------
Train MSE Loss: 0.2890, Train CLS Loss: 0.0000, Train MCLS Loss: 0.0000
Protein Cluster Region Loss - Ortho Loss: 0.0000, Cluster Loss: 0.0000
                              
Validation Results: {
    "ci": 0.7163,
    "classification_loss": 0.0,
    "cluster_loss": 0.0,
    "mae": 1.0714,
    "mse": 2.0588,
    "multiclassification_loss": 0.0,
    "ortho_loss": 0.0,
    "pearson": 0.6367,
    "regression_loss": 2.1054,
    "rm2": 0.3705,
    "rmse": 1.4349,
    "sd": 1.4004,
    "spearman": 0.5962,
    "spectral_loss": 0.0
}
                              
Test Results: {
    "ci": 0.6645,
    "classification_loss": 0.0,
    "cluster_loss": 0.0,
    "mae": 1.1421,
    "mse": 2.2713,
    "multiclassification_loss": 0.0,
    "ortho_loss": 0.0,
    "pearson": 0.5067,
    "regression_loss": 2.2657,
    "rm2": 0.2371,
    "rmse": 1.5071,
    "sd": 1.4544,
    "spearman": 0.4652,
    "spectral_loss": 0.0
}
                              
                              
----------------------------------------
Epoch 090 with LR 0.000100: Model Results
----------------------------------------
Train MSE Loss: 0.2858, Train CLS Loss: 0.0000, Train MCLS Loss: 0.0000
Protein Cluster Region Loss - Ortho Loss: 0.0000, Cluster Loss: 0.0000
                              
Validation Results: {
    "ci": 0.7172,
    "classification_loss": 0.0,
    "cluster_loss": 0.0,
    "mae": 1.0706,
    "mse": 2.0626,
    "multiclassification_loss": 0.0,
    "ortho_loss": 0.0,
    "pearson": 0.6355,
    "regression_loss": 2.1131,
    "rm2": 0.3678,
    "rmse": 1.4362,
    "sd": 1.4021,
    "spearman": 0.5985,
    "spectral_loss": 0.0
}
                              
Test Results: {
    "ci": 0.6645,
    "classification_loss": 0.0,
    "cluster_loss": 0.0,
    "mae": 1.1421,
    "mse": 2.2713,
    "multiclassification_loss": 0.0,
    "ortho_loss": 0.0,
    "pearson": 0.5067,
    "regression_loss": 2.2657,
    "rm2": 0.2371,
    "rmse": 1.5071,
    "sd": 1.4544,
    "spearman": 0.4652,
    "spectral_loss": 0.0
}
                              
                              
----------------------------------------
Epoch 091 with LR 0.000100: Model Results
----------------------------------------
Train MSE Loss: 0.2847, Train CLS Loss: 0.0000, Train MCLS Loss: 0.0000
Protein Cluster Region Loss - Ortho Loss: 0.0000, Cluster Loss: 0.0000
                              
Validation Results: {
    "ci": 0.7174,
    "classification_loss": 0.0,
    "cluster_loss": 0.0,
    "mae": 1.0682,
    "mse": 2.0531,
    "multiclassification_loss": 0.0,
    "ortho_loss": 0.0,
    "pearson": 0.6385,
    "regression_loss": 2.0965,
    "rm2": 0.371,
    "rmse": 1.4329,
    "sd": 1.3977,
    "spearman": 0.5997,
    "spectral_loss": 0.0
}
                              
Test Results: {
    "ci": 0.6645,
    "classification_loss": 0.0,
    "cluster_loss": 0.0,
    "mae": 1.1421,
    "mse": 2.2713,
    "multiclassification_loss": 0.0,
    "ortho_loss": 0.0,
    "pearson": 0.5067,
    "regression_loss": 2.2657,
    "rm2": 0.2371,
    "rmse": 1.5071,
    "sd": 1.4544,
    "spearman": 0.4652,
    "spectral_loss": 0.0
}
                              
                              
----------------------------------------
Epoch 092 with LR 0.000100: Model Results
----------------------------------------
Train MSE Loss: 0.2819, Train CLS Loss: 0.0000, Train MCLS Loss: 0.0000
Protein Cluster Region Loss - Ortho Loss: 0.0000, Cluster Loss: 0.0000
                              
Validation Results: {
    "ci": 0.7181,
    "classification_loss": 0.0,
    "cluster_loss": 0.0,
    "mae": 1.0639,
    "mse": 2.034,
    "multiclassification_loss": 0.0,
    "ortho_loss": 0.0,
    "pearson": 0.6405,
    "regression_loss": 2.0829,
    "rm2": 0.38,
    "rmse": 1.4262,
    "sd": 1.3947,
    "spearman": 0.6007,
    "spectral_loss": 0.0
}
                              
Test Results: {
    "ci": 0.6645,
    "classification_loss": 0.0,
    "cluster_loss": 0.0,
    "mae": 1.1421,
    "mse": 2.2713,
    "multiclassification_loss": 0.0,
    "ortho_loss": 0.0,
    "pearson": 0.5067,
    "regression_loss": 2.2657,
    "rm2": 0.2371,
    "rmse": 1.5071,
    "sd": 1.4544,
    "spearman": 0.4652,
    "spectral_loss": 0.0
}
                              
                              
----------------------------------------
Epoch 093 with LR 0.000100: Model Results
----------------------------------------
Train MSE Loss: 0.2823, Train CLS Loss: 0.0000, Train MCLS Loss: 0.0000
Protein Cluster Region Loss - Ortho Loss: 0.0000, Cluster Loss: 0.0000
                              
Validation Results: {
    "ci": 0.7188,
    "classification_loss": 0.0,
    "cluster_loss": 0.0,
    "mae": 1.0578,
    "mse": 2.0239,
    "multiclassification_loss": 0.0,
    "ortho_loss": 0.0,
    "pearson": 0.6411,
    "regression_loss": 2.0708,
    "rm2": 0.3784,
    "rmse": 1.4226,
    "sd": 1.3938,
    "spearman": 0.6028,
    "spectral_loss": 0.0
}
                              
Test Results: {
    "ci": 0.6645,
    "classification_loss": 0.0,
    "cluster_loss": 0.0,
    "mae": 1.1421,
    "mse": 2.2713,
    "multiclassification_loss": 0.0,
    "ortho_loss": 0.0,
    "pearson": 0.5067,
    "regression_loss": 2.2657,
    "rm2": 0.2371,
    "rmse": 1.5071,
    "sd": 1.4544,
    "spearman": 0.4652,
    "spectral_loss": 0.0
}
                              
                              
----------------------------------------
Epoch 094 with LR 0.000100: Model Results
----------------------------------------
Train MSE Loss: 0.2824, Train CLS Loss: 0.0000, Train MCLS Loss: 0.0000
Protein Cluster Region Loss - Ortho Loss: 0.0000, Cluster Loss: 0.0000
                              
Validation Results: {
    "ci": 0.7172,
    "classification_loss": 0.0,
    "cluster_loss": 0.0,
    "mae": 1.0649,
    "mse": 2.0457,
    "multiclassification_loss": 0.0,
    "ortho_loss": 0.0,
    "pearson": 0.6376,
    "regression_loss": 2.0904,
    "rm2": 0.3739,
    "rmse": 1.4303,
    "sd": 1.3991,
    "spearman": 0.5986,
    "spectral_loss": 0.0
}
                              
Test Results: {
    "ci": 0.6645,
    "classification_loss": 0.0,
    "cluster_loss": 0.0,
    "mae": 1.1421,
    "mse": 2.2713,
    "multiclassification_loss": 0.0,
    "ortho_loss": 0.0,
    "pearson": 0.5067,
    "regression_loss": 2.2657,
    "rm2": 0.2371,
    "rmse": 1.5071,
    "sd": 1.4544,
    "spearman": 0.4652,
    "spectral_loss": 0.0
}
                              
                              
----------------------------------------
Epoch 095 with LR 0.000100: Model Results
----------------------------------------
Train MSE Loss: 0.2792, Train CLS Loss: 0.0000, Train MCLS Loss: 0.0000
Protein Cluster Region Loss - Ortho Loss: 0.0000, Cluster Loss: 0.0000
                              
Validation Results: {
    "ci": 0.7166,
    "classification_loss": 0.0,
    "cluster_loss": 0.0,
    "mae": 1.0683,
    "mse": 2.0456,
    "multiclassification_loss": 0.0,
    "ortho_loss": 0.0,
    "pearson": 0.6371,
    "regression_loss": 2.0956,
    "rm2": 0.3703,
    "rmse": 1.4302,
    "sd": 1.3998,
    "spearman": 0.5976,
    "spectral_loss": 0.0
}
                              
Test Results: {
    "ci": 0.6645,
    "classification_loss": 0.0,
    "cluster_loss": 0.0,
    "mae": 1.1421,
    "mse": 2.2713,
    "multiclassification_loss": 0.0,
    "ortho_loss": 0.0,
    "pearson": 0.5067,
    "regression_loss": 2.2657,
    "rm2": 0.2371,
    "rmse": 1.5071,
    "sd": 1.4544,
    "spearman": 0.4652,
    "spectral_loss": 0.0
}
                              
                              
----------------------------------------
Epoch 096 with LR 0.000100: Model Results
----------------------------------------
Train MSE Loss: 0.2791, Train CLS Loss: 0.0000, Train MCLS Loss: 0.0000
Protein Cluster Region Loss - Ortho Loss: 0.0000, Cluster Loss: 0.0000
                              
Validation Results: {
    "ci": 0.7169,
    "classification_loss": 0.0,
    "cluster_loss": 0.0,
    "mae": 1.0683,
    "mse": 2.0535,
    "multiclassification_loss": 0.0,
    "ortho_loss": 0.0,
    "pearson": 0.6377,
    "regression_loss": 2.105,
    "rm2": 0.3685,
    "rmse": 1.433,
    "sd": 1.3989,
    "spearman": 0.5978,
    "spectral_loss": 0.0
}
                              
Test Results: {
    "ci": 0.6645,
    "classification_loss": 0.0,
    "cluster_loss": 0.0,
    "mae": 1.1421,
    "mse": 2.2713,
    "multiclassification_loss": 0.0,
    "ortho_loss": 0.0,
    "pearson": 0.5067,
    "regression_loss": 2.2657,
    "rm2": 0.2371,
    "rmse": 1.5071,
    "sd": 1.4544,
    "spearman": 0.4652,
    "spectral_loss": 0.0
}
                              
                              
----------------------------------------
Epoch 097 with LR 0.000100: Model Results
----------------------------------------
Train MSE Loss: 0.2764, Train CLS Loss: 0.0000, Train MCLS Loss: 0.0000
Protein Cluster Region Loss - Ortho Loss: 0.0000, Cluster Loss: 0.0000
                              
Validation Results: {
    "ci": 0.7178,
    "classification_loss": 0.0,
    "cluster_loss": 0.0,
    "mae": 1.0632,
    "mse": 2.0335,
    "multiclassification_loss": 0.0,
    "ortho_loss": 0.0,
    "pearson": 0.6401,
    "regression_loss": 2.0817,
    "rm2": 0.3761,
    "rmse": 1.426,
    "sd": 1.3952,
    "spearman": 0.6004,
    "spectral_loss": 0.0
}
                              
Test Results: {
    "ci": 0.6645,
    "classification_loss": 0.0,
    "cluster_loss": 0.0,
    "mae": 1.1421,
    "mse": 2.2713,
    "multiclassification_loss": 0.0,
    "ortho_loss": 0.0,
    "pearson": 0.5067,
    "regression_loss": 2.2657,
    "rm2": 0.2371,
    "rmse": 1.5071,
    "sd": 1.4544,
    "spearman": 0.4652,
    "spectral_loss": 0.0
}
                              
                              
----------------------------------------
Epoch 098 with LR 0.000100: Model Results
----------------------------------------
Train MSE Loss: 0.2755, Train CLS Loss: 0.0000, Train MCLS Loss: 0.0000
Protein Cluster Region Loss - Ortho Loss: 0.0000, Cluster Loss: 0.0000
                              
Validation Results: {
    "ci": 0.7166,
    "classification_loss": 0.0,
    "cluster_loss": 0.0,
    "mae": 1.0686,
    "mse": 2.0492,
    "multiclassification_loss": 0.0,
    "ortho_loss": 0.0,
    "pearson": 0.6373,
    "regression_loss": 2.096,
    "rm2": 0.373,
    "rmse": 1.4315,
    "sd": 1.3994,
    "spearman": 0.5967,
    "spectral_loss": 0.0
}
                              
Test Results: {
    "ci": 0.6645,
    "classification_loss": 0.0,
    "cluster_loss": 0.0,
    "mae": 1.1421,
    "mse": 2.2713,
    "multiclassification_loss": 0.0,
    "ortho_loss": 0.0,
    "pearson": 0.5067,
    "regression_loss": 2.2657,
    "rm2": 0.2371,
    "rmse": 1.5071,
    "sd": 1.4544,
    "spearman": 0.4652,
    "spectral_loss": 0.0
}
                              
                              
----------------------------------------
Epoch 099 with LR 0.000100: Model Results
----------------------------------------
Train MSE Loss: 0.2736, Train CLS Loss: 0.0000, Train MCLS Loss: 0.0000
Protein Cluster Region Loss - Ortho Loss: 0.0000, Cluster Loss: 0.0000
                              
Validation Results: {
    "ci": 0.7184,
    "classification_loss": 0.0,
    "cluster_loss": 0.0,
    "mae": 1.0654,
    "mse": 2.037,
    "multiclassification_loss": 0.0,
    "ortho_loss": 0.0,
    "pearson": 0.642,
    "regression_loss": 2.0879,
    "rm2": 0.3714,
    "rmse": 1.4272,
    "sd": 1.3923,
    "spearman": 0.6021,
    "spectral_loss": 0.0
}
                              
Test Results: {
    "ci": 0.6645,
    "classification_loss": 0.0,
    "cluster_loss": 0.0,
    "mae": 1.1421,
    "mse": 2.2713,
    "multiclassification_loss": 0.0,
    "ortho_loss": 0.0,
    "pearson": 0.5067,
    "regression_loss": 2.2657,
    "rm2": 0.2371,
    "rmse": 1.5071,
    "sd": 1.4544,
    "spearman": 0.4652,
    "spectral_loss": 0.0
}
                              
                              
----------------------------------------
Epoch 100 with LR 0.000100: Model Results
----------------------------------------
Train MSE Loss: 0.2722, Train CLS Loss: 0.0000, Train MCLS Loss: 0.0000
Protein Cluster Region Loss - Ortho Loss: 0.0000, Cluster Loss: 0.0000
                              
Validation Results: {
    "ci": 0.7182,
    "classification_loss": 0.0,
    "cluster_loss": 0.0,
    "mae": 1.0603,
    "mse": 2.034,
    "multiclassification_loss": 0.0,
    "ortho_loss": 0.0,
    "pearson": 0.6409,
    "regression_loss": 2.0788,
    "rm2": 0.3794,
    "rmse": 1.4262,
    "sd": 1.3941,
    "spearman": 0.6007,
    "spectral_loss": 0.0
}
                              
Test Results: {
    "ci": 0.6645,
    "classification_loss": 0.0,
    "cluster_loss": 0.0,
    "mae": 1.1421,
    "mse": 2.2713,
    "multiclassification_loss": 0.0,
    "ortho_loss": 0.0,
    "pearson": 0.5067,
    "regression_loss": 2.2657,
    "rm2": 0.2371,
    "rmse": 1.5071,
    "sd": 1.4544,
    "spearman": 0.4652,
    "spectral_loss": 0.0
}
[SWA] discarding averaged weights: rmse=1.42720132418879 vs best per-epoch 1.4082
[best epoch] epoch=61, best_rmse=1.4082, lr_at_best=1.000e-04
                              
                              
----------------------------------------
Epoch 100 with LR 0.000100: Model Results
----------------------------------------
Train MSE Loss: 0.2722, Train CLS Loss: 0.0000, Train MCLS Loss: 0.0000
Protein Cluster Region Loss - Ortho Loss: 0.0000, Cluster Loss: 0.0000
                              
Validation Results: {
    "ci": 0.7182,
    "classification_loss": 0.0,
    "cluster_loss": 0.0,
    "mae": 1.0603,
    "mse": 2.034,
    "multiclassification_loss": 0.0,
    "ortho_loss": 0.0,
    "pearson": 0.6409,
    "regression_loss": 2.0788,
    "rm2": 0.3794,
    "rmse": 1.4262,
    "sd": 1.3941,
    "spearman": 0.6007,
    "spectral_loss": 0.0
}
                              
Test Results: {
    "ci": 0.6645,
    "classification_loss": 0.0,
    "cluster_loss": 0.0,
    "mae": 1.1421,
    "mse": 2.2713,
    "multiclassification_loss": 0.0,
    "ortho_loss": 0.0,
    "pearson": 0.5067,
    "regression_loss": 2.2657,
    "rm2": 0.2371,
    "rmse": 1.5071,
    "sd": 1.4544,
    "spearman": 0.4652,
    "spectral_loss": 0.0
}
Final test metrics: rmse=1.5071, pearson=0.5067, r2_proxy(mse)=2.2713
Done. Predictions: /sc/arion/projects/DiseaseGeneCell/Huang_lab_project/wangcDrugRepoProject/TRACE_Kin_Results_v2/EITLEM_dataset/EITLEM_kkm_MUTAPLM_embedding_cold_drug/test_prediction_seed1.csv; checkpoint: /sc/arion/projects/DiseaseGeneCell/Huang_lab_project/wangcDrugRepoProject/TRACE_Kin_Results_v2/EITLEM_dataset/EITLEM_kkm_MUTAPLM_embedding_cold_drug/save_model_seed1/model.pt

==========================================
Array task 10/14: OK (EITLEM_kkm_MUTAPLM_embedding_cold_drug)
==========================================


PS:

Read file <242463628.10.stderr> for stderr output of this job.

