Sender: LSF System <lsfadmin@lg02e13>
Subject: Job 242532286[11]: <trace_kin_v3[1-14]> in cluster <chimera> Done

Job <trace_kin_v3[1-14]> was submitted from host <li04e03> by user <wangc40> in cluster <chimera> at Thu May  7 22:42:26 2026
Job was executed on host(s) <16*lg02e13>, in queue <gpu>, as user <wangc40> in cluster <chimera> at Thu May  7 22:42:30 2026
</hpc/users/wangc40> was used as the home directory.
</sc/arion/projects/DiseaseGeneCell/Huang_lab_project/wangcDrugRepoProject/TRACE-Kin> was used as the working directory.
Started at Thu May  7 22:42:30 2026
Terminated at Fri May  8 00:24:34 2026
Results reported at Fri May  8 00:24:34 2026

Your job looked like:

------------------------------------------------------------
# LSBATCH: User input
#!/bin/bash
#BSUB -J trace_kin_v3[1-14]
#BSUB -P acc_DiseaseGeneCell
#BSUB -q gpu
#BSUB -R h100nvl
#BSUB -gpu num=1
#BSUB -n 16
#BSUB -R "rusage[mem=8000]"
#BSUB -R "span[hosts=1]"
#BSUB -W 48:00
#BSUB -o %J.%I.stdout
#BSUB -eo %J.%I.stderr
#BSUB -L /bin/bash

# =============================================================================
# TRACE-Kin v3 rerun — LSF job array
# =============================================================================
# Submit with:
#     bsub < training/run_v3_array.lsf
#
# Or chain off the smoke test (recommended):
#     bsub -w "done(<SMOKE_JOB_ID>)" < training/run_v3_array.lsf
#
# For the multi-seed ensemble (the paper config), submit additional seeds in
# parallel after the SEED=1 array completes (or alongside, as separate jobs):
#     SEED=2 bsub -J "trace_kin_v3_s2[1-14]" < training/run_v3_array.lsf
#     SEED=3 bsub -J "trace_kin_v3_s3[1-14]" < training/run_v3_array.lsf
# After all seeds finish, analysis/aggregate_results.py averages predictions
# across seeds before computing RMSE.
#
# LSF expands #BSUB -J trace_kin_v3[1-14] into 14 array tasks, each with a
# distinct ${LSB_JOBINDEX} in 1..14. The body looks up the per-index
# (dataset_source, dataset_name, pool_paths) tuple from the inline table below
# and invokes train_trace_kin.py with model_version=v3.
#
# The 14 tasks correspond to:
#   * 12 RF-gap targets (catalytic kinetics where v1 trails RF by 1.4%–8.7%)
#   * 2 Ki preservation guards (where v1 already wins, must not regress)
# =============================================================================

# --- Environment -------------------------------------------------------------
# Match the prologue of the proven-working PSICHIC LSFs verbatim — no
# `set -euo pipefail`. Mount Sinai's /etc/profile.d scripts return non-zero
# in places that aren't real errors, and errexit aborts the job before
# module + conda activation can complete.
ml purge
source ~/.bashrc
module load anaconda3/2024.06
source activate test
module load cuda/12.4.0

(... more ...)
------------------------------------------------------------

Successfully completed.

Resource usage summary:

    CPU time :                                   6078.00 sec.
    Max Memory :                                 6148 MB
    Average Memory :                             6106.81 MB
    Total Requested Memory :                     128000.00 MB
    Delta Memory :                               121852.00 MB
    Max Swap :                                   -
    Max Processes :                              4
    Max Threads :                                19
    Run time :                                   6124 sec.
    Turnaround time :                            6128 sec.

The output (if any) follows:

==========================================
TRACE-Kin v3 array task 11/14
==========================================
Date:        Thu May  7 22:42:33 EDT 2026
Dataset:     /sc/arion/projects/DiseaseGeneCell/Huang_lab_project/drug_discovery/output/data/enzyme_embeddings_dataset/EITLEM_dataset/EITLEM_kkm_ProteinCLIP_embedding_cold_protein
Result:      /sc/arion/projects/DiseaseGeneCell/Huang_lab_project/wangcDrugRepoProject/TRACE_Kin_Results_v3/EITLEM_dataset/EITLEM_kkm_ProteinCLIP_embedding_cold_protein
Config:      training/config_v3.json
Pool CSVs:   (none)
Model:       v3 (dual-head + learned gate)
Epochs:      100, batch=16, seed=1, lr=1e-4
==========================================
Python 3.12.2
Python: /sc/arion/work/wangc40/test-env/envs/test/bin/python
CUDA device: NVIDIA H100 80GB HBM3, sm_90
============================================================
TRACE-Kin training
============================================================
Datafolder:        /sc/arion/projects/DiseaseGeneCell/Huang_lab_project/drug_discovery/output/data/enzyme_embeddings_dataset/EITLEM_dataset/EITLEM_kkm_ProteinCLIP_embedding_cold_protein
Result path:       /sc/arion/projects/DiseaseGeneCell/Huang_lab_project/wangcDrugRepoProject/TRACE_Kin_Results_v3/EITLEM_dataset/EITLEM_kkm_ProteinCLIP_embedding_cold_protein
Config:            training/config_v3.json
Pool train CSVs:   (none)
============================================================
Loading primary train: /sc/arion/projects/DiseaseGeneCell/Huang_lab_project/drug_discovery/output/data/enzyme_embeddings_dataset/EITLEM_dataset/EITLEM_kkm_ProteinCLIP_embedding_cold_protein/train.parquet
Loading primary test: /sc/arion/projects/DiseaseGeneCell/Huang_lab_project/drug_discovery/output/data/enzyme_embeddings_dataset/EITLEM_dataset/EITLEM_kkm_ProteinCLIP_embedding_cold_protein/test.parquet
Loading primary val: /sc/arion/projects/DiseaseGeneCell/Huang_lab_project/drug_discovery/output/data/enzyme_embeddings_dataset/EITLEM_dataset/EITLEM_kkm_ProteinCLIP_embedding_cold_protein/val.parquet
Detected prot_evo_channels = 128
seq2feat: 6607 unique sequences.
model_version: v3, use_swa: False
Building protein graphs from scratch (this can be slow)...
U, B, O, or 0 in Sequence
U, B, O, or 0 in Sequence
U, B, O, or 0 in Sequence
U, B, O, or 0 in Sequence
U, B, O, or 0 in Sequence
U, B, O, or 0 in Sequence
Building ligand graphs from scratch...
loaders ready: train=599 test=171 val=88
Computing PNA degrees from training data...
Built TraceKinV3 with 6,852,123 parameters
[LR schedule] schedule_lr=False, lrate=0.0001, min_lrate=0, warmup_iters=0, lr_decay_iters=59900, total_iters=59900
Not in terminal, reprint now using normal build-in print function.
                              
                              
----------------------------------------
Epoch 001 with LR 0.000100: Model Results
----------------------------------------
Train MSE Loss: 2.9384, Train CLS Loss: 0.0000, Train MCLS Loss: 0.0000
Protein Cluster Region Loss - Ortho Loss: 1.7822, Cluster Loss: -2.5535
                              
Validation Results: {
    "ci": 0.6203,
    "classification_loss": 0.0,
    "cluster_loss": -2.4428,
    "mae": 1.2857,
    "mse": 2.6571,
    "multiclassification_loss": 0.0,
    "ortho_loss": 1.2381,
    "pearson": 0.3447,
    "regression_loss": 2.659,
    "rm2": 0.1176,
    "rmse": 1.6301,
    "sd": 1.6277,
    "spearman": 0.3554,
    "spectral_loss": 0.0
}
                              
Test Results: {
    "ci": 0.6016,
    "classification_loss": 0.0,
    "cluster_loss": -2.4429,
    "mae": 1.3025,
    "mse": 2.8098,
    "multiclassification_loss": 0.0,
    "ortho_loss": 1.2348,
    "pearson": 0.2967,
    "regression_loss": 2.8029,
    "rm2": 0.0872,
    "rmse": 1.6762,
    "sd": 1.657,
    "spearman": 0.2997,
    "spectral_loss": 0.0
}
                              
                              
----------------------------------------
Epoch 002 with LR 0.000100: Model Results
----------------------------------------
Train MSE Loss: 2.5390, Train CLS Loss: 0.0000, Train MCLS Loss: 0.0000
Protein Cluster Region Loss - Ortho Loss: 1.0730, Cluster Loss: -2.4233
                              
Validation Results: {
    "ci": 0.6428,
    "classification_loss": 0.0,
    "cluster_loss": -2.417,
    "mae": 1.2551,
    "mse": 2.5445,
    "multiclassification_loss": 0.0,
    "ortho_loss": 1.0608,
    "pearson": 0.4083,
    "regression_loss": 2.5453,
    "rm2": 0.1562,
    "rmse": 1.5952,
    "sd": 1.5829,
    "spearman": 0.4183,
    "spectral_loss": 0.0
}
                              
Test Results: {
    "ci": 0.6196,
    "classification_loss": 0.0,
    "cluster_loss": -2.4187,
    "mae": 1.2797,
    "mse": 2.6952,
    "multiclassification_loss": 0.0,
    "ortho_loss": 1.0711,
    "pearson": 0.3459,
    "regression_loss": 2.6875,
    "rm2": 0.1136,
    "rmse": 1.6417,
    "sd": 1.628,
    "spearman": 0.3512,
    "spectral_loss": 0.0
}
                              
                              
----------------------------------------
Epoch 003 with LR 0.000100: Model Results
----------------------------------------
Train MSE Loss: 2.3270, Train CLS Loss: 0.0000, Train MCLS Loss: 0.0000
Protein Cluster Region Loss - Ortho Loss: 0.9249, Cluster Loss: -2.4092
                              
Validation Results: {
    "ci": 0.6534,
    "classification_loss": 0.0,
    "cluster_loss": -2.4121,
    "mae": 1.2221,
    "mse": 2.4762,
    "multiclassification_loss": 0.0,
    "ortho_loss": 0.9509,
    "pearson": 0.435,
    "regression_loss": 2.4765,
    "rm2": 0.177,
    "rmse": 1.5736,
    "sd": 1.5613,
    "spearman": 0.4462,
    "spectral_loss": 0.0
}
                              
Test Results: {
    "ci": 0.6344,
    "classification_loss": 0.0,
    "cluster_loss": -2.4135,
    "mae": 1.2519,
    "mse": 2.6132,
    "multiclassification_loss": 0.0,
    "ortho_loss": 0.9536,
    "pearson": 0.3917,
    "regression_loss": 2.6059,
    "rm2": 0.1465,
    "rmse": 1.6166,
    "sd": 1.5964,
    "spearman": 0.3915,
    "spectral_loss": 0.0
}
                              
                              
----------------------------------------
Epoch 004 with LR 0.000100: Model Results
----------------------------------------
Train MSE Loss: 2.1384, Train CLS Loss: 0.0000, Train MCLS Loss: 0.0000
Protein Cluster Region Loss - Ortho Loss: 0.8533, Cluster Loss: -2.4080
                              
Validation Results: {
    "ci": 0.6569,
    "classification_loss": 0.0,
    "cluster_loss": -2.4086,
    "mae": 1.1981,
    "mse": 2.3893,
    "multiclassification_loss": 0.0,
    "ortho_loss": 0.901,
    "pearson": 0.459,
    "regression_loss": 2.3894,
    "rm2": 0.2046,
    "rmse": 1.5457,
    "sd": 1.5406,
    "spearman": 0.455,
    "spectral_loss": 0.0
}
                              
Test Results: {
    "ci": 0.6314,
    "classification_loss": 0.0,
    "cluster_loss": -2.4104,
    "mae": 1.2501,
    "mse": 2.6397,
    "multiclassification_loss": 0.0,
    "ortho_loss": 0.902,
    "pearson": 0.39,
    "regression_loss": 2.6327,
    "rm2": 0.1476,
    "rmse": 1.6247,
    "sd": 1.5977,
    "spearman": 0.3802,
    "spectral_loss": 0.0
}
                              
                              
----------------------------------------
Epoch 005 with LR 0.000100: Model Results
----------------------------------------
Train MSE Loss: 2.0020, Train CLS Loss: 0.0000, Train MCLS Loss: 0.0000
Protein Cluster Region Loss - Ortho Loss: 0.8106, Cluster Loss: -2.4081
                              
Validation Results: {
    "ci": 0.667,
    "classification_loss": 0.0,
    "cluster_loss": -2.4148,
    "mae": 1.1989,
    "mse": 2.4337,
    "multiclassification_loss": 0.0,
    "ortho_loss": 0.8832,
    "pearson": 0.4744,
    "regression_loss": 2.4333,
    "rm2": 0.1998,
    "rmse": 1.56,
    "sd": 1.5265,
    "spearman": 0.4801,
    "spectral_loss": 0.0
}
                              
Test Results: {
    "ci": 0.6314,
    "classification_loss": 0.0,
    "cluster_loss": -2.4104,
    "mae": 1.2501,
    "mse": 2.6397,
    "multiclassification_loss": 0.0,
    "ortho_loss": 0.902,
    "pearson": 0.39,
    "regression_loss": 2.6327,
    "rm2": 0.1476,
    "rmse": 1.6247,
    "sd": 1.5977,
    "spearman": 0.3802,
    "spectral_loss": 0.0
}
                              
                              
----------------------------------------
Epoch 006 with LR 0.000100: Model Results
----------------------------------------
Train MSE Loss: 1.8203, Train CLS Loss: 0.0000, Train MCLS Loss: 0.0000
Protein Cluster Region Loss - Ortho Loss: 0.8084, Cluster Loss: -2.4090
                              
Validation Results: {
    "ci": 0.6689,
    "classification_loss": 0.0,
    "cluster_loss": -2.403,
    "mae": 1.1928,
    "mse": 2.4479,
    "multiclassification_loss": 0.0,
    "ortho_loss": 0.8743,
    "pearson": 0.476,
    "regression_loss": 2.4486,
    "rm2": 0.2253,
    "rmse": 1.5646,
    "sd": 1.5249,
    "spearman": 0.4843,
    "spectral_loss": 0.0
}
                              
Test Results: {
    "ci": 0.6314,
    "classification_loss": 0.0,
    "cluster_loss": -2.4104,
    "mae": 1.2501,
    "mse": 2.6397,
    "multiclassification_loss": 0.0,
    "ortho_loss": 0.902,
    "pearson": 0.39,
    "regression_loss": 2.6327,
    "rm2": 0.1476,
    "rmse": 1.6247,
    "sd": 1.5977,
    "spearman": 0.3802,
    "spectral_loss": 0.0
}
                              
                              
----------------------------------------
Epoch 007 with LR 0.000100: Model Results
----------------------------------------
Train MSE Loss: 1.6554, Train CLS Loss: 0.0000, Train MCLS Loss: 0.0000
Protein Cluster Region Loss - Ortho Loss: 0.8241, Cluster Loss: -2.4092
                              
Validation Results: {
    "ci": 0.6738,
    "classification_loss": 0.0,
    "cluster_loss": -2.4063,
    "mae": 1.1856,
    "mse": 2.4399,
    "multiclassification_loss": 0.0,
    "ortho_loss": 0.862,
    "pearson": 0.4848,
    "regression_loss": 2.4397,
    "rm2": 0.2055,
    "rmse": 1.562,
    "sd": 1.5166,
    "spearman": 0.498,
    "spectral_loss": 0.0
}
                              
Test Results: {
    "ci": 0.6314,
    "classification_loss": 0.0,
    "cluster_loss": -2.4104,
    "mae": 1.2501,
    "mse": 2.6397,
    "multiclassification_loss": 0.0,
    "ortho_loss": 0.902,
    "pearson": 0.39,
    "regression_loss": 2.6327,
    "rm2": 0.1476,
    "rmse": 1.6247,
    "sd": 1.5977,
    "spearman": 0.3802,
    "spectral_loss": 0.0
}
                              
                              
----------------------------------------
Epoch 008 with LR 0.000100: Model Results
----------------------------------------
Train MSE Loss: 1.5577, Train CLS Loss: 0.0000, Train MCLS Loss: 0.0000
Protein Cluster Region Loss - Ortho Loss: 0.8123, Cluster Loss: -2.4110
                              
Validation Results: {
    "ci": 0.6781,
    "classification_loss": 0.0,
    "cluster_loss": -2.4096,
    "mae": 1.1684,
    "mse": 2.4147,
    "multiclassification_loss": 0.0,
    "ortho_loss": 0.879,
    "pearson": 0.4911,
    "regression_loss": 2.4143,
    "rm2": 0.2131,
    "rmse": 1.5539,
    "sd": 1.5105,
    "spearman": 0.507,
    "spectral_loss": 0.0
}
                              
Test Results: {
    "ci": 0.6314,
    "classification_loss": 0.0,
    "cluster_loss": -2.4104,
    "mae": 1.2501,
    "mse": 2.6397,
    "multiclassification_loss": 0.0,
    "ortho_loss": 0.902,
    "pearson": 0.39,
    "regression_loss": 2.6327,
    "rm2": 0.1476,
    "rmse": 1.6247,
    "sd": 1.5977,
    "spearman": 0.3802,
    "spectral_loss": 0.0
}
                              
                              
----------------------------------------
Epoch 009 with LR 0.000100: Model Results
----------------------------------------
Train MSE Loss: 1.4391, Train CLS Loss: 0.0000, Train MCLS Loss: 0.0000
Protein Cluster Region Loss - Ortho Loss: 0.8057, Cluster Loss: -2.4129
                              
Validation Results: {
    "ci": 0.6647,
    "classification_loss": 0.0,
    "cluster_loss": -2.421,
    "mae": 1.2107,
    "mse": 2.5844,
    "multiclassification_loss": 0.0,
    "ortho_loss": 0.8917,
    "pearson": 0.4646,
    "regression_loss": 2.5842,
    "rm2": 0.1924,
    "rmse": 1.6076,
    "sd": 1.5355,
    "spearman": 0.4707,
    "spectral_loss": 0.0
}
                              
Test Results: {
    "ci": 0.6314,
    "classification_loss": 0.0,
    "cluster_loss": -2.4104,
    "mae": 1.2501,
    "mse": 2.6397,
    "multiclassification_loss": 0.0,
    "ortho_loss": 0.902,
    "pearson": 0.39,
    "regression_loss": 2.6327,
    "rm2": 0.1476,
    "rmse": 1.6247,
    "sd": 1.5977,
    "spearman": 0.3802,
    "spectral_loss": 0.0
}
                              
                              
----------------------------------------
Epoch 010 with LR 0.000100: Model Results
----------------------------------------
Train MSE Loss: 1.3639, Train CLS Loss: 0.0000, Train MCLS Loss: 0.0000
Protein Cluster Region Loss - Ortho Loss: 0.7991, Cluster Loss: -2.4151
                              
Validation Results: {
    "ci": 0.6612,
    "classification_loss": 0.0,
    "cluster_loss": -2.4178,
    "mae": 1.2487,
    "mse": 2.7041,
    "multiclassification_loss": 0.0,
    "ortho_loss": 0.8945,
    "pearson": 0.4481,
    "regression_loss": 2.704,
    "rm2": 0.1698,
    "rmse": 1.6444,
    "sd": 1.5502,
    "spearman": 0.4619,
    "spectral_loss": 0.0
}
                              
Test Results: {
    "ci": 0.6314,
    "classification_loss": 0.0,
    "cluster_loss": -2.4104,
    "mae": 1.2501,
    "mse": 2.6397,
    "multiclassification_loss": 0.0,
    "ortho_loss": 0.902,
    "pearson": 0.39,
    "regression_loss": 2.6327,
    "rm2": 0.1476,
    "rmse": 1.6247,
    "sd": 1.5977,
    "spearman": 0.3802,
    "spectral_loss": 0.0
}
                              
                              
----------------------------------------
Epoch 011 with LR 0.000100: Model Results
----------------------------------------
Train MSE Loss: 1.2986, Train CLS Loss: 0.0000, Train MCLS Loss: 0.0000
Protein Cluster Region Loss - Ortho Loss: 0.7903, Cluster Loss: -2.4141
                              
Validation Results: {
    "ci": 0.6774,
    "classification_loss": 0.0,
    "cluster_loss": -2.4017,
    "mae": 1.1636,
    "mse": 2.3892,
    "multiclassification_loss": 0.0,
    "ortho_loss": 0.8848,
    "pearson": 0.4984,
    "regression_loss": 2.3892,
    "rm2": 0.2466,
    "rmse": 1.5457,
    "sd": 1.5032,
    "spearman": 0.5061,
    "spectral_loss": 0.0
}
                              
Test Results: {
    "ci": 0.6314,
    "classification_loss": 0.0,
    "cluster_loss": -2.4104,
    "mae": 1.2501,
    "mse": 2.6397,
    "multiclassification_loss": 0.0,
    "ortho_loss": 0.902,
    "pearson": 0.39,
    "regression_loss": 2.6327,
    "rm2": 0.1476,
    "rmse": 1.6247,
    "sd": 1.5977,
    "spearman": 0.3802,
    "spectral_loss": 0.0
}
                              
                              
----------------------------------------
Epoch 012 with LR 0.000100: Model Results
----------------------------------------
Train MSE Loss: 1.2450, Train CLS Loss: 0.0000, Train MCLS Loss: 0.0000
Protein Cluster Region Loss - Ortho Loss: 0.7757, Cluster Loss: -2.4147
                              
Validation Results: {
    "ci": 0.6827,
    "classification_loss": 0.0,
    "cluster_loss": -2.4152,
    "mae": 1.1312,
    "mse": 2.3263,
    "multiclassification_loss": 0.0,
    "ortho_loss": 0.8308,
    "pearson": 0.4981,
    "regression_loss": 2.3262,
    "rm2": 0.2295,
    "rmse": 1.5252,
    "sd": 1.5036,
    "spearman": 0.5155,
    "spectral_loss": 0.0
}
                              
Test Results: {
    "ci": 0.6705,
    "classification_loss": 0.0,
    "cluster_loss": -2.4178,
    "mae": 1.1591,
    "mse": 2.3672,
    "multiclassification_loss": 0.0,
    "ortho_loss": 0.8431,
    "pearson": 0.4971,
    "regression_loss": 2.3631,
    "rm2": 0.2321,
    "rmse": 1.5386,
    "sd": 1.5055,
    "spearman": 0.4807,
    "spectral_loss": 0.0
}
                              
                              
----------------------------------------
Epoch 013 with LR 0.000100: Model Results
----------------------------------------
Train MSE Loss: 1.2009, Train CLS Loss: 0.0000, Train MCLS Loss: 0.0000
Protein Cluster Region Loss - Ortho Loss: 0.7680, Cluster Loss: -2.4169
                              
Validation Results: {
    "ci": 0.6797,
    "classification_loss": 0.0,
    "cluster_loss": -2.4136,
    "mae": 1.1784,
    "mse": 2.5141,
    "multiclassification_loss": 0.0,
    "ortho_loss": 0.8332,
    "pearson": 0.4892,
    "regression_loss": 2.5136,
    "rm2": 0.2055,
    "rmse": 1.5856,
    "sd": 1.5123,
    "spearman": 0.5071,
    "spectral_loss": 0.0
}
                              
Test Results: {
    "ci": 0.6705,
    "classification_loss": 0.0,
    "cluster_loss": -2.4178,
    "mae": 1.1591,
    "mse": 2.3672,
    "multiclassification_loss": 0.0,
    "ortho_loss": 0.8431,
    "pearson": 0.4971,
    "regression_loss": 2.3631,
    "rm2": 0.2321,
    "rmse": 1.5386,
    "sd": 1.5055,
    "spearman": 0.4807,
    "spectral_loss": 0.0
}
                              
                              
----------------------------------------
Epoch 014 with LR 0.000100: Model Results
----------------------------------------
Train MSE Loss: 1.1535, Train CLS Loss: 0.0000, Train MCLS Loss: 0.0000
Protein Cluster Region Loss - Ortho Loss: 0.7539, Cluster Loss: -2.4173
                              
Validation Results: {
    "ci": 0.6732,
    "classification_loss": 0.0,
    "cluster_loss": -2.4186,
    "mae": 1.1751,
    "mse": 2.5405,
    "multiclassification_loss": 0.0,
    "ortho_loss": 0.8268,
    "pearson": 0.4745,
    "regression_loss": 2.5402,
    "rm2": 0.1964,
    "rmse": 1.5939,
    "sd": 1.5264,
    "spearman": 0.4885,
    "spectral_loss": 0.0
}
                              
Test Results: {
    "ci": 0.6705,
    "classification_loss": 0.0,
    "cluster_loss": -2.4178,
    "mae": 1.1591,
    "mse": 2.3672,
    "multiclassification_loss": 0.0,
    "ortho_loss": 0.8431,
    "pearson": 0.4971,
    "regression_loss": 2.3631,
    "rm2": 0.2321,
    "rmse": 1.5386,
    "sd": 1.5055,
    "spearman": 0.4807,
    "spectral_loss": 0.0
}
                              
                              
----------------------------------------
Epoch 015 with LR 0.000100: Model Results
----------------------------------------
Train MSE Loss: 1.1294, Train CLS Loss: 0.0000, Train MCLS Loss: 0.0000
Protein Cluster Region Loss - Ortho Loss: 0.7480, Cluster Loss: -2.4170
                              
Validation Results: {
    "ci": 0.6759,
    "classification_loss": 0.0,
    "cluster_loss": -2.4145,
    "mae": 1.1879,
    "mse": 2.538,
    "multiclassification_loss": 0.0,
    "ortho_loss": 0.84,
    "pearson": 0.4818,
    "regression_loss": 2.5384,
    "rm2": 0.2159,
    "rmse": 1.5931,
    "sd": 1.5194,
    "spearman": 0.4986,
    "spectral_loss": 0.0
}
                              
Test Results: {
    "ci": 0.6705,
    "classification_loss": 0.0,
    "cluster_loss": -2.4178,
    "mae": 1.1591,
    "mse": 2.3672,
    "multiclassification_loss": 0.0,
    "ortho_loss": 0.8431,
    "pearson": 0.4971,
    "regression_loss": 2.3631,
    "rm2": 0.2321,
    "rmse": 1.5386,
    "sd": 1.5055,
    "spearman": 0.4807,
    "spectral_loss": 0.0
}
                              
                              
----------------------------------------
Epoch 016 with LR 0.000100: Model Results
----------------------------------------
Train MSE Loss: 1.0680, Train CLS Loss: 0.0000, Train MCLS Loss: 0.0000
Protein Cluster Region Loss - Ortho Loss: 0.7509, Cluster Loss: -2.4173
                              
Validation Results: {
    "ci": 0.6801,
    "classification_loss": 0.0,
    "cluster_loss": -2.4092,
    "mae": 1.1436,
    "mse": 2.3983,
    "multiclassification_loss": 0.0,
    "ortho_loss": 0.835,
    "pearson": 0.486,
    "regression_loss": 2.3985,
    "rm2": 0.2195,
    "rmse": 1.5486,
    "sd": 1.5154,
    "spearman": 0.5065,
    "spectral_loss": 0.0
}
                              
Test Results: {
    "ci": 0.6705,
    "classification_loss": 0.0,
    "cluster_loss": -2.4178,
    "mae": 1.1591,
    "mse": 2.3672,
    "multiclassification_loss": 0.0,
    "ortho_loss": 0.8431,
    "pearson": 0.4971,
    "regression_loss": 2.3631,
    "rm2": 0.2321,
    "rmse": 1.5386,
    "sd": 1.5055,
    "spearman": 0.4807,
    "spectral_loss": 0.0
}
                              
                              
----------------------------------------
Epoch 017 with LR 0.000100: Model Results
----------------------------------------
Train MSE Loss: 1.0417, Train CLS Loss: 0.0000, Train MCLS Loss: 0.0000
Protein Cluster Region Loss - Ortho Loss: 0.7237, Cluster Loss: -2.4176
                              
Validation Results: {
    "ci": 0.6793,
    "classification_loss": 0.0,
    "cluster_loss": -2.4174,
    "mae": 1.1674,
    "mse": 2.4691,
    "multiclassification_loss": 0.0,
    "ortho_loss": 0.7887,
    "pearson": 0.4884,
    "regression_loss": 2.4693,
    "rm2": 0.2169,
    "rmse": 1.5713,
    "sd": 1.5131,
    "spearman": 0.5039,
    "spectral_loss": 0.0
}
                              
Test Results: {
    "ci": 0.6705,
    "classification_loss": 0.0,
    "cluster_loss": -2.4178,
    "mae": 1.1591,
    "mse": 2.3672,
    "multiclassification_loss": 0.0,
    "ortho_loss": 0.8431,
    "pearson": 0.4971,
    "regression_loss": 2.3631,
    "rm2": 0.2321,
    "rmse": 1.5386,
    "sd": 1.5055,
    "spearman": 0.4807,
    "spectral_loss": 0.0
}
                              
                              
----------------------------------------
Epoch 018 with LR 0.000100: Model Results
----------------------------------------
Train MSE Loss: 1.0223, Train CLS Loss: 0.0000, Train MCLS Loss: 0.0000
Protein Cluster Region Loss - Ortho Loss: 0.7229, Cluster Loss: -2.4185
                              
Validation Results: {
    "ci": 0.6782,
    "classification_loss": 0.0,
    "cluster_loss": -2.4216,
    "mae": 1.1711,
    "mse": 2.5231,
    "multiclassification_loss": 0.0,
    "ortho_loss": 0.8537,
    "pearson": 0.4899,
    "regression_loss": 2.5233,
    "rm2": 0.225,
    "rmse": 1.5884,
    "sd": 1.5116,
    "spearman": 0.5024,
    "spectral_loss": 0.0
}
                              
Test Results: {
    "ci": 0.6705,
    "classification_loss": 0.0,
    "cluster_loss": -2.4178,
    "mae": 1.1591,
    "mse": 2.3672,
    "multiclassification_loss": 0.0,
    "ortho_loss": 0.8431,
    "pearson": 0.4971,
    "regression_loss": 2.3631,
    "rm2": 0.2321,
    "rmse": 1.5386,
    "sd": 1.5055,
    "spearman": 0.4807,
    "spectral_loss": 0.0
}
                              
                              
----------------------------------------
Epoch 019 with LR 0.000100: Model Results
----------------------------------------
Train MSE Loss: 0.9913, Train CLS Loss: 0.0000, Train MCLS Loss: 0.0000
Protein Cluster Region Loss - Ortho Loss: 0.7069, Cluster Loss: -2.4188
                              
Validation Results: {
    "ci": 0.683,
    "classification_loss": 0.0,
    "cluster_loss": -2.4146,
    "mae": 1.159,
    "mse": 2.4492,
    "multiclassification_loss": 0.0,
    "ortho_loss": 0.8031,
    "pearson": 0.4945,
    "regression_loss": 2.4491,
    "rm2": 0.2231,
    "rmse": 1.565,
    "sd": 1.5071,
    "spearman": 0.5155,
    "spectral_loss": 0.0
}
                              
Test Results: {
    "ci": 0.6705,
    "classification_loss": 0.0,
    "cluster_loss": -2.4178,
    "mae": 1.1591,
    "mse": 2.3672,
    "multiclassification_loss": 0.0,
    "ortho_loss": 0.8431,
    "pearson": 0.4971,
    "regression_loss": 2.3631,
    "rm2": 0.2321,
    "rmse": 1.5386,
    "sd": 1.5055,
    "spearman": 0.4807,
    "spectral_loss": 0.0
}
                              
                              
----------------------------------------
Epoch 020 with LR 0.000100: Model Results
----------------------------------------
Train MSE Loss: 0.9703, Train CLS Loss: 0.0000, Train MCLS Loss: 0.0000
Protein Cluster Region Loss - Ortho Loss: 0.7028, Cluster Loss: -2.4194
                              
Validation Results: {
    "ci": 0.6781,
    "classification_loss": 0.0,
    "cluster_loss": -2.4177,
    "mae": 1.1925,
    "mse": 2.6335,
    "multiclassification_loss": 0.0,
    "ortho_loss": 0.7915,
    "pearson": 0.4801,
    "regression_loss": 2.6334,
    "rm2": 0.2127,
    "rmse": 1.6228,
    "sd": 1.5211,
    "spearman": 0.4998,
    "spectral_loss": 0.0
}
                              
Test Results: {
    "ci": 0.6705,
    "classification_loss": 0.0,
    "cluster_loss": -2.4178,
    "mae": 1.1591,
    "mse": 2.3672,
    "multiclassification_loss": 0.0,
    "ortho_loss": 0.8431,
    "pearson": 0.4971,
    "regression_loss": 2.3631,
    "rm2": 0.2321,
    "rmse": 1.5386,
    "sd": 1.5055,
    "spearman": 0.4807,
    "spectral_loss": 0.0
}
                              
                              
----------------------------------------
Epoch 021 with LR 0.000100: Model Results
----------------------------------------
Train MSE Loss: 0.9560, Train CLS Loss: 0.0000, Train MCLS Loss: 0.0000
Protein Cluster Region Loss - Ortho Loss: 0.6939, Cluster Loss: -2.4196
                              
Validation Results: {
    "ci": 0.6789,
    "classification_loss": 0.0,
    "cluster_loss": -2.4134,
    "mae": 1.1795,
    "mse": 2.485,
    "multiclassification_loss": 0.0,
    "ortho_loss": 0.7999,
    "pearson": 0.4939,
    "regression_loss": 2.4849,
    "rm2": 0.2166,
    "rmse": 1.5764,
    "sd": 1.5077,
    "spearman": 0.5068,
    "spectral_loss": 0.0
}
                              
Test Results: {
    "ci": 0.6705,
    "classification_loss": 0.0,
    "cluster_loss": -2.4178,
    "mae": 1.1591,
    "mse": 2.3672,
    "multiclassification_loss": 0.0,
    "ortho_loss": 0.8431,
    "pearson": 0.4971,
    "regression_loss": 2.3631,
    "rm2": 0.2321,
    "rmse": 1.5386,
    "sd": 1.5055,
    "spearman": 0.4807,
    "spectral_loss": 0.0
}
                              
                              
----------------------------------------
Epoch 022 with LR 0.000100: Model Results
----------------------------------------
Train MSE Loss: 0.9219, Train CLS Loss: 0.0000, Train MCLS Loss: 0.0000
Protein Cluster Region Loss - Ortho Loss: 0.6956, Cluster Loss: -2.4200
                              
Validation Results: {
    "ci": 0.682,
    "classification_loss": 0.0,
    "cluster_loss": -2.4229,
    "mae": 1.1599,
    "mse": 2.5256,
    "multiclassification_loss": 0.0,
    "ortho_loss": 0.7699,
    "pearson": 0.4931,
    "regression_loss": 2.5253,
    "rm2": 0.2233,
    "rmse": 1.5892,
    "sd": 1.5086,
    "spearman": 0.5074,
    "spectral_loss": 0.0
}
                              
Test Results: {
    "ci": 0.6705,
    "classification_loss": 0.0,
    "cluster_loss": -2.4178,
    "mae": 1.1591,
    "mse": 2.3672,
    "multiclassification_loss": 0.0,
    "ortho_loss": 0.8431,
    "pearson": 0.4971,
    "regression_loss": 2.3631,
    "rm2": 0.2321,
    "rmse": 1.5386,
    "sd": 1.5055,
    "spearman": 0.4807,
    "spectral_loss": 0.0
}
                              
                              
----------------------------------------
Epoch 023 with LR 0.000100: Model Results
----------------------------------------
Train MSE Loss: 0.9108, Train CLS Loss: 0.0000, Train MCLS Loss: 0.0000
Protein Cluster Region Loss - Ortho Loss: 0.6780, Cluster Loss: -2.4208
                              
Validation Results: {
    "ci": 0.6844,
    "classification_loss": 0.0,
    "cluster_loss": -2.4168,
    "mae": 1.132,
    "mse": 2.3773,
    "multiclassification_loss": 0.0,
    "ortho_loss": 0.7747,
    "pearson": 0.4984,
    "regression_loss": 2.3769,
    "rm2": 0.2262,
    "rmse": 1.5418,
    "sd": 1.5033,
    "spearman": 0.5159,
    "spectral_loss": 0.0
}
                              
Test Results: {
    "ci": 0.6705,
    "classification_loss": 0.0,
    "cluster_loss": -2.4178,
    "mae": 1.1591,
    "mse": 2.3672,
    "multiclassification_loss": 0.0,
    "ortho_loss": 0.8431,
    "pearson": 0.4971,
    "regression_loss": 2.3631,
    "rm2": 0.2321,
    "rmse": 1.5386,
    "sd": 1.5055,
    "spearman": 0.4807,
    "spectral_loss": 0.0
}
                              
                              
----------------------------------------
Epoch 024 with LR 0.000100: Model Results
----------------------------------------
Train MSE Loss: 0.9041, Train CLS Loss: 0.0000, Train MCLS Loss: 0.0000
Protein Cluster Region Loss - Ortho Loss: 0.6709, Cluster Loss: -2.4209
                              
Validation Results: {
    "ci": 0.6848,
    "classification_loss": 0.0,
    "cluster_loss": -2.4196,
    "mae": 1.157,
    "mse": 2.5138,
    "multiclassification_loss": 0.0,
    "ortho_loss": 0.7662,
    "pearson": 0.4866,
    "regression_loss": 2.5133,
    "rm2": 0.2038,
    "rmse": 1.5855,
    "sd": 1.5148,
    "spearman": 0.516,
    "spectral_loss": 0.0
}
                              
Test Results: {
    "ci": 0.6705,
    "classification_loss": 0.0,
    "cluster_loss": -2.4178,
    "mae": 1.1591,
    "mse": 2.3672,
    "multiclassification_loss": 0.0,
    "ortho_loss": 0.8431,
    "pearson": 0.4971,
    "regression_loss": 2.3631,
    "rm2": 0.2321,
    "rmse": 1.5386,
    "sd": 1.5055,
    "spearman": 0.4807,
    "spectral_loss": 0.0
}
                              
                              
----------------------------------------
Epoch 025 with LR 0.000100: Model Results
----------------------------------------
Train MSE Loss: 0.8675, Train CLS Loss: 0.0000, Train MCLS Loss: 0.0000
Protein Cluster Region Loss - Ortho Loss: 0.6677, Cluster Loss: -2.4224
                              
Validation Results: {
    "ci": 0.6853,
    "classification_loss": 0.0,
    "cluster_loss": -2.427,
    "mae": 1.1512,
    "mse": 2.5416,
    "multiclassification_loss": 0.0,
    "ortho_loss": 0.7657,
    "pearson": 0.4898,
    "regression_loss": 2.5412,
    "rm2": 0.2126,
    "rmse": 1.5943,
    "sd": 1.5118,
    "spearman": 0.5136,
    "spectral_loss": 0.0
}
                              
Test Results: {
    "ci": 0.6705,
    "classification_loss": 0.0,
    "cluster_loss": -2.4178,
    "mae": 1.1591,
    "mse": 2.3672,
    "multiclassification_loss": 0.0,
    "ortho_loss": 0.8431,
    "pearson": 0.4971,
    "regression_loss": 2.3631,
    "rm2": 0.2321,
    "rmse": 1.5386,
    "sd": 1.5055,
    "spearman": 0.4807,
    "spectral_loss": 0.0
}
                              
                              
----------------------------------------
Epoch 026 with LR 0.000100: Model Results
----------------------------------------
Train MSE Loss: 0.8502, Train CLS Loss: 0.0000, Train MCLS Loss: 0.0000
Protein Cluster Region Loss - Ortho Loss: 0.6611, Cluster Loss: -2.4219
                              
Validation Results: {
    "ci": 0.6833,
    "classification_loss": 0.0,
    "cluster_loss": -2.4251,
    "mae": 1.1672,
    "mse": 2.5196,
    "multiclassification_loss": 0.0,
    "ortho_loss": 0.7608,
    "pearson": 0.4946,
    "regression_loss": 2.5194,
    "rm2": 0.211,
    "rmse": 1.5873,
    "sd": 1.507,
    "spearman": 0.5131,
    "spectral_loss": 0.0
}
                              
Test Results: {
    "ci": 0.6705,
    "classification_loss": 0.0,
    "cluster_loss": -2.4178,
    "mae": 1.1591,
    "mse": 2.3672,
    "multiclassification_loss": 0.0,
    "ortho_loss": 0.8431,
    "pearson": 0.4971,
    "regression_loss": 2.3631,
    "rm2": 0.2321,
    "rmse": 1.5386,
    "sd": 1.5055,
    "spearman": 0.4807,
    "spectral_loss": 0.0
}
                              
                              
----------------------------------------
Epoch 027 with LR 0.000100: Model Results
----------------------------------------
Train MSE Loss: 0.8514, Train CLS Loss: 0.0000, Train MCLS Loss: 0.0000
Protein Cluster Region Loss - Ortho Loss: 0.6557, Cluster Loss: -2.4236
                              
Validation Results: {
    "ci": 0.6798,
    "classification_loss": 0.0,
    "cluster_loss": -2.423,
    "mae": 1.1721,
    "mse": 2.6136,
    "multiclassification_loss": 0.0,
    "ortho_loss": 0.7444,
    "pearson": 0.4854,
    "regression_loss": 2.6133,
    "rm2": 0.2117,
    "rmse": 1.6167,
    "sd": 1.516,
    "spearman": 0.5006,
    "spectral_loss": 0.0
}
                              
Test Results: {
    "ci": 0.6705,
    "classification_loss": 0.0,
    "cluster_loss": -2.4178,
    "mae": 1.1591,
    "mse": 2.3672,
    "multiclassification_loss": 0.0,
    "ortho_loss": 0.8431,
    "pearson": 0.4971,
    "regression_loss": 2.3631,
    "rm2": 0.2321,
    "rmse": 1.5386,
    "sd": 1.5055,
    "spearman": 0.4807,
    "spectral_loss": 0.0
}
                              
                              
----------------------------------------
Epoch 028 with LR 0.000100: Model Results
----------------------------------------
Train MSE Loss: 0.8296, Train CLS Loss: 0.0000, Train MCLS Loss: 0.0000
Protein Cluster Region Loss - Ortho Loss: 0.6470, Cluster Loss: -2.4229
                              
Validation Results: {
    "ci": 0.6881,
    "classification_loss": 0.0,
    "cluster_loss": -2.4125,
    "mae": 1.1723,
    "mse": 2.5751,
    "multiclassification_loss": 0.0,
    "ortho_loss": 0.7764,
    "pearson": 0.5034,
    "regression_loss": 2.574,
    "rm2": 0.2058,
    "rmse": 1.6047,
    "sd": 1.4982,
    "spearman": 0.5221,
    "spectral_loss": 0.0
}
                              
Test Results: {
    "ci": 0.6705,
    "classification_loss": 0.0,
    "cluster_loss": -2.4178,
    "mae": 1.1591,
    "mse": 2.3672,
    "multiclassification_loss": 0.0,
    "ortho_loss": 0.8431,
    "pearson": 0.4971,
    "regression_loss": 2.3631,
    "rm2": 0.2321,
    "rmse": 1.5386,
    "sd": 1.5055,
    "spearman": 0.4807,
    "spectral_loss": 0.0
}
                              
                              
----------------------------------------
Epoch 029 with LR 0.000100: Model Results
----------------------------------------
Train MSE Loss: 0.8258, Train CLS Loss: 0.0000, Train MCLS Loss: 0.0000
Protein Cluster Region Loss - Ortho Loss: 0.6455, Cluster Loss: -2.4241
                              
Validation Results: {
    "ci": 0.6922,
    "classification_loss": 0.0,
    "cluster_loss": -2.4254,
    "mae": 1.1367,
    "mse": 2.4137,
    "multiclassification_loss": 0.0,
    "ortho_loss": 0.7569,
    "pearson": 0.5146,
    "regression_loss": 2.4132,
    "rm2": 0.2295,
    "rmse": 1.5536,
    "sd": 1.4868,
    "spearman": 0.5359,
    "spectral_loss": 0.0
}
                              
Test Results: {
    "ci": 0.6705,
    "classification_loss": 0.0,
    "cluster_loss": -2.4178,
    "mae": 1.1591,
    "mse": 2.3672,
    "multiclassification_loss": 0.0,
    "ortho_loss": 0.8431,
    "pearson": 0.4971,
    "regression_loss": 2.3631,
    "rm2": 0.2321,
    "rmse": 1.5386,
    "sd": 1.5055,
    "spearman": 0.4807,
    "spectral_loss": 0.0
}
                              
                              
----------------------------------------
Epoch 030 with LR 0.000100: Model Results
----------------------------------------
Train MSE Loss: 0.8024, Train CLS Loss: 0.0000, Train MCLS Loss: 0.0000
Protein Cluster Region Loss - Ortho Loss: 0.6386, Cluster Loss: -2.4255
                              
Validation Results: {
    "ci": 0.6891,
    "classification_loss": 0.0,
    "cluster_loss": -2.4206,
    "mae": 1.1391,
    "mse": 2.4462,
    "multiclassification_loss": 0.0,
    "ortho_loss": 0.7545,
    "pearson": 0.5119,
    "regression_loss": 2.4461,
    "rm2": 0.2405,
    "rmse": 1.564,
    "sd": 1.4896,
    "spearman": 0.5258,
    "spectral_loss": 0.0
}
                              
Test Results: {
    "ci": 0.6705,
    "classification_loss": 0.0,
    "cluster_loss": -2.4178,
    "mae": 1.1591,
    "mse": 2.3672,
    "multiclassification_loss": 0.0,
    "ortho_loss": 0.8431,
    "pearson": 0.4971,
    "regression_loss": 2.3631,
    "rm2": 0.2321,
    "rmse": 1.5386,
    "sd": 1.5055,
    "spearman": 0.4807,
    "spectral_loss": 0.0
}
                              
                              
----------------------------------------
Epoch 031 with LR 0.000100: Model Results
----------------------------------------
Train MSE Loss: 0.7907, Train CLS Loss: 0.0000, Train MCLS Loss: 0.0000
Protein Cluster Region Loss - Ortho Loss: 0.6321, Cluster Loss: -2.4264
                              
Validation Results: {
    "ci": 0.6842,
    "classification_loss": 0.0,
    "cluster_loss": -2.4238,
    "mae": 1.1399,
    "mse": 2.4193,
    "multiclassification_loss": 0.0,
    "ortho_loss": 0.7417,
    "pearson": 0.5042,
    "regression_loss": 2.419,
    "rm2": 0.234,
    "rmse": 1.5554,
    "sd": 1.4974,
    "spearman": 0.5132,
    "spectral_loss": 0.0
}
                              
Test Results: {
    "ci": 0.6705,
    "classification_loss": 0.0,
    "cluster_loss": -2.4178,
    "mae": 1.1591,
    "mse": 2.3672,
    "multiclassification_loss": 0.0,
    "ortho_loss": 0.8431,
    "pearson": 0.4971,
    "regression_loss": 2.3631,
    "rm2": 0.2321,
    "rmse": 1.5386,
    "sd": 1.5055,
    "spearman": 0.4807,
    "spectral_loss": 0.0
}
                              
                              
----------------------------------------
Epoch 032 with LR 0.000100: Model Results
----------------------------------------
Train MSE Loss: 0.7730, Train CLS Loss: 0.0000, Train MCLS Loss: 0.0000
Protein Cluster Region Loss - Ortho Loss: 0.6192, Cluster Loss: -2.4261
                              
Validation Results: {
    "ci": 0.6887,
    "classification_loss": 0.0,
    "cluster_loss": -2.421,
    "mae": 1.135,
    "mse": 2.405,
    "multiclassification_loss": 0.0,
    "ortho_loss": 0.7376,
    "pearson": 0.5091,
    "regression_loss": 2.4047,
    "rm2": 0.2218,
    "rmse": 1.5508,
    "sd": 1.4925,
    "spearman": 0.5215,
    "spectral_loss": 0.0
}
                              
Test Results: {
    "ci": 0.6705,
    "classification_loss": 0.0,
    "cluster_loss": -2.4178,
    "mae": 1.1591,
    "mse": 2.3672,
    "multiclassification_loss": 0.0,
    "ortho_loss": 0.8431,
    "pearson": 0.4971,
    "regression_loss": 2.3631,
    "rm2": 0.2321,
    "rmse": 1.5386,
    "sd": 1.5055,
    "spearman": 0.4807,
    "spectral_loss": 0.0
}
                              
                              
----------------------------------------
Epoch 033 with LR 0.000100: Model Results
----------------------------------------
Train MSE Loss: 0.7685, Train CLS Loss: 0.0000, Train MCLS Loss: 0.0000
Protein Cluster Region Loss - Ortho Loss: 0.6177, Cluster Loss: -2.4256
                              
Validation Results: {
    "ci": 0.687,
    "classification_loss": 0.0,
    "cluster_loss": -2.4292,
    "mae": 1.1511,
    "mse": 2.426,
    "multiclassification_loss": 0.0,
    "ortho_loss": 0.7452,
    "pearson": 0.5104,
    "regression_loss": 2.4258,
    "rm2": 0.2439,
    "rmse": 1.5576,
    "sd": 1.4911,
    "spearman": 0.5227,
    "spectral_loss": 0.0
}
                              
Test Results: {
    "ci": 0.6705,
    "classification_loss": 0.0,
    "cluster_loss": -2.4178,
    "mae": 1.1591,
    "mse": 2.3672,
    "multiclassification_loss": 0.0,
    "ortho_loss": 0.8431,
    "pearson": 0.4971,
    "regression_loss": 2.3631,
    "rm2": 0.2321,
    "rmse": 1.5386,
    "sd": 1.5055,
    "spearman": 0.4807,
    "spectral_loss": 0.0
}
                              
                              
----------------------------------------
Epoch 034 with LR 0.000100: Model Results
----------------------------------------
Train MSE Loss: 0.7539, Train CLS Loss: 0.0000, Train MCLS Loss: 0.0000
Protein Cluster Region Loss - Ortho Loss: 0.6129, Cluster Loss: -2.4266
                              
Validation Results: {
    "ci": 0.6884,
    "classification_loss": 0.0,
    "cluster_loss": -2.4313,
    "mae": 1.1345,
    "mse": 2.4453,
    "multiclassification_loss": 0.0,
    "ortho_loss": 0.739,
    "pearson": 0.5095,
    "regression_loss": 2.4447,
    "rm2": 0.2312,
    "rmse": 1.5638,
    "sd": 1.492,
    "spearman": 0.5211,
    "spectral_loss": 0.0
}
                              
Test Results: {
    "ci": 0.6705,
    "classification_loss": 0.0,
    "cluster_loss": -2.4178,
    "mae": 1.1591,
    "mse": 2.3672,
    "multiclassification_loss": 0.0,
    "ortho_loss": 0.8431,
    "pearson": 0.4971,
    "regression_loss": 2.3631,
    "rm2": 0.2321,
    "rmse": 1.5386,
    "sd": 1.5055,
    "spearman": 0.4807,
    "spectral_loss": 0.0
}
                              
                              
----------------------------------------
Epoch 035 with LR 0.000100: Model Results
----------------------------------------
Train MSE Loss: 0.7471, Train CLS Loss: 0.0000, Train MCLS Loss: 0.0000
Protein Cluster Region Loss - Ortho Loss: 0.6127, Cluster Loss: -2.4276
                              
Validation Results: {
    "ci": 0.6924,
    "classification_loss": 0.0,
    "cluster_loss": -2.4274,
    "mae": 1.1258,
    "mse": 2.3793,
    "multiclassification_loss": 0.0,
    "ortho_loss": 0.7529,
    "pearson": 0.5192,
    "regression_loss": 2.3787,
    "rm2": 0.2409,
    "rmse": 1.5425,
    "sd": 1.4819,
    "spearman": 0.5349,
    "spectral_loss": 0.0
}
                              
Test Results: {
    "ci": 0.6705,
    "classification_loss": 0.0,
    "cluster_loss": -2.4178,
    "mae": 1.1591,
    "mse": 2.3672,
    "multiclassification_loss": 0.0,
    "ortho_loss": 0.8431,
    "pearson": 0.4971,
    "regression_loss": 2.3631,
    "rm2": 0.2321,
    "rmse": 1.5386,
    "sd": 1.5055,
    "spearman": 0.4807,
    "spectral_loss": 0.0
}
                              
                              
----------------------------------------
Epoch 036 with LR 0.000100: Model Results
----------------------------------------
Train MSE Loss: 0.7262, Train CLS Loss: 0.0000, Train MCLS Loss: 0.0000
Protein Cluster Region Loss - Ortho Loss: 0.6065, Cluster Loss: -2.4272
                              
Validation Results: {
    "ci": 0.6832,
    "classification_loss": 0.0,
    "cluster_loss": -2.4271,
    "mae": 1.1961,
    "mse": 2.7161,
    "multiclassification_loss": 0.0,
    "ortho_loss": 0.7424,
    "pearson": 0.485,
    "regression_loss": 2.7158,
    "rm2": 0.214,
    "rmse": 1.6481,
    "sd": 1.5164,
    "spearman": 0.5096,
    "spectral_loss": 0.0
}
                              
Test Results: {
    "ci": 0.6705,
    "classification_loss": 0.0,
    "cluster_loss": -2.4178,
    "mae": 1.1591,
    "mse": 2.3672,
    "multiclassification_loss": 0.0,
    "ortho_loss": 0.8431,
    "pearson": 0.4971,
    "regression_loss": 2.3631,
    "rm2": 0.2321,
    "rmse": 1.5386,
    "sd": 1.5055,
    "spearman": 0.4807,
    "spectral_loss": 0.0
}
                              
                              
----------------------------------------
Epoch 037 with LR 0.000100: Model Results
----------------------------------------
Train MSE Loss: 0.7325, Train CLS Loss: 0.0000, Train MCLS Loss: 0.0000
Protein Cluster Region Loss - Ortho Loss: 0.5979, Cluster Loss: -2.4282
                              
Validation Results: {
    "ci": 0.6934,
    "classification_loss": 0.0,
    "cluster_loss": -2.4268,
    "mae": 1.1223,
    "mse": 2.325,
    "multiclassification_loss": 0.0,
    "ortho_loss": 0.732,
    "pearson": 0.532,
    "regression_loss": 2.3248,
    "rm2": 0.2691,
    "rmse": 1.5248,
    "sd": 1.4682,
    "spearman": 0.5359,
    "spectral_loss": 0.0
}
                              
Test Results: {
    "ci": 0.689,
    "classification_loss": 0.0,
    "cluster_loss": -2.4295,
    "mae": 1.115,
    "mse": 2.3181,
    "multiclassification_loss": 0.0,
    "ortho_loss": 0.7408,
    "pearson": 0.5585,
    "regression_loss": 2.3129,
    "rm2": 0.3012,
    "rmse": 1.5225,
    "sd": 1.4392,
    "spearman": 0.5238,
    "spectral_loss": 0.0
}
                              
                              
----------------------------------------
Epoch 038 with LR 0.000100: Model Results
----------------------------------------
Train MSE Loss: 0.7210, Train CLS Loss: 0.0000, Train MCLS Loss: 0.0000
Protein Cluster Region Loss - Ortho Loss: 0.5904, Cluster Loss: -2.4281
                              
Validation Results: {
    "ci": 0.6896,
    "classification_loss": 0.0,
    "cluster_loss": -2.4289,
    "mae": 1.1557,
    "mse": 2.5212,
    "multiclassification_loss": 0.0,
    "ortho_loss": 0.7235,
    "pearson": 0.5177,
    "regression_loss": 2.5207,
    "rm2": 0.236,
    "rmse": 1.5878,
    "sd": 1.4836,
    "spearman": 0.5239,
    "spectral_loss": 0.0
}
                              
Test Results: {
    "ci": 0.689,
    "classification_loss": 0.0,
    "cluster_loss": -2.4295,
    "mae": 1.115,
    "mse": 2.3181,
    "multiclassification_loss": 0.0,
    "ortho_loss": 0.7408,
    "pearson": 0.5585,
    "regression_loss": 2.3129,
    "rm2": 0.3012,
    "rmse": 1.5225,
    "sd": 1.4392,
    "spearman": 0.5238,
    "spectral_loss": 0.0
}
                              
                              
----------------------------------------
Epoch 039 with LR 0.000100: Model Results
----------------------------------------
Train MSE Loss: 0.7088, Train CLS Loss: 0.0000, Train MCLS Loss: 0.0000
Protein Cluster Region Loss - Ortho Loss: 0.5891, Cluster Loss: -2.4283
                              
Validation Results: {
    "ci": 0.6926,
    "classification_loss": 0.0,
    "cluster_loss": -2.4278,
    "mae": 1.1269,
    "mse": 2.3684,
    "multiclassification_loss": 0.0,
    "ortho_loss": 0.7127,
    "pearson": 0.5194,
    "regression_loss": 2.3682,
    "rm2": 0.2368,
    "rmse": 1.539,
    "sd": 1.4817,
    "spearman": 0.5357,
    "spectral_loss": 0.0
}
                              
Test Results: {
    "ci": 0.689,
    "classification_loss": 0.0,
    "cluster_loss": -2.4295,
    "mae": 1.115,
    "mse": 2.3181,
    "multiclassification_loss": 0.0,
    "ortho_loss": 0.7408,
    "pearson": 0.5585,
    "regression_loss": 2.3129,
    "rm2": 0.3012,
    "rmse": 1.5225,
    "sd": 1.4392,
    "spearman": 0.5238,
    "spectral_loss": 0.0
}
                              
                              
----------------------------------------
Epoch 040 with LR 0.000100: Model Results
----------------------------------------
Train MSE Loss: 0.7018, Train CLS Loss: 0.0000, Train MCLS Loss: 0.0000
Protein Cluster Region Loss - Ortho Loss: 0.5903, Cluster Loss: -2.4293
                              
Validation Results: {
    "ci": 0.6853,
    "classification_loss": 0.0,
    "cluster_loss": -2.4249,
    "mae": 1.1584,
    "mse": 2.5255,
    "multiclassification_loss": 0.0,
    "ortho_loss": 0.7159,
    "pearson": 0.5019,
    "regression_loss": 2.5251,
    "rm2": 0.2122,
    "rmse": 1.5892,
    "sd": 1.4998,
    "spearman": 0.5154,
    "spectral_loss": 0.0
}
                              
Test Results: {
    "ci": 0.689,
    "classification_loss": 0.0,
    "cluster_loss": -2.4295,
    "mae": 1.115,
    "mse": 2.3181,
    "multiclassification_loss": 0.0,
    "ortho_loss": 0.7408,
    "pearson": 0.5585,
    "regression_loss": 2.3129,
    "rm2": 0.3012,
    "rmse": 1.5225,
    "sd": 1.4392,
    "spearman": 0.5238,
    "spectral_loss": 0.0
}
                              
                              
----------------------------------------
Epoch 041 with LR 0.000100: Model Results
----------------------------------------
Train MSE Loss: 0.7002, Train CLS Loss: 0.0000, Train MCLS Loss: 0.0000
Protein Cluster Region Loss - Ortho Loss: 0.5844, Cluster Loss: -2.4288
                              
Validation Results: {
    "ci": 0.6919,
    "classification_loss": 0.0,
    "cluster_loss": -2.4259,
    "mae": 1.1366,
    "mse": 2.4508,
    "multiclassification_loss": 0.0,
    "ortho_loss": 0.7183,
    "pearson": 0.5196,
    "regression_loss": 2.4509,
    "rm2": 0.2564,
    "rmse": 1.5655,
    "sd": 1.4815,
    "spearman": 0.5323,
    "spectral_loss": 0.0
}
                              
Test Results: {
    "ci": 0.689,
    "classification_loss": 0.0,
    "cluster_loss": -2.4295,
    "mae": 1.115,
    "mse": 2.3181,
    "multiclassification_loss": 0.0,
    "ortho_loss": 0.7408,
    "pearson": 0.5585,
    "regression_loss": 2.3129,
    "rm2": 0.3012,
    "rmse": 1.5225,
    "sd": 1.4392,
    "spearman": 0.5238,
    "spectral_loss": 0.0
}
                              
                              
----------------------------------------
Epoch 042 with LR 0.000100: Model Results
----------------------------------------
Train MSE Loss: 0.6882, Train CLS Loss: 0.0000, Train MCLS Loss: 0.0000
Protein Cluster Region Loss - Ortho Loss: 0.5808, Cluster Loss: -2.4303
                              
Validation Results: {
    "ci": 0.6787,
    "classification_loss": 0.0,
    "cluster_loss": -2.4245,
    "mae": 1.1809,
    "mse": 2.6485,
    "multiclassification_loss": 0.0,
    "ortho_loss": 0.7197,
    "pearson": 0.4742,
    "regression_loss": 2.648,
    "rm2": 0.196,
    "rmse": 1.6274,
    "sd": 1.5267,
    "spearman": 0.4962,
    "spectral_loss": 0.0
}
                              
Test Results: {
    "ci": 0.689,
    "classification_loss": 0.0,
    "cluster_loss": -2.4295,
    "mae": 1.115,
    "mse": 2.3181,
    "multiclassification_loss": 0.0,
    "ortho_loss": 0.7408,
    "pearson": 0.5585,
    "regression_loss": 2.3129,
    "rm2": 0.3012,
    "rmse": 1.5225,
    "sd": 1.4392,
    "spearman": 0.5238,
    "spectral_loss": 0.0
}
                              
                              
----------------------------------------
Epoch 043 with LR 0.000100: Model Results
----------------------------------------
Train MSE Loss: 0.6783, Train CLS Loss: 0.0000, Train MCLS Loss: 0.0000
Protein Cluster Region Loss - Ortho Loss: 0.5788, Cluster Loss: -2.4305
                              
Validation Results: {
    "ci": 0.6894,
    "classification_loss": 0.0,
    "cluster_loss": -2.4283,
    "mae": 1.1293,
    "mse": 2.3449,
    "multiclassification_loss": 0.0,
    "ortho_loss": 0.724,
    "pearson": 0.5243,
    "regression_loss": 2.3446,
    "rm2": 0.25,
    "rmse": 1.5313,
    "sd": 1.4766,
    "spearman": 0.5287,
    "spectral_loss": 0.0
}
                              
Test Results: {
    "ci": 0.689,
    "classification_loss": 0.0,
    "cluster_loss": -2.4295,
    "mae": 1.115,
    "mse": 2.3181,
    "multiclassification_loss": 0.0,
    "ortho_loss": 0.7408,
    "pearson": 0.5585,
    "regression_loss": 2.3129,
    "rm2": 0.3012,
    "rmse": 1.5225,
    "sd": 1.4392,
    "spearman": 0.5238,
    "spectral_loss": 0.0
}
                              
                              
----------------------------------------
Epoch 044 with LR 0.000100: Model Results
----------------------------------------
Train MSE Loss: 0.6635, Train CLS Loss: 0.0000, Train MCLS Loss: 0.0000
Protein Cluster Region Loss - Ortho Loss: 0.5729, Cluster Loss: -2.4306
                              
Validation Results: {
    "ci": 0.6928,
    "classification_loss": 0.0,
    "cluster_loss": -2.432,
    "mae": 1.1241,
    "mse": 2.4252,
    "multiclassification_loss": 0.0,
    "ortho_loss": 0.7114,
    "pearson": 0.5243,
    "regression_loss": 2.4252,
    "rm2": 0.2466,
    "rmse": 1.5573,
    "sd": 1.4766,
    "spearman": 0.535,
    "spectral_loss": 0.0
}
                              
Test Results: {
    "ci": 0.689,
    "classification_loss": 0.0,
    "cluster_loss": -2.4295,
    "mae": 1.115,
    "mse": 2.3181,
    "multiclassification_loss": 0.0,
    "ortho_loss": 0.7408,
    "pearson": 0.5585,
    "regression_loss": 2.3129,
    "rm2": 0.3012,
    "rmse": 1.5225,
    "sd": 1.4392,
    "spearman": 0.5238,
    "spectral_loss": 0.0
}
                              
                              
----------------------------------------
Epoch 045 with LR 0.000100: Model Results
----------------------------------------
Train MSE Loss: 0.6792, Train CLS Loss: 0.0000, Train MCLS Loss: 0.0000
Protein Cluster Region Loss - Ortho Loss: 0.5687, Cluster Loss: -2.4310
                              
Validation Results: {
    "ci": 0.6914,
    "classification_loss": 0.0,
    "cluster_loss": -2.422,
    "mae": 1.1356,
    "mse": 2.4128,
    "multiclassification_loss": 0.0,
    "ortho_loss": 0.6934,
    "pearson": 0.5192,
    "regression_loss": 2.4128,
    "rm2": 0.2479,
    "rmse": 1.5533,
    "sd": 1.482,
    "spearman": 0.531,
    "spectral_loss": 0.0
}
                              
Test Results: {
    "ci": 0.689,
    "classification_loss": 0.0,
    "cluster_loss": -2.4295,
    "mae": 1.115,
    "mse": 2.3181,
    "multiclassification_loss": 0.0,
    "ortho_loss": 0.7408,
    "pearson": 0.5585,
    "regression_loss": 2.3129,
    "rm2": 0.3012,
    "rmse": 1.5225,
    "sd": 1.4392,
    "spearman": 0.5238,
    "spectral_loss": 0.0
}
                              
                              
----------------------------------------
Epoch 046 with LR 0.000100: Model Results
----------------------------------------
Train MSE Loss: 0.6525, Train CLS Loss: 0.0000, Train MCLS Loss: 0.0000
Protein Cluster Region Loss - Ortho Loss: 0.5603, Cluster Loss: -2.4305
                              
Validation Results: {
    "ci": 0.6878,
    "classification_loss": 0.0,
    "cluster_loss": -2.4299,
    "mae": 1.1471,
    "mse": 2.4435,
    "multiclassification_loss": 0.0,
    "ortho_loss": 0.7205,
    "pearson": 0.5132,
    "regression_loss": 2.4431,
    "rm2": 0.2301,
    "rmse": 1.5632,
    "sd": 1.4882,
    "spearman": 0.5247,
    "spectral_loss": 0.0
}
                              
Test Results: {
    "ci": 0.689,
    "classification_loss": 0.0,
    "cluster_loss": -2.4295,
    "mae": 1.115,
    "mse": 2.3181,
    "multiclassification_loss": 0.0,
    "ortho_loss": 0.7408,
    "pearson": 0.5585,
    "regression_loss": 2.3129,
    "rm2": 0.3012,
    "rmse": 1.5225,
    "sd": 1.4392,
    "spearman": 0.5238,
    "spectral_loss": 0.0
}
                              
                              
----------------------------------------
Epoch 047 with LR 0.000100: Model Results
----------------------------------------
Train MSE Loss: 0.6399, Train CLS Loss: 0.0000, Train MCLS Loss: 0.0000
Protein Cluster Region Loss - Ortho Loss: 0.5583, Cluster Loss: -2.4299
                              
Validation Results: {
    "ci": 0.6937,
    "classification_loss": 0.0,
    "cluster_loss": -2.4284,
    "mae": 1.146,
    "mse": 2.6256,
    "multiclassification_loss": 0.0,
    "ortho_loss": 0.7245,
    "pearson": 0.4977,
    "regression_loss": 2.625,
    "rm2": 0.2168,
    "rmse": 1.6204,
    "sd": 1.504,
    "spearman": 0.5317,
    "spectral_loss": 0.0
}
                              
Test Results: {
    "ci": 0.689,
    "classification_loss": 0.0,
    "cluster_loss": -2.4295,
    "mae": 1.115,
    "mse": 2.3181,
    "multiclassification_loss": 0.0,
    "ortho_loss": 0.7408,
    "pearson": 0.5585,
    "regression_loss": 2.3129,
    "rm2": 0.3012,
    "rmse": 1.5225,
    "sd": 1.4392,
    "spearman": 0.5238,
    "spectral_loss": 0.0
}
                              
                              
----------------------------------------
Epoch 048 with LR 0.000100: Model Results
----------------------------------------
Train MSE Loss: 0.6379, Train CLS Loss: 0.0000, Train MCLS Loss: 0.0000
Protein Cluster Region Loss - Ortho Loss: 0.5579, Cluster Loss: -2.4311
                              
Validation Results: {
    "ci": 0.6936,
    "classification_loss": 0.0,
    "cluster_loss": -2.4311,
    "mae": 1.1288,
    "mse": 2.5079,
    "multiclassification_loss": 0.0,
    "ortho_loss": 0.6933,
    "pearson": 0.5069,
    "regression_loss": 2.5071,
    "rm2": 0.2222,
    "rmse": 1.5836,
    "sd": 1.4947,
    "spearman": 0.534,
    "spectral_loss": 0.0
}
                              
Test Results: {
    "ci": 0.689,
    "classification_loss": 0.0,
    "cluster_loss": -2.4295,
    "mae": 1.115,
    "mse": 2.3181,
    "multiclassification_loss": 0.0,
    "ortho_loss": 0.7408,
    "pearson": 0.5585,
    "regression_loss": 2.3129,
    "rm2": 0.3012,
    "rmse": 1.5225,
    "sd": 1.4392,
    "spearman": 0.5238,
    "spectral_loss": 0.0
}
                              
                              
----------------------------------------
Epoch 049 with LR 0.000100: Model Results
----------------------------------------
Train MSE Loss: 0.6222, Train CLS Loss: 0.0000, Train MCLS Loss: 0.0000
Protein Cluster Region Loss - Ortho Loss: 0.5536, Cluster Loss: -2.4316
                              
Validation Results: {
    "ci": 0.687,
    "classification_loss": 0.0,
    "cluster_loss": -2.4277,
    "mae": 1.1509,
    "mse": 2.4832,
    "multiclassification_loss": 0.0,
    "ortho_loss": 0.7033,
    "pearson": 0.5072,
    "regression_loss": 2.4832,
    "rm2": 0.241,
    "rmse": 1.5758,
    "sd": 1.4944,
    "spearman": 0.5196,
    "spectral_loss": 0.0
}
                              
Test Results: {
    "ci": 0.689,
    "classification_loss": 0.0,
    "cluster_loss": -2.4295,
    "mae": 1.115,
    "mse": 2.3181,
    "multiclassification_loss": 0.0,
    "ortho_loss": 0.7408,
    "pearson": 0.5585,
    "regression_loss": 2.3129,
    "rm2": 0.3012,
    "rmse": 1.5225,
    "sd": 1.4392,
    "spearman": 0.5238,
    "spectral_loss": 0.0
}
                              
                              
----------------------------------------
Epoch 050 with LR 0.000100: Model Results
----------------------------------------
Train MSE Loss: 0.6245, Train CLS Loss: 0.0000, Train MCLS Loss: 0.0000
Protein Cluster Region Loss - Ortho Loss: 0.5512, Cluster Loss: -2.4317
                              
Validation Results: {
    "ci": 0.6868,
    "classification_loss": 0.0,
    "cluster_loss": -2.4309,
    "mae": 1.1408,
    "mse": 2.5626,
    "multiclassification_loss": 0.0,
    "ortho_loss": 0.7131,
    "pearson": 0.4921,
    "regression_loss": 2.5615,
    "rm2": 0.2062,
    "rmse": 1.6008,
    "sd": 1.5095,
    "spearman": 0.5162,
    "spectral_loss": 0.0
}
                              
Test Results: {
    "ci": 0.689,
    "classification_loss": 0.0,
    "cluster_loss": -2.4295,
    "mae": 1.115,
    "mse": 2.3181,
    "multiclassification_loss": 0.0,
    "ortho_loss": 0.7408,
    "pearson": 0.5585,
    "regression_loss": 2.3129,
    "rm2": 0.3012,
    "rmse": 1.5225,
    "sd": 1.4392,
    "spearman": 0.5238,
    "spectral_loss": 0.0
}
                              
                              
----------------------------------------
Epoch 051 with LR 0.000100: Model Results
----------------------------------------
Train MSE Loss: 0.6103, Train CLS Loss: 0.0000, Train MCLS Loss: 0.0000
Protein Cluster Region Loss - Ortho Loss: 0.5453, Cluster Loss: -2.4331
                              
Validation Results: {
    "ci": 0.6863,
    "classification_loss": 0.0,
    "cluster_loss": -2.4348,
    "mae": 1.1597,
    "mse": 2.6006,
    "multiclassification_loss": 0.0,
    "ortho_loss": 0.7004,
    "pearson": 0.494,
    "regression_loss": 2.6001,
    "rm2": 0.2108,
    "rmse": 1.6126,
    "sd": 1.5076,
    "spearman": 0.5151,
    "spectral_loss": 0.0
}
                              
Test Results: {
    "ci": 0.689,
    "classification_loss": 0.0,
    "cluster_loss": -2.4295,
    "mae": 1.115,
    "mse": 2.3181,
    "multiclassification_loss": 0.0,
    "ortho_loss": 0.7408,
    "pearson": 0.5585,
    "regression_loss": 2.3129,
    "rm2": 0.3012,
    "rmse": 1.5225,
    "sd": 1.4392,
    "spearman": 0.5238,
    "spectral_loss": 0.0
}
                              
                              
----------------------------------------
Epoch 052 with LR 0.000100: Model Results
----------------------------------------
Train MSE Loss: 0.5917, Train CLS Loss: 0.0000, Train MCLS Loss: 0.0000
Protein Cluster Region Loss - Ortho Loss: 0.5396, Cluster Loss: -2.4318
                              
Validation Results: {
    "ci": 0.6894,
    "classification_loss": 0.0,
    "cluster_loss": -2.4258,
    "mae": 1.1405,
    "mse": 2.4912,
    "multiclassification_loss": 0.0,
    "ortho_loss": 0.6904,
    "pearson": 0.5032,
    "regression_loss": 2.4905,
    "rm2": 0.2183,
    "rmse": 1.5784,
    "sd": 1.4985,
    "spearman": 0.525,
    "spectral_loss": 0.0
}
                              
Test Results: {
    "ci": 0.689,
    "classification_loss": 0.0,
    "cluster_loss": -2.4295,
    "mae": 1.115,
    "mse": 2.3181,
    "multiclassification_loss": 0.0,
    "ortho_loss": 0.7408,
    "pearson": 0.5585,
    "regression_loss": 2.3129,
    "rm2": 0.3012,
    "rmse": 1.5225,
    "sd": 1.4392,
    "spearman": 0.5238,
    "spectral_loss": 0.0
}
                              
                              
----------------------------------------
Epoch 053 with LR 0.000100: Model Results
----------------------------------------
Train MSE Loss: 0.5904, Train CLS Loss: 0.0000, Train MCLS Loss: 0.0000
Protein Cluster Region Loss - Ortho Loss: 0.5406, Cluster Loss: -2.4324
                              
Validation Results: {
    "ci": 0.6891,
    "classification_loss": 0.0,
    "cluster_loss": -2.429,
    "mae": 1.1262,
    "mse": 2.414,
    "multiclassification_loss": 0.0,
    "ortho_loss": 0.6894,
    "pearson": 0.5082,
    "regression_loss": 2.4137,
    "rm2": 0.2374,
    "rmse": 1.5537,
    "sd": 1.4934,
    "spearman": 0.5215,
    "spectral_loss": 0.0
}
                              
Test Results: {
    "ci": 0.689,
    "classification_loss": 0.0,
    "cluster_loss": -2.4295,
    "mae": 1.115,
    "mse": 2.3181,
    "multiclassification_loss": 0.0,
    "ortho_loss": 0.7408,
    "pearson": 0.5585,
    "regression_loss": 2.3129,
    "rm2": 0.3012,
    "rmse": 1.5225,
    "sd": 1.4392,
    "spearman": 0.5238,
    "spectral_loss": 0.0
}
                              
                              
----------------------------------------
Epoch 054 with LR 0.000100: Model Results
----------------------------------------
Train MSE Loss: 0.5956, Train CLS Loss: 0.0000, Train MCLS Loss: 0.0000
Protein Cluster Region Loss - Ortho Loss: 0.5412, Cluster Loss: -2.4332
                              
Validation Results: {
    "ci": 0.6955,
    "classification_loss": 0.0,
    "cluster_loss": -2.4333,
    "mae": 1.1102,
    "mse": 2.3519,
    "multiclassification_loss": 0.0,
    "ortho_loss": 0.7014,
    "pearson": 0.527,
    "regression_loss": 2.3513,
    "rm2": 0.2556,
    "rmse": 1.5336,
    "sd": 1.4737,
    "spearman": 0.5406,
    "spectral_loss": 0.0
}
                              
Test Results: {
    "ci": 0.689,
    "classification_loss": 0.0,
    "cluster_loss": -2.4295,
    "mae": 1.115,
    "mse": 2.3181,
    "multiclassification_loss": 0.0,
    "ortho_loss": 0.7408,
    "pearson": 0.5585,
    "regression_loss": 2.3129,
    "rm2": 0.3012,
    "rmse": 1.5225,
    "sd": 1.4392,
    "spearman": 0.5238,
    "spectral_loss": 0.0
}
                              
                              
----------------------------------------
Epoch 055 with LR 0.000100: Model Results
----------------------------------------
Train MSE Loss: 0.5873, Train CLS Loss: 0.0000, Train MCLS Loss: 0.0000
Protein Cluster Region Loss - Ortho Loss: 0.5336, Cluster Loss: -2.4333
                              
Validation Results: {
    "ci": 0.6885,
    "classification_loss": 0.0,
    "cluster_loss": -2.4266,
    "mae": 1.1312,
    "mse": 2.4558,
    "multiclassification_loss": 0.0,
    "ortho_loss": 0.6941,
    "pearson": 0.5077,
    "regression_loss": 2.4554,
    "rm2": 0.2281,
    "rmse": 1.5671,
    "sd": 1.4939,
    "spearman": 0.5221,
    "spectral_loss": 0.0
}
                              
Test Results: {
    "ci": 0.689,
    "classification_loss": 0.0,
    "cluster_loss": -2.4295,
    "mae": 1.115,
    "mse": 2.3181,
    "multiclassification_loss": 0.0,
    "ortho_loss": 0.7408,
    "pearson": 0.5585,
    "regression_loss": 2.3129,
    "rm2": 0.3012,
    "rmse": 1.5225,
    "sd": 1.4392,
    "spearman": 0.5238,
    "spectral_loss": 0.0
}
                              
                              
----------------------------------------
Epoch 056 with LR 0.000100: Model Results
----------------------------------------
Train MSE Loss: 0.5730, Train CLS Loss: 0.0000, Train MCLS Loss: 0.0000
Protein Cluster Region Loss - Ortho Loss: 0.5304, Cluster Loss: -2.4333
                              
Validation Results: {
    "ci": 0.6931,
    "classification_loss": 0.0,
    "cluster_loss": -2.4242,
    "mae": 1.1447,
    "mse": 2.5884,
    "multiclassification_loss": 0.0,
    "ortho_loss": 0.6938,
    "pearson": 0.5087,
    "regression_loss": 2.5877,
    "rm2": 0.2234,
    "rmse": 1.6088,
    "sd": 1.4928,
    "spearman": 0.5338,
    "spectral_loss": 0.0
}
                              
Test Results: {
    "ci": 0.689,
    "classification_loss": 0.0,
    "cluster_loss": -2.4295,
    "mae": 1.115,
    "mse": 2.3181,
    "multiclassification_loss": 0.0,
    "ortho_loss": 0.7408,
    "pearson": 0.5585,
    "regression_loss": 2.3129,
    "rm2": 0.3012,
    "rmse": 1.5225,
    "sd": 1.4392,
    "spearman": 0.5238,
    "spectral_loss": 0.0
}
                              
                              
----------------------------------------
Epoch 057 with LR 0.000100: Model Results
----------------------------------------
Train MSE Loss: 0.5623, Train CLS Loss: 0.0000, Train MCLS Loss: 0.0000
Protein Cluster Region Loss - Ortho Loss: 0.5215, Cluster Loss: -2.4333
                              
Validation Results: {
    "ci": 0.6873,
    "classification_loss": 0.0,
    "cluster_loss": -2.4276,
    "mae": 1.1432,
    "mse": 2.5646,
    "multiclassification_loss": 0.0,
    "ortho_loss": 0.6777,
    "pearson": 0.4874,
    "regression_loss": 2.5644,
    "rm2": 0.2149,
    "rmse": 1.6014,
    "sd": 1.5141,
    "spearman": 0.5178,
    "spectral_loss": 0.0
}
                              
Test Results: {
    "ci": 0.689,
    "classification_loss": 0.0,
    "cluster_loss": -2.4295,
    "mae": 1.115,
    "mse": 2.3181,
    "multiclassification_loss": 0.0,
    "ortho_loss": 0.7408,
    "pearson": 0.5585,
    "regression_loss": 2.3129,
    "rm2": 0.3012,
    "rmse": 1.5225,
    "sd": 1.4392,
    "spearman": 0.5238,
    "spectral_loss": 0.0
}
                              
                              
----------------------------------------
Epoch 058 with LR 0.000100: Model Results
----------------------------------------
Train MSE Loss: 0.5618, Train CLS Loss: 0.0000, Train MCLS Loss: 0.0000
Protein Cluster Region Loss - Ortho Loss: 0.5206, Cluster Loss: -2.4339
                              
Validation Results: {
    "ci": 0.6911,
    "classification_loss": 0.0,
    "cluster_loss": -2.4301,
    "mae": 1.13,
    "mse": 2.4905,
    "multiclassification_loss": 0.0,
    "ortho_loss": 0.691,
    "pearson": 0.5026,
    "regression_loss": 2.4904,
    "rm2": 0.229,
    "rmse": 1.5781,
    "sd": 1.4991,
    "spearman": 0.5274,
    "spectral_loss": 0.0
}
                              
Test Results: {
    "ci": 0.689,
    "classification_loss": 0.0,
    "cluster_loss": -2.4295,
    "mae": 1.115,
    "mse": 2.3181,
    "multiclassification_loss": 0.0,
    "ortho_loss": 0.7408,
    "pearson": 0.5585,
    "regression_loss": 2.3129,
    "rm2": 0.3012,
    "rmse": 1.5225,
    "sd": 1.4392,
    "spearman": 0.5238,
    "spectral_loss": 0.0
}
                              
                              
----------------------------------------
Epoch 059 with LR 0.000100: Model Results
----------------------------------------
Train MSE Loss: 0.5783, Train CLS Loss: 0.0000, Train MCLS Loss: 0.0000
Protein Cluster Region Loss - Ortho Loss: 0.5200, Cluster Loss: -2.4339
                              
Validation Results: {
    "ci": 0.6945,
    "classification_loss": 0.0,
    "cluster_loss": -2.432,
    "mae": 1.1245,
    "mse": 2.4363,
    "multiclassification_loss": 0.0,
    "ortho_loss": 0.6837,
    "pearson": 0.5266,
    "regression_loss": 2.4358,
    "rm2": 0.2406,
    "rmse": 1.5609,
    "sd": 1.4741,
    "spearman": 0.5374,
    "spectral_loss": 0.0
}
                              
Test Results: {
    "ci": 0.689,
    "classification_loss": 0.0,
    "cluster_loss": -2.4295,
    "mae": 1.115,
    "mse": 2.3181,
    "multiclassification_loss": 0.0,
    "ortho_loss": 0.7408,
    "pearson": 0.5585,
    "regression_loss": 2.3129,
    "rm2": 0.3012,
    "rmse": 1.5225,
    "sd": 1.4392,
    "spearman": 0.5238,
    "spectral_loss": 0.0
}
                              
                              
----------------------------------------
Epoch 060 with LR 0.000100: Model Results
----------------------------------------
Train MSE Loss: 0.5455, Train CLS Loss: 0.0000, Train MCLS Loss: 0.0000
Protein Cluster Region Loss - Ortho Loss: 0.5155, Cluster Loss: -2.4336
                              
Validation Results: {
    "ci": 0.6901,
    "classification_loss": 0.0,
    "cluster_loss": -2.4237,
    "mae": 1.1292,
    "mse": 2.4725,
    "multiclassification_loss": 0.0,
    "ortho_loss": 0.6792,
    "pearson": 0.5028,
    "regression_loss": 2.4724,
    "rm2": 0.2231,
    "rmse": 1.5724,
    "sd": 1.4989,
    "spearman": 0.5251,
    "spectral_loss": 0.0
}
                              
Test Results: {
    "ci": 0.689,
    "classification_loss": 0.0,
    "cluster_loss": -2.4295,
    "mae": 1.115,
    "mse": 2.3181,
    "multiclassification_loss": 0.0,
    "ortho_loss": 0.7408,
    "pearson": 0.5585,
    "regression_loss": 2.3129,
    "rm2": 0.3012,
    "rmse": 1.5225,
    "sd": 1.4392,
    "spearman": 0.5238,
    "spectral_loss": 0.0
}
                              
                              
----------------------------------------
Epoch 061 with LR 0.000100: Model Results
----------------------------------------
Train MSE Loss: 0.5768, Train CLS Loss: 0.0000, Train MCLS Loss: 0.0000
Protein Cluster Region Loss - Ortho Loss: 0.5145, Cluster Loss: -2.4345
                              
Validation Results: {
    "ci": 0.6881,
    "classification_loss": 0.0,
    "cluster_loss": -2.4307,
    "mae": 1.1601,
    "mse": 2.512,
    "multiclassification_loss": 0.0,
    "ortho_loss": 0.6715,
    "pearson": 0.5219,
    "regression_loss": 2.5122,
    "rm2": 0.2548,
    "rmse": 1.5849,
    "sd": 1.4791,
    "spearman": 0.5185,
    "spectral_loss": 0.0
}
                              
Test Results: {
    "ci": 0.689,
    "classification_loss": 0.0,
    "cluster_loss": -2.4295,
    "mae": 1.115,
    "mse": 2.3181,
    "multiclassification_loss": 0.0,
    "ortho_loss": 0.7408,
    "pearson": 0.5585,
    "regression_loss": 2.3129,
    "rm2": 0.3012,
    "rmse": 1.5225,
    "sd": 1.4392,
    "spearman": 0.5238,
    "spectral_loss": 0.0
}
                              
                              
----------------------------------------
Epoch 062 with LR 0.000100: Model Results
----------------------------------------
Train MSE Loss: 0.5437, Train CLS Loss: 0.0000, Train MCLS Loss: 0.0000
Protein Cluster Region Loss - Ortho Loss: 0.5133, Cluster Loss: -2.4340
                              
Validation Results: {
    "ci": 0.6934,
    "classification_loss": 0.0,
    "cluster_loss": -2.4319,
    "mae": 1.1224,
    "mse": 2.3918,
    "multiclassification_loss": 0.0,
    "ortho_loss": 0.6778,
    "pearson": 0.5277,
    "regression_loss": 2.3909,
    "rm2": 0.2441,
    "rmse": 1.5465,
    "sd": 1.4729,
    "spearman": 0.5317,
    "spectral_loss": 0.0
}
                              
Test Results: {
    "ci": 0.689,
    "classification_loss": 0.0,
    "cluster_loss": -2.4295,
    "mae": 1.115,
    "mse": 2.3181,
    "multiclassification_loss": 0.0,
    "ortho_loss": 0.7408,
    "pearson": 0.5585,
    "regression_loss": 2.3129,
    "rm2": 0.3012,
    "rmse": 1.5225,
    "sd": 1.4392,
    "spearman": 0.5238,
    "spectral_loss": 0.0
}
                              
                              
----------------------------------------
Epoch 063 with LR 0.000100: Model Results
----------------------------------------
Train MSE Loss: 0.5367, Train CLS Loss: 0.0000, Train MCLS Loss: 0.0000
Protein Cluster Region Loss - Ortho Loss: 0.5120, Cluster Loss: -2.4346
                              
Validation Results: {
    "ci": 0.6889,
    "classification_loss": 0.0,
    "cluster_loss": -2.4319,
    "mae": 1.1353,
    "mse": 2.5145,
    "multiclassification_loss": 0.0,
    "ortho_loss": 0.672,
    "pearson": 0.5083,
    "regression_loss": 2.5141,
    "rm2": 0.2218,
    "rmse": 1.5857,
    "sd": 1.4933,
    "spearman": 0.5202,
    "spectral_loss": 0.0
}
                              
Test Results: {
    "ci": 0.689,
    "classification_loss": 0.0,
    "cluster_loss": -2.4295,
    "mae": 1.115,
    "mse": 2.3181,
    "multiclassification_loss": 0.0,
    "ortho_loss": 0.7408,
    "pearson": 0.5585,
    "regression_loss": 2.3129,
    "rm2": 0.3012,
    "rmse": 1.5225,
    "sd": 1.4392,
    "spearman": 0.5238,
    "spectral_loss": 0.0
}
                              
                              
----------------------------------------
Epoch 064 with LR 0.000100: Model Results
----------------------------------------
Train MSE Loss: 0.5281, Train CLS Loss: 0.0000, Train MCLS Loss: 0.0000
Protein Cluster Region Loss - Ortho Loss: 0.5054, Cluster Loss: -2.4346
                              
Validation Results: {
    "ci": 0.6984,
    "classification_loss": 0.0,
    "cluster_loss": -2.4321,
    "mae": 1.1174,
    "mse": 2.4197,
    "multiclassification_loss": 0.0,
    "ortho_loss": 0.6707,
    "pearson": 0.5293,
    "regression_loss": 2.4187,
    "rm2": 0.2347,
    "rmse": 1.5555,
    "sd": 1.4712,
    "spearman": 0.5457,
    "spectral_loss": 0.0
}
                              
Test Results: {
    "ci": 0.689,
    "classification_loss": 0.0,
    "cluster_loss": -2.4295,
    "mae": 1.115,
    "mse": 2.3181,
    "multiclassification_loss": 0.0,
    "ortho_loss": 0.7408,
    "pearson": 0.5585,
    "regression_loss": 2.3129,
    "rm2": 0.3012,
    "rmse": 1.5225,
    "sd": 1.4392,
    "spearman": 0.5238,
    "spectral_loss": 0.0
}
                              
                              
----------------------------------------
Epoch 065 with LR 0.000100: Model Results
----------------------------------------
Train MSE Loss: 0.5305, Train CLS Loss: 0.0000, Train MCLS Loss: 0.0000
Protein Cluster Region Loss - Ortho Loss: 0.5009, Cluster Loss: -2.4347
                              
Validation Results: {
    "ci": 0.6922,
    "classification_loss": 0.0,
    "cluster_loss": -2.4337,
    "mae": 1.1399,
    "mse": 2.512,
    "multiclassification_loss": 0.0,
    "ortho_loss": 0.6747,
    "pearson": 0.5045,
    "regression_loss": 2.5118,
    "rm2": 0.2321,
    "rmse": 1.5849,
    "sd": 1.4972,
    "spearman": 0.5315,
    "spectral_loss": 0.0
}
                              
Test Results: {
    "ci": 0.689,
    "classification_loss": 0.0,
    "cluster_loss": -2.4295,
    "mae": 1.115,
    "mse": 2.3181,
    "multiclassification_loss": 0.0,
    "ortho_loss": 0.7408,
    "pearson": 0.5585,
    "regression_loss": 2.3129,
    "rm2": 0.3012,
    "rmse": 1.5225,
    "sd": 1.4392,
    "spearman": 0.5238,
    "spectral_loss": 0.0
}
                              
                              
----------------------------------------
Epoch 066 with LR 0.000100: Model Results
----------------------------------------
Train MSE Loss: 0.5298, Train CLS Loss: 0.0000, Train MCLS Loss: 0.0000
Protein Cluster Region Loss - Ortho Loss: 0.5044, Cluster Loss: -2.4352
                              
Validation Results: {
    "ci": 0.6926,
    "classification_loss": 0.0,
    "cluster_loss": -2.4302,
    "mae": 1.1243,
    "mse": 2.4035,
    "multiclassification_loss": 0.0,
    "ortho_loss": 0.686,
    "pearson": 0.5266,
    "regression_loss": 2.4033,
    "rm2": 0.2546,
    "rmse": 1.5503,
    "sd": 1.4741,
    "spearman": 0.5341,
    "spectral_loss": 0.0
}
                              
Test Results: {
    "ci": 0.689,
    "classification_loss": 0.0,
    "cluster_loss": -2.4295,
    "mae": 1.115,
    "mse": 2.3181,
    "multiclassification_loss": 0.0,
    "ortho_loss": 0.7408,
    "pearson": 0.5585,
    "regression_loss": 2.3129,
    "rm2": 0.3012,
    "rmse": 1.5225,
    "sd": 1.4392,
    "spearman": 0.5238,
    "spectral_loss": 0.0
}
                              
                              
----------------------------------------
Epoch 067 with LR 0.000100: Model Results
----------------------------------------
Train MSE Loss: 0.5274, Train CLS Loss: 0.0000, Train MCLS Loss: 0.0000
Protein Cluster Region Loss - Ortho Loss: 0.4988, Cluster Loss: -2.4350
                              
Validation Results: {
    "ci": 0.7027,
    "classification_loss": 0.0,
    "cluster_loss": -2.4308,
    "mae": 1.0924,
    "mse": 2.2287,
    "multiclassification_loss": 0.0,
    "ortho_loss": 0.6714,
    "pearson": 0.5614,
    "regression_loss": 2.2285,
    "rm2": 0.2855,
    "rmse": 1.4929,
    "sd": 1.4349,
    "spearman": 0.5608,
    "spectral_loss": 0.0
}
                              
Test Results: {
    "ci": 0.6922,
    "classification_loss": 0.0,
    "cluster_loss": -2.4313,
    "mae": 1.1046,
    "mse": 2.314,
    "multiclassification_loss": 0.0,
    "ortho_loss": 0.6759,
    "pearson": 0.5613,
    "regression_loss": 2.3107,
    "rm2": 0.2883,
    "rmse": 1.5212,
    "sd": 1.4359,
    "spearman": 0.5312,
    "spectral_loss": 0.0
}
                              
                              
----------------------------------------
Epoch 068 with LR 0.000100: Model Results
----------------------------------------
Train MSE Loss: 0.5118, Train CLS Loss: 0.0000, Train MCLS Loss: 0.0000
Protein Cluster Region Loss - Ortho Loss: 0.4966, Cluster Loss: -2.4365
                              
Validation Results: {
    "ci": 0.6861,
    "classification_loss": 0.0,
    "cluster_loss": -2.4348,
    "mae": 1.1566,
    "mse": 2.5929,
    "multiclassification_loss": 0.0,
    "ortho_loss": 0.672,
    "pearson": 0.4989,
    "regression_loss": 2.5922,
    "rm2": 0.2077,
    "rmse": 1.6102,
    "sd": 1.5028,
    "spearman": 0.5132,
    "spectral_loss": 0.0
}
                              
Test Results: {
    "ci": 0.6922,
    "classification_loss": 0.0,
    "cluster_loss": -2.4313,
    "mae": 1.1046,
    "mse": 2.314,
    "multiclassification_loss": 0.0,
    "ortho_loss": 0.6759,
    "pearson": 0.5613,
    "regression_loss": 2.3107,
    "rm2": 0.2883,
    "rmse": 1.5212,
    "sd": 1.4359,
    "spearman": 0.5312,
    "spectral_loss": 0.0
}
                              
                              
----------------------------------------
Epoch 069 with LR 0.000100: Model Results
----------------------------------------
Train MSE Loss: 0.5128, Train CLS Loss: 0.0000, Train MCLS Loss: 0.0000
Protein Cluster Region Loss - Ortho Loss: 0.4999, Cluster Loss: -2.4361
                              
Validation Results: {
    "ci": 0.6922,
    "classification_loss": 0.0,
    "cluster_loss": -2.4346,
    "mae": 1.1344,
    "mse": 2.5515,
    "multiclassification_loss": 0.0,
    "ortho_loss": 0.679,
    "pearson": 0.4974,
    "regression_loss": 2.5508,
    "rm2": 0.2144,
    "rmse": 1.5973,
    "sd": 1.5043,
    "spearman": 0.5313,
    "spectral_loss": 0.0
}
                              
Test Results: {
    "ci": 0.6922,
    "classification_loss": 0.0,
    "cluster_loss": -2.4313,
    "mae": 1.1046,
    "mse": 2.314,
    "multiclassification_loss": 0.0,
    "ortho_loss": 0.6759,
    "pearson": 0.5613,
    "regression_loss": 2.3107,
    "rm2": 0.2883,
    "rmse": 1.5212,
    "sd": 1.4359,
    "spearman": 0.5312,
    "spectral_loss": 0.0
}
                              
                              
----------------------------------------
Epoch 070 with LR 0.000100: Model Results
----------------------------------------
Train MSE Loss: 0.5261, Train CLS Loss: 0.0000, Train MCLS Loss: 0.0000
Protein Cluster Region Loss - Ortho Loss: 0.4946, Cluster Loss: -2.4361
                              
Validation Results: {
    "ci": 0.6933,
    "classification_loss": 0.0,
    "cluster_loss": -2.4278,
    "mae": 1.1146,
    "mse": 2.397,
    "multiclassification_loss": 0.0,
    "ortho_loss": 0.6587,
    "pearson": 0.513,
    "regression_loss": 2.3964,
    "rm2": 0.2346,
    "rmse": 1.5482,
    "sd": 1.4884,
    "spearman": 0.5344,
    "spectral_loss": 0.0
}
                              
Test Results: {
    "ci": 0.6922,
    "classification_loss": 0.0,
    "cluster_loss": -2.4313,
    "mae": 1.1046,
    "mse": 2.314,
    "multiclassification_loss": 0.0,
    "ortho_loss": 0.6759,
    "pearson": 0.5613,
    "regression_loss": 2.3107,
    "rm2": 0.2883,
    "rmse": 1.5212,
    "sd": 1.4359,
    "spearman": 0.5312,
    "spectral_loss": 0.0
}
                              
                              
----------------------------------------
Epoch 071 with LR 0.000100: Model Results
----------------------------------------
Train MSE Loss: 0.4956, Train CLS Loss: 0.0000, Train MCLS Loss: 0.0000
Protein Cluster Region Loss - Ortho Loss: 0.4908, Cluster Loss: -2.4369
                              
Validation Results: {
    "ci": 0.6879,
    "classification_loss": 0.0,
    "cluster_loss": -2.434,
    "mae": 1.1656,
    "mse": 2.6524,
    "multiclassification_loss": 0.0,
    "ortho_loss": 0.669,
    "pearson": 0.4931,
    "regression_loss": 2.6522,
    "rm2": 0.2141,
    "rmse": 1.6286,
    "sd": 1.5085,
    "spearman": 0.5195,
    "spectral_loss": 0.0
}
                              
Test Results: {
    "ci": 0.6922,
    "classification_loss": 0.0,
    "cluster_loss": -2.4313,
    "mae": 1.1046,
    "mse": 2.314,
    "multiclassification_loss": 0.0,
    "ortho_loss": 0.6759,
    "pearson": 0.5613,
    "regression_loss": 2.3107,
    "rm2": 0.2883,
    "rmse": 1.5212,
    "sd": 1.4359,
    "spearman": 0.5312,
    "spectral_loss": 0.0
}
                              
                              
----------------------------------------
Epoch 072 with LR 0.000100: Model Results
----------------------------------------
Train MSE Loss: 0.4968, Train CLS Loss: 0.0000, Train MCLS Loss: 0.0000
Protein Cluster Region Loss - Ortho Loss: 0.4904, Cluster Loss: -2.4376
                              
Validation Results: {
    "ci": 0.6879,
    "classification_loss": 0.0,
    "cluster_loss": -2.4314,
    "mae": 1.1487,
    "mse": 2.5804,
    "multiclassification_loss": 0.0,
    "ortho_loss": 0.6624,
    "pearson": 0.5001,
    "regression_loss": 2.5804,
    "rm2": 0.2363,
    "rmse": 1.6064,
    "sd": 1.5015,
    "spearman": 0.5169,
    "spectral_loss": 0.0
}
                              
Test Results: {
    "ci": 0.6922,
    "classification_loss": 0.0,
    "cluster_loss": -2.4313,
    "mae": 1.1046,
    "mse": 2.314,
    "multiclassification_loss": 0.0,
    "ortho_loss": 0.6759,
    "pearson": 0.5613,
    "regression_loss": 2.3107,
    "rm2": 0.2883,
    "rmse": 1.5212,
    "sd": 1.4359,
    "spearman": 0.5312,
    "spectral_loss": 0.0
}
                              
                              
----------------------------------------
Epoch 073 with LR 0.000100: Model Results
----------------------------------------
Train MSE Loss: 0.4933, Train CLS Loss: 0.0000, Train MCLS Loss: 0.0000
Protein Cluster Region Loss - Ortho Loss: 0.4868, Cluster Loss: -2.4382
                              
Validation Results: {
    "ci": 0.6935,
    "classification_loss": 0.0,
    "cluster_loss": -2.4338,
    "mae": 1.1205,
    "mse": 2.4111,
    "multiclassification_loss": 0.0,
    "ortho_loss": 0.6678,
    "pearson": 0.5192,
    "regression_loss": 2.4109,
    "rm2": 0.2462,
    "rmse": 1.5528,
    "sd": 1.4819,
    "spearman": 0.5344,
    "spectral_loss": 0.0
}
                              
Test Results: {
    "ci": 0.6922,
    "classification_loss": 0.0,
    "cluster_loss": -2.4313,
    "mae": 1.1046,
    "mse": 2.314,
    "multiclassification_loss": 0.0,
    "ortho_loss": 0.6759,
    "pearson": 0.5613,
    "regression_loss": 2.3107,
    "rm2": 0.2883,
    "rmse": 1.5212,
    "sd": 1.4359,
    "spearman": 0.5312,
    "spectral_loss": 0.0
}
                              
                              
----------------------------------------
Epoch 074 with LR 0.000100: Model Results
----------------------------------------
Train MSE Loss: 0.4908, Train CLS Loss: 0.0000, Train MCLS Loss: 0.0000
Protein Cluster Region Loss - Ortho Loss: 0.4804, Cluster Loss: -2.4380
                              
Validation Results: {
    "ci": 0.6959,
    "classification_loss": 0.0,
    "cluster_loss": -2.4367,
    "mae": 1.0952,
    "mse": 2.3365,
    "multiclassification_loss": 0.0,
    "ortho_loss": 0.6577,
    "pearson": 0.5325,
    "regression_loss": 2.3357,
    "rm2": 0.2463,
    "rmse": 1.5286,
    "sd": 1.4677,
    "spearman": 0.5392,
    "spectral_loss": 0.0
}
                              
Test Results: {
    "ci": 0.6922,
    "classification_loss": 0.0,
    "cluster_loss": -2.4313,
    "mae": 1.1046,
    "mse": 2.314,
    "multiclassification_loss": 0.0,
    "ortho_loss": 0.6759,
    "pearson": 0.5613,
    "regression_loss": 2.3107,
    "rm2": 0.2883,
    "rmse": 1.5212,
    "sd": 1.4359,
    "spearman": 0.5312,
    "spectral_loss": 0.0
}
                              
                              
----------------------------------------
Epoch 075 with LR 0.000100: Model Results
----------------------------------------
Train MSE Loss: 0.4826, Train CLS Loss: 0.0000, Train MCLS Loss: 0.0000
Protein Cluster Region Loss - Ortho Loss: 0.4792, Cluster Loss: -2.4371
                              
Validation Results: {
    "ci": 0.692,
    "classification_loss": 0.0,
    "cluster_loss": -2.4317,
    "mae": 1.1192,
    "mse": 2.5098,
    "multiclassification_loss": 0.0,
    "ortho_loss": 0.6608,
    "pearson": 0.5005,
    "regression_loss": 2.5089,
    "rm2": 0.225,
    "rmse": 1.5842,
    "sd": 1.5012,
    "spearman": 0.5267,
    "spectral_loss": 0.0
}
                              
Test Results: {
    "ci": 0.6922,
    "classification_loss": 0.0,
    "cluster_loss": -2.4313,
    "mae": 1.1046,
    "mse": 2.314,
    "multiclassification_loss": 0.0,
    "ortho_loss": 0.6759,
    "pearson": 0.5613,
    "regression_loss": 2.3107,
    "rm2": 0.2883,
    "rmse": 1.5212,
    "sd": 1.4359,
    "spearman": 0.5312,
    "spectral_loss": 0.0
}
                              
                              
----------------------------------------
Epoch 076 with LR 0.000100: Model Results
----------------------------------------
Train MSE Loss: 0.4670, Train CLS Loss: 0.0000, Train MCLS Loss: 0.0000
Protein Cluster Region Loss - Ortho Loss: 0.4827, Cluster Loss: -2.4376
                              
Validation Results: {
    "ci": 0.6911,
    "classification_loss": 0.0,
    "cluster_loss": -2.4315,
    "mae": 1.1458,
    "mse": 2.5564,
    "multiclassification_loss": 0.0,
    "ortho_loss": 0.648,
    "pearson": 0.5081,
    "regression_loss": 2.5559,
    "rm2": 0.2237,
    "rmse": 1.5989,
    "sd": 1.4935,
    "spearman": 0.5292,
    "spectral_loss": 0.0
}
                              
Test Results: {
    "ci": 0.6922,
    "classification_loss": 0.0,
    "cluster_loss": -2.4313,
    "mae": 1.1046,
    "mse": 2.314,
    "multiclassification_loss": 0.0,
    "ortho_loss": 0.6759,
    "pearson": 0.5613,
    "regression_loss": 2.3107,
    "rm2": 0.2883,
    "rmse": 1.5212,
    "sd": 1.4359,
    "spearman": 0.5312,
    "spectral_loss": 0.0
}
                              
                              
----------------------------------------
Epoch 077 with LR 0.000100: Model Results
----------------------------------------
Train MSE Loss: 0.4687, Train CLS Loss: 0.0000, Train MCLS Loss: 0.0000
Protein Cluster Region Loss - Ortho Loss: 0.4773, Cluster Loss: -2.4381
                              
Validation Results: {
    "ci": 0.6961,
    "classification_loss": 0.0,
    "cluster_loss": -2.4359,
    "mae": 1.1325,
    "mse": 2.5539,
    "multiclassification_loss": 0.0,
    "ortho_loss": 0.6577,
    "pearson": 0.516,
    "regression_loss": 2.5531,
    "rm2": 0.223,
    "rmse": 1.5981,
    "sd": 1.4853,
    "spearman": 0.5373,
    "spectral_loss": 0.0
}
                              
Test Results: {
    "ci": 0.6922,
    "classification_loss": 0.0,
    "cluster_loss": -2.4313,
    "mae": 1.1046,
    "mse": 2.314,
    "multiclassification_loss": 0.0,
    "ortho_loss": 0.6759,
    "pearson": 0.5613,
    "regression_loss": 2.3107,
    "rm2": 0.2883,
    "rmse": 1.5212,
    "sd": 1.4359,
    "spearman": 0.5312,
    "spectral_loss": 0.0
}
                              
                              
----------------------------------------
Epoch 078 with LR 0.000100: Model Results
----------------------------------------
Train MSE Loss: 0.4666, Train CLS Loss: 0.0000, Train MCLS Loss: 0.0000
Protein Cluster Region Loss - Ortho Loss: 0.4771, Cluster Loss: -2.4385
                              
Validation Results: {
    "ci": 0.6948,
    "classification_loss": 0.0,
    "cluster_loss": -2.4416,
    "mae": 1.1374,
    "mse": 2.5458,
    "multiclassification_loss": 0.0,
    "ortho_loss": 0.6648,
    "pearson": 0.5169,
    "regression_loss": 2.5452,
    "rm2": 0.2304,
    "rmse": 1.5956,
    "sd": 1.4844,
    "spearman": 0.5371,
    "spectral_loss": 0.0
}
                              
Test Results: {
    "ci": 0.6922,
    "classification_loss": 0.0,
    "cluster_loss": -2.4313,
    "mae": 1.1046,
    "mse": 2.314,
    "multiclassification_loss": 0.0,
    "ortho_loss": 0.6759,
    "pearson": 0.5613,
    "regression_loss": 2.3107,
    "rm2": 0.2883,
    "rmse": 1.5212,
    "sd": 1.4359,
    "spearman": 0.5312,
    "spectral_loss": 0.0
}
                              
                              
----------------------------------------
Epoch 079 with LR 0.000100: Model Results
----------------------------------------
Train MSE Loss: 0.4741, Train CLS Loss: 0.0000, Train MCLS Loss: 0.0000
Protein Cluster Region Loss - Ortho Loss: 0.4737, Cluster Loss: -2.4386
                              
Validation Results: {
    "ci": 0.6916,
    "classification_loss": 0.0,
    "cluster_loss": -2.4344,
    "mae": 1.1494,
    "mse": 2.5795,
    "multiclassification_loss": 0.0,
    "ortho_loss": 0.6559,
    "pearson": 0.5077,
    "regression_loss": 2.5788,
    "rm2": 0.2158,
    "rmse": 1.6061,
    "sd": 1.4939,
    "spearman": 0.5284,
    "spectral_loss": 0.0
}
                              
Test Results: {
    "ci": 0.6922,
    "classification_loss": 0.0,
    "cluster_loss": -2.4313,
    "mae": 1.1046,
    "mse": 2.314,
    "multiclassification_loss": 0.0,
    "ortho_loss": 0.6759,
    "pearson": 0.5613,
    "regression_loss": 2.3107,
    "rm2": 0.2883,
    "rmse": 1.5212,
    "sd": 1.4359,
    "spearman": 0.5312,
    "spectral_loss": 0.0
}
                              
                              
----------------------------------------
Epoch 080 with LR 0.000100: Model Results
----------------------------------------
Train MSE Loss: 0.4556, Train CLS Loss: 0.0000, Train MCLS Loss: 0.0000
Protein Cluster Region Loss - Ortho Loss: 0.4739, Cluster Loss: -2.4393
                              
Validation Results: {
    "ci": 0.6931,
    "classification_loss": 0.0,
    "cluster_loss": -2.4357,
    "mae": 1.1224,
    "mse": 2.4453,
    "multiclassification_loss": 0.0,
    "ortho_loss": 0.6584,
    "pearson": 0.5227,
    "regression_loss": 2.4448,
    "rm2": 0.2411,
    "rmse": 1.5637,
    "sd": 1.4783,
    "spearman": 0.5327,
    "spectral_loss": 0.0
}
                              
Test Results: {
    "ci": 0.6922,
    "classification_loss": 0.0,
    "cluster_loss": -2.4313,
    "mae": 1.1046,
    "mse": 2.314,
    "multiclassification_loss": 0.0,
    "ortho_loss": 0.6759,
    "pearson": 0.5613,
    "regression_loss": 2.3107,
    "rm2": 0.2883,
    "rmse": 1.5212,
    "sd": 1.4359,
    "spearman": 0.5312,
    "spectral_loss": 0.0
}
                              
                              
----------------------------------------
Epoch 081 with LR 0.000100: Model Results
----------------------------------------
Train MSE Loss: 0.4496, Train CLS Loss: 0.0000, Train MCLS Loss: 0.0000
Protein Cluster Region Loss - Ortho Loss: 0.4715, Cluster Loss: -2.4394
                              
Validation Results: {
    "ci": 0.6931,
    "classification_loss": 0.0,
    "cluster_loss": -2.4344,
    "mae": 1.1471,
    "mse": 2.5866,
    "multiclassification_loss": 0.0,
    "ortho_loss": 0.6774,
    "pearson": 0.5107,
    "regression_loss": 2.5856,
    "rm2": 0.2154,
    "rmse": 1.6083,
    "sd": 1.4909,
    "spearman": 0.5317,
    "spectral_loss": 0.0
}
                              
Test Results: {
    "ci": 0.6922,
    "classification_loss": 0.0,
    "cluster_loss": -2.4313,
    "mae": 1.1046,
    "mse": 2.314,
    "multiclassification_loss": 0.0,
    "ortho_loss": 0.6759,
    "pearson": 0.5613,
    "regression_loss": 2.3107,
    "rm2": 0.2883,
    "rmse": 1.5212,
    "sd": 1.4359,
    "spearman": 0.5312,
    "spectral_loss": 0.0
}
                              
                              
----------------------------------------
Epoch 082 with LR 0.000100: Model Results
----------------------------------------
Train MSE Loss: 0.4376, Train CLS Loss: 0.0000, Train MCLS Loss: 0.0000
Protein Cluster Region Loss - Ortho Loss: 0.4694, Cluster Loss: -2.4388
                              
Validation Results: {
    "ci": 0.6911,
    "classification_loss": 0.0,
    "cluster_loss": -2.4328,
    "mae": 1.1325,
    "mse": 2.5053,
    "multiclassification_loss": 0.0,
    "ortho_loss": 0.6631,
    "pearson": 0.5102,
    "regression_loss": 2.5044,
    "rm2": 0.2308,
    "rmse": 1.5828,
    "sd": 1.4913,
    "spearman": 0.5276,
    "spectral_loss": 0.0
}
                              
Test Results: {
    "ci": 0.6922,
    "classification_loss": 0.0,
    "cluster_loss": -2.4313,
    "mae": 1.1046,
    "mse": 2.314,
    "multiclassification_loss": 0.0,
    "ortho_loss": 0.6759,
    "pearson": 0.5613,
    "regression_loss": 2.3107,
    "rm2": 0.2883,
    "rmse": 1.5212,
    "sd": 1.4359,
    "spearman": 0.5312,
    "spectral_loss": 0.0
}
                              
                              
----------------------------------------
Epoch 083 with LR 0.000100: Model Results
----------------------------------------
Train MSE Loss: 0.4729, Train CLS Loss: 0.0000, Train MCLS Loss: 0.0000
Protein Cluster Region Loss - Ortho Loss: 0.4659, Cluster Loss: -2.4389
                              
Validation Results: {
    "ci": 0.6937,
    "classification_loss": 0.0,
    "cluster_loss": -2.4354,
    "mae": 1.121,
    "mse": 2.5514,
    "multiclassification_loss": 0.0,
    "ortho_loss": 0.6538,
    "pearson": 0.4999,
    "regression_loss": 2.5507,
    "rm2": 0.2186,
    "rmse": 1.5973,
    "sd": 1.5018,
    "spearman": 0.5289,
    "spectral_loss": 0.0
}
                              
Test Results: {
    "ci": 0.6922,
    "classification_loss": 0.0,
    "cluster_loss": -2.4313,
    "mae": 1.1046,
    "mse": 2.314,
    "multiclassification_loss": 0.0,
    "ortho_loss": 0.6759,
    "pearson": 0.5613,
    "regression_loss": 2.3107,
    "rm2": 0.2883,
    "rmse": 1.5212,
    "sd": 1.4359,
    "spearman": 0.5312,
    "spectral_loss": 0.0
}
                              
                              
----------------------------------------
Epoch 084 with LR 0.000100: Model Results
----------------------------------------
Train MSE Loss: 0.4762, Train CLS Loss: 0.0000, Train MCLS Loss: 0.0000
Protein Cluster Region Loss - Ortho Loss: 0.4665, Cluster Loss: -2.4385
                              
Validation Results: {
    "ci": 0.693,
    "classification_loss": 0.0,
    "cluster_loss": -2.4323,
    "mae": 1.1367,
    "mse": 2.5083,
    "multiclassification_loss": 0.0,
    "ortho_loss": 0.6582,
    "pearson": 0.5191,
    "regression_loss": 2.5079,
    "rm2": 0.2484,
    "rmse": 1.5838,
    "sd": 1.4821,
    "spearman": 0.5306,
    "spectral_loss": 0.0
}
                              
Test Results: {
    "ci": 0.6922,
    "classification_loss": 0.0,
    "cluster_loss": -2.4313,
    "mae": 1.1046,
    "mse": 2.314,
    "multiclassification_loss": 0.0,
    "ortho_loss": 0.6759,
    "pearson": 0.5613,
    "regression_loss": 2.3107,
    "rm2": 0.2883,
    "rmse": 1.5212,
    "sd": 1.4359,
    "spearman": 0.5312,
    "spectral_loss": 0.0
}
                              
                              
----------------------------------------
Epoch 085 with LR 0.000100: Model Results
----------------------------------------
Train MSE Loss: 0.4455, Train CLS Loss: 0.0000, Train MCLS Loss: 0.0000
Protein Cluster Region Loss - Ortho Loss: 0.4646, Cluster Loss: -2.4395
                              
Validation Results: {
    "ci": 0.6931,
    "classification_loss": 0.0,
    "cluster_loss": -2.4279,
    "mae": 1.1354,
    "mse": 2.5188,
    "multiclassification_loss": 0.0,
    "ortho_loss": 0.6684,
    "pearson": 0.5155,
    "regression_loss": 2.5183,
    "rm2": 0.2322,
    "rmse": 1.5871,
    "sd": 1.4858,
    "spearman": 0.5331,
    "spectral_loss": 0.0
}
                              
Test Results: {
    "ci": 0.6922,
    "classification_loss": 0.0,
    "cluster_loss": -2.4313,
    "mae": 1.1046,
    "mse": 2.314,
    "multiclassification_loss": 0.0,
    "ortho_loss": 0.6759,
    "pearson": 0.5613,
    "regression_loss": 2.3107,
    "rm2": 0.2883,
    "rmse": 1.5212,
    "sd": 1.4359,
    "spearman": 0.5312,
    "spectral_loss": 0.0
}
                              
                              
----------------------------------------
Epoch 086 with LR 0.000100: Model Results
----------------------------------------
Train MSE Loss: 0.4215, Train CLS Loss: 0.0000, Train MCLS Loss: 0.0000
Protein Cluster Region Loss - Ortho Loss: 0.4615, Cluster Loss: -2.4399
                              
Validation Results: {
    "ci": 0.6918,
    "classification_loss": 0.0,
    "cluster_loss": -2.4334,
    "mae": 1.1278,
    "mse": 2.5352,
    "multiclassification_loss": 0.0,
    "ortho_loss": 0.6442,
    "pearson": 0.5019,
    "regression_loss": 2.5342,
    "rm2": 0.2225,
    "rmse": 1.5922,
    "sd": 1.4998,
    "spearman": 0.5273,
    "spectral_loss": 0.0
}
                              
Test Results: {
    "ci": 0.6922,
    "classification_loss": 0.0,
    "cluster_loss": -2.4313,
    "mae": 1.1046,
    "mse": 2.314,
    "multiclassification_loss": 0.0,
    "ortho_loss": 0.6759,
    "pearson": 0.5613,
    "regression_loss": 2.3107,
    "rm2": 0.2883,
    "rmse": 1.5212,
    "sd": 1.4359,
    "spearman": 0.5312,
    "spectral_loss": 0.0
}
                              
                              
----------------------------------------
Epoch 087 with LR 0.000100: Model Results
----------------------------------------
Train MSE Loss: 0.4271, Train CLS Loss: 0.0000, Train MCLS Loss: 0.0000
Protein Cluster Region Loss - Ortho Loss: 0.4637, Cluster Loss: -2.4397
                              
Validation Results: {
    "ci": 0.6962,
    "classification_loss": 0.0,
    "cluster_loss": -2.4369,
    "mae": 1.1062,
    "mse": 2.4077,
    "multiclassification_loss": 0.0,
    "ortho_loss": 0.6645,
    "pearson": 0.5231,
    "regression_loss": 2.4072,
    "rm2": 0.2413,
    "rmse": 1.5517,
    "sd": 1.4778,
    "spearman": 0.5384,
    "spectral_loss": 0.0
}
                              
Test Results: {
    "ci": 0.6922,
    "classification_loss": 0.0,
    "cluster_loss": -2.4313,
    "mae": 1.1046,
    "mse": 2.314,
    "multiclassification_loss": 0.0,
    "ortho_loss": 0.6759,
    "pearson": 0.5613,
    "regression_loss": 2.3107,
    "rm2": 0.2883,
    "rmse": 1.5212,
    "sd": 1.4359,
    "spearman": 0.5312,
    "spectral_loss": 0.0
}
                              
                              
----------------------------------------
Epoch 088 with LR 0.000100: Model Results
----------------------------------------
Train MSE Loss: 0.4216, Train CLS Loss: 0.0000, Train MCLS Loss: 0.0000
Protein Cluster Region Loss - Ortho Loss: 0.4586, Cluster Loss: -2.4400
                              
Validation Results: {
    "ci": 0.6951,
    "classification_loss": 0.0,
    "cluster_loss": -2.4363,
    "mae": 1.1365,
    "mse": 2.569,
    "multiclassification_loss": 0.0,
    "ortho_loss": 0.6653,
    "pearson": 0.5093,
    "regression_loss": 2.5681,
    "rm2": 0.2202,
    "rmse": 1.6028,
    "sd": 1.4923,
    "spearman": 0.5354,
    "spectral_loss": 0.0
}
                              
Test Results: {
    "ci": 0.6922,
    "classification_loss": 0.0,
    "cluster_loss": -2.4313,
    "mae": 1.1046,
    "mse": 2.314,
    "multiclassification_loss": 0.0,
    "ortho_loss": 0.6759,
    "pearson": 0.5613,
    "regression_loss": 2.3107,
    "rm2": 0.2883,
    "rmse": 1.5212,
    "sd": 1.4359,
    "spearman": 0.5312,
    "spectral_loss": 0.0
}
                              
                              
----------------------------------------
Epoch 089 with LR 0.000100: Model Results
----------------------------------------
Train MSE Loss: 0.4101, Train CLS Loss: 0.0000, Train MCLS Loss: 0.0000
Protein Cluster Region Loss - Ortho Loss: 0.4612, Cluster Loss: -2.4411
                              
Validation Results: {
    "ci": 0.6934,
    "classification_loss": 0.0,
    "cluster_loss": -2.4403,
    "mae": 1.1381,
    "mse": 2.5265,
    "multiclassification_loss": 0.0,
    "ortho_loss": 0.6536,
    "pearson": 0.5154,
    "regression_loss": 2.5256,
    "rm2": 0.226,
    "rmse": 1.5895,
    "sd": 1.4859,
    "spearman": 0.5323,
    "spectral_loss": 0.0
}
                              
Test Results: {
    "ci": 0.6922,
    "classification_loss": 0.0,
    "cluster_loss": -2.4313,
    "mae": 1.1046,
    "mse": 2.314,
    "multiclassification_loss": 0.0,
    "ortho_loss": 0.6759,
    "pearson": 0.5613,
    "regression_loss": 2.3107,
    "rm2": 0.2883,
    "rmse": 1.5212,
    "sd": 1.4359,
    "spearman": 0.5312,
    "spectral_loss": 0.0
}
                              
                              
----------------------------------------
Epoch 090 with LR 0.000100: Model Results
----------------------------------------
Train MSE Loss: 0.4042, Train CLS Loss: 0.0000, Train MCLS Loss: 0.0000
Protein Cluster Region Loss - Ortho Loss: 0.4618, Cluster Loss: -2.4410
                              
Validation Results: {
    "ci": 0.6864,
    "classification_loss": 0.0,
    "cluster_loss": -2.4339,
    "mae": 1.1471,
    "mse": 2.5674,
    "multiclassification_loss": 0.0,
    "ortho_loss": 0.6471,
    "pearson": 0.5071,
    "regression_loss": 2.5668,
    "rm2": 0.2309,
    "rmse": 1.6023,
    "sd": 1.4945,
    "spearman": 0.5145,
    "spectral_loss": 0.0
}
                              
Test Results: {
    "ci": 0.6922,
    "classification_loss": 0.0,
    "cluster_loss": -2.4313,
    "mae": 1.1046,
    "mse": 2.314,
    "multiclassification_loss": 0.0,
    "ortho_loss": 0.6759,
    "pearson": 0.5613,
    "regression_loss": 2.3107,
    "rm2": 0.2883,
    "rmse": 1.5212,
    "sd": 1.4359,
    "spearman": 0.5312,
    "spectral_loss": 0.0
}
                              
                              
----------------------------------------
Epoch 091 with LR 0.000100: Model Results
----------------------------------------
Train MSE Loss: 0.4114, Train CLS Loss: 0.0000, Train MCLS Loss: 0.0000
Protein Cluster Region Loss - Ortho Loss: 0.4575, Cluster Loss: -2.4406
                              
Validation Results: {
    "ci": 0.6893,
    "classification_loss": 0.0,
    "cluster_loss": -2.4404,
    "mae": 1.1455,
    "mse": 2.5765,
    "multiclassification_loss": 0.0,
    "ortho_loss": 0.6609,
    "pearson": 0.5022,
    "regression_loss": 2.576,
    "rm2": 0.2246,
    "rmse": 1.6051,
    "sd": 1.4994,
    "spearman": 0.5222,
    "spectral_loss": 0.0
}
                              
Test Results: {
    "ci": 0.6922,
    "classification_loss": 0.0,
    "cluster_loss": -2.4313,
    "mae": 1.1046,
    "mse": 2.314,
    "multiclassification_loss": 0.0,
    "ortho_loss": 0.6759,
    "pearson": 0.5613,
    "regression_loss": 2.3107,
    "rm2": 0.2883,
    "rmse": 1.5212,
    "sd": 1.4359,
    "spearman": 0.5312,
    "spectral_loss": 0.0
}
                              
                              
----------------------------------------
Epoch 092 with LR 0.000100: Model Results
----------------------------------------
Train MSE Loss: 0.4158, Train CLS Loss: 0.0000, Train MCLS Loss: 0.0000
Protein Cluster Region Loss - Ortho Loss: 0.4556, Cluster Loss: -2.4407
                              
Validation Results: {
    "ci": 0.6944,
    "classification_loss": 0.0,
    "cluster_loss": -2.4352,
    "mae": 1.1305,
    "mse": 2.578,
    "multiclassification_loss": 0.0,
    "ortho_loss": 0.6547,
    "pearson": 0.5041,
    "regression_loss": 2.5778,
    "rm2": 0.2338,
    "rmse": 1.6056,
    "sd": 1.4975,
    "spearman": 0.5328,
    "spectral_loss": 0.0
}
                              
Test Results: {
    "ci": 0.6922,
    "classification_loss": 0.0,
    "cluster_loss": -2.4313,
    "mae": 1.1046,
    "mse": 2.314,
    "multiclassification_loss": 0.0,
    "ortho_loss": 0.6759,
    "pearson": 0.5613,
    "regression_loss": 2.3107,
    "rm2": 0.2883,
    "rmse": 1.5212,
    "sd": 1.4359,
    "spearman": 0.5312,
    "spectral_loss": 0.0
}
                              
                              
----------------------------------------
Epoch 093 with LR 0.000100: Model Results
----------------------------------------
Train MSE Loss: 0.4128, Train CLS Loss: 0.0000, Train MCLS Loss: 0.0000
Protein Cluster Region Loss - Ortho Loss: 0.4549, Cluster Loss: -2.4413
                              
Validation Results: {
    "ci": 0.7004,
    "classification_loss": 0.0,
    "cluster_loss": -2.4346,
    "mae": 1.1161,
    "mse": 2.5275,
    "multiclassification_loss": 0.0,
    "ortho_loss": 0.6521,
    "pearson": 0.5192,
    "regression_loss": 2.5268,
    "rm2": 0.2353,
    "rmse": 1.5898,
    "sd": 1.4819,
    "spearman": 0.5501,
    "spectral_loss": 0.0
}
                              
Test Results: {
    "ci": 0.6922,
    "classification_loss": 0.0,
    "cluster_loss": -2.4313,
    "mae": 1.1046,
    "mse": 2.314,
    "multiclassification_loss": 0.0,
    "ortho_loss": 0.6759,
    "pearson": 0.5613,
    "regression_loss": 2.3107,
    "rm2": 0.2883,
    "rmse": 1.5212,
    "sd": 1.4359,
    "spearman": 0.5312,
    "spectral_loss": 0.0
}
                              
                              
----------------------------------------
Epoch 094 with LR 0.000100: Model Results
----------------------------------------
Train MSE Loss: 0.3988, Train CLS Loss: 0.0000, Train MCLS Loss: 0.0000
Protein Cluster Region Loss - Ortho Loss: 0.4529, Cluster Loss: -2.4407
                              
Validation Results: {
    "ci": 0.6939,
    "classification_loss": 0.0,
    "cluster_loss": -2.4407,
    "mae": 1.1442,
    "mse": 2.6593,
    "multiclassification_loss": 0.0,
    "ortho_loss": 0.6642,
    "pearson": 0.4983,
    "regression_loss": 2.6587,
    "rm2": 0.2162,
    "rmse": 1.6307,
    "sd": 1.5034,
    "spearman": 0.5319,
    "spectral_loss": 0.0
}
                              
Test Results: {
    "ci": 0.6922,
    "classification_loss": 0.0,
    "cluster_loss": -2.4313,
    "mae": 1.1046,
    "mse": 2.314,
    "multiclassification_loss": 0.0,
    "ortho_loss": 0.6759,
    "pearson": 0.5613,
    "regression_loss": 2.3107,
    "rm2": 0.2883,
    "rmse": 1.5212,
    "sd": 1.4359,
    "spearman": 0.5312,
    "spectral_loss": 0.0
}
                              
                              
----------------------------------------
Epoch 095 with LR 0.000100: Model Results
----------------------------------------
Train MSE Loss: 0.4128, Train CLS Loss: 0.0000, Train MCLS Loss: 0.0000
Protein Cluster Region Loss - Ortho Loss: 0.4503, Cluster Loss: -2.4411
                              
Validation Results: {
    "ci": 0.6921,
    "classification_loss": 0.0,
    "cluster_loss": -2.4351,
    "mae": 1.1563,
    "mse": 2.6659,
    "multiclassification_loss": 0.0,
    "ortho_loss": 0.6514,
    "pearson": 0.497,
    "regression_loss": 2.6653,
    "rm2": 0.221,
    "rmse": 1.6328,
    "sd": 1.5047,
    "spearman": 0.5275,
    "spectral_loss": 0.0
}
                              
Test Results: {
    "ci": 0.6922,
    "classification_loss": 0.0,
    "cluster_loss": -2.4313,
    "mae": 1.1046,
    "mse": 2.314,
    "multiclassification_loss": 0.0,
    "ortho_loss": 0.6759,
    "pearson": 0.5613,
    "regression_loss": 2.3107,
    "rm2": 0.2883,
    "rmse": 1.5212,
    "sd": 1.4359,
    "spearman": 0.5312,
    "spectral_loss": 0.0
}
                              
                              
----------------------------------------
Epoch 096 with LR 0.000100: Model Results
----------------------------------------
Train MSE Loss: 0.4300, Train CLS Loss: 0.0000, Train MCLS Loss: 0.0000
Protein Cluster Region Loss - Ortho Loss: 0.4480, Cluster Loss: -2.4417
                              
Validation Results: {
    "ci": 0.6873,
    "classification_loss": 0.0,
    "cluster_loss": -2.4346,
    "mae": 1.1594,
    "mse": 2.6696,
    "multiclassification_loss": 0.0,
    "ortho_loss": 0.6486,
    "pearson": 0.4906,
    "regression_loss": 2.6696,
    "rm2": 0.2072,
    "rmse": 1.6339,
    "sd": 1.511,
    "spearman": 0.5137,
    "spectral_loss": 0.0
}
                              
Test Results: {
    "ci": 0.6922,
    "classification_loss": 0.0,
    "cluster_loss": -2.4313,
    "mae": 1.1046,
    "mse": 2.314,
    "multiclassification_loss": 0.0,
    "ortho_loss": 0.6759,
    "pearson": 0.5613,
    "regression_loss": 2.3107,
    "rm2": 0.2883,
    "rmse": 1.5212,
    "sd": 1.4359,
    "spearman": 0.5312,
    "spectral_loss": 0.0
}
                              
                              
----------------------------------------
Epoch 097 with LR 0.000100: Model Results
----------------------------------------
Train MSE Loss: 0.4263, Train CLS Loss: 0.0000, Train MCLS Loss: 0.0000
Protein Cluster Region Loss - Ortho Loss: 0.4442, Cluster Loss: -2.4415
                              
Validation Results: {
    "ci": 0.6904,
    "classification_loss": 0.0,
    "cluster_loss": -2.4379,
    "mae": 1.156,
    "mse": 2.6687,
    "multiclassification_loss": 0.0,
    "ortho_loss": 0.6449,
    "pearson": 0.5053,
    "regression_loss": 2.668,
    "rm2": 0.2158,
    "rmse": 1.6336,
    "sd": 1.4963,
    "spearman": 0.5245,
    "spectral_loss": 0.0
}
                              
Test Results: {
    "ci": 0.6922,
    "classification_loss": 0.0,
    "cluster_loss": -2.4313,
    "mae": 1.1046,
    "mse": 2.314,
    "multiclassification_loss": 0.0,
    "ortho_loss": 0.6759,
    "pearson": 0.5613,
    "regression_loss": 2.3107,
    "rm2": 0.2883,
    "rmse": 1.5212,
    "sd": 1.4359,
    "spearman": 0.5312,
    "spectral_loss": 0.0
}
                              
                              
----------------------------------------
Epoch 098 with LR 0.000100: Model Results
----------------------------------------
Train MSE Loss: 0.4073, Train CLS Loss: 0.0000, Train MCLS Loss: 0.0000
Protein Cluster Region Loss - Ortho Loss: 0.4420, Cluster Loss: -2.4414
                              
Validation Results: {
    "ci": 0.6928,
    "classification_loss": 0.0,
    "cluster_loss": -2.4336,
    "mae": 1.1399,
    "mse": 2.57,
    "multiclassification_loss": 0.0,
    "ortho_loss": 0.6467,
    "pearson": 0.513,
    "regression_loss": 2.5692,
    "rm2": 0.2224,
    "rmse": 1.6031,
    "sd": 1.4884,
    "spearman": 0.5298,
    "spectral_loss": 0.0
}
                              
Test Results: {
    "ci": 0.6922,
    "classification_loss": 0.0,
    "cluster_loss": -2.4313,
    "mae": 1.1046,
    "mse": 2.314,
    "multiclassification_loss": 0.0,
    "ortho_loss": 0.6759,
    "pearson": 0.5613,
    "regression_loss": 2.3107,
    "rm2": 0.2883,
    "rmse": 1.5212,
    "sd": 1.4359,
    "spearman": 0.5312,
    "spectral_loss": 0.0
}
                              
                              
----------------------------------------
Epoch 099 with LR 0.000100: Model Results
----------------------------------------
Train MSE Loss: 0.3825, Train CLS Loss: 0.0000, Train MCLS Loss: 0.0000
Protein Cluster Region Loss - Ortho Loss: 0.4452, Cluster Loss: -2.4414
                              
Validation Results: {
    "ci": 0.6932,
    "classification_loss": 0.0,
    "cluster_loss": -2.4343,
    "mae": 1.1205,
    "mse": 2.4577,
    "multiclassification_loss": 0.0,
    "ortho_loss": 0.6566,
    "pearson": 0.5213,
    "regression_loss": 2.4568,
    "rm2": 0.2377,
    "rmse": 1.5677,
    "sd": 1.4798,
    "spearman": 0.5317,
    "spectral_loss": 0.0
}
                              
Test Results: {
    "ci": 0.6922,
    "classification_loss": 0.0,
    "cluster_loss": -2.4313,
    "mae": 1.1046,
    "mse": 2.314,
    "multiclassification_loss": 0.0,
    "ortho_loss": 0.6759,
    "pearson": 0.5613,
    "regression_loss": 2.3107,
    "rm2": 0.2883,
    "rmse": 1.5212,
    "sd": 1.4359,
    "spearman": 0.5312,
    "spectral_loss": 0.0
}
                              
                              
----------------------------------------
Epoch 100 with LR 0.000100: Model Results
----------------------------------------
Train MSE Loss: 0.3788, Train CLS Loss: 0.0000, Train MCLS Loss: 0.0000
Protein Cluster Region Loss - Ortho Loss: 0.4399, Cluster Loss: -2.4419
                              
Validation Results: {
    "ci": 0.6926,
    "classification_loss": 0.0,
    "cluster_loss": -2.4378,
    "mae": 1.134,
    "mse": 2.5658,
    "multiclassification_loss": 0.0,
    "ortho_loss": 0.6486,
    "pearson": 0.505,
    "regression_loss": 2.5651,
    "rm2": 0.2263,
    "rmse": 1.6018,
    "sd": 1.4966,
    "spearman": 0.53,
    "spectral_loss": 0.0
}
                              
Test Results: {
    "ci": 0.6922,
    "classification_loss": 0.0,
    "cluster_loss": -2.4313,
    "mae": 1.1046,
    "mse": 2.314,
    "multiclassification_loss": 0.0,
    "ortho_loss": 0.6759,
    "pearson": 0.5613,
    "regression_loss": 2.3107,
    "rm2": 0.2883,
    "rmse": 1.5212,
    "sd": 1.4359,
    "spearman": 0.5312,
    "spectral_loss": 0.0
}
[best epoch] epoch=67, best_rmse=1.4929, lr_at_best=1.000e-04
                              
                              
----------------------------------------
Epoch 100 with LR 0.000100: Model Results
----------------------------------------
Train MSE Loss: 0.3788, Train CLS Loss: 0.0000, Train MCLS Loss: 0.0000
Protein Cluster Region Loss - Ortho Loss: 0.4399, Cluster Loss: -2.4419
                              
Validation Results: {
    "ci": 0.6926,
    "classification_loss": 0.0,
    "cluster_loss": -2.4378,
    "mae": 1.134,
    "mse": 2.5658,
    "multiclassification_loss": 0.0,
    "ortho_loss": 0.6486,
    "pearson": 0.505,
    "regression_loss": 2.5651,
    "rm2": 0.2263,
    "rmse": 1.6018,
    "sd": 1.4966,
    "spearman": 0.53,
    "spectral_loss": 0.0
}
                              
Test Results: {
    "ci": 0.6922,
    "classification_loss": 0.0,
    "cluster_loss": -2.4313,
    "mae": 1.1046,
    "mse": 2.314,
    "multiclassification_loss": 0.0,
    "ortho_loss": 0.6759,
    "pearson": 0.5613,
    "regression_loss": 2.3107,
    "rm2": 0.2883,
    "rmse": 1.5212,
    "sd": 1.4359,
    "spearman": 0.5312,
    "spectral_loss": 0.0
}
Final test metrics: rmse=5.5810, pearson=0.3814, r2_proxy(mse)=31.1477
Done. Predictions: /sc/arion/projects/DiseaseGeneCell/Huang_lab_project/wangcDrugRepoProject/TRACE_Kin_Results_v3/EITLEM_dataset/EITLEM_kkm_ProteinCLIP_embedding_cold_protein/test_prediction_seed1.csv; checkpoint: /sc/arion/projects/DiseaseGeneCell/Huang_lab_project/wangcDrugRepoProject/TRACE_Kin_Results_v3/EITLEM_dataset/EITLEM_kkm_ProteinCLIP_embedding_cold_protein/save_model_seed1/model.pt

==========================================
Array task 11/14: OK (EITLEM_kkm_ProteinCLIP_embedding_cold_protein)
==========================================


PS:

Read file <242532286.11.stderr> for stderr output of this job.

