Sender: LSF System <lsfadmin@lg03e15>
Subject: Job 242532286[14]: <trace_kin_v3[1-14]> in cluster <chimera> Done

Job <trace_kin_v3[1-14]> was submitted from host <li04e03> by user <wangc40> in cluster <chimera> at Thu May  7 22:42:26 2026
Job was executed on host(s) <16*lg03e15>, in queue <gpu>, as user <wangc40> in cluster <chimera> at Thu May  7 22:42:30 2026
</hpc/users/wangc40> was used as the home directory.
</sc/arion/projects/DiseaseGeneCell/Huang_lab_project/wangcDrugRepoProject/TRACE-Kin> was used as the working directory.
Started at Thu May  7 22:42:30 2026
Terminated at Fri May  8 00:07:38 2026
Results reported at Fri May  8 00:07:38 2026

Your job looked like:

------------------------------------------------------------
# LSBATCH: User input
#!/bin/bash
#BSUB -J trace_kin_v3[1-14]
#BSUB -P acc_DiseaseGeneCell
#BSUB -q gpu
#BSUB -R h100nvl
#BSUB -gpu num=1
#BSUB -n 16
#BSUB -R "rusage[mem=8000]"
#BSUB -R "span[hosts=1]"
#BSUB -W 48:00
#BSUB -o %J.%I.stdout
#BSUB -eo %J.%I.stderr
#BSUB -L /bin/bash

# =============================================================================
# TRACE-Kin v3 rerun — LSF job array
# =============================================================================
# Submit with:
#     bsub < training/run_v3_array.lsf
#
# Or chain off the smoke test (recommended):
#     bsub -w "done(<SMOKE_JOB_ID>)" < training/run_v3_array.lsf
#
# For the multi-seed ensemble (the paper config), submit additional seeds in
# parallel after the SEED=1 array completes (or alongside, as separate jobs):
#     SEED=2 bsub -J "trace_kin_v3_s2[1-14]" < training/run_v3_array.lsf
#     SEED=3 bsub -J "trace_kin_v3_s3[1-14]" < training/run_v3_array.lsf
# After all seeds finish, analysis/aggregate_results.py averages predictions
# across seeds before computing RMSE.
#
# LSF expands #BSUB -J trace_kin_v3[1-14] into 14 array tasks, each with a
# distinct ${LSB_JOBINDEX} in 1..14. The body looks up the per-index
# (dataset_source, dataset_name, pool_paths) tuple from the inline table below
# and invokes train_trace_kin.py with model_version=v3.
#
# The 14 tasks correspond to:
#   * 12 RF-gap targets (catalytic kinetics where v1 trails RF by 1.4%–8.7%)
#   * 2 Ki preservation guards (where v1 already wins, must not regress)
# =============================================================================

# --- Environment -------------------------------------------------------------
# Match the prologue of the proven-working PSICHIC LSFs verbatim — no
# `set -euo pipefail`. Mount Sinai's /etc/profile.d scripts return non-zero
# in places that aren't real errors, and errexit aborts the job before
# module + conda activation can complete.
ml purge
source ~/.bashrc
module load anaconda3/2024.06
source activate test
module load cuda/12.4.0

(... more ...)
------------------------------------------------------------

Successfully completed.

Resource usage summary:

    CPU time :                                   5081.00 sec.
    Max Memory :                                 6084 MB
    Average Memory :                             6057.18 MB
    Total Requested Memory :                     128000.00 MB
    Delta Memory :                               121916.00 MB
    Max Swap :                                   -
    Max Processes :                              4
    Max Threads :                                18
    Run time :                                   5108 sec.
    Turnaround time :                            5112 sec.

The output (if any) follows:

==========================================
TRACE-Kin v3 array task 14/14
==========================================
Date:        Thu May  7 22:42:33 EDT 2026
Dataset:     /sc/arion/projects/DiseaseGeneCell/Huang_lab_project/drug_discovery/output/data/enzyme_embeddings_dataset/catpred_dataset/catpred_ki_ProteinCLIP_embedding_cold_drug
Result:      /sc/arion/projects/DiseaseGeneCell/Huang_lab_project/wangcDrugRepoProject/TRACE_Kin_Results_v3/catpred_dataset/catpred_ki_ProteinCLIP_embedding_cold_drug
Config:      training/config_v3.json
Pool CSVs:   (none)
Model:       v3 (dual-head + learned gate)
Epochs:      100, batch=16, seed=1, lr=1e-4
==========================================
Python 3.12.2
Python: /sc/arion/work/wangc40/test-env/envs/test/bin/python
CUDA device: NVIDIA H100 80GB HBM3, sm_90
============================================================
TRACE-Kin training
============================================================
Datafolder:        /sc/arion/projects/DiseaseGeneCell/Huang_lab_project/drug_discovery/output/data/enzyme_embeddings_dataset/catpred_dataset/catpred_ki_ProteinCLIP_embedding_cold_drug
Result path:       /sc/arion/projects/DiseaseGeneCell/Huang_lab_project/wangcDrugRepoProject/TRACE_Kin_Results_v3/catpred_dataset/catpred_ki_ProteinCLIP_embedding_cold_drug
Config:            training/config_v3.json
Pool train CSVs:   (none)
============================================================
Loading primary train: /sc/arion/projects/DiseaseGeneCell/Huang_lab_project/drug_discovery/output/data/enzyme_embeddings_dataset/catpred_dataset/catpred_ki_ProteinCLIP_embedding_cold_drug/train.parquet
Loading primary test: /sc/arion/projects/DiseaseGeneCell/Huang_lab_project/drug_discovery/output/data/enzyme_embeddings_dataset/catpred_dataset/catpred_ki_ProteinCLIP_embedding_cold_drug/test.parquet
Loading primary val: /sc/arion/projects/DiseaseGeneCell/Huang_lab_project/drug_discovery/output/data/enzyme_embeddings_dataset/catpred_dataset/catpred_ki_ProteinCLIP_embedding_cold_drug/val.parquet
Detected prot_evo_channels = 128
seq2feat: 2829 unique sequences.
model_version: v3, use_swa: False
Building protein graphs from scratch (this can be slow)...
Building ligand graphs from scratch...
⚠️  Warning: Failed to parse SMILES: *C(=O)OCC(O)CO[PH](=O)(=O)OCC(O)COC(*)=O
   Skipping this molecule and returning None
⚠️  Skipped invalid SMILES: *C(=O)OCC(O)CO[PH](=O)(=O)OCC(O)COC(*)=O
⚠️  Warning: Skipped 1 invalid SMILES strings
WARN: dropping 1 train rows with missing protein/ligand graphs.
loaders ready: train=515 test=157 val=75
Computing PNA degrees from training data...
Built TraceKinV3 with 6,852,123 parameters
[LR schedule] schedule_lr=False, lrate=0.0001, min_lrate=0, warmup_iters=0, lr_decay_iters=51500, total_iters=51500
Not in terminal, reprint now using normal build-in print function.
                              
                              
----------------------------------------
Epoch 001 with LR 0.000100: Model Results
----------------------------------------
Train MSE Loss: 2.6205, Train CLS Loss: 0.0000, Train MCLS Loss: 0.0000
Protein Cluster Region Loss - Ortho Loss: 1.8449, Cluster Loss: -2.5827
                              
Validation Results: {
    "ci": 0.7473,
    "classification_loss": 0.0,
    "cluster_loss": -2.4686,
    "mae": 1.181,
    "mse": 2.2041,
    "multiclassification_loss": 0.0,
    "ortho_loss": 1.1847,
    "pearson": 0.68,
    "regression_loss": 2.2043,
    "rm2": 0.4531,
    "rmse": 1.4846,
    "sd": 1.4846,
    "spearman": 0.6884,
    "spectral_loss": 0.0
}
                              
Test Results: {
    "ci": 0.7493,
    "classification_loss": 0.0,
    "cluster_loss": -2.4641,
    "mae": 1.144,
    "mse": 2.0931,
    "multiclassification_loss": 0.0,
    "ortho_loss": 1.1934,
    "pearson": 0.6838,
    "regression_loss": 2.0966,
    "rm2": 0.4338,
    "rmse": 1.4467,
    "sd": 1.4382,
    "spearman": 0.6921,
    "spectral_loss": 0.0
}
                              
                              
----------------------------------------
Epoch 002 with LR 0.000100: Model Results
----------------------------------------
Train MSE Loss: 1.8248, Train CLS Loss: 0.0000, Train MCLS Loss: 0.0000
Protein Cluster Region Loss - Ortho Loss: 1.0269, Cluster Loss: -2.4435
                              
Validation Results: {
    "ci": 0.7545,
    "classification_loss": 0.0,
    "cluster_loss": -2.4367,
    "mae": 1.1536,
    "mse": 2.1577,
    "multiclassification_loss": 0.0,
    "ortho_loss": 0.9746,
    "pearson": 0.7004,
    "regression_loss": 2.1553,
    "rm2": 0.4275,
    "rmse": 1.4689,
    "sd": 1.4452,
    "spearman": 0.7027,
    "spectral_loss": 0.0
}
                              
Test Results: {
    "ci": 0.759,
    "classification_loss": 0.0,
    "cluster_loss": -2.4322,
    "mae": 1.0937,
    "mse": 1.9544,
    "multiclassification_loss": 0.0,
    "ortho_loss": 0.977,
    "pearson": 0.706,
    "regression_loss": 1.9549,
    "rm2": 0.4775,
    "rmse": 1.398,
    "sd": 1.3958,
    "spearman": 0.7131,
    "spectral_loss": 0.0
}
                              
                              
----------------------------------------
Epoch 003 with LR 0.000100: Model Results
----------------------------------------
Train MSE Loss: 1.5347, Train CLS Loss: 0.0000, Train MCLS Loss: 0.0000
Protein Cluster Region Loss - Ortho Loss: 0.8568, Cluster Loss: -2.4331
                              
Validation Results: {
    "ci": 0.7591,
    "classification_loss": 0.0,
    "cluster_loss": -2.4402,
    "mae": 1.1322,
    "mse": 2.0478,
    "multiclassification_loss": 0.0,
    "ortho_loss": 0.8512,
    "pearson": 0.7093,
    "regression_loss": 2.0435,
    "rm2": 0.5013,
    "rmse": 1.431,
    "sd": 1.4273,
    "spearman": 0.7099,
    "spectral_loss": 0.0
}
                              
Test Results: {
    "ci": 0.7631,
    "classification_loss": 0.0,
    "cluster_loss": -2.4363,
    "mae": 1.0969,
    "mse": 1.9483,
    "multiclassification_loss": 0.0,
    "ortho_loss": 0.8517,
    "pearson": 0.7136,
    "regression_loss": 1.9499,
    "rm2": 0.4742,
    "rmse": 1.3958,
    "sd": 1.3807,
    "spearman": 0.7198,
    "spectral_loss": 0.0
}
                              
                              
----------------------------------------
Epoch 004 with LR 0.000100: Model Results
----------------------------------------
Train MSE Loss: 1.3254, Train CLS Loss: 0.0000, Train MCLS Loss: 0.0000
Protein Cluster Region Loss - Ortho Loss: 0.7789, Cluster Loss: -2.4351
                              
Validation Results: {
    "ci": 0.7619,
    "classification_loss": 0.0,
    "cluster_loss": -2.4383,
    "mae": 1.1043,
    "mse": 2.0041,
    "multiclassification_loss": 0.0,
    "ortho_loss": 0.7905,
    "pearson": 0.7207,
    "regression_loss": 1.9993,
    "rm2": 0.4722,
    "rmse": 1.4157,
    "sd": 1.4038,
    "spearman": 0.7148,
    "spectral_loss": 0.0
}
                              
Test Results: {
    "ci": 0.7614,
    "classification_loss": 0.0,
    "cluster_loss": -2.4338,
    "mae": 1.0714,
    "mse": 1.926,
    "multiclassification_loss": 0.0,
    "ortho_loss": 0.792,
    "pearson": 0.7108,
    "regression_loss": 1.9278,
    "rm2": 0.4883,
    "rmse": 1.3878,
    "sd": 1.3864,
    "spearman": 0.7131,
    "spectral_loss": 0.0
}
                              
                              
----------------------------------------
Epoch 005 with LR 0.000100: Model Results
----------------------------------------
Train MSE Loss: 1.1666, Train CLS Loss: 0.0000, Train MCLS Loss: 0.0000
Protein Cluster Region Loss - Ortho Loss: 0.7305, Cluster Loss: -2.4352
                              
Validation Results: {
    "ci": 0.7595,
    "classification_loss": 0.0,
    "cluster_loss": -2.4401,
    "mae": 1.1413,
    "mse": 2.1286,
    "multiclassification_loss": 0.0,
    "ortho_loss": 0.7387,
    "pearson": 0.7067,
    "regression_loss": 2.1236,
    "rm2": 0.4942,
    "rmse": 1.459,
    "sd": 1.4326,
    "spearman": 0.708,
    "spectral_loss": 0.0
}
                              
Test Results: {
    "ci": 0.7614,
    "classification_loss": 0.0,
    "cluster_loss": -2.4338,
    "mae": 1.0714,
    "mse": 1.926,
    "multiclassification_loss": 0.0,
    "ortho_loss": 0.792,
    "pearson": 0.7108,
    "regression_loss": 1.9278,
    "rm2": 0.4883,
    "rmse": 1.3878,
    "sd": 1.3864,
    "spearman": 0.7131,
    "spectral_loss": 0.0
}
                              
                              
----------------------------------------
Epoch 006 with LR 0.000100: Model Results
----------------------------------------
Train MSE Loss: 1.0371, Train CLS Loss: 0.0000, Train MCLS Loss: 0.0000
Protein Cluster Region Loss - Ortho Loss: 0.7084, Cluster Loss: -2.4369
                              
Validation Results: {
    "ci": 0.758,
    "classification_loss": 0.0,
    "cluster_loss": -2.439,
    "mae": 1.1274,
    "mse": 2.1407,
    "multiclassification_loss": 0.0,
    "ortho_loss": 0.7377,
    "pearson": 0.6999,
    "regression_loss": 2.1341,
    "rm2": 0.4378,
    "rmse": 1.4631,
    "sd": 1.4463,
    "spearman": 0.7045,
    "spectral_loss": 0.0
}
                              
Test Results: {
    "ci": 0.7614,
    "classification_loss": 0.0,
    "cluster_loss": -2.4338,
    "mae": 1.0714,
    "mse": 1.926,
    "multiclassification_loss": 0.0,
    "ortho_loss": 0.792,
    "pearson": 0.7108,
    "regression_loss": 1.9278,
    "rm2": 0.4883,
    "rmse": 1.3878,
    "sd": 1.3864,
    "spearman": 0.7131,
    "spectral_loss": 0.0
}
                              
                              
----------------------------------------
Epoch 007 with LR 0.000100: Model Results
----------------------------------------
Train MSE Loss: 0.9337, Train CLS Loss: 0.0000, Train MCLS Loss: 0.0000
Protein Cluster Region Loss - Ortho Loss: 0.6714, Cluster Loss: -2.4376
                              
Validation Results: {
    "ci": 0.7593,
    "classification_loss": 0.0,
    "cluster_loss": -2.446,
    "mae": 1.1158,
    "mse": 2.1184,
    "multiclassification_loss": 0.0,
    "ortho_loss": 0.6989,
    "pearson": 0.7047,
    "regression_loss": 2.1114,
    "rm2": 0.4424,
    "rmse": 1.4555,
    "sd": 1.4366,
    "spearman": 0.707,
    "spectral_loss": 0.0
}
                              
Test Results: {
    "ci": 0.7614,
    "classification_loss": 0.0,
    "cluster_loss": -2.4338,
    "mae": 1.0714,
    "mse": 1.926,
    "multiclassification_loss": 0.0,
    "ortho_loss": 0.792,
    "pearson": 0.7108,
    "regression_loss": 1.9278,
    "rm2": 0.4883,
    "rmse": 1.3878,
    "sd": 1.3864,
    "spearman": 0.7131,
    "spectral_loss": 0.0
}
                              
                              
----------------------------------------
Epoch 008 with LR 0.000100: Model Results
----------------------------------------
Train MSE Loss: 0.8641, Train CLS Loss: 0.0000, Train MCLS Loss: 0.0000
Protein Cluster Region Loss - Ortho Loss: 0.6520, Cluster Loss: -2.4384
                              
Validation Results: {
    "ci": 0.7653,
    "classification_loss": 0.0,
    "cluster_loss": -2.4471,
    "mae": 1.0864,
    "mse": 2.0122,
    "multiclassification_loss": 0.0,
    "ortho_loss": 0.6939,
    "pearson": 0.7194,
    "regression_loss": 2.0064,
    "rm2": 0.4773,
    "rmse": 1.4185,
    "sd": 1.4064,
    "spearman": 0.7198,
    "spectral_loss": 0.0
}
                              
Test Results: {
    "ci": 0.7614,
    "classification_loss": 0.0,
    "cluster_loss": -2.4338,
    "mae": 1.0714,
    "mse": 1.926,
    "multiclassification_loss": 0.0,
    "ortho_loss": 0.792,
    "pearson": 0.7108,
    "regression_loss": 1.9278,
    "rm2": 0.4883,
    "rmse": 1.3878,
    "sd": 1.3864,
    "spearman": 0.7131,
    "spectral_loss": 0.0
}
                              
                              
----------------------------------------
Epoch 009 with LR 0.000100: Model Results
----------------------------------------
Train MSE Loss: 0.7920, Train CLS Loss: 0.0000, Train MCLS Loss: 0.0000
Protein Cluster Region Loss - Ortho Loss: 0.6407, Cluster Loss: -2.4397
                              
Validation Results: {
    "ci": 0.763,
    "classification_loss": 0.0,
    "cluster_loss": -2.4466,
    "mae": 1.0945,
    "mse": 2.0824,
    "multiclassification_loss": 0.0,
    "ortho_loss": 0.6581,
    "pearson": 0.7162,
    "regression_loss": 2.0763,
    "rm2": 0.4404,
    "rmse": 1.443,
    "sd": 1.4131,
    "spearman": 0.7144,
    "spectral_loss": 0.0
}
                              
Test Results: {
    "ci": 0.7614,
    "classification_loss": 0.0,
    "cluster_loss": -2.4338,
    "mae": 1.0714,
    "mse": 1.926,
    "multiclassification_loss": 0.0,
    "ortho_loss": 0.792,
    "pearson": 0.7108,
    "regression_loss": 1.9278,
    "rm2": 0.4883,
    "rmse": 1.3878,
    "sd": 1.3864,
    "spearman": 0.7131,
    "spectral_loss": 0.0
}
                              
                              
----------------------------------------
Epoch 010 with LR 0.000100: Model Results
----------------------------------------
Train MSE Loss: 0.7566, Train CLS Loss: 0.0000, Train MCLS Loss: 0.0000
Protein Cluster Region Loss - Ortho Loss: 0.6286, Cluster Loss: -2.4408
                              
Validation Results: {
    "ci": 0.7648,
    "classification_loss": 0.0,
    "cluster_loss": -2.4465,
    "mae": 1.0899,
    "mse": 2.0217,
    "multiclassification_loss": 0.0,
    "ortho_loss": 0.6756,
    "pearson": 0.717,
    "regression_loss": 2.0154,
    "rm2": 0.4851,
    "rmse": 1.4219,
    "sd": 1.4115,
    "spearman": 0.7166,
    "spectral_loss": 0.0
}
                              
Test Results: {
    "ci": 0.7614,
    "classification_loss": 0.0,
    "cluster_loss": -2.4338,
    "mae": 1.0714,
    "mse": 1.926,
    "multiclassification_loss": 0.0,
    "ortho_loss": 0.792,
    "pearson": 0.7108,
    "regression_loss": 1.9278,
    "rm2": 0.4883,
    "rmse": 1.3878,
    "sd": 1.3864,
    "spearman": 0.7131,
    "spectral_loss": 0.0
}
                              
                              
----------------------------------------
Epoch 011 with LR 0.000100: Model Results
----------------------------------------
Train MSE Loss: 0.7047, Train CLS Loss: 0.0000, Train MCLS Loss: 0.0000
Protein Cluster Region Loss - Ortho Loss: 0.6211, Cluster Loss: -2.4417
                              
Validation Results: {
    "ci": 0.7624,
    "classification_loss": 0.0,
    "cluster_loss": -2.4415,
    "mae": 1.1016,
    "mse": 2.0959,
    "multiclassification_loss": 0.0,
    "ortho_loss": 0.724,
    "pearson": 0.7132,
    "regression_loss": 2.09,
    "rm2": 0.4389,
    "rmse": 1.4477,
    "sd": 1.4193,
    "spearman": 0.7129,
    "spectral_loss": 0.0
}
                              
Test Results: {
    "ci": 0.7614,
    "classification_loss": 0.0,
    "cluster_loss": -2.4338,
    "mae": 1.0714,
    "mse": 1.926,
    "multiclassification_loss": 0.0,
    "ortho_loss": 0.792,
    "pearson": 0.7108,
    "regression_loss": 1.9278,
    "rm2": 0.4883,
    "rmse": 1.3878,
    "sd": 1.3864,
    "spearman": 0.7131,
    "spectral_loss": 0.0
}
                              
                              
----------------------------------------
Epoch 012 with LR 0.000100: Model Results
----------------------------------------
Train MSE Loss: 0.6697, Train CLS Loss: 0.0000, Train MCLS Loss: 0.0000
Protein Cluster Region Loss - Ortho Loss: 0.6197, Cluster Loss: -2.4431
                              
Validation Results: {
    "ci": 0.7693,
    "classification_loss": 0.0,
    "cluster_loss": -2.4436,
    "mae": 1.0725,
    "mse": 1.9856,
    "multiclassification_loss": 0.0,
    "ortho_loss": 0.6421,
    "pearson": 0.7234,
    "regression_loss": 1.9796,
    "rm2": 0.4936,
    "rmse": 1.4091,
    "sd": 1.3981,
    "spearman": 0.7261,
    "spectral_loss": 0.0
}
                              
Test Results: {
    "ci": 0.7715,
    "classification_loss": 0.0,
    "cluster_loss": -2.4391,
    "mae": 1.0316,
    "mse": 1.8255,
    "multiclassification_loss": 0.0,
    "ortho_loss": 0.6426,
    "pearson": 0.7317,
    "regression_loss": 1.8236,
    "rm2": 0.5292,
    "rmse": 1.3511,
    "sd": 1.3434,
    "spearman": 0.7328,
    "spectral_loss": 0.0
}
                              
                              
----------------------------------------
Epoch 013 with LR 0.000100: Model Results
----------------------------------------
Train MSE Loss: 0.6365, Train CLS Loss: 0.0000, Train MCLS Loss: 0.0000
Protein Cluster Region Loss - Ortho Loss: 0.6117, Cluster Loss: -2.4434
                              
Validation Results: {
    "ci": 0.7645,
    "classification_loss": 0.0,
    "cluster_loss": -2.4547,
    "mae": 1.0905,
    "mse": 2.0644,
    "multiclassification_loss": 0.0,
    "ortho_loss": 0.6588,
    "pearson": 0.7179,
    "regression_loss": 2.058,
    "rm2": 0.4607,
    "rmse": 1.4368,
    "sd": 1.4096,
    "spearman": 0.7162,
    "spectral_loss": 0.0
}
                              
Test Results: {
    "ci": 0.7715,
    "classification_loss": 0.0,
    "cluster_loss": -2.4391,
    "mae": 1.0316,
    "mse": 1.8255,
    "multiclassification_loss": 0.0,
    "ortho_loss": 0.6426,
    "pearson": 0.7317,
    "regression_loss": 1.8236,
    "rm2": 0.5292,
    "rmse": 1.3511,
    "sd": 1.3434,
    "spearman": 0.7328,
    "spectral_loss": 0.0
}
                              
                              
----------------------------------------
Epoch 014 with LR 0.000100: Model Results
----------------------------------------
Train MSE Loss: 0.6099, Train CLS Loss: 0.0000, Train MCLS Loss: 0.0000
Protein Cluster Region Loss - Ortho Loss: 0.5994, Cluster Loss: -2.4455
                              
Validation Results: {
    "ci": 0.7715,
    "classification_loss": 0.0,
    "cluster_loss": -2.4465,
    "mae": 1.0562,
    "mse": 1.9761,
    "multiclassification_loss": 0.0,
    "ortho_loss": 0.648,
    "pearson": 0.7297,
    "regression_loss": 1.9703,
    "rm2": 0.4829,
    "rmse": 1.4057,
    "sd": 1.3845,
    "spearman": 0.7292,
    "spectral_loss": 0.0
}
                              
Test Results: {
    "ci": 0.7726,
    "classification_loss": 0.0,
    "cluster_loss": -2.4415,
    "mae": 1.0259,
    "mse": 1.7978,
    "multiclassification_loss": 0.0,
    "ortho_loss": 0.6453,
    "pearson": 0.7378,
    "regression_loss": 1.796,
    "rm2": 0.527,
    "rmse": 1.3408,
    "sd": 1.3305,
    "spearman": 0.7353,
    "spectral_loss": 0.0
}
                              
                              
----------------------------------------
Epoch 015 with LR 0.000100: Model Results
----------------------------------------
Train MSE Loss: 0.5643, Train CLS Loss: 0.0000, Train MCLS Loss: 0.0000
Protein Cluster Region Loss - Ortho Loss: 0.6018, Cluster Loss: -2.4460
                              
Validation Results: {
    "ci": 0.7676,
    "classification_loss": 0.0,
    "cluster_loss": -2.453,
    "mae": 1.072,
    "mse": 1.9869,
    "multiclassification_loss": 0.0,
    "ortho_loss": 0.6389,
    "pearson": 0.723,
    "regression_loss": 1.9814,
    "rm2": 0.4759,
    "rmse": 1.4096,
    "sd": 1.3988,
    "spearman": 0.721,
    "spectral_loss": 0.0
}
                              
Test Results: {
    "ci": 0.7726,
    "classification_loss": 0.0,
    "cluster_loss": -2.4415,
    "mae": 1.0259,
    "mse": 1.7978,
    "multiclassification_loss": 0.0,
    "ortho_loss": 0.6453,
    "pearson": 0.7378,
    "regression_loss": 1.796,
    "rm2": 0.527,
    "rmse": 1.3408,
    "sd": 1.3305,
    "spearman": 0.7353,
    "spectral_loss": 0.0
}
                              
                              
----------------------------------------
Epoch 016 with LR 0.000100: Model Results
----------------------------------------
Train MSE Loss: 0.5491, Train CLS Loss: 0.0000, Train MCLS Loss: 0.0000
Protein Cluster Region Loss - Ortho Loss: 0.5984, Cluster Loss: -2.4481
                              
Validation Results: {
    "ci": 0.767,
    "classification_loss": 0.0,
    "cluster_loss": -2.4482,
    "mae": 1.0788,
    "mse": 2.0198,
    "multiclassification_loss": 0.0,
    "ortho_loss": 0.6312,
    "pearson": 0.7183,
    "regression_loss": 2.0142,
    "rm2": 0.4782,
    "rmse": 1.4212,
    "sd": 1.4088,
    "spearman": 0.72,
    "spectral_loss": 0.0
}
                              
Test Results: {
    "ci": 0.7726,
    "classification_loss": 0.0,
    "cluster_loss": -2.4415,
    "mae": 1.0259,
    "mse": 1.7978,
    "multiclassification_loss": 0.0,
    "ortho_loss": 0.6453,
    "pearson": 0.7378,
    "regression_loss": 1.796,
    "rm2": 0.527,
    "rmse": 1.3408,
    "sd": 1.3305,
    "spearman": 0.7353,
    "spectral_loss": 0.0
}
                              
                              
----------------------------------------
Epoch 017 with LR 0.000100: Model Results
----------------------------------------
Train MSE Loss: 0.5288, Train CLS Loss: 0.0000, Train MCLS Loss: 0.0000
Protein Cluster Region Loss - Ortho Loss: 0.5871, Cluster Loss: -2.4477
                              
Validation Results: {
    "ci": 0.7712,
    "classification_loss": 0.0,
    "cluster_loss": -2.4567,
    "mae": 1.0573,
    "mse": 1.9708,
    "multiclassification_loss": 0.0,
    "ortho_loss": 0.6321,
    "pearson": 0.7318,
    "regression_loss": 1.9647,
    "rm2": 0.4689,
    "rmse": 1.4039,
    "sd": 1.38,
    "spearman": 0.7309,
    "spectral_loss": 0.0
}
                              
Test Results: {
    "ci": 0.7704,
    "classification_loss": 0.0,
    "cluster_loss": -2.4518,
    "mae": 1.0243,
    "mse": 1.8227,
    "multiclassification_loss": 0.0,
    "ortho_loss": 0.634,
    "pearson": 0.7338,
    "regression_loss": 1.8188,
    "rm2": 0.4958,
    "rmse": 1.3501,
    "sd": 1.339,
    "spearman": 0.7301,
    "spectral_loss": 0.0
}
                              
                              
----------------------------------------
Epoch 018 with LR 0.000100: Model Results
----------------------------------------
Train MSE Loss: 0.4985, Train CLS Loss: 0.0000, Train MCLS Loss: 0.0000
Protein Cluster Region Loss - Ortho Loss: 0.5908, Cluster Loss: -2.4478
                              
Validation Results: {
    "ci": 0.7641,
    "classification_loss": 0.0,
    "cluster_loss": -2.4526,
    "mae": 1.0814,
    "mse": 2.0185,
    "multiclassification_loss": 0.0,
    "ortho_loss": 0.661,
    "pearson": 0.7184,
    "regression_loss": 2.0135,
    "rm2": 0.4753,
    "rmse": 1.4207,
    "sd": 1.4086,
    "spearman": 0.7137,
    "spectral_loss": 0.0
}
                              
Test Results: {
    "ci": 0.7704,
    "classification_loss": 0.0,
    "cluster_loss": -2.4518,
    "mae": 1.0243,
    "mse": 1.8227,
    "multiclassification_loss": 0.0,
    "ortho_loss": 0.634,
    "pearson": 0.7338,
    "regression_loss": 1.8188,
    "rm2": 0.4958,
    "rmse": 1.3501,
    "sd": 1.339,
    "spearman": 0.7301,
    "spectral_loss": 0.0
}
                              
                              
----------------------------------------
Epoch 019 with LR 0.000100: Model Results
----------------------------------------
Train MSE Loss: 0.4756, Train CLS Loss: 0.0000, Train MCLS Loss: 0.0000
Protein Cluster Region Loss - Ortho Loss: 0.5779, Cluster Loss: -2.4495
                              
Validation Results: {
    "ci": 0.7669,
    "classification_loss": 0.0,
    "cluster_loss": -2.456,
    "mae": 1.0819,
    "mse": 2.0185,
    "multiclassification_loss": 0.0,
    "ortho_loss": 0.6065,
    "pearson": 0.7254,
    "regression_loss": 2.013,
    "rm2": 0.5062,
    "rmse": 1.4208,
    "sd": 1.3939,
    "spearman": 0.7186,
    "spectral_loss": 0.0
}
                              
Test Results: {
    "ci": 0.7704,
    "classification_loss": 0.0,
    "cluster_loss": -2.4518,
    "mae": 1.0243,
    "mse": 1.8227,
    "multiclassification_loss": 0.0,
    "ortho_loss": 0.634,
    "pearson": 0.7338,
    "regression_loss": 1.8188,
    "rm2": 0.4958,
    "rmse": 1.3501,
    "sd": 1.339,
    "spearman": 0.7301,
    "spectral_loss": 0.0
}
                              
                              
----------------------------------------
Epoch 020 with LR 0.000100: Model Results
----------------------------------------
Train MSE Loss: 0.4601, Train CLS Loss: 0.0000, Train MCLS Loss: 0.0000
Protein Cluster Region Loss - Ortho Loss: 0.5741, Cluster Loss: -2.4503
                              
Validation Results: {
    "ci": 0.7599,
    "classification_loss": 0.0,
    "cluster_loss": -2.4508,
    "mae": 1.0911,
    "mse": 2.0921,
    "multiclassification_loss": 0.0,
    "ortho_loss": 0.6086,
    "pearson": 0.7072,
    "regression_loss": 2.0862,
    "rm2": 0.463,
    "rmse": 1.4464,
    "sd": 1.4317,
    "spearman": 0.7,
    "spectral_loss": 0.0
}
                              
Test Results: {
    "ci": 0.7704,
    "classification_loss": 0.0,
    "cluster_loss": -2.4518,
    "mae": 1.0243,
    "mse": 1.8227,
    "multiclassification_loss": 0.0,
    "ortho_loss": 0.634,
    "pearson": 0.7338,
    "regression_loss": 1.8188,
    "rm2": 0.4958,
    "rmse": 1.3501,
    "sd": 1.339,
    "spearman": 0.7301,
    "spectral_loss": 0.0
}
                              
                              
----------------------------------------
Epoch 021 with LR 0.000100: Model Results
----------------------------------------
Train MSE Loss: 0.4488, Train CLS Loss: 0.0000, Train MCLS Loss: 0.0000
Protein Cluster Region Loss - Ortho Loss: 0.5717, Cluster Loss: -2.4503
                              
Validation Results: {
    "ci": 0.7664,
    "classification_loss": 0.0,
    "cluster_loss": -2.4536,
    "mae": 1.0742,
    "mse": 2.0062,
    "multiclassification_loss": 0.0,
    "ortho_loss": 0.5968,
    "pearson": 0.7222,
    "regression_loss": 2.0008,
    "rm2": 0.4797,
    "rmse": 1.4164,
    "sd": 1.4007,
    "spearman": 0.7177,
    "spectral_loss": 0.0
}
                              
Test Results: {
    "ci": 0.7704,
    "classification_loss": 0.0,
    "cluster_loss": -2.4518,
    "mae": 1.0243,
    "mse": 1.8227,
    "multiclassification_loss": 0.0,
    "ortho_loss": 0.634,
    "pearson": 0.7338,
    "regression_loss": 1.8188,
    "rm2": 0.4958,
    "rmse": 1.3501,
    "sd": 1.339,
    "spearman": 0.7301,
    "spectral_loss": 0.0
}
                              
                              
----------------------------------------
Epoch 022 with LR 0.000100: Model Results
----------------------------------------
Train MSE Loss: 0.4281, Train CLS Loss: 0.0000, Train MCLS Loss: 0.0000
Protein Cluster Region Loss - Ortho Loss: 0.5653, Cluster Loss: -2.4512
                              
Validation Results: {
    "ci": 0.772,
    "classification_loss": 0.0,
    "cluster_loss": -2.4519,
    "mae": 1.0499,
    "mse": 1.9316,
    "multiclassification_loss": 0.0,
    "ortho_loss": 0.6216,
    "pearson": 0.7331,
    "regression_loss": 1.9259,
    "rm2": 0.4919,
    "rmse": 1.3898,
    "sd": 1.3772,
    "spearman": 0.7304,
    "spectral_loss": 0.0
}
                              
Test Results: {
    "ci": 0.7717,
    "classification_loss": 0.0,
    "cluster_loss": -2.4473,
    "mae": 1.0191,
    "mse": 1.8058,
    "multiclassification_loss": 0.0,
    "ortho_loss": 0.6241,
    "pearson": 0.7344,
    "regression_loss": 1.8032,
    "rm2": 0.5144,
    "rmse": 1.3438,
    "sd": 1.3376,
    "spearman": 0.7327,
    "spectral_loss": 0.0
}
                              
                              
----------------------------------------
Epoch 023 with LR 0.000100: Model Results
----------------------------------------
Train MSE Loss: 0.4057, Train CLS Loss: 0.0000, Train MCLS Loss: 0.0000
Protein Cluster Region Loss - Ortho Loss: 0.5585, Cluster Loss: -2.4527
                              
Validation Results: {
    "ci": 0.7709,
    "classification_loss": 0.0,
    "cluster_loss": -2.4578,
    "mae": 1.0566,
    "mse": 1.9542,
    "multiclassification_loss": 0.0,
    "ortho_loss": 0.5973,
    "pearson": 0.7325,
    "regression_loss": 1.9486,
    "rm2": 0.4882,
    "rmse": 1.3979,
    "sd": 1.3784,
    "spearman": 0.7285,
    "spectral_loss": 0.0
}
                              
Test Results: {
    "ci": 0.7717,
    "classification_loss": 0.0,
    "cluster_loss": -2.4473,
    "mae": 1.0191,
    "mse": 1.8058,
    "multiclassification_loss": 0.0,
    "ortho_loss": 0.6241,
    "pearson": 0.7344,
    "regression_loss": 1.8032,
    "rm2": 0.5144,
    "rmse": 1.3438,
    "sd": 1.3376,
    "spearman": 0.7327,
    "spectral_loss": 0.0
}
                              
                              
----------------------------------------
Epoch 024 with LR 0.000100: Model Results
----------------------------------------
Train MSE Loss: 0.3899, Train CLS Loss: 0.0000, Train MCLS Loss: 0.0000
Protein Cluster Region Loss - Ortho Loss: 0.5521, Cluster Loss: -2.4534
                              
Validation Results: {
    "ci": 0.7748,
    "classification_loss": 0.0,
    "cluster_loss": -2.4595,
    "mae": 1.0427,
    "mse": 1.9137,
    "multiclassification_loss": 0.0,
    "ortho_loss": 0.5979,
    "pearson": 0.7386,
    "regression_loss": 1.908,
    "rm2": 0.4981,
    "rmse": 1.3834,
    "sd": 1.365,
    "spearman": 0.7356,
    "spectral_loss": 0.0
}
                              
Test Results: {
    "ci": 0.7748,
    "classification_loss": 0.0,
    "cluster_loss": -2.4554,
    "mae": 1.0127,
    "mse": 1.7958,
    "multiclassification_loss": 0.0,
    "ortho_loss": 0.6025,
    "pearson": 0.7403,
    "regression_loss": 1.7959,
    "rm2": 0.5239,
    "rmse": 1.3401,
    "sd": 1.325,
    "spearman": 0.738,
    "spectral_loss": 0.0
}
                              
                              
----------------------------------------
Epoch 025 with LR 0.000100: Model Results
----------------------------------------
Train MSE Loss: 0.3766, Train CLS Loss: 0.0000, Train MCLS Loss: 0.0000
Protein Cluster Region Loss - Ortho Loss: 0.5464, Cluster Loss: -2.4539
                              
Validation Results: {
    "ci": 0.7704,
    "classification_loss": 0.0,
    "cluster_loss": -2.463,
    "mae": 1.0646,
    "mse": 1.9726,
    "multiclassification_loss": 0.0,
    "ortho_loss": 0.6032,
    "pearson": 0.7297,
    "regression_loss": 1.9664,
    "rm2": 0.4915,
    "rmse": 1.4045,
    "sd": 1.3845,
    "spearman": 0.7258,
    "spectral_loss": 0.0
}
                              
Test Results: {
    "ci": 0.7748,
    "classification_loss": 0.0,
    "cluster_loss": -2.4554,
    "mae": 1.0127,
    "mse": 1.7958,
    "multiclassification_loss": 0.0,
    "ortho_loss": 0.6025,
    "pearson": 0.7403,
    "regression_loss": 1.7959,
    "rm2": 0.5239,
    "rmse": 1.3401,
    "sd": 1.325,
    "spearman": 0.738,
    "spectral_loss": 0.0
}
                              
                              
----------------------------------------
Epoch 026 with LR 0.000100: Model Results
----------------------------------------
Train MSE Loss: 0.3657, Train CLS Loss: 0.0000, Train MCLS Loss: 0.0000
Protein Cluster Region Loss - Ortho Loss: 0.5437, Cluster Loss: -2.4546
                              
Validation Results: {
    "ci": 0.7698,
    "classification_loss": 0.0,
    "cluster_loss": -2.4573,
    "mae": 1.0601,
    "mse": 1.9631,
    "multiclassification_loss": 0.0,
    "ortho_loss": 0.6168,
    "pearson": 0.7265,
    "regression_loss": 1.9573,
    "rm2": 0.4934,
    "rmse": 1.4011,
    "sd": 1.3915,
    "spearman": 0.7241,
    "spectral_loss": 0.0
}
                              
Test Results: {
    "ci": 0.7748,
    "classification_loss": 0.0,
    "cluster_loss": -2.4554,
    "mae": 1.0127,
    "mse": 1.7958,
    "multiclassification_loss": 0.0,
    "ortho_loss": 0.6025,
    "pearson": 0.7403,
    "regression_loss": 1.7959,
    "rm2": 0.5239,
    "rmse": 1.3401,
    "sd": 1.325,
    "spearman": 0.738,
    "spectral_loss": 0.0
}
                              
                              
----------------------------------------
Epoch 027 with LR 0.000100: Model Results
----------------------------------------
Train MSE Loss: 0.3558, Train CLS Loss: 0.0000, Train MCLS Loss: 0.0000
Protein Cluster Region Loss - Ortho Loss: 0.5318, Cluster Loss: -2.4550
                              
Validation Results: {
    "ci": 0.7689,
    "classification_loss": 0.0,
    "cluster_loss": -2.4564,
    "mae": 1.0599,
    "mse": 1.9735,
    "multiclassification_loss": 0.0,
    "ortho_loss": 0.5878,
    "pearson": 0.7281,
    "regression_loss": 1.9678,
    "rm2": 0.4791,
    "rmse": 1.4048,
    "sd": 1.3879,
    "spearman": 0.7232,
    "spectral_loss": 0.0
}
                              
Test Results: {
    "ci": 0.7748,
    "classification_loss": 0.0,
    "cluster_loss": -2.4554,
    "mae": 1.0127,
    "mse": 1.7958,
    "multiclassification_loss": 0.0,
    "ortho_loss": 0.6025,
    "pearson": 0.7403,
    "regression_loss": 1.7959,
    "rm2": 0.5239,
    "rmse": 1.3401,
    "sd": 1.325,
    "spearman": 0.738,
    "spectral_loss": 0.0
}
                              
                              
----------------------------------------
Epoch 028 with LR 0.000100: Model Results
----------------------------------------
Train MSE Loss: 0.3379, Train CLS Loss: 0.0000, Train MCLS Loss: 0.0000
Protein Cluster Region Loss - Ortho Loss: 0.5299, Cluster Loss: -2.4547
                              
Validation Results: {
    "ci": 0.7697,
    "classification_loss": 0.0,
    "cluster_loss": -2.4609,
    "mae": 1.0712,
    "mse": 1.9939,
    "multiclassification_loss": 0.0,
    "ortho_loss": 0.5927,
    "pearson": 0.7301,
    "regression_loss": 1.9882,
    "rm2": 0.4565,
    "rmse": 1.412,
    "sd": 1.3836,
    "spearman": 0.7269,
    "spectral_loss": 0.0
}
                              
Test Results: {
    "ci": 0.7748,
    "classification_loss": 0.0,
    "cluster_loss": -2.4554,
    "mae": 1.0127,
    "mse": 1.7958,
    "multiclassification_loss": 0.0,
    "ortho_loss": 0.6025,
    "pearson": 0.7403,
    "regression_loss": 1.7959,
    "rm2": 0.5239,
    "rmse": 1.3401,
    "sd": 1.325,
    "spearman": 0.738,
    "spectral_loss": 0.0
}
                              
                              
----------------------------------------
Epoch 029 with LR 0.000100: Model Results
----------------------------------------
Train MSE Loss: 0.3242, Train CLS Loss: 0.0000, Train MCLS Loss: 0.0000
Protein Cluster Region Loss - Ortho Loss: 0.5225, Cluster Loss: -2.4567
                              
Validation Results: {
    "ci": 0.7701,
    "classification_loss": 0.0,
    "cluster_loss": -2.465,
    "mae": 1.0515,
    "mse": 1.9406,
    "multiclassification_loss": 0.0,
    "ortho_loss": 0.6128,
    "pearson": 0.7317,
    "regression_loss": 1.9353,
    "rm2": 0.4909,
    "rmse": 1.3931,
    "sd": 1.3802,
    "spearman": 0.725,
    "spectral_loss": 0.0
}
                              
Test Results: {
    "ci": 0.7748,
    "classification_loss": 0.0,
    "cluster_loss": -2.4554,
    "mae": 1.0127,
    "mse": 1.7958,
    "multiclassification_loss": 0.0,
    "ortho_loss": 0.6025,
    "pearson": 0.7403,
    "regression_loss": 1.7959,
    "rm2": 0.5239,
    "rmse": 1.3401,
    "sd": 1.325,
    "spearman": 0.738,
    "spectral_loss": 0.0
}
                              
                              
----------------------------------------
Epoch 030 with LR 0.000100: Model Results
----------------------------------------
Train MSE Loss: 0.3133, Train CLS Loss: 0.0000, Train MCLS Loss: 0.0000
Protein Cluster Region Loss - Ortho Loss: 0.5210, Cluster Loss: -2.4570
                              
Validation Results: {
    "ci": 0.7691,
    "classification_loss": 0.0,
    "cluster_loss": -2.4561,
    "mae": 1.0638,
    "mse": 1.9726,
    "multiclassification_loss": 0.0,
    "ortho_loss": 0.5834,
    "pearson": 0.7303,
    "regression_loss": 1.9663,
    "rm2": 0.4672,
    "rmse": 1.4045,
    "sd": 1.3833,
    "spearman": 0.7241,
    "spectral_loss": 0.0
}
                              
Test Results: {
    "ci": 0.7748,
    "classification_loss": 0.0,
    "cluster_loss": -2.4554,
    "mae": 1.0127,
    "mse": 1.7958,
    "multiclassification_loss": 0.0,
    "ortho_loss": 0.6025,
    "pearson": 0.7403,
    "regression_loss": 1.7959,
    "rm2": 0.5239,
    "rmse": 1.3401,
    "sd": 1.325,
    "spearman": 0.738,
    "spectral_loss": 0.0
}
                              
                              
----------------------------------------
Epoch 031 with LR 0.000100: Model Results
----------------------------------------
Train MSE Loss: 0.2998, Train CLS Loss: 0.0000, Train MCLS Loss: 0.0000
Protein Cluster Region Loss - Ortho Loss: 0.5127, Cluster Loss: -2.4571
                              
Validation Results: {
    "ci": 0.7696,
    "classification_loss": 0.0,
    "cluster_loss": -2.4581,
    "mae": 1.0536,
    "mse": 1.9614,
    "multiclassification_loss": 0.0,
    "ortho_loss": 0.5744,
    "pearson": 0.7309,
    "regression_loss": 1.9556,
    "rm2": 0.4726,
    "rmse": 1.4005,
    "sd": 1.382,
    "spearman": 0.7252,
    "spectral_loss": 0.0
}
                              
Test Results: {
    "ci": 0.7748,
    "classification_loss": 0.0,
    "cluster_loss": -2.4554,
    "mae": 1.0127,
    "mse": 1.7958,
    "multiclassification_loss": 0.0,
    "ortho_loss": 0.6025,
    "pearson": 0.7403,
    "regression_loss": 1.7959,
    "rm2": 0.5239,
    "rmse": 1.3401,
    "sd": 1.325,
    "spearman": 0.738,
    "spectral_loss": 0.0
}
                              
                              
----------------------------------------
Epoch 032 with LR 0.000100: Model Results
----------------------------------------
Train MSE Loss: 0.2903, Train CLS Loss: 0.0000, Train MCLS Loss: 0.0000
Protein Cluster Region Loss - Ortho Loss: 0.5015, Cluster Loss: -2.4582
                              
Validation Results: {
    "ci": 0.7684,
    "classification_loss": 0.0,
    "cluster_loss": -2.4622,
    "mae": 1.0652,
    "mse": 1.9805,
    "multiclassification_loss": 0.0,
    "ortho_loss": 0.5572,
    "pearson": 0.7284,
    "regression_loss": 1.9744,
    "rm2": 0.485,
    "rmse": 1.4073,
    "sd": 1.3873,
    "spearman": 0.7236,
    "spectral_loss": 0.0
}
                              
Test Results: {
    "ci": 0.7748,
    "classification_loss": 0.0,
    "cluster_loss": -2.4554,
    "mae": 1.0127,
    "mse": 1.7958,
    "multiclassification_loss": 0.0,
    "ortho_loss": 0.6025,
    "pearson": 0.7403,
    "regression_loss": 1.7959,
    "rm2": 0.5239,
    "rmse": 1.3401,
    "sd": 1.325,
    "spearman": 0.738,
    "spectral_loss": 0.0
}
                              
                              
----------------------------------------
Epoch 033 with LR 0.000100: Model Results
----------------------------------------
Train MSE Loss: 0.2850, Train CLS Loss: 0.0000, Train MCLS Loss: 0.0000
Protein Cluster Region Loss - Ortho Loss: 0.5039, Cluster Loss: -2.4581
                              
Validation Results: {
    "ci": 0.7713,
    "classification_loss": 0.0,
    "cluster_loss": -2.4622,
    "mae": 1.0481,
    "mse": 1.9525,
    "multiclassification_loss": 0.0,
    "ortho_loss": 0.5514,
    "pearson": 0.7344,
    "regression_loss": 1.9471,
    "rm2": 0.4967,
    "rmse": 1.3973,
    "sd": 1.3743,
    "spearman": 0.7265,
    "spectral_loss": 0.0
}
                              
Test Results: {
    "ci": 0.7748,
    "classification_loss": 0.0,
    "cluster_loss": -2.4554,
    "mae": 1.0127,
    "mse": 1.7958,
    "multiclassification_loss": 0.0,
    "ortho_loss": 0.6025,
    "pearson": 0.7403,
    "regression_loss": 1.7959,
    "rm2": 0.5239,
    "rmse": 1.3401,
    "sd": 1.325,
    "spearman": 0.738,
    "spectral_loss": 0.0
}
                              
                              
----------------------------------------
Epoch 034 with LR 0.000100: Model Results
----------------------------------------
Train MSE Loss: 0.2792, Train CLS Loss: 0.0000, Train MCLS Loss: 0.0000
Protein Cluster Region Loss - Ortho Loss: 0.4996, Cluster Loss: -2.4594
                              
Validation Results: {
    "ci": 0.7706,
    "classification_loss": 0.0,
    "cluster_loss": -2.4632,
    "mae": 1.0648,
    "mse": 1.953,
    "multiclassification_loss": 0.0,
    "ortho_loss": 0.5494,
    "pearson": 0.7355,
    "regression_loss": 1.9474,
    "rm2": 0.5292,
    "rmse": 1.3975,
    "sd": 1.372,
    "spearman": 0.7255,
    "spectral_loss": 0.0
}
                              
Test Results: {
    "ci": 0.7748,
    "classification_loss": 0.0,
    "cluster_loss": -2.4554,
    "mae": 1.0127,
    "mse": 1.7958,
    "multiclassification_loss": 0.0,
    "ortho_loss": 0.6025,
    "pearson": 0.7403,
    "regression_loss": 1.7959,
    "rm2": 0.5239,
    "rmse": 1.3401,
    "sd": 1.325,
    "spearman": 0.738,
    "spectral_loss": 0.0
}
                              
                              
----------------------------------------
Epoch 035 with LR 0.000100: Model Results
----------------------------------------
Train MSE Loss: 0.2680, Train CLS Loss: 0.0000, Train MCLS Loss: 0.0000
Protein Cluster Region Loss - Ortho Loss: 0.4884, Cluster Loss: -2.4593
                              
Validation Results: {
    "ci": 0.7724,
    "classification_loss": 0.0,
    "cluster_loss": -2.4638,
    "mae": 1.0533,
    "mse": 1.9448,
    "multiclassification_loss": 0.0,
    "ortho_loss": 0.5489,
    "pearson": 0.7355,
    "regression_loss": 1.9393,
    "rm2": 0.4732,
    "rmse": 1.3946,
    "sd": 1.3719,
    "spearman": 0.7329,
    "spectral_loss": 0.0
}
                              
Test Results: {
    "ci": 0.7748,
    "classification_loss": 0.0,
    "cluster_loss": -2.4554,
    "mae": 1.0127,
    "mse": 1.7958,
    "multiclassification_loss": 0.0,
    "ortho_loss": 0.6025,
    "pearson": 0.7403,
    "regression_loss": 1.7959,
    "rm2": 0.5239,
    "rmse": 1.3401,
    "sd": 1.325,
    "spearman": 0.738,
    "spectral_loss": 0.0
}
                              
                              
----------------------------------------
Epoch 036 with LR 0.000100: Model Results
----------------------------------------
Train MSE Loss: 0.2557, Train CLS Loss: 0.0000, Train MCLS Loss: 0.0000
Protein Cluster Region Loss - Ortho Loss: 0.4843, Cluster Loss: -2.4599
                              
Validation Results: {
    "ci": 0.77,
    "classification_loss": 0.0,
    "cluster_loss": -2.4657,
    "mae": 1.0594,
    "mse": 1.9798,
    "multiclassification_loss": 0.0,
    "ortho_loss": 0.5593,
    "pearson": 0.7304,
    "regression_loss": 1.9739,
    "rm2": 0.4658,
    "rmse": 1.407,
    "sd": 1.3831,
    "spearman": 0.7258,
    "spectral_loss": 0.0
}
                              
Test Results: {
    "ci": 0.7748,
    "classification_loss": 0.0,
    "cluster_loss": -2.4554,
    "mae": 1.0127,
    "mse": 1.7958,
    "multiclassification_loss": 0.0,
    "ortho_loss": 0.6025,
    "pearson": 0.7403,
    "regression_loss": 1.7959,
    "rm2": 0.5239,
    "rmse": 1.3401,
    "sd": 1.325,
    "spearman": 0.738,
    "spectral_loss": 0.0
}
                              
                              
----------------------------------------
Epoch 037 with LR 0.000100: Model Results
----------------------------------------
Train MSE Loss: 0.2497, Train CLS Loss: 0.0000, Train MCLS Loss: 0.0000
Protein Cluster Region Loss - Ortho Loss: 0.4761, Cluster Loss: -2.4615
                              
Validation Results: {
    "ci": 0.7667,
    "classification_loss": 0.0,
    "cluster_loss": -2.4672,
    "mae": 1.0652,
    "mse": 1.9796,
    "multiclassification_loss": 0.0,
    "ortho_loss": 0.5364,
    "pearson": 0.7252,
    "regression_loss": 1.9737,
    "rm2": 0.495,
    "rmse": 1.407,
    "sd": 1.3943,
    "spearman": 0.7173,
    "spectral_loss": 0.0
}
                              
Test Results: {
    "ci": 0.7748,
    "classification_loss": 0.0,
    "cluster_loss": -2.4554,
    "mae": 1.0127,
    "mse": 1.7958,
    "multiclassification_loss": 0.0,
    "ortho_loss": 0.6025,
    "pearson": 0.7403,
    "regression_loss": 1.7959,
    "rm2": 0.5239,
    "rmse": 1.3401,
    "sd": 1.325,
    "spearman": 0.738,
    "spectral_loss": 0.0
}
                              
                              
----------------------------------------
Epoch 038 with LR 0.000100: Model Results
----------------------------------------
Train MSE Loss: 0.2361, Train CLS Loss: 0.0000, Train MCLS Loss: 0.0000
Protein Cluster Region Loss - Ortho Loss: 0.4716, Cluster Loss: -2.4609
                              
Validation Results: {
    "ci": 0.7716,
    "classification_loss": 0.0,
    "cluster_loss": -2.4624,
    "mae": 1.0538,
    "mse": 1.9298,
    "multiclassification_loss": 0.0,
    "ortho_loss": 0.547,
    "pearson": 0.7364,
    "regression_loss": 1.9247,
    "rm2": 0.4805,
    "rmse": 1.3892,
    "sd": 1.3699,
    "spearman": 0.73,
    "spectral_loss": 0.0
}
                              
Test Results: {
    "ci": 0.7748,
    "classification_loss": 0.0,
    "cluster_loss": -2.4554,
    "mae": 1.0127,
    "mse": 1.7958,
    "multiclassification_loss": 0.0,
    "ortho_loss": 0.6025,
    "pearson": 0.7403,
    "regression_loss": 1.7959,
    "rm2": 0.5239,
    "rmse": 1.3401,
    "sd": 1.325,
    "spearman": 0.738,
    "spectral_loss": 0.0
}
                              
                              
----------------------------------------
Epoch 039 with LR 0.000100: Model Results
----------------------------------------
Train MSE Loss: 0.2307, Train CLS Loss: 0.0000, Train MCLS Loss: 0.0000
Protein Cluster Region Loss - Ortho Loss: 0.4681, Cluster Loss: -2.4615
                              
Validation Results: {
    "ci": 0.7749,
    "classification_loss": 0.0,
    "cluster_loss": -2.4669,
    "mae": 1.0358,
    "mse": 1.9134,
    "multiclassification_loss": 0.0,
    "ortho_loss": 0.5175,
    "pearson": 0.7405,
    "regression_loss": 1.9082,
    "rm2": 0.4883,
    "rmse": 1.3832,
    "sd": 1.3608,
    "spearman": 0.7361,
    "spectral_loss": 0.0
}
                              
Test Results: {
    "ci": 0.7768,
    "classification_loss": 0.0,
    "cluster_loss": -2.4628,
    "mae": 0.998,
    "mse": 1.7652,
    "multiclassification_loss": 0.0,
    "ortho_loss": 0.5205,
    "pearson": 0.7438,
    "regression_loss": 1.7622,
    "rm2": 0.5262,
    "rmse": 1.3286,
    "sd": 1.3174,
    "spearman": 0.742,
    "spectral_loss": 0.0
}
                              
                              
----------------------------------------
Epoch 040 with LR 0.000100: Model Results
----------------------------------------
Train MSE Loss: 0.2215, Train CLS Loss: 0.0000, Train MCLS Loss: 0.0000
Protein Cluster Region Loss - Ortho Loss: 0.4663, Cluster Loss: -2.4615
                              
Validation Results: {
    "ci": 0.7686,
    "classification_loss": 0.0,
    "cluster_loss": -2.469,
    "mae": 1.0651,
    "mse": 2.0007,
    "multiclassification_loss": 0.0,
    "ortho_loss": 0.51,
    "pearson": 0.7261,
    "regression_loss": 1.9946,
    "rm2": 0.4752,
    "rmse": 1.4145,
    "sd": 1.3923,
    "spearman": 0.7227,
    "spectral_loss": 0.0
}
                              
Test Results: {
    "ci": 0.7768,
    "classification_loss": 0.0,
    "cluster_loss": -2.4628,
    "mae": 0.998,
    "mse": 1.7652,
    "multiclassification_loss": 0.0,
    "ortho_loss": 0.5205,
    "pearson": 0.7438,
    "regression_loss": 1.7622,
    "rm2": 0.5262,
    "rmse": 1.3286,
    "sd": 1.3174,
    "spearman": 0.742,
    "spectral_loss": 0.0
}
                              
                              
----------------------------------------
Epoch 041 with LR 0.000100: Model Results
----------------------------------------
Train MSE Loss: 0.2171, Train CLS Loss: 0.0000, Train MCLS Loss: 0.0000
Protein Cluster Region Loss - Ortho Loss: 0.4597, Cluster Loss: -2.4626
                              
Validation Results: {
    "ci": 0.7721,
    "classification_loss": 0.0,
    "cluster_loss": -2.4667,
    "mae": 1.05,
    "mse": 1.9409,
    "multiclassification_loss": 0.0,
    "ortho_loss": 0.519,
    "pearson": 0.7356,
    "regression_loss": 1.9352,
    "rm2": 0.4744,
    "rmse": 1.3932,
    "sd": 1.3716,
    "spearman": 0.7313,
    "spectral_loss": 0.0
}
                              
Test Results: {
    "ci": 0.7768,
    "classification_loss": 0.0,
    "cluster_loss": -2.4628,
    "mae": 0.998,
    "mse": 1.7652,
    "multiclassification_loss": 0.0,
    "ortho_loss": 0.5205,
    "pearson": 0.7438,
    "regression_loss": 1.7622,
    "rm2": 0.5262,
    "rmse": 1.3286,
    "sd": 1.3174,
    "spearman": 0.742,
    "spectral_loss": 0.0
}
                              
                              
----------------------------------------
Epoch 042 with LR 0.000100: Model Results
----------------------------------------
Train MSE Loss: 0.2146, Train CLS Loss: 0.0000, Train MCLS Loss: 0.0000
Protein Cluster Region Loss - Ortho Loss: 0.4519, Cluster Loss: -2.4635
                              
Validation Results: {
    "ci": 0.7762,
    "classification_loss": 0.0,
    "cluster_loss": -2.4669,
    "mae": 1.0366,
    "mse": 1.888,
    "multiclassification_loss": 0.0,
    "ortho_loss": 0.5167,
    "pearson": 0.7446,
    "regression_loss": 1.8828,
    "rm2": 0.5008,
    "rmse": 1.374,
    "sd": 1.3517,
    "spearman": 0.7408,
    "spectral_loss": 0.0
}
                              
Test Results: {
    "ci": 0.7777,
    "classification_loss": 0.0,
    "cluster_loss": -2.4626,
    "mae": 1.0058,
    "mse": 1.7723,
    "multiclassification_loss": 0.0,
    "ortho_loss": 0.5168,
    "pearson": 0.7445,
    "regression_loss": 1.7684,
    "rm2": 0.5296,
    "rmse": 1.3313,
    "sd": 1.3158,
    "spearman": 0.7441,
    "spectral_loss": 0.0
}
                              
                              
----------------------------------------
Epoch 043 with LR 0.000100: Model Results
----------------------------------------
Train MSE Loss: 0.2131, Train CLS Loss: 0.0000, Train MCLS Loss: 0.0000
Protein Cluster Region Loss - Ortho Loss: 0.4493, Cluster Loss: -2.4635
                              
Validation Results: {
    "ci": 0.7705,
    "classification_loss": 0.0,
    "cluster_loss": -2.4659,
    "mae": 1.0536,
    "mse": 1.9327,
    "multiclassification_loss": 0.0,
    "ortho_loss": 0.5304,
    "pearson": 0.7353,
    "regression_loss": 1.9268,
    "rm2": 0.4831,
    "rmse": 1.3902,
    "sd": 1.3724,
    "spearman": 0.728,
    "spectral_loss": 0.0
}
                              
Test Results: {
    "ci": 0.7777,
    "classification_loss": 0.0,
    "cluster_loss": -2.4626,
    "mae": 1.0058,
    "mse": 1.7723,
    "multiclassification_loss": 0.0,
    "ortho_loss": 0.5168,
    "pearson": 0.7445,
    "regression_loss": 1.7684,
    "rm2": 0.5296,
    "rmse": 1.3313,
    "sd": 1.3158,
    "spearman": 0.7441,
    "spectral_loss": 0.0
}
                              
                              
----------------------------------------
Epoch 044 with LR 0.000100: Model Results
----------------------------------------
Train MSE Loss: 0.2003, Train CLS Loss: 0.0000, Train MCLS Loss: 0.0000
Protein Cluster Region Loss - Ortho Loss: 0.4446, Cluster Loss: -2.4645
                              
Validation Results: {
    "ci": 0.7704,
    "classification_loss": 0.0,
    "cluster_loss": -2.4696,
    "mae": 1.0559,
    "mse": 1.9752,
    "multiclassification_loss": 0.0,
    "ortho_loss": 0.5056,
    "pearson": 0.7328,
    "regression_loss": 1.9694,
    "rm2": 0.4637,
    "rmse": 1.4054,
    "sd": 1.3779,
    "spearman": 0.726,
    "spectral_loss": 0.0
}
                              
Test Results: {
    "ci": 0.7777,
    "classification_loss": 0.0,
    "cluster_loss": -2.4626,
    "mae": 1.0058,
    "mse": 1.7723,
    "multiclassification_loss": 0.0,
    "ortho_loss": 0.5168,
    "pearson": 0.7445,
    "regression_loss": 1.7684,
    "rm2": 0.5296,
    "rmse": 1.3313,
    "sd": 1.3158,
    "spearman": 0.7441,
    "spectral_loss": 0.0
}
                              
                              
----------------------------------------
Epoch 045 with LR 0.000100: Model Results
----------------------------------------
Train MSE Loss: 0.2051, Train CLS Loss: 0.0000, Train MCLS Loss: 0.0000
Protein Cluster Region Loss - Ortho Loss: 0.4431, Cluster Loss: -2.4645
                              
Validation Results: {
    "ci": 0.7677,
    "classification_loss": 0.0,
    "cluster_loss": -2.4671,
    "mae": 1.0856,
    "mse": 2.0323,
    "multiclassification_loss": 0.0,
    "ortho_loss": 0.4898,
    "pearson": 0.7271,
    "regression_loss": 2.0261,
    "rm2": 0.5044,
    "rmse": 1.4256,
    "sd": 1.3902,
    "spearman": 0.7196,
    "spectral_loss": 0.0
}
                              
Test Results: {
    "ci": 0.7777,
    "classification_loss": 0.0,
    "cluster_loss": -2.4626,
    "mae": 1.0058,
    "mse": 1.7723,
    "multiclassification_loss": 0.0,
    "ortho_loss": 0.5168,
    "pearson": 0.7445,
    "regression_loss": 1.7684,
    "rm2": 0.5296,
    "rmse": 1.3313,
    "sd": 1.3158,
    "spearman": 0.7441,
    "spectral_loss": 0.0
}
                              
                              
----------------------------------------
Epoch 046 with LR 0.000100: Model Results
----------------------------------------
Train MSE Loss: 0.1903, Train CLS Loss: 0.0000, Train MCLS Loss: 0.0000
Protein Cluster Region Loss - Ortho Loss: 0.4376, Cluster Loss: -2.4651
                              
Validation Results: {
    "ci": 0.7677,
    "classification_loss": 0.0,
    "cluster_loss": -2.4662,
    "mae": 1.0609,
    "mse": 2.0164,
    "multiclassification_loss": 0.0,
    "ortho_loss": 0.4942,
    "pearson": 0.7202,
    "regression_loss": 2.0103,
    "rm2": 0.4708,
    "rmse": 1.42,
    "sd": 1.4047,
    "spearman": 0.7202,
    "spectral_loss": 0.0
}
                              
Test Results: {
    "ci": 0.7777,
    "classification_loss": 0.0,
    "cluster_loss": -2.4626,
    "mae": 1.0058,
    "mse": 1.7723,
    "multiclassification_loss": 0.0,
    "ortho_loss": 0.5168,
    "pearson": 0.7445,
    "regression_loss": 1.7684,
    "rm2": 0.5296,
    "rmse": 1.3313,
    "sd": 1.3158,
    "spearman": 0.7441,
    "spectral_loss": 0.0
}
                              
                              
----------------------------------------
Epoch 047 with LR 0.000100: Model Results
----------------------------------------
Train MSE Loss: 0.1870, Train CLS Loss: 0.0000, Train MCLS Loss: 0.0000
Protein Cluster Region Loss - Ortho Loss: 0.4334, Cluster Loss: -2.4657
                              
Validation Results: {
    "ci": 0.7667,
    "classification_loss": 0.0,
    "cluster_loss": -2.4657,
    "mae": 1.0727,
    "mse": 2.0222,
    "multiclassification_loss": 0.0,
    "ortho_loss": 0.4946,
    "pearson": 0.7227,
    "regression_loss": 2.0164,
    "rm2": 0.4811,
    "rmse": 1.422,
    "sd": 1.3996,
    "spearman": 0.7186,
    "spectral_loss": 0.0
}
                              
Test Results: {
    "ci": 0.7777,
    "classification_loss": 0.0,
    "cluster_loss": -2.4626,
    "mae": 1.0058,
    "mse": 1.7723,
    "multiclassification_loss": 0.0,
    "ortho_loss": 0.5168,
    "pearson": 0.7445,
    "regression_loss": 1.7684,
    "rm2": 0.5296,
    "rmse": 1.3313,
    "sd": 1.3158,
    "spearman": 0.7441,
    "spectral_loss": 0.0
}
                              
                              
----------------------------------------
Epoch 048 with LR 0.000100: Model Results
----------------------------------------
Train MSE Loss: 0.1778, Train CLS Loss: 0.0000, Train MCLS Loss: 0.0000
Protein Cluster Region Loss - Ortho Loss: 0.4275, Cluster Loss: -2.4660
                              
Validation Results: {
    "ci": 0.7686,
    "classification_loss": 0.0,
    "cluster_loss": -2.4672,
    "mae": 1.0752,
    "mse": 1.9937,
    "multiclassification_loss": 0.0,
    "ortho_loss": 0.4894,
    "pearson": 0.7293,
    "regression_loss": 1.9889,
    "rm2": 0.516,
    "rmse": 1.412,
    "sd": 1.3854,
    "spearman": 0.7235,
    "spectral_loss": 0.0
}
                              
Test Results: {
    "ci": 0.7777,
    "classification_loss": 0.0,
    "cluster_loss": -2.4626,
    "mae": 1.0058,
    "mse": 1.7723,
    "multiclassification_loss": 0.0,
    "ortho_loss": 0.5168,
    "pearson": 0.7445,
    "regression_loss": 1.7684,
    "rm2": 0.5296,
    "rmse": 1.3313,
    "sd": 1.3158,
    "spearman": 0.7441,
    "spectral_loss": 0.0
}
                              
                              
----------------------------------------
Epoch 049 with LR 0.000100: Model Results
----------------------------------------
Train MSE Loss: 0.1785, Train CLS Loss: 0.0000, Train MCLS Loss: 0.0000
Protein Cluster Region Loss - Ortho Loss: 0.4225, Cluster Loss: -2.4666
                              
Validation Results: {
    "ci": 0.7706,
    "classification_loss": 0.0,
    "cluster_loss": -2.4709,
    "mae": 1.0576,
    "mse": 1.9678,
    "multiclassification_loss": 0.0,
    "ortho_loss": 0.4838,
    "pearson": 0.7316,
    "regression_loss": 1.9632,
    "rm2": 0.4731,
    "rmse": 1.4028,
    "sd": 1.3804,
    "spearman": 0.7276,
    "spectral_loss": 0.0
}
                              
Test Results: {
    "ci": 0.7777,
    "classification_loss": 0.0,
    "cluster_loss": -2.4626,
    "mae": 1.0058,
    "mse": 1.7723,
    "multiclassification_loss": 0.0,
    "ortho_loss": 0.5168,
    "pearson": 0.7445,
    "regression_loss": 1.7684,
    "rm2": 0.5296,
    "rmse": 1.3313,
    "sd": 1.3158,
    "spearman": 0.7441,
    "spectral_loss": 0.0
}
                              
                              
----------------------------------------
Epoch 050 with LR 0.000100: Model Results
----------------------------------------
Train MSE Loss: 0.1776, Train CLS Loss: 0.0000, Train MCLS Loss: 0.0000
Protein Cluster Region Loss - Ortho Loss: 0.4222, Cluster Loss: -2.4667
                              
Validation Results: {
    "ci": 0.7701,
    "classification_loss": 0.0,
    "cluster_loss": -2.4693,
    "mae": 1.0547,
    "mse": 1.9758,
    "multiclassification_loss": 0.0,
    "ortho_loss": 0.4775,
    "pearson": 0.7295,
    "regression_loss": 1.9708,
    "rm2": 0.4786,
    "rmse": 1.4056,
    "sd": 1.3851,
    "spearman": 0.7262,
    "spectral_loss": 0.0
}
                              
Test Results: {
    "ci": 0.7777,
    "classification_loss": 0.0,
    "cluster_loss": -2.4626,
    "mae": 1.0058,
    "mse": 1.7723,
    "multiclassification_loss": 0.0,
    "ortho_loss": 0.5168,
    "pearson": 0.7445,
    "regression_loss": 1.7684,
    "rm2": 0.5296,
    "rmse": 1.3313,
    "sd": 1.3158,
    "spearman": 0.7441,
    "spectral_loss": 0.0
}
                              
                              
----------------------------------------
Epoch 051 with LR 0.000100: Model Results
----------------------------------------
Train MSE Loss: 0.1719, Train CLS Loss: 0.0000, Train MCLS Loss: 0.0000
Protein Cluster Region Loss - Ortho Loss: 0.4164, Cluster Loss: -2.4679
                              
Validation Results: {
    "ci": 0.7708,
    "classification_loss": 0.0,
    "cluster_loss": -2.4715,
    "mae": 1.0467,
    "mse": 1.9434,
    "multiclassification_loss": 0.0,
    "ortho_loss": 0.4839,
    "pearson": 0.7338,
    "regression_loss": 1.9381,
    "rm2": 0.4857,
    "rmse": 1.3941,
    "sd": 1.3757,
    "spearman": 0.7263,
    "spectral_loss": 0.0
}
                              
Test Results: {
    "ci": 0.7777,
    "classification_loss": 0.0,
    "cluster_loss": -2.4626,
    "mae": 1.0058,
    "mse": 1.7723,
    "multiclassification_loss": 0.0,
    "ortho_loss": 0.5168,
    "pearson": 0.7445,
    "regression_loss": 1.7684,
    "rm2": 0.5296,
    "rmse": 1.3313,
    "sd": 1.3158,
    "spearman": 0.7441,
    "spectral_loss": 0.0
}
                              
                              
----------------------------------------
Epoch 052 with LR 0.000100: Model Results
----------------------------------------
Train MSE Loss: 0.1642, Train CLS Loss: 0.0000, Train MCLS Loss: 0.0000
Protein Cluster Region Loss - Ortho Loss: 0.4151, Cluster Loss: -2.4685
                              
Validation Results: {
    "ci": 0.77,
    "classification_loss": 0.0,
    "cluster_loss": -2.4668,
    "mae": 1.0553,
    "mse": 1.9945,
    "multiclassification_loss": 0.0,
    "ortho_loss": 0.5004,
    "pearson": 0.7277,
    "regression_loss": 1.9887,
    "rm2": 0.4802,
    "rmse": 1.4123,
    "sd": 1.3888,
    "spearman": 0.7252,
    "spectral_loss": 0.0
}
                              
Test Results: {
    "ci": 0.7777,
    "classification_loss": 0.0,
    "cluster_loss": -2.4626,
    "mae": 1.0058,
    "mse": 1.7723,
    "multiclassification_loss": 0.0,
    "ortho_loss": 0.5168,
    "pearson": 0.7445,
    "regression_loss": 1.7684,
    "rm2": 0.5296,
    "rmse": 1.3313,
    "sd": 1.3158,
    "spearman": 0.7441,
    "spectral_loss": 0.0
}
                              
                              
----------------------------------------
Epoch 053 with LR 0.000100: Model Results
----------------------------------------
Train MSE Loss: 0.1632, Train CLS Loss: 0.0000, Train MCLS Loss: 0.0000
Protein Cluster Region Loss - Ortho Loss: 0.4081, Cluster Loss: -2.4679
                              
Validation Results: {
    "ci": 0.772,
    "classification_loss": 0.0,
    "cluster_loss": -2.4692,
    "mae": 1.0489,
    "mse": 1.9543,
    "multiclassification_loss": 0.0,
    "ortho_loss": 0.4749,
    "pearson": 0.7346,
    "regression_loss": 1.9488,
    "rm2": 0.4727,
    "rmse": 1.3979,
    "sd": 1.374,
    "spearman": 0.7307,
    "spectral_loss": 0.0
}
                              
Test Results: {
    "ci": 0.7777,
    "classification_loss": 0.0,
    "cluster_loss": -2.4626,
    "mae": 1.0058,
    "mse": 1.7723,
    "multiclassification_loss": 0.0,
    "ortho_loss": 0.5168,
    "pearson": 0.7445,
    "regression_loss": 1.7684,
    "rm2": 0.5296,
    "rmse": 1.3313,
    "sd": 1.3158,
    "spearman": 0.7441,
    "spectral_loss": 0.0
}
                              
                              
----------------------------------------
Epoch 054 with LR 0.000100: Model Results
----------------------------------------
Train MSE Loss: 0.1544, Train CLS Loss: 0.0000, Train MCLS Loss: 0.0000
Protein Cluster Region Loss - Ortho Loss: 0.4043, Cluster Loss: -2.4691
                              
Validation Results: {
    "ci": 0.7697,
    "classification_loss": 0.0,
    "cluster_loss": -2.4737,
    "mae": 1.06,
    "mse": 1.9894,
    "multiclassification_loss": 0.0,
    "ortho_loss": 0.4787,
    "pearson": 0.7311,
    "regression_loss": 1.984,
    "rm2": 0.4717,
    "rmse": 1.4105,
    "sd": 1.3815,
    "spearman": 0.7256,
    "spectral_loss": 0.0
}
                              
Test Results: {
    "ci": 0.7777,
    "classification_loss": 0.0,
    "cluster_loss": -2.4626,
    "mae": 1.0058,
    "mse": 1.7723,
    "multiclassification_loss": 0.0,
    "ortho_loss": 0.5168,
    "pearson": 0.7445,
    "regression_loss": 1.7684,
    "rm2": 0.5296,
    "rmse": 1.3313,
    "sd": 1.3158,
    "spearman": 0.7441,
    "spectral_loss": 0.0
}
                              
                              
----------------------------------------
Epoch 055 with LR 0.000100: Model Results
----------------------------------------
Train MSE Loss: 0.1526, Train CLS Loss: 0.0000, Train MCLS Loss: 0.0000
Protein Cluster Region Loss - Ortho Loss: 0.4004, Cluster Loss: -2.4692
                              
Validation Results: {
    "ci": 0.7711,
    "classification_loss": 0.0,
    "cluster_loss": -2.4746,
    "mae": 1.0593,
    "mse": 1.9969,
    "multiclassification_loss": 0.0,
    "ortho_loss": 0.4711,
    "pearson": 0.7318,
    "regression_loss": 1.9913,
    "rm2": 0.5022,
    "rmse": 1.4131,
    "sd": 1.3799,
    "spearman": 0.7266,
    "spectral_loss": 0.0
}
                              
Test Results: {
    "ci": 0.7777,
    "classification_loss": 0.0,
    "cluster_loss": -2.4626,
    "mae": 1.0058,
    "mse": 1.7723,
    "multiclassification_loss": 0.0,
    "ortho_loss": 0.5168,
    "pearson": 0.7445,
    "regression_loss": 1.7684,
    "rm2": 0.5296,
    "rmse": 1.3313,
    "sd": 1.3158,
    "spearman": 0.7441,
    "spectral_loss": 0.0
}
                              
                              
----------------------------------------
Epoch 056 with LR 0.000100: Model Results
----------------------------------------
Train MSE Loss: 0.1565, Train CLS Loss: 0.0000, Train MCLS Loss: 0.0000
Protein Cluster Region Loss - Ortho Loss: 0.3955, Cluster Loss: -2.4697
                              
Validation Results: {
    "ci": 0.7706,
    "classification_loss": 0.0,
    "cluster_loss": -2.4706,
    "mae": 1.0527,
    "mse": 1.9413,
    "multiclassification_loss": 0.0,
    "ortho_loss": 0.4792,
    "pearson": 0.7321,
    "regression_loss": 1.9367,
    "rm2": 0.49,
    "rmse": 1.3933,
    "sd": 1.3792,
    "spearman": 0.7271,
    "spectral_loss": 0.0
}
                              
Test Results: {
    "ci": 0.7777,
    "classification_loss": 0.0,
    "cluster_loss": -2.4626,
    "mae": 1.0058,
    "mse": 1.7723,
    "multiclassification_loss": 0.0,
    "ortho_loss": 0.5168,
    "pearson": 0.7445,
    "regression_loss": 1.7684,
    "rm2": 0.5296,
    "rmse": 1.3313,
    "sd": 1.3158,
    "spearman": 0.7441,
    "spectral_loss": 0.0
}
                              
                              
----------------------------------------
Epoch 057 with LR 0.000100: Model Results
----------------------------------------
Train MSE Loss: 0.1476, Train CLS Loss: 0.0000, Train MCLS Loss: 0.0000
Protein Cluster Region Loss - Ortho Loss: 0.3963, Cluster Loss: -2.4708
                              
Validation Results: {
    "ci": 0.7707,
    "classification_loss": 0.0,
    "cluster_loss": -2.4751,
    "mae": 1.056,
    "mse": 2.0031,
    "multiclassification_loss": 0.0,
    "ortho_loss": 0.4719,
    "pearson": 0.7295,
    "regression_loss": 1.9975,
    "rm2": 0.4548,
    "rmse": 1.4153,
    "sd": 1.385,
    "spearman": 0.7285,
    "spectral_loss": 0.0
}
                              
Test Results: {
    "ci": 0.7777,
    "classification_loss": 0.0,
    "cluster_loss": -2.4626,
    "mae": 1.0058,
    "mse": 1.7723,
    "multiclassification_loss": 0.0,
    "ortho_loss": 0.5168,
    "pearson": 0.7445,
    "regression_loss": 1.7684,
    "rm2": 0.5296,
    "rmse": 1.3313,
    "sd": 1.3158,
    "spearman": 0.7441,
    "spectral_loss": 0.0
}
                              
                              
----------------------------------------
Epoch 058 with LR 0.000100: Model Results
----------------------------------------
Train MSE Loss: 0.1466, Train CLS Loss: 0.0000, Train MCLS Loss: 0.0000
Protein Cluster Region Loss - Ortho Loss: 0.3913, Cluster Loss: -2.4708
                              
Validation Results: {
    "ci": 0.7724,
    "classification_loss": 0.0,
    "cluster_loss": -2.471,
    "mae": 1.0481,
    "mse": 1.9444,
    "multiclassification_loss": 0.0,
    "ortho_loss": 0.4561,
    "pearson": 0.7343,
    "regression_loss": 1.9393,
    "rm2": 0.4759,
    "rmse": 1.3944,
    "sd": 1.3746,
    "spearman": 0.7307,
    "spectral_loss": 0.0
}
                              
Test Results: {
    "ci": 0.7777,
    "classification_loss": 0.0,
    "cluster_loss": -2.4626,
    "mae": 1.0058,
    "mse": 1.7723,
    "multiclassification_loss": 0.0,
    "ortho_loss": 0.5168,
    "pearson": 0.7445,
    "regression_loss": 1.7684,
    "rm2": 0.5296,
    "rmse": 1.3313,
    "sd": 1.3158,
    "spearman": 0.7441,
    "spectral_loss": 0.0
}
                              
                              
----------------------------------------
Epoch 059 with LR 0.000100: Model Results
----------------------------------------
Train MSE Loss: 0.1380, Train CLS Loss: 0.0000, Train MCLS Loss: 0.0000
Protein Cluster Region Loss - Ortho Loss: 0.3871, Cluster Loss: -2.4712
                              
Validation Results: {
    "ci": 0.771,
    "classification_loss": 0.0,
    "cluster_loss": -2.4738,
    "mae": 1.058,
    "mse": 1.9687,
    "multiclassification_loss": 0.0,
    "ortho_loss": 0.4606,
    "pearson": 0.7302,
    "regression_loss": 1.9639,
    "rm2": 0.4955,
    "rmse": 1.4031,
    "sd": 1.3835,
    "spearman": 0.7282,
    "spectral_loss": 0.0
}
                              
Test Results: {
    "ci": 0.7777,
    "classification_loss": 0.0,
    "cluster_loss": -2.4626,
    "mae": 1.0058,
    "mse": 1.7723,
    "multiclassification_loss": 0.0,
    "ortho_loss": 0.5168,
    "pearson": 0.7445,
    "regression_loss": 1.7684,
    "rm2": 0.5296,
    "rmse": 1.3313,
    "sd": 1.3158,
    "spearman": 0.7441,
    "spectral_loss": 0.0
}
                              
                              
----------------------------------------
Epoch 060 with LR 0.000100: Model Results
----------------------------------------
Train MSE Loss: 0.1414, Train CLS Loss: 0.0000, Train MCLS Loss: 0.0000
Protein Cluster Region Loss - Ortho Loss: 0.3844, Cluster Loss: -2.4719
                              
Validation Results: {
    "ci": 0.7708,
    "classification_loss": 0.0,
    "cluster_loss": -2.4729,
    "mae": 1.0467,
    "mse": 1.9509,
    "multiclassification_loss": 0.0,
    "ortho_loss": 0.449,
    "pearson": 0.7337,
    "regression_loss": 1.9462,
    "rm2": 0.478,
    "rmse": 1.3968,
    "sd": 1.3758,
    "spearman": 0.7272,
    "spectral_loss": 0.0
}
                              
Test Results: {
    "ci": 0.7777,
    "classification_loss": 0.0,
    "cluster_loss": -2.4626,
    "mae": 1.0058,
    "mse": 1.7723,
    "multiclassification_loss": 0.0,
    "ortho_loss": 0.5168,
    "pearson": 0.7445,
    "regression_loss": 1.7684,
    "rm2": 0.5296,
    "rmse": 1.3313,
    "sd": 1.3158,
    "spearman": 0.7441,
    "spectral_loss": 0.0
}
                              
                              
----------------------------------------
Epoch 061 with LR 0.000100: Model Results
----------------------------------------
Train MSE Loss: 0.1339, Train CLS Loss: 0.0000, Train MCLS Loss: 0.0000
Protein Cluster Region Loss - Ortho Loss: 0.3792, Cluster Loss: -2.4724
                              
Validation Results: {
    "ci": 0.7735,
    "classification_loss": 0.0,
    "cluster_loss": -2.4763,
    "mae": 1.0415,
    "mse": 1.9308,
    "multiclassification_loss": 0.0,
    "ortho_loss": 0.453,
    "pearson": 0.7364,
    "regression_loss": 1.9265,
    "rm2": 0.4923,
    "rmse": 1.3895,
    "sd": 1.3698,
    "spearman": 0.7328,
    "spectral_loss": 0.0
}
                              
Test Results: {
    "ci": 0.7777,
    "classification_loss": 0.0,
    "cluster_loss": -2.4626,
    "mae": 1.0058,
    "mse": 1.7723,
    "multiclassification_loss": 0.0,
    "ortho_loss": 0.5168,
    "pearson": 0.7445,
    "regression_loss": 1.7684,
    "rm2": 0.5296,
    "rmse": 1.3313,
    "sd": 1.3158,
    "spearman": 0.7441,
    "spectral_loss": 0.0
}
                              
                              
----------------------------------------
Epoch 062 with LR 0.000100: Model Results
----------------------------------------
Train MSE Loss: 0.1304, Train CLS Loss: 0.0000, Train MCLS Loss: 0.0000
Protein Cluster Region Loss - Ortho Loss: 0.3770, Cluster Loss: -2.4724
                              
Validation Results: {
    "ci": 0.7748,
    "classification_loss": 0.0,
    "cluster_loss": -2.4762,
    "mae": 1.0377,
    "mse": 1.9143,
    "multiclassification_loss": 0.0,
    "ortho_loss": 0.4481,
    "pearson": 0.7416,
    "regression_loss": 1.9091,
    "rm2": 0.484,
    "rmse": 1.3836,
    "sd": 1.3584,
    "spearman": 0.7365,
    "spectral_loss": 0.0
}
                              
Test Results: {
    "ci": 0.7777,
    "classification_loss": 0.0,
    "cluster_loss": -2.4626,
    "mae": 1.0058,
    "mse": 1.7723,
    "multiclassification_loss": 0.0,
    "ortho_loss": 0.5168,
    "pearson": 0.7445,
    "regression_loss": 1.7684,
    "rm2": 0.5296,
    "rmse": 1.3313,
    "sd": 1.3158,
    "spearman": 0.7441,
    "spectral_loss": 0.0
}
                              
                              
----------------------------------------
Epoch 063 with LR 0.000100: Model Results
----------------------------------------
Train MSE Loss: 0.1273, Train CLS Loss: 0.0000, Train MCLS Loss: 0.0000
Protein Cluster Region Loss - Ortho Loss: 0.3765, Cluster Loss: -2.4729
                              
Validation Results: {
    "ci": 0.773,
    "classification_loss": 0.0,
    "cluster_loss": -2.4782,
    "mae": 1.04,
    "mse": 1.9108,
    "multiclassification_loss": 0.0,
    "ortho_loss": 0.4633,
    "pearson": 0.7365,
    "regression_loss": 1.906,
    "rm2": 0.4975,
    "rmse": 1.3823,
    "sd": 1.3696,
    "spearman": 0.7316,
    "spectral_loss": 0.0
}
                              
Test Results: {
    "ci": 0.7777,
    "classification_loss": 0.0,
    "cluster_loss": -2.4626,
    "mae": 1.0058,
    "mse": 1.7723,
    "multiclassification_loss": 0.0,
    "ortho_loss": 0.5168,
    "pearson": 0.7445,
    "regression_loss": 1.7684,
    "rm2": 0.5296,
    "rmse": 1.3313,
    "sd": 1.3158,
    "spearman": 0.7441,
    "spectral_loss": 0.0
}
                              
                              
----------------------------------------
Epoch 064 with LR 0.000100: Model Results
----------------------------------------
Train MSE Loss: 0.1294, Train CLS Loss: 0.0000, Train MCLS Loss: 0.0000
Protein Cluster Region Loss - Ortho Loss: 0.3723, Cluster Loss: -2.4734
                              
Validation Results: {
    "ci": 0.7688,
    "classification_loss": 0.0,
    "cluster_loss": -2.4772,
    "mae": 1.0631,
    "mse": 2.0128,
    "multiclassification_loss": 0.0,
    "ortho_loss": 0.4566,
    "pearson": 0.7261,
    "regression_loss": 2.0073,
    "rm2": 0.4567,
    "rmse": 1.4187,
    "sd": 1.3923,
    "spearman": 0.7223,
    "spectral_loss": 0.0
}
                              
Test Results: {
    "ci": 0.7777,
    "classification_loss": 0.0,
    "cluster_loss": -2.4626,
    "mae": 1.0058,
    "mse": 1.7723,
    "multiclassification_loss": 0.0,
    "ortho_loss": 0.5168,
    "pearson": 0.7445,
    "regression_loss": 1.7684,
    "rm2": 0.5296,
    "rmse": 1.3313,
    "sd": 1.3158,
    "spearman": 0.7441,
    "spectral_loss": 0.0
}
                              
                              
----------------------------------------
Epoch 065 with LR 0.000100: Model Results
----------------------------------------
Train MSE Loss: 0.1255, Train CLS Loss: 0.0000, Train MCLS Loss: 0.0000
Protein Cluster Region Loss - Ortho Loss: 0.3688, Cluster Loss: -2.4736
                              
Validation Results: {
    "ci": 0.7708,
    "classification_loss": 0.0,
    "cluster_loss": -2.4782,
    "mae": 1.0572,
    "mse": 1.9629,
    "multiclassification_loss": 0.0,
    "ortho_loss": 0.4372,
    "pearson": 0.7309,
    "regression_loss": 1.9577,
    "rm2": 0.4718,
    "rmse": 1.401,
    "sd": 1.382,
    "spearman": 0.7286,
    "spectral_loss": 0.0
}
                              
Test Results: {
    "ci": 0.7777,
    "classification_loss": 0.0,
    "cluster_loss": -2.4626,
    "mae": 1.0058,
    "mse": 1.7723,
    "multiclassification_loss": 0.0,
    "ortho_loss": 0.5168,
    "pearson": 0.7445,
    "regression_loss": 1.7684,
    "rm2": 0.5296,
    "rmse": 1.3313,
    "sd": 1.3158,
    "spearman": 0.7441,
    "spectral_loss": 0.0
}
                              
                              
----------------------------------------
Epoch 066 with LR 0.000100: Model Results
----------------------------------------
Train MSE Loss: 0.1227, Train CLS Loss: 0.0000, Train MCLS Loss: 0.0000
Protein Cluster Region Loss - Ortho Loss: 0.3644, Cluster Loss: -2.4740
                              
Validation Results: {
    "ci": 0.7739,
    "classification_loss": 0.0,
    "cluster_loss": -2.4756,
    "mae": 1.0456,
    "mse": 1.95,
    "multiclassification_loss": 0.0,
    "ortho_loss": 0.4462,
    "pearson": 0.7355,
    "regression_loss": 1.9447,
    "rm2": 0.47,
    "rmse": 1.3964,
    "sd": 1.3719,
    "spearman": 0.7345,
    "spectral_loss": 0.0
}
                              
Test Results: {
    "ci": 0.7777,
    "classification_loss": 0.0,
    "cluster_loss": -2.4626,
    "mae": 1.0058,
    "mse": 1.7723,
    "multiclassification_loss": 0.0,
    "ortho_loss": 0.5168,
    "pearson": 0.7445,
    "regression_loss": 1.7684,
    "rm2": 0.5296,
    "rmse": 1.3313,
    "sd": 1.3158,
    "spearman": 0.7441,
    "spectral_loss": 0.0
}
                              
                              
----------------------------------------
Epoch 067 with LR 0.000100: Model Results
----------------------------------------
Train MSE Loss: 0.1192, Train CLS Loss: 0.0000, Train MCLS Loss: 0.0000
Protein Cluster Region Loss - Ortho Loss: 0.3628, Cluster Loss: -2.4746
                              
Validation Results: {
    "ci": 0.7662,
    "classification_loss": 0.0,
    "cluster_loss": -2.4752,
    "mae": 1.0724,
    "mse": 2.023,
    "multiclassification_loss": 0.0,
    "ortho_loss": 0.4615,
    "pearson": 0.7217,
    "regression_loss": 2.0179,
    "rm2": 0.4711,
    "rmse": 1.4223,
    "sd": 1.4015,
    "spearman": 0.7179,
    "spectral_loss": 0.0
}
                              
Test Results: {
    "ci": 0.7777,
    "classification_loss": 0.0,
    "cluster_loss": -2.4626,
    "mae": 1.0058,
    "mse": 1.7723,
    "multiclassification_loss": 0.0,
    "ortho_loss": 0.5168,
    "pearson": 0.7445,
    "regression_loss": 1.7684,
    "rm2": 0.5296,
    "rmse": 1.3313,
    "sd": 1.3158,
    "spearman": 0.7441,
    "spectral_loss": 0.0
}
                              
                              
----------------------------------------
Epoch 068 with LR 0.000100: Model Results
----------------------------------------
Train MSE Loss: 0.1193, Train CLS Loss: 0.0000, Train MCLS Loss: 0.0000
Protein Cluster Region Loss - Ortho Loss: 0.3610, Cluster Loss: -2.4747
                              
Validation Results: {
    "ci": 0.7697,
    "classification_loss": 0.0,
    "cluster_loss": -2.4767,
    "mae": 1.0609,
    "mse": 1.977,
    "multiclassification_loss": 0.0,
    "ortho_loss": 0.4541,
    "pearson": 0.7298,
    "regression_loss": 1.9714,
    "rm2": 0.4944,
    "rmse": 1.4061,
    "sd": 1.3843,
    "spearman": 0.7264,
    "spectral_loss": 0.0
}
                              
Test Results: {
    "ci": 0.7777,
    "classification_loss": 0.0,
    "cluster_loss": -2.4626,
    "mae": 1.0058,
    "mse": 1.7723,
    "multiclassification_loss": 0.0,
    "ortho_loss": 0.5168,
    "pearson": 0.7445,
    "regression_loss": 1.7684,
    "rm2": 0.5296,
    "rmse": 1.3313,
    "sd": 1.3158,
    "spearman": 0.7441,
    "spectral_loss": 0.0
}
                              
                              
----------------------------------------
Epoch 069 with LR 0.000100: Model Results
----------------------------------------
Train MSE Loss: 0.1115, Train CLS Loss: 0.0000, Train MCLS Loss: 0.0000
Protein Cluster Region Loss - Ortho Loss: 0.3584, Cluster Loss: -2.4754
                              
Validation Results: {
    "ci": 0.7739,
    "classification_loss": 0.0,
    "cluster_loss": -2.4757,
    "mae": 1.041,
    "mse": 1.9399,
    "multiclassification_loss": 0.0,
    "ortho_loss": 0.4287,
    "pearson": 0.7355,
    "regression_loss": 1.9343,
    "rm2": 0.4807,
    "rmse": 1.3928,
    "sd": 1.372,
    "spearman": 0.7337,
    "spectral_loss": 0.0
}
                              
Test Results: {
    "ci": 0.7777,
    "classification_loss": 0.0,
    "cluster_loss": -2.4626,
    "mae": 1.0058,
    "mse": 1.7723,
    "multiclassification_loss": 0.0,
    "ortho_loss": 0.5168,
    "pearson": 0.7445,
    "regression_loss": 1.7684,
    "rm2": 0.5296,
    "rmse": 1.3313,
    "sd": 1.3158,
    "spearman": 0.7441,
    "spectral_loss": 0.0
}
                              
                              
----------------------------------------
Epoch 070 with LR 0.000100: Model Results
----------------------------------------
Train MSE Loss: 0.1107, Train CLS Loss: 0.0000, Train MCLS Loss: 0.0000
Protein Cluster Region Loss - Ortho Loss: 0.3546, Cluster Loss: -2.4755
                              
Validation Results: {
    "ci": 0.7699,
    "classification_loss": 0.0,
    "cluster_loss": -2.4777,
    "mae": 1.0591,
    "mse": 1.9803,
    "multiclassification_loss": 0.0,
    "ortho_loss": 0.4244,
    "pearson": 0.7284,
    "regression_loss": 1.9749,
    "rm2": 0.4812,
    "rmse": 1.4072,
    "sd": 1.3873,
    "spearman": 0.7256,
    "spectral_loss": 0.0
}
                              
Test Results: {
    "ci": 0.7777,
    "classification_loss": 0.0,
    "cluster_loss": -2.4626,
    "mae": 1.0058,
    "mse": 1.7723,
    "multiclassification_loss": 0.0,
    "ortho_loss": 0.5168,
    "pearson": 0.7445,
    "regression_loss": 1.7684,
    "rm2": 0.5296,
    "rmse": 1.3313,
    "sd": 1.3158,
    "spearman": 0.7441,
    "spectral_loss": 0.0
}
                              
                              
----------------------------------------
Epoch 071 with LR 0.000100: Model Results
----------------------------------------
Train MSE Loss: 0.1072, Train CLS Loss: 0.0000, Train MCLS Loss: 0.0000
Protein Cluster Region Loss - Ortho Loss: 0.3558, Cluster Loss: -2.4757
                              
Validation Results: {
    "ci": 0.7682,
    "classification_loss": 0.0,
    "cluster_loss": -2.4803,
    "mae": 1.0618,
    "mse": 1.9783,
    "multiclassification_loss": 0.0,
    "ortho_loss": 0.4333,
    "pearson": 0.7256,
    "regression_loss": 1.9737,
    "rm2": 0.4806,
    "rmse": 1.4065,
    "sd": 1.3933,
    "spearman": 0.7218,
    "spectral_loss": 0.0
}
                              
Test Results: {
    "ci": 0.7777,
    "classification_loss": 0.0,
    "cluster_loss": -2.4626,
    "mae": 1.0058,
    "mse": 1.7723,
    "multiclassification_loss": 0.0,
    "ortho_loss": 0.5168,
    "pearson": 0.7445,
    "regression_loss": 1.7684,
    "rm2": 0.5296,
    "rmse": 1.3313,
    "sd": 1.3158,
    "spearman": 0.7441,
    "spectral_loss": 0.0
}
                              
                              
----------------------------------------
Epoch 072 with LR 0.000100: Model Results
----------------------------------------
Train MSE Loss: 0.1047, Train CLS Loss: 0.0000, Train MCLS Loss: 0.0000
Protein Cluster Region Loss - Ortho Loss: 0.3500, Cluster Loss: -2.4758
                              
Validation Results: {
    "ci": 0.7703,
    "classification_loss": 0.0,
    "cluster_loss": -2.4761,
    "mae": 1.0572,
    "mse": 1.9738,
    "multiclassification_loss": 0.0,
    "ortho_loss": 0.4206,
    "pearson": 0.7312,
    "regression_loss": 1.9683,
    "rm2": 0.4705,
    "rmse": 1.4049,
    "sd": 1.3813,
    "spearman": 0.7282,
    "spectral_loss": 0.0
}
                              
Test Results: {
    "ci": 0.7777,
    "classification_loss": 0.0,
    "cluster_loss": -2.4626,
    "mae": 1.0058,
    "mse": 1.7723,
    "multiclassification_loss": 0.0,
    "ortho_loss": 0.5168,
    "pearson": 0.7445,
    "regression_loss": 1.7684,
    "rm2": 0.5296,
    "rmse": 1.3313,
    "sd": 1.3158,
    "spearman": 0.7441,
    "spectral_loss": 0.0
}
                              
                              
----------------------------------------
Epoch 073 with LR 0.000100: Model Results
----------------------------------------
Train MSE Loss: 0.1040, Train CLS Loss: 0.0000, Train MCLS Loss: 0.0000
Protein Cluster Region Loss - Ortho Loss: 0.3460, Cluster Loss: -2.4761
                              
Validation Results: {
    "ci": 0.775,
    "classification_loss": 0.0,
    "cluster_loss": -2.4797,
    "mae": 1.0336,
    "mse": 1.9023,
    "multiclassification_loss": 0.0,
    "ortho_loss": 0.4232,
    "pearson": 0.7406,
    "regression_loss": 1.8968,
    "rm2": 0.4907,
    "rmse": 1.3792,
    "sd": 1.3607,
    "spearman": 0.7358,
    "spectral_loss": 0.0
}
                              
Test Results: {
    "ci": 0.7777,
    "classification_loss": 0.0,
    "cluster_loss": -2.4626,
    "mae": 1.0058,
    "mse": 1.7723,
    "multiclassification_loss": 0.0,
    "ortho_loss": 0.5168,
    "pearson": 0.7445,
    "regression_loss": 1.7684,
    "rm2": 0.5296,
    "rmse": 1.3313,
    "sd": 1.3158,
    "spearman": 0.7441,
    "spectral_loss": 0.0
}
                              
                              
----------------------------------------
Epoch 074 with LR 0.000100: Model Results
----------------------------------------
Train MSE Loss: 0.1040, Train CLS Loss: 0.0000, Train MCLS Loss: 0.0000
Protein Cluster Region Loss - Ortho Loss: 0.3432, Cluster Loss: -2.4766
                              
Validation Results: {
    "ci": 0.7751,
    "classification_loss": 0.0,
    "cluster_loss": -2.477,
    "mae": 1.0326,
    "mse": 1.8978,
    "multiclassification_loss": 0.0,
    "ortho_loss": 0.4208,
    "pearson": 0.7404,
    "regression_loss": 1.8926,
    "rm2": 0.4917,
    "rmse": 1.3776,
    "sd": 1.361,
    "spearman": 0.7361,
    "spectral_loss": 0.0
}
                              
Test Results: {
    "ci": 0.7777,
    "classification_loss": 0.0,
    "cluster_loss": -2.4626,
    "mae": 1.0058,
    "mse": 1.7723,
    "multiclassification_loss": 0.0,
    "ortho_loss": 0.5168,
    "pearson": 0.7445,
    "regression_loss": 1.7684,
    "rm2": 0.5296,
    "rmse": 1.3313,
    "sd": 1.3158,
    "spearman": 0.7441,
    "spectral_loss": 0.0
}
                              
                              
----------------------------------------
Epoch 075 with LR 0.000100: Model Results
----------------------------------------
Train MSE Loss: 0.0962, Train CLS Loss: 0.0000, Train MCLS Loss: 0.0000
Protein Cluster Region Loss - Ortho Loss: 0.3415, Cluster Loss: -2.4768
                              
Validation Results: {
    "ci": 0.7719,
    "classification_loss": 0.0,
    "cluster_loss": -2.4773,
    "mae": 1.046,
    "mse": 1.9247,
    "multiclassification_loss": 0.0,
    "ortho_loss": 0.4217,
    "pearson": 0.7334,
    "regression_loss": 1.9197,
    "rm2": 0.4974,
    "rmse": 1.3874,
    "sd": 1.3766,
    "spearman": 0.731,
    "spectral_loss": 0.0
}
                              
Test Results: {
    "ci": 0.7777,
    "classification_loss": 0.0,
    "cluster_loss": -2.4626,
    "mae": 1.0058,
    "mse": 1.7723,
    "multiclassification_loss": 0.0,
    "ortho_loss": 0.5168,
    "pearson": 0.7445,
    "regression_loss": 1.7684,
    "rm2": 0.5296,
    "rmse": 1.3313,
    "sd": 1.3158,
    "spearman": 0.7441,
    "spectral_loss": 0.0
}
                              
                              
----------------------------------------
Epoch 076 with LR 0.000100: Model Results
----------------------------------------
Train MSE Loss: 0.0967, Train CLS Loss: 0.0000, Train MCLS Loss: 0.0000
Protein Cluster Region Loss - Ortho Loss: 0.3412, Cluster Loss: -2.4773
                              
Validation Results: {
    "ci": 0.7722,
    "classification_loss": 0.0,
    "cluster_loss": -2.4824,
    "mae": 1.0464,
    "mse": 1.9521,
    "multiclassification_loss": 0.0,
    "ortho_loss": 0.4305,
    "pearson": 0.7323,
    "regression_loss": 1.9467,
    "rm2": 0.4862,
    "rmse": 1.3972,
    "sd": 1.3789,
    "spearman": 0.7312,
    "spectral_loss": 0.0
}
                              
Test Results: {
    "ci": 0.7777,
    "classification_loss": 0.0,
    "cluster_loss": -2.4626,
    "mae": 1.0058,
    "mse": 1.7723,
    "multiclassification_loss": 0.0,
    "ortho_loss": 0.5168,
    "pearson": 0.7445,
    "regression_loss": 1.7684,
    "rm2": 0.5296,
    "rmse": 1.3313,
    "sd": 1.3158,
    "spearman": 0.7441,
    "spectral_loss": 0.0
}
                              
                              
----------------------------------------
Epoch 077 with LR 0.000100: Model Results
----------------------------------------
Train MSE Loss: 0.1016, Train CLS Loss: 0.0000, Train MCLS Loss: 0.0000
Protein Cluster Region Loss - Ortho Loss: 0.3363, Cluster Loss: -2.4776
                              
Validation Results: {
    "ci": 0.7716,
    "classification_loss": 0.0,
    "cluster_loss": -2.4795,
    "mae": 1.0408,
    "mse": 1.935,
    "multiclassification_loss": 0.0,
    "ortho_loss": 0.4189,
    "pearson": 0.7323,
    "regression_loss": 1.93,
    "rm2": 0.4882,
    "rmse": 1.3911,
    "sd": 1.379,
    "spearman": 0.7278,
    "spectral_loss": 0.0
}
                              
Test Results: {
    "ci": 0.7777,
    "classification_loss": 0.0,
    "cluster_loss": -2.4626,
    "mae": 1.0058,
    "mse": 1.7723,
    "multiclassification_loss": 0.0,
    "ortho_loss": 0.5168,
    "pearson": 0.7445,
    "regression_loss": 1.7684,
    "rm2": 0.5296,
    "rmse": 1.3313,
    "sd": 1.3158,
    "spearman": 0.7441,
    "spectral_loss": 0.0
}
                              
                              
----------------------------------------
Epoch 078 with LR 0.000100: Model Results
----------------------------------------
Train MSE Loss: 0.0929, Train CLS Loss: 0.0000, Train MCLS Loss: 0.0000
Protein Cluster Region Loss - Ortho Loss: 0.3365, Cluster Loss: -2.4779
                              
Validation Results: {
    "ci": 0.7726,
    "classification_loss": 0.0,
    "cluster_loss": -2.4814,
    "mae": 1.0462,
    "mse": 1.9599,
    "multiclassification_loss": 0.0,
    "ortho_loss": 0.4108,
    "pearson": 0.7333,
    "regression_loss": 1.9548,
    "rm2": 0.4687,
    "rmse": 1.4,
    "sd": 1.3768,
    "spearman": 0.7306,
    "spectral_loss": 0.0
}
                              
Test Results: {
    "ci": 0.7777,
    "classification_loss": 0.0,
    "cluster_loss": -2.4626,
    "mae": 1.0058,
    "mse": 1.7723,
    "multiclassification_loss": 0.0,
    "ortho_loss": 0.5168,
    "pearson": 0.7445,
    "regression_loss": 1.7684,
    "rm2": 0.5296,
    "rmse": 1.3313,
    "sd": 1.3158,
    "spearman": 0.7441,
    "spectral_loss": 0.0
}
                              
                              
----------------------------------------
Epoch 079 with LR 0.000100: Model Results
----------------------------------------
Train MSE Loss: 0.0917, Train CLS Loss: 0.0000, Train MCLS Loss: 0.0000
Protein Cluster Region Loss - Ortho Loss: 0.3327, Cluster Loss: -2.4784
                              
Validation Results: {
    "ci": 0.7729,
    "classification_loss": 0.0,
    "cluster_loss": -2.4821,
    "mae": 1.0471,
    "mse": 1.956,
    "multiclassification_loss": 0.0,
    "ortho_loss": 0.4148,
    "pearson": 0.7331,
    "regression_loss": 1.9508,
    "rm2": 0.4821,
    "rmse": 1.3986,
    "sd": 1.3771,
    "spearman": 0.732,
    "spectral_loss": 0.0
}
                              
Test Results: {
    "ci": 0.7777,
    "classification_loss": 0.0,
    "cluster_loss": -2.4626,
    "mae": 1.0058,
    "mse": 1.7723,
    "multiclassification_loss": 0.0,
    "ortho_loss": 0.5168,
    "pearson": 0.7445,
    "regression_loss": 1.7684,
    "rm2": 0.5296,
    "rmse": 1.3313,
    "sd": 1.3158,
    "spearman": 0.7441,
    "spectral_loss": 0.0
}
                              
                              
----------------------------------------
Epoch 080 with LR 0.000100: Model Results
----------------------------------------
Train MSE Loss: 0.0944, Train CLS Loss: 0.0000, Train MCLS Loss: 0.0000
Protein Cluster Region Loss - Ortho Loss: 0.3314, Cluster Loss: -2.4790
                              
Validation Results: {
    "ci": 0.7723,
    "classification_loss": 0.0,
    "cluster_loss": -2.4797,
    "mae": 1.0487,
    "mse": 1.9439,
    "multiclassification_loss": 0.0,
    "ortho_loss": 0.4146,
    "pearson": 0.7339,
    "regression_loss": 1.9389,
    "rm2": 0.482,
    "rmse": 1.3942,
    "sd": 1.3755,
    "spearman": 0.7312,
    "spectral_loss": 0.0
}
                              
Test Results: {
    "ci": 0.7777,
    "classification_loss": 0.0,
    "cluster_loss": -2.4626,
    "mae": 1.0058,
    "mse": 1.7723,
    "multiclassification_loss": 0.0,
    "ortho_loss": 0.5168,
    "pearson": 0.7445,
    "regression_loss": 1.7684,
    "rm2": 0.5296,
    "rmse": 1.3313,
    "sd": 1.3158,
    "spearman": 0.7441,
    "spectral_loss": 0.0
}
                              
                              
----------------------------------------
Epoch 081 with LR 0.000100: Model Results
----------------------------------------
Train MSE Loss: 0.0892, Train CLS Loss: 0.0000, Train MCLS Loss: 0.0000
Protein Cluster Region Loss - Ortho Loss: 0.3246, Cluster Loss: -2.4789
                              
Validation Results: {
    "ci": 0.7747,
    "classification_loss": 0.0,
    "cluster_loss": -2.4804,
    "mae": 1.0405,
    "mse": 1.9387,
    "multiclassification_loss": 0.0,
    "ortho_loss": 0.4071,
    "pearson": 0.7391,
    "regression_loss": 1.9334,
    "rm2": 0.4689,
    "rmse": 1.3924,
    "sd": 1.3639,
    "spearman": 0.7363,
    "spectral_loss": 0.0
}
                              
Test Results: {
    "ci": 0.7777,
    "classification_loss": 0.0,
    "cluster_loss": -2.4626,
    "mae": 1.0058,
    "mse": 1.7723,
    "multiclassification_loss": 0.0,
    "ortho_loss": 0.5168,
    "pearson": 0.7445,
    "regression_loss": 1.7684,
    "rm2": 0.5296,
    "rmse": 1.3313,
    "sd": 1.3158,
    "spearman": 0.7441,
    "spectral_loss": 0.0
}
                              
                              
----------------------------------------
Epoch 082 with LR 0.000100: Model Results
----------------------------------------
Train MSE Loss: 0.0881, Train CLS Loss: 0.0000, Train MCLS Loss: 0.0000
Protein Cluster Region Loss - Ortho Loss: 0.3266, Cluster Loss: -2.4790
                              
Validation Results: {
    "ci": 0.7729,
    "classification_loss": 0.0,
    "cluster_loss": -2.481,
    "mae": 1.0432,
    "mse": 1.9406,
    "multiclassification_loss": 0.0,
    "ortho_loss": 0.41,
    "pearson": 0.7347,
    "regression_loss": 1.9352,
    "rm2": 0.4982,
    "rmse": 1.3931,
    "sd": 1.3737,
    "spearman": 0.7323,
    "spectral_loss": 0.0
}
                              
Test Results: {
    "ci": 0.7777,
    "classification_loss": 0.0,
    "cluster_loss": -2.4626,
    "mae": 1.0058,
    "mse": 1.7723,
    "multiclassification_loss": 0.0,
    "ortho_loss": 0.5168,
    "pearson": 0.7445,
    "regression_loss": 1.7684,
    "rm2": 0.5296,
    "rmse": 1.3313,
    "sd": 1.3158,
    "spearman": 0.7441,
    "spectral_loss": 0.0
}
                              
                              
----------------------------------------
Epoch 083 with LR 0.000100: Model Results
----------------------------------------
Train MSE Loss: 0.0859, Train CLS Loss: 0.0000, Train MCLS Loss: 0.0000
Protein Cluster Region Loss - Ortho Loss: 0.3232, Cluster Loss: -2.4791
                              
Validation Results: {
    "ci": 0.7718,
    "classification_loss": 0.0,
    "cluster_loss": -2.4816,
    "mae": 1.049,
    "mse": 1.968,
    "multiclassification_loss": 0.0,
    "ortho_loss": 0.4073,
    "pearson": 0.732,
    "regression_loss": 1.9623,
    "rm2": 0.4709,
    "rmse": 1.4028,
    "sd": 1.3796,
    "spearman": 0.7303,
    "spectral_loss": 0.0
}
                              
Test Results: {
    "ci": 0.7777,
    "classification_loss": 0.0,
    "cluster_loss": -2.4626,
    "mae": 1.0058,
    "mse": 1.7723,
    "multiclassification_loss": 0.0,
    "ortho_loss": 0.5168,
    "pearson": 0.7445,
    "regression_loss": 1.7684,
    "rm2": 0.5296,
    "rmse": 1.3313,
    "sd": 1.3158,
    "spearman": 0.7441,
    "spectral_loss": 0.0
}
                              
                              
----------------------------------------
Epoch 084 with LR 0.000100: Model Results
----------------------------------------
Train MSE Loss: 0.0874, Train CLS Loss: 0.0000, Train MCLS Loss: 0.0000
Protein Cluster Region Loss - Ortho Loss: 0.3226, Cluster Loss: -2.4796
                              
Validation Results: {
    "ci": 0.773,
    "classification_loss": 0.0,
    "cluster_loss": -2.4813,
    "mae": 1.0413,
    "mse": 1.9405,
    "multiclassification_loss": 0.0,
    "ortho_loss": 0.4107,
    "pearson": 0.733,
    "regression_loss": 1.9356,
    "rm2": 0.4946,
    "rmse": 1.393,
    "sd": 1.3773,
    "spearman": 0.7309,
    "spectral_loss": 0.0
}
                              
Test Results: {
    "ci": 0.7777,
    "classification_loss": 0.0,
    "cluster_loss": -2.4626,
    "mae": 1.0058,
    "mse": 1.7723,
    "multiclassification_loss": 0.0,
    "ortho_loss": 0.5168,
    "pearson": 0.7445,
    "regression_loss": 1.7684,
    "rm2": 0.5296,
    "rmse": 1.3313,
    "sd": 1.3158,
    "spearman": 0.7441,
    "spectral_loss": 0.0
}
                              
                              
----------------------------------------
Epoch 085 with LR 0.000100: Model Results
----------------------------------------
Train MSE Loss: 0.0858, Train CLS Loss: 0.0000, Train MCLS Loss: 0.0000
Protein Cluster Region Loss - Ortho Loss: 0.3208, Cluster Loss: -2.4799
                              
Validation Results: {
    "ci": 0.7721,
    "classification_loss": 0.0,
    "cluster_loss": -2.4833,
    "mae": 1.0555,
    "mse": 1.9895,
    "multiclassification_loss": 0.0,
    "ortho_loss": 0.4031,
    "pearson": 0.7331,
    "regression_loss": 1.984,
    "rm2": 0.4554,
    "rmse": 1.4105,
    "sd": 1.3771,
    "spearman": 0.732,
    "spectral_loss": 0.0
}
                              
Test Results: {
    "ci": 0.7777,
    "classification_loss": 0.0,
    "cluster_loss": -2.4626,
    "mae": 1.0058,
    "mse": 1.7723,
    "multiclassification_loss": 0.0,
    "ortho_loss": 0.5168,
    "pearson": 0.7445,
    "regression_loss": 1.7684,
    "rm2": 0.5296,
    "rmse": 1.3313,
    "sd": 1.3158,
    "spearman": 0.7441,
    "spectral_loss": 0.0
}
                              
                              
----------------------------------------
Epoch 086 with LR 0.000100: Model Results
----------------------------------------
Train MSE Loss: 0.0825, Train CLS Loss: 0.0000, Train MCLS Loss: 0.0000
Protein Cluster Region Loss - Ortho Loss: 0.3183, Cluster Loss: -2.4803
                              
Validation Results: {
    "ci": 0.7726,
    "classification_loss": 0.0,
    "cluster_loss": -2.4835,
    "mae": 1.0509,
    "mse": 1.9495,
    "multiclassification_loss": 0.0,
    "ortho_loss": 0.3985,
    "pearson": 0.7329,
    "regression_loss": 1.9443,
    "rm2": 0.4995,
    "rmse": 1.3962,
    "sd": 1.3777,
    "spearman": 0.7316,
    "spectral_loss": 0.0
}
                              
Test Results: {
    "ci": 0.7777,
    "classification_loss": 0.0,
    "cluster_loss": -2.4626,
    "mae": 1.0058,
    "mse": 1.7723,
    "multiclassification_loss": 0.0,
    "ortho_loss": 0.5168,
    "pearson": 0.7445,
    "regression_loss": 1.7684,
    "rm2": 0.5296,
    "rmse": 1.3313,
    "sd": 1.3158,
    "spearman": 0.7441,
    "spectral_loss": 0.0
}
                              
                              
----------------------------------------
Epoch 087 with LR 0.000100: Model Results
----------------------------------------
Train MSE Loss: 0.0799, Train CLS Loss: 0.0000, Train MCLS Loss: 0.0000
Protein Cluster Region Loss - Ortho Loss: 0.3142, Cluster Loss: -2.4804
                              
Validation Results: {
    "ci": 0.7717,
    "classification_loss": 0.0,
    "cluster_loss": -2.4825,
    "mae": 1.05,
    "mse": 1.9326,
    "multiclassification_loss": 0.0,
    "ortho_loss": 0.4,
    "pearson": 0.7352,
    "regression_loss": 1.927,
    "rm2": 0.4986,
    "rmse": 1.3902,
    "sd": 1.3725,
    "spearman": 0.7298,
    "spectral_loss": 0.0
}
                              
Test Results: {
    "ci": 0.7777,
    "classification_loss": 0.0,
    "cluster_loss": -2.4626,
    "mae": 1.0058,
    "mse": 1.7723,
    "multiclassification_loss": 0.0,
    "ortho_loss": 0.5168,
    "pearson": 0.7445,
    "regression_loss": 1.7684,
    "rm2": 0.5296,
    "rmse": 1.3313,
    "sd": 1.3158,
    "spearman": 0.7441,
    "spectral_loss": 0.0
}
                              
                              
----------------------------------------
Epoch 088 with LR 0.000100: Model Results
----------------------------------------
Train MSE Loss: 0.0787, Train CLS Loss: 0.0000, Train MCLS Loss: 0.0000
Protein Cluster Region Loss - Ortho Loss: 0.3124, Cluster Loss: -2.4805
                              
Validation Results: {
    "ci": 0.7726,
    "classification_loss": 0.0,
    "cluster_loss": -2.4808,
    "mae": 1.0511,
    "mse": 1.9443,
    "multiclassification_loss": 0.0,
    "ortho_loss": 0.3979,
    "pearson": 0.7361,
    "regression_loss": 1.9389,
    "rm2": 0.5033,
    "rmse": 1.3944,
    "sd": 1.3705,
    "spearman": 0.7307,
    "spectral_loss": 0.0
}
                              
Test Results: {
    "ci": 0.7777,
    "classification_loss": 0.0,
    "cluster_loss": -2.4626,
    "mae": 1.0058,
    "mse": 1.7723,
    "multiclassification_loss": 0.0,
    "ortho_loss": 0.5168,
    "pearson": 0.7445,
    "regression_loss": 1.7684,
    "rm2": 0.5296,
    "rmse": 1.3313,
    "sd": 1.3158,
    "spearman": 0.7441,
    "spectral_loss": 0.0
}
                              
                              
----------------------------------------
Epoch 089 with LR 0.000100: Model Results
----------------------------------------
Train MSE Loss: 0.0765, Train CLS Loss: 0.0000, Train MCLS Loss: 0.0000
Protein Cluster Region Loss - Ortho Loss: 0.3101, Cluster Loss: -2.4810
                              
Validation Results: {
    "ci": 0.7705,
    "classification_loss": 0.0,
    "cluster_loss": -2.4839,
    "mae": 1.0534,
    "mse": 1.9743,
    "multiclassification_loss": 0.0,
    "ortho_loss": 0.4014,
    "pearson": 0.7282,
    "regression_loss": 1.9686,
    "rm2": 0.4816,
    "rmse": 1.4051,
    "sd": 1.3879,
    "spearman": 0.7257,
    "spectral_loss": 0.0
}
                              
Test Results: {
    "ci": 0.7777,
    "classification_loss": 0.0,
    "cluster_loss": -2.4626,
    "mae": 1.0058,
    "mse": 1.7723,
    "multiclassification_loss": 0.0,
    "ortho_loss": 0.5168,
    "pearson": 0.7445,
    "regression_loss": 1.7684,
    "rm2": 0.5296,
    "rmse": 1.3313,
    "sd": 1.3158,
    "spearman": 0.7441,
    "spectral_loss": 0.0
}
                              
                              
----------------------------------------
Epoch 090 with LR 0.000100: Model Results
----------------------------------------
Train MSE Loss: 0.0722, Train CLS Loss: 0.0000, Train MCLS Loss: 0.0000
Protein Cluster Region Loss - Ortho Loss: 0.3076, Cluster Loss: -2.4813
                              
Validation Results: {
    "ci": 0.7743,
    "classification_loss": 0.0,
    "cluster_loss": -2.4831,
    "mae": 1.0404,
    "mse": 1.9296,
    "multiclassification_loss": 0.0,
    "ortho_loss": 0.4037,
    "pearson": 0.7369,
    "regression_loss": 1.9241,
    "rm2": 0.4813,
    "rmse": 1.3891,
    "sd": 1.3687,
    "spearman": 0.7347,
    "spectral_loss": 0.0
}
                              
Test Results: {
    "ci": 0.7777,
    "classification_loss": 0.0,
    "cluster_loss": -2.4626,
    "mae": 1.0058,
    "mse": 1.7723,
    "multiclassification_loss": 0.0,
    "ortho_loss": 0.5168,
    "pearson": 0.7445,
    "regression_loss": 1.7684,
    "rm2": 0.5296,
    "rmse": 1.3313,
    "sd": 1.3158,
    "spearman": 0.7441,
    "spectral_loss": 0.0
}
                              
                              
----------------------------------------
Epoch 091 with LR 0.000100: Model Results
----------------------------------------
Train MSE Loss: 0.0716, Train CLS Loss: 0.0000, Train MCLS Loss: 0.0000
Protein Cluster Region Loss - Ortho Loss: 0.3057, Cluster Loss: -2.4817
                              
Validation Results: {
    "ci": 0.7729,
    "classification_loss": 0.0,
    "cluster_loss": -2.4835,
    "mae": 1.0441,
    "mse": 1.9398,
    "multiclassification_loss": 0.0,
    "ortho_loss": 0.3937,
    "pearson": 0.7358,
    "regression_loss": 1.9341,
    "rm2": 0.4915,
    "rmse": 1.3928,
    "sd": 1.3713,
    "spearman": 0.7307,
    "spectral_loss": 0.0
}
                              
Test Results: {
    "ci": 0.7777,
    "classification_loss": 0.0,
    "cluster_loss": -2.4626,
    "mae": 1.0058,
    "mse": 1.7723,
    "multiclassification_loss": 0.0,
    "ortho_loss": 0.5168,
    "pearson": 0.7445,
    "regression_loss": 1.7684,
    "rm2": 0.5296,
    "rmse": 1.3313,
    "sd": 1.3158,
    "spearman": 0.7441,
    "spectral_loss": 0.0
}
                              
                              
----------------------------------------
Epoch 092 with LR 0.000100: Model Results
----------------------------------------
Train MSE Loss: 0.0767, Train CLS Loss: 0.0000, Train MCLS Loss: 0.0000
Protein Cluster Region Loss - Ortho Loss: 0.3063, Cluster Loss: -2.4819
                              
Validation Results: {
    "ci": 0.7709,
    "classification_loss": 0.0,
    "cluster_loss": -2.4829,
    "mae": 1.0514,
    "mse": 1.9533,
    "multiclassification_loss": 0.0,
    "ortho_loss": 0.3851,
    "pearson": 0.7302,
    "regression_loss": 1.948,
    "rm2": 0.4886,
    "rmse": 1.3976,
    "sd": 1.3836,
    "spearman": 0.7277,
    "spectral_loss": 0.0
}
                              
Test Results: {
    "ci": 0.7777,
    "classification_loss": 0.0,
    "cluster_loss": -2.4626,
    "mae": 1.0058,
    "mse": 1.7723,
    "multiclassification_loss": 0.0,
    "ortho_loss": 0.5168,
    "pearson": 0.7445,
    "regression_loss": 1.7684,
    "rm2": 0.5296,
    "rmse": 1.3313,
    "sd": 1.3158,
    "spearman": 0.7441,
    "spectral_loss": 0.0
}
                              
                              
----------------------------------------
Epoch 093 with LR 0.000100: Model Results
----------------------------------------
Train MSE Loss: 0.0703, Train CLS Loss: 0.0000, Train MCLS Loss: 0.0000
Protein Cluster Region Loss - Ortho Loss: 0.3067, Cluster Loss: -2.4819
                              
Validation Results: {
    "ci": 0.7713,
    "classification_loss": 0.0,
    "cluster_loss": -2.4848,
    "mae": 1.0518,
    "mse": 1.96,
    "multiclassification_loss": 0.0,
    "ortho_loss": 0.3847,
    "pearson": 0.7286,
    "regression_loss": 1.9549,
    "rm2": 0.4811,
    "rmse": 1.4,
    "sd": 1.3869,
    "spearman": 0.7293,
    "spectral_loss": 0.0
}
                              
Test Results: {
    "ci": 0.7777,
    "classification_loss": 0.0,
    "cluster_loss": -2.4626,
    "mae": 1.0058,
    "mse": 1.7723,
    "multiclassification_loss": 0.0,
    "ortho_loss": 0.5168,
    "pearson": 0.7445,
    "regression_loss": 1.7684,
    "rm2": 0.5296,
    "rmse": 1.3313,
    "sd": 1.3158,
    "spearman": 0.7441,
    "spectral_loss": 0.0
}
                              
                              
----------------------------------------
Epoch 094 with LR 0.000100: Model Results
----------------------------------------
Train MSE Loss: 0.0696, Train CLS Loss: 0.0000, Train MCLS Loss: 0.0000
Protein Cluster Region Loss - Ortho Loss: 0.3016, Cluster Loss: -2.4826
                              
Validation Results: {
    "ci": 0.7725,
    "classification_loss": 0.0,
    "cluster_loss": -2.4848,
    "mae": 1.0471,
    "mse": 1.9558,
    "multiclassification_loss": 0.0,
    "ortho_loss": 0.3834,
    "pearson": 0.7347,
    "regression_loss": 1.9504,
    "rm2": 0.4678,
    "rmse": 1.3985,
    "sd": 1.3736,
    "spearman": 0.7318,
    "spectral_loss": 0.0
}
                              
Test Results: {
    "ci": 0.7777,
    "classification_loss": 0.0,
    "cluster_loss": -2.4626,
    "mae": 1.0058,
    "mse": 1.7723,
    "multiclassification_loss": 0.0,
    "ortho_loss": 0.5168,
    "pearson": 0.7445,
    "regression_loss": 1.7684,
    "rm2": 0.5296,
    "rmse": 1.3313,
    "sd": 1.3158,
    "spearman": 0.7441,
    "spectral_loss": 0.0
}
                              
                              
----------------------------------------
Epoch 095 with LR 0.000100: Model Results
----------------------------------------
Train MSE Loss: 0.0707, Train CLS Loss: 0.0000, Train MCLS Loss: 0.0000
Protein Cluster Region Loss - Ortho Loss: 0.2996, Cluster Loss: -2.4828
                              
Validation Results: {
    "ci": 0.773,
    "classification_loss": 0.0,
    "cluster_loss": -2.4862,
    "mae": 1.0492,
    "mse": 1.953,
    "multiclassification_loss": 0.0,
    "ortho_loss": 0.3857,
    "pearson": 0.7334,
    "regression_loss": 1.9477,
    "rm2": 0.4894,
    "rmse": 1.3975,
    "sd": 1.3764,
    "spearman": 0.7314,
    "spectral_loss": 0.0
}
                              
Test Results: {
    "ci": 0.7777,
    "classification_loss": 0.0,
    "cluster_loss": -2.4626,
    "mae": 1.0058,
    "mse": 1.7723,
    "multiclassification_loss": 0.0,
    "ortho_loss": 0.5168,
    "pearson": 0.7445,
    "regression_loss": 1.7684,
    "rm2": 0.5296,
    "rmse": 1.3313,
    "sd": 1.3158,
    "spearman": 0.7441,
    "spectral_loss": 0.0
}
                              
                              
----------------------------------------
Epoch 096 with LR 0.000100: Model Results
----------------------------------------
Train MSE Loss: 0.0721, Train CLS Loss: 0.0000, Train MCLS Loss: 0.0000
Protein Cluster Region Loss - Ortho Loss: 0.2994, Cluster Loss: -2.4832
                              
Validation Results: {
    "ci": 0.7732,
    "classification_loss": 0.0,
    "cluster_loss": -2.4829,
    "mae": 1.042,
    "mse": 1.9254,
    "multiclassification_loss": 0.0,
    "ortho_loss": 0.38,
    "pearson": 0.7354,
    "regression_loss": 1.9203,
    "rm2": 0.4948,
    "rmse": 1.3876,
    "sd": 1.3722,
    "spearman": 0.7321,
    "spectral_loss": 0.0
}
                              
Test Results: {
    "ci": 0.7777,
    "classification_loss": 0.0,
    "cluster_loss": -2.4626,
    "mae": 1.0058,
    "mse": 1.7723,
    "multiclassification_loss": 0.0,
    "ortho_loss": 0.5168,
    "pearson": 0.7445,
    "regression_loss": 1.7684,
    "rm2": 0.5296,
    "rmse": 1.3313,
    "sd": 1.3158,
    "spearman": 0.7441,
    "spectral_loss": 0.0
}
                              
                              
----------------------------------------
Epoch 097 with LR 0.000100: Model Results
----------------------------------------
Train MSE Loss: 0.0668, Train CLS Loss: 0.0000, Train MCLS Loss: 0.0000
Protein Cluster Region Loss - Ortho Loss: 0.2964, Cluster Loss: -2.4835
                              
Validation Results: {
    "ci": 0.7688,
    "classification_loss": 0.0,
    "cluster_loss": -2.484,
    "mae": 1.0594,
    "mse": 1.9717,
    "multiclassification_loss": 0.0,
    "ortho_loss": 0.3875,
    "pearson": 0.7289,
    "regression_loss": 1.9668,
    "rm2": 0.4912,
    "rmse": 1.4042,
    "sd": 1.3864,
    "spearman": 0.7237,
    "spectral_loss": 0.0
}
                              
Test Results: {
    "ci": 0.7777,
    "classification_loss": 0.0,
    "cluster_loss": -2.4626,
    "mae": 1.0058,
    "mse": 1.7723,
    "multiclassification_loss": 0.0,
    "ortho_loss": 0.5168,
    "pearson": 0.7445,
    "regression_loss": 1.7684,
    "rm2": 0.5296,
    "rmse": 1.3313,
    "sd": 1.3158,
    "spearman": 0.7441,
    "spectral_loss": 0.0
}
                              
                              
----------------------------------------
Epoch 098 with LR 0.000100: Model Results
----------------------------------------
Train MSE Loss: 0.0652, Train CLS Loss: 0.0000, Train MCLS Loss: 0.0000
Protein Cluster Region Loss - Ortho Loss: 0.2970, Cluster Loss: -2.4837
                              
Validation Results: {
    "ci": 0.7706,
    "classification_loss": 0.0,
    "cluster_loss": -2.4852,
    "mae": 1.0465,
    "mse": 1.9585,
    "multiclassification_loss": 0.0,
    "ortho_loss": 0.3883,
    "pearson": 0.7301,
    "regression_loss": 1.9534,
    "rm2": 0.4834,
    "rmse": 1.3995,
    "sd": 1.3837,
    "spearman": 0.7268,
    "spectral_loss": 0.0
}
                              
Test Results: {
    "ci": 0.7777,
    "classification_loss": 0.0,
    "cluster_loss": -2.4626,
    "mae": 1.0058,
    "mse": 1.7723,
    "multiclassification_loss": 0.0,
    "ortho_loss": 0.5168,
    "pearson": 0.7445,
    "regression_loss": 1.7684,
    "rm2": 0.5296,
    "rmse": 1.3313,
    "sd": 1.3158,
    "spearman": 0.7441,
    "spectral_loss": 0.0
}
                              
                              
----------------------------------------
Epoch 099 with LR 0.000100: Model Results
----------------------------------------
Train MSE Loss: 0.0648, Train CLS Loss: 0.0000, Train MCLS Loss: 0.0000
Protein Cluster Region Loss - Ortho Loss: 0.2939, Cluster Loss: -2.4841
                              
Validation Results: {
    "ci": 0.7736,
    "classification_loss": 0.0,
    "cluster_loss": -2.4865,
    "mae": 1.0393,
    "mse": 1.9265,
    "multiclassification_loss": 0.0,
    "ortho_loss": 0.3824,
    "pearson": 0.7355,
    "regression_loss": 1.9213,
    "rm2": 0.4915,
    "rmse": 1.388,
    "sd": 1.3719,
    "spearman": 0.7326,
    "spectral_loss": 0.0
}
                              
Test Results: {
    "ci": 0.7777,
    "classification_loss": 0.0,
    "cluster_loss": -2.4626,
    "mae": 1.0058,
    "mse": 1.7723,
    "multiclassification_loss": 0.0,
    "ortho_loss": 0.5168,
    "pearson": 0.7445,
    "regression_loss": 1.7684,
    "rm2": 0.5296,
    "rmse": 1.3313,
    "sd": 1.3158,
    "spearman": 0.7441,
    "spectral_loss": 0.0
}
                              
                              
----------------------------------------
Epoch 100 with LR 0.000100: Model Results
----------------------------------------
Train MSE Loss: 0.0658, Train CLS Loss: 0.0000, Train MCLS Loss: 0.0000
Protein Cluster Region Loss - Ortho Loss: 0.2931, Cluster Loss: -2.4842
                              
Validation Results: {
    "ci": 0.7719,
    "classification_loss": 0.0,
    "cluster_loss": -2.4848,
    "mae": 1.047,
    "mse": 1.9242,
    "multiclassification_loss": 0.0,
    "ortho_loss": 0.3785,
    "pearson": 0.7354,
    "regression_loss": 1.9195,
    "rm2": 0.495,
    "rmse": 1.3871,
    "sd": 1.3722,
    "spearman": 0.7302,
    "spectral_loss": 0.0
}
                              
Test Results: {
    "ci": 0.7777,
    "classification_loss": 0.0,
    "cluster_loss": -2.4626,
    "mae": 1.0058,
    "mse": 1.7723,
    "multiclassification_loss": 0.0,
    "ortho_loss": 0.5168,
    "pearson": 0.7445,
    "regression_loss": 1.7684,
    "rm2": 0.5296,
    "rmse": 1.3313,
    "sd": 1.3158,
    "spearman": 0.7441,
    "spectral_loss": 0.0
}
[best epoch] epoch=42, best_rmse=1.374, lr_at_best=1.000e-04
                              
                              
----------------------------------------
Epoch 100 with LR 0.000100: Model Results
----------------------------------------
Train MSE Loss: 0.0658, Train CLS Loss: 0.0000, Train MCLS Loss: 0.0000
Protein Cluster Region Loss - Ortho Loss: 0.2931, Cluster Loss: -2.4842
                              
Validation Results: {
    "ci": 0.7719,
    "classification_loss": 0.0,
    "cluster_loss": -2.4848,
    "mae": 1.047,
    "mse": 1.9242,
    "multiclassification_loss": 0.0,
    "ortho_loss": 0.3785,
    "pearson": 0.7354,
    "regression_loss": 1.9195,
    "rm2": 0.495,
    "rmse": 1.3871,
    "sd": 1.3722,
    "spearman": 0.7302,
    "spectral_loss": 0.0
}
                              
Test Results: {
    "ci": 0.7777,
    "classification_loss": 0.0,
    "cluster_loss": -2.4626,
    "mae": 1.0058,
    "mse": 1.7723,
    "multiclassification_loss": 0.0,
    "ortho_loss": 0.5168,
    "pearson": 0.7445,
    "regression_loss": 1.7684,
    "rm2": 0.5296,
    "rmse": 1.3313,
    "sd": 1.3158,
    "spearman": 0.7441,
    "spectral_loss": 0.0
}
Final test metrics: rmse=6.7239, pearson=0.3681, r2_proxy(mse)=45.2105
Done. Predictions: /sc/arion/projects/DiseaseGeneCell/Huang_lab_project/wangcDrugRepoProject/TRACE_Kin_Results_v3/catpred_dataset/catpred_ki_ProteinCLIP_embedding_cold_drug/test_prediction_seed1.csv; checkpoint: /sc/arion/projects/DiseaseGeneCell/Huang_lab_project/wangcDrugRepoProject/TRACE_Kin_Results_v3/catpred_dataset/catpred_ki_ProteinCLIP_embedding_cold_drug/save_model_seed1/model.pt

==========================================
Array task 14/14: OK (catpred_ki_ProteinCLIP_embedding_cold_drug)
==========================================


PS:

Read file <242532286.14.stderr> for stderr output of this job.

