Sender: LSF System <lsfadmin@lg02e09>
Subject: Job 242575773[11]: <trace_kin_v3[1-14]> in cluster <chimera> Done

Job <trace_kin_v3[1-14]> was submitted from host <li04e03> by user <wangc40> in cluster <chimera> at Fri May  8 09:56:49 2026
Job was executed on host(s) <16*lg02e09>, in queue <gpu>, as user <wangc40> in cluster <chimera> at Fri May  8 09:56:50 2026
</hpc/users/wangc40> was used as the home directory.
</sc/arion/projects/DiseaseGeneCell/Huang_lab_project/wangcDrugRepoProject/TRACE-Kin> was used as the working directory.
Started at Fri May  8 09:56:50 2026
Terminated at Fri May  8 11:36:36 2026
Results reported at Fri May  8 11:36:36 2026

Your job looked like:

------------------------------------------------------------
# LSBATCH: User input
#!/bin/bash
#BSUB -J trace_kin_v3[1-14]
#BSUB -P acc_DiseaseGeneCell
#BSUB -q gpu
#BSUB -R h100nvl
#BSUB -gpu num=1
#BSUB -n 16
#BSUB -R "rusage[mem=8000]"
#BSUB -R "span[hosts=1]"
#BSUB -W 48:00
#BSUB -o %J.%I.stdout
#BSUB -eo %J.%I.stderr
#BSUB -L /bin/bash

# =============================================================================
# TRACE-Kin v3 rerun — LSF job array
# =============================================================================
# Submit with:
#     bsub < training/run_v3_array.lsf
#
# Or chain off the smoke test (recommended):
#     bsub -w "done(<SMOKE_JOB_ID>)" < training/run_v3_array.lsf
#
# For the multi-seed ensemble (the paper config), submit additional seeds in
# parallel after the SEED=1 array completes (or alongside, as separate jobs):
#     SEED=2 bsub -J "trace_kin_v3_s2[1-14]" < training/run_v3_array.lsf
#     SEED=3 bsub -J "trace_kin_v3_s3[1-14]" < training/run_v3_array.lsf
# After all seeds finish, analysis/aggregate_results.py averages predictions
# across seeds before computing RMSE.
#
# LSF expands #BSUB -J trace_kin_v3[1-14] into 14 array tasks, each with a
# distinct ${LSB_JOBINDEX} in 1..14. The body looks up the per-index
# (dataset_source, dataset_name, pool_paths) tuple from the inline table below
# and invokes train_trace_kin.py with model_version=v3.
#
# The 14 tasks correspond to:
#   * 12 RF-gap targets (catalytic kinetics where v1 trails RF by 1.4%–8.7%)
#   * 2 Ki preservation guards (where v1 already wins, must not regress)
# =============================================================================

# --- Environment -------------------------------------------------------------
# Match the prologue of the proven-working PSICHIC LSFs verbatim — no
# `set -euo pipefail`. Mount Sinai's /etc/profile.d scripts return non-zero
# in places that aren't real errors, and errexit aborts the job before
# module + conda activation can complete.
ml purge
source ~/.bashrc
module load anaconda3/2024.06
source activate test
module load cuda/12.4.0

(... more ...)
------------------------------------------------------------

Successfully completed.

Resource usage summary:

    CPU time :                                   5938.00 sec.
    Max Memory :                                 6329 MB
    Average Memory :                             6088.44 MB
    Total Requested Memory :                     128000.00 MB
    Delta Memory :                               121671.00 MB
    Max Swap :                                   -
    Max Processes :                              4
    Max Threads :                                19
    Run time :                                   5986 sec.
    Turnaround time :                            5987 sec.

The output (if any) follows:

==========================================
TRACE-Kin v3 array task 11/14
==========================================
Date:        Fri May  8 09:56:53 EDT 2026
Dataset:     /sc/arion/projects/DiseaseGeneCell/Huang_lab_project/drug_discovery/output/data/enzyme_embeddings_dataset/EITLEM_dataset/EITLEM_kkm_ProteinCLIP_embedding_cold_protein
Result:      /sc/arion/projects/DiseaseGeneCell/Huang_lab_project/wangcDrugRepoProject/TRACE_Kin_Results_v3/EITLEM_dataset/EITLEM_kkm_ProteinCLIP_embedding_cold_protein
Config:      training/config_v3.json
Pool CSVs:   (none)
Model:       v3 (dual-head + learned gate)
Epochs:      100, batch=16, seed=1, lr=1e-4
==========================================
Python 3.12.2
Python: /sc/arion/work/wangc40/test-env/envs/test/bin/python
CUDA device: NVIDIA H100 80GB HBM3, sm_90
============================================================
TRACE-Kin training
============================================================
Datafolder:        /sc/arion/projects/DiseaseGeneCell/Huang_lab_project/drug_discovery/output/data/enzyme_embeddings_dataset/EITLEM_dataset/EITLEM_kkm_ProteinCLIP_embedding_cold_protein
Result path:       /sc/arion/projects/DiseaseGeneCell/Huang_lab_project/wangcDrugRepoProject/TRACE_Kin_Results_v3/EITLEM_dataset/EITLEM_kkm_ProteinCLIP_embedding_cold_protein
Config:            training/config_v3.json
Pool train CSVs:   (none)
============================================================
Loading primary train: /sc/arion/projects/DiseaseGeneCell/Huang_lab_project/drug_discovery/output/data/enzyme_embeddings_dataset/EITLEM_dataset/EITLEM_kkm_ProteinCLIP_embedding_cold_protein/train.parquet
Loading primary test: /sc/arion/projects/DiseaseGeneCell/Huang_lab_project/drug_discovery/output/data/enzyme_embeddings_dataset/EITLEM_dataset/EITLEM_kkm_ProteinCLIP_embedding_cold_protein/test.parquet
Loading primary val: /sc/arion/projects/DiseaseGeneCell/Huang_lab_project/drug_discovery/output/data/enzyme_embeddings_dataset/EITLEM_dataset/EITLEM_kkm_ProteinCLIP_embedding_cold_protein/val.parquet
Detected prot_evo_channels = 128
seq2feat: 6607 unique sequences.
model_version: v3, use_swa: False
Building protein graphs from scratch (this can be slow)...
U, B, O, or 0 in Sequence
U, B, O, or 0 in Sequence
U, B, O, or 0 in Sequence
U, B, O, or 0 in Sequence
U, B, O, or 0 in Sequence
U, B, O, or 0 in Sequence
Building ligand graphs from scratch...
loaders ready: train=599 test=171 val=88
Computing PNA degrees from training data...
Built TraceKinV3 with 6,852,123 parameters
[LR schedule] schedule_lr=False, lrate=0.0001, min_lrate=0, warmup_iters=0, lr_decay_iters=59900, total_iters=59900
Not in terminal, reprint now using normal build-in print function.
                              
                              
----------------------------------------
Epoch 001 with LR 0.000100: Model Results
----------------------------------------
Train MSE Loss: 2.9250, Train CLS Loss: 0.0000, Train MCLS Loss: 0.0000
Protein Cluster Region Loss - Ortho Loss: 0.0000, Cluster Loss: 0.0000
                              
Validation Results: {
    "ci": 0.6212,
    "classification_loss": 0.0,
    "cluster_loss": 0.0,
    "mae": 1.2833,
    "mse": 2.657,
    "multiclassification_loss": 0.0,
    "ortho_loss": 0.0,
    "pearson": 0.347,
    "regression_loss": 2.6587,
    "rm2": 0.1186,
    "rmse": 1.63,
    "sd": 1.6263,
    "spearman": 0.3578,
    "spectral_loss": 0.0
}
                              
Test Results: {
    "ci": 0.6,
    "classification_loss": 0.0,
    "cluster_loss": 0.0,
    "mae": 1.3073,
    "mse": 2.8246,
    "multiclassification_loss": 0.0,
    "ortho_loss": 0.0,
    "pearson": 0.2936,
    "regression_loss": 2.8177,
    "rm2": 0.085,
    "rmse": 1.6807,
    "sd": 1.6586,
    "spearman": 0.295,
    "spectral_loss": 0.0
}
                              
                              
----------------------------------------
Epoch 002 with LR 0.000100: Model Results
----------------------------------------
Train MSE Loss: 2.5436, Train CLS Loss: 0.0000, Train MCLS Loss: 0.0000
Protein Cluster Region Loss - Ortho Loss: 0.0000, Cluster Loss: 0.0000
                              
Validation Results: {
    "ci": 0.6461,
    "classification_loss": 0.0,
    "cluster_loss": 0.0,
    "mae": 1.2495,
    "mse": 2.5164,
    "multiclassification_loss": 0.0,
    "ortho_loss": 0.0,
    "pearson": 0.4163,
    "regression_loss": 2.5172,
    "rm2": 0.1644,
    "rmse": 1.5863,
    "sd": 1.5766,
    "spearman": 0.4274,
    "spectral_loss": 0.0
}
                              
Test Results: {
    "ci": 0.6195,
    "classification_loss": 0.0,
    "cluster_loss": 0.0,
    "mae": 1.2746,
    "mse": 2.6745,
    "multiclassification_loss": 0.0,
    "ortho_loss": 0.0,
    "pearson": 0.3487,
    "regression_loss": 2.6669,
    "rm2": 0.1162,
    "rmse": 1.6354,
    "sd": 1.6262,
    "spearman": 0.3512,
    "spectral_loss": 0.0
}
                              
                              
----------------------------------------
Epoch 003 with LR 0.000100: Model Results
----------------------------------------
Train MSE Loss: 2.3361, Train CLS Loss: 0.0000, Train MCLS Loss: 0.0000
Protein Cluster Region Loss - Ortho Loss: 0.0000, Cluster Loss: 0.0000
                              
Validation Results: {
    "ci": 0.6543,
    "classification_loss": 0.0,
    "cluster_loss": 0.0,
    "mae": 1.224,
    "mse": 2.4806,
    "multiclassification_loss": 0.0,
    "ortho_loss": 0.0,
    "pearson": 0.4345,
    "regression_loss": 2.4812,
    "rm2": 0.1753,
    "rmse": 1.575,
    "sd": 1.5617,
    "spearman": 0.4481,
    "spectral_loss": 0.0
}
                              
Test Results: {
    "ci": 0.6333,
    "classification_loss": 0.0,
    "cluster_loss": 0.0,
    "mae": 1.2536,
    "mse": 2.625,
    "multiclassification_loss": 0.0,
    "ortho_loss": 0.0,
    "pearson": 0.3849,
    "regression_loss": 2.6177,
    "rm2": 0.1401,
    "rmse": 1.6202,
    "sd": 1.6014,
    "spearman": 0.3879,
    "spectral_loss": 0.0
}
                              
                              
----------------------------------------
Epoch 004 with LR 0.000100: Model Results
----------------------------------------
Train MSE Loss: 2.1556, Train CLS Loss: 0.0000, Train MCLS Loss: 0.0000
Protein Cluster Region Loss - Ortho Loss: 0.0000, Cluster Loss: 0.0000
                              
Validation Results: {
    "ci": 0.6554,
    "classification_loss": 0.0,
    "cluster_loss": 0.0,
    "mae": 1.2152,
    "mse": 2.4441,
    "multiclassification_loss": 0.0,
    "ortho_loss": 0.0,
    "pearson": 0.4516,
    "regression_loss": 2.4442,
    "rm2": 0.1874,
    "rmse": 1.5634,
    "sd": 1.5471,
    "spearman": 0.4503,
    "spectral_loss": 0.0
}
                              
Test Results: {
    "ci": 0.6307,
    "classification_loss": 0.0,
    "cluster_loss": 0.0,
    "mae": 1.2613,
    "mse": 2.6493,
    "multiclassification_loss": 0.0,
    "ortho_loss": 0.0,
    "pearson": 0.3859,
    "regression_loss": 2.642,
    "rm2": 0.1389,
    "rmse": 1.6277,
    "sd": 1.6007,
    "spearman": 0.3791,
    "spectral_loss": 0.0
}
                              
                              
----------------------------------------
Epoch 005 with LR 0.000100: Model Results
----------------------------------------
Train MSE Loss: 2.0294, Train CLS Loss: 0.0000, Train MCLS Loss: 0.0000
Protein Cluster Region Loss - Ortho Loss: 0.0000, Cluster Loss: 0.0000
                              
Validation Results: {
    "ci": 0.6658,
    "classification_loss": 0.0,
    "cluster_loss": 0.0,
    "mae": 1.2032,
    "mse": 2.4362,
    "multiclassification_loss": 0.0,
    "ortho_loss": 0.0,
    "pearson": 0.4688,
    "regression_loss": 2.4363,
    "rm2": 0.1958,
    "rmse": 1.5608,
    "sd": 1.5317,
    "spearman": 0.4784,
    "spectral_loss": 0.0
}
                              
Test Results: {
    "ci": 0.642,
    "classification_loss": 0.0,
    "cluster_loss": 0.0,
    "mae": 1.2507,
    "mse": 2.6042,
    "multiclassification_loss": 0.0,
    "ortho_loss": 0.0,
    "pearson": 0.411,
    "regression_loss": 2.5971,
    "rm2": 0.1548,
    "rmse": 1.6137,
    "sd": 1.5818,
    "spearman": 0.409,
    "spectral_loss": 0.0
}
                              
                              
----------------------------------------
Epoch 006 with LR 0.000100: Model Results
----------------------------------------
Train MSE Loss: 1.8981, Train CLS Loss: 0.0000, Train MCLS Loss: 0.0000
Protein Cluster Region Loss - Ortho Loss: 0.0000, Cluster Loss: 0.0000
                              
Validation Results: {
    "ci": 0.6661,
    "classification_loss": 0.0,
    "cluster_loss": 0.0,
    "mae": 1.1947,
    "mse": 2.4753,
    "multiclassification_loss": 0.0,
    "ortho_loss": 0.0,
    "pearson": 0.4669,
    "regression_loss": 2.4754,
    "rm2": 0.2055,
    "rmse": 1.5733,
    "sd": 1.5334,
    "spearman": 0.4791,
    "spectral_loss": 0.0
}
                              
Test Results: {
    "ci": 0.642,
    "classification_loss": 0.0,
    "cluster_loss": 0.0,
    "mae": 1.2507,
    "mse": 2.6042,
    "multiclassification_loss": 0.0,
    "ortho_loss": 0.0,
    "pearson": 0.411,
    "regression_loss": 2.5971,
    "rm2": 0.1548,
    "rmse": 1.6137,
    "sd": 1.5818,
    "spearman": 0.409,
    "spectral_loss": 0.0
}
                              
                              
----------------------------------------
Epoch 007 with LR 0.000100: Model Results
----------------------------------------
Train MSE Loss: 1.7953, Train CLS Loss: 0.0000, Train MCLS Loss: 0.0000
Protein Cluster Region Loss - Ortho Loss: 0.0000, Cluster Loss: 0.0000
                              
Validation Results: {
    "ci": 0.6706,
    "classification_loss": 0.0,
    "cluster_loss": 0.0,
    "mae": 1.1808,
    "mse": 2.4335,
    "multiclassification_loss": 0.0,
    "ortho_loss": 0.0,
    "pearson": 0.4739,
    "regression_loss": 2.4334,
    "rm2": 0.2057,
    "rmse": 1.56,
    "sd": 1.5269,
    "spearman": 0.4898,
    "spectral_loss": 0.0
}
                              
Test Results: {
    "ci": 0.6491,
    "classification_loss": 0.0,
    "cluster_loss": 0.0,
    "mae": 1.227,
    "mse": 2.607,
    "multiclassification_loss": 0.0,
    "ortho_loss": 0.0,
    "pearson": 0.4322,
    "regression_loss": 2.6,
    "rm2": 0.1744,
    "rmse": 1.6146,
    "sd": 1.5646,
    "spearman": 0.4255,
    "spectral_loss": 0.0
}
                              
                              
----------------------------------------
Epoch 008 with LR 0.000100: Model Results
----------------------------------------
Train MSE Loss: 1.7105, Train CLS Loss: 0.0000, Train MCLS Loss: 0.0000
Protein Cluster Region Loss - Ortho Loss: 0.0000, Cluster Loss: 0.0000
                              
Validation Results: {
    "ci": 0.6722,
    "classification_loss": 0.0,
    "cluster_loss": 0.0,
    "mae": 1.1774,
    "mse": 2.4305,
    "multiclassification_loss": 0.0,
    "ortho_loss": 0.0,
    "pearson": 0.4759,
    "regression_loss": 2.4301,
    "rm2": 0.2009,
    "rmse": 1.559,
    "sd": 1.5251,
    "spearman": 0.4926,
    "spectral_loss": 0.0
}
                              
Test Results: {
    "ci": 0.6537,
    "classification_loss": 0.0,
    "cluster_loss": 0.0,
    "mae": 1.2128,
    "mse": 2.5333,
    "multiclassification_loss": 0.0,
    "ortho_loss": 0.0,
    "pearson": 0.4474,
    "regression_loss": 2.5266,
    "rm2": 0.182,
    "rmse": 1.5916,
    "sd": 1.5518,
    "spearman": 0.438,
    "spectral_loss": 0.0
}
                              
                              
----------------------------------------
Epoch 009 with LR 0.000100: Model Results
----------------------------------------
Train MSE Loss: 1.6297, Train CLS Loss: 0.0000, Train MCLS Loss: 0.0000
Protein Cluster Region Loss - Ortho Loss: 0.0000, Cluster Loss: 0.0000
                              
Validation Results: {
    "ci": 0.6694,
    "classification_loss": 0.0,
    "cluster_loss": 0.0,
    "mae": 1.1834,
    "mse": 2.4899,
    "multiclassification_loss": 0.0,
    "ortho_loss": 0.0,
    "pearson": 0.4635,
    "regression_loss": 2.4897,
    "rm2": 0.1899,
    "rmse": 1.5779,
    "sd": 1.5364,
    "spearman": 0.4828,
    "spectral_loss": 0.0
}
                              
Test Results: {
    "ci": 0.6537,
    "classification_loss": 0.0,
    "cluster_loss": 0.0,
    "mae": 1.2128,
    "mse": 2.5333,
    "multiclassification_loss": 0.0,
    "ortho_loss": 0.0,
    "pearson": 0.4474,
    "regression_loss": 2.5266,
    "rm2": 0.182,
    "rmse": 1.5916,
    "sd": 1.5518,
    "spearman": 0.438,
    "spectral_loss": 0.0
}
                              
                              
----------------------------------------
Epoch 010 with LR 0.000100: Model Results
----------------------------------------
Train MSE Loss: 1.5363, Train CLS Loss: 0.0000, Train MCLS Loss: 0.0000
Protein Cluster Region Loss - Ortho Loss: 0.0000, Cluster Loss: 0.0000
                              
Validation Results: {
    "ci": 0.6779,
    "classification_loss": 0.0,
    "cluster_loss": 0.0,
    "mae": 1.1591,
    "mse": 2.3488,
    "multiclassification_loss": 0.0,
    "ortho_loss": 0.0,
    "pearson": 0.493,
    "regression_loss": 2.3485,
    "rm2": 0.2326,
    "rmse": 1.5326,
    "sd": 1.5086,
    "spearman": 0.5084,
    "spectral_loss": 0.0
}
                              
Test Results: {
    "ci": 0.6598,
    "classification_loss": 0.0,
    "cluster_loss": 0.0,
    "mae": 1.1867,
    "mse": 2.5004,
    "multiclassification_loss": 0.0,
    "ortho_loss": 0.0,
    "pearson": 0.4666,
    "regression_loss": 2.4932,
    "rm2": 0.2105,
    "rmse": 1.5813,
    "sd": 1.5346,
    "spearman": 0.4532,
    "spectral_loss": 0.0
}
                              
                              
----------------------------------------
Epoch 011 with LR 0.000100: Model Results
----------------------------------------
Train MSE Loss: 1.4904, Train CLS Loss: 0.0000, Train MCLS Loss: 0.0000
Protein Cluster Region Loss - Ortho Loss: 0.0000, Cluster Loss: 0.0000
                              
Validation Results: {
    "ci": 0.6765,
    "classification_loss": 0.0,
    "cluster_loss": 0.0,
    "mae": 1.1711,
    "mse": 2.4727,
    "multiclassification_loss": 0.0,
    "ortho_loss": 0.0,
    "pearson": 0.4796,
    "regression_loss": 2.4728,
    "rm2": 0.217,
    "rmse": 1.5725,
    "sd": 1.5215,
    "spearman": 0.4998,
    "spectral_loss": 0.0
}
                              
Test Results: {
    "ci": 0.6598,
    "classification_loss": 0.0,
    "cluster_loss": 0.0,
    "mae": 1.1867,
    "mse": 2.5004,
    "multiclassification_loss": 0.0,
    "ortho_loss": 0.0,
    "pearson": 0.4666,
    "regression_loss": 2.4932,
    "rm2": 0.2105,
    "rmse": 1.5813,
    "sd": 1.5346,
    "spearman": 0.4532,
    "spectral_loss": 0.0
}
                              
                              
----------------------------------------
Epoch 012 with LR 0.000100: Model Results
----------------------------------------
Train MSE Loss: 1.4156, Train CLS Loss: 0.0000, Train MCLS Loss: 0.0000
Protein Cluster Region Loss - Ortho Loss: 0.0000, Cluster Loss: 0.0000
                              
Validation Results: {
    "ci": 0.6722,
    "classification_loss": 0.0,
    "cluster_loss": 0.0,
    "mae": 1.1941,
    "mse": 2.5736,
    "multiclassification_loss": 0.0,
    "ortho_loss": 0.0,
    "pearson": 0.4658,
    "regression_loss": 2.5735,
    "rm2": 0.1926,
    "rmse": 1.6043,
    "sd": 1.5344,
    "spearman": 0.4886,
    "spectral_loss": 0.0
}
                              
Test Results: {
    "ci": 0.6598,
    "classification_loss": 0.0,
    "cluster_loss": 0.0,
    "mae": 1.1867,
    "mse": 2.5004,
    "multiclassification_loss": 0.0,
    "ortho_loss": 0.0,
    "pearson": 0.4666,
    "regression_loss": 2.4932,
    "rm2": 0.2105,
    "rmse": 1.5813,
    "sd": 1.5346,
    "spearman": 0.4532,
    "spectral_loss": 0.0
}
                              
                              
----------------------------------------
Epoch 013 with LR 0.000100: Model Results
----------------------------------------
Train MSE Loss: 1.3666, Train CLS Loss: 0.0000, Train MCLS Loss: 0.0000
Protein Cluster Region Loss - Ortho Loss: 0.0000, Cluster Loss: 0.0000
                              
Validation Results: {
    "ci": 0.6702,
    "classification_loss": 0.0,
    "cluster_loss": 0.0,
    "mae": 1.1905,
    "mse": 2.5697,
    "multiclassification_loss": 0.0,
    "ortho_loss": 0.0,
    "pearson": 0.4645,
    "regression_loss": 2.569,
    "rm2": 0.1874,
    "rmse": 1.603,
    "sd": 1.5355,
    "spearman": 0.4836,
    "spectral_loss": 0.0
}
                              
Test Results: {
    "ci": 0.6598,
    "classification_loss": 0.0,
    "cluster_loss": 0.0,
    "mae": 1.1867,
    "mse": 2.5004,
    "multiclassification_loss": 0.0,
    "ortho_loss": 0.0,
    "pearson": 0.4666,
    "regression_loss": 2.4932,
    "rm2": 0.2105,
    "rmse": 1.5813,
    "sd": 1.5346,
    "spearman": 0.4532,
    "spectral_loss": 0.0
}
                              
                              
----------------------------------------
Epoch 014 with LR 0.000100: Model Results
----------------------------------------
Train MSE Loss: 1.3087, Train CLS Loss: 0.0000, Train MCLS Loss: 0.0000
Protein Cluster Region Loss - Ortho Loss: 0.0000, Cluster Loss: 0.0000
                              
Validation Results: {
    "ci": 0.6753,
    "classification_loss": 0.0,
    "cluster_loss": 0.0,
    "mae": 1.1765,
    "mse": 2.5008,
    "multiclassification_loss": 0.0,
    "ortho_loss": 0.0,
    "pearson": 0.4791,
    "regression_loss": 2.5003,
    "rm2": 0.2123,
    "rmse": 1.5814,
    "sd": 1.5221,
    "spearman": 0.496,
    "spectral_loss": 0.0
}
                              
Test Results: {
    "ci": 0.6598,
    "classification_loss": 0.0,
    "cluster_loss": 0.0,
    "mae": 1.1867,
    "mse": 2.5004,
    "multiclassification_loss": 0.0,
    "ortho_loss": 0.0,
    "pearson": 0.4666,
    "regression_loss": 2.4932,
    "rm2": 0.2105,
    "rmse": 1.5813,
    "sd": 1.5346,
    "spearman": 0.4532,
    "spectral_loss": 0.0
}
                              
                              
----------------------------------------
Epoch 015 with LR 0.000100: Model Results
----------------------------------------
Train MSE Loss: 1.2649, Train CLS Loss: 0.0000, Train MCLS Loss: 0.0000
Protein Cluster Region Loss - Ortho Loss: 0.0000, Cluster Loss: 0.0000
                              
Validation Results: {
    "ci": 0.675,
    "classification_loss": 0.0,
    "cluster_loss": 0.0,
    "mae": 1.1649,
    "mse": 2.427,
    "multiclassification_loss": 0.0,
    "ortho_loss": 0.0,
    "pearson": 0.4749,
    "regression_loss": 2.4267,
    "rm2": 0.2045,
    "rmse": 1.5579,
    "sd": 1.5259,
    "spearman": 0.496,
    "spectral_loss": 0.0
}
                              
Test Results: {
    "ci": 0.6598,
    "classification_loss": 0.0,
    "cluster_loss": 0.0,
    "mae": 1.1867,
    "mse": 2.5004,
    "multiclassification_loss": 0.0,
    "ortho_loss": 0.0,
    "pearson": 0.4666,
    "regression_loss": 2.4932,
    "rm2": 0.2105,
    "rmse": 1.5813,
    "sd": 1.5346,
    "spearman": 0.4532,
    "spectral_loss": 0.0
}
                              
                              
----------------------------------------
Epoch 016 with LR 0.000100: Model Results
----------------------------------------
Train MSE Loss: 1.2227, Train CLS Loss: 0.0000, Train MCLS Loss: 0.0000
Protein Cluster Region Loss - Ortho Loss: 0.0000, Cluster Loss: 0.0000
                              
Validation Results: {
    "ci": 0.6722,
    "classification_loss": 0.0,
    "cluster_loss": 0.0,
    "mae": 1.1953,
    "mse": 2.5801,
    "multiclassification_loss": 0.0,
    "ortho_loss": 0.0,
    "pearson": 0.4674,
    "regression_loss": 2.5803,
    "rm2": 0.2057,
    "rmse": 1.6063,
    "sd": 1.5329,
    "spearman": 0.4853,
    "spectral_loss": 0.0
}
                              
Test Results: {
    "ci": 0.6598,
    "classification_loss": 0.0,
    "cluster_loss": 0.0,
    "mae": 1.1867,
    "mse": 2.5004,
    "multiclassification_loss": 0.0,
    "ortho_loss": 0.0,
    "pearson": 0.4666,
    "regression_loss": 2.4932,
    "rm2": 0.2105,
    "rmse": 1.5813,
    "sd": 1.5346,
    "spearman": 0.4532,
    "spectral_loss": 0.0
}
                              
                              
----------------------------------------
Epoch 017 with LR 0.000100: Model Results
----------------------------------------
Train MSE Loss: 1.1860, Train CLS Loss: 0.0000, Train MCLS Loss: 0.0000
Protein Cluster Region Loss - Ortho Loss: 0.0000, Cluster Loss: 0.0000
                              
Validation Results: {
    "ci": 0.6762,
    "classification_loss": 0.0,
    "cluster_loss": 0.0,
    "mae": 1.1928,
    "mse": 2.5984,
    "multiclassification_loss": 0.0,
    "ortho_loss": 0.0,
    "pearson": 0.4747,
    "regression_loss": 2.598,
    "rm2": 0.2133,
    "rmse": 1.612,
    "sd": 1.5261,
    "spearman": 0.4986,
    "spectral_loss": 0.0
}
                              
Test Results: {
    "ci": 0.6598,
    "classification_loss": 0.0,
    "cluster_loss": 0.0,
    "mae": 1.1867,
    "mse": 2.5004,
    "multiclassification_loss": 0.0,
    "ortho_loss": 0.0,
    "pearson": 0.4666,
    "regression_loss": 2.4932,
    "rm2": 0.2105,
    "rmse": 1.5813,
    "sd": 1.5346,
    "spearman": 0.4532,
    "spectral_loss": 0.0
}
                              
                              
----------------------------------------
Epoch 018 with LR 0.000100: Model Results
----------------------------------------
Train MSE Loss: 1.1556, Train CLS Loss: 0.0000, Train MCLS Loss: 0.0000
Protein Cluster Region Loss - Ortho Loss: 0.0000, Cluster Loss: 0.0000
                              
Validation Results: {
    "ci": 0.6794,
    "classification_loss": 0.0,
    "cluster_loss": 0.0,
    "mae": 1.1876,
    "mse": 2.536,
    "multiclassification_loss": 0.0,
    "ortho_loss": 0.0,
    "pearson": 0.4858,
    "regression_loss": 2.5352,
    "rm2": 0.2038,
    "rmse": 1.5925,
    "sd": 1.5157,
    "spearman": 0.5077,
    "spectral_loss": 0.0
}
                              
Test Results: {
    "ci": 0.6598,
    "classification_loss": 0.0,
    "cluster_loss": 0.0,
    "mae": 1.1867,
    "mse": 2.5004,
    "multiclassification_loss": 0.0,
    "ortho_loss": 0.0,
    "pearson": 0.4666,
    "regression_loss": 2.4932,
    "rm2": 0.2105,
    "rmse": 1.5813,
    "sd": 1.5346,
    "spearman": 0.4532,
    "spectral_loss": 0.0
}
                              
                              
----------------------------------------
Epoch 019 with LR 0.000100: Model Results
----------------------------------------
Train MSE Loss: 1.1133, Train CLS Loss: 0.0000, Train MCLS Loss: 0.0000
Protein Cluster Region Loss - Ortho Loss: 0.0000, Cluster Loss: 0.0000
                              
Validation Results: {
    "ci": 0.6756,
    "classification_loss": 0.0,
    "cluster_loss": 0.0,
    "mae": 1.2068,
    "mse": 2.6398,
    "multiclassification_loss": 0.0,
    "ortho_loss": 0.0,
    "pearson": 0.475,
    "regression_loss": 2.6388,
    "rm2": 0.2063,
    "rmse": 1.6247,
    "sd": 1.5258,
    "spearman": 0.4964,
    "spectral_loss": 0.0
}
                              
Test Results: {
    "ci": 0.6598,
    "classification_loss": 0.0,
    "cluster_loss": 0.0,
    "mae": 1.1867,
    "mse": 2.5004,
    "multiclassification_loss": 0.0,
    "ortho_loss": 0.0,
    "pearson": 0.4666,
    "regression_loss": 2.4932,
    "rm2": 0.2105,
    "rmse": 1.5813,
    "sd": 1.5346,
    "spearman": 0.4532,
    "spectral_loss": 0.0
}
                              
                              
----------------------------------------
Epoch 020 with LR 0.000100: Model Results
----------------------------------------
Train MSE Loss: 1.0967, Train CLS Loss: 0.0000, Train MCLS Loss: 0.0000
Protein Cluster Region Loss - Ortho Loss: 0.0000, Cluster Loss: 0.0000
                              
Validation Results: {
    "ci": 0.6756,
    "classification_loss": 0.0,
    "cluster_loss": 0.0,
    "mae": 1.2096,
    "mse": 2.6299,
    "multiclassification_loss": 0.0,
    "ortho_loss": 0.0,
    "pearson": 0.4766,
    "regression_loss": 2.629,
    "rm2": 0.1979,
    "rmse": 1.6217,
    "sd": 1.5244,
    "spearman": 0.4975,
    "spectral_loss": 0.0
}
                              
Test Results: {
    "ci": 0.6598,
    "classification_loss": 0.0,
    "cluster_loss": 0.0,
    "mae": 1.1867,
    "mse": 2.5004,
    "multiclassification_loss": 0.0,
    "ortho_loss": 0.0,
    "pearson": 0.4666,
    "regression_loss": 2.4932,
    "rm2": 0.2105,
    "rmse": 1.5813,
    "sd": 1.5346,
    "spearman": 0.4532,
    "spectral_loss": 0.0
}
                              
                              
----------------------------------------
Epoch 021 with LR 0.000100: Model Results
----------------------------------------
Train MSE Loss: 1.0608, Train CLS Loss: 0.0000, Train MCLS Loss: 0.0000
Protein Cluster Region Loss - Ortho Loss: 0.0000, Cluster Loss: 0.0000
                              
Validation Results: {
    "ci": 0.6779,
    "classification_loss": 0.0,
    "cluster_loss": 0.0,
    "mae": 1.1797,
    "mse": 2.5282,
    "multiclassification_loss": 0.0,
    "ortho_loss": 0.0,
    "pearson": 0.4865,
    "regression_loss": 2.5279,
    "rm2": 0.2222,
    "rmse": 1.59,
    "sd": 1.5149,
    "spearman": 0.5014,
    "spectral_loss": 0.0
}
                              
Test Results: {
    "ci": 0.6598,
    "classification_loss": 0.0,
    "cluster_loss": 0.0,
    "mae": 1.1867,
    "mse": 2.5004,
    "multiclassification_loss": 0.0,
    "ortho_loss": 0.0,
    "pearson": 0.4666,
    "regression_loss": 2.4932,
    "rm2": 0.2105,
    "rmse": 1.5813,
    "sd": 1.5346,
    "spearman": 0.4532,
    "spectral_loss": 0.0
}
                              
                              
----------------------------------------
Epoch 022 with LR 0.000100: Model Results
----------------------------------------
Train MSE Loss: 1.0451, Train CLS Loss: 0.0000, Train MCLS Loss: 0.0000
Protein Cluster Region Loss - Ortho Loss: 0.0000, Cluster Loss: 0.0000
                              
Validation Results: {
    "ci": 0.6822,
    "classification_loss": 0.0,
    "cluster_loss": 0.0,
    "mae": 1.1359,
    "mse": 2.3917,
    "multiclassification_loss": 0.0,
    "ortho_loss": 0.0,
    "pearson": 0.4926,
    "regression_loss": 2.3911,
    "rm2": 0.2238,
    "rmse": 1.5465,
    "sd": 1.509,
    "spearman": 0.5113,
    "spectral_loss": 0.0
}
                              
Test Results: {
    "ci": 0.6598,
    "classification_loss": 0.0,
    "cluster_loss": 0.0,
    "mae": 1.1867,
    "mse": 2.5004,
    "multiclassification_loss": 0.0,
    "ortho_loss": 0.0,
    "pearson": 0.4666,
    "regression_loss": 2.4932,
    "rm2": 0.2105,
    "rmse": 1.5813,
    "sd": 1.5346,
    "spearman": 0.4532,
    "spectral_loss": 0.0
}
                              
                              
----------------------------------------
Epoch 023 with LR 0.000100: Model Results
----------------------------------------
Train MSE Loss: 1.0229, Train CLS Loss: 0.0000, Train MCLS Loss: 0.0000
Protein Cluster Region Loss - Ortho Loss: 0.0000, Cluster Loss: 0.0000
                              
Validation Results: {
    "ci": 0.6808,
    "classification_loss": 0.0,
    "cluster_loss": 0.0,
    "mae": 1.1677,
    "mse": 2.5371,
    "multiclassification_loss": 0.0,
    "ortho_loss": 0.0,
    "pearson": 0.4831,
    "regression_loss": 2.5363,
    "rm2": 0.2137,
    "rmse": 1.5928,
    "sd": 1.5182,
    "spearman": 0.5078,
    "spectral_loss": 0.0
}
                              
Test Results: {
    "ci": 0.6598,
    "classification_loss": 0.0,
    "cluster_loss": 0.0,
    "mae": 1.1867,
    "mse": 2.5004,
    "multiclassification_loss": 0.0,
    "ortho_loss": 0.0,
    "pearson": 0.4666,
    "regression_loss": 2.4932,
    "rm2": 0.2105,
    "rmse": 1.5813,
    "sd": 1.5346,
    "spearman": 0.4532,
    "spectral_loss": 0.0
}
                              
                              
----------------------------------------
Epoch 024 with LR 0.000100: Model Results
----------------------------------------
Train MSE Loss: 0.9860, Train CLS Loss: 0.0000, Train MCLS Loss: 0.0000
Protein Cluster Region Loss - Ortho Loss: 0.0000, Cluster Loss: 0.0000
                              
Validation Results: {
    "ci": 0.6873,
    "classification_loss": 0.0,
    "cluster_loss": 0.0,
    "mae": 1.1465,
    "mse": 2.4477,
    "multiclassification_loss": 0.0,
    "ortho_loss": 0.0,
    "pearson": 0.5018,
    "regression_loss": 2.447,
    "rm2": 0.2303,
    "rmse": 1.5645,
    "sd": 1.4998,
    "spearman": 0.5235,
    "spectral_loss": 0.0
}
                              
Test Results: {
    "ci": 0.6598,
    "classification_loss": 0.0,
    "cluster_loss": 0.0,
    "mae": 1.1867,
    "mse": 2.5004,
    "multiclassification_loss": 0.0,
    "ortho_loss": 0.0,
    "pearson": 0.4666,
    "regression_loss": 2.4932,
    "rm2": 0.2105,
    "rmse": 1.5813,
    "sd": 1.5346,
    "spearman": 0.4532,
    "spectral_loss": 0.0
}
                              
                              
----------------------------------------
Epoch 025 with LR 0.000100: Model Results
----------------------------------------
Train MSE Loss: 0.9732, Train CLS Loss: 0.0000, Train MCLS Loss: 0.0000
Protein Cluster Region Loss - Ortho Loss: 0.0000, Cluster Loss: 0.0000
                              
Validation Results: {
    "ci": 0.6852,
    "classification_loss": 0.0,
    "cluster_loss": 0.0,
    "mae": 1.1609,
    "mse": 2.4583,
    "multiclassification_loss": 0.0,
    "ortho_loss": 0.0,
    "pearson": 0.5008,
    "regression_loss": 2.4575,
    "rm2": 0.2196,
    "rmse": 1.5679,
    "sd": 1.5009,
    "spearman": 0.5201,
    "spectral_loss": 0.0
}
                              
Test Results: {
    "ci": 0.6598,
    "classification_loss": 0.0,
    "cluster_loss": 0.0,
    "mae": 1.1867,
    "mse": 2.5004,
    "multiclassification_loss": 0.0,
    "ortho_loss": 0.0,
    "pearson": 0.4666,
    "regression_loss": 2.4932,
    "rm2": 0.2105,
    "rmse": 1.5813,
    "sd": 1.5346,
    "spearman": 0.4532,
    "spectral_loss": 0.0
}
                              
                              
----------------------------------------
Epoch 026 with LR 0.000100: Model Results
----------------------------------------
Train MSE Loss: 0.9516, Train CLS Loss: 0.0000, Train MCLS Loss: 0.0000
Protein Cluster Region Loss - Ortho Loss: 0.0000, Cluster Loss: 0.0000
                              
Validation Results: {
    "ci": 0.6809,
    "classification_loss": 0.0,
    "cluster_loss": 0.0,
    "mae": 1.178,
    "mse": 2.5586,
    "multiclassification_loss": 0.0,
    "ortho_loss": 0.0,
    "pearson": 0.4863,
    "regression_loss": 2.5578,
    "rm2": 0.2089,
    "rmse": 1.5996,
    "sd": 1.5151,
    "spearman": 0.5073,
    "spectral_loss": 0.0
}
                              
Test Results: {
    "ci": 0.6598,
    "classification_loss": 0.0,
    "cluster_loss": 0.0,
    "mae": 1.1867,
    "mse": 2.5004,
    "multiclassification_loss": 0.0,
    "ortho_loss": 0.0,
    "pearson": 0.4666,
    "regression_loss": 2.4932,
    "rm2": 0.2105,
    "rmse": 1.5813,
    "sd": 1.5346,
    "spearman": 0.4532,
    "spectral_loss": 0.0
}
                              
                              
----------------------------------------
Epoch 027 with LR 0.000100: Model Results
----------------------------------------
Train MSE Loss: 0.9205, Train CLS Loss: 0.0000, Train MCLS Loss: 0.0000
Protein Cluster Region Loss - Ortho Loss: 0.0000, Cluster Loss: 0.0000
                              
Validation Results: {
    "ci": 0.6746,
    "classification_loss": 0.0,
    "cluster_loss": 0.0,
    "mae": 1.217,
    "mse": 2.7235,
    "multiclassification_loss": 0.0,
    "ortho_loss": 0.0,
    "pearson": 0.4715,
    "regression_loss": 2.7225,
    "rm2": 0.1877,
    "rmse": 1.6503,
    "sd": 1.5291,
    "spearman": 0.4911,
    "spectral_loss": 0.0
}
                              
Test Results: {
    "ci": 0.6598,
    "classification_loss": 0.0,
    "cluster_loss": 0.0,
    "mae": 1.1867,
    "mse": 2.5004,
    "multiclassification_loss": 0.0,
    "ortho_loss": 0.0,
    "pearson": 0.4666,
    "regression_loss": 2.4932,
    "rm2": 0.2105,
    "rmse": 1.5813,
    "sd": 1.5346,
    "spearman": 0.4532,
    "spectral_loss": 0.0
}
                              
                              
----------------------------------------
Epoch 028 with LR 0.000100: Model Results
----------------------------------------
Train MSE Loss: 0.9246, Train CLS Loss: 0.0000, Train MCLS Loss: 0.0000
Protein Cluster Region Loss - Ortho Loss: 0.0000, Cluster Loss: 0.0000
                              
Validation Results: {
    "ci": 0.6794,
    "classification_loss": 0.0,
    "cluster_loss": 0.0,
    "mae": 1.1639,
    "mse": 2.5763,
    "multiclassification_loss": 0.0,
    "ortho_loss": 0.0,
    "pearson": 0.4754,
    "regression_loss": 2.5758,
    "rm2": 0.2078,
    "rmse": 1.6051,
    "sd": 1.5255,
    "spearman": 0.5003,
    "spectral_loss": 0.0
}
                              
Test Results: {
    "ci": 0.6598,
    "classification_loss": 0.0,
    "cluster_loss": 0.0,
    "mae": 1.1867,
    "mse": 2.5004,
    "multiclassification_loss": 0.0,
    "ortho_loss": 0.0,
    "pearson": 0.4666,
    "regression_loss": 2.4932,
    "rm2": 0.2105,
    "rmse": 1.5813,
    "sd": 1.5346,
    "spearman": 0.4532,
    "spectral_loss": 0.0
}
                              
                              
----------------------------------------
Epoch 029 with LR 0.000100: Model Results
----------------------------------------
Train MSE Loss: 0.9005, Train CLS Loss: 0.0000, Train MCLS Loss: 0.0000
Protein Cluster Region Loss - Ortho Loss: 0.0000, Cluster Loss: 0.0000
                              
Validation Results: {
    "ci": 0.6857,
    "classification_loss": 0.0,
    "cluster_loss": 0.0,
    "mae": 1.1643,
    "mse": 2.5044,
    "multiclassification_loss": 0.0,
    "ortho_loss": 0.0,
    "pearson": 0.4977,
    "regression_loss": 2.5036,
    "rm2": 0.2223,
    "rmse": 1.5825,
    "sd": 1.504,
    "spearman": 0.5206,
    "spectral_loss": 0.0
}
                              
Test Results: {
    "ci": 0.6598,
    "classification_loss": 0.0,
    "cluster_loss": 0.0,
    "mae": 1.1867,
    "mse": 2.5004,
    "multiclassification_loss": 0.0,
    "ortho_loss": 0.0,
    "pearson": 0.4666,
    "regression_loss": 2.4932,
    "rm2": 0.2105,
    "rmse": 1.5813,
    "sd": 1.5346,
    "spearman": 0.4532,
    "spectral_loss": 0.0
}
                              
                              
----------------------------------------
Epoch 030 with LR 0.000100: Model Results
----------------------------------------
Train MSE Loss: 0.8938, Train CLS Loss: 0.0000, Train MCLS Loss: 0.0000
Protein Cluster Region Loss - Ortho Loss: 0.0000, Cluster Loss: 0.0000
                              
Validation Results: {
    "ci": 0.6838,
    "classification_loss": 0.0,
    "cluster_loss": 0.0,
    "mae": 1.1496,
    "mse": 2.4975,
    "multiclassification_loss": 0.0,
    "ortho_loss": 0.0,
    "pearson": 0.493,
    "regression_loss": 2.4972,
    "rm2": 0.2204,
    "rmse": 1.5804,
    "sd": 1.5086,
    "spearman": 0.5135,
    "spectral_loss": 0.0
}
                              
Test Results: {
    "ci": 0.6598,
    "classification_loss": 0.0,
    "cluster_loss": 0.0,
    "mae": 1.1867,
    "mse": 2.5004,
    "multiclassification_loss": 0.0,
    "ortho_loss": 0.0,
    "pearson": 0.4666,
    "regression_loss": 2.4932,
    "rm2": 0.2105,
    "rmse": 1.5813,
    "sd": 1.5346,
    "spearman": 0.4532,
    "spectral_loss": 0.0
}
                              
                              
----------------------------------------
Epoch 031 with LR 0.000100: Model Results
----------------------------------------
Train MSE Loss: 0.8697, Train CLS Loss: 0.0000, Train MCLS Loss: 0.0000
Protein Cluster Region Loss - Ortho Loss: 0.0000, Cluster Loss: 0.0000
                              
Validation Results: {
    "ci": 0.6694,
    "classification_loss": 0.0,
    "cluster_loss": 0.0,
    "mae": 1.2028,
    "mse": 2.7264,
    "multiclassification_loss": 0.0,
    "ortho_loss": 0.0,
    "pearson": 0.4415,
    "regression_loss": 2.7258,
    "rm2": 0.1762,
    "rmse": 1.6512,
    "sd": 1.5558,
    "spearman": 0.4716,
    "spectral_loss": 0.0
}
                              
Test Results: {
    "ci": 0.6598,
    "classification_loss": 0.0,
    "cluster_loss": 0.0,
    "mae": 1.1867,
    "mse": 2.5004,
    "multiclassification_loss": 0.0,
    "ortho_loss": 0.0,
    "pearson": 0.4666,
    "regression_loss": 2.4932,
    "rm2": 0.2105,
    "rmse": 1.5813,
    "sd": 1.5346,
    "spearman": 0.4532,
    "spectral_loss": 0.0
}
                              
                              
----------------------------------------
Epoch 032 with LR 0.000100: Model Results
----------------------------------------
Train MSE Loss: 0.8722, Train CLS Loss: 0.0000, Train MCLS Loss: 0.0000
Protein Cluster Region Loss - Ortho Loss: 0.0000, Cluster Loss: 0.0000
                              
Validation Results: {
    "ci": 0.6787,
    "classification_loss": 0.0,
    "cluster_loss": 0.0,
    "mae": 1.167,
    "mse": 2.6137,
    "multiclassification_loss": 0.0,
    "ortho_loss": 0.0,
    "pearson": 0.4675,
    "regression_loss": 2.6128,
    "rm2": 0.1958,
    "rmse": 1.6167,
    "sd": 1.5329,
    "spearman": 0.4953,
    "spectral_loss": 0.0
}
                              
Test Results: {
    "ci": 0.6598,
    "classification_loss": 0.0,
    "cluster_loss": 0.0,
    "mae": 1.1867,
    "mse": 2.5004,
    "multiclassification_loss": 0.0,
    "ortho_loss": 0.0,
    "pearson": 0.4666,
    "regression_loss": 2.4932,
    "rm2": 0.2105,
    "rmse": 1.5813,
    "sd": 1.5346,
    "spearman": 0.4532,
    "spectral_loss": 0.0
}
                              
                              
----------------------------------------
Epoch 033 with LR 0.000100: Model Results
----------------------------------------
Train MSE Loss: 0.8477, Train CLS Loss: 0.0000, Train MCLS Loss: 0.0000
Protein Cluster Region Loss - Ortho Loss: 0.0000, Cluster Loss: 0.0000
                              
Validation Results: {
    "ci": 0.6766,
    "classification_loss": 0.0,
    "cluster_loss": 0.0,
    "mae": 1.1769,
    "mse": 2.6307,
    "multiclassification_loss": 0.0,
    "ortho_loss": 0.0,
    "pearson": 0.4603,
    "regression_loss": 2.6297,
    "rm2": 0.1852,
    "rmse": 1.622,
    "sd": 1.5393,
    "spearman": 0.4901,
    "spectral_loss": 0.0
}
                              
Test Results: {
    "ci": 0.6598,
    "classification_loss": 0.0,
    "cluster_loss": 0.0,
    "mae": 1.1867,
    "mse": 2.5004,
    "multiclassification_loss": 0.0,
    "ortho_loss": 0.0,
    "pearson": 0.4666,
    "regression_loss": 2.4932,
    "rm2": 0.2105,
    "rmse": 1.5813,
    "sd": 1.5346,
    "spearman": 0.4532,
    "spectral_loss": 0.0
}
                              
                              
----------------------------------------
Epoch 034 with LR 0.000100: Model Results
----------------------------------------
Train MSE Loss: 0.8466, Train CLS Loss: 0.0000, Train MCLS Loss: 0.0000
Protein Cluster Region Loss - Ortho Loss: 0.0000, Cluster Loss: 0.0000
                              
Validation Results: {
    "ci": 0.6862,
    "classification_loss": 0.0,
    "cluster_loss": 0.0,
    "mae": 1.1624,
    "mse": 2.5531,
    "multiclassification_loss": 0.0,
    "ortho_loss": 0.0,
    "pearson": 0.4905,
    "regression_loss": 2.5526,
    "rm2": 0.224,
    "rmse": 1.5979,
    "sd": 1.5111,
    "spearman": 0.5164,
    "spectral_loss": 0.0
}
                              
Test Results: {
    "ci": 0.6598,
    "classification_loss": 0.0,
    "cluster_loss": 0.0,
    "mae": 1.1867,
    "mse": 2.5004,
    "multiclassification_loss": 0.0,
    "ortho_loss": 0.0,
    "pearson": 0.4666,
    "regression_loss": 2.4932,
    "rm2": 0.2105,
    "rmse": 1.5813,
    "sd": 1.5346,
    "spearman": 0.4532,
    "spectral_loss": 0.0
}
                              
                              
----------------------------------------
Epoch 035 with LR 0.000100: Model Results
----------------------------------------
Train MSE Loss: 0.8188, Train CLS Loss: 0.0000, Train MCLS Loss: 0.0000
Protein Cluster Region Loss - Ortho Loss: 0.0000, Cluster Loss: 0.0000
                              
Validation Results: {
    "ci": 0.683,
    "classification_loss": 0.0,
    "cluster_loss": 0.0,
    "mae": 1.1796,
    "mse": 2.6896,
    "multiclassification_loss": 0.0,
    "ortho_loss": 0.0,
    "pearson": 0.4698,
    "regression_loss": 2.6886,
    "rm2": 0.1942,
    "rmse": 1.64,
    "sd": 1.5307,
    "spearman": 0.5078,
    "spectral_loss": 0.0
}
                              
Test Results: {
    "ci": 0.6598,
    "classification_loss": 0.0,
    "cluster_loss": 0.0,
    "mae": 1.1867,
    "mse": 2.5004,
    "multiclassification_loss": 0.0,
    "ortho_loss": 0.0,
    "pearson": 0.4666,
    "regression_loss": 2.4932,
    "rm2": 0.2105,
    "rmse": 1.5813,
    "sd": 1.5346,
    "spearman": 0.4532,
    "spectral_loss": 0.0
}
                              
                              
----------------------------------------
Epoch 036 with LR 0.000100: Model Results
----------------------------------------
Train MSE Loss: 0.8290, Train CLS Loss: 0.0000, Train MCLS Loss: 0.0000
Protein Cluster Region Loss - Ortho Loss: 0.0000, Cluster Loss: 0.0000
                              
Validation Results: {
    "ci": 0.6868,
    "classification_loss": 0.0,
    "cluster_loss": 0.0,
    "mae": 1.1753,
    "mse": 2.6231,
    "multiclassification_loss": 0.0,
    "ortho_loss": 0.0,
    "pearson": 0.4879,
    "regression_loss": 2.6224,
    "rm2": 0.2216,
    "rmse": 1.6196,
    "sd": 1.5136,
    "spearman": 0.5164,
    "spectral_loss": 0.0
}
                              
Test Results: {
    "ci": 0.6598,
    "classification_loss": 0.0,
    "cluster_loss": 0.0,
    "mae": 1.1867,
    "mse": 2.5004,
    "multiclassification_loss": 0.0,
    "ortho_loss": 0.0,
    "pearson": 0.4666,
    "regression_loss": 2.4932,
    "rm2": 0.2105,
    "rmse": 1.5813,
    "sd": 1.5346,
    "spearman": 0.4532,
    "spectral_loss": 0.0
}
                              
                              
----------------------------------------
Epoch 037 with LR 0.000100: Model Results
----------------------------------------
Train MSE Loss: 0.8075, Train CLS Loss: 0.0000, Train MCLS Loss: 0.0000
Protein Cluster Region Loss - Ortho Loss: 0.0000, Cluster Loss: 0.0000
                              
Validation Results: {
    "ci": 0.6819,
    "classification_loss": 0.0,
    "cluster_loss": 0.0,
    "mae": 1.1709,
    "mse": 2.6327,
    "multiclassification_loss": 0.0,
    "ortho_loss": 0.0,
    "pearson": 0.4808,
    "regression_loss": 2.6316,
    "rm2": 0.2144,
    "rmse": 1.6226,
    "sd": 1.5204,
    "spearman": 0.5025,
    "spectral_loss": 0.0
}
                              
Test Results: {
    "ci": 0.6598,
    "classification_loss": 0.0,
    "cluster_loss": 0.0,
    "mae": 1.1867,
    "mse": 2.5004,
    "multiclassification_loss": 0.0,
    "ortho_loss": 0.0,
    "pearson": 0.4666,
    "regression_loss": 2.4932,
    "rm2": 0.2105,
    "rmse": 1.5813,
    "sd": 1.5346,
    "spearman": 0.4532,
    "spectral_loss": 0.0
}
                              
                              
----------------------------------------
Epoch 038 with LR 0.000100: Model Results
----------------------------------------
Train MSE Loss: 0.8052, Train CLS Loss: 0.0000, Train MCLS Loss: 0.0000
Protein Cluster Region Loss - Ortho Loss: 0.0000, Cluster Loss: 0.0000
                              
Validation Results: {
    "ci": 0.6806,
    "classification_loss": 0.0,
    "cluster_loss": 0.0,
    "mae": 1.1808,
    "mse": 2.6562,
    "multiclassification_loss": 0.0,
    "ortho_loss": 0.0,
    "pearson": 0.4777,
    "regression_loss": 2.6554,
    "rm2": 0.2088,
    "rmse": 1.6298,
    "sd": 1.5234,
    "spearman": 0.5018,
    "spectral_loss": 0.0
}
                              
Test Results: {
    "ci": 0.6598,
    "classification_loss": 0.0,
    "cluster_loss": 0.0,
    "mae": 1.1867,
    "mse": 2.5004,
    "multiclassification_loss": 0.0,
    "ortho_loss": 0.0,
    "pearson": 0.4666,
    "regression_loss": 2.4932,
    "rm2": 0.2105,
    "rmse": 1.5813,
    "sd": 1.5346,
    "spearman": 0.4532,
    "spectral_loss": 0.0
}
                              
                              
----------------------------------------
Epoch 039 with LR 0.000100: Model Results
----------------------------------------
Train MSE Loss: 0.7878, Train CLS Loss: 0.0000, Train MCLS Loss: 0.0000
Protein Cluster Region Loss - Ortho Loss: 0.0000, Cluster Loss: 0.0000
                              
Validation Results: {
    "ci": 0.685,
    "classification_loss": 0.0,
    "cluster_loss": 0.0,
    "mae": 1.1705,
    "mse": 2.6358,
    "multiclassification_loss": 0.0,
    "ortho_loss": 0.0,
    "pearson": 0.4789,
    "regression_loss": 2.6351,
    "rm2": 0.2067,
    "rmse": 1.6235,
    "sd": 1.5223,
    "spearman": 0.5131,
    "spectral_loss": 0.0
}
                              
Test Results: {
    "ci": 0.6598,
    "classification_loss": 0.0,
    "cluster_loss": 0.0,
    "mae": 1.1867,
    "mse": 2.5004,
    "multiclassification_loss": 0.0,
    "ortho_loss": 0.0,
    "pearson": 0.4666,
    "regression_loss": 2.4932,
    "rm2": 0.2105,
    "rmse": 1.5813,
    "sd": 1.5346,
    "spearman": 0.4532,
    "spectral_loss": 0.0
}
                              
                              
----------------------------------------
Epoch 040 with LR 0.000100: Model Results
----------------------------------------
Train MSE Loss: 0.7838, Train CLS Loss: 0.0000, Train MCLS Loss: 0.0000
Protein Cluster Region Loss - Ortho Loss: 0.0000, Cluster Loss: 0.0000
                              
Validation Results: {
    "ci": 0.6848,
    "classification_loss": 0.0,
    "cluster_loss": 0.0,
    "mae": 1.1443,
    "mse": 2.4659,
    "multiclassification_loss": 0.0,
    "ortho_loss": 0.0,
    "pearson": 0.4933,
    "regression_loss": 2.4652,
    "rm2": 0.2245,
    "rmse": 1.5703,
    "sd": 1.5083,
    "spearman": 0.5143,
    "spectral_loss": 0.0
}
                              
Test Results: {
    "ci": 0.6598,
    "classification_loss": 0.0,
    "cluster_loss": 0.0,
    "mae": 1.1867,
    "mse": 2.5004,
    "multiclassification_loss": 0.0,
    "ortho_loss": 0.0,
    "pearson": 0.4666,
    "regression_loss": 2.4932,
    "rm2": 0.2105,
    "rmse": 1.5813,
    "sd": 1.5346,
    "spearman": 0.4532,
    "spectral_loss": 0.0
}
                              
                              
----------------------------------------
Epoch 041 with LR 0.000100: Model Results
----------------------------------------
Train MSE Loss: 0.7837, Train CLS Loss: 0.0000, Train MCLS Loss: 0.0000
Protein Cluster Region Loss - Ortho Loss: 0.0000, Cluster Loss: 0.0000
                              
Validation Results: {
    "ci": 0.6803,
    "classification_loss": 0.0,
    "cluster_loss": 0.0,
    "mae": 1.1642,
    "mse": 2.6415,
    "multiclassification_loss": 0.0,
    "ortho_loss": 0.0,
    "pearson": 0.4659,
    "regression_loss": 2.6407,
    "rm2": 0.1883,
    "rmse": 1.6253,
    "sd": 1.5343,
    "spearman": 0.4983,
    "spectral_loss": 0.0
}
                              
Test Results: {
    "ci": 0.6598,
    "classification_loss": 0.0,
    "cluster_loss": 0.0,
    "mae": 1.1867,
    "mse": 2.5004,
    "multiclassification_loss": 0.0,
    "ortho_loss": 0.0,
    "pearson": 0.4666,
    "regression_loss": 2.4932,
    "rm2": 0.2105,
    "rmse": 1.5813,
    "sd": 1.5346,
    "spearman": 0.4532,
    "spectral_loss": 0.0
}
                              
                              
----------------------------------------
Epoch 042 with LR 0.000100: Model Results
----------------------------------------
Train MSE Loss: 0.7842, Train CLS Loss: 0.0000, Train MCLS Loss: 0.0000
Protein Cluster Region Loss - Ortho Loss: 0.0000, Cluster Loss: 0.0000
                              
Validation Results: {
    "ci": 0.6757,
    "classification_loss": 0.0,
    "cluster_loss": 0.0,
    "mae": 1.2044,
    "mse": 2.71,
    "multiclassification_loss": 0.0,
    "ortho_loss": 0.0,
    "pearson": 0.4653,
    "regression_loss": 2.709,
    "rm2": 0.1818,
    "rmse": 1.6462,
    "sd": 1.5349,
    "spearman": 0.4893,
    "spectral_loss": 0.0
}
                              
Test Results: {
    "ci": 0.6598,
    "classification_loss": 0.0,
    "cluster_loss": 0.0,
    "mae": 1.1867,
    "mse": 2.5004,
    "multiclassification_loss": 0.0,
    "ortho_loss": 0.0,
    "pearson": 0.4666,
    "regression_loss": 2.4932,
    "rm2": 0.2105,
    "rmse": 1.5813,
    "sd": 1.5346,
    "spearman": 0.4532,
    "spectral_loss": 0.0
}
                              
                              
----------------------------------------
Epoch 043 with LR 0.000100: Model Results
----------------------------------------
Train MSE Loss: 0.7787, Train CLS Loss: 0.0000, Train MCLS Loss: 0.0000
Protein Cluster Region Loss - Ortho Loss: 0.0000, Cluster Loss: 0.0000
                              
Validation Results: {
    "ci": 0.6767,
    "classification_loss": 0.0,
    "cluster_loss": 0.0,
    "mae": 1.1874,
    "mse": 2.6412,
    "multiclassification_loss": 0.0,
    "ortho_loss": 0.0,
    "pearson": 0.4681,
    "regression_loss": 2.6402,
    "rm2": 0.1922,
    "rmse": 1.6252,
    "sd": 1.5323,
    "spearman": 0.4937,
    "spectral_loss": 0.0
}
                              
Test Results: {
    "ci": 0.6598,
    "classification_loss": 0.0,
    "cluster_loss": 0.0,
    "mae": 1.1867,
    "mse": 2.5004,
    "multiclassification_loss": 0.0,
    "ortho_loss": 0.0,
    "pearson": 0.4666,
    "regression_loss": 2.4932,
    "rm2": 0.2105,
    "rmse": 1.5813,
    "sd": 1.5346,
    "spearman": 0.4532,
    "spectral_loss": 0.0
}
                              
                              
----------------------------------------
Epoch 044 with LR 0.000100: Model Results
----------------------------------------
Train MSE Loss: 0.7742, Train CLS Loss: 0.0000, Train MCLS Loss: 0.0000
Protein Cluster Region Loss - Ortho Loss: 0.0000, Cluster Loss: 0.0000
                              
Validation Results: {
    "ci": 0.6762,
    "classification_loss": 0.0,
    "cluster_loss": 0.0,
    "mae": 1.1817,
    "mse": 2.6644,
    "multiclassification_loss": 0.0,
    "ortho_loss": 0.0,
    "pearson": 0.457,
    "regression_loss": 2.6634,
    "rm2": 0.1885,
    "rmse": 1.6323,
    "sd": 1.5423,
    "spearman": 0.4889,
    "spectral_loss": 0.0
}
                              
Test Results: {
    "ci": 0.6598,
    "classification_loss": 0.0,
    "cluster_loss": 0.0,
    "mae": 1.1867,
    "mse": 2.5004,
    "multiclassification_loss": 0.0,
    "ortho_loss": 0.0,
    "pearson": 0.4666,
    "regression_loss": 2.4932,
    "rm2": 0.2105,
    "rmse": 1.5813,
    "sd": 1.5346,
    "spearman": 0.4532,
    "spectral_loss": 0.0
}
                              
                              
----------------------------------------
Epoch 045 with LR 0.000100: Model Results
----------------------------------------
Train MSE Loss: 0.7481, Train CLS Loss: 0.0000, Train MCLS Loss: 0.0000
Protein Cluster Region Loss - Ortho Loss: 0.0000, Cluster Loss: 0.0000
                              
Validation Results: {
    "ci": 0.6838,
    "classification_loss": 0.0,
    "cluster_loss": 0.0,
    "mae": 1.1804,
    "mse": 2.6574,
    "multiclassification_loss": 0.0,
    "ortho_loss": 0.0,
    "pearson": 0.4868,
    "regression_loss": 2.6566,
    "rm2": 0.2196,
    "rmse": 1.6302,
    "sd": 1.5146,
    "spearman": 0.5117,
    "spectral_loss": 0.0
}
                              
Test Results: {
    "ci": 0.6598,
    "classification_loss": 0.0,
    "cluster_loss": 0.0,
    "mae": 1.1867,
    "mse": 2.5004,
    "multiclassification_loss": 0.0,
    "ortho_loss": 0.0,
    "pearson": 0.4666,
    "regression_loss": 2.4932,
    "rm2": 0.2105,
    "rmse": 1.5813,
    "sd": 1.5346,
    "spearman": 0.4532,
    "spectral_loss": 0.0
}
                              
                              
----------------------------------------
Epoch 046 with LR 0.000100: Model Results
----------------------------------------
Train MSE Loss: 0.7492, Train CLS Loss: 0.0000, Train MCLS Loss: 0.0000
Protein Cluster Region Loss - Ortho Loss: 0.0000, Cluster Loss: 0.0000
                              
Validation Results: {
    "ci": 0.6816,
    "classification_loss": 0.0,
    "cluster_loss": 0.0,
    "mae": 1.1695,
    "mse": 2.634,
    "multiclassification_loss": 0.0,
    "ortho_loss": 0.0,
    "pearson": 0.475,
    "regression_loss": 2.6329,
    "rm2": 0.2069,
    "rmse": 1.623,
    "sd": 1.5259,
    "spearman": 0.5002,
    "spectral_loss": 0.0
}
                              
Test Results: {
    "ci": 0.6598,
    "classification_loss": 0.0,
    "cluster_loss": 0.0,
    "mae": 1.1867,
    "mse": 2.5004,
    "multiclassification_loss": 0.0,
    "ortho_loss": 0.0,
    "pearson": 0.4666,
    "regression_loss": 2.4932,
    "rm2": 0.2105,
    "rmse": 1.5813,
    "sd": 1.5346,
    "spearman": 0.4532,
    "spectral_loss": 0.0
}
                              
                              
----------------------------------------
Epoch 047 with LR 0.000100: Model Results
----------------------------------------
Train MSE Loss: 0.7402, Train CLS Loss: 0.0000, Train MCLS Loss: 0.0000
Protein Cluster Region Loss - Ortho Loss: 0.0000, Cluster Loss: 0.0000
                              
Validation Results: {
    "ci": 0.6853,
    "classification_loss": 0.0,
    "cluster_loss": 0.0,
    "mae": 1.1485,
    "mse": 2.4939,
    "multiclassification_loss": 0.0,
    "ortho_loss": 0.0,
    "pearson": 0.4933,
    "regression_loss": 2.493,
    "rm2": 0.2158,
    "rmse": 1.5792,
    "sd": 1.5084,
    "spearman": 0.5142,
    "spectral_loss": 0.0
}
                              
Test Results: {
    "ci": 0.6598,
    "classification_loss": 0.0,
    "cluster_loss": 0.0,
    "mae": 1.1867,
    "mse": 2.5004,
    "multiclassification_loss": 0.0,
    "ortho_loss": 0.0,
    "pearson": 0.4666,
    "regression_loss": 2.4932,
    "rm2": 0.2105,
    "rmse": 1.5813,
    "sd": 1.5346,
    "spearman": 0.4532,
    "spectral_loss": 0.0
}
                              
                              
----------------------------------------
Epoch 048 with LR 0.000100: Model Results
----------------------------------------
Train MSE Loss: 0.7376, Train CLS Loss: 0.0000, Train MCLS Loss: 0.0000
Protein Cluster Region Loss - Ortho Loss: 0.0000, Cluster Loss: 0.0000
                              
Validation Results: {
    "ci": 0.678,
    "classification_loss": 0.0,
    "cluster_loss": 0.0,
    "mae": 1.1885,
    "mse": 2.7037,
    "multiclassification_loss": 0.0,
    "ortho_loss": 0.0,
    "pearson": 0.4695,
    "regression_loss": 2.7026,
    "rm2": 0.1879,
    "rmse": 1.6443,
    "sd": 1.531,
    "spearman": 0.4949,
    "spectral_loss": 0.0
}
                              
Test Results: {
    "ci": 0.6598,
    "classification_loss": 0.0,
    "cluster_loss": 0.0,
    "mae": 1.1867,
    "mse": 2.5004,
    "multiclassification_loss": 0.0,
    "ortho_loss": 0.0,
    "pearson": 0.4666,
    "regression_loss": 2.4932,
    "rm2": 0.2105,
    "rmse": 1.5813,
    "sd": 1.5346,
    "spearman": 0.4532,
    "spectral_loss": 0.0
}
                              
                              
----------------------------------------
Epoch 049 with LR 0.000100: Model Results
----------------------------------------
Train MSE Loss: 0.7226, Train CLS Loss: 0.0000, Train MCLS Loss: 0.0000
Protein Cluster Region Loss - Ortho Loss: 0.0000, Cluster Loss: 0.0000
                              
Validation Results: {
    "ci": 0.6805,
    "classification_loss": 0.0,
    "cluster_loss": 0.0,
    "mae": 1.21,
    "mse": 2.8044,
    "multiclassification_loss": 0.0,
    "ortho_loss": 0.0,
    "pearson": 0.4749,
    "regression_loss": 2.8033,
    "rm2": 0.2075,
    "rmse": 1.6746,
    "sd": 1.5259,
    "spearman": 0.5011,
    "spectral_loss": 0.0
}
                              
Test Results: {
    "ci": 0.6598,
    "classification_loss": 0.0,
    "cluster_loss": 0.0,
    "mae": 1.1867,
    "mse": 2.5004,
    "multiclassification_loss": 0.0,
    "ortho_loss": 0.0,
    "pearson": 0.4666,
    "regression_loss": 2.4932,
    "rm2": 0.2105,
    "rmse": 1.5813,
    "sd": 1.5346,
    "spearman": 0.4532,
    "spectral_loss": 0.0
}
                              
                              
----------------------------------------
Epoch 050 with LR 0.000100: Model Results
----------------------------------------
Train MSE Loss: 0.7214, Train CLS Loss: 0.0000, Train MCLS Loss: 0.0000
Protein Cluster Region Loss - Ortho Loss: 0.0000, Cluster Loss: 0.0000
                              
Validation Results: {
    "ci": 0.6855,
    "classification_loss": 0.0,
    "cluster_loss": 0.0,
    "mae": 1.1466,
    "mse": 2.5509,
    "multiclassification_loss": 0.0,
    "ortho_loss": 0.0,
    "pearson": 0.4869,
    "regression_loss": 2.5499,
    "rm2": 0.2105,
    "rmse": 1.5972,
    "sd": 1.5145,
    "spearman": 0.514,
    "spectral_loss": 0.0
}
                              
Test Results: {
    "ci": 0.6598,
    "classification_loss": 0.0,
    "cluster_loss": 0.0,
    "mae": 1.1867,
    "mse": 2.5004,
    "multiclassification_loss": 0.0,
    "ortho_loss": 0.0,
    "pearson": 0.4666,
    "regression_loss": 2.4932,
    "rm2": 0.2105,
    "rmse": 1.5813,
    "sd": 1.5346,
    "spearman": 0.4532,
    "spectral_loss": 0.0
}
                              
                              
----------------------------------------
Epoch 051 with LR 0.000100: Model Results
----------------------------------------
Train MSE Loss: 0.7114, Train CLS Loss: 0.0000, Train MCLS Loss: 0.0000
Protein Cluster Region Loss - Ortho Loss: 0.0000, Cluster Loss: 0.0000
                              
Validation Results: {
    "ci": 0.6902,
    "classification_loss": 0.0,
    "cluster_loss": 0.0,
    "mae": 1.1248,
    "mse": 2.4115,
    "multiclassification_loss": 0.0,
    "ortho_loss": 0.0,
    "pearson": 0.5084,
    "regression_loss": 2.4107,
    "rm2": 0.2327,
    "rmse": 1.5529,
    "sd": 1.4932,
    "spearman": 0.5261,
    "spectral_loss": 0.0
}
                              
Test Results: {
    "ci": 0.6598,
    "classification_loss": 0.0,
    "cluster_loss": 0.0,
    "mae": 1.1867,
    "mse": 2.5004,
    "multiclassification_loss": 0.0,
    "ortho_loss": 0.0,
    "pearson": 0.4666,
    "regression_loss": 2.4932,
    "rm2": 0.2105,
    "rmse": 1.5813,
    "sd": 1.5346,
    "spearman": 0.4532,
    "spectral_loss": 0.0
}
                              
                              
----------------------------------------
Epoch 052 with LR 0.000100: Model Results
----------------------------------------
Train MSE Loss: 0.7031, Train CLS Loss: 0.0000, Train MCLS Loss: 0.0000
Protein Cluster Region Loss - Ortho Loss: 0.0000, Cluster Loss: 0.0000
                              
Validation Results: {
    "ci": 0.6813,
    "classification_loss": 0.0,
    "cluster_loss": 0.0,
    "mae": 1.1775,
    "mse": 2.6821,
    "multiclassification_loss": 0.0,
    "ortho_loss": 0.0,
    "pearson": 0.4702,
    "regression_loss": 2.6813,
    "rm2": 0.1963,
    "rmse": 1.6377,
    "sd": 1.5304,
    "spearman": 0.5028,
    "spectral_loss": 0.0
}
                              
Test Results: {
    "ci": 0.6598,
    "classification_loss": 0.0,
    "cluster_loss": 0.0,
    "mae": 1.1867,
    "mse": 2.5004,
    "multiclassification_loss": 0.0,
    "ortho_loss": 0.0,
    "pearson": 0.4666,
    "regression_loss": 2.4932,
    "rm2": 0.2105,
    "rmse": 1.5813,
    "sd": 1.5346,
    "spearman": 0.4532,
    "spectral_loss": 0.0
}
                              
                              
----------------------------------------
Epoch 053 with LR 0.000100: Model Results
----------------------------------------
Train MSE Loss: 0.7174, Train CLS Loss: 0.0000, Train MCLS Loss: 0.0000
Protein Cluster Region Loss - Ortho Loss: 0.0000, Cluster Loss: 0.0000
                              
Validation Results: {
    "ci": 0.6855,
    "classification_loss": 0.0,
    "cluster_loss": 0.0,
    "mae": 1.1425,
    "mse": 2.4888,
    "multiclassification_loss": 0.0,
    "ortho_loss": 0.0,
    "pearson": 0.4907,
    "regression_loss": 2.4881,
    "rm2": 0.2136,
    "rmse": 1.5776,
    "sd": 1.5108,
    "spearman": 0.5136,
    "spectral_loss": 0.0
}
                              
Test Results: {
    "ci": 0.6598,
    "classification_loss": 0.0,
    "cluster_loss": 0.0,
    "mae": 1.1867,
    "mse": 2.5004,
    "multiclassification_loss": 0.0,
    "ortho_loss": 0.0,
    "pearson": 0.4666,
    "regression_loss": 2.4932,
    "rm2": 0.2105,
    "rmse": 1.5813,
    "sd": 1.5346,
    "spearman": 0.4532,
    "spectral_loss": 0.0
}
                              
                              
----------------------------------------
Epoch 054 with LR 0.000100: Model Results
----------------------------------------
Train MSE Loss: 0.7183, Train CLS Loss: 0.0000, Train MCLS Loss: 0.0000
Protein Cluster Region Loss - Ortho Loss: 0.0000, Cluster Loss: 0.0000
                              
Validation Results: {
    "ci": 0.681,
    "classification_loss": 0.0,
    "cluster_loss": 0.0,
    "mae": 1.1634,
    "mse": 2.589,
    "multiclassification_loss": 0.0,
    "ortho_loss": 0.0,
    "pearson": 0.4748,
    "regression_loss": 2.5882,
    "rm2": 0.2017,
    "rmse": 1.609,
    "sd": 1.5261,
    "spearman": 0.5019,
    "spectral_loss": 0.0
}
                              
Test Results: {
    "ci": 0.6598,
    "classification_loss": 0.0,
    "cluster_loss": 0.0,
    "mae": 1.1867,
    "mse": 2.5004,
    "multiclassification_loss": 0.0,
    "ortho_loss": 0.0,
    "pearson": 0.4666,
    "regression_loss": 2.4932,
    "rm2": 0.2105,
    "rmse": 1.5813,
    "sd": 1.5346,
    "spearman": 0.4532,
    "spectral_loss": 0.0
}
                              
                              
----------------------------------------
Epoch 055 with LR 0.000100: Model Results
----------------------------------------
Train MSE Loss: 0.7042, Train CLS Loss: 0.0000, Train MCLS Loss: 0.0000
Protein Cluster Region Loss - Ortho Loss: 0.0000, Cluster Loss: 0.0000
                              
Validation Results: {
    "ci": 0.6885,
    "classification_loss": 0.0,
    "cluster_loss": 0.0,
    "mae": 1.1674,
    "mse": 2.7011,
    "multiclassification_loss": 0.0,
    "ortho_loss": 0.0,
    "pearson": 0.4834,
    "regression_loss": 2.7001,
    "rm2": 0.1966,
    "rmse": 1.6435,
    "sd": 1.5179,
    "spearman": 0.5185,
    "spectral_loss": 0.0
}
                              
Test Results: {
    "ci": 0.6598,
    "classification_loss": 0.0,
    "cluster_loss": 0.0,
    "mae": 1.1867,
    "mse": 2.5004,
    "multiclassification_loss": 0.0,
    "ortho_loss": 0.0,
    "pearson": 0.4666,
    "regression_loss": 2.4932,
    "rm2": 0.2105,
    "rmse": 1.5813,
    "sd": 1.5346,
    "spearman": 0.4532,
    "spectral_loss": 0.0
}
                              
                              
----------------------------------------
Epoch 056 with LR 0.000100: Model Results
----------------------------------------
Train MSE Loss: 0.6921, Train CLS Loss: 0.0000, Train MCLS Loss: 0.0000
Protein Cluster Region Loss - Ortho Loss: 0.0000, Cluster Loss: 0.0000
                              
Validation Results: {
    "ci": 0.6842,
    "classification_loss": 0.0,
    "cluster_loss": 0.0,
    "mae": 1.1535,
    "mse": 2.5687,
    "multiclassification_loss": 0.0,
    "ortho_loss": 0.0,
    "pearson": 0.4849,
    "regression_loss": 2.5678,
    "rm2": 0.2048,
    "rmse": 1.6027,
    "sd": 1.5165,
    "spearman": 0.5074,
    "spectral_loss": 0.0
}
                              
Test Results: {
    "ci": 0.6598,
    "classification_loss": 0.0,
    "cluster_loss": 0.0,
    "mae": 1.1867,
    "mse": 2.5004,
    "multiclassification_loss": 0.0,
    "ortho_loss": 0.0,
    "pearson": 0.4666,
    "regression_loss": 2.4932,
    "rm2": 0.2105,
    "rmse": 1.5813,
    "sd": 1.5346,
    "spearman": 0.4532,
    "spectral_loss": 0.0
}
                              
                              
----------------------------------------
Epoch 057 with LR 0.000100: Model Results
----------------------------------------
Train MSE Loss: 0.6888, Train CLS Loss: 0.0000, Train MCLS Loss: 0.0000
Protein Cluster Region Loss - Ortho Loss: 0.0000, Cluster Loss: 0.0000
                              
Validation Results: {
    "ci": 0.6826,
    "classification_loss": 0.0,
    "cluster_loss": 0.0,
    "mae": 1.1811,
    "mse": 2.6948,
    "multiclassification_loss": 0.0,
    "ortho_loss": 0.0,
    "pearson": 0.4771,
    "regression_loss": 2.6938,
    "rm2": 0.2039,
    "rmse": 1.6416,
    "sd": 1.5239,
    "spearman": 0.5048,
    "spectral_loss": 0.0
}
                              
Test Results: {
    "ci": 0.6598,
    "classification_loss": 0.0,
    "cluster_loss": 0.0,
    "mae": 1.1867,
    "mse": 2.5004,
    "multiclassification_loss": 0.0,
    "ortho_loss": 0.0,
    "pearson": 0.4666,
    "regression_loss": 2.4932,
    "rm2": 0.2105,
    "rmse": 1.5813,
    "sd": 1.5346,
    "spearman": 0.4532,
    "spectral_loss": 0.0
}
                              
                              
----------------------------------------
Epoch 058 with LR 0.000100: Model Results
----------------------------------------
Train MSE Loss: 0.6712, Train CLS Loss: 0.0000, Train MCLS Loss: 0.0000
Protein Cluster Region Loss - Ortho Loss: 0.0000, Cluster Loss: 0.0000
                              
Validation Results: {
    "ci": 0.6861,
    "classification_loss": 0.0,
    "cluster_loss": 0.0,
    "mae": 1.1653,
    "mse": 2.6309,
    "multiclassification_loss": 0.0,
    "ortho_loss": 0.0,
    "pearson": 0.4845,
    "regression_loss": 2.6301,
    "rm2": 0.2079,
    "rmse": 1.622,
    "sd": 1.5168,
    "spearman": 0.5152,
    "spectral_loss": 0.0
}
                              
Test Results: {
    "ci": 0.6598,
    "classification_loss": 0.0,
    "cluster_loss": 0.0,
    "mae": 1.1867,
    "mse": 2.5004,
    "multiclassification_loss": 0.0,
    "ortho_loss": 0.0,
    "pearson": 0.4666,
    "regression_loss": 2.4932,
    "rm2": 0.2105,
    "rmse": 1.5813,
    "sd": 1.5346,
    "spearman": 0.4532,
    "spectral_loss": 0.0
}
                              
                              
----------------------------------------
Epoch 059 with LR 0.000100: Model Results
----------------------------------------
Train MSE Loss: 0.6640, Train CLS Loss: 0.0000, Train MCLS Loss: 0.0000
Protein Cluster Region Loss - Ortho Loss: 0.0000, Cluster Loss: 0.0000
                              
Validation Results: {
    "ci": 0.6836,
    "classification_loss": 0.0,
    "cluster_loss": 0.0,
    "mae": 1.1518,
    "mse": 2.6136,
    "multiclassification_loss": 0.0,
    "ortho_loss": 0.0,
    "pearson": 0.4765,
    "regression_loss": 2.6128,
    "rm2": 0.2003,
    "rmse": 1.6167,
    "sd": 1.5245,
    "spearman": 0.5072,
    "spectral_loss": 0.0
}
                              
Test Results: {
    "ci": 0.6598,
    "classification_loss": 0.0,
    "cluster_loss": 0.0,
    "mae": 1.1867,
    "mse": 2.5004,
    "multiclassification_loss": 0.0,
    "ortho_loss": 0.0,
    "pearson": 0.4666,
    "regression_loss": 2.4932,
    "rm2": 0.2105,
    "rmse": 1.5813,
    "sd": 1.5346,
    "spearman": 0.4532,
    "spectral_loss": 0.0
}
                              
                              
----------------------------------------
Epoch 060 with LR 0.000100: Model Results
----------------------------------------
Train MSE Loss: 0.6742, Train CLS Loss: 0.0000, Train MCLS Loss: 0.0000
Protein Cluster Region Loss - Ortho Loss: 0.0000, Cluster Loss: 0.0000
                              
Validation Results: {
    "ci": 0.6825,
    "classification_loss": 0.0,
    "cluster_loss": 0.0,
    "mae": 1.1601,
    "mse": 2.5601,
    "multiclassification_loss": 0.0,
    "ortho_loss": 0.0,
    "pearson": 0.4894,
    "regression_loss": 2.5591,
    "rm2": 0.2104,
    "rmse": 1.6,
    "sd": 1.5122,
    "spearman": 0.5058,
    "spectral_loss": 0.0
}
                              
Test Results: {
    "ci": 0.6598,
    "classification_loss": 0.0,
    "cluster_loss": 0.0,
    "mae": 1.1867,
    "mse": 2.5004,
    "multiclassification_loss": 0.0,
    "ortho_loss": 0.0,
    "pearson": 0.4666,
    "regression_loss": 2.4932,
    "rm2": 0.2105,
    "rmse": 1.5813,
    "sd": 1.5346,
    "spearman": 0.4532,
    "spectral_loss": 0.0
}
                              
                              
----------------------------------------
Epoch 061 with LR 0.000100: Model Results
----------------------------------------
Train MSE Loss: 0.6539, Train CLS Loss: 0.0000, Train MCLS Loss: 0.0000
Protein Cluster Region Loss - Ortho Loss: 0.0000, Cluster Loss: 0.0000
                              
Validation Results: {
    "ci": 0.6771,
    "classification_loss": 0.0,
    "cluster_loss": 0.0,
    "mae": 1.2195,
    "mse": 2.8883,
    "multiclassification_loss": 0.0,
    "ortho_loss": 0.0,
    "pearson": 0.4616,
    "regression_loss": 2.8872,
    "rm2": 0.1916,
    "rmse": 1.6995,
    "sd": 1.5382,
    "spearman": 0.4908,
    "spectral_loss": 0.0
}
                              
Test Results: {
    "ci": 0.6598,
    "classification_loss": 0.0,
    "cluster_loss": 0.0,
    "mae": 1.1867,
    "mse": 2.5004,
    "multiclassification_loss": 0.0,
    "ortho_loss": 0.0,
    "pearson": 0.4666,
    "regression_loss": 2.4932,
    "rm2": 0.2105,
    "rmse": 1.5813,
    "sd": 1.5346,
    "spearman": 0.4532,
    "spectral_loss": 0.0
}
                              
                              
----------------------------------------
Epoch 062 with LR 0.000100: Model Results
----------------------------------------
Train MSE Loss: 0.6575, Train CLS Loss: 0.0000, Train MCLS Loss: 0.0000
Protein Cluster Region Loss - Ortho Loss: 0.0000, Cluster Loss: 0.0000
                              
Validation Results: {
    "ci": 0.6839,
    "classification_loss": 0.0,
    "cluster_loss": 0.0,
    "mae": 1.165,
    "mse": 2.6587,
    "multiclassification_loss": 0.0,
    "ortho_loss": 0.0,
    "pearson": 0.4739,
    "regression_loss": 2.6578,
    "rm2": 0.2021,
    "rmse": 1.6306,
    "sd": 1.5269,
    "spearman": 0.5063,
    "spectral_loss": 0.0
}
                              
Test Results: {
    "ci": 0.6598,
    "classification_loss": 0.0,
    "cluster_loss": 0.0,
    "mae": 1.1867,
    "mse": 2.5004,
    "multiclassification_loss": 0.0,
    "ortho_loss": 0.0,
    "pearson": 0.4666,
    "regression_loss": 2.4932,
    "rm2": 0.2105,
    "rmse": 1.5813,
    "sd": 1.5346,
    "spearman": 0.4532,
    "spectral_loss": 0.0
}
                              
                              
----------------------------------------
Epoch 063 with LR 0.000100: Model Results
----------------------------------------
Train MSE Loss: 0.6539, Train CLS Loss: 0.0000, Train MCLS Loss: 0.0000
Protein Cluster Region Loss - Ortho Loss: 0.0000, Cluster Loss: 0.0000
                              
Validation Results: {
    "ci": 0.6817,
    "classification_loss": 0.0,
    "cluster_loss": 0.0,
    "mae": 1.1804,
    "mse": 2.7062,
    "multiclassification_loss": 0.0,
    "ortho_loss": 0.0,
    "pearson": 0.4774,
    "regression_loss": 2.7053,
    "rm2": 0.2095,
    "rmse": 1.6451,
    "sd": 1.5237,
    "spearman": 0.5011,
    "spectral_loss": 0.0
}
                              
Test Results: {
    "ci": 0.6598,
    "classification_loss": 0.0,
    "cluster_loss": 0.0,
    "mae": 1.1867,
    "mse": 2.5004,
    "multiclassification_loss": 0.0,
    "ortho_loss": 0.0,
    "pearson": 0.4666,
    "regression_loss": 2.4932,
    "rm2": 0.2105,
    "rmse": 1.5813,
    "sd": 1.5346,
    "spearman": 0.4532,
    "spectral_loss": 0.0
}
                              
                              
----------------------------------------
Epoch 064 with LR 0.000100: Model Results
----------------------------------------
Train MSE Loss: 0.6519, Train CLS Loss: 0.0000, Train MCLS Loss: 0.0000
Protein Cluster Region Loss - Ortho Loss: 0.0000, Cluster Loss: 0.0000
                              
Validation Results: {
    "ci": 0.6854,
    "classification_loss": 0.0,
    "cluster_loss": 0.0,
    "mae": 1.1582,
    "mse": 2.6117,
    "multiclassification_loss": 0.0,
    "ortho_loss": 0.0,
    "pearson": 0.4858,
    "regression_loss": 2.611,
    "rm2": 0.2028,
    "rmse": 1.6161,
    "sd": 1.5156,
    "spearman": 0.5121,
    "spectral_loss": 0.0
}
                              
Test Results: {
    "ci": 0.6598,
    "classification_loss": 0.0,
    "cluster_loss": 0.0,
    "mae": 1.1867,
    "mse": 2.5004,
    "multiclassification_loss": 0.0,
    "ortho_loss": 0.0,
    "pearson": 0.4666,
    "regression_loss": 2.4932,
    "rm2": 0.2105,
    "rmse": 1.5813,
    "sd": 1.5346,
    "spearman": 0.4532,
    "spectral_loss": 0.0
}
                              
                              
----------------------------------------
Epoch 065 with LR 0.000100: Model Results
----------------------------------------
Train MSE Loss: 0.6409, Train CLS Loss: 0.0000, Train MCLS Loss: 0.0000
Protein Cluster Region Loss - Ortho Loss: 0.0000, Cluster Loss: 0.0000
                              
Validation Results: {
    "ci": 0.6842,
    "classification_loss": 0.0,
    "cluster_loss": 0.0,
    "mae": 1.1643,
    "mse": 2.6247,
    "multiclassification_loss": 0.0,
    "ortho_loss": 0.0,
    "pearson": 0.4834,
    "regression_loss": 2.6239,
    "rm2": 0.2085,
    "rmse": 1.6201,
    "sd": 1.5179,
    "spearman": 0.5092,
    "spectral_loss": 0.0
}
                              
Test Results: {
    "ci": 0.6598,
    "classification_loss": 0.0,
    "cluster_loss": 0.0,
    "mae": 1.1867,
    "mse": 2.5004,
    "multiclassification_loss": 0.0,
    "ortho_loss": 0.0,
    "pearson": 0.4666,
    "regression_loss": 2.4932,
    "rm2": 0.2105,
    "rmse": 1.5813,
    "sd": 1.5346,
    "spearman": 0.4532,
    "spectral_loss": 0.0
}
                              
                              
----------------------------------------
Epoch 066 with LR 0.000100: Model Results
----------------------------------------
Train MSE Loss: 0.6470, Train CLS Loss: 0.0000, Train MCLS Loss: 0.0000
Protein Cluster Region Loss - Ortho Loss: 0.0000, Cluster Loss: 0.0000
                              
Validation Results: {
    "ci": 0.6831,
    "classification_loss": 0.0,
    "cluster_loss": 0.0,
    "mae": 1.173,
    "mse": 2.6988,
    "multiclassification_loss": 0.0,
    "ortho_loss": 0.0,
    "pearson": 0.4769,
    "regression_loss": 2.6977,
    "rm2": 0.2069,
    "rmse": 1.6428,
    "sd": 1.5241,
    "spearman": 0.5035,
    "spectral_loss": 0.0
}
                              
Test Results: {
    "ci": 0.6598,
    "classification_loss": 0.0,
    "cluster_loss": 0.0,
    "mae": 1.1867,
    "mse": 2.5004,
    "multiclassification_loss": 0.0,
    "ortho_loss": 0.0,
    "pearson": 0.4666,
    "regression_loss": 2.4932,
    "rm2": 0.2105,
    "rmse": 1.5813,
    "sd": 1.5346,
    "spearman": 0.4532,
    "spectral_loss": 0.0
}
                              
                              
----------------------------------------
Epoch 067 with LR 0.000100: Model Results
----------------------------------------
Train MSE Loss: 0.6328, Train CLS Loss: 0.0000, Train MCLS Loss: 0.0000
Protein Cluster Region Loss - Ortho Loss: 0.0000, Cluster Loss: 0.0000
                              
Validation Results: {
    "ci": 0.6871,
    "classification_loss": 0.0,
    "cluster_loss": 0.0,
    "mae": 1.1627,
    "mse": 2.6354,
    "multiclassification_loss": 0.0,
    "ortho_loss": 0.0,
    "pearson": 0.4895,
    "regression_loss": 2.6346,
    "rm2": 0.2053,
    "rmse": 1.6234,
    "sd": 1.512,
    "spearman": 0.5155,
    "spectral_loss": 0.0
}
                              
Test Results: {
    "ci": 0.6598,
    "classification_loss": 0.0,
    "cluster_loss": 0.0,
    "mae": 1.1867,
    "mse": 2.5004,
    "multiclassification_loss": 0.0,
    "ortho_loss": 0.0,
    "pearson": 0.4666,
    "regression_loss": 2.4932,
    "rm2": 0.2105,
    "rmse": 1.5813,
    "sd": 1.5346,
    "spearman": 0.4532,
    "spectral_loss": 0.0
}
                              
                              
----------------------------------------
Epoch 068 with LR 0.000100: Model Results
----------------------------------------
Train MSE Loss: 0.6334, Train CLS Loss: 0.0000, Train MCLS Loss: 0.0000
Protein Cluster Region Loss - Ortho Loss: 0.0000, Cluster Loss: 0.0000
                              
Validation Results: {
    "ci": 0.6867,
    "classification_loss": 0.0,
    "cluster_loss": 0.0,
    "mae": 1.1566,
    "mse": 2.6462,
    "multiclassification_loss": 0.0,
    "ortho_loss": 0.0,
    "pearson": 0.4819,
    "regression_loss": 2.6454,
    "rm2": 0.2046,
    "rmse": 1.6267,
    "sd": 1.5193,
    "spearman": 0.5126,
    "spectral_loss": 0.0
}
                              
Test Results: {
    "ci": 0.6598,
    "classification_loss": 0.0,
    "cluster_loss": 0.0,
    "mae": 1.1867,
    "mse": 2.5004,
    "multiclassification_loss": 0.0,
    "ortho_loss": 0.0,
    "pearson": 0.4666,
    "regression_loss": 2.4932,
    "rm2": 0.2105,
    "rmse": 1.5813,
    "sd": 1.5346,
    "spearman": 0.4532,
    "spectral_loss": 0.0
}
                              
                              
----------------------------------------
Epoch 069 with LR 0.000100: Model Results
----------------------------------------
Train MSE Loss: 0.6409, Train CLS Loss: 0.0000, Train MCLS Loss: 0.0000
Protein Cluster Region Loss - Ortho Loss: 0.0000, Cluster Loss: 0.0000
                              
Validation Results: {
    "ci": 0.6837,
    "classification_loss": 0.0,
    "cluster_loss": 0.0,
    "mae": 1.1601,
    "mse": 2.5841,
    "multiclassification_loss": 0.0,
    "ortho_loss": 0.0,
    "pearson": 0.4868,
    "regression_loss": 2.5834,
    "rm2": 0.2119,
    "rmse": 1.6075,
    "sd": 1.5147,
    "spearman": 0.5068,
    "spectral_loss": 0.0
}
                              
Test Results: {
    "ci": 0.6598,
    "classification_loss": 0.0,
    "cluster_loss": 0.0,
    "mae": 1.1867,
    "mse": 2.5004,
    "multiclassification_loss": 0.0,
    "ortho_loss": 0.0,
    "pearson": 0.4666,
    "regression_loss": 2.4932,
    "rm2": 0.2105,
    "rmse": 1.5813,
    "sd": 1.5346,
    "spearman": 0.4532,
    "spectral_loss": 0.0
}
                              
                              
----------------------------------------
Epoch 070 with LR 0.000100: Model Results
----------------------------------------
Train MSE Loss: 0.6110, Train CLS Loss: 0.0000, Train MCLS Loss: 0.0000
Protein Cluster Region Loss - Ortho Loss: 0.0000, Cluster Loss: 0.0000
                              
Validation Results: {
    "ci": 0.6926,
    "classification_loss": 0.0,
    "cluster_loss": 0.0,
    "mae": 1.1264,
    "mse": 2.4933,
    "multiclassification_loss": 0.0,
    "ortho_loss": 0.0,
    "pearson": 0.501,
    "regression_loss": 2.4927,
    "rm2": 0.2219,
    "rmse": 1.579,
    "sd": 1.5007,
    "spearman": 0.5288,
    "spectral_loss": 0.0
}
                              
Test Results: {
    "ci": 0.6598,
    "classification_loss": 0.0,
    "cluster_loss": 0.0,
    "mae": 1.1867,
    "mse": 2.5004,
    "multiclassification_loss": 0.0,
    "ortho_loss": 0.0,
    "pearson": 0.4666,
    "regression_loss": 2.4932,
    "rm2": 0.2105,
    "rmse": 1.5813,
    "sd": 1.5346,
    "spearman": 0.4532,
    "spectral_loss": 0.0
}
                              
                              
----------------------------------------
Epoch 071 with LR 0.000100: Model Results
----------------------------------------
Train MSE Loss: 0.6217, Train CLS Loss: 0.0000, Train MCLS Loss: 0.0000
Protein Cluster Region Loss - Ortho Loss: 0.0000, Cluster Loss: 0.0000
                              
Validation Results: {
    "ci": 0.6857,
    "classification_loss": 0.0,
    "cluster_loss": 0.0,
    "mae": 1.1626,
    "mse": 2.6689,
    "multiclassification_loss": 0.0,
    "ortho_loss": 0.0,
    "pearson": 0.4749,
    "regression_loss": 2.6682,
    "rm2": 0.201,
    "rmse": 1.6337,
    "sd": 1.526,
    "spearman": 0.5104,
    "spectral_loss": 0.0
}
                              
Test Results: {
    "ci": 0.6598,
    "classification_loss": 0.0,
    "cluster_loss": 0.0,
    "mae": 1.1867,
    "mse": 2.5004,
    "multiclassification_loss": 0.0,
    "ortho_loss": 0.0,
    "pearson": 0.4666,
    "regression_loss": 2.4932,
    "rm2": 0.2105,
    "rmse": 1.5813,
    "sd": 1.5346,
    "spearman": 0.4532,
    "spectral_loss": 0.0
}
                              
                              
----------------------------------------
Epoch 072 with LR 0.000100: Model Results
----------------------------------------
Train MSE Loss: 0.6259, Train CLS Loss: 0.0000, Train MCLS Loss: 0.0000
Protein Cluster Region Loss - Ortho Loss: 0.0000, Cluster Loss: 0.0000
                              
Validation Results: {
    "ci": 0.6864,
    "classification_loss": 0.0,
    "cluster_loss": 0.0,
    "mae": 1.154,
    "mse": 2.5884,
    "multiclassification_loss": 0.0,
    "ortho_loss": 0.0,
    "pearson": 0.4866,
    "regression_loss": 2.5874,
    "rm2": 0.2101,
    "rmse": 1.6088,
    "sd": 1.5149,
    "spearman": 0.513,
    "spectral_loss": 0.0
}
                              
Test Results: {
    "ci": 0.6598,
    "classification_loss": 0.0,
    "cluster_loss": 0.0,
    "mae": 1.1867,
    "mse": 2.5004,
    "multiclassification_loss": 0.0,
    "ortho_loss": 0.0,
    "pearson": 0.4666,
    "regression_loss": 2.4932,
    "rm2": 0.2105,
    "rmse": 1.5813,
    "sd": 1.5346,
    "spearman": 0.4532,
    "spectral_loss": 0.0
}
                              
                              
----------------------------------------
Epoch 073 with LR 0.000100: Model Results
----------------------------------------
Train MSE Loss: 0.6020, Train CLS Loss: 0.0000, Train MCLS Loss: 0.0000
Protein Cluster Region Loss - Ortho Loss: 0.0000, Cluster Loss: 0.0000
                              
Validation Results: {
    "ci": 0.6844,
    "classification_loss": 0.0,
    "cluster_loss": 0.0,
    "mae": 1.1634,
    "mse": 2.7065,
    "multiclassification_loss": 0.0,
    "ortho_loss": 0.0,
    "pearson": 0.4743,
    "regression_loss": 2.7056,
    "rm2": 0.1931,
    "rmse": 1.6451,
    "sd": 1.5266,
    "spearman": 0.5072,
    "spectral_loss": 0.0
}
                              
Test Results: {
    "ci": 0.6598,
    "classification_loss": 0.0,
    "cluster_loss": 0.0,
    "mae": 1.1867,
    "mse": 2.5004,
    "multiclassification_loss": 0.0,
    "ortho_loss": 0.0,
    "pearson": 0.4666,
    "regression_loss": 2.4932,
    "rm2": 0.2105,
    "rmse": 1.5813,
    "sd": 1.5346,
    "spearman": 0.4532,
    "spectral_loss": 0.0
}
                              
                              
----------------------------------------
Epoch 074 with LR 0.000100: Model Results
----------------------------------------
Train MSE Loss: 0.6086, Train CLS Loss: 0.0000, Train MCLS Loss: 0.0000
Protein Cluster Region Loss - Ortho Loss: 0.0000, Cluster Loss: 0.0000
                              
Validation Results: {
    "ci": 0.6857,
    "classification_loss": 0.0,
    "cluster_loss": 0.0,
    "mae": 1.1581,
    "mse": 2.6273,
    "multiclassification_loss": 0.0,
    "ortho_loss": 0.0,
    "pearson": 0.4861,
    "regression_loss": 2.6265,
    "rm2": 0.2128,
    "rmse": 1.6209,
    "sd": 1.5153,
    "spearman": 0.5122,
    "spectral_loss": 0.0
}
                              
Test Results: {
    "ci": 0.6598,
    "classification_loss": 0.0,
    "cluster_loss": 0.0,
    "mae": 1.1867,
    "mse": 2.5004,
    "multiclassification_loss": 0.0,
    "ortho_loss": 0.0,
    "pearson": 0.4666,
    "regression_loss": 2.4932,
    "rm2": 0.2105,
    "rmse": 1.5813,
    "sd": 1.5346,
    "spearman": 0.4532,
    "spectral_loss": 0.0
}
                              
                              
----------------------------------------
Epoch 075 with LR 0.000100: Model Results
----------------------------------------
Train MSE Loss: 0.6014, Train CLS Loss: 0.0000, Train MCLS Loss: 0.0000
Protein Cluster Region Loss - Ortho Loss: 0.0000, Cluster Loss: 0.0000
                              
Validation Results: {
    "ci": 0.6803,
    "classification_loss": 0.0,
    "cluster_loss": 0.0,
    "mae": 1.164,
    "mse": 2.742,
    "multiclassification_loss": 0.0,
    "ortho_loss": 0.0,
    "pearson": 0.4618,
    "regression_loss": 2.741,
    "rm2": 0.1881,
    "rmse": 1.6559,
    "sd": 1.538,
    "spearman": 0.4928,
    "spectral_loss": 0.0
}
                              
Test Results: {
    "ci": 0.6598,
    "classification_loss": 0.0,
    "cluster_loss": 0.0,
    "mae": 1.1867,
    "mse": 2.5004,
    "multiclassification_loss": 0.0,
    "ortho_loss": 0.0,
    "pearson": 0.4666,
    "regression_loss": 2.4932,
    "rm2": 0.2105,
    "rmse": 1.5813,
    "sd": 1.5346,
    "spearman": 0.4532,
    "spectral_loss": 0.0
}
                              
                              
----------------------------------------
Epoch 076 with LR 0.000100: Model Results
----------------------------------------
Train MSE Loss: 0.6009, Train CLS Loss: 0.0000, Train MCLS Loss: 0.0000
Protein Cluster Region Loss - Ortho Loss: 0.0000, Cluster Loss: 0.0000
                              
Validation Results: {
    "ci": 0.6841,
    "classification_loss": 0.0,
    "cluster_loss": 0.0,
    "mae": 1.1614,
    "mse": 2.6809,
    "multiclassification_loss": 0.0,
    "ortho_loss": 0.0,
    "pearson": 0.4764,
    "regression_loss": 2.6799,
    "rm2": 0.1966,
    "rmse": 1.6373,
    "sd": 1.5246,
    "spearman": 0.5077,
    "spectral_loss": 0.0
}
                              
Test Results: {
    "ci": 0.6598,
    "classification_loss": 0.0,
    "cluster_loss": 0.0,
    "mae": 1.1867,
    "mse": 2.5004,
    "multiclassification_loss": 0.0,
    "ortho_loss": 0.0,
    "pearson": 0.4666,
    "regression_loss": 2.4932,
    "rm2": 0.2105,
    "rmse": 1.5813,
    "sd": 1.5346,
    "spearman": 0.4532,
    "spectral_loss": 0.0
}
                              
                              
----------------------------------------
Epoch 077 with LR 0.000100: Model Results
----------------------------------------
Train MSE Loss: 0.6044, Train CLS Loss: 0.0000, Train MCLS Loss: 0.0000
Protein Cluster Region Loss - Ortho Loss: 0.0000, Cluster Loss: 0.0000
                              
Validation Results: {
    "ci": 0.6857,
    "classification_loss": 0.0,
    "cluster_loss": 0.0,
    "mae": 1.1734,
    "mse": 2.7114,
    "multiclassification_loss": 0.0,
    "ortho_loss": 0.0,
    "pearson": 0.4863,
    "regression_loss": 2.7104,
    "rm2": 0.2015,
    "rmse": 1.6466,
    "sd": 1.5152,
    "spearman": 0.5128,
    "spectral_loss": 0.0
}
                              
Test Results: {
    "ci": 0.6598,
    "classification_loss": 0.0,
    "cluster_loss": 0.0,
    "mae": 1.1867,
    "mse": 2.5004,
    "multiclassification_loss": 0.0,
    "ortho_loss": 0.0,
    "pearson": 0.4666,
    "regression_loss": 2.4932,
    "rm2": 0.2105,
    "rmse": 1.5813,
    "sd": 1.5346,
    "spearman": 0.4532,
    "spectral_loss": 0.0
}
                              
                              
----------------------------------------
Epoch 078 with LR 0.000100: Model Results
----------------------------------------
Train MSE Loss: 0.5815, Train CLS Loss: 0.0000, Train MCLS Loss: 0.0000
Protein Cluster Region Loss - Ortho Loss: 0.0000, Cluster Loss: 0.0000
                              
Validation Results: {
    "ci": 0.6846,
    "classification_loss": 0.0,
    "cluster_loss": 0.0,
    "mae": 1.149,
    "mse": 2.584,
    "multiclassification_loss": 0.0,
    "ortho_loss": 0.0,
    "pearson": 0.4887,
    "regression_loss": 2.5832,
    "rm2": 0.2065,
    "rmse": 1.6075,
    "sd": 1.5128,
    "spearman": 0.5077,
    "spectral_loss": 0.0
}
                              
Test Results: {
    "ci": 0.6598,
    "classification_loss": 0.0,
    "cluster_loss": 0.0,
    "mae": 1.1867,
    "mse": 2.5004,
    "multiclassification_loss": 0.0,
    "ortho_loss": 0.0,
    "pearson": 0.4666,
    "regression_loss": 2.4932,
    "rm2": 0.2105,
    "rmse": 1.5813,
    "sd": 1.5346,
    "spearman": 0.4532,
    "spectral_loss": 0.0
}
                              
                              
----------------------------------------
Epoch 079 with LR 0.000100: Model Results
----------------------------------------
Train MSE Loss: 0.5914, Train CLS Loss: 0.0000, Train MCLS Loss: 0.0000
Protein Cluster Region Loss - Ortho Loss: 0.0000, Cluster Loss: 0.0000
                              
Validation Results: {
    "ci": 0.682,
    "classification_loss": 0.0,
    "cluster_loss": 0.0,
    "mae": 1.1686,
    "mse": 2.6355,
    "multiclassification_loss": 0.0,
    "ortho_loss": 0.0,
    "pearson": 0.476,
    "regression_loss": 2.6346,
    "rm2": 0.2041,
    "rmse": 1.6234,
    "sd": 1.5249,
    "spearman": 0.504,
    "spectral_loss": 0.0
}
                              
Test Results: {
    "ci": 0.6598,
    "classification_loss": 0.0,
    "cluster_loss": 0.0,
    "mae": 1.1867,
    "mse": 2.5004,
    "multiclassification_loss": 0.0,
    "ortho_loss": 0.0,
    "pearson": 0.4666,
    "regression_loss": 2.4932,
    "rm2": 0.2105,
    "rmse": 1.5813,
    "sd": 1.5346,
    "spearman": 0.4532,
    "spectral_loss": 0.0
}
                              
                              
----------------------------------------
Epoch 080 with LR 0.000100: Model Results
----------------------------------------
Train MSE Loss: 0.5681, Train CLS Loss: 0.0000, Train MCLS Loss: 0.0000
Protein Cluster Region Loss - Ortho Loss: 0.0000, Cluster Loss: 0.0000
                              
Validation Results: {
    "ci": 0.6915,
    "classification_loss": 0.0,
    "cluster_loss": 0.0,
    "mae": 1.1384,
    "mse": 2.5311,
    "multiclassification_loss": 0.0,
    "ortho_loss": 0.0,
    "pearson": 0.5021,
    "regression_loss": 2.5302,
    "rm2": 0.216,
    "rmse": 1.5909,
    "sd": 1.4996,
    "spearman": 0.5301,
    "spectral_loss": 0.0
}
                              
Test Results: {
    "ci": 0.6598,
    "classification_loss": 0.0,
    "cluster_loss": 0.0,
    "mae": 1.1867,
    "mse": 2.5004,
    "multiclassification_loss": 0.0,
    "ortho_loss": 0.0,
    "pearson": 0.4666,
    "regression_loss": 2.4932,
    "rm2": 0.2105,
    "rmse": 1.5813,
    "sd": 1.5346,
    "spearman": 0.4532,
    "spectral_loss": 0.0
}
                              
                              
----------------------------------------
Epoch 081 with LR 0.000100: Model Results
----------------------------------------
Train MSE Loss: 0.5671, Train CLS Loss: 0.0000, Train MCLS Loss: 0.0000
Protein Cluster Region Loss - Ortho Loss: 0.0000, Cluster Loss: 0.0000
                              
Validation Results: {
    "ci": 0.6888,
    "classification_loss": 0.0,
    "cluster_loss": 0.0,
    "mae": 1.1703,
    "mse": 2.6959,
    "multiclassification_loss": 0.0,
    "ortho_loss": 0.0,
    "pearson": 0.4905,
    "regression_loss": 2.6952,
    "rm2": 0.2088,
    "rmse": 1.6419,
    "sd": 1.511,
    "spearman": 0.5211,
    "spectral_loss": 0.0
}
                              
Test Results: {
    "ci": 0.6598,
    "classification_loss": 0.0,
    "cluster_loss": 0.0,
    "mae": 1.1867,
    "mse": 2.5004,
    "multiclassification_loss": 0.0,
    "ortho_loss": 0.0,
    "pearson": 0.4666,
    "regression_loss": 2.4932,
    "rm2": 0.2105,
    "rmse": 1.5813,
    "sd": 1.5346,
    "spearman": 0.4532,
    "spectral_loss": 0.0
}
                              
                              
----------------------------------------
Epoch 082 with LR 0.000100: Model Results
----------------------------------------
Train MSE Loss: 0.5514, Train CLS Loss: 0.0000, Train MCLS Loss: 0.0000
Protein Cluster Region Loss - Ortho Loss: 0.0000, Cluster Loss: 0.0000
                              
Validation Results: {
    "ci": 0.6875,
    "classification_loss": 0.0,
    "cluster_loss": 0.0,
    "mae": 1.1576,
    "mse": 2.6191,
    "multiclassification_loss": 0.0,
    "ortho_loss": 0.0,
    "pearson": 0.4899,
    "regression_loss": 2.6183,
    "rm2": 0.2126,
    "rmse": 1.6184,
    "sd": 1.5117,
    "spearman": 0.5193,
    "spectral_loss": 0.0
}
                              
Test Results: {
    "ci": 0.6598,
    "classification_loss": 0.0,
    "cluster_loss": 0.0,
    "mae": 1.1867,
    "mse": 2.5004,
    "multiclassification_loss": 0.0,
    "ortho_loss": 0.0,
    "pearson": 0.4666,
    "regression_loss": 2.4932,
    "rm2": 0.2105,
    "rmse": 1.5813,
    "sd": 1.5346,
    "spearman": 0.4532,
    "spectral_loss": 0.0
}
                              
                              
----------------------------------------
Epoch 083 with LR 0.000100: Model Results
----------------------------------------
Train MSE Loss: 0.5634, Train CLS Loss: 0.0000, Train MCLS Loss: 0.0000
Protein Cluster Region Loss - Ortho Loss: 0.0000, Cluster Loss: 0.0000
                              
Validation Results: {
    "ci": 0.6873,
    "classification_loss": 0.0,
    "cluster_loss": 0.0,
    "mae": 1.1558,
    "mse": 2.6664,
    "multiclassification_loss": 0.0,
    "ortho_loss": 0.0,
    "pearson": 0.4861,
    "regression_loss": 2.6654,
    "rm2": 0.2075,
    "rmse": 1.6329,
    "sd": 1.5154,
    "spearman": 0.515,
    "spectral_loss": 0.0
}
                              
Test Results: {
    "ci": 0.6598,
    "classification_loss": 0.0,
    "cluster_loss": 0.0,
    "mae": 1.1867,
    "mse": 2.5004,
    "multiclassification_loss": 0.0,
    "ortho_loss": 0.0,
    "pearson": 0.4666,
    "regression_loss": 2.4932,
    "rm2": 0.2105,
    "rmse": 1.5813,
    "sd": 1.5346,
    "spearman": 0.4532,
    "spectral_loss": 0.0
}
                              
                              
----------------------------------------
Epoch 084 with LR 0.000100: Model Results
----------------------------------------
Train MSE Loss: 0.5459, Train CLS Loss: 0.0000, Train MCLS Loss: 0.0000
Protein Cluster Region Loss - Ortho Loss: 0.0000, Cluster Loss: 0.0000
                              
Validation Results: {
    "ci": 0.6886,
    "classification_loss": 0.0,
    "cluster_loss": 0.0,
    "mae": 1.1489,
    "mse": 2.5767,
    "multiclassification_loss": 0.0,
    "ortho_loss": 0.0,
    "pearson": 0.4981,
    "regression_loss": 2.5757,
    "rm2": 0.2098,
    "rmse": 1.6052,
    "sd": 1.5036,
    "spearman": 0.5198,
    "spectral_loss": 0.0
}
                              
Test Results: {
    "ci": 0.6598,
    "classification_loss": 0.0,
    "cluster_loss": 0.0,
    "mae": 1.1867,
    "mse": 2.5004,
    "multiclassification_loss": 0.0,
    "ortho_loss": 0.0,
    "pearson": 0.4666,
    "regression_loss": 2.4932,
    "rm2": 0.2105,
    "rmse": 1.5813,
    "sd": 1.5346,
    "spearman": 0.4532,
    "spectral_loss": 0.0
}
                              
                              
----------------------------------------
Epoch 085 with LR 0.000100: Model Results
----------------------------------------
Train MSE Loss: 0.5499, Train CLS Loss: 0.0000, Train MCLS Loss: 0.0000
Protein Cluster Region Loss - Ortho Loss: 0.0000, Cluster Loss: 0.0000
                              
Validation Results: {
    "ci": 0.6841,
    "classification_loss": 0.0,
    "cluster_loss": 0.0,
    "mae": 1.1505,
    "mse": 2.6066,
    "multiclassification_loss": 0.0,
    "ortho_loss": 0.0,
    "pearson": 0.4851,
    "regression_loss": 2.6057,
    "rm2": 0.2086,
    "rmse": 1.6145,
    "sd": 1.5163,
    "spearman": 0.5074,
    "spectral_loss": 0.0
}
                              
Test Results: {
    "ci": 0.6598,
    "classification_loss": 0.0,
    "cluster_loss": 0.0,
    "mae": 1.1867,
    "mse": 2.5004,
    "multiclassification_loss": 0.0,
    "ortho_loss": 0.0,
    "pearson": 0.4666,
    "regression_loss": 2.4932,
    "rm2": 0.2105,
    "rmse": 1.5813,
    "sd": 1.5346,
    "spearman": 0.4532,
    "spectral_loss": 0.0
}
                              
                              
----------------------------------------
Epoch 086 with LR 0.000100: Model Results
----------------------------------------
Train MSE Loss: 0.5441, Train CLS Loss: 0.0000, Train MCLS Loss: 0.0000
Protein Cluster Region Loss - Ortho Loss: 0.0000, Cluster Loss: 0.0000
                              
Validation Results: {
    "ci": 0.6823,
    "classification_loss": 0.0,
    "cluster_loss": 0.0,
    "mae": 1.1834,
    "mse": 2.7586,
    "multiclassification_loss": 0.0,
    "ortho_loss": 0.0,
    "pearson": 0.4702,
    "regression_loss": 2.7578,
    "rm2": 0.1948,
    "rmse": 1.6609,
    "sd": 1.5303,
    "spearman": 0.504,
    "spectral_loss": 0.0
}
                              
Test Results: {
    "ci": 0.6598,
    "classification_loss": 0.0,
    "cluster_loss": 0.0,
    "mae": 1.1867,
    "mse": 2.5004,
    "multiclassification_loss": 0.0,
    "ortho_loss": 0.0,
    "pearson": 0.4666,
    "regression_loss": 2.4932,
    "rm2": 0.2105,
    "rmse": 1.5813,
    "sd": 1.5346,
    "spearman": 0.4532,
    "spectral_loss": 0.0
}
                              
                              
----------------------------------------
Epoch 087 with LR 0.000100: Model Results
----------------------------------------
Train MSE Loss: 0.5417, Train CLS Loss: 0.0000, Train MCLS Loss: 0.0000
Protein Cluster Region Loss - Ortho Loss: 0.0000, Cluster Loss: 0.0000
                              
Validation Results: {
    "ci": 0.6906,
    "classification_loss": 0.0,
    "cluster_loss": 0.0,
    "mae": 1.1342,
    "mse": 2.5457,
    "multiclassification_loss": 0.0,
    "ortho_loss": 0.0,
    "pearson": 0.5014,
    "regression_loss": 2.5449,
    "rm2": 0.2265,
    "rmse": 1.5955,
    "sd": 1.5002,
    "spearman": 0.5242,
    "spectral_loss": 0.0
}
                              
Test Results: {
    "ci": 0.6598,
    "classification_loss": 0.0,
    "cluster_loss": 0.0,
    "mae": 1.1867,
    "mse": 2.5004,
    "multiclassification_loss": 0.0,
    "ortho_loss": 0.0,
    "pearson": 0.4666,
    "regression_loss": 2.4932,
    "rm2": 0.2105,
    "rmse": 1.5813,
    "sd": 1.5346,
    "spearman": 0.4532,
    "spectral_loss": 0.0
}
                              
                              
----------------------------------------
Epoch 088 with LR 0.000100: Model Results
----------------------------------------
Train MSE Loss: 0.5393, Train CLS Loss: 0.0000, Train MCLS Loss: 0.0000
Protein Cluster Region Loss - Ortho Loss: 0.0000, Cluster Loss: 0.0000
                              
Validation Results: {
    "ci": 0.68,
    "classification_loss": 0.0,
    "cluster_loss": 0.0,
    "mae": 1.1786,
    "mse": 2.71,
    "multiclassification_loss": 0.0,
    "ortho_loss": 0.0,
    "pearson": 0.4725,
    "regression_loss": 2.7092,
    "rm2": 0.2008,
    "rmse": 1.6462,
    "sd": 1.5282,
    "spearman": 0.4976,
    "spectral_loss": 0.0
}
                              
Test Results: {
    "ci": 0.6598,
    "classification_loss": 0.0,
    "cluster_loss": 0.0,
    "mae": 1.1867,
    "mse": 2.5004,
    "multiclassification_loss": 0.0,
    "ortho_loss": 0.0,
    "pearson": 0.4666,
    "regression_loss": 2.4932,
    "rm2": 0.2105,
    "rmse": 1.5813,
    "sd": 1.5346,
    "spearman": 0.4532,
    "spectral_loss": 0.0
}
                              
                              
----------------------------------------
Epoch 089 with LR 0.000100: Model Results
----------------------------------------
Train MSE Loss: 0.5336, Train CLS Loss: 0.0000, Train MCLS Loss: 0.0000
Protein Cluster Region Loss - Ortho Loss: 0.0000, Cluster Loss: 0.0000
                              
Validation Results: {
    "ci": 0.6834,
    "classification_loss": 0.0,
    "cluster_loss": 0.0,
    "mae": 1.1623,
    "mse": 2.6133,
    "multiclassification_loss": 0.0,
    "ortho_loss": 0.0,
    "pearson": 0.4899,
    "regression_loss": 2.6124,
    "rm2": 0.2109,
    "rmse": 1.6166,
    "sd": 1.5116,
    "spearman": 0.5081,
    "spectral_loss": 0.0
}
                              
Test Results: {
    "ci": 0.6598,
    "classification_loss": 0.0,
    "cluster_loss": 0.0,
    "mae": 1.1867,
    "mse": 2.5004,
    "multiclassification_loss": 0.0,
    "ortho_loss": 0.0,
    "pearson": 0.4666,
    "regression_loss": 2.4932,
    "rm2": 0.2105,
    "rmse": 1.5813,
    "sd": 1.5346,
    "spearman": 0.4532,
    "spectral_loss": 0.0
}
                              
                              
----------------------------------------
Epoch 090 with LR 0.000100: Model Results
----------------------------------------
Train MSE Loss: 0.5498, Train CLS Loss: 0.0000, Train MCLS Loss: 0.0000
Protein Cluster Region Loss - Ortho Loss: 0.0000, Cluster Loss: 0.0000
                              
Validation Results: {
    "ci": 0.6853,
    "classification_loss": 0.0,
    "cluster_loss": 0.0,
    "mae": 1.1482,
    "mse": 2.5267,
    "multiclassification_loss": 0.0,
    "ortho_loss": 0.0,
    "pearson": 0.4965,
    "regression_loss": 2.5261,
    "rm2": 0.2167,
    "rmse": 1.5896,
    "sd": 1.5052,
    "spearman": 0.5128,
    "spectral_loss": 0.0
}
                              
Test Results: {
    "ci": 0.6598,
    "classification_loss": 0.0,
    "cluster_loss": 0.0,
    "mae": 1.1867,
    "mse": 2.5004,
    "multiclassification_loss": 0.0,
    "ortho_loss": 0.0,
    "pearson": 0.4666,
    "regression_loss": 2.4932,
    "rm2": 0.2105,
    "rmse": 1.5813,
    "sd": 1.5346,
    "spearman": 0.4532,
    "spectral_loss": 0.0
}
                              
                              
----------------------------------------
Epoch 091 with LR 0.000100: Model Results
----------------------------------------
Train MSE Loss: 0.5319, Train CLS Loss: 0.0000, Train MCLS Loss: 0.0000
Protein Cluster Region Loss - Ortho Loss: 0.0000, Cluster Loss: 0.0000
                              
Validation Results: {
    "ci": 0.6911,
    "classification_loss": 0.0,
    "cluster_loss": 0.0,
    "mae": 1.1452,
    "mse": 2.5404,
    "multiclassification_loss": 0.0,
    "ortho_loss": 0.0,
    "pearson": 0.5074,
    "regression_loss": 2.5397,
    "rm2": 0.2223,
    "rmse": 1.5939,
    "sd": 1.4942,
    "spearman": 0.529,
    "spectral_loss": 0.0
}
                              
Test Results: {
    "ci": 0.6598,
    "classification_loss": 0.0,
    "cluster_loss": 0.0,
    "mae": 1.1867,
    "mse": 2.5004,
    "multiclassification_loss": 0.0,
    "ortho_loss": 0.0,
    "pearson": 0.4666,
    "regression_loss": 2.4932,
    "rm2": 0.2105,
    "rmse": 1.5813,
    "sd": 1.5346,
    "spearman": 0.4532,
    "spectral_loss": 0.0
}
                              
                              
----------------------------------------
Epoch 092 with LR 0.000100: Model Results
----------------------------------------
Train MSE Loss: 0.5145, Train CLS Loss: 0.0000, Train MCLS Loss: 0.0000
Protein Cluster Region Loss - Ortho Loss: 0.0000, Cluster Loss: 0.0000
                              
Validation Results: {
    "ci": 0.6916,
    "classification_loss": 0.0,
    "cluster_loss": 0.0,
    "mae": 1.1315,
    "mse": 2.4887,
    "multiclassification_loss": 0.0,
    "ortho_loss": 0.0,
    "pearson": 0.5126,
    "regression_loss": 2.4879,
    "rm2": 0.229,
    "rmse": 1.5776,
    "sd": 1.4888,
    "spearman": 0.5288,
    "spectral_loss": 0.0
}
                              
Test Results: {
    "ci": 0.6598,
    "classification_loss": 0.0,
    "cluster_loss": 0.0,
    "mae": 1.1867,
    "mse": 2.5004,
    "multiclassification_loss": 0.0,
    "ortho_loss": 0.0,
    "pearson": 0.4666,
    "regression_loss": 2.4932,
    "rm2": 0.2105,
    "rmse": 1.5813,
    "sd": 1.5346,
    "spearman": 0.4532,
    "spectral_loss": 0.0
}
                              
                              
----------------------------------------
Epoch 093 with LR 0.000100: Model Results
----------------------------------------
Train MSE Loss: 0.5091, Train CLS Loss: 0.0000, Train MCLS Loss: 0.0000
Protein Cluster Region Loss - Ortho Loss: 0.0000, Cluster Loss: 0.0000
                              
Validation Results: {
    "ci": 0.6833,
    "classification_loss": 0.0,
    "cluster_loss": 0.0,
    "mae": 1.1687,
    "mse": 2.6489,
    "multiclassification_loss": 0.0,
    "ortho_loss": 0.0,
    "pearson": 0.4845,
    "regression_loss": 2.6482,
    "rm2": 0.2078,
    "rmse": 1.6276,
    "sd": 1.5169,
    "spearman": 0.506,
    "spectral_loss": 0.0
}
                              
Test Results: {
    "ci": 0.6598,
    "classification_loss": 0.0,
    "cluster_loss": 0.0,
    "mae": 1.1867,
    "mse": 2.5004,
    "multiclassification_loss": 0.0,
    "ortho_loss": 0.0,
    "pearson": 0.4666,
    "regression_loss": 2.4932,
    "rm2": 0.2105,
    "rmse": 1.5813,
    "sd": 1.5346,
    "spearman": 0.4532,
    "spectral_loss": 0.0
}
                              
                              
----------------------------------------
Epoch 094 with LR 0.000100: Model Results
----------------------------------------
Train MSE Loss: 0.5078, Train CLS Loss: 0.0000, Train MCLS Loss: 0.0000
Protein Cluster Region Loss - Ortho Loss: 0.0000, Cluster Loss: 0.0000
                              
Validation Results: {
    "ci": 0.6944,
    "classification_loss": 0.0,
    "cluster_loss": 0.0,
    "mae": 1.1246,
    "mse": 2.5074,
    "multiclassification_loss": 0.0,
    "ortho_loss": 0.0,
    "pearson": 0.516,
    "regression_loss": 2.5066,
    "rm2": 0.2342,
    "rmse": 1.5835,
    "sd": 1.4853,
    "spearman": 0.5341,
    "spectral_loss": 0.0
}
                              
Test Results: {
    "ci": 0.6598,
    "classification_loss": 0.0,
    "cluster_loss": 0.0,
    "mae": 1.1867,
    "mse": 2.5004,
    "multiclassification_loss": 0.0,
    "ortho_loss": 0.0,
    "pearson": 0.4666,
    "regression_loss": 2.4932,
    "rm2": 0.2105,
    "rmse": 1.5813,
    "sd": 1.5346,
    "spearman": 0.4532,
    "spectral_loss": 0.0
}
                              
                              
----------------------------------------
Epoch 095 with LR 0.000100: Model Results
----------------------------------------
Train MSE Loss: 0.4900, Train CLS Loss: 0.0000, Train MCLS Loss: 0.0000
Protein Cluster Region Loss - Ortho Loss: 0.0000, Cluster Loss: 0.0000
                              
Validation Results: {
    "ci": 0.6906,
    "classification_loss": 0.0,
    "cluster_loss": 0.0,
    "mae": 1.1506,
    "mse": 2.5957,
    "multiclassification_loss": 0.0,
    "ortho_loss": 0.0,
    "pearson": 0.5037,
    "regression_loss": 2.595,
    "rm2": 0.2188,
    "rmse": 1.6111,
    "sd": 1.498,
    "spearman": 0.5258,
    "spectral_loss": 0.0
}
                              
Test Results: {
    "ci": 0.6598,
    "classification_loss": 0.0,
    "cluster_loss": 0.0,
    "mae": 1.1867,
    "mse": 2.5004,
    "multiclassification_loss": 0.0,
    "ortho_loss": 0.0,
    "pearson": 0.4666,
    "regression_loss": 2.4932,
    "rm2": 0.2105,
    "rmse": 1.5813,
    "sd": 1.5346,
    "spearman": 0.4532,
    "spectral_loss": 0.0
}
                              
                              
----------------------------------------
Epoch 096 with LR 0.000100: Model Results
----------------------------------------
Train MSE Loss: 0.5018, Train CLS Loss: 0.0000, Train MCLS Loss: 0.0000
Protein Cluster Region Loss - Ortho Loss: 0.0000, Cluster Loss: 0.0000
                              
Validation Results: {
    "ci": 0.691,
    "classification_loss": 0.0,
    "cluster_loss": 0.0,
    "mae": 1.1247,
    "mse": 2.4651,
    "multiclassification_loss": 0.0,
    "ortho_loss": 0.0,
    "pearson": 0.5134,
    "regression_loss": 2.4643,
    "rm2": 0.2304,
    "rmse": 1.5701,
    "sd": 1.488,
    "spearman": 0.5252,
    "spectral_loss": 0.0
}
                              
Test Results: {
    "ci": 0.6598,
    "classification_loss": 0.0,
    "cluster_loss": 0.0,
    "mae": 1.1867,
    "mse": 2.5004,
    "multiclassification_loss": 0.0,
    "ortho_loss": 0.0,
    "pearson": 0.4666,
    "regression_loss": 2.4932,
    "rm2": 0.2105,
    "rmse": 1.5813,
    "sd": 1.5346,
    "spearman": 0.4532,
    "spectral_loss": 0.0
}
                              
                              
----------------------------------------
Epoch 097 with LR 0.000100: Model Results
----------------------------------------
Train MSE Loss: 0.4876, Train CLS Loss: 0.0000, Train MCLS Loss: 0.0000
Protein Cluster Region Loss - Ortho Loss: 0.0000, Cluster Loss: 0.0000
                              
Validation Results: {
    "ci": 0.6919,
    "classification_loss": 0.0,
    "cluster_loss": 0.0,
    "mae": 1.1322,
    "mse": 2.5119,
    "multiclassification_loss": 0.0,
    "ortho_loss": 0.0,
    "pearson": 0.507,
    "regression_loss": 2.5111,
    "rm2": 0.2258,
    "rmse": 1.5849,
    "sd": 1.4946,
    "spearman": 0.5283,
    "spectral_loss": 0.0
}
                              
Test Results: {
    "ci": 0.6598,
    "classification_loss": 0.0,
    "cluster_loss": 0.0,
    "mae": 1.1867,
    "mse": 2.5004,
    "multiclassification_loss": 0.0,
    "ortho_loss": 0.0,
    "pearson": 0.4666,
    "regression_loss": 2.4932,
    "rm2": 0.2105,
    "rmse": 1.5813,
    "sd": 1.5346,
    "spearman": 0.4532,
    "spectral_loss": 0.0
}
                              
                              
----------------------------------------
Epoch 098 with LR 0.000100: Model Results
----------------------------------------
Train MSE Loss: 0.5213, Train CLS Loss: 0.0000, Train MCLS Loss: 0.0000
Protein Cluster Region Loss - Ortho Loss: 0.0000, Cluster Loss: 0.0000
                              
Validation Results: {
    "ci": 0.6857,
    "classification_loss": 0.0,
    "cluster_loss": 0.0,
    "mae": 1.1583,
    "mse": 2.6419,
    "multiclassification_loss": 0.0,
    "ortho_loss": 0.0,
    "pearson": 0.4931,
    "regression_loss": 2.6411,
    "rm2": 0.2145,
    "rmse": 1.6254,
    "sd": 1.5085,
    "spearman": 0.514,
    "spectral_loss": 0.0
}
                              
Test Results: {
    "ci": 0.6598,
    "classification_loss": 0.0,
    "cluster_loss": 0.0,
    "mae": 1.1867,
    "mse": 2.5004,
    "multiclassification_loss": 0.0,
    "ortho_loss": 0.0,
    "pearson": 0.4666,
    "regression_loss": 2.4932,
    "rm2": 0.2105,
    "rmse": 1.5813,
    "sd": 1.5346,
    "spearman": 0.4532,
    "spectral_loss": 0.0
}
                              
                              
----------------------------------------
Epoch 099 with LR 0.000100: Model Results
----------------------------------------
Train MSE Loss: 0.5011, Train CLS Loss: 0.0000, Train MCLS Loss: 0.0000
Protein Cluster Region Loss - Ortho Loss: 0.0000, Cluster Loss: 0.0000
                              
Validation Results: {
    "ci": 0.6824,
    "classification_loss": 0.0,
    "cluster_loss": 0.0,
    "mae": 1.1755,
    "mse": 2.7802,
    "multiclassification_loss": 0.0,
    "ortho_loss": 0.0,
    "pearson": 0.4688,
    "regression_loss": 2.7792,
    "rm2": 0.1932,
    "rmse": 1.6674,
    "sd": 1.5317,
    "spearman": 0.4988,
    "spectral_loss": 0.0
}
                              
Test Results: {
    "ci": 0.6598,
    "classification_loss": 0.0,
    "cluster_loss": 0.0,
    "mae": 1.1867,
    "mse": 2.5004,
    "multiclassification_loss": 0.0,
    "ortho_loss": 0.0,
    "pearson": 0.4666,
    "regression_loss": 2.4932,
    "rm2": 0.2105,
    "rmse": 1.5813,
    "sd": 1.5346,
    "spearman": 0.4532,
    "spectral_loss": 0.0
}
                              
                              
----------------------------------------
Epoch 100 with LR 0.000100: Model Results
----------------------------------------
Train MSE Loss: 0.4915, Train CLS Loss: 0.0000, Train MCLS Loss: 0.0000
Protein Cluster Region Loss - Ortho Loss: 0.0000, Cluster Loss: 0.0000
                              
Validation Results: {
    "ci": 0.6865,
    "classification_loss": 0.0,
    "cluster_loss": 0.0,
    "mae": 1.1363,
    "mse": 2.5137,
    "multiclassification_loss": 0.0,
    "ortho_loss": 0.0,
    "pearson": 0.5012,
    "regression_loss": 2.5129,
    "rm2": 0.2236,
    "rmse": 1.5855,
    "sd": 1.5005,
    "spearman": 0.5144,
    "spectral_loss": 0.0
}
                              
Test Results: {
    "ci": 0.6598,
    "classification_loss": 0.0,
    "cluster_loss": 0.0,
    "mae": 1.1867,
    "mse": 2.5004,
    "multiclassification_loss": 0.0,
    "ortho_loss": 0.0,
    "pearson": 0.4666,
    "regression_loss": 2.4932,
    "rm2": 0.2105,
    "rmse": 1.5813,
    "sd": 1.5346,
    "spearman": 0.4532,
    "spectral_loss": 0.0
}
[best epoch] epoch=10, best_rmse=1.5326, lr_at_best=1.000e-04
                              
                              
----------------------------------------
Epoch 100 with LR 0.000100: Model Results
----------------------------------------
Train MSE Loss: 0.4915, Train CLS Loss: 0.0000, Train MCLS Loss: 0.0000
Protein Cluster Region Loss - Ortho Loss: 0.0000, Cluster Loss: 0.0000
                              
Validation Results: {
    "ci": 0.6865,
    "classification_loss": 0.0,
    "cluster_loss": 0.0,
    "mae": 1.1363,
    "mse": 2.5137,
    "multiclassification_loss": 0.0,
    "ortho_loss": 0.0,
    "pearson": 0.5012,
    "regression_loss": 2.5129,
    "rm2": 0.2236,
    "rmse": 1.5855,
    "sd": 1.5005,
    "spearman": 0.5144,
    "spectral_loss": 0.0
}
                              
Test Results: {
    "ci": 0.6598,
    "classification_loss": 0.0,
    "cluster_loss": 0.0,
    "mae": 1.1867,
    "mse": 2.5004,
    "multiclassification_loss": 0.0,
    "ortho_loss": 0.0,
    "pearson": 0.4666,
    "regression_loss": 2.4932,
    "rm2": 0.2105,
    "rmse": 1.5813,
    "sd": 1.5346,
    "spearman": 0.4532,
    "spectral_loss": 0.0
}
Final test metrics: rmse=4.3743, pearson=0.2357, r2_proxy(mse)=19.1343
Done. Predictions: /sc/arion/projects/DiseaseGeneCell/Huang_lab_project/wangcDrugRepoProject/TRACE_Kin_Results_v3/EITLEM_dataset/EITLEM_kkm_ProteinCLIP_embedding_cold_protein/test_prediction_seed1.csv; checkpoint: /sc/arion/projects/DiseaseGeneCell/Huang_lab_project/wangcDrugRepoProject/TRACE_Kin_Results_v3/EITLEM_dataset/EITLEM_kkm_ProteinCLIP_embedding_cold_protein/save_model_seed1/model.pt

==========================================
Array task 11/14: OK (EITLEM_kkm_ProteinCLIP_embedding_cold_protein)
==========================================


PS:

Read file <242575773.11.stderr> for stderr output of this job.

