Sender: LSF System <lsfadmin@lg02e13>
Subject: Job 242532286[10]: <trace_kin_v3[1-14]> in cluster <chimera> Done

Job <trace_kin_v3[1-14]> was submitted from host <li04e03> by user <wangc40> in cluster <chimera> at Thu May  7 22:42:26 2026
Job was executed on host(s) <16*lg02e13>, in queue <gpu>, as user <wangc40> in cluster <chimera> at Thu May  7 22:42:30 2026
</hpc/users/wangc40> was used as the home directory.
</sc/arion/projects/DiseaseGeneCell/Huang_lab_project/wangcDrugRepoProject/TRACE-Kin> was used as the working directory.
Started at Thu May  7 22:42:30 2026
Terminated at Fri May  8 01:06:09 2026
Results reported at Fri May  8 01:06:09 2026

Your job looked like:

------------------------------------------------------------
# LSBATCH: User input
#!/bin/bash
#BSUB -J trace_kin_v3[1-14]
#BSUB -P acc_DiseaseGeneCell
#BSUB -q gpu
#BSUB -R h100nvl
#BSUB -gpu num=1
#BSUB -n 16
#BSUB -R "rusage[mem=8000]"
#BSUB -R "span[hosts=1]"
#BSUB -W 48:00
#BSUB -o %J.%I.stdout
#BSUB -eo %J.%I.stderr
#BSUB -L /bin/bash

# =============================================================================
# TRACE-Kin v3 rerun — LSF job array
# =============================================================================
# Submit with:
#     bsub < training/run_v3_array.lsf
#
# Or chain off the smoke test (recommended):
#     bsub -w "done(<SMOKE_JOB_ID>)" < training/run_v3_array.lsf
#
# For the multi-seed ensemble (the paper config), submit additional seeds in
# parallel after the SEED=1 array completes (or alongside, as separate jobs):
#     SEED=2 bsub -J "trace_kin_v3_s2[1-14]" < training/run_v3_array.lsf
#     SEED=3 bsub -J "trace_kin_v3_s3[1-14]" < training/run_v3_array.lsf
# After all seeds finish, analysis/aggregate_results.py averages predictions
# across seeds before computing RMSE.
#
# LSF expands #BSUB -J trace_kin_v3[1-14] into 14 array tasks, each with a
# distinct ${LSB_JOBINDEX} in 1..14. The body looks up the per-index
# (dataset_source, dataset_name, pool_paths) tuple from the inline table below
# and invokes train_trace_kin.py with model_version=v3.
#
# The 14 tasks correspond to:
#   * 12 RF-gap targets (catalytic kinetics where v1 trails RF by 1.4%–8.7%)
#   * 2 Ki preservation guards (where v1 already wins, must not regress)
# =============================================================================

# --- Environment -------------------------------------------------------------
# Match the prologue of the proven-working PSICHIC LSFs verbatim — no
# `set -euo pipefail`. Mount Sinai's /etc/profile.d scripts return non-zero
# in places that aren't real errors, and errexit aborts the job before
# module + conda activation can complete.
ml purge
source ~/.bashrc
module load anaconda3/2024.06
source activate test
module load cuda/12.4.0

(... more ...)
------------------------------------------------------------

Successfully completed.

Resource usage summary:

    CPU time :                                   9230.00 sec.
    Max Memory :                                 51654 MB
    Average Memory :                             49726.66 MB
    Total Requested Memory :                     128000.00 MB
    Delta Memory :                               76346.00 MB
    Max Swap :                                   -
    Max Processes :                              4
    Max Threads :                                20
    Run time :                                   8619 sec.
    Turnaround time :                            8623 sec.

The output (if any) follows:

==========================================
TRACE-Kin v3 array task 10/14
==========================================
Date:        Thu May  7 22:42:33 EDT 2026
Dataset:     /sc/arion/projects/DiseaseGeneCell/Huang_lab_project/drug_discovery/output/data/enzyme_embeddings_dataset/EITLEM_dataset/EITLEM_kkm_MUTAPLM_embedding_cold_drug
Result:      /sc/arion/projects/DiseaseGeneCell/Huang_lab_project/wangcDrugRepoProject/TRACE_Kin_Results_v3/EITLEM_dataset/EITLEM_kkm_MUTAPLM_embedding_cold_drug
Config:      training/config_v3.json
Pool CSVs:   (none)
Model:       v3 (dual-head + learned gate)
Epochs:      100, batch=16, seed=1, lr=1e-4
==========================================
Python 3.12.2
Python: /sc/arion/work/wangc40/test-env/envs/test/bin/python
CUDA device: NVIDIA H100 80GB HBM3, sm_90
============================================================
TRACE-Kin training
============================================================
Datafolder:        /sc/arion/projects/DiseaseGeneCell/Huang_lab_project/drug_discovery/output/data/enzyme_embeddings_dataset/EITLEM_dataset/EITLEM_kkm_MUTAPLM_embedding_cold_drug
Result path:       /sc/arion/projects/DiseaseGeneCell/Huang_lab_project/wangcDrugRepoProject/TRACE_Kin_Results_v3/EITLEM_dataset/EITLEM_kkm_MUTAPLM_embedding_cold_drug
Config:            training/config_v3.json
Pool train CSVs:   (none)
============================================================
Loading primary train: /sc/arion/projects/DiseaseGeneCell/Huang_lab_project/drug_discovery/output/data/enzyme_embeddings_dataset/EITLEM_dataset/EITLEM_kkm_MUTAPLM_embedding_cold_drug/train.parquet
Loading primary test: /sc/arion/projects/DiseaseGeneCell/Huang_lab_project/drug_discovery/output/data/enzyme_embeddings_dataset/EITLEM_dataset/EITLEM_kkm_MUTAPLM_embedding_cold_drug/test.parquet
Loading primary val: /sc/arion/projects/DiseaseGeneCell/Huang_lab_project/drug_discovery/output/data/enzyme_embeddings_dataset/EITLEM_dataset/EITLEM_kkm_MUTAPLM_embedding_cold_drug/val.parquet
Detected prot_evo_channels = 4096
seq2feat: 6607 unique sequences.
model_version: v3, use_swa: False
Building protein graphs from scratch (this can be slow)...
U, B, O, or 0 in Sequence
U, B, O, or 0 in Sequence
U, B, O, or 0 in Sequence
U, B, O, or 0 in Sequence
U, B, O, or 0 in Sequence
U, B, O, or 0 in Sequence
Building ligand graphs from scratch...
loaders ready: train=610 test=156 val=93
Computing PNA degrees from training data...
Built TraceKinV3 with 10,724,891 parameters
[LR schedule] schedule_lr=False, lrate=0.0001, min_lrate=0, warmup_iters=0, lr_decay_iters=61000, total_iters=61000
Not in terminal, reprint now using normal build-in print function.
                              
                              
----------------------------------------
Epoch 001 with LR 0.000100: Model Results
----------------------------------------
Train MSE Loss: 2.7946, Train CLS Loss: 0.0000, Train MCLS Loss: 0.0000
Protein Cluster Region Loss - Ortho Loss: 1.6963, Cluster Loss: -2.5492
                              
Validation Results: {
    "ci": 0.6569,
    "classification_loss": 0.0,
    "cluster_loss": -2.4152,
    "mae": 1.2678,
    "mse": 2.6408,
    "multiclassification_loss": 0.0,
    "ortho_loss": 1.1132,
    "pearson": 0.4538,
    "regression_loss": 2.6629,
    "rm2": 0.1981,
    "rmse": 1.6251,
    "sd": 1.6183,
    "spearman": 0.4584,
    "spectral_loss": 0.0
}
                              
Test Results: {
    "ci": 0.6266,
    "classification_loss": 0.0,
    "cluster_loss": -2.4224,
    "mae": 1.2442,
    "mse": 2.4903,
    "multiclassification_loss": 0.0,
    "ortho_loss": 1.1201,
    "pearson": 0.3845,
    "regression_loss": 2.4852,
    "rm2": 0.1361,
    "rmse": 1.5781,
    "sd": 1.5573,
    "spearman": 0.3672,
    "spectral_loss": 0.0
}
                              
                              
----------------------------------------
Epoch 002 with LR 0.000100: Model Results
----------------------------------------
Train MSE Loss: 2.1272, Train CLS Loss: 0.0000, Train MCLS Loss: 0.0000
Protein Cluster Region Loss - Ortho Loss: 0.9560, Cluster Loss: -2.4074
                              
Validation Results: {
    "ci": 0.6578,
    "classification_loss": 0.0,
    "cluster_loss": -2.3945,
    "mae": 1.2583,
    "mse": 2.6104,
    "multiclassification_loss": 0.0,
    "ortho_loss": 0.9289,
    "pearson": 0.4675,
    "regression_loss": 2.6107,
    "rm2": 0.2146,
    "rmse": 1.6157,
    "sd": 1.6054,
    "spearman": 0.4633,
    "spectral_loss": 0.0
}
                              
Test Results: {
    "ci": 0.6341,
    "classification_loss": 0.0,
    "cluster_loss": -2.4031,
    "mae": 1.2029,
    "mse": 2.3927,
    "multiclassification_loss": 0.0,
    "ortho_loss": 0.9305,
    "pearson": 0.4224,
    "regression_loss": 2.3908,
    "rm2": 0.1783,
    "rmse": 1.5468,
    "sd": 1.5291,
    "spearman": 0.3871,
    "spectral_loss": 0.0
}
                              
                              
----------------------------------------
Epoch 003 with LR 0.000100: Model Results
----------------------------------------
Train MSE Loss: 1.7611, Train CLS Loss: 0.0000, Train MCLS Loss: 0.0000
Protein Cluster Region Loss - Ortho Loss: 0.8226, Cluster Loss: -2.4003
                              
Validation Results: {
    "ci": 0.6861,
    "classification_loss": 0.0,
    "cluster_loss": -2.3956,
    "mae": 1.1844,
    "mse": 2.3641,
    "multiclassification_loss": 0.0,
    "ortho_loss": 0.8533,
    "pearson": 0.5411,
    "regression_loss": 2.3902,
    "rm2": 0.2706,
    "rmse": 1.5376,
    "sd": 1.5272,
    "spearman": 0.5322,
    "spectral_loss": 0.0
}
                              
Test Results: {
    "ci": 0.6429,
    "classification_loss": 0.0,
    "cluster_loss": -2.4037,
    "mae": 1.1933,
    "mse": 2.3491,
    "multiclassification_loss": 0.0,
    "ortho_loss": 0.8615,
    "pearson": 0.4564,
    "regression_loss": 2.347,
    "rm2": 0.1876,
    "rmse": 1.5327,
    "sd": 1.5011,
    "spearman": 0.4099,
    "spectral_loss": 0.0
}
                              
                              
----------------------------------------
Epoch 004 with LR 0.000100: Model Results
----------------------------------------
Train MSE Loss: 1.5444, Train CLS Loss: 0.0000, Train MCLS Loss: 0.0000
Protein Cluster Region Loss - Ortho Loss: 0.7482, Cluster Loss: -2.4000
                              
Validation Results: {
    "ci": 0.6828,
    "classification_loss": 0.0,
    "cluster_loss": -2.3952,
    "mae": 1.1749,
    "mse": 2.3531,
    "multiclassification_loss": 0.0,
    "ortho_loss": 0.7821,
    "pearson": 0.5376,
    "regression_loss": 2.3744,
    "rm2": 0.2794,
    "rmse": 1.534,
    "sd": 1.5314,
    "spearman": 0.5225,
    "spectral_loss": 0.0
}
                              
Test Results: {
    "ci": 0.6573,
    "classification_loss": 0.0,
    "cluster_loss": -2.4026,
    "mae": 1.1441,
    "mse": 2.1976,
    "multiclassification_loss": 0.0,
    "ortho_loss": 0.7923,
    "pearson": 0.4921,
    "regression_loss": 2.1971,
    "rm2": 0.2297,
    "rmse": 1.4824,
    "sd": 1.4686,
    "spearman": 0.4471,
    "spectral_loss": 0.0
}
                              
                              
----------------------------------------
Epoch 005 with LR 0.000100: Model Results
----------------------------------------
Train MSE Loss: 1.4028, Train CLS Loss: 0.0000, Train MCLS Loss: 0.0000
Protein Cluster Region Loss - Ortho Loss: 0.6908, Cluster Loss: -2.4020
                              
Validation Results: {
    "ci": 0.6651,
    "classification_loss": 0.0,
    "cluster_loss": -2.3989,
    "mae": 1.2333,
    "mse": 2.5689,
    "multiclassification_loss": 0.0,
    "ortho_loss": 0.7476,
    "pearson": 0.4875,
    "regression_loss": 2.5636,
    "rm2": 0.2368,
    "rmse": 1.6028,
    "sd": 1.5856,
    "spearman": 0.4779,
    "spectral_loss": 0.0
}
                              
Test Results: {
    "ci": 0.6573,
    "classification_loss": 0.0,
    "cluster_loss": -2.4026,
    "mae": 1.1441,
    "mse": 2.1976,
    "multiclassification_loss": 0.0,
    "ortho_loss": 0.7923,
    "pearson": 0.4921,
    "regression_loss": 2.1971,
    "rm2": 0.2297,
    "rmse": 1.4824,
    "sd": 1.4686,
    "spearman": 0.4471,
    "spectral_loss": 0.0
}
                              
                              
----------------------------------------
Epoch 006 with LR 0.000100: Model Results
----------------------------------------
Train MSE Loss: 1.2839, Train CLS Loss: 0.0000, Train MCLS Loss: 0.0000
Protein Cluster Region Loss - Ortho Loss: 0.6514, Cluster Loss: -2.4041
                              
Validation Results: {
    "ci": 0.6826,
    "classification_loss": 0.0,
    "cluster_loss": -2.3971,
    "mae": 1.1859,
    "mse": 2.4215,
    "multiclassification_loss": 0.0,
    "ortho_loss": 0.7155,
    "pearson": 0.5347,
    "regression_loss": 2.4278,
    "rm2": 0.2757,
    "rmse": 1.5561,
    "sd": 1.5346,
    "spearman": 0.523,
    "spectral_loss": 0.0
}
                              
Test Results: {
    "ci": 0.6573,
    "classification_loss": 0.0,
    "cluster_loss": -2.4026,
    "mae": 1.1441,
    "mse": 2.1976,
    "multiclassification_loss": 0.0,
    "ortho_loss": 0.7923,
    "pearson": 0.4921,
    "regression_loss": 2.1971,
    "rm2": 0.2297,
    "rmse": 1.4824,
    "sd": 1.4686,
    "spearman": 0.4471,
    "spectral_loss": 0.0
}
                              
                              
----------------------------------------
Epoch 007 with LR 0.000100: Model Results
----------------------------------------
Train MSE Loss: 1.2268, Train CLS Loss: 0.0000, Train MCLS Loss: 0.0000
Protein Cluster Region Loss - Ortho Loss: 0.6145, Cluster Loss: -2.4066
                              
Validation Results: {
    "ci": 0.6941,
    "classification_loss": 0.0,
    "cluster_loss": -2.4058,
    "mae": 1.1588,
    "mse": 2.2994,
    "multiclassification_loss": 0.0,
    "ortho_loss": 0.7129,
    "pearson": 0.5698,
    "regression_loss": 2.325,
    "rm2": 0.3131,
    "rmse": 1.5164,
    "sd": 1.4924,
    "spearman": 0.5497,
    "spectral_loss": 0.0
}
                              
Test Results: {
    "ci": 0.6561,
    "classification_loss": 0.0,
    "cluster_loss": -2.413,
    "mae": 1.1722,
    "mse": 2.3705,
    "multiclassification_loss": 0.0,
    "ortho_loss": 0.7234,
    "pearson": 0.4909,
    "regression_loss": 2.3742,
    "rm2": 0.2243,
    "rmse": 1.5397,
    "sd": 1.4697,
    "spearman": 0.4444,
    "spectral_loss": 0.0
}
                              
                              
----------------------------------------
Epoch 008 with LR 0.000100: Model Results
----------------------------------------
Train MSE Loss: 1.1443, Train CLS Loss: 0.0000, Train MCLS Loss: 0.0000
Protein Cluster Region Loss - Ortho Loss: 0.5865, Cluster Loss: -2.4089
                              
Validation Results: {
    "ci": 0.6972,
    "classification_loss": 0.0,
    "cluster_loss": -2.4018,
    "mae": 1.1244,
    "mse": 2.2146,
    "multiclassification_loss": 0.0,
    "ortho_loss": 0.6951,
    "pearson": 0.5776,
    "regression_loss": 2.2389,
    "rm2": 0.3262,
    "rmse": 1.4882,
    "sd": 1.4825,
    "spearman": 0.5566,
    "spectral_loss": 0.0
}
                              
Test Results: {
    "ci": 0.663,
    "classification_loss": 0.0,
    "cluster_loss": -2.4087,
    "mae": 1.1326,
    "mse": 2.2113,
    "multiclassification_loss": 0.0,
    "ortho_loss": 0.7,
    "pearson": 0.5084,
    "regression_loss": 2.2123,
    "rm2": 0.2418,
    "rmse": 1.487,
    "sd": 1.4527,
    "spearman": 0.4621,
    "spectral_loss": 0.0
}
                              
                              
----------------------------------------
Epoch 009 with LR 0.000100: Model Results
----------------------------------------
Train MSE Loss: 1.1025, Train CLS Loss: 0.0000, Train MCLS Loss: 0.0000
Protein Cluster Region Loss - Ortho Loss: 0.5596, Cluster Loss: -2.4110
                              
Validation Results: {
    "ci": 0.6981,
    "classification_loss": 0.0,
    "cluster_loss": -2.4033,
    "mae": 1.1431,
    "mse": 2.2538,
    "multiclassification_loss": 0.0,
    "ortho_loss": 0.6523,
    "pearson": 0.5761,
    "regression_loss": 2.2886,
    "rm2": 0.2985,
    "rmse": 1.5013,
    "sd": 1.4844,
    "spearman": 0.5609,
    "spectral_loss": 0.0
}
                              
Test Results: {
    "ci": 0.663,
    "classification_loss": 0.0,
    "cluster_loss": -2.4087,
    "mae": 1.1326,
    "mse": 2.2113,
    "multiclassification_loss": 0.0,
    "ortho_loss": 0.7,
    "pearson": 0.5084,
    "regression_loss": 2.2123,
    "rm2": 0.2418,
    "rmse": 1.487,
    "sd": 1.4527,
    "spearman": 0.4621,
    "spectral_loss": 0.0
}
                              
                              
----------------------------------------
Epoch 010 with LR 0.000100: Model Results
----------------------------------------
Train MSE Loss: 1.0597, Train CLS Loss: 0.0000, Train MCLS Loss: 0.0000
Protein Cluster Region Loss - Ortho Loss: 0.5398, Cluster Loss: -2.4132
                              
Validation Results: {
    "ci": 0.6977,
    "classification_loss": 0.0,
    "cluster_loss": -2.4079,
    "mae": 1.1344,
    "mse": 2.2569,
    "multiclassification_loss": 0.0,
    "ortho_loss": 0.6291,
    "pearson": 0.5799,
    "regression_loss": 2.2927,
    "rm2": 0.3043,
    "rmse": 1.5023,
    "sd": 1.4795,
    "spearman": 0.5586,
    "spectral_loss": 0.0
}
                              
Test Results: {
    "ci": 0.663,
    "classification_loss": 0.0,
    "cluster_loss": -2.4087,
    "mae": 1.1326,
    "mse": 2.2113,
    "multiclassification_loss": 0.0,
    "ortho_loss": 0.7,
    "pearson": 0.5084,
    "regression_loss": 2.2123,
    "rm2": 0.2418,
    "rmse": 1.487,
    "sd": 1.4527,
    "spearman": 0.4621,
    "spectral_loss": 0.0
}
                              
                              
----------------------------------------
Epoch 011 with LR 0.000100: Model Results
----------------------------------------
Train MSE Loss: 1.0140, Train CLS Loss: 0.0000, Train MCLS Loss: 0.0000
Protein Cluster Region Loss - Ortho Loss: 0.5194, Cluster Loss: -2.4153
                              
Validation Results: {
    "ci": 0.6893,
    "classification_loss": 0.0,
    "cluster_loss": -2.4085,
    "mae": 1.167,
    "mse": 2.3721,
    "multiclassification_loss": 0.0,
    "ortho_loss": 0.6163,
    "pearson": 0.5534,
    "regression_loss": 2.3805,
    "rm2": 0.2736,
    "rmse": 1.5402,
    "sd": 1.5126,
    "spearman": 0.5397,
    "spectral_loss": 0.0
}
                              
Test Results: {
    "ci": 0.663,
    "classification_loss": 0.0,
    "cluster_loss": -2.4087,
    "mae": 1.1326,
    "mse": 2.2113,
    "multiclassification_loss": 0.0,
    "ortho_loss": 0.7,
    "pearson": 0.5084,
    "regression_loss": 2.2123,
    "rm2": 0.2418,
    "rmse": 1.487,
    "sd": 1.4527,
    "spearman": 0.4621,
    "spectral_loss": 0.0
}
                              
                              
----------------------------------------
Epoch 012 with LR 0.000100: Model Results
----------------------------------------
Train MSE Loss: 0.9758, Train CLS Loss: 0.0000, Train MCLS Loss: 0.0000
Protein Cluster Region Loss - Ortho Loss: 0.5028, Cluster Loss: -2.4175
                              
Validation Results: {
    "ci": 0.698,
    "classification_loss": 0.0,
    "cluster_loss": -2.4107,
    "mae": 1.1217,
    "mse": 2.1953,
    "multiclassification_loss": 0.0,
    "ortho_loss": 0.6072,
    "pearson": 0.5839,
    "regression_loss": 2.2254,
    "rm2": 0.3193,
    "rmse": 1.4817,
    "sd": 1.4744,
    "spearman": 0.5578,
    "spectral_loss": 0.0
}
                              
Test Results: {
    "ci": 0.6645,
    "classification_loss": 0.0,
    "cluster_loss": -2.4179,
    "mae": 1.1403,
    "mse": 2.1877,
    "multiclassification_loss": 0.0,
    "ortho_loss": 0.6178,
    "pearson": 0.5129,
    "regression_loss": 2.183,
    "rm2": 0.2382,
    "rmse": 1.4791,
    "sd": 1.4482,
    "spearman": 0.467,
    "spectral_loss": 0.0
}
                              
                              
----------------------------------------
Epoch 013 with LR 0.000100: Model Results
----------------------------------------
Train MSE Loss: 0.9404, Train CLS Loss: 0.0000, Train MCLS Loss: 0.0000
Protein Cluster Region Loss - Ortho Loss: 0.4899, Cluster Loss: -2.4197
                              
Validation Results: {
    "ci": 0.6955,
    "classification_loss": 0.0,
    "cluster_loss": -2.4095,
    "mae": 1.1691,
    "mse": 2.4016,
    "multiclassification_loss": 0.0,
    "ortho_loss": 0.6025,
    "pearson": 0.5692,
    "regression_loss": 2.3894,
    "rm2": 0.3094,
    "rmse": 1.5497,
    "sd": 1.4932,
    "spearman": 0.5563,
    "spectral_loss": 0.0
}
                              
Test Results: {
    "ci": 0.6645,
    "classification_loss": 0.0,
    "cluster_loss": -2.4179,
    "mae": 1.1403,
    "mse": 2.1877,
    "multiclassification_loss": 0.0,
    "ortho_loss": 0.6178,
    "pearson": 0.5129,
    "regression_loss": 2.183,
    "rm2": 0.2382,
    "rmse": 1.4791,
    "sd": 1.4482,
    "spearman": 0.467,
    "spectral_loss": 0.0
}
                              
                              
----------------------------------------
Epoch 014 with LR 0.000100: Model Results
----------------------------------------
Train MSE Loss: 0.9231, Train CLS Loss: 0.0000, Train MCLS Loss: 0.0000
Protein Cluster Region Loss - Ortho Loss: 0.4859, Cluster Loss: -2.4213
                              
Validation Results: {
    "ci": 0.6995,
    "classification_loss": 0.0,
    "cluster_loss": -2.4119,
    "mae": 1.1435,
    "mse": 2.296,
    "multiclassification_loss": 0.0,
    "ortho_loss": 0.6136,
    "pearson": 0.5801,
    "regression_loss": 2.338,
    "rm2": 0.2918,
    "rmse": 1.5153,
    "sd": 1.4793,
    "spearman": 0.5614,
    "spectral_loss": 0.0
}
                              
Test Results: {
    "ci": 0.6645,
    "classification_loss": 0.0,
    "cluster_loss": -2.4179,
    "mae": 1.1403,
    "mse": 2.1877,
    "multiclassification_loss": 0.0,
    "ortho_loss": 0.6178,
    "pearson": 0.5129,
    "regression_loss": 2.183,
    "rm2": 0.2382,
    "rmse": 1.4791,
    "sd": 1.4482,
    "spearman": 0.467,
    "spectral_loss": 0.0
}
                              
                              
----------------------------------------
Epoch 015 with LR 0.000100: Model Results
----------------------------------------
Train MSE Loss: 0.8957, Train CLS Loss: 0.0000, Train MCLS Loss: 0.0000
Protein Cluster Region Loss - Ortho Loss: 0.4670, Cluster Loss: -2.4234
                              
Validation Results: {
    "ci": 0.6999,
    "classification_loss": 0.0,
    "cluster_loss": -2.419,
    "mae": 1.1787,
    "mse": 2.3734,
    "multiclassification_loss": 0.0,
    "ortho_loss": 0.5952,
    "pearson": 0.5904,
    "regression_loss": 2.4124,
    "rm2": 0.2766,
    "rmse": 1.5406,
    "sd": 1.4658,
    "spearman": 0.5628,
    "spectral_loss": 0.0
}
                              
Test Results: {
    "ci": 0.6645,
    "classification_loss": 0.0,
    "cluster_loss": -2.4179,
    "mae": 1.1403,
    "mse": 2.1877,
    "multiclassification_loss": 0.0,
    "ortho_loss": 0.6178,
    "pearson": 0.5129,
    "regression_loss": 2.183,
    "rm2": 0.2382,
    "rmse": 1.4791,
    "sd": 1.4482,
    "spearman": 0.467,
    "spectral_loss": 0.0
}
                              
                              
----------------------------------------
Epoch 016 with LR 0.000100: Model Results
----------------------------------------
Train MSE Loss: 0.8844, Train CLS Loss: 0.0000, Train MCLS Loss: 0.0000
Protein Cluster Region Loss - Ortho Loss: 0.4594, Cluster Loss: -2.4250
                              
Validation Results: {
    "ci": 0.6926,
    "classification_loss": 0.0,
    "cluster_loss": -2.4174,
    "mae": 1.1418,
    "mse": 2.3159,
    "multiclassification_loss": 0.0,
    "ortho_loss": 0.5741,
    "pearson": 0.5729,
    "regression_loss": 2.3195,
    "rm2": 0.3088,
    "rmse": 1.5218,
    "sd": 1.4885,
    "spearman": 0.5442,
    "spectral_loss": 0.0
}
                              
Test Results: {
    "ci": 0.6645,
    "classification_loss": 0.0,
    "cluster_loss": -2.4179,
    "mae": 1.1403,
    "mse": 2.1877,
    "multiclassification_loss": 0.0,
    "ortho_loss": 0.6178,
    "pearson": 0.5129,
    "regression_loss": 2.183,
    "rm2": 0.2382,
    "rmse": 1.4791,
    "sd": 1.4482,
    "spearman": 0.467,
    "spectral_loss": 0.0
}
                              
                              
----------------------------------------
Epoch 017 with LR 0.000100: Model Results
----------------------------------------
Train MSE Loss: 0.8631, Train CLS Loss: 0.0000, Train MCLS Loss: 0.0000
Protein Cluster Region Loss - Ortho Loss: 0.4449, Cluster Loss: -2.4263
                              
Validation Results: {
    "ci": 0.7118,
    "classification_loss": 0.0,
    "cluster_loss": -2.4189,
    "mae": 1.0975,
    "mse": 2.1855,
    "multiclassification_loss": 0.0,
    "ortho_loss": 0.5642,
    "pearson": 0.6079,
    "regression_loss": 2.2069,
    "rm2": 0.3379,
    "rmse": 1.4783,
    "sd": 1.442,
    "spearman": 0.5876,
    "spectral_loss": 0.0
}
                              
Test Results: {
    "ci": 0.661,
    "classification_loss": 0.0,
    "cluster_loss": -2.4256,
    "mae": 1.1767,
    "mse": 2.3998,
    "multiclassification_loss": 0.0,
    "ortho_loss": 0.5733,
    "pearson": 0.5073,
    "regression_loss": 2.3939,
    "rm2": 0.227,
    "rmse": 1.5491,
    "sd": 1.4538,
    "spearman": 0.4567,
    "spectral_loss": 0.0
}
                              
                              
----------------------------------------
Epoch 018 with LR 0.000100: Model Results
----------------------------------------
Train MSE Loss: 0.8488, Train CLS Loss: 0.0000, Train MCLS Loss: 0.0000
Protein Cluster Region Loss - Ortho Loss: 0.4363, Cluster Loss: -2.4279
                              
Validation Results: {
    "ci": 0.6985,
    "classification_loss": 0.0,
    "cluster_loss": -2.4215,
    "mae": 1.1469,
    "mse": 2.2932,
    "multiclassification_loss": 0.0,
    "ortho_loss": 0.5663,
    "pearson": 0.5791,
    "regression_loss": 2.3001,
    "rm2": 0.3021,
    "rmse": 1.5143,
    "sd": 1.4805,
    "spearman": 0.5617,
    "spectral_loss": 0.0
}
                              
Test Results: {
    "ci": 0.661,
    "classification_loss": 0.0,
    "cluster_loss": -2.4256,
    "mae": 1.1767,
    "mse": 2.3998,
    "multiclassification_loss": 0.0,
    "ortho_loss": 0.5733,
    "pearson": 0.5073,
    "regression_loss": 2.3939,
    "rm2": 0.227,
    "rmse": 1.5491,
    "sd": 1.4538,
    "spearman": 0.4567,
    "spectral_loss": 0.0
}
                              
                              
----------------------------------------
Epoch 019 with LR 0.000100: Model Results
----------------------------------------
Train MSE Loss: 0.8105, Train CLS Loss: 0.0000, Train MCLS Loss: 0.0000
Protein Cluster Region Loss - Ortho Loss: 0.4310, Cluster Loss: -2.4289
                              
Validation Results: {
    "ci": 0.6928,
    "classification_loss": 0.0,
    "cluster_loss": -2.418,
    "mae": 1.1261,
    "mse": 2.2358,
    "multiclassification_loss": 0.0,
    "ortho_loss": 0.5509,
    "pearson": 0.5785,
    "regression_loss": 2.2516,
    "rm2": 0.3106,
    "rmse": 1.4953,
    "sd": 1.4813,
    "spearman": 0.5421,
    "spectral_loss": 0.0
}
                              
Test Results: {
    "ci": 0.661,
    "classification_loss": 0.0,
    "cluster_loss": -2.4256,
    "mae": 1.1767,
    "mse": 2.3998,
    "multiclassification_loss": 0.0,
    "ortho_loss": 0.5733,
    "pearson": 0.5073,
    "regression_loss": 2.3939,
    "rm2": 0.227,
    "rmse": 1.5491,
    "sd": 1.4538,
    "spearman": 0.4567,
    "spectral_loss": 0.0
}
                              
                              
----------------------------------------
Epoch 020 with LR 0.000100: Model Results
----------------------------------------
Train MSE Loss: 0.7996, Train CLS Loss: 0.0000, Train MCLS Loss: 0.0000
Protein Cluster Region Loss - Ortho Loss: 0.4200, Cluster Loss: -2.4301
                              
Validation Results: {
    "ci": 0.7059,
    "classification_loss": 0.0,
    "cluster_loss": -2.4219,
    "mae": 1.1081,
    "mse": 2.1856,
    "multiclassification_loss": 0.0,
    "ortho_loss": 0.5449,
    "pearson": 0.5988,
    "regression_loss": 2.2129,
    "rm2": 0.3361,
    "rmse": 1.4784,
    "sd": 1.4545,
    "spearman": 0.577,
    "spectral_loss": 0.0
}
                              
Test Results: {
    "ci": 0.661,
    "classification_loss": 0.0,
    "cluster_loss": -2.4256,
    "mae": 1.1767,
    "mse": 2.3998,
    "multiclassification_loss": 0.0,
    "ortho_loss": 0.5733,
    "pearson": 0.5073,
    "regression_loss": 2.3939,
    "rm2": 0.227,
    "rmse": 1.5491,
    "sd": 1.4538,
    "spearman": 0.4567,
    "spectral_loss": 0.0
}
                              
                              
----------------------------------------
Epoch 021 with LR 0.000100: Model Results
----------------------------------------
Train MSE Loss: 0.7878, Train CLS Loss: 0.0000, Train MCLS Loss: 0.0000
Protein Cluster Region Loss - Ortho Loss: 0.4164, Cluster Loss: -2.4316
                              
Validation Results: {
    "ci": 0.7018,
    "classification_loss": 0.0,
    "cluster_loss": -2.4229,
    "mae": 1.1156,
    "mse": 2.2323,
    "multiclassification_loss": 0.0,
    "ortho_loss": 0.5529,
    "pearson": 0.5796,
    "regression_loss": 2.2335,
    "rm2": 0.3088,
    "rmse": 1.4941,
    "sd": 1.4799,
    "spearman": 0.5643,
    "spectral_loss": 0.0
}
                              
Test Results: {
    "ci": 0.661,
    "classification_loss": 0.0,
    "cluster_loss": -2.4256,
    "mae": 1.1767,
    "mse": 2.3998,
    "multiclassification_loss": 0.0,
    "ortho_loss": 0.5733,
    "pearson": 0.5073,
    "regression_loss": 2.3939,
    "rm2": 0.227,
    "rmse": 1.5491,
    "sd": 1.4538,
    "spearman": 0.4567,
    "spectral_loss": 0.0
}
                              
                              
----------------------------------------
Epoch 022 with LR 0.000100: Model Results
----------------------------------------
Train MSE Loss: 0.7802, Train CLS Loss: 0.0000, Train MCLS Loss: 0.0000
Protein Cluster Region Loss - Ortho Loss: 0.4105, Cluster Loss: -2.4326
                              
Validation Results: {
    "ci": 0.707,
    "classification_loss": 0.0,
    "cluster_loss": -2.4248,
    "mae": 1.0957,
    "mse": 2.2028,
    "multiclassification_loss": 0.0,
    "ortho_loss": 0.5374,
    "pearson": 0.5903,
    "regression_loss": 2.2147,
    "rm2": 0.323,
    "rmse": 1.4842,
    "sd": 1.466,
    "spearman": 0.5761,
    "spectral_loss": 0.0
}
                              
Test Results: {
    "ci": 0.661,
    "classification_loss": 0.0,
    "cluster_loss": -2.4256,
    "mae": 1.1767,
    "mse": 2.3998,
    "multiclassification_loss": 0.0,
    "ortho_loss": 0.5733,
    "pearson": 0.5073,
    "regression_loss": 2.3939,
    "rm2": 0.227,
    "rmse": 1.5491,
    "sd": 1.4538,
    "spearman": 0.4567,
    "spectral_loss": 0.0
}
                              
                              
----------------------------------------
Epoch 023 with LR 0.000100: Model Results
----------------------------------------
Train MSE Loss: 0.7561, Train CLS Loss: 0.0000, Train MCLS Loss: 0.0000
Protein Cluster Region Loss - Ortho Loss: 0.4007, Cluster Loss: -2.4336
                              
Validation Results: {
    "ci": 0.7031,
    "classification_loss": 0.0,
    "cluster_loss": -2.4236,
    "mae": 1.1155,
    "mse": 2.2574,
    "multiclassification_loss": 0.0,
    "ortho_loss": 0.5232,
    "pearson": 0.5845,
    "regression_loss": 2.2564,
    "rm2": 0.3145,
    "rmse": 1.5025,
    "sd": 1.4735,
    "spearman": 0.5679,
    "spectral_loss": 0.0
}
                              
Test Results: {
    "ci": 0.661,
    "classification_loss": 0.0,
    "cluster_loss": -2.4256,
    "mae": 1.1767,
    "mse": 2.3998,
    "multiclassification_loss": 0.0,
    "ortho_loss": 0.5733,
    "pearson": 0.5073,
    "regression_loss": 2.3939,
    "rm2": 0.227,
    "rmse": 1.5491,
    "sd": 1.4538,
    "spearman": 0.4567,
    "spectral_loss": 0.0
}
                              
                              
----------------------------------------
Epoch 024 with LR 0.000100: Model Results
----------------------------------------
Train MSE Loss: 0.7426, Train CLS Loss: 0.0000, Train MCLS Loss: 0.0000
Protein Cluster Region Loss - Ortho Loss: 0.3917, Cluster Loss: -2.4345
                              
Validation Results: {
    "ci": 0.7001,
    "classification_loss": 0.0,
    "cluster_loss": -2.4263,
    "mae": 1.1356,
    "mse": 2.3186,
    "multiclassification_loss": 0.0,
    "ortho_loss": 0.5132,
    "pearson": 0.5822,
    "regression_loss": 2.3221,
    "rm2": 0.3119,
    "rmse": 1.5227,
    "sd": 1.4765,
    "spearman": 0.5578,
    "spectral_loss": 0.0
}
                              
Test Results: {
    "ci": 0.661,
    "classification_loss": 0.0,
    "cluster_loss": -2.4256,
    "mae": 1.1767,
    "mse": 2.3998,
    "multiclassification_loss": 0.0,
    "ortho_loss": 0.5733,
    "pearson": 0.5073,
    "regression_loss": 2.3939,
    "rm2": 0.227,
    "rmse": 1.5491,
    "sd": 1.4538,
    "spearman": 0.4567,
    "spectral_loss": 0.0
}
                              
                              
----------------------------------------
Epoch 025 with LR 0.000100: Model Results
----------------------------------------
Train MSE Loss: 0.7361, Train CLS Loss: 0.0000, Train MCLS Loss: 0.0000
Protein Cluster Region Loss - Ortho Loss: 0.3933, Cluster Loss: -2.4355
                              
Validation Results: {
    "ci": 0.7119,
    "classification_loss": 0.0,
    "cluster_loss": -2.4274,
    "mae": 1.0879,
    "mse": 2.1448,
    "multiclassification_loss": 0.0,
    "ortho_loss": 0.5237,
    "pearson": 0.6099,
    "regression_loss": 2.1677,
    "rm2": 0.3382,
    "rmse": 1.4645,
    "sd": 1.4392,
    "spearman": 0.5919,
    "spectral_loss": 0.0
}
                              
Test Results: {
    "ci": 0.6651,
    "classification_loss": 0.0,
    "cluster_loss": -2.4338,
    "mae": 1.1668,
    "mse": 2.3428,
    "multiclassification_loss": 0.0,
    "ortho_loss": 0.5367,
    "pearson": 0.5126,
    "regression_loss": 2.3381,
    "rm2": 0.2281,
    "rmse": 1.5306,
    "sd": 1.4485,
    "spearman": 0.4679,
    "spectral_loss": 0.0
}
                              
                              
----------------------------------------
Epoch 026 with LR 0.000100: Model Results
----------------------------------------
Train MSE Loss: 0.7237, Train CLS Loss: 0.0000, Train MCLS Loss: 0.0000
Protein Cluster Region Loss - Ortho Loss: 0.3867, Cluster Loss: -2.4365
                              
Validation Results: {
    "ci": 0.7068,
    "classification_loss": 0.0,
    "cluster_loss": -2.4303,
    "mae": 1.1117,
    "mse": 2.1761,
    "multiclassification_loss": 0.0,
    "ortho_loss": 0.5357,
    "pearson": 0.6025,
    "regression_loss": 2.1946,
    "rm2": 0.3338,
    "rmse": 1.4752,
    "sd": 1.4495,
    "spearman": 0.5804,
    "spectral_loss": 0.0
}
                              
Test Results: {
    "ci": 0.6651,
    "classification_loss": 0.0,
    "cluster_loss": -2.4338,
    "mae": 1.1668,
    "mse": 2.3428,
    "multiclassification_loss": 0.0,
    "ortho_loss": 0.5367,
    "pearson": 0.5126,
    "regression_loss": 2.3381,
    "rm2": 0.2281,
    "rmse": 1.5306,
    "sd": 1.4485,
    "spearman": 0.4679,
    "spectral_loss": 0.0
}
                              
                              
----------------------------------------
Epoch 027 with LR 0.000100: Model Results
----------------------------------------
Train MSE Loss: 0.7068, Train CLS Loss: 0.0000, Train MCLS Loss: 0.0000
Protein Cluster Region Loss - Ortho Loss: 0.3822, Cluster Loss: -2.4376
                              
Validation Results: {
    "ci": 0.6982,
    "classification_loss": 0.0,
    "cluster_loss": -2.4267,
    "mae": 1.112,
    "mse": 2.2304,
    "multiclassification_loss": 0.0,
    "ortho_loss": 0.5087,
    "pearson": 0.5886,
    "regression_loss": 2.2584,
    "rm2": 0.3267,
    "rmse": 1.4935,
    "sd": 1.4682,
    "spearman": 0.5548,
    "spectral_loss": 0.0
}
                              
Test Results: {
    "ci": 0.6651,
    "classification_loss": 0.0,
    "cluster_loss": -2.4338,
    "mae": 1.1668,
    "mse": 2.3428,
    "multiclassification_loss": 0.0,
    "ortho_loss": 0.5367,
    "pearson": 0.5126,
    "regression_loss": 2.3381,
    "rm2": 0.2281,
    "rmse": 1.5306,
    "sd": 1.4485,
    "spearman": 0.4679,
    "spectral_loss": 0.0
}
                              
                              
----------------------------------------
Epoch 028 with LR 0.000100: Model Results
----------------------------------------
Train MSE Loss: 0.6948, Train CLS Loss: 0.0000, Train MCLS Loss: 0.0000
Protein Cluster Region Loss - Ortho Loss: 0.3760, Cluster Loss: -2.4383
                              
Validation Results: {
    "ci": 0.7068,
    "classification_loss": 0.0,
    "cluster_loss": -2.4301,
    "mae": 1.1115,
    "mse": 2.2324,
    "multiclassification_loss": 0.0,
    "ortho_loss": 0.5135,
    "pearson": 0.5883,
    "regression_loss": 2.2741,
    "rm2": 0.3069,
    "rmse": 1.4941,
    "sd": 1.4685,
    "spearman": 0.5785,
    "spectral_loss": 0.0
}
                              
Test Results: {
    "ci": 0.6651,
    "classification_loss": 0.0,
    "cluster_loss": -2.4338,
    "mae": 1.1668,
    "mse": 2.3428,
    "multiclassification_loss": 0.0,
    "ortho_loss": 0.5367,
    "pearson": 0.5126,
    "regression_loss": 2.3381,
    "rm2": 0.2281,
    "rmse": 1.5306,
    "sd": 1.4485,
    "spearman": 0.4679,
    "spectral_loss": 0.0
}
                              
                              
----------------------------------------
Epoch 029 with LR 0.000100: Model Results
----------------------------------------
Train MSE Loss: 0.6897, Train CLS Loss: 0.0000, Train MCLS Loss: 0.0000
Protein Cluster Region Loss - Ortho Loss: 0.3740, Cluster Loss: -2.4391
                              
Validation Results: {
    "ci": 0.7048,
    "classification_loss": 0.0,
    "cluster_loss": -2.4322,
    "mae": 1.1215,
    "mse": 2.2373,
    "multiclassification_loss": 0.0,
    "ortho_loss": 0.5084,
    "pearson": 0.594,
    "regression_loss": 2.2467,
    "rm2": 0.3104,
    "rmse": 1.4958,
    "sd": 1.461,
    "spearman": 0.5745,
    "spectral_loss": 0.0
}
                              
Test Results: {
    "ci": 0.6651,
    "classification_loss": 0.0,
    "cluster_loss": -2.4338,
    "mae": 1.1668,
    "mse": 2.3428,
    "multiclassification_loss": 0.0,
    "ortho_loss": 0.5367,
    "pearson": 0.5126,
    "regression_loss": 2.3381,
    "rm2": 0.2281,
    "rmse": 1.5306,
    "sd": 1.4485,
    "spearman": 0.4679,
    "spectral_loss": 0.0
}
                              
                              
----------------------------------------
Epoch 030 with LR 0.000100: Model Results
----------------------------------------
Train MSE Loss: 0.6660, Train CLS Loss: 0.0000, Train MCLS Loss: 0.0000
Protein Cluster Region Loss - Ortho Loss: 0.3713, Cluster Loss: -2.4401
                              
Validation Results: {
    "ci": 0.7089,
    "classification_loss": 0.0,
    "cluster_loss": -2.4312,
    "mae": 1.1148,
    "mse": 2.2732,
    "multiclassification_loss": 0.0,
    "ortho_loss": 0.5168,
    "pearson": 0.5918,
    "regression_loss": 2.2991,
    "rm2": 0.3081,
    "rmse": 1.5077,
    "sd": 1.4639,
    "spearman": 0.5816,
    "spectral_loss": 0.0
}
                              
Test Results: {
    "ci": 0.6651,
    "classification_loss": 0.0,
    "cluster_loss": -2.4338,
    "mae": 1.1668,
    "mse": 2.3428,
    "multiclassification_loss": 0.0,
    "ortho_loss": 0.5367,
    "pearson": 0.5126,
    "regression_loss": 2.3381,
    "rm2": 0.2281,
    "rmse": 1.5306,
    "sd": 1.4485,
    "spearman": 0.4679,
    "spectral_loss": 0.0
}
                              
                              
----------------------------------------
Epoch 031 with LR 0.000100: Model Results
----------------------------------------
Train MSE Loss: 0.6625, Train CLS Loss: 0.0000, Train MCLS Loss: 0.0000
Protein Cluster Region Loss - Ortho Loss: 0.3669, Cluster Loss: -2.4408
                              
Validation Results: {
    "ci": 0.7074,
    "classification_loss": 0.0,
    "cluster_loss": -2.4308,
    "mae": 1.0959,
    "mse": 2.1753,
    "multiclassification_loss": 0.0,
    "ortho_loss": 0.5029,
    "pearson": 0.5989,
    "regression_loss": 2.1811,
    "rm2": 0.3504,
    "rmse": 1.4749,
    "sd": 1.4544,
    "spearman": 0.5789,
    "spectral_loss": 0.0
}
                              
Test Results: {
    "ci": 0.6651,
    "classification_loss": 0.0,
    "cluster_loss": -2.4338,
    "mae": 1.1668,
    "mse": 2.3428,
    "multiclassification_loss": 0.0,
    "ortho_loss": 0.5367,
    "pearson": 0.5126,
    "regression_loss": 2.3381,
    "rm2": 0.2281,
    "rmse": 1.5306,
    "sd": 1.4485,
    "spearman": 0.4679,
    "spectral_loss": 0.0
}
                              
                              
----------------------------------------
Epoch 032 with LR 0.000100: Model Results
----------------------------------------
Train MSE Loss: 0.6577, Train CLS Loss: 0.0000, Train MCLS Loss: 0.0000
Protein Cluster Region Loss - Ortho Loss: 0.3578, Cluster Loss: -2.4415
                              
Validation Results: {
    "ci": 0.7053,
    "classification_loss": 0.0,
    "cluster_loss": -2.4318,
    "mae": 1.1158,
    "mse": 2.2326,
    "multiclassification_loss": 0.0,
    "ortho_loss": 0.5087,
    "pearson": 0.5903,
    "regression_loss": 2.2364,
    "rm2": 0.3451,
    "rmse": 1.4942,
    "sd": 1.4659,
    "spearman": 0.5733,
    "spectral_loss": 0.0
}
                              
Test Results: {
    "ci": 0.6651,
    "classification_loss": 0.0,
    "cluster_loss": -2.4338,
    "mae": 1.1668,
    "mse": 2.3428,
    "multiclassification_loss": 0.0,
    "ortho_loss": 0.5367,
    "pearson": 0.5126,
    "regression_loss": 2.3381,
    "rm2": 0.2281,
    "rmse": 1.5306,
    "sd": 1.4485,
    "spearman": 0.4679,
    "spectral_loss": 0.0
}
                              
                              
----------------------------------------
Epoch 033 with LR 0.000100: Model Results
----------------------------------------
Train MSE Loss: 0.6506, Train CLS Loss: 0.0000, Train MCLS Loss: 0.0000
Protein Cluster Region Loss - Ortho Loss: 0.3561, Cluster Loss: -2.4423
                              
Validation Results: {
    "ci": 0.7066,
    "classification_loss": 0.0,
    "cluster_loss": -2.4343,
    "mae": 1.117,
    "mse": 2.195,
    "multiclassification_loss": 0.0,
    "ortho_loss": 0.5001,
    "pearson": 0.6037,
    "regression_loss": 2.227,
    "rm2": 0.3144,
    "rmse": 1.4816,
    "sd": 1.4478,
    "spearman": 0.5794,
    "spectral_loss": 0.0
}
                              
Test Results: {
    "ci": 0.6651,
    "classification_loss": 0.0,
    "cluster_loss": -2.4338,
    "mae": 1.1668,
    "mse": 2.3428,
    "multiclassification_loss": 0.0,
    "ortho_loss": 0.5367,
    "pearson": 0.5126,
    "regression_loss": 2.3381,
    "rm2": 0.2281,
    "rmse": 1.5306,
    "sd": 1.4485,
    "spearman": 0.4679,
    "spectral_loss": 0.0
}
                              
                              
----------------------------------------
Epoch 034 with LR 0.000100: Model Results
----------------------------------------
Train MSE Loss: 0.6476, Train CLS Loss: 0.0000, Train MCLS Loss: 0.0000
Protein Cluster Region Loss - Ortho Loss: 0.3525, Cluster Loss: -2.4429
                              
Validation Results: {
    "ci": 0.7093,
    "classification_loss": 0.0,
    "cluster_loss": -2.4323,
    "mae": 1.1036,
    "mse": 2.2177,
    "multiclassification_loss": 0.0,
    "ortho_loss": 0.5,
    "pearson": 0.6021,
    "regression_loss": 2.2201,
    "rm2": 0.3486,
    "rmse": 1.4892,
    "sd": 1.4499,
    "spearman": 0.5813,
    "spectral_loss": 0.0
}
                              
Test Results: {
    "ci": 0.6651,
    "classification_loss": 0.0,
    "cluster_loss": -2.4338,
    "mae": 1.1668,
    "mse": 2.3428,
    "multiclassification_loss": 0.0,
    "ortho_loss": 0.5367,
    "pearson": 0.5126,
    "regression_loss": 2.3381,
    "rm2": 0.2281,
    "rmse": 1.5306,
    "sd": 1.4485,
    "spearman": 0.4679,
    "spectral_loss": 0.0
}
                              
                              
----------------------------------------
Epoch 035 with LR 0.000100: Model Results
----------------------------------------
Train MSE Loss: 0.6380, Train CLS Loss: 0.0000, Train MCLS Loss: 0.0000
Protein Cluster Region Loss - Ortho Loss: 0.3510, Cluster Loss: -2.4434
                              
Validation Results: {
    "ci": 0.711,
    "classification_loss": 0.0,
    "cluster_loss": -2.4354,
    "mae": 1.0962,
    "mse": 2.1826,
    "multiclassification_loss": 0.0,
    "ortho_loss": 0.4893,
    "pearson": 0.6084,
    "regression_loss": 2.1895,
    "rm2": 0.3323,
    "rmse": 1.4774,
    "sd": 1.4413,
    "spearman": 0.5879,
    "spectral_loss": 0.0
}
                              
Test Results: {
    "ci": 0.6651,
    "classification_loss": 0.0,
    "cluster_loss": -2.4338,
    "mae": 1.1668,
    "mse": 2.3428,
    "multiclassification_loss": 0.0,
    "ortho_loss": 0.5367,
    "pearson": 0.5126,
    "regression_loss": 2.3381,
    "rm2": 0.2281,
    "rmse": 1.5306,
    "sd": 1.4485,
    "spearman": 0.4679,
    "spectral_loss": 0.0
}
                              
                              
----------------------------------------
Epoch 036 with LR 0.000100: Model Results
----------------------------------------
Train MSE Loss: 0.6218, Train CLS Loss: 0.0000, Train MCLS Loss: 0.0000
Protein Cluster Region Loss - Ortho Loss: 0.3435, Cluster Loss: -2.4440
                              
Validation Results: {
    "ci": 0.7113,
    "classification_loss": 0.0,
    "cluster_loss": -2.436,
    "mae": 1.0699,
    "mse": 2.1186,
    "multiclassification_loss": 0.0,
    "ortho_loss": 0.4889,
    "pearson": 0.6075,
    "regression_loss": 2.135,
    "rm2": 0.3397,
    "rmse": 1.4555,
    "sd": 1.4426,
    "spearman": 0.5844,
    "spectral_loss": 0.0
}
                              
Test Results: {
    "ci": 0.668,
    "classification_loss": 0.0,
    "cluster_loss": -2.4427,
    "mae": 1.132,
    "mse": 2.2143,
    "multiclassification_loss": 0.0,
    "ortho_loss": 0.4993,
    "pearson": 0.5197,
    "regression_loss": 2.2095,
    "rm2": 0.2421,
    "rmse": 1.4881,
    "sd": 1.4413,
    "spearman": 0.4746,
    "spectral_loss": 0.0
}
                              
                              
----------------------------------------
Epoch 037 with LR 0.000100: Model Results
----------------------------------------
Train MSE Loss: 0.6158, Train CLS Loss: 0.0000, Train MCLS Loss: 0.0000
Protein Cluster Region Loss - Ortho Loss: 0.3436, Cluster Loss: -2.4447
                              
Validation Results: {
    "ci": 0.7104,
    "classification_loss": 0.0,
    "cluster_loss": -2.4345,
    "mae": 1.1032,
    "mse": 2.1957,
    "multiclassification_loss": 0.0,
    "ortho_loss": 0.4844,
    "pearson": 0.6035,
    "regression_loss": 2.2053,
    "rm2": 0.3408,
    "rmse": 1.4818,
    "sd": 1.4481,
    "spearman": 0.5864,
    "spectral_loss": 0.0
}
                              
Test Results: {
    "ci": 0.668,
    "classification_loss": 0.0,
    "cluster_loss": -2.4427,
    "mae": 1.132,
    "mse": 2.2143,
    "multiclassification_loss": 0.0,
    "ortho_loss": 0.4993,
    "pearson": 0.5197,
    "regression_loss": 2.2095,
    "rm2": 0.2421,
    "rmse": 1.4881,
    "sd": 1.4413,
    "spearman": 0.4746,
    "spectral_loss": 0.0
}
                              
                              
----------------------------------------
Epoch 038 with LR 0.000100: Model Results
----------------------------------------
Train MSE Loss: 0.6142, Train CLS Loss: 0.0000, Train MCLS Loss: 0.0000
Protein Cluster Region Loss - Ortho Loss: 0.3341, Cluster Loss: -2.4449
                              
Validation Results: {
    "ci": 0.6985,
    "classification_loss": 0.0,
    "cluster_loss": -2.4363,
    "mae": 1.1503,
    "mse": 2.3214,
    "multiclassification_loss": 0.0,
    "ortho_loss": 0.4826,
    "pearson": 0.5852,
    "regression_loss": 2.3248,
    "rm2": 0.3385,
    "rmse": 1.5236,
    "sd": 1.4726,
    "spearman": 0.5548,
    "spectral_loss": 0.0
}
                              
Test Results: {
    "ci": 0.668,
    "classification_loss": 0.0,
    "cluster_loss": -2.4427,
    "mae": 1.132,
    "mse": 2.2143,
    "multiclassification_loss": 0.0,
    "ortho_loss": 0.4993,
    "pearson": 0.5197,
    "regression_loss": 2.2095,
    "rm2": 0.2421,
    "rmse": 1.4881,
    "sd": 1.4413,
    "spearman": 0.4746,
    "spectral_loss": 0.0
}
                              
                              
----------------------------------------
Epoch 039 with LR 0.000100: Model Results
----------------------------------------
Train MSE Loss: 0.5997, Train CLS Loss: 0.0000, Train MCLS Loss: 0.0000
Protein Cluster Region Loss - Ortho Loss: 0.3376, Cluster Loss: -2.4455
                              
Validation Results: {
    "ci": 0.7123,
    "classification_loss": 0.0,
    "cluster_loss": -2.4401,
    "mae": 1.0946,
    "mse": 2.1621,
    "multiclassification_loss": 0.0,
    "ortho_loss": 0.5078,
    "pearson": 0.6131,
    "regression_loss": 2.1841,
    "rm2": 0.3666,
    "rmse": 1.4704,
    "sd": 1.4347,
    "spearman": 0.5881,
    "spectral_loss": 0.0
}
                              
Test Results: {
    "ci": 0.668,
    "classification_loss": 0.0,
    "cluster_loss": -2.4427,
    "mae": 1.132,
    "mse": 2.2143,
    "multiclassification_loss": 0.0,
    "ortho_loss": 0.4993,
    "pearson": 0.5197,
    "regression_loss": 2.2095,
    "rm2": 0.2421,
    "rmse": 1.4881,
    "sd": 1.4413,
    "spearman": 0.4746,
    "spectral_loss": 0.0
}
                              
                              
----------------------------------------
Epoch 040 with LR 0.000100: Model Results
----------------------------------------
Train MSE Loss: 0.5925, Train CLS Loss: 0.0000, Train MCLS Loss: 0.0000
Protein Cluster Region Loss - Ortho Loss: 0.3336, Cluster Loss: -2.4464
                              
Validation Results: {
    "ci": 0.7027,
    "classification_loss": 0.0,
    "cluster_loss": -2.4365,
    "mae": 1.1046,
    "mse": 2.2004,
    "multiclassification_loss": 0.0,
    "ortho_loss": 0.4743,
    "pearson": 0.5935,
    "regression_loss": 2.2232,
    "rm2": 0.325,
    "rmse": 1.4834,
    "sd": 1.4617,
    "spearman": 0.5656,
    "spectral_loss": 0.0
}
                              
Test Results: {
    "ci": 0.668,
    "classification_loss": 0.0,
    "cluster_loss": -2.4427,
    "mae": 1.132,
    "mse": 2.2143,
    "multiclassification_loss": 0.0,
    "ortho_loss": 0.4993,
    "pearson": 0.5197,
    "regression_loss": 2.2095,
    "rm2": 0.2421,
    "rmse": 1.4881,
    "sd": 1.4413,
    "spearman": 0.4746,
    "spectral_loss": 0.0
}
                              
                              
----------------------------------------
Epoch 041 with LR 0.000100: Model Results
----------------------------------------
Train MSE Loss: 0.5866, Train CLS Loss: 0.0000, Train MCLS Loss: 0.0000
Protein Cluster Region Loss - Ortho Loss: 0.3310, Cluster Loss: -2.4469
                              
Validation Results: {
    "ci": 0.7201,
    "classification_loss": 0.0,
    "cluster_loss": -2.4381,
    "mae": 1.0681,
    "mse": 2.0809,
    "multiclassification_loss": 0.0,
    "ortho_loss": 0.4792,
    "pearson": 0.624,
    "regression_loss": 2.0967,
    "rm2": 0.3631,
    "rmse": 1.4425,
    "sd": 1.4192,
    "spearman": 0.6099,
    "spectral_loss": 0.0
}
                              
Test Results: {
    "ci": 0.6651,
    "classification_loss": 0.0,
    "cluster_loss": -2.4442,
    "mae": 1.1605,
    "mse": 2.3794,
    "multiclassification_loss": 0.0,
    "ortho_loss": 0.4903,
    "pearson": 0.5103,
    "regression_loss": 2.3764,
    "rm2": 0.2321,
    "rmse": 1.5425,
    "sd": 1.4508,
    "spearman": 0.4663,
    "spectral_loss": 0.0
}
                              
                              
----------------------------------------
Epoch 042 with LR 0.000100: Model Results
----------------------------------------
Train MSE Loss: 0.5839, Train CLS Loss: 0.0000, Train MCLS Loss: 0.0000
Protein Cluster Region Loss - Ortho Loss: 0.3287, Cluster Loss: -2.4474
                              
Validation Results: {
    "ci": 0.7044,
    "classification_loss": 0.0,
    "cluster_loss": -2.4404,
    "mae": 1.1099,
    "mse": 2.2237,
    "multiclassification_loss": 0.0,
    "ortho_loss": 0.4763,
    "pearson": 0.5933,
    "regression_loss": 2.2354,
    "rm2": 0.3264,
    "rmse": 1.4912,
    "sd": 1.462,
    "spearman": 0.5701,
    "spectral_loss": 0.0
}
                              
Test Results: {
    "ci": 0.6651,
    "classification_loss": 0.0,
    "cluster_loss": -2.4442,
    "mae": 1.1605,
    "mse": 2.3794,
    "multiclassification_loss": 0.0,
    "ortho_loss": 0.4903,
    "pearson": 0.5103,
    "regression_loss": 2.3764,
    "rm2": 0.2321,
    "rmse": 1.5425,
    "sd": 1.4508,
    "spearman": 0.4663,
    "spectral_loss": 0.0
}
                              
                              
----------------------------------------
Epoch 043 with LR 0.000100: Model Results
----------------------------------------
Train MSE Loss: 0.5773, Train CLS Loss: 0.0000, Train MCLS Loss: 0.0000
Protein Cluster Region Loss - Ortho Loss: 0.3248, Cluster Loss: -2.4480
                              
Validation Results: {
    "ci": 0.7042,
    "classification_loss": 0.0,
    "cluster_loss": -2.4441,
    "mae": 1.1371,
    "mse": 2.3238,
    "multiclassification_loss": 0.0,
    "ortho_loss": 0.5316,
    "pearson": 0.5892,
    "regression_loss": 2.3202,
    "rm2": 0.3441,
    "rmse": 1.5244,
    "sd": 1.4674,
    "spearman": 0.5684,
    "spectral_loss": 0.0
}
                              
Test Results: {
    "ci": 0.6651,
    "classification_loss": 0.0,
    "cluster_loss": -2.4442,
    "mae": 1.1605,
    "mse": 2.3794,
    "multiclassification_loss": 0.0,
    "ortho_loss": 0.4903,
    "pearson": 0.5103,
    "regression_loss": 2.3764,
    "rm2": 0.2321,
    "rmse": 1.5425,
    "sd": 1.4508,
    "spearman": 0.4663,
    "spectral_loss": 0.0
}
                              
                              
----------------------------------------
Epoch 044 with LR 0.000100: Model Results
----------------------------------------
Train MSE Loss: 0.5684, Train CLS Loss: 0.0000, Train MCLS Loss: 0.0000
Protein Cluster Region Loss - Ortho Loss: 0.3216, Cluster Loss: -2.4488
                              
Validation Results: {
    "ci": 0.7084,
    "classification_loss": 0.0,
    "cluster_loss": -2.442,
    "mae": 1.0897,
    "mse": 2.1795,
    "multiclassification_loss": 0.0,
    "ortho_loss": 0.4779,
    "pearson": 0.6011,
    "regression_loss": 2.1906,
    "rm2": 0.3275,
    "rmse": 1.4763,
    "sd": 1.4513,
    "spearman": 0.577,
    "spectral_loss": 0.0
}
                              
Test Results: {
    "ci": 0.6651,
    "classification_loss": 0.0,
    "cluster_loss": -2.4442,
    "mae": 1.1605,
    "mse": 2.3794,
    "multiclassification_loss": 0.0,
    "ortho_loss": 0.4903,
    "pearson": 0.5103,
    "regression_loss": 2.3764,
    "rm2": 0.2321,
    "rmse": 1.5425,
    "sd": 1.4508,
    "spearman": 0.4663,
    "spectral_loss": 0.0
}
                              
                              
----------------------------------------
Epoch 045 with LR 0.000100: Model Results
----------------------------------------
Train MSE Loss: 0.5645, Train CLS Loss: 0.0000, Train MCLS Loss: 0.0000
Protein Cluster Region Loss - Ortho Loss: 0.3212, Cluster Loss: -2.4491
                              
Validation Results: {
    "ci": 0.7031,
    "classification_loss": 0.0,
    "cluster_loss": -2.4418,
    "mae": 1.1155,
    "mse": 2.2887,
    "multiclassification_loss": 0.0,
    "ortho_loss": 0.4823,
    "pearson": 0.5856,
    "regression_loss": 2.2933,
    "rm2": 0.31,
    "rmse": 1.5129,
    "sd": 1.4722,
    "spearman": 0.5616,
    "spectral_loss": 0.0
}
                              
Test Results: {
    "ci": 0.6651,
    "classification_loss": 0.0,
    "cluster_loss": -2.4442,
    "mae": 1.1605,
    "mse": 2.3794,
    "multiclassification_loss": 0.0,
    "ortho_loss": 0.4903,
    "pearson": 0.5103,
    "regression_loss": 2.3764,
    "rm2": 0.2321,
    "rmse": 1.5425,
    "sd": 1.4508,
    "spearman": 0.4663,
    "spectral_loss": 0.0
}
                              
                              
----------------------------------------
Epoch 046 with LR 0.000100: Model Results
----------------------------------------
Train MSE Loss: 0.5427, Train CLS Loss: 0.0000, Train MCLS Loss: 0.0000
Protein Cluster Region Loss - Ortho Loss: 0.3178, Cluster Loss: -2.4496
                              
Validation Results: {
    "ci": 0.7057,
    "classification_loss": 0.0,
    "cluster_loss": -2.439,
    "mae": 1.1148,
    "mse": 2.2675,
    "multiclassification_loss": 0.0,
    "ortho_loss": 0.4541,
    "pearson": 0.5969,
    "regression_loss": 2.2941,
    "rm2": 0.3043,
    "rmse": 1.5058,
    "sd": 1.4571,
    "spearman": 0.5715,
    "spectral_loss": 0.0
}
                              
Test Results: {
    "ci": 0.6651,
    "classification_loss": 0.0,
    "cluster_loss": -2.4442,
    "mae": 1.1605,
    "mse": 2.3794,
    "multiclassification_loss": 0.0,
    "ortho_loss": 0.4903,
    "pearson": 0.5103,
    "regression_loss": 2.3764,
    "rm2": 0.2321,
    "rmse": 1.5425,
    "sd": 1.4508,
    "spearman": 0.4663,
    "spectral_loss": 0.0
}
                              
                              
----------------------------------------
Epoch 047 with LR 0.000100: Model Results
----------------------------------------
Train MSE Loss: 0.5481, Train CLS Loss: 0.0000, Train MCLS Loss: 0.0000
Protein Cluster Region Loss - Ortho Loss: 0.3152, Cluster Loss: -2.4500
                              
Validation Results: {
    "ci": 0.7074,
    "classification_loss": 0.0,
    "cluster_loss": -2.4354,
    "mae": 1.1199,
    "mse": 2.2439,
    "multiclassification_loss": 0.0,
    "ortho_loss": 0.4574,
    "pearson": 0.6019,
    "regression_loss": 2.2732,
    "rm2": 0.3067,
    "rmse": 1.498,
    "sd": 1.4502,
    "spearman": 0.579,
    "spectral_loss": 0.0
}
                              
Test Results: {
    "ci": 0.6651,
    "classification_loss": 0.0,
    "cluster_loss": -2.4442,
    "mae": 1.1605,
    "mse": 2.3794,
    "multiclassification_loss": 0.0,
    "ortho_loss": 0.4903,
    "pearson": 0.5103,
    "regression_loss": 2.3764,
    "rm2": 0.2321,
    "rmse": 1.5425,
    "sd": 1.4508,
    "spearman": 0.4663,
    "spectral_loss": 0.0
}
                              
                              
----------------------------------------
Epoch 048 with LR 0.000100: Model Results
----------------------------------------
Train MSE Loss: 0.5425, Train CLS Loss: 0.0000, Train MCLS Loss: 0.0000
Protein Cluster Region Loss - Ortho Loss: 0.3093, Cluster Loss: -2.4504
                              
Validation Results: {
    "ci": 0.7117,
    "classification_loss": 0.0,
    "cluster_loss": -2.4439,
    "mae": 1.099,
    "mse": 2.1757,
    "multiclassification_loss": 0.0,
    "ortho_loss": 0.4656,
    "pearson": 0.6128,
    "regression_loss": 2.1919,
    "rm2": 0.3299,
    "rmse": 1.475,
    "sd": 1.4351,
    "spearman": 0.5885,
    "spectral_loss": 0.0
}
                              
Test Results: {
    "ci": 0.6651,
    "classification_loss": 0.0,
    "cluster_loss": -2.4442,
    "mae": 1.1605,
    "mse": 2.3794,
    "multiclassification_loss": 0.0,
    "ortho_loss": 0.4903,
    "pearson": 0.5103,
    "regression_loss": 2.3764,
    "rm2": 0.2321,
    "rmse": 1.5425,
    "sd": 1.4508,
    "spearman": 0.4663,
    "spectral_loss": 0.0
}
                              
                              
----------------------------------------
Epoch 049 with LR 0.000100: Model Results
----------------------------------------
Train MSE Loss: 0.5376, Train CLS Loss: 0.0000, Train MCLS Loss: 0.0000
Protein Cluster Region Loss - Ortho Loss: 0.3095, Cluster Loss: -2.4510
                              
Validation Results: {
    "ci": 0.7165,
    "classification_loss": 0.0,
    "cluster_loss": -2.4415,
    "mae": 1.086,
    "mse": 2.1175,
    "multiclassification_loss": 0.0,
    "ortho_loss": 0.4559,
    "pearson": 0.6154,
    "regression_loss": 2.1262,
    "rm2": 0.3542,
    "rmse": 1.4552,
    "sd": 1.4314,
    "spearman": 0.602,
    "spectral_loss": 0.0
}
                              
Test Results: {
    "ci": 0.6651,
    "classification_loss": 0.0,
    "cluster_loss": -2.4442,
    "mae": 1.1605,
    "mse": 2.3794,
    "multiclassification_loss": 0.0,
    "ortho_loss": 0.4903,
    "pearson": 0.5103,
    "regression_loss": 2.3764,
    "rm2": 0.2321,
    "rmse": 1.5425,
    "sd": 1.4508,
    "spearman": 0.4663,
    "spectral_loss": 0.0
}
                              
                              
----------------------------------------
Epoch 050 with LR 0.000100: Model Results
----------------------------------------
Train MSE Loss: 0.5321, Train CLS Loss: 0.0000, Train MCLS Loss: 0.0000
Protein Cluster Region Loss - Ortho Loss: 0.3120, Cluster Loss: -2.4514
                              
Validation Results: {
    "ci": 0.713,
    "classification_loss": 0.0,
    "cluster_loss": -2.4444,
    "mae": 1.0911,
    "mse": 2.1622,
    "multiclassification_loss": 0.0,
    "ortho_loss": 0.4733,
    "pearson": 0.6158,
    "regression_loss": 2.1808,
    "rm2": 0.3357,
    "rmse": 1.4705,
    "sd": 1.4309,
    "spearman": 0.5907,
    "spectral_loss": 0.0
}
                              
Test Results: {
    "ci": 0.6651,
    "classification_loss": 0.0,
    "cluster_loss": -2.4442,
    "mae": 1.1605,
    "mse": 2.3794,
    "multiclassification_loss": 0.0,
    "ortho_loss": 0.4903,
    "pearson": 0.5103,
    "regression_loss": 2.3764,
    "rm2": 0.2321,
    "rmse": 1.5425,
    "sd": 1.4508,
    "spearman": 0.4663,
    "spectral_loss": 0.0
}
                              
                              
----------------------------------------
Epoch 051 with LR 0.000100: Model Results
----------------------------------------
Train MSE Loss: 0.5309, Train CLS Loss: 0.0000, Train MCLS Loss: 0.0000
Protein Cluster Region Loss - Ortho Loss: 0.3044, Cluster Loss: -2.4518
                              
Validation Results: {
    "ci": 0.7101,
    "classification_loss": 0.0,
    "cluster_loss": -2.4424,
    "mae": 1.1027,
    "mse": 2.1633,
    "multiclassification_loss": 0.0,
    "ortho_loss": 0.45,
    "pearson": 0.6029,
    "regression_loss": 2.1648,
    "rm2": 0.3373,
    "rmse": 1.4708,
    "sd": 1.4489,
    "spearman": 0.5836,
    "spectral_loss": 0.0
}
                              
Test Results: {
    "ci": 0.6651,
    "classification_loss": 0.0,
    "cluster_loss": -2.4442,
    "mae": 1.1605,
    "mse": 2.3794,
    "multiclassification_loss": 0.0,
    "ortho_loss": 0.4903,
    "pearson": 0.5103,
    "regression_loss": 2.3764,
    "rm2": 0.2321,
    "rmse": 1.5425,
    "sd": 1.4508,
    "spearman": 0.4663,
    "spectral_loss": 0.0
}
                              
                              
----------------------------------------
Epoch 052 with LR 0.000100: Model Results
----------------------------------------
Train MSE Loss: 0.5215, Train CLS Loss: 0.0000, Train MCLS Loss: 0.0000
Protein Cluster Region Loss - Ortho Loss: 0.3026, Cluster Loss: -2.4521
                              
Validation Results: {
    "ci": 0.7055,
    "classification_loss": 0.0,
    "cluster_loss": -2.4403,
    "mae": 1.1242,
    "mse": 2.2512,
    "multiclassification_loss": 0.0,
    "ortho_loss": 0.4639,
    "pearson": 0.596,
    "regression_loss": 2.2605,
    "rm2": 0.3297,
    "rmse": 1.5004,
    "sd": 1.4583,
    "spearman": 0.5735,
    "spectral_loss": 0.0
}
                              
Test Results: {
    "ci": 0.6651,
    "classification_loss": 0.0,
    "cluster_loss": -2.4442,
    "mae": 1.1605,
    "mse": 2.3794,
    "multiclassification_loss": 0.0,
    "ortho_loss": 0.4903,
    "pearson": 0.5103,
    "regression_loss": 2.3764,
    "rm2": 0.2321,
    "rmse": 1.5425,
    "sd": 1.4508,
    "spearman": 0.4663,
    "spectral_loss": 0.0
}
                              
                              
----------------------------------------
Epoch 053 with LR 0.000100: Model Results
----------------------------------------
Train MSE Loss: 0.5243, Train CLS Loss: 0.0000, Train MCLS Loss: 0.0000
Protein Cluster Region Loss - Ortho Loss: 0.3044, Cluster Loss: -2.4528
                              
Validation Results: {
    "ci": 0.7164,
    "classification_loss": 0.0,
    "cluster_loss": -2.4426,
    "mae": 1.0809,
    "mse": 2.1141,
    "multiclassification_loss": 0.0,
    "ortho_loss": 0.4549,
    "pearson": 0.6196,
    "regression_loss": 2.1246,
    "rm2": 0.3694,
    "rmse": 1.454,
    "sd": 1.4254,
    "spearman": 0.6006,
    "spectral_loss": 0.0
}
                              
Test Results: {
    "ci": 0.6651,
    "classification_loss": 0.0,
    "cluster_loss": -2.4442,
    "mae": 1.1605,
    "mse": 2.3794,
    "multiclassification_loss": 0.0,
    "ortho_loss": 0.4903,
    "pearson": 0.5103,
    "regression_loss": 2.3764,
    "rm2": 0.2321,
    "rmse": 1.5425,
    "sd": 1.4508,
    "spearman": 0.4663,
    "spectral_loss": 0.0
}
                              
                              
----------------------------------------
Epoch 054 with LR 0.000100: Model Results
----------------------------------------
Train MSE Loss: 0.5218, Train CLS Loss: 0.0000, Train MCLS Loss: 0.0000
Protein Cluster Region Loss - Ortho Loss: 0.2989, Cluster Loss: -2.4532
                              
Validation Results: {
    "ci": 0.7075,
    "classification_loss": 0.0,
    "cluster_loss": -2.4425,
    "mae": 1.1033,
    "mse": 2.2265,
    "multiclassification_loss": 0.0,
    "ortho_loss": 0.4511,
    "pearson": 0.6013,
    "regression_loss": 2.2286,
    "rm2": 0.3234,
    "rmse": 1.4922,
    "sd": 1.451,
    "spearman": 0.5769,
    "spectral_loss": 0.0
}
                              
Test Results: {
    "ci": 0.6651,
    "classification_loss": 0.0,
    "cluster_loss": -2.4442,
    "mae": 1.1605,
    "mse": 2.3794,
    "multiclassification_loss": 0.0,
    "ortho_loss": 0.4903,
    "pearson": 0.5103,
    "regression_loss": 2.3764,
    "rm2": 0.2321,
    "rmse": 1.5425,
    "sd": 1.4508,
    "spearman": 0.4663,
    "spectral_loss": 0.0
}
                              
                              
----------------------------------------
Epoch 055 with LR 0.000100: Model Results
----------------------------------------
Train MSE Loss: 0.5065, Train CLS Loss: 0.0000, Train MCLS Loss: 0.0000
Protein Cluster Region Loss - Ortho Loss: 0.3011, Cluster Loss: -2.4537
                              
Validation Results: {
    "ci": 0.71,
    "classification_loss": 0.0,
    "cluster_loss": -2.4433,
    "mae": 1.106,
    "mse": 2.2292,
    "multiclassification_loss": 0.0,
    "ortho_loss": 0.4579,
    "pearson": 0.6023,
    "regression_loss": 2.2409,
    "rm2": 0.343,
    "rmse": 1.493,
    "sd": 1.4497,
    "spearman": 0.5822,
    "spectral_loss": 0.0
}
                              
Test Results: {
    "ci": 0.6651,
    "classification_loss": 0.0,
    "cluster_loss": -2.4442,
    "mae": 1.1605,
    "mse": 2.3794,
    "multiclassification_loss": 0.0,
    "ortho_loss": 0.4903,
    "pearson": 0.5103,
    "regression_loss": 2.3764,
    "rm2": 0.2321,
    "rmse": 1.5425,
    "sd": 1.4508,
    "spearman": 0.4663,
    "spectral_loss": 0.0
}
                              
                              
----------------------------------------
Epoch 056 with LR 0.000100: Model Results
----------------------------------------
Train MSE Loss: 0.5016, Train CLS Loss: 0.0000, Train MCLS Loss: 0.0000
Protein Cluster Region Loss - Ortho Loss: 0.2989, Cluster Loss: -2.4544
                              
Validation Results: {
    "ci": 0.713,
    "classification_loss": 0.0,
    "cluster_loss": -2.4425,
    "mae": 1.0887,
    "mse": 2.1576,
    "multiclassification_loss": 0.0,
    "ortho_loss": 0.4492,
    "pearson": 0.6102,
    "regression_loss": 2.1857,
    "rm2": 0.3445,
    "rmse": 1.4689,
    "sd": 1.4388,
    "spearman": 0.5886,
    "spectral_loss": 0.0
}
                              
Test Results: {
    "ci": 0.6651,
    "classification_loss": 0.0,
    "cluster_loss": -2.4442,
    "mae": 1.1605,
    "mse": 2.3794,
    "multiclassification_loss": 0.0,
    "ortho_loss": 0.4903,
    "pearson": 0.5103,
    "regression_loss": 2.3764,
    "rm2": 0.2321,
    "rmse": 1.5425,
    "sd": 1.4508,
    "spearman": 0.4663,
    "spectral_loss": 0.0
}
                              
                              
----------------------------------------
Epoch 057 with LR 0.000100: Model Results
----------------------------------------
Train MSE Loss: 0.5054, Train CLS Loss: 0.0000, Train MCLS Loss: 0.0000
Protein Cluster Region Loss - Ortho Loss: 0.2917, Cluster Loss: -2.4544
                              
Validation Results: {
    "ci": 0.7108,
    "classification_loss": 0.0,
    "cluster_loss": -2.4461,
    "mae": 1.1011,
    "mse": 2.2224,
    "multiclassification_loss": 0.0,
    "ortho_loss": 0.4474,
    "pearson": 0.6074,
    "regression_loss": 2.253,
    "rm2": 0.318,
    "rmse": 1.4908,
    "sd": 1.4427,
    "spearman": 0.5843,
    "spectral_loss": 0.0
}
                              
Test Results: {
    "ci": 0.6651,
    "classification_loss": 0.0,
    "cluster_loss": -2.4442,
    "mae": 1.1605,
    "mse": 2.3794,
    "multiclassification_loss": 0.0,
    "ortho_loss": 0.4903,
    "pearson": 0.5103,
    "regression_loss": 2.3764,
    "rm2": 0.2321,
    "rmse": 1.5425,
    "sd": 1.4508,
    "spearman": 0.4663,
    "spectral_loss": 0.0
}
                              
                              
----------------------------------------
Epoch 058 with LR 0.000100: Model Results
----------------------------------------
Train MSE Loss: 0.4921, Train CLS Loss: 0.0000, Train MCLS Loss: 0.0000
Protein Cluster Region Loss - Ortho Loss: 0.2936, Cluster Loss: -2.4548
                              
Validation Results: {
    "ci": 0.7041,
    "classification_loss": 0.0,
    "cluster_loss": -2.4457,
    "mae": 1.1309,
    "mse": 2.2643,
    "multiclassification_loss": 0.0,
    "ortho_loss": 0.4526,
    "pearson": 0.5917,
    "regression_loss": 2.2748,
    "rm2": 0.3197,
    "rmse": 1.5048,
    "sd": 1.4641,
    "spearman": 0.5699,
    "spectral_loss": 0.0
}
                              
Test Results: {
    "ci": 0.6651,
    "classification_loss": 0.0,
    "cluster_loss": -2.4442,
    "mae": 1.1605,
    "mse": 2.3794,
    "multiclassification_loss": 0.0,
    "ortho_loss": 0.4903,
    "pearson": 0.5103,
    "regression_loss": 2.3764,
    "rm2": 0.2321,
    "rmse": 1.5425,
    "sd": 1.4508,
    "spearman": 0.4663,
    "spectral_loss": 0.0
}
                              
                              
----------------------------------------
Epoch 059 with LR 0.000100: Model Results
----------------------------------------
Train MSE Loss: 0.4919, Train CLS Loss: 0.0000, Train MCLS Loss: 0.0000
Protein Cluster Region Loss - Ortho Loss: 0.2919, Cluster Loss: -2.4551
                              
Validation Results: {
    "ci": 0.7145,
    "classification_loss": 0.0,
    "cluster_loss": -2.4453,
    "mae": 1.0863,
    "mse": 2.1732,
    "multiclassification_loss": 0.0,
    "ortho_loss": 0.4448,
    "pearson": 0.6139,
    "regression_loss": 2.1808,
    "rm2": 0.3445,
    "rmse": 1.4742,
    "sd": 1.4335,
    "spearman": 0.5946,
    "spectral_loss": 0.0
}
                              
Test Results: {
    "ci": 0.6651,
    "classification_loss": 0.0,
    "cluster_loss": -2.4442,
    "mae": 1.1605,
    "mse": 2.3794,
    "multiclassification_loss": 0.0,
    "ortho_loss": 0.4903,
    "pearson": 0.5103,
    "regression_loss": 2.3764,
    "rm2": 0.2321,
    "rmse": 1.5425,
    "sd": 1.4508,
    "spearman": 0.4663,
    "spectral_loss": 0.0
}
                              
                              
----------------------------------------
Epoch 060 with LR 0.000100: Model Results
----------------------------------------
Train MSE Loss: 0.4775, Train CLS Loss: 0.0000, Train MCLS Loss: 0.0000
Protein Cluster Region Loss - Ortho Loss: 0.2888, Cluster Loss: -2.4556
                              
Validation Results: {
    "ci": 0.7055,
    "classification_loss": 0.0,
    "cluster_loss": -2.4467,
    "mae": 1.109,
    "mse": 2.2308,
    "multiclassification_loss": 0.0,
    "ortho_loss": 0.4425,
    "pearson": 0.6049,
    "regression_loss": 2.2614,
    "rm2": 0.3101,
    "rmse": 1.4936,
    "sd": 1.4461,
    "spearman": 0.5727,
    "spectral_loss": 0.0
}
                              
Test Results: {
    "ci": 0.6651,
    "classification_loss": 0.0,
    "cluster_loss": -2.4442,
    "mae": 1.1605,
    "mse": 2.3794,
    "multiclassification_loss": 0.0,
    "ortho_loss": 0.4903,
    "pearson": 0.5103,
    "regression_loss": 2.3764,
    "rm2": 0.2321,
    "rmse": 1.5425,
    "sd": 1.4508,
    "spearman": 0.4663,
    "spectral_loss": 0.0
}
                              
                              
----------------------------------------
Epoch 061 with LR 0.000100: Model Results
----------------------------------------
Train MSE Loss: 0.4869, Train CLS Loss: 0.0000, Train MCLS Loss: 0.0000
Protein Cluster Region Loss - Ortho Loss: 0.2876, Cluster Loss: -2.4560
                              
Validation Results: {
    "ci": 0.7115,
    "classification_loss": 0.0,
    "cluster_loss": -2.4446,
    "mae": 1.1134,
    "mse": 2.2087,
    "multiclassification_loss": 0.0,
    "ortho_loss": 0.4426,
    "pearson": 0.6039,
    "regression_loss": 2.2283,
    "rm2": 0.3423,
    "rmse": 1.4862,
    "sd": 1.4475,
    "spearman": 0.5872,
    "spectral_loss": 0.0
}
                              
Test Results: {
    "ci": 0.6651,
    "classification_loss": 0.0,
    "cluster_loss": -2.4442,
    "mae": 1.1605,
    "mse": 2.3794,
    "multiclassification_loss": 0.0,
    "ortho_loss": 0.4903,
    "pearson": 0.5103,
    "regression_loss": 2.3764,
    "rm2": 0.2321,
    "rmse": 1.5425,
    "sd": 1.4508,
    "spearman": 0.4663,
    "spectral_loss": 0.0
}
                              
                              
----------------------------------------
Epoch 062 with LR 0.000100: Model Results
----------------------------------------
Train MSE Loss: 0.4818, Train CLS Loss: 0.0000, Train MCLS Loss: 0.0000
Protein Cluster Region Loss - Ortho Loss: 0.2872, Cluster Loss: -2.4566
                              
Validation Results: {
    "ci": 0.7057,
    "classification_loss": 0.0,
    "cluster_loss": -2.443,
    "mae": 1.0922,
    "mse": 2.1549,
    "multiclassification_loss": 0.0,
    "ortho_loss": 0.4442,
    "pearson": 0.6033,
    "regression_loss": 2.1649,
    "rm2": 0.3385,
    "rmse": 1.4679,
    "sd": 1.4483,
    "spearman": 0.5703,
    "spectral_loss": 0.0
}
                              
Test Results: {
    "ci": 0.6651,
    "classification_loss": 0.0,
    "cluster_loss": -2.4442,
    "mae": 1.1605,
    "mse": 2.3794,
    "multiclassification_loss": 0.0,
    "ortho_loss": 0.4903,
    "pearson": 0.5103,
    "regression_loss": 2.3764,
    "rm2": 0.2321,
    "rmse": 1.5425,
    "sd": 1.4508,
    "spearman": 0.4663,
    "spectral_loss": 0.0
}
                              
                              
----------------------------------------
Epoch 063 with LR 0.000100: Model Results
----------------------------------------
Train MSE Loss: 0.4749, Train CLS Loss: 0.0000, Train MCLS Loss: 0.0000
Protein Cluster Region Loss - Ortho Loss: 0.2844, Cluster Loss: -2.4565
                              
Validation Results: {
    "ci": 0.7151,
    "classification_loss": 0.0,
    "cluster_loss": -2.4461,
    "mae": 1.0876,
    "mse": 2.1314,
    "multiclassification_loss": 0.0,
    "ortho_loss": 0.4366,
    "pearson": 0.6152,
    "regression_loss": 2.1595,
    "rm2": 0.3439,
    "rmse": 1.4599,
    "sd": 1.4317,
    "spearman": 0.5968,
    "spectral_loss": 0.0
}
                              
Test Results: {
    "ci": 0.6651,
    "classification_loss": 0.0,
    "cluster_loss": -2.4442,
    "mae": 1.1605,
    "mse": 2.3794,
    "multiclassification_loss": 0.0,
    "ortho_loss": 0.4903,
    "pearson": 0.5103,
    "regression_loss": 2.3764,
    "rm2": 0.2321,
    "rmse": 1.5425,
    "sd": 1.4508,
    "spearman": 0.4663,
    "spectral_loss": 0.0
}
                              
                              
----------------------------------------
Epoch 064 with LR 0.000100: Model Results
----------------------------------------
Train MSE Loss: 0.4663, Train CLS Loss: 0.0000, Train MCLS Loss: 0.0000
Protein Cluster Region Loss - Ortho Loss: 0.2858, Cluster Loss: -2.4572
                              
Validation Results: {
    "ci": 0.7023,
    "classification_loss": 0.0,
    "cluster_loss": -2.4458,
    "mae": 1.1133,
    "mse": 2.2197,
    "multiclassification_loss": 0.0,
    "ortho_loss": 0.4427,
    "pearson": 0.5935,
    "regression_loss": 2.2348,
    "rm2": 0.329,
    "rmse": 1.4899,
    "sd": 1.4616,
    "spearman": 0.564,
    "spectral_loss": 0.0
}
                              
Test Results: {
    "ci": 0.6651,
    "classification_loss": 0.0,
    "cluster_loss": -2.4442,
    "mae": 1.1605,
    "mse": 2.3794,
    "multiclassification_loss": 0.0,
    "ortho_loss": 0.4903,
    "pearson": 0.5103,
    "regression_loss": 2.3764,
    "rm2": 0.2321,
    "rmse": 1.5425,
    "sd": 1.4508,
    "spearman": 0.4663,
    "spectral_loss": 0.0
}
                              
                              
----------------------------------------
Epoch 065 with LR 0.000100: Model Results
----------------------------------------
Train MSE Loss: 0.4695, Train CLS Loss: 0.0000, Train MCLS Loss: 0.0000
Protein Cluster Region Loss - Ortho Loss: 0.2808, Cluster Loss: -2.4575
                              
Validation Results: {
    "ci": 0.7,
    "classification_loss": 0.0,
    "cluster_loss": -2.4458,
    "mae": 1.1237,
    "mse": 2.2721,
    "multiclassification_loss": 0.0,
    "ortho_loss": 0.438,
    "pearson": 0.5859,
    "regression_loss": 2.2963,
    "rm2": 0.3008,
    "rmse": 1.5073,
    "sd": 1.4717,
    "spearman": 0.5558,
    "spectral_loss": 0.0
}
                              
Test Results: {
    "ci": 0.6651,
    "classification_loss": 0.0,
    "cluster_loss": -2.4442,
    "mae": 1.1605,
    "mse": 2.3794,
    "multiclassification_loss": 0.0,
    "ortho_loss": 0.4903,
    "pearson": 0.5103,
    "regression_loss": 2.3764,
    "rm2": 0.2321,
    "rmse": 1.5425,
    "sd": 1.4508,
    "spearman": 0.4663,
    "spectral_loss": 0.0
}
                              
                              
----------------------------------------
Epoch 066 with LR 0.000100: Model Results
----------------------------------------
Train MSE Loss: 0.4589, Train CLS Loss: 0.0000, Train MCLS Loss: 0.0000
Protein Cluster Region Loss - Ortho Loss: 0.2836, Cluster Loss: -2.4577
                              
Validation Results: {
    "ci": 0.7129,
    "classification_loss": 0.0,
    "cluster_loss": -2.4477,
    "mae": 1.0988,
    "mse": 2.1525,
    "multiclassification_loss": 0.0,
    "ortho_loss": 0.4486,
    "pearson": 0.6127,
    "regression_loss": 2.1661,
    "rm2": 0.3475,
    "rmse": 1.4671,
    "sd": 1.4352,
    "spearman": 0.5922,
    "spectral_loss": 0.0
}
                              
Test Results: {
    "ci": 0.6651,
    "classification_loss": 0.0,
    "cluster_loss": -2.4442,
    "mae": 1.1605,
    "mse": 2.3794,
    "multiclassification_loss": 0.0,
    "ortho_loss": 0.4903,
    "pearson": 0.5103,
    "regression_loss": 2.3764,
    "rm2": 0.2321,
    "rmse": 1.5425,
    "sd": 1.4508,
    "spearman": 0.4663,
    "spectral_loss": 0.0
}
                              
                              
----------------------------------------
Epoch 067 with LR 0.000100: Model Results
----------------------------------------
Train MSE Loss: 0.4577, Train CLS Loss: 0.0000, Train MCLS Loss: 0.0000
Protein Cluster Region Loss - Ortho Loss: 0.2812, Cluster Loss: -2.4583
                              
Validation Results: {
    "ci": 0.7126,
    "classification_loss": 0.0,
    "cluster_loss": -2.4465,
    "mae": 1.0977,
    "mse": 2.1504,
    "multiclassification_loss": 0.0,
    "ortho_loss": 0.4461,
    "pearson": 0.6146,
    "regression_loss": 2.1821,
    "rm2": 0.3256,
    "rmse": 1.4664,
    "sd": 1.4326,
    "spearman": 0.5904,
    "spectral_loss": 0.0
}
                              
Test Results: {
    "ci": 0.6651,
    "classification_loss": 0.0,
    "cluster_loss": -2.4442,
    "mae": 1.1605,
    "mse": 2.3794,
    "multiclassification_loss": 0.0,
    "ortho_loss": 0.4903,
    "pearson": 0.5103,
    "regression_loss": 2.3764,
    "rm2": 0.2321,
    "rmse": 1.5425,
    "sd": 1.4508,
    "spearman": 0.4663,
    "spectral_loss": 0.0
}
                              
                              
----------------------------------------
Epoch 068 with LR 0.000100: Model Results
----------------------------------------
Train MSE Loss: 0.4535, Train CLS Loss: 0.0000, Train MCLS Loss: 0.0000
Protein Cluster Region Loss - Ortho Loss: 0.2745, Cluster Loss: -2.4585
                              
Validation Results: {
    "ci": 0.7044,
    "classification_loss": 0.0,
    "cluster_loss": -2.4471,
    "mae": 1.1098,
    "mse": 2.2063,
    "multiclassification_loss": 0.0,
    "ortho_loss": 0.4377,
    "pearson": 0.601,
    "regression_loss": 2.2315,
    "rm2": 0.3172,
    "rmse": 1.4854,
    "sd": 1.4515,
    "spearman": 0.5695,
    "spectral_loss": 0.0
}
                              
Test Results: {
    "ci": 0.6651,
    "classification_loss": 0.0,
    "cluster_loss": -2.4442,
    "mae": 1.1605,
    "mse": 2.3794,
    "multiclassification_loss": 0.0,
    "ortho_loss": 0.4903,
    "pearson": 0.5103,
    "regression_loss": 2.3764,
    "rm2": 0.2321,
    "rmse": 1.5425,
    "sd": 1.4508,
    "spearman": 0.4663,
    "spectral_loss": 0.0
}
                              
                              
----------------------------------------
Epoch 069 with LR 0.000100: Model Results
----------------------------------------
Train MSE Loss: 0.4506, Train CLS Loss: 0.0000, Train MCLS Loss: 0.0000
Protein Cluster Region Loss - Ortho Loss: 0.2783, Cluster Loss: -2.4588
                              
Validation Results: {
    "ci": 0.7143,
    "classification_loss": 0.0,
    "cluster_loss": -2.4467,
    "mae": 1.0763,
    "mse": 2.0899,
    "multiclassification_loss": 0.0,
    "ortho_loss": 0.431,
    "pearson": 0.6237,
    "regression_loss": 2.1245,
    "rm2": 0.3441,
    "rmse": 1.4456,
    "sd": 1.4196,
    "spearman": 0.5929,
    "spectral_loss": 0.0
}
                              
Test Results: {
    "ci": 0.6651,
    "classification_loss": 0.0,
    "cluster_loss": -2.4442,
    "mae": 1.1605,
    "mse": 2.3794,
    "multiclassification_loss": 0.0,
    "ortho_loss": 0.4903,
    "pearson": 0.5103,
    "regression_loss": 2.3764,
    "rm2": 0.2321,
    "rmse": 1.5425,
    "sd": 1.4508,
    "spearman": 0.4663,
    "spectral_loss": 0.0
}
                              
                              
----------------------------------------
Epoch 070 with LR 0.000100: Model Results
----------------------------------------
Train MSE Loss: 0.4498, Train CLS Loss: 0.0000, Train MCLS Loss: 0.0000
Protein Cluster Region Loss - Ortho Loss: 0.2729, Cluster Loss: -2.4592
                              
Validation Results: {
    "ci": 0.7165,
    "classification_loss": 0.0,
    "cluster_loss": -2.4495,
    "mae": 1.0891,
    "mse": 2.1639,
    "multiclassification_loss": 0.0,
    "ortho_loss": 0.4424,
    "pearson": 0.6168,
    "regression_loss": 2.1845,
    "rm2": 0.3673,
    "rmse": 1.471,
    "sd": 1.4294,
    "spearman": 0.5981,
    "spectral_loss": 0.0
}
                              
Test Results: {
    "ci": 0.6651,
    "classification_loss": 0.0,
    "cluster_loss": -2.4442,
    "mae": 1.1605,
    "mse": 2.3794,
    "multiclassification_loss": 0.0,
    "ortho_loss": 0.4903,
    "pearson": 0.5103,
    "regression_loss": 2.3764,
    "rm2": 0.2321,
    "rmse": 1.5425,
    "sd": 1.4508,
    "spearman": 0.4663,
    "spectral_loss": 0.0
}
                              
                              
----------------------------------------
Epoch 071 with LR 0.000100: Model Results
----------------------------------------
Train MSE Loss: 0.4406, Train CLS Loss: 0.0000, Train MCLS Loss: 0.0000
Protein Cluster Region Loss - Ortho Loss: 0.2735, Cluster Loss: -2.4594
                              
Validation Results: {
    "ci": 0.7116,
    "classification_loss": 0.0,
    "cluster_loss": -2.4468,
    "mae": 1.0953,
    "mse": 2.1323,
    "multiclassification_loss": 0.0,
    "ortho_loss": 0.4322,
    "pearson": 0.6129,
    "regression_loss": 2.1501,
    "rm2": 0.3403,
    "rmse": 1.4602,
    "sd": 1.435,
    "spearman": 0.5887,
    "spectral_loss": 0.0
}
                              
Test Results: {
    "ci": 0.6651,
    "classification_loss": 0.0,
    "cluster_loss": -2.4442,
    "mae": 1.1605,
    "mse": 2.3794,
    "multiclassification_loss": 0.0,
    "ortho_loss": 0.4903,
    "pearson": 0.5103,
    "regression_loss": 2.3764,
    "rm2": 0.2321,
    "rmse": 1.5425,
    "sd": 1.4508,
    "spearman": 0.4663,
    "spectral_loss": 0.0
}
                              
                              
----------------------------------------
Epoch 072 with LR 0.000100: Model Results
----------------------------------------
Train MSE Loss: 0.4398, Train CLS Loss: 0.0000, Train MCLS Loss: 0.0000
Protein Cluster Region Loss - Ortho Loss: 0.2700, Cluster Loss: -2.4598
                              
Validation Results: {
    "ci": 0.7198,
    "classification_loss": 0.0,
    "cluster_loss": -2.4469,
    "mae": 1.088,
    "mse": 2.0738,
    "multiclassification_loss": 0.0,
    "ortho_loss": 0.4465,
    "pearson": 0.6297,
    "regression_loss": 2.1144,
    "rm2": 0.3416,
    "rmse": 1.4401,
    "sd": 1.4108,
    "spearman": 0.6113,
    "spectral_loss": 0.0
}
                              
Test Results: {
    "ci": 0.6638,
    "classification_loss": 0.0,
    "cluster_loss": -2.4516,
    "mae": 1.1658,
    "mse": 2.3548,
    "multiclassification_loss": 0.0,
    "ortho_loss": 0.4625,
    "pearson": 0.5054,
    "regression_loss": 2.3491,
    "rm2": 0.2177,
    "rmse": 1.5345,
    "sd": 1.4557,
    "spearman": 0.4624,
    "spectral_loss": 0.0
}
                              
                              
----------------------------------------
Epoch 073 with LR 0.000100: Model Results
----------------------------------------
Train MSE Loss: 0.4388, Train CLS Loss: 0.0000, Train MCLS Loss: 0.0000
Protein Cluster Region Loss - Ortho Loss: 0.2686, Cluster Loss: -2.4599
                              
Validation Results: {
    "ci": 0.7136,
    "classification_loss": 0.0,
    "cluster_loss": -2.4474,
    "mae": 1.0962,
    "mse": 2.1151,
    "multiclassification_loss": 0.0,
    "ortho_loss": 0.4336,
    "pearson": 0.6163,
    "regression_loss": 2.1319,
    "rm2": 0.3568,
    "rmse": 1.4543,
    "sd": 1.4301,
    "spearman": 0.5956,
    "spectral_loss": 0.0
}
                              
Test Results: {
    "ci": 0.6638,
    "classification_loss": 0.0,
    "cluster_loss": -2.4516,
    "mae": 1.1658,
    "mse": 2.3548,
    "multiclassification_loss": 0.0,
    "ortho_loss": 0.4625,
    "pearson": 0.5054,
    "regression_loss": 2.3491,
    "rm2": 0.2177,
    "rmse": 1.5345,
    "sd": 1.4557,
    "spearman": 0.4624,
    "spectral_loss": 0.0
}
                              
                              
----------------------------------------
Epoch 074 with LR 0.000100: Model Results
----------------------------------------
Train MSE Loss: 0.4310, Train CLS Loss: 0.0000, Train MCLS Loss: 0.0000
Protein Cluster Region Loss - Ortho Loss: 0.2695, Cluster Loss: -2.4604
                              
Validation Results: {
    "ci": 0.718,
    "classification_loss": 0.0,
    "cluster_loss": -2.4475,
    "mae": 1.076,
    "mse": 2.0784,
    "multiclassification_loss": 0.0,
    "ortho_loss": 0.4299,
    "pearson": 0.6265,
    "regression_loss": 2.0977,
    "rm2": 0.3522,
    "rmse": 1.4417,
    "sd": 1.4155,
    "spearman": 0.6053,
    "spectral_loss": 0.0
}
                              
Test Results: {
    "ci": 0.6638,
    "classification_loss": 0.0,
    "cluster_loss": -2.4516,
    "mae": 1.1658,
    "mse": 2.3548,
    "multiclassification_loss": 0.0,
    "ortho_loss": 0.4625,
    "pearson": 0.5054,
    "regression_loss": 2.3491,
    "rm2": 0.2177,
    "rmse": 1.5345,
    "sd": 1.4557,
    "spearman": 0.4624,
    "spectral_loss": 0.0
}
                              
                              
----------------------------------------
Epoch 075 with LR 0.000100: Model Results
----------------------------------------
Train MSE Loss: 0.4279, Train CLS Loss: 0.0000, Train MCLS Loss: 0.0000
Protein Cluster Region Loss - Ortho Loss: 0.2688, Cluster Loss: -2.4605
                              
Validation Results: {
    "ci": 0.705,
    "classification_loss": 0.0,
    "cluster_loss": -2.4515,
    "mae": 1.1148,
    "mse": 2.2076,
    "multiclassification_loss": 0.0,
    "ortho_loss": 0.4307,
    "pearson": 0.5961,
    "regression_loss": 2.2275,
    "rm2": 0.3324,
    "rmse": 1.4858,
    "sd": 1.4582,
    "spearman": 0.5712,
    "spectral_loss": 0.0
}
                              
Test Results: {
    "ci": 0.6638,
    "classification_loss": 0.0,
    "cluster_loss": -2.4516,
    "mae": 1.1658,
    "mse": 2.3548,
    "multiclassification_loss": 0.0,
    "ortho_loss": 0.4625,
    "pearson": 0.5054,
    "regression_loss": 2.3491,
    "rm2": 0.2177,
    "rmse": 1.5345,
    "sd": 1.4557,
    "spearman": 0.4624,
    "spectral_loss": 0.0
}
                              
                              
----------------------------------------
Epoch 076 with LR 0.000100: Model Results
----------------------------------------
Train MSE Loss: 0.4278, Train CLS Loss: 0.0000, Train MCLS Loss: 0.0000
Protein Cluster Region Loss - Ortho Loss: 0.2675, Cluster Loss: -2.4608
                              
Validation Results: {
    "ci": 0.7149,
    "classification_loss": 0.0,
    "cluster_loss": -2.4493,
    "mae": 1.08,
    "mse": 2.0917,
    "multiclassification_loss": 0.0,
    "ortho_loss": 0.4261,
    "pearson": 0.6191,
    "regression_loss": 2.1085,
    "rm2": 0.3658,
    "rmse": 1.4463,
    "sd": 1.4262,
    "spearman": 0.5962,
    "spectral_loss": 0.0
}
                              
Test Results: {
    "ci": 0.6638,
    "classification_loss": 0.0,
    "cluster_loss": -2.4516,
    "mae": 1.1658,
    "mse": 2.3548,
    "multiclassification_loss": 0.0,
    "ortho_loss": 0.4625,
    "pearson": 0.5054,
    "regression_loss": 2.3491,
    "rm2": 0.2177,
    "rmse": 1.5345,
    "sd": 1.4557,
    "spearman": 0.4624,
    "spectral_loss": 0.0
}
                              
                              
----------------------------------------
Epoch 077 with LR 0.000100: Model Results
----------------------------------------
Train MSE Loss: 0.4239, Train CLS Loss: 0.0000, Train MCLS Loss: 0.0000
Protein Cluster Region Loss - Ortho Loss: 0.2655, Cluster Loss: -2.4611
                              
Validation Results: {
    "ci": 0.7163,
    "classification_loss": 0.0,
    "cluster_loss": -2.447,
    "mae": 1.0836,
    "mse": 2.1156,
    "multiclassification_loss": 0.0,
    "ortho_loss": 0.4254,
    "pearson": 0.6205,
    "regression_loss": 2.1394,
    "rm2": 0.3466,
    "rmse": 1.4545,
    "sd": 1.4241,
    "spearman": 0.5994,
    "spectral_loss": 0.0
}
                              
Test Results: {
    "ci": 0.6638,
    "classification_loss": 0.0,
    "cluster_loss": -2.4516,
    "mae": 1.1658,
    "mse": 2.3548,
    "multiclassification_loss": 0.0,
    "ortho_loss": 0.4625,
    "pearson": 0.5054,
    "regression_loss": 2.3491,
    "rm2": 0.2177,
    "rmse": 1.5345,
    "sd": 1.4557,
    "spearman": 0.4624,
    "spectral_loss": 0.0
}
                              
                              
----------------------------------------
Epoch 078 with LR 0.000100: Model Results
----------------------------------------
Train MSE Loss: 0.4214, Train CLS Loss: 0.0000, Train MCLS Loss: 0.0000
Protein Cluster Region Loss - Ortho Loss: 0.2636, Cluster Loss: -2.4616
                              
Validation Results: {
    "ci": 0.7115,
    "classification_loss": 0.0,
    "cluster_loss": -2.4485,
    "mae": 1.1176,
    "mse": 2.2407,
    "multiclassification_loss": 0.0,
    "ortho_loss": 0.4229,
    "pearson": 0.6106,
    "regression_loss": 2.266,
    "rm2": 0.3129,
    "rmse": 1.4969,
    "sd": 1.4383,
    "spearman": 0.5879,
    "spectral_loss": 0.0
}
                              
Test Results: {
    "ci": 0.6638,
    "classification_loss": 0.0,
    "cluster_loss": -2.4516,
    "mae": 1.1658,
    "mse": 2.3548,
    "multiclassification_loss": 0.0,
    "ortho_loss": 0.4625,
    "pearson": 0.5054,
    "regression_loss": 2.3491,
    "rm2": 0.2177,
    "rmse": 1.5345,
    "sd": 1.4557,
    "spearman": 0.4624,
    "spectral_loss": 0.0
}
                              
                              
----------------------------------------
Epoch 079 with LR 0.000100: Model Results
----------------------------------------
Train MSE Loss: 0.4141, Train CLS Loss: 0.0000, Train MCLS Loss: 0.0000
Protein Cluster Region Loss - Ortho Loss: 0.2613, Cluster Loss: -2.4618
                              
Validation Results: {
    "ci": 0.7098,
    "classification_loss": 0.0,
    "cluster_loss": -2.4495,
    "mae": 1.1115,
    "mse": 2.1881,
    "multiclassification_loss": 0.0,
    "ortho_loss": 0.4156,
    "pearson": 0.6092,
    "regression_loss": 2.1958,
    "rm2": 0.3495,
    "rmse": 1.4792,
    "sd": 1.4402,
    "spearman": 0.5844,
    "spectral_loss": 0.0
}
                              
Test Results: {
    "ci": 0.6638,
    "classification_loss": 0.0,
    "cluster_loss": -2.4516,
    "mae": 1.1658,
    "mse": 2.3548,
    "multiclassification_loss": 0.0,
    "ortho_loss": 0.4625,
    "pearson": 0.5054,
    "regression_loss": 2.3491,
    "rm2": 0.2177,
    "rmse": 1.5345,
    "sd": 1.4557,
    "spearman": 0.4624,
    "spectral_loss": 0.0
}
                              
                              
----------------------------------------
Epoch 080 with LR 0.000100: Model Results
----------------------------------------
Train MSE Loss: 0.4127, Train CLS Loss: 0.0000, Train MCLS Loss: 0.0000
Protein Cluster Region Loss - Ortho Loss: 0.2583, Cluster Loss: -2.4618
                              
Validation Results: {
    "ci": 0.7131,
    "classification_loss": 0.0,
    "cluster_loss": -2.4512,
    "mae": 1.1047,
    "mse": 2.2425,
    "multiclassification_loss": 0.0,
    "ortho_loss": 0.4289,
    "pearson": 0.6098,
    "regression_loss": 2.2731,
    "rm2": 0.3241,
    "rmse": 1.4975,
    "sd": 1.4393,
    "spearman": 0.5886,
    "spectral_loss": 0.0
}
                              
Test Results: {
    "ci": 0.6638,
    "classification_loss": 0.0,
    "cluster_loss": -2.4516,
    "mae": 1.1658,
    "mse": 2.3548,
    "multiclassification_loss": 0.0,
    "ortho_loss": 0.4625,
    "pearson": 0.5054,
    "regression_loss": 2.3491,
    "rm2": 0.2177,
    "rmse": 1.5345,
    "sd": 1.4557,
    "spearman": 0.4624,
    "spectral_loss": 0.0
}
                              
                              
----------------------------------------
Epoch 081 with LR 0.000100: Model Results
----------------------------------------
Train MSE Loss: 0.4041, Train CLS Loss: 0.0000, Train MCLS Loss: 0.0000
Protein Cluster Region Loss - Ortho Loss: 0.2630, Cluster Loss: -2.4623
                              
Validation Results: {
    "ci": 0.7096,
    "classification_loss": 0.0,
    "cluster_loss": -2.4499,
    "mae": 1.1125,
    "mse": 2.2043,
    "multiclassification_loss": 0.0,
    "ortho_loss": 0.4287,
    "pearson": 0.6028,
    "regression_loss": 2.2151,
    "rm2": 0.3407,
    "rmse": 1.4847,
    "sd": 1.4491,
    "spearman": 0.5821,
    "spectral_loss": 0.0
}
                              
Test Results: {
    "ci": 0.6638,
    "classification_loss": 0.0,
    "cluster_loss": -2.4516,
    "mae": 1.1658,
    "mse": 2.3548,
    "multiclassification_loss": 0.0,
    "ortho_loss": 0.4625,
    "pearson": 0.5054,
    "regression_loss": 2.3491,
    "rm2": 0.2177,
    "rmse": 1.5345,
    "sd": 1.4557,
    "spearman": 0.4624,
    "spectral_loss": 0.0
}
                              
                              
----------------------------------------
Epoch 082 with LR 0.000100: Model Results
----------------------------------------
Train MSE Loss: 0.4090, Train CLS Loss: 0.0000, Train MCLS Loss: 0.0000
Protein Cluster Region Loss - Ortho Loss: 0.2598, Cluster Loss: -2.4625
                              
Validation Results: {
    "ci": 0.7169,
    "classification_loss": 0.0,
    "cluster_loss": -2.4516,
    "mae": 1.1054,
    "mse": 2.1373,
    "multiclassification_loss": 0.0,
    "ortho_loss": 0.4163,
    "pearson": 0.6256,
    "regression_loss": 2.166,
    "rm2": 0.3526,
    "rmse": 1.4619,
    "sd": 1.4168,
    "spearman": 0.6041,
    "spectral_loss": 0.0
}
                              
Test Results: {
    "ci": 0.6638,
    "classification_loss": 0.0,
    "cluster_loss": -2.4516,
    "mae": 1.1658,
    "mse": 2.3548,
    "multiclassification_loss": 0.0,
    "ortho_loss": 0.4625,
    "pearson": 0.5054,
    "regression_loss": 2.3491,
    "rm2": 0.2177,
    "rmse": 1.5345,
    "sd": 1.4557,
    "spearman": 0.4624,
    "spectral_loss": 0.0
}
                              
                              
----------------------------------------
Epoch 083 with LR 0.000100: Model Results
----------------------------------------
Train MSE Loss: 0.4092, Train CLS Loss: 0.0000, Train MCLS Loss: 0.0000
Protein Cluster Region Loss - Ortho Loss: 0.2577, Cluster Loss: -2.4626
                              
Validation Results: {
    "ci": 0.7137,
    "classification_loss": 0.0,
    "cluster_loss": -2.4534,
    "mae": 1.0989,
    "mse": 2.1729,
    "multiclassification_loss": 0.0,
    "ortho_loss": 0.4292,
    "pearson": 0.6106,
    "regression_loss": 2.1953,
    "rm2": 0.3504,
    "rmse": 1.4741,
    "sd": 1.4382,
    "spearman": 0.5939,
    "spectral_loss": 0.0
}
                              
Test Results: {
    "ci": 0.6638,
    "classification_loss": 0.0,
    "cluster_loss": -2.4516,
    "mae": 1.1658,
    "mse": 2.3548,
    "multiclassification_loss": 0.0,
    "ortho_loss": 0.4625,
    "pearson": 0.5054,
    "regression_loss": 2.3491,
    "rm2": 0.2177,
    "rmse": 1.5345,
    "sd": 1.4557,
    "spearman": 0.4624,
    "spectral_loss": 0.0
}
                              
                              
----------------------------------------
Epoch 084 with LR 0.000100: Model Results
----------------------------------------
Train MSE Loss: 0.4044, Train CLS Loss: 0.0000, Train MCLS Loss: 0.0000
Protein Cluster Region Loss - Ortho Loss: 0.2577, Cluster Loss: -2.4631
                              
Validation Results: {
    "ci": 0.7095,
    "classification_loss": 0.0,
    "cluster_loss": -2.4522,
    "mae": 1.1058,
    "mse": 2.2151,
    "multiclassification_loss": 0.0,
    "ortho_loss": 0.4255,
    "pearson": 0.6085,
    "regression_loss": 2.2407,
    "rm2": 0.327,
    "rmse": 1.4883,
    "sd": 1.4411,
    "spearman": 0.5819,
    "spectral_loss": 0.0
}
                              
Test Results: {
    "ci": 0.6638,
    "classification_loss": 0.0,
    "cluster_loss": -2.4516,
    "mae": 1.1658,
    "mse": 2.3548,
    "multiclassification_loss": 0.0,
    "ortho_loss": 0.4625,
    "pearson": 0.5054,
    "regression_loss": 2.3491,
    "rm2": 0.2177,
    "rmse": 1.5345,
    "sd": 1.4557,
    "spearman": 0.4624,
    "spectral_loss": 0.0
}
                              
                              
----------------------------------------
Epoch 085 with LR 0.000100: Model Results
----------------------------------------
Train MSE Loss: 0.3977, Train CLS Loss: 0.0000, Train MCLS Loss: 0.0000
Protein Cluster Region Loss - Ortho Loss: 0.2547, Cluster Loss: -2.4633
                              
Validation Results: {
    "ci": 0.7091,
    "classification_loss": 0.0,
    "cluster_loss": -2.4499,
    "mae": 1.1092,
    "mse": 2.2056,
    "multiclassification_loss": 0.0,
    "ortho_loss": 0.4266,
    "pearson": 0.6057,
    "regression_loss": 2.2389,
    "rm2": 0.3291,
    "rmse": 1.4851,
    "sd": 1.4451,
    "spearman": 0.582,
    "spectral_loss": 0.0
}
                              
Test Results: {
    "ci": 0.6638,
    "classification_loss": 0.0,
    "cluster_loss": -2.4516,
    "mae": 1.1658,
    "mse": 2.3548,
    "multiclassification_loss": 0.0,
    "ortho_loss": 0.4625,
    "pearson": 0.5054,
    "regression_loss": 2.3491,
    "rm2": 0.2177,
    "rmse": 1.5345,
    "sd": 1.4557,
    "spearman": 0.4624,
    "spectral_loss": 0.0
}
                              
                              
----------------------------------------
Epoch 086 with LR 0.000100: Model Results
----------------------------------------
Train MSE Loss: 0.3947, Train CLS Loss: 0.0000, Train MCLS Loss: 0.0000
Protein Cluster Region Loss - Ortho Loss: 0.2554, Cluster Loss: -2.4634
                              
Validation Results: {
    "ci": 0.7099,
    "classification_loss": 0.0,
    "cluster_loss": -2.455,
    "mae": 1.106,
    "mse": 2.2314,
    "multiclassification_loss": 0.0,
    "ortho_loss": 0.4384,
    "pearson": 0.6048,
    "regression_loss": 2.2577,
    "rm2": 0.3269,
    "rmse": 1.4938,
    "sd": 1.4462,
    "spearman": 0.5805,
    "spectral_loss": 0.0
}
                              
Test Results: {
    "ci": 0.6638,
    "classification_loss": 0.0,
    "cluster_loss": -2.4516,
    "mae": 1.1658,
    "mse": 2.3548,
    "multiclassification_loss": 0.0,
    "ortho_loss": 0.4625,
    "pearson": 0.5054,
    "regression_loss": 2.3491,
    "rm2": 0.2177,
    "rmse": 1.5345,
    "sd": 1.4557,
    "spearman": 0.4624,
    "spectral_loss": 0.0
}
                              
                              
----------------------------------------
Epoch 087 with LR 0.000100: Model Results
----------------------------------------
Train MSE Loss: 0.3929, Train CLS Loss: 0.0000, Train MCLS Loss: 0.0000
Protein Cluster Region Loss - Ortho Loss: 0.2540, Cluster Loss: -2.4636
                              
Validation Results: {
    "ci": 0.707,
    "classification_loss": 0.0,
    "cluster_loss": -2.4493,
    "mae": 1.1234,
    "mse": 2.2479,
    "multiclassification_loss": 0.0,
    "ortho_loss": 0.4244,
    "pearson": 0.5969,
    "regression_loss": 2.2648,
    "rm2": 0.3226,
    "rmse": 1.4993,
    "sd": 1.4571,
    "spearman": 0.5757,
    "spectral_loss": 0.0
}
                              
Test Results: {
    "ci": 0.6638,
    "classification_loss": 0.0,
    "cluster_loss": -2.4516,
    "mae": 1.1658,
    "mse": 2.3548,
    "multiclassification_loss": 0.0,
    "ortho_loss": 0.4625,
    "pearson": 0.5054,
    "regression_loss": 2.3491,
    "rm2": 0.2177,
    "rmse": 1.5345,
    "sd": 1.4557,
    "spearman": 0.4624,
    "spectral_loss": 0.0
}
                              
                              
----------------------------------------
Epoch 088 with LR 0.000100: Model Results
----------------------------------------
Train MSE Loss: 0.3868, Train CLS Loss: 0.0000, Train MCLS Loss: 0.0000
Protein Cluster Region Loss - Ortho Loss: 0.2548, Cluster Loss: -2.4639
                              
Validation Results: {
    "ci": 0.7027,
    "classification_loss": 0.0,
    "cluster_loss": -2.4507,
    "mae": 1.1263,
    "mse": 2.2463,
    "multiclassification_loss": 0.0,
    "ortho_loss": 0.4151,
    "pearson": 0.5904,
    "regression_loss": 2.2688,
    "rm2": 0.3103,
    "rmse": 1.4987,
    "sd": 1.4658,
    "spearman": 0.5648,
    "spectral_loss": 0.0
}
                              
Test Results: {
    "ci": 0.6638,
    "classification_loss": 0.0,
    "cluster_loss": -2.4516,
    "mae": 1.1658,
    "mse": 2.3548,
    "multiclassification_loss": 0.0,
    "ortho_loss": 0.4625,
    "pearson": 0.5054,
    "regression_loss": 2.3491,
    "rm2": 0.2177,
    "rmse": 1.5345,
    "sd": 1.4557,
    "spearman": 0.4624,
    "spectral_loss": 0.0
}
                              
                              
----------------------------------------
Epoch 089 with LR 0.000100: Model Results
----------------------------------------
Train MSE Loss: 0.3923, Train CLS Loss: 0.0000, Train MCLS Loss: 0.0000
Protein Cluster Region Loss - Ortho Loss: 0.2529, Cluster Loss: -2.4641
                              
Validation Results: {
    "ci": 0.711,
    "classification_loss": 0.0,
    "cluster_loss": -2.4532,
    "mae": 1.1006,
    "mse": 2.1928,
    "multiclassification_loss": 0.0,
    "ortho_loss": 0.4189,
    "pearson": 0.6089,
    "regression_loss": 2.2295,
    "rm2": 0.3247,
    "rmse": 1.4808,
    "sd": 1.4406,
    "spearman": 0.5859,
    "spectral_loss": 0.0
}
                              
Test Results: {
    "ci": 0.6638,
    "classification_loss": 0.0,
    "cluster_loss": -2.4516,
    "mae": 1.1658,
    "mse": 2.3548,
    "multiclassification_loss": 0.0,
    "ortho_loss": 0.4625,
    "pearson": 0.5054,
    "regression_loss": 2.3491,
    "rm2": 0.2177,
    "rmse": 1.5345,
    "sd": 1.4557,
    "spearman": 0.4624,
    "spectral_loss": 0.0
}
                              
                              
----------------------------------------
Epoch 090 with LR 0.000100: Model Results
----------------------------------------
Train MSE Loss: 0.3825, Train CLS Loss: 0.0000, Train MCLS Loss: 0.0000
Protein Cluster Region Loss - Ortho Loss: 0.2497, Cluster Loss: -2.4644
                              
Validation Results: {
    "ci": 0.7079,
    "classification_loss": 0.0,
    "cluster_loss": -2.4541,
    "mae": 1.1275,
    "mse": 2.2738,
    "multiclassification_loss": 0.0,
    "ortho_loss": 0.4181,
    "pearson": 0.5993,
    "regression_loss": 2.273,
    "rm2": 0.3283,
    "rmse": 1.5079,
    "sd": 1.4538,
    "spearman": 0.5793,
    "spectral_loss": 0.0
}
                              
Test Results: {
    "ci": 0.6638,
    "classification_loss": 0.0,
    "cluster_loss": -2.4516,
    "mae": 1.1658,
    "mse": 2.3548,
    "multiclassification_loss": 0.0,
    "ortho_loss": 0.4625,
    "pearson": 0.5054,
    "regression_loss": 2.3491,
    "rm2": 0.2177,
    "rmse": 1.5345,
    "sd": 1.4557,
    "spearman": 0.4624,
    "spectral_loss": 0.0
}
                              
                              
----------------------------------------
Epoch 091 with LR 0.000100: Model Results
----------------------------------------
Train MSE Loss: 0.3828, Train CLS Loss: 0.0000, Train MCLS Loss: 0.0000
Protein Cluster Region Loss - Ortho Loss: 0.2482, Cluster Loss: -2.4646
                              
Validation Results: {
    "ci": 0.7035,
    "classification_loss": 0.0,
    "cluster_loss": -2.4531,
    "mae": 1.1408,
    "mse": 2.3145,
    "multiclassification_loss": 0.0,
    "ortho_loss": 0.42,
    "pearson": 0.5962,
    "regression_loss": 2.3249,
    "rm2": 0.3337,
    "rmse": 1.5214,
    "sd": 1.458,
    "spearman": 0.5685,
    "spectral_loss": 0.0
}
                              
Test Results: {
    "ci": 0.6638,
    "classification_loss": 0.0,
    "cluster_loss": -2.4516,
    "mae": 1.1658,
    "mse": 2.3548,
    "multiclassification_loss": 0.0,
    "ortho_loss": 0.4625,
    "pearson": 0.5054,
    "regression_loss": 2.3491,
    "rm2": 0.2177,
    "rmse": 1.5345,
    "sd": 1.4557,
    "spearman": 0.4624,
    "spectral_loss": 0.0
}
                              
                              
----------------------------------------
Epoch 092 with LR 0.000100: Model Results
----------------------------------------
Train MSE Loss: 0.3797, Train CLS Loss: 0.0000, Train MCLS Loss: 0.0000
Protein Cluster Region Loss - Ortho Loss: 0.2497, Cluster Loss: -2.4646
                              
Validation Results: {
    "ci": 0.7075,
    "classification_loss": 0.0,
    "cluster_loss": -2.4513,
    "mae": 1.1089,
    "mse": 2.2304,
    "multiclassification_loss": 0.0,
    "ortho_loss": 0.4221,
    "pearson": 0.605,
    "regression_loss": 2.2465,
    "rm2": 0.3241,
    "rmse": 1.4934,
    "sd": 1.446,
    "spearman": 0.5758,
    "spectral_loss": 0.0
}
                              
Test Results: {
    "ci": 0.6638,
    "classification_loss": 0.0,
    "cluster_loss": -2.4516,
    "mae": 1.1658,
    "mse": 2.3548,
    "multiclassification_loss": 0.0,
    "ortho_loss": 0.4625,
    "pearson": 0.5054,
    "regression_loss": 2.3491,
    "rm2": 0.2177,
    "rmse": 1.5345,
    "sd": 1.4557,
    "spearman": 0.4624,
    "spectral_loss": 0.0
}
                              
                              
----------------------------------------
Epoch 093 with LR 0.000100: Model Results
----------------------------------------
Train MSE Loss: 0.3818, Train CLS Loss: 0.0000, Train MCLS Loss: 0.0000
Protein Cluster Region Loss - Ortho Loss: 0.2472, Cluster Loss: -2.4651
                              
Validation Results: {
    "ci": 0.7177,
    "classification_loss": 0.0,
    "cluster_loss": -2.4525,
    "mae": 1.0814,
    "mse": 2.0662,
    "multiclassification_loss": 0.0,
    "ortho_loss": 0.4113,
    "pearson": 0.6301,
    "regression_loss": 2.0905,
    "rm2": 0.3566,
    "rmse": 1.4374,
    "sd": 1.4103,
    "spearman": 0.6024,
    "spectral_loss": 0.0
}
                              
Test Results: {
    "ci": 0.6659,
    "classification_loss": 0.0,
    "cluster_loss": -2.458,
    "mae": 1.1505,
    "mse": 2.3257,
    "multiclassification_loss": 0.0,
    "ortho_loss": 0.4257,
    "pearson": 0.5161,
    "regression_loss": 2.3201,
    "rm2": 0.2362,
    "rmse": 1.525,
    "sd": 1.445,
    "spearman": 0.4685,
    "spectral_loss": 0.0
}
                              
                              
----------------------------------------
Epoch 094 with LR 0.000100: Model Results
----------------------------------------
Train MSE Loss: 0.3718, Train CLS Loss: 0.0000, Train MCLS Loss: 0.0000
Protein Cluster Region Loss - Ortho Loss: 0.2478, Cluster Loss: -2.4654
                              
Validation Results: {
    "ci": 0.7025,
    "classification_loss": 0.0,
    "cluster_loss": -2.4541,
    "mae": 1.1437,
    "mse": 2.3475,
    "multiclassification_loss": 0.0,
    "ortho_loss": 0.4089,
    "pearson": 0.5909,
    "regression_loss": 2.3731,
    "rm2": 0.3073,
    "rmse": 1.5322,
    "sd": 1.4651,
    "spearman": 0.565,
    "spectral_loss": 0.0
}
                              
Test Results: {
    "ci": 0.6659,
    "classification_loss": 0.0,
    "cluster_loss": -2.458,
    "mae": 1.1505,
    "mse": 2.3257,
    "multiclassification_loss": 0.0,
    "ortho_loss": 0.4257,
    "pearson": 0.5161,
    "regression_loss": 2.3201,
    "rm2": 0.2362,
    "rmse": 1.525,
    "sd": 1.445,
    "spearman": 0.4685,
    "spectral_loss": 0.0
}
                              
                              
----------------------------------------
Epoch 095 with LR 0.000100: Model Results
----------------------------------------
Train MSE Loss: 0.3758, Train CLS Loss: 0.0000, Train MCLS Loss: 0.0000
Protein Cluster Region Loss - Ortho Loss: 0.2456, Cluster Loss: -2.4653
                              
Validation Results: {
    "ci": 0.6984,
    "classification_loss": 0.0,
    "cluster_loss": -2.4509,
    "mae": 1.1491,
    "mse": 2.3623,
    "multiclassification_loss": 0.0,
    "ortho_loss": 0.4215,
    "pearson": 0.58,
    "regression_loss": 2.3725,
    "rm2": 0.3071,
    "rmse": 1.537,
    "sd": 1.4794,
    "spearman": 0.5527,
    "spectral_loss": 0.0
}
                              
Test Results: {
    "ci": 0.6659,
    "classification_loss": 0.0,
    "cluster_loss": -2.458,
    "mae": 1.1505,
    "mse": 2.3257,
    "multiclassification_loss": 0.0,
    "ortho_loss": 0.4257,
    "pearson": 0.5161,
    "regression_loss": 2.3201,
    "rm2": 0.2362,
    "rmse": 1.525,
    "sd": 1.445,
    "spearman": 0.4685,
    "spectral_loss": 0.0
}
                              
                              
----------------------------------------
Epoch 096 with LR 0.000100: Model Results
----------------------------------------
Train MSE Loss: 0.3756, Train CLS Loss: 0.0000, Train MCLS Loss: 0.0000
Protein Cluster Region Loss - Ortho Loss: 0.2434, Cluster Loss: -2.4656
                              
Validation Results: {
    "ci": 0.7083,
    "classification_loss": 0.0,
    "cluster_loss": -2.4505,
    "mae": 1.1187,
    "mse": 2.2307,
    "multiclassification_loss": 0.0,
    "ortho_loss": 0.4049,
    "pearson": 0.606,
    "regression_loss": 2.251,
    "rm2": 0.3192,
    "rmse": 1.4935,
    "sd": 1.4446,
    "spearman": 0.5799,
    "spectral_loss": 0.0
}
                              
Test Results: {
    "ci": 0.6659,
    "classification_loss": 0.0,
    "cluster_loss": -2.458,
    "mae": 1.1505,
    "mse": 2.3257,
    "multiclassification_loss": 0.0,
    "ortho_loss": 0.4257,
    "pearson": 0.5161,
    "regression_loss": 2.3201,
    "rm2": 0.2362,
    "rmse": 1.525,
    "sd": 1.445,
    "spearman": 0.4685,
    "spectral_loss": 0.0
}
                              
                              
----------------------------------------
Epoch 097 with LR 0.000100: Model Results
----------------------------------------
Train MSE Loss: 0.3694, Train CLS Loss: 0.0000, Train MCLS Loss: 0.0000
Protein Cluster Region Loss - Ortho Loss: 0.2419, Cluster Loss: -2.4656
                              
Validation Results: {
    "ci": 0.7028,
    "classification_loss": 0.0,
    "cluster_loss": -2.4533,
    "mae": 1.1251,
    "mse": 2.2645,
    "multiclassification_loss": 0.0,
    "ortho_loss": 0.4091,
    "pearson": 0.594,
    "regression_loss": 2.2587,
    "rm2": 0.3253,
    "rmse": 1.5048,
    "sd": 1.461,
    "spearman": 0.5655,
    "spectral_loss": 0.0
}
                              
Test Results: {
    "ci": 0.6659,
    "classification_loss": 0.0,
    "cluster_loss": -2.458,
    "mae": 1.1505,
    "mse": 2.3257,
    "multiclassification_loss": 0.0,
    "ortho_loss": 0.4257,
    "pearson": 0.5161,
    "regression_loss": 2.3201,
    "rm2": 0.2362,
    "rmse": 1.525,
    "sd": 1.445,
    "spearman": 0.4685,
    "spectral_loss": 0.0
}
                              
                              
----------------------------------------
Epoch 098 with LR 0.000100: Model Results
----------------------------------------
Train MSE Loss: 0.3625, Train CLS Loss: 0.0000, Train MCLS Loss: 0.0000
Protein Cluster Region Loss - Ortho Loss: 0.2454, Cluster Loss: -2.4661
                              
Validation Results: {
    "ci": 0.7075,
    "classification_loss": 0.0,
    "cluster_loss": -2.4547,
    "mae": 1.1128,
    "mse": 2.2158,
    "multiclassification_loss": 0.0,
    "ortho_loss": 0.4192,
    "pearson": 0.608,
    "regression_loss": 2.226,
    "rm2": 0.3208,
    "rmse": 1.4886,
    "sd": 1.4418,
    "spearman": 0.5766,
    "spectral_loss": 0.0
}
                              
Test Results: {
    "ci": 0.6659,
    "classification_loss": 0.0,
    "cluster_loss": -2.458,
    "mae": 1.1505,
    "mse": 2.3257,
    "multiclassification_loss": 0.0,
    "ortho_loss": 0.4257,
    "pearson": 0.5161,
    "regression_loss": 2.3201,
    "rm2": 0.2362,
    "rmse": 1.525,
    "sd": 1.445,
    "spearman": 0.4685,
    "spectral_loss": 0.0
}
                              
                              
----------------------------------------
Epoch 099 with LR 0.000100: Model Results
----------------------------------------
Train MSE Loss: 0.3606, Train CLS Loss: 0.0000, Train MCLS Loss: 0.0000
Protein Cluster Region Loss - Ortho Loss: 0.2408, Cluster Loss: -2.4664
                              
Validation Results: {
    "ci": 0.7072,
    "classification_loss": 0.0,
    "cluster_loss": -2.4521,
    "mae": 1.1241,
    "mse": 2.2887,
    "multiclassification_loss": 0.0,
    "ortho_loss": 0.4087,
    "pearson": 0.6004,
    "regression_loss": 2.3237,
    "rm2": 0.3296,
    "rmse": 1.5129,
    "sd": 1.4523,
    "spearman": 0.5729,
    "spectral_loss": 0.0
}
                              
Test Results: {
    "ci": 0.6659,
    "classification_loss": 0.0,
    "cluster_loss": -2.458,
    "mae": 1.1505,
    "mse": 2.3257,
    "multiclassification_loss": 0.0,
    "ortho_loss": 0.4257,
    "pearson": 0.5161,
    "regression_loss": 2.3201,
    "rm2": 0.2362,
    "rmse": 1.525,
    "sd": 1.445,
    "spearman": 0.4685,
    "spectral_loss": 0.0
}
                              
                              
----------------------------------------
Epoch 100 with LR 0.000100: Model Results
----------------------------------------
Train MSE Loss: 0.3600, Train CLS Loss: 0.0000, Train MCLS Loss: 0.0000
Protein Cluster Region Loss - Ortho Loss: 0.2398, Cluster Loss: -2.4662
                              
Validation Results: {
    "ci": 0.7103,
    "classification_loss": 0.0,
    "cluster_loss": -2.4524,
    "mae": 1.1056,
    "mse": 2.1995,
    "multiclassification_loss": 0.0,
    "ortho_loss": 0.4141,
    "pearson": 0.6143,
    "regression_loss": 2.2179,
    "rm2": 0.3451,
    "rmse": 1.4831,
    "sd": 1.433,
    "spearman": 0.5821,
    "spectral_loss": 0.0
}
                              
Test Results: {
    "ci": 0.6659,
    "classification_loss": 0.0,
    "cluster_loss": -2.458,
    "mae": 1.1505,
    "mse": 2.3257,
    "multiclassification_loss": 0.0,
    "ortho_loss": 0.4257,
    "pearson": 0.5161,
    "regression_loss": 2.3201,
    "rm2": 0.2362,
    "rmse": 1.525,
    "sd": 1.445,
    "spearman": 0.4685,
    "spectral_loss": 0.0
}
[best epoch] epoch=93, best_rmse=1.4374, lr_at_best=1.000e-04
                              
                              
----------------------------------------
Epoch 100 with LR 0.000100: Model Results
----------------------------------------
Train MSE Loss: 0.3600, Train CLS Loss: 0.0000, Train MCLS Loss: 0.0000
Protein Cluster Region Loss - Ortho Loss: 0.2398, Cluster Loss: -2.4662
                              
Validation Results: {
    "ci": 0.7103,
    "classification_loss": 0.0,
    "cluster_loss": -2.4524,
    "mae": 1.1056,
    "mse": 2.1995,
    "multiclassification_loss": 0.0,
    "ortho_loss": 0.4141,
    "pearson": 0.6143,
    "regression_loss": 2.2179,
    "rm2": 0.3451,
    "rmse": 1.4831,
    "sd": 1.433,
    "spearman": 0.5821,
    "spectral_loss": 0.0
}
                              
Test Results: {
    "ci": 0.6659,
    "classification_loss": 0.0,
    "cluster_loss": -2.458,
    "mae": 1.1505,
    "mse": 2.3257,
    "multiclassification_loss": 0.0,
    "ortho_loss": 0.4257,
    "pearson": 0.5161,
    "regression_loss": 2.3201,
    "rm2": 0.2362,
    "rmse": 1.525,
    "sd": 1.445,
    "spearman": 0.4685,
    "spectral_loss": 0.0
}
Final test metrics: rmse=3.9718, pearson=0.0875, r2_proxy(mse)=15.7749
Done. Predictions: /sc/arion/projects/DiseaseGeneCell/Huang_lab_project/wangcDrugRepoProject/TRACE_Kin_Results_v3/EITLEM_dataset/EITLEM_kkm_MUTAPLM_embedding_cold_drug/test_prediction_seed1.csv; checkpoint: /sc/arion/projects/DiseaseGeneCell/Huang_lab_project/wangcDrugRepoProject/TRACE_Kin_Results_v3/EITLEM_dataset/EITLEM_kkm_MUTAPLM_embedding_cold_drug/save_model_seed1/model.pt

==========================================
Array task 10/14: OK (EITLEM_kkm_MUTAPLM_embedding_cold_drug)
==========================================


PS:

Read file <242532286.10.stderr> for stderr output of this job.

