Sender: LSF System <lsfadmin@lg03e10>
Subject: Job 242590943[6]: <trace_kin_v3[1-14]> in cluster <chimera> Done

Job <trace_kin_v3[1-14]> was submitted from host <li04e01> by user <wangc40> in cluster <chimera> at Fri May  8 12:02:52 2026
Job was executed on host(s) <16*lg03e10>, in queue <gpu>, as user <wangc40> in cluster <chimera> at Fri May  8 12:02:55 2026
</hpc/users/wangc40> was used as the home directory.
</sc/arion/projects/DiseaseGeneCell/Huang_lab_project/wangcDrugRepoProject/TRACE-Kin> was used as the working directory.
Started at Fri May  8 12:02:55 2026
Terminated at Fri May  8 15:44:56 2026
Results reported at Fri May  8 15:44:56 2026

Your job looked like:

------------------------------------------------------------
# LSBATCH: User input
#!/bin/bash
#BSUB -J trace_kin_v3[1-14]
#BSUB -P acc_DiseaseGeneCell
#BSUB -q gpu
#BSUB -R h100nvl
#BSUB -gpu num=1
#BSUB -n 16
#BSUB -R "rusage[mem=8000]"
#BSUB -R "span[hosts=1]"
#BSUB -W 48:00
#BSUB -o %J.%I.stdout
#BSUB -eo %J.%I.stderr
#BSUB -L /bin/bash

# =============================================================================
# TRACE-Kin v3 rerun — LSF job array
# =============================================================================
# Submit with:
#     bsub < training/run_v3_array.lsf
#
# Or chain off the smoke test (recommended):
#     bsub -w "done(<SMOKE_JOB_ID>)" < training/run_v3_array.lsf
#
# For the multi-seed ensemble (the paper config), submit additional seeds in
# parallel after the SEED=1 array completes (or alongside, as separate jobs):
#     SEED=2 bsub -J "trace_kin_v3_s2[1-14]" < training/run_v3_array.lsf
#     SEED=3 bsub -J "trace_kin_v3_s3[1-14]" < training/run_v3_array.lsf
# After all seeds finish, analysis/aggregate_results.py averages predictions
# across seeds before computing RMSE.
#
# LSF expands #BSUB -J trace_kin_v3[1-14] into 14 array tasks, each with a
# distinct ${LSB_JOBINDEX} in 1..14. The body looks up the per-index
# (dataset_source, dataset_name, pool_paths) tuple from the inline table below
# and invokes train_trace_kin.py with model_version=v3.
#
# The 14 tasks correspond to:
#   * 12 RF-gap targets (catalytic kinetics where v1 trails RF by 1.4%–8.7%)
#   * 2 Ki preservation guards (where v1 already wins, must not regress)
# =============================================================================

# --- Environment -------------------------------------------------------------
# Match the prologue of the proven-working PSICHIC LSFs verbatim — no
# `set -euo pipefail`. Mount Sinai's /etc/profile.d scripts return non-zero
# in places that aren't real errors, and errexit aborts the job before
# module + conda activation can complete.
ml purge
source ~/.bashrc
module load anaconda3/2024.06
source activate test
module load cuda/12.4.0

(... more ...)
------------------------------------------------------------

Successfully completed.

Resource usage summary:

    CPU time :                                   14760.00 sec.
    Max Memory :                                 60564 MB
    Average Memory :                             58788.62 MB
    Total Requested Memory :                     128000.00 MB
    Delta Memory :                               67436.00 MB
    Max Swap :                                   -
    Max Processes :                              4
    Max Threads :                                21
    Run time :                                   13321 sec.
    Turnaround time :                            13324 sec.

The output (if any) follows:

==========================================
TRACE-Kin v3 array task 6/14
==========================================
Date:        Fri May  8 12:02:59 EDT 2026
Dataset:     /sc/arion/projects/DiseaseGeneCell/Huang_lab_project/drug_discovery/output/data/enzyme_embeddings_dataset/inhouse_dataset/inhouse_Kd_MUTAPLM_embedding_random
Result:      /sc/arion/projects/DiseaseGeneCell/Huang_lab_project/wangcDrugRepoProject/TRACE_Kin_Results_v3/inhouse_dataset/inhouse_Kd_MUTAPLM_embedding_random
Config:      training/config_v3.json
Pool CSVs:   (none)
Model:       v3 (dual-head + learned gate)
Epochs:      100, batch=16, seed=1, lr=1e-4
==========================================
Python 3.12.2
Python: /sc/arion/work/wangc40/test-env/envs/test/bin/python
CUDA device: NVIDIA H100 80GB HBM3, sm_90
============================================================
TRACE-Kin training
============================================================
Datafolder:        /sc/arion/projects/DiseaseGeneCell/Huang_lab_project/drug_discovery/output/data/enzyme_embeddings_dataset/inhouse_dataset/inhouse_Kd_MUTAPLM_embedding_random
Result path:       /sc/arion/projects/DiseaseGeneCell/Huang_lab_project/wangcDrugRepoProject/TRACE_Kin_Results_v3/inhouse_dataset/inhouse_Kd_MUTAPLM_embedding_random
Config:            training/config_v3.json
Pool train CSVs:   (none)
============================================================
Loading primary train: /sc/arion/projects/DiseaseGeneCell/Huang_lab_project/drug_discovery/output/data/enzyme_embeddings_dataset/inhouse_dataset/inhouse_Kd_MUTAPLM_embedding_random/train.parquet
Loading primary test: /sc/arion/projects/DiseaseGeneCell/Huang_lab_project/drug_discovery/output/data/enzyme_embeddings_dataset/inhouse_dataset/inhouse_Kd_MUTAPLM_embedding_random/test.parquet
Loading primary val: /sc/arion/projects/DiseaseGeneCell/Huang_lab_project/drug_discovery/output/data/enzyme_embeddings_dataset/inhouse_dataset/inhouse_Kd_MUTAPLM_embedding_random/val.parquet
Detected prot_evo_channels = 4096
seq2feat: 7857 unique sequences.
model_version: v3, use_swa: False
Building protein graphs from scratch (this can be slow)...
U, B, O, or 0 in Sequence
U, B, O, or 0 in Sequence
U, B, O, or 0 in Sequence
U, B, O, or 0 in Sequence
U, B, O, or 0 in Sequence
Building ligand graphs from scratch...
loaders ready: train=851 test=107 val=107
Computing PNA degrees from training data...
Built TraceKinV3 with 10,724,891 parameters
[LR schedule] schedule_lr=False, lrate=0.0001, min_lrate=0, warmup_iters=0, lr_decay_iters=85100, total_iters=85100
Not in terminal, reprint now using normal build-in print function.
                              
                              
----------------------------------------
Epoch 001 with LR 0.000100: Model Results
----------------------------------------
Train MSE Loss: 1.7559, Train CLS Loss: 0.0000, Train MCLS Loss: 0.0000
Protein Cluster Region Loss - Ortho Loss: 0.0000, Cluster Loss: 0.0000
                              
Validation Results: {
    "ci": 0.7128,
    "classification_loss": 0.0,
    "cluster_loss": 0.0,
    "mae": 0.9426,
    "mse": 1.581,
    "multiclassification_loss": 0.0,
    "ortho_loss": 0.0,
    "pearson": 0.5884,
    "regression_loss": 1.5863,
    "rm2": 0.3173,
    "rmse": 1.2574,
    "sd": 1.2411,
    "spearman": 0.5976,
    "spectral_loss": 0.0
}
                              
Test Results: {
    "ci": 0.7195,
    "classification_loss": 0.0,
    "cluster_loss": 0.0,
    "mae": 0.9198,
    "mse": 1.4108,
    "multiclassification_loss": 0.0,
    "ortho_loss": 0.0,
    "pearson": 0.6205,
    "regression_loss": 1.404,
    "rm2": 0.3472,
    "rmse": 1.1878,
    "sd": 1.1641,
    "spearman": 0.6128,
    "spectral_loss": 0.0
}
                              
                              
----------------------------------------
Epoch 002 with LR 0.000100: Model Results
----------------------------------------
Train MSE Loss: 1.3449, Train CLS Loss: 0.0000, Train MCLS Loss: 0.0000
Protein Cluster Region Loss - Ortho Loss: 0.0000, Cluster Loss: 0.0000
                              
Validation Results: {
    "ci": 0.7324,
    "classification_loss": 0.0,
    "cluster_loss": 0.0,
    "mae": 0.8856,
    "mse": 1.4368,
    "multiclassification_loss": 0.0,
    "ortho_loss": 0.0,
    "pearson": 0.6401,
    "regression_loss": 1.4445,
    "rm2": 0.3598,
    "rmse": 1.1987,
    "sd": 1.1793,
    "spearman": 0.6431,
    "spectral_loss": 0.0
}
                              
Test Results: {
    "ci": 0.7328,
    "classification_loss": 0.0,
    "cluster_loss": 0.0,
    "mae": 0.8638,
    "mse": 1.3082,
    "multiclassification_loss": 0.0,
    "ortho_loss": 0.0,
    "pearson": 0.6483,
    "regression_loss": 1.302,
    "rm2": 0.3762,
    "rmse": 1.1438,
    "sd": 1.1303,
    "spearman": 0.6438,
    "spectral_loss": 0.0
}
                              
                              
----------------------------------------
Epoch 003 with LR 0.000100: Model Results
----------------------------------------
Train MSE Loss: 1.1722, Train CLS Loss: 0.0000, Train MCLS Loss: 0.0000
Protein Cluster Region Loss - Ortho Loss: 0.0000, Cluster Loss: 0.0000
                              
Validation Results: {
    "ci": 0.7494,
    "classification_loss": 0.0,
    "cluster_loss": 0.0,
    "mae": 0.8205,
    "mse": 1.2692,
    "multiclassification_loss": 0.0,
    "ortho_loss": 0.0,
    "pearson": 0.679,
    "regression_loss": 1.2764,
    "rm2": 0.4595,
    "rmse": 1.1266,
    "sd": 1.1269,
    "spearman": 0.6782,
    "spectral_loss": 0.0
}
                              
Test Results: {
    "ci": 0.7465,
    "classification_loss": 0.0,
    "cluster_loss": 0.0,
    "mae": 0.8182,
    "mse": 1.1984,
    "multiclassification_loss": 0.0,
    "ortho_loss": 0.0,
    "pearson": 0.6761,
    "regression_loss": 1.193,
    "rm2": 0.448,
    "rmse": 1.0947,
    "sd": 1.0938,
    "spearman": 0.6717,
    "spectral_loss": 0.0
}
                              
                              
----------------------------------------
Epoch 004 with LR 0.000100: Model Results
----------------------------------------
Train MSE Loss: 1.0674, Train CLS Loss: 0.0000, Train MCLS Loss: 0.0000
Protein Cluster Region Loss - Ortho Loss: 0.0000, Cluster Loss: 0.0000
                              
Validation Results: {
    "ci": 0.7573,
    "classification_loss": 0.0,
    "cluster_loss": 0.0,
    "mae": 0.814,
    "mse": 1.2492,
    "multiclassification_loss": 0.0,
    "ortho_loss": 0.0,
    "pearson": 0.6897,
    "regression_loss": 1.2539,
    "rm2": 0.4394,
    "rmse": 1.1177,
    "sd": 1.1115,
    "spearman": 0.6954,
    "spectral_loss": 0.0
}
                              
Test Results: {
    "ci": 0.7563,
    "classification_loss": 0.0,
    "cluster_loss": 0.0,
    "mae": 0.8039,
    "mse": 1.165,
    "multiclassification_loss": 0.0,
    "ortho_loss": 0.0,
    "pearson": 0.6937,
    "regression_loss": 1.16,
    "rm2": 0.4344,
    "rmse": 1.0793,
    "sd": 1.0692,
    "spearman": 0.6929,
    "spectral_loss": 0.0
}
                              
                              
----------------------------------------
Epoch 005 with LR 0.000100: Model Results
----------------------------------------
Train MSE Loss: 0.9984, Train CLS Loss: 0.0000, Train MCLS Loss: 0.0000
Protein Cluster Region Loss - Ortho Loss: 0.0000, Cluster Loss: 0.0000
                              
Validation Results: {
    "ci": 0.7619,
    "classification_loss": 0.0,
    "cluster_loss": 0.0,
    "mae": 0.7856,
    "mse": 1.2203,
    "multiclassification_loss": 0.0,
    "ortho_loss": 0.0,
    "pearson": 0.697,
    "regression_loss": 1.2239,
    "rm2": 0.465,
    "rmse": 1.1047,
    "sd": 1.1007,
    "spearman": 0.7041,
    "spectral_loss": 0.0
}
                              
Test Results: {
    "ci": 0.759,
    "classification_loss": 0.0,
    "cluster_loss": 0.0,
    "mae": 0.7829,
    "mse": 1.1449,
    "multiclassification_loss": 0.0,
    "ortho_loss": 0.0,
    "pearson": 0.6966,
    "regression_loss": 1.1402,
    "rm2": 0.4698,
    "rmse": 1.07,
    "sd": 1.0651,
    "spearman": 0.6986,
    "spectral_loss": 0.0
}
                              
                              
----------------------------------------
Epoch 006 with LR 0.000100: Model Results
----------------------------------------
Train MSE Loss: 0.9424, Train CLS Loss: 0.0000, Train MCLS Loss: 0.0000
Protein Cluster Region Loss - Ortho Loss: 0.0000, Cluster Loss: 0.0000
                              
Validation Results: {
    "ci": 0.7622,
    "classification_loss": 0.0,
    "cluster_loss": 0.0,
    "mae": 0.7943,
    "mse": 1.231,
    "multiclassification_loss": 0.0,
    "ortho_loss": 0.0,
    "pearson": 0.7082,
    "regression_loss": 1.2344,
    "rm2": 0.4487,
    "rmse": 1.1095,
    "sd": 1.0837,
    "spearman": 0.7051,
    "spectral_loss": 0.0
}
                              
Test Results: {
    "ci": 0.759,
    "classification_loss": 0.0,
    "cluster_loss": 0.0,
    "mae": 0.7829,
    "mse": 1.1449,
    "multiclassification_loss": 0.0,
    "ortho_loss": 0.0,
    "pearson": 0.6966,
    "regression_loss": 1.1402,
    "rm2": 0.4698,
    "rmse": 1.07,
    "sd": 1.0651,
    "spearman": 0.6986,
    "spectral_loss": 0.0
}
                              
                              
----------------------------------------
Epoch 007 with LR 0.000100: Model Results
----------------------------------------
Train MSE Loss: 0.9141, Train CLS Loss: 0.0000, Train MCLS Loss: 0.0000
Protein Cluster Region Loss - Ortho Loss: 0.0000, Cluster Loss: 0.0000
                              
Validation Results: {
    "ci": 0.7676,
    "classification_loss": 0.0,
    "cluster_loss": 0.0,
    "mae": 0.7728,
    "mse": 1.1845,
    "multiclassification_loss": 0.0,
    "ortho_loss": 0.0,
    "pearson": 0.7187,
    "regression_loss": 1.1876,
    "rm2": 0.4734,
    "rmse": 1.0884,
    "sd": 1.0673,
    "spearman": 0.7161,
    "spectral_loss": 0.0
}
                              
Test Results: {
    "ci": 0.7673,
    "classification_loss": 0.0,
    "cluster_loss": 0.0,
    "mae": 0.7689,
    "mse": 1.1214,
    "multiclassification_loss": 0.0,
    "ortho_loss": 0.0,
    "pearson": 0.7168,
    "regression_loss": 1.1157,
    "rm2": 0.4821,
    "rmse": 1.0589,
    "sd": 1.035,
    "spearman": 0.718,
    "spectral_loss": 0.0
}
                              
                              
----------------------------------------
Epoch 008 with LR 0.000100: Model Results
----------------------------------------
Train MSE Loss: 0.8789, Train CLS Loss: 0.0000, Train MCLS Loss: 0.0000
Protein Cluster Region Loss - Ortho Loss: 0.0000, Cluster Loss: 0.0000
                              
Validation Results: {
    "ci": 0.7604,
    "classification_loss": 0.0,
    "cluster_loss": 0.0,
    "mae": 0.7865,
    "mse": 1.1962,
    "multiclassification_loss": 0.0,
    "ortho_loss": 0.0,
    "pearson": 0.7016,
    "regression_loss": 1.1967,
    "rm2": 0.4844,
    "rmse": 1.0937,
    "sd": 1.0938,
    "spearman": 0.7003,
    "spectral_loss": 0.0
}
                              
Test Results: {
    "ci": 0.7673,
    "classification_loss": 0.0,
    "cluster_loss": 0.0,
    "mae": 0.7689,
    "mse": 1.1214,
    "multiclassification_loss": 0.0,
    "ortho_loss": 0.0,
    "pearson": 0.7168,
    "regression_loss": 1.1157,
    "rm2": 0.4821,
    "rmse": 1.0589,
    "sd": 1.035,
    "spearman": 0.718,
    "spectral_loss": 0.0
}
                              
                              
----------------------------------------
Epoch 009 with LR 0.000100: Model Results
----------------------------------------
Train MSE Loss: 0.8504, Train CLS Loss: 0.0000, Train MCLS Loss: 0.0000
Protein Cluster Region Loss - Ortho Loss: 0.0000, Cluster Loss: 0.0000
                              
Validation Results: {
    "ci": 0.7727,
    "classification_loss": 0.0,
    "cluster_loss": 0.0,
    "mae": 0.7554,
    "mse": 1.1208,
    "multiclassification_loss": 0.0,
    "ortho_loss": 0.0,
    "pearson": 0.7255,
    "regression_loss": 1.1259,
    "rm2": 0.5159,
    "rmse": 1.0587,
    "sd": 1.0565,
    "spearman": 0.7251,
    "spectral_loss": 0.0
}
                              
Test Results: {
    "ci": 0.7667,
    "classification_loss": 0.0,
    "cluster_loss": 0.0,
    "mae": 0.7661,
    "mse": 1.0779,
    "multiclassification_loss": 0.0,
    "ortho_loss": 0.0,
    "pearson": 0.7148,
    "regression_loss": 1.0731,
    "rm2": 0.5102,
    "rmse": 1.0382,
    "sd": 1.0382,
    "spearman": 0.7148,
    "spectral_loss": 0.0
}
                              
                              
----------------------------------------
Epoch 010 with LR 0.000100: Model Results
----------------------------------------
Train MSE Loss: 0.8258, Train CLS Loss: 0.0000, Train MCLS Loss: 0.0000
Protein Cluster Region Loss - Ortho Loss: 0.0000, Cluster Loss: 0.0000
                              
Validation Results: {
    "ci": 0.7689,
    "classification_loss": 0.0,
    "cluster_loss": 0.0,
    "mae": 0.7653,
    "mse": 1.1458,
    "multiclassification_loss": 0.0,
    "ortho_loss": 0.0,
    "pearson": 0.7178,
    "regression_loss": 1.1483,
    "rm2": 0.4932,
    "rmse": 1.0704,
    "sd": 1.0687,
    "spearman": 0.7185,
    "spectral_loss": 0.0
}
                              
Test Results: {
    "ci": 0.7667,
    "classification_loss": 0.0,
    "cluster_loss": 0.0,
    "mae": 0.7661,
    "mse": 1.0779,
    "multiclassification_loss": 0.0,
    "ortho_loss": 0.0,
    "pearson": 0.7148,
    "regression_loss": 1.0731,
    "rm2": 0.5102,
    "rmse": 1.0382,
    "sd": 1.0382,
    "spearman": 0.7148,
    "spectral_loss": 0.0
}
                              
                              
----------------------------------------
Epoch 011 with LR 0.000100: Model Results
----------------------------------------
Train MSE Loss: 0.8057, Train CLS Loss: 0.0000, Train MCLS Loss: 0.0000
Protein Cluster Region Loss - Ortho Loss: 0.0000, Cluster Loss: 0.0000
                              
Validation Results: {
    "ci": 0.7722,
    "classification_loss": 0.0,
    "cluster_loss": 0.0,
    "mae": 0.7548,
    "mse": 1.1461,
    "multiclassification_loss": 0.0,
    "ortho_loss": 0.0,
    "pearson": 0.7178,
    "regression_loss": 1.147,
    "rm2": 0.4921,
    "rmse": 1.0705,
    "sd": 1.0687,
    "spearman": 0.7233,
    "spectral_loss": 0.0
}
                              
Test Results: {
    "ci": 0.7667,
    "classification_loss": 0.0,
    "cluster_loss": 0.0,
    "mae": 0.7661,
    "mse": 1.0779,
    "multiclassification_loss": 0.0,
    "ortho_loss": 0.0,
    "pearson": 0.7148,
    "regression_loss": 1.0731,
    "rm2": 0.5102,
    "rmse": 1.0382,
    "sd": 1.0382,
    "spearman": 0.7148,
    "spectral_loss": 0.0
}
                              
                              
----------------------------------------
Epoch 012 with LR 0.000100: Model Results
----------------------------------------
Train MSE Loss: 0.7823, Train CLS Loss: 0.0000, Train MCLS Loss: 0.0000
Protein Cluster Region Loss - Ortho Loss: 0.0000, Cluster Loss: 0.0000
                              
Validation Results: {
    "ci": 0.7728,
    "classification_loss": 0.0,
    "cluster_loss": 0.0,
    "mae": 0.7574,
    "mse": 1.1582,
    "multiclassification_loss": 0.0,
    "ortho_loss": 0.0,
    "pearson": 0.7192,
    "regression_loss": 1.1606,
    "rm2": 0.4712,
    "rmse": 1.0762,
    "sd": 1.0664,
    "spearman": 0.7262,
    "spectral_loss": 0.0
}
                              
Test Results: {
    "ci": 0.7667,
    "classification_loss": 0.0,
    "cluster_loss": 0.0,
    "mae": 0.7661,
    "mse": 1.0779,
    "multiclassification_loss": 0.0,
    "ortho_loss": 0.0,
    "pearson": 0.7148,
    "regression_loss": 1.0731,
    "rm2": 0.5102,
    "rmse": 1.0382,
    "sd": 1.0382,
    "spearman": 0.7148,
    "spectral_loss": 0.0
}
                              
                              
----------------------------------------
Epoch 013 with LR 0.000100: Model Results
----------------------------------------
Train MSE Loss: 0.7804, Train CLS Loss: 0.0000, Train MCLS Loss: 0.0000
Protein Cluster Region Loss - Ortho Loss: 0.0000, Cluster Loss: 0.0000
                              
Validation Results: {
    "ci": 0.7734,
    "classification_loss": 0.0,
    "cluster_loss": 0.0,
    "mae": 0.7513,
    "mse": 1.1652,
    "multiclassification_loss": 0.0,
    "ortho_loss": 0.0,
    "pearson": 0.7228,
    "regression_loss": 1.1651,
    "rm2": 0.477,
    "rmse": 1.0794,
    "sd": 1.0608,
    "spearman": 0.7251,
    "spectral_loss": 0.0
}
                              
Test Results: {
    "ci": 0.7667,
    "classification_loss": 0.0,
    "cluster_loss": 0.0,
    "mae": 0.7661,
    "mse": 1.0779,
    "multiclassification_loss": 0.0,
    "ortho_loss": 0.0,
    "pearson": 0.7148,
    "regression_loss": 1.0731,
    "rm2": 0.5102,
    "rmse": 1.0382,
    "sd": 1.0382,
    "spearman": 0.7148,
    "spectral_loss": 0.0
}
                              
                              
----------------------------------------
Epoch 014 with LR 0.000100: Model Results
----------------------------------------
Train MSE Loss: 0.7630, Train CLS Loss: 0.0000, Train MCLS Loss: 0.0000
Protein Cluster Region Loss - Ortho Loss: 0.0000, Cluster Loss: 0.0000
                              
Validation Results: {
    "ci": 0.7718,
    "classification_loss": 0.0,
    "cluster_loss": 0.0,
    "mae": 0.7473,
    "mse": 1.1376,
    "multiclassification_loss": 0.0,
    "ortho_loss": 0.0,
    "pearson": 0.7196,
    "regression_loss": 1.139,
    "rm2": 0.5077,
    "rmse": 1.0666,
    "sd": 1.0659,
    "spearman": 0.7207,
    "spectral_loss": 0.0
}
                              
Test Results: {
    "ci": 0.7667,
    "classification_loss": 0.0,
    "cluster_loss": 0.0,
    "mae": 0.7661,
    "mse": 1.0779,
    "multiclassification_loss": 0.0,
    "ortho_loss": 0.0,
    "pearson": 0.7148,
    "regression_loss": 1.0731,
    "rm2": 0.5102,
    "rmse": 1.0382,
    "sd": 1.0382,
    "spearman": 0.7148,
    "spectral_loss": 0.0
}
                              
                              
----------------------------------------
Epoch 015 with LR 0.000100: Model Results
----------------------------------------
Train MSE Loss: 0.7516, Train CLS Loss: 0.0000, Train MCLS Loss: 0.0000
Protein Cluster Region Loss - Ortho Loss: 0.0000, Cluster Loss: 0.0000
                              
Validation Results: {
    "ci": 0.7699,
    "classification_loss": 0.0,
    "cluster_loss": 0.0,
    "mae": 0.7849,
    "mse": 1.2405,
    "multiclassification_loss": 0.0,
    "ortho_loss": 0.0,
    "pearson": 0.715,
    "regression_loss": 1.2392,
    "rm2": 0.4631,
    "rmse": 1.1138,
    "sd": 1.0732,
    "spearman": 0.7195,
    "spectral_loss": 0.0
}
                              
Test Results: {
    "ci": 0.7667,
    "classification_loss": 0.0,
    "cluster_loss": 0.0,
    "mae": 0.7661,
    "mse": 1.0779,
    "multiclassification_loss": 0.0,
    "ortho_loss": 0.0,
    "pearson": 0.7148,
    "regression_loss": 1.0731,
    "rm2": 0.5102,
    "rmse": 1.0382,
    "sd": 1.0382,
    "spearman": 0.7148,
    "spectral_loss": 0.0
}
                              
                              
----------------------------------------
Epoch 016 with LR 0.000100: Model Results
----------------------------------------
Train MSE Loss: 0.7412, Train CLS Loss: 0.0000, Train MCLS Loss: 0.0000
Protein Cluster Region Loss - Ortho Loss: 0.0000, Cluster Loss: 0.0000
                              
Validation Results: {
    "ci": 0.7727,
    "classification_loss": 0.0,
    "cluster_loss": 0.0,
    "mae": 0.7579,
    "mse": 1.1766,
    "multiclassification_loss": 0.0,
    "ortho_loss": 0.0,
    "pearson": 0.7192,
    "regression_loss": 1.1747,
    "rm2": 0.5056,
    "rmse": 1.0847,
    "sd": 1.0664,
    "spearman": 0.7229,
    "spectral_loss": 0.0
}
                              
Test Results: {
    "ci": 0.7667,
    "classification_loss": 0.0,
    "cluster_loss": 0.0,
    "mae": 0.7661,
    "mse": 1.0779,
    "multiclassification_loss": 0.0,
    "ortho_loss": 0.0,
    "pearson": 0.7148,
    "regression_loss": 1.0731,
    "rm2": 0.5102,
    "rmse": 1.0382,
    "sd": 1.0382,
    "spearman": 0.7148,
    "spectral_loss": 0.0
}
                              
                              
----------------------------------------
Epoch 017 with LR 0.000100: Model Results
----------------------------------------
Train MSE Loss: 0.7274, Train CLS Loss: 0.0000, Train MCLS Loss: 0.0000
Protein Cluster Region Loss - Ortho Loss: 0.0000, Cluster Loss: 0.0000
                              
Validation Results: {
    "ci": 0.7777,
    "classification_loss": 0.0,
    "cluster_loss": 0.0,
    "mae": 0.7335,
    "mse": 1.1197,
    "multiclassification_loss": 0.0,
    "ortho_loss": 0.0,
    "pearson": 0.7275,
    "regression_loss": 1.1183,
    "rm2": 0.5066,
    "rmse": 1.0582,
    "sd": 1.0532,
    "spearman": 0.7333,
    "spectral_loss": 0.0
}
                              
Test Results: {
    "ci": 0.775,
    "classification_loss": 0.0,
    "cluster_loss": 0.0,
    "mae": 0.7375,
    "mse": 1.0533,
    "multiclassification_loss": 0.0,
    "ortho_loss": 0.0,
    "pearson": 0.7285,
    "regression_loss": 1.0486,
    "rm2": 0.498,
    "rmse": 1.0263,
    "sd": 1.0169,
    "spearman": 0.7304,
    "spectral_loss": 0.0
}
                              
                              
----------------------------------------
Epoch 018 with LR 0.000100: Model Results
----------------------------------------
Train MSE Loss: 0.7172, Train CLS Loss: 0.0000, Train MCLS Loss: 0.0000
Protein Cluster Region Loss - Ortho Loss: 0.0000, Cluster Loss: 0.0000
                              
Validation Results: {
    "ci": 0.7743,
    "classification_loss": 0.0,
    "cluster_loss": 0.0,
    "mae": 0.7585,
    "mse": 1.1513,
    "multiclassification_loss": 0.0,
    "ortho_loss": 0.0,
    "pearson": 0.721,
    "regression_loss": 1.1485,
    "rm2": 0.4706,
    "rmse": 1.073,
    "sd": 1.0637,
    "spearman": 0.7257,
    "spectral_loss": 0.0
}
                              
Test Results: {
    "ci": 0.775,
    "classification_loss": 0.0,
    "cluster_loss": 0.0,
    "mae": 0.7375,
    "mse": 1.0533,
    "multiclassification_loss": 0.0,
    "ortho_loss": 0.0,
    "pearson": 0.7285,
    "regression_loss": 1.0486,
    "rm2": 0.498,
    "rmse": 1.0263,
    "sd": 1.0169,
    "spearman": 0.7304,
    "spectral_loss": 0.0
}
                              
                              
----------------------------------------
Epoch 019 with LR 0.000100: Model Results
----------------------------------------
Train MSE Loss: 0.7070, Train CLS Loss: 0.0000, Train MCLS Loss: 0.0000
Protein Cluster Region Loss - Ortho Loss: 0.0000, Cluster Loss: 0.0000
                              
Validation Results: {
    "ci": 0.7764,
    "classification_loss": 0.0,
    "cluster_loss": 0.0,
    "mae": 0.7503,
    "mse": 1.1226,
    "multiclassification_loss": 0.0,
    "ortho_loss": 0.0,
    "pearson": 0.7269,
    "regression_loss": 1.1215,
    "rm2": 0.4906,
    "rmse": 1.0595,
    "sd": 1.0541,
    "spearman": 0.731,
    "spectral_loss": 0.0
}
                              
Test Results: {
    "ci": 0.775,
    "classification_loss": 0.0,
    "cluster_loss": 0.0,
    "mae": 0.7375,
    "mse": 1.0533,
    "multiclassification_loss": 0.0,
    "ortho_loss": 0.0,
    "pearson": 0.7285,
    "regression_loss": 1.0486,
    "rm2": 0.498,
    "rmse": 1.0263,
    "sd": 1.0169,
    "spearman": 0.7304,
    "spectral_loss": 0.0
}
                              
                              
----------------------------------------
Epoch 020 with LR 0.000100: Model Results
----------------------------------------
Train MSE Loss: 0.6964, Train CLS Loss: 0.0000, Train MCLS Loss: 0.0000
Protein Cluster Region Loss - Ortho Loss: 0.0000, Cluster Loss: 0.0000
                              
Validation Results: {
    "ci": 0.7778,
    "classification_loss": 0.0,
    "cluster_loss": 0.0,
    "mae": 0.7433,
    "mse": 1.1034,
    "multiclassification_loss": 0.0,
    "ortho_loss": 0.0,
    "pearson": 0.7308,
    "regression_loss": 1.1024,
    "rm2": 0.5091,
    "rmse": 1.0504,
    "sd": 1.0477,
    "spearman": 0.7346,
    "spectral_loss": 0.0
}
                              
Test Results: {
    "ci": 0.7746,
    "classification_loss": 0.0,
    "cluster_loss": 0.0,
    "mae": 0.7445,
    "mse": 1.0645,
    "multiclassification_loss": 0.0,
    "ortho_loss": 0.0,
    "pearson": 0.7219,
    "regression_loss": 1.0606,
    "rm2": 0.4854,
    "rmse": 1.0318,
    "sd": 1.0272,
    "spearman": 0.7282,
    "spectral_loss": 0.0
}
                              
                              
----------------------------------------
Epoch 021 with LR 0.000100: Model Results
----------------------------------------
Train MSE Loss: 0.6890, Train CLS Loss: 0.0000, Train MCLS Loss: 0.0000
Protein Cluster Region Loss - Ortho Loss: 0.0000, Cluster Loss: 0.0000
                              
Validation Results: {
    "ci": 0.7787,
    "classification_loss": 0.0,
    "cluster_loss": 0.0,
    "mae": 0.7483,
    "mse": 1.1254,
    "multiclassification_loss": 0.0,
    "ortho_loss": 0.0,
    "pearson": 0.7288,
    "regression_loss": 1.1228,
    "rm2": 0.4835,
    "rmse": 1.0608,
    "sd": 1.051,
    "spearman": 0.7349,
    "spectral_loss": 0.0
}
                              
Test Results: {
    "ci": 0.7746,
    "classification_loss": 0.0,
    "cluster_loss": 0.0,
    "mae": 0.7445,
    "mse": 1.0645,
    "multiclassification_loss": 0.0,
    "ortho_loss": 0.0,
    "pearson": 0.7219,
    "regression_loss": 1.0606,
    "rm2": 0.4854,
    "rmse": 1.0318,
    "sd": 1.0272,
    "spearman": 0.7282,
    "spectral_loss": 0.0
}
                              
                              
----------------------------------------
Epoch 022 with LR 0.000100: Model Results
----------------------------------------
Train MSE Loss: 0.6798, Train CLS Loss: 0.0000, Train MCLS Loss: 0.0000
Protein Cluster Region Loss - Ortho Loss: 0.0000, Cluster Loss: 0.0000
                              
Validation Results: {
    "ci": 0.7787,
    "classification_loss": 0.0,
    "cluster_loss": 0.0,
    "mae": 0.739,
    "mse": 1.1035,
    "multiclassification_loss": 0.0,
    "ortho_loss": 0.0,
    "pearson": 0.7294,
    "regression_loss": 1.103,
    "rm2": 0.5185,
    "rmse": 1.0505,
    "sd": 1.0501,
    "spearman": 0.7371,
    "spectral_loss": 0.0
}
                              
Test Results: {
    "ci": 0.7746,
    "classification_loss": 0.0,
    "cluster_loss": 0.0,
    "mae": 0.7445,
    "mse": 1.0645,
    "multiclassification_loss": 0.0,
    "ortho_loss": 0.0,
    "pearson": 0.7219,
    "regression_loss": 1.0606,
    "rm2": 0.4854,
    "rmse": 1.0318,
    "sd": 1.0272,
    "spearman": 0.7282,
    "spectral_loss": 0.0
}
                              
                              
----------------------------------------
Epoch 023 with LR 0.000100: Model Results
----------------------------------------
Train MSE Loss: 0.6689, Train CLS Loss: 0.0000, Train MCLS Loss: 0.0000
Protein Cluster Region Loss - Ortho Loss: 0.0000, Cluster Loss: 0.0000
                              
Validation Results: {
    "ci": 0.7741,
    "classification_loss": 0.0,
    "cluster_loss": 0.0,
    "mae": 0.765,
    "mse": 1.1577,
    "multiclassification_loss": 0.0,
    "ortho_loss": 0.0,
    "pearson": 0.719,
    "regression_loss": 1.1599,
    "rm2": 0.4714,
    "rmse": 1.076,
    "sd": 1.0669,
    "spearman": 0.7288,
    "spectral_loss": 0.0
}
                              
Test Results: {
    "ci": 0.7746,
    "classification_loss": 0.0,
    "cluster_loss": 0.0,
    "mae": 0.7445,
    "mse": 1.0645,
    "multiclassification_loss": 0.0,
    "ortho_loss": 0.0,
    "pearson": 0.7219,
    "regression_loss": 1.0606,
    "rm2": 0.4854,
    "rmse": 1.0318,
    "sd": 1.0272,
    "spearman": 0.7282,
    "spectral_loss": 0.0
}
                              
                              
----------------------------------------
Epoch 024 with LR 0.000100: Model Results
----------------------------------------
Train MSE Loss: 0.6646, Train CLS Loss: 0.0000, Train MCLS Loss: 0.0000
Protein Cluster Region Loss - Ortho Loss: 0.0000, Cluster Loss: 0.0000
                              
Validation Results: {
    "ci": 0.7804,
    "classification_loss": 0.0,
    "cluster_loss": 0.0,
    "mae": 0.7424,
    "mse": 1.111,
    "multiclassification_loss": 0.0,
    "ortho_loss": 0.0,
    "pearson": 0.7321,
    "regression_loss": 1.1098,
    "rm2": 0.4924,
    "rmse": 1.054,
    "sd": 1.0456,
    "spearman": 0.7403,
    "spectral_loss": 0.0
}
                              
Test Results: {
    "ci": 0.7746,
    "classification_loss": 0.0,
    "cluster_loss": 0.0,
    "mae": 0.7445,
    "mse": 1.0645,
    "multiclassification_loss": 0.0,
    "ortho_loss": 0.0,
    "pearson": 0.7219,
    "regression_loss": 1.0606,
    "rm2": 0.4854,
    "rmse": 1.0318,
    "sd": 1.0272,
    "spearman": 0.7282,
    "spectral_loss": 0.0
}
                              
                              
----------------------------------------
Epoch 025 with LR 0.000100: Model Results
----------------------------------------
Train MSE Loss: 0.6572, Train CLS Loss: 0.0000, Train MCLS Loss: 0.0000
Protein Cluster Region Loss - Ortho Loss: 0.0000, Cluster Loss: 0.0000
                              
Validation Results: {
    "ci": 0.7774,
    "classification_loss": 0.0,
    "cluster_loss": 0.0,
    "mae": 0.767,
    "mse": 1.1936,
    "multiclassification_loss": 0.0,
    "ortho_loss": 0.0,
    "pearson": 0.7275,
    "regression_loss": 1.1941,
    "rm2": 0.4699,
    "rmse": 1.0925,
    "sd": 1.0532,
    "spearman": 0.7345,
    "spectral_loss": 0.0
}
                              
Test Results: {
    "ci": 0.7746,
    "classification_loss": 0.0,
    "cluster_loss": 0.0,
    "mae": 0.7445,
    "mse": 1.0645,
    "multiclassification_loss": 0.0,
    "ortho_loss": 0.0,
    "pearson": 0.7219,
    "regression_loss": 1.0606,
    "rm2": 0.4854,
    "rmse": 1.0318,
    "sd": 1.0272,
    "spearman": 0.7282,
    "spectral_loss": 0.0
}
                              
                              
----------------------------------------
Epoch 026 with LR 0.000100: Model Results
----------------------------------------
Train MSE Loss: 0.6519, Train CLS Loss: 0.0000, Train MCLS Loss: 0.0000
Protein Cluster Region Loss - Ortho Loss: 0.0000, Cluster Loss: 0.0000
                              
Validation Results: {
    "ci": 0.7767,
    "classification_loss": 0.0,
    "cluster_loss": 0.0,
    "mae": 0.7564,
    "mse": 1.1513,
    "multiclassification_loss": 0.0,
    "ortho_loss": 0.0,
    "pearson": 0.7282,
    "regression_loss": 1.1502,
    "rm2": 0.5208,
    "rmse": 1.073,
    "sd": 1.0521,
    "spearman": 0.7339,
    "spectral_loss": 0.0
}
                              
Test Results: {
    "ci": 0.7746,
    "classification_loss": 0.0,
    "cluster_loss": 0.0,
    "mae": 0.7445,
    "mse": 1.0645,
    "multiclassification_loss": 0.0,
    "ortho_loss": 0.0,
    "pearson": 0.7219,
    "regression_loss": 1.0606,
    "rm2": 0.4854,
    "rmse": 1.0318,
    "sd": 1.0272,
    "spearman": 0.7282,
    "spectral_loss": 0.0
}
                              
                              
----------------------------------------
Epoch 027 with LR 0.000100: Model Results
----------------------------------------
Train MSE Loss: 0.6411, Train CLS Loss: 0.0000, Train MCLS Loss: 0.0000
Protein Cluster Region Loss - Ortho Loss: 0.0000, Cluster Loss: 0.0000
                              
Validation Results: {
    "ci": 0.7792,
    "classification_loss": 0.0,
    "cluster_loss": 0.0,
    "mae": 0.747,
    "mse": 1.1404,
    "multiclassification_loss": 0.0,
    "ortho_loss": 0.0,
    "pearson": 0.726,
    "regression_loss": 1.137,
    "rm2": 0.4722,
    "rmse": 1.0679,
    "sd": 1.0556,
    "spearman": 0.7334,
    "spectral_loss": 0.0
}
                              
Test Results: {
    "ci": 0.7746,
    "classification_loss": 0.0,
    "cluster_loss": 0.0,
    "mae": 0.7445,
    "mse": 1.0645,
    "multiclassification_loss": 0.0,
    "ortho_loss": 0.0,
    "pearson": 0.7219,
    "regression_loss": 1.0606,
    "rm2": 0.4854,
    "rmse": 1.0318,
    "sd": 1.0272,
    "spearman": 0.7282,
    "spectral_loss": 0.0
}
                              
                              
----------------------------------------
Epoch 028 with LR 0.000100: Model Results
----------------------------------------
Train MSE Loss: 0.6291, Train CLS Loss: 0.0000, Train MCLS Loss: 0.0000
Protein Cluster Region Loss - Ortho Loss: 0.0000, Cluster Loss: 0.0000
                              
Validation Results: {
    "ci": 0.7812,
    "classification_loss": 0.0,
    "cluster_loss": 0.0,
    "mae": 0.7415,
    "mse": 1.1399,
    "multiclassification_loss": 0.0,
    "ortho_loss": 0.0,
    "pearson": 0.7335,
    "regression_loss": 1.1371,
    "rm2": 0.5029,
    "rmse": 1.0677,
    "sd": 1.0434,
    "spearman": 0.7407,
    "spectral_loss": 0.0
}
                              
Test Results: {
    "ci": 0.7746,
    "classification_loss": 0.0,
    "cluster_loss": 0.0,
    "mae": 0.7445,
    "mse": 1.0645,
    "multiclassification_loss": 0.0,
    "ortho_loss": 0.0,
    "pearson": 0.7219,
    "regression_loss": 1.0606,
    "rm2": 0.4854,
    "rmse": 1.0318,
    "sd": 1.0272,
    "spearman": 0.7282,
    "spectral_loss": 0.0
}
                              
                              
----------------------------------------
Epoch 029 with LR 0.000100: Model Results
----------------------------------------
Train MSE Loss: 0.6290, Train CLS Loss: 0.0000, Train MCLS Loss: 0.0000
Protein Cluster Region Loss - Ortho Loss: 0.0000, Cluster Loss: 0.0000
                              
Validation Results: {
    "ci": 0.7806,
    "classification_loss": 0.0,
    "cluster_loss": 0.0,
    "mae": 0.735,
    "mse": 1.1027,
    "multiclassification_loss": 0.0,
    "ortho_loss": 0.0,
    "pearson": 0.7333,
    "regression_loss": 1.102,
    "rm2": 0.5089,
    "rmse": 1.0501,
    "sd": 1.0436,
    "spearman": 0.7401,
    "spectral_loss": 0.0
}
                              
Test Results: {
    "ci": 0.7749,
    "classification_loss": 0.0,
    "cluster_loss": 0.0,
    "mae": 0.7361,
    "mse": 1.084,
    "multiclassification_loss": 0.0,
    "ortho_loss": 0.0,
    "pearson": 0.7228,
    "regression_loss": 1.0798,
    "rm2": 0.4882,
    "rmse": 1.0412,
    "sd": 1.0258,
    "spearman": 0.7273,
    "spectral_loss": 0.0
}
                              
                              
----------------------------------------
Epoch 030 with LR 0.000100: Model Results
----------------------------------------
Train MSE Loss: 0.6258, Train CLS Loss: 0.0000, Train MCLS Loss: 0.0000
Protein Cluster Region Loss - Ortho Loss: 0.0000, Cluster Loss: 0.0000
                              
Validation Results: {
    "ci": 0.7788,
    "classification_loss": 0.0,
    "cluster_loss": 0.0,
    "mae": 0.7416,
    "mse": 1.1402,
    "multiclassification_loss": 0.0,
    "ortho_loss": 0.0,
    "pearson": 0.7292,
    "regression_loss": 1.1396,
    "rm2": 0.4977,
    "rmse": 1.0678,
    "sd": 1.0503,
    "spearman": 0.7369,
    "spectral_loss": 0.0
}
                              
Test Results: {
    "ci": 0.7749,
    "classification_loss": 0.0,
    "cluster_loss": 0.0,
    "mae": 0.7361,
    "mse": 1.084,
    "multiclassification_loss": 0.0,
    "ortho_loss": 0.0,
    "pearson": 0.7228,
    "regression_loss": 1.0798,
    "rm2": 0.4882,
    "rmse": 1.0412,
    "sd": 1.0258,
    "spearman": 0.7273,
    "spectral_loss": 0.0
}
                              
                              
----------------------------------------
Epoch 031 with LR 0.000100: Model Results
----------------------------------------
Train MSE Loss: 0.6156, Train CLS Loss: 0.0000, Train MCLS Loss: 0.0000
Protein Cluster Region Loss - Ortho Loss: 0.0000, Cluster Loss: 0.0000
                              
Validation Results: {
    "ci": 0.7807,
    "classification_loss": 0.0,
    "cluster_loss": 0.0,
    "mae": 0.7606,
    "mse": 1.1734,
    "multiclassification_loss": 0.0,
    "ortho_loss": 0.0,
    "pearson": 0.7329,
    "regression_loss": 1.1734,
    "rm2": 0.4893,
    "rmse": 1.0832,
    "sd": 1.0442,
    "spearman": 0.7411,
    "spectral_loss": 0.0
}
                              
Test Results: {
    "ci": 0.7749,
    "classification_loss": 0.0,
    "cluster_loss": 0.0,
    "mae": 0.7361,
    "mse": 1.084,
    "multiclassification_loss": 0.0,
    "ortho_loss": 0.0,
    "pearson": 0.7228,
    "regression_loss": 1.0798,
    "rm2": 0.4882,
    "rmse": 1.0412,
    "sd": 1.0258,
    "spearman": 0.7273,
    "spectral_loss": 0.0
}
                              
                              
----------------------------------------
Epoch 032 with LR 0.000100: Model Results
----------------------------------------
Train MSE Loss: 0.6093, Train CLS Loss: 0.0000, Train MCLS Loss: 0.0000
Protein Cluster Region Loss - Ortho Loss: 0.0000, Cluster Loss: 0.0000
                              
Validation Results: {
    "ci": 0.7768,
    "classification_loss": 0.0,
    "cluster_loss": 0.0,
    "mae": 0.7695,
    "mse": 1.2145,
    "multiclassification_loss": 0.0,
    "ortho_loss": 0.0,
    "pearson": 0.7255,
    "regression_loss": 1.2115,
    "rm2": 0.4772,
    "rmse": 1.102,
    "sd": 1.0564,
    "spearman": 0.7323,
    "spectral_loss": 0.0
}
                              
Test Results: {
    "ci": 0.7749,
    "classification_loss": 0.0,
    "cluster_loss": 0.0,
    "mae": 0.7361,
    "mse": 1.084,
    "multiclassification_loss": 0.0,
    "ortho_loss": 0.0,
    "pearson": 0.7228,
    "regression_loss": 1.0798,
    "rm2": 0.4882,
    "rmse": 1.0412,
    "sd": 1.0258,
    "spearman": 0.7273,
    "spectral_loss": 0.0
}
                              
                              
----------------------------------------
Epoch 033 with LR 0.000100: Model Results
----------------------------------------
Train MSE Loss: 0.6023, Train CLS Loss: 0.0000, Train MCLS Loss: 0.0000
Protein Cluster Region Loss - Ortho Loss: 0.0000, Cluster Loss: 0.0000
                              
Validation Results: {
    "ci": 0.7791,
    "classification_loss": 0.0,
    "cluster_loss": 0.0,
    "mae": 0.7371,
    "mse": 1.1515,
    "multiclassification_loss": 0.0,
    "ortho_loss": 0.0,
    "pearson": 0.7256,
    "regression_loss": 1.1479,
    "rm2": 0.5014,
    "rmse": 1.0731,
    "sd": 1.0563,
    "spearman": 0.7349,
    "spectral_loss": 0.0
}
                              
Test Results: {
    "ci": 0.7749,
    "classification_loss": 0.0,
    "cluster_loss": 0.0,
    "mae": 0.7361,
    "mse": 1.084,
    "multiclassification_loss": 0.0,
    "ortho_loss": 0.0,
    "pearson": 0.7228,
    "regression_loss": 1.0798,
    "rm2": 0.4882,
    "rmse": 1.0412,
    "sd": 1.0258,
    "spearman": 0.7273,
    "spectral_loss": 0.0
}
                              
                              
----------------------------------------
Epoch 034 with LR 0.000100: Model Results
----------------------------------------
Train MSE Loss: 0.5919, Train CLS Loss: 0.0000, Train MCLS Loss: 0.0000
Protein Cluster Region Loss - Ortho Loss: 0.0000, Cluster Loss: 0.0000
                              
Validation Results: {
    "ci": 0.7807,
    "classification_loss": 0.0,
    "cluster_loss": 0.0,
    "mae": 0.7314,
    "mse": 1.1327,
    "multiclassification_loss": 0.0,
    "ortho_loss": 0.0,
    "pearson": 0.7298,
    "regression_loss": 1.1293,
    "rm2": 0.5018,
    "rmse": 1.0643,
    "sd": 1.0493,
    "spearman": 0.7373,
    "spectral_loss": 0.0
}
                              
Test Results: {
    "ci": 0.7749,
    "classification_loss": 0.0,
    "cluster_loss": 0.0,
    "mae": 0.7361,
    "mse": 1.084,
    "multiclassification_loss": 0.0,
    "ortho_loss": 0.0,
    "pearson": 0.7228,
    "regression_loss": 1.0798,
    "rm2": 0.4882,
    "rmse": 1.0412,
    "sd": 1.0258,
    "spearman": 0.7273,
    "spectral_loss": 0.0
}
                              
                              
----------------------------------------
Epoch 035 with LR 0.000100: Model Results
----------------------------------------
Train MSE Loss: 0.5931, Train CLS Loss: 0.0000, Train MCLS Loss: 0.0000
Protein Cluster Region Loss - Ortho Loss: 0.0000, Cluster Loss: 0.0000
                              
Validation Results: {
    "ci": 0.7806,
    "classification_loss": 0.0,
    "cluster_loss": 0.0,
    "mae": 0.7299,
    "mse": 1.1036,
    "multiclassification_loss": 0.0,
    "ortho_loss": 0.0,
    "pearson": 0.7333,
    "regression_loss": 1.1027,
    "rm2": 0.5324,
    "rmse": 1.0505,
    "sd": 1.0436,
    "spearman": 0.7391,
    "spectral_loss": 0.0
}
                              
Test Results: {
    "ci": 0.7749,
    "classification_loss": 0.0,
    "cluster_loss": 0.0,
    "mae": 0.7361,
    "mse": 1.084,
    "multiclassification_loss": 0.0,
    "ortho_loss": 0.0,
    "pearson": 0.7228,
    "regression_loss": 1.0798,
    "rm2": 0.4882,
    "rmse": 1.0412,
    "sd": 1.0258,
    "spearman": 0.7273,
    "spectral_loss": 0.0
}
                              
                              
----------------------------------------
Epoch 036 with LR 0.000100: Model Results
----------------------------------------
Train MSE Loss: 0.5848, Train CLS Loss: 0.0000, Train MCLS Loss: 0.0000
Protein Cluster Region Loss - Ortho Loss: 0.0000, Cluster Loss: 0.0000
                              
Validation Results: {
    "ci": 0.7801,
    "classification_loss": 0.0,
    "cluster_loss": 0.0,
    "mae": 0.734,
    "mse": 1.0979,
    "multiclassification_loss": 0.0,
    "ortho_loss": 0.0,
    "pearson": 0.7326,
    "regression_loss": 1.0977,
    "rm2": 0.5185,
    "rmse": 1.0478,
    "sd": 1.0447,
    "spearman": 0.7382,
    "spectral_loss": 0.0
}
                              
Test Results: {
    "ci": 0.7751,
    "classification_loss": 0.0,
    "cluster_loss": 0.0,
    "mae": 0.7299,
    "mse": 1.091,
    "multiclassification_loss": 0.0,
    "ortho_loss": 0.0,
    "pearson": 0.7185,
    "regression_loss": 1.0864,
    "rm2": 0.4915,
    "rmse": 1.0445,
    "sd": 1.0325,
    "spearman": 0.7267,
    "spectral_loss": 0.0
}
                              
                              
----------------------------------------
Epoch 037 with LR 0.000100: Model Results
----------------------------------------
Train MSE Loss: 0.5796, Train CLS Loss: 0.0000, Train MCLS Loss: 0.0000
Protein Cluster Region Loss - Ortho Loss: 0.0000, Cluster Loss: 0.0000
                              
Validation Results: {
    "ci": 0.7843,
    "classification_loss": 0.0,
    "cluster_loss": 0.0,
    "mae": 0.7233,
    "mse": 1.0829,
    "multiclassification_loss": 0.0,
    "ortho_loss": 0.0,
    "pearson": 0.7353,
    "regression_loss": 1.0814,
    "rm2": 0.5376,
    "rmse": 1.0406,
    "sd": 1.0403,
    "spearman": 0.7472,
    "spectral_loss": 0.0
}
                              
Test Results: {
    "ci": 0.7747,
    "classification_loss": 0.0,
    "cluster_loss": 0.0,
    "mae": 0.7236,
    "mse": 1.0605,
    "multiclassification_loss": 0.0,
    "ortho_loss": 0.0,
    "pearson": 0.7236,
    "regression_loss": 1.0562,
    "rm2": 0.5155,
    "rmse": 1.0298,
    "sd": 1.0246,
    "spearman": 0.7253,
    "spectral_loss": 0.0
}
                              
                              
----------------------------------------
Epoch 038 with LR 0.000100: Model Results
----------------------------------------
Train MSE Loss: 0.5803, Train CLS Loss: 0.0000, Train MCLS Loss: 0.0000
Protein Cluster Region Loss - Ortho Loss: 0.0000, Cluster Loss: 0.0000
                              
Validation Results: {
    "ci": 0.7828,
    "classification_loss": 0.0,
    "cluster_loss": 0.0,
    "mae": 0.7228,
    "mse": 1.092,
    "multiclassification_loss": 0.0,
    "ortho_loss": 0.0,
    "pearson": 0.7356,
    "regression_loss": 1.0902,
    "rm2": 0.5264,
    "rmse": 1.045,
    "sd": 1.0399,
    "spearman": 0.7423,
    "spectral_loss": 0.0
}
                              
Test Results: {
    "ci": 0.7747,
    "classification_loss": 0.0,
    "cluster_loss": 0.0,
    "mae": 0.7236,
    "mse": 1.0605,
    "multiclassification_loss": 0.0,
    "ortho_loss": 0.0,
    "pearson": 0.7236,
    "regression_loss": 1.0562,
    "rm2": 0.5155,
    "rmse": 1.0298,
    "sd": 1.0246,
    "spearman": 0.7253,
    "spectral_loss": 0.0
}
                              
                              
----------------------------------------
Epoch 039 with LR 0.000100: Model Results
----------------------------------------
Train MSE Loss: 0.5752, Train CLS Loss: 0.0000, Train MCLS Loss: 0.0000
Protein Cluster Region Loss - Ortho Loss: 0.0000, Cluster Loss: 0.0000
                              
Validation Results: {
    "ci": 0.7803,
    "classification_loss": 0.0,
    "cluster_loss": 0.0,
    "mae": 0.734,
    "mse": 1.148,
    "multiclassification_loss": 0.0,
    "ortho_loss": 0.0,
    "pearson": 0.7259,
    "regression_loss": 1.1438,
    "rm2": 0.5263,
    "rmse": 1.0715,
    "sd": 1.0558,
    "spearman": 0.7359,
    "spectral_loss": 0.0
}
                              
Test Results: {
    "ci": 0.7747,
    "classification_loss": 0.0,
    "cluster_loss": 0.0,
    "mae": 0.7236,
    "mse": 1.0605,
    "multiclassification_loss": 0.0,
    "ortho_loss": 0.0,
    "pearson": 0.7236,
    "regression_loss": 1.0562,
    "rm2": 0.5155,
    "rmse": 1.0298,
    "sd": 1.0246,
    "spearman": 0.7253,
    "spectral_loss": 0.0
}
                              
                              
----------------------------------------
Epoch 040 with LR 0.000100: Model Results
----------------------------------------
Train MSE Loss: 0.5643, Train CLS Loss: 0.0000, Train MCLS Loss: 0.0000
Protein Cluster Region Loss - Ortho Loss: 0.0000, Cluster Loss: 0.0000
                              
Validation Results: {
    "ci": 0.7845,
    "classification_loss": 0.0,
    "cluster_loss": 0.0,
    "mae": 0.7284,
    "mse": 1.0911,
    "multiclassification_loss": 0.0,
    "ortho_loss": 0.0,
    "pearson": 0.7394,
    "regression_loss": 1.0879,
    "rm2": 0.5441,
    "rmse": 1.0446,
    "sd": 1.0335,
    "spearman": 0.7479,
    "spectral_loss": 0.0
}
                              
Test Results: {
    "ci": 0.7747,
    "classification_loss": 0.0,
    "cluster_loss": 0.0,
    "mae": 0.7236,
    "mse": 1.0605,
    "multiclassification_loss": 0.0,
    "ortho_loss": 0.0,
    "pearson": 0.7236,
    "regression_loss": 1.0562,
    "rm2": 0.5155,
    "rmse": 1.0298,
    "sd": 1.0246,
    "spearman": 0.7253,
    "spectral_loss": 0.0
}
                              
                              
----------------------------------------
Epoch 041 with LR 0.000100: Model Results
----------------------------------------
Train MSE Loss: 0.5629, Train CLS Loss: 0.0000, Train MCLS Loss: 0.0000
Protein Cluster Region Loss - Ortho Loss: 0.0000, Cluster Loss: 0.0000
                              
Validation Results: {
    "ci": 0.7834,
    "classification_loss": 0.0,
    "cluster_loss": 0.0,
    "mae": 0.7248,
    "mse": 1.0989,
    "multiclassification_loss": 0.0,
    "ortho_loss": 0.0,
    "pearson": 0.7333,
    "regression_loss": 1.0968,
    "rm2": 0.5331,
    "rmse": 1.0483,
    "sd": 1.0436,
    "spearman": 0.7452,
    "spectral_loss": 0.0
}
                              
Test Results: {
    "ci": 0.7747,
    "classification_loss": 0.0,
    "cluster_loss": 0.0,
    "mae": 0.7236,
    "mse": 1.0605,
    "multiclassification_loss": 0.0,
    "ortho_loss": 0.0,
    "pearson": 0.7236,
    "regression_loss": 1.0562,
    "rm2": 0.5155,
    "rmse": 1.0298,
    "sd": 1.0246,
    "spearman": 0.7253,
    "spectral_loss": 0.0
}
                              
                              
----------------------------------------
Epoch 042 with LR 0.000100: Model Results
----------------------------------------
Train MSE Loss: 0.5552, Train CLS Loss: 0.0000, Train MCLS Loss: 0.0000
Protein Cluster Region Loss - Ortho Loss: 0.0000, Cluster Loss: 0.0000
                              
Validation Results: {
    "ci": 0.7798,
    "classification_loss": 0.0,
    "cluster_loss": 0.0,
    "mae": 0.7415,
    "mse": 1.1326,
    "multiclassification_loss": 0.0,
    "ortho_loss": 0.0,
    "pearson": 0.7265,
    "regression_loss": 1.1315,
    "rm2": 0.4863,
    "rmse": 1.0643,
    "sd": 1.0549,
    "spearman": 0.7361,
    "spectral_loss": 0.0
}
                              
Test Results: {
    "ci": 0.7747,
    "classification_loss": 0.0,
    "cluster_loss": 0.0,
    "mae": 0.7236,
    "mse": 1.0605,
    "multiclassification_loss": 0.0,
    "ortho_loss": 0.0,
    "pearson": 0.7236,
    "regression_loss": 1.0562,
    "rm2": 0.5155,
    "rmse": 1.0298,
    "sd": 1.0246,
    "spearman": 0.7253,
    "spectral_loss": 0.0
}
                              
                              
----------------------------------------
Epoch 043 with LR 0.000100: Model Results
----------------------------------------
Train MSE Loss: 0.5541, Train CLS Loss: 0.0000, Train MCLS Loss: 0.0000
Protein Cluster Region Loss - Ortho Loss: 0.0000, Cluster Loss: 0.0000
                              
Validation Results: {
    "ci": 0.7839,
    "classification_loss": 0.0,
    "cluster_loss": 0.0,
    "mae": 0.7258,
    "mse": 1.1159,
    "multiclassification_loss": 0.0,
    "ortho_loss": 0.0,
    "pearson": 0.7328,
    "regression_loss": 1.1129,
    "rm2": 0.5081,
    "rmse": 1.0564,
    "sd": 1.0444,
    "spearman": 0.7446,
    "spectral_loss": 0.0
}
                              
Test Results: {
    "ci": 0.7747,
    "classification_loss": 0.0,
    "cluster_loss": 0.0,
    "mae": 0.7236,
    "mse": 1.0605,
    "multiclassification_loss": 0.0,
    "ortho_loss": 0.0,
    "pearson": 0.7236,
    "regression_loss": 1.0562,
    "rm2": 0.5155,
    "rmse": 1.0298,
    "sd": 1.0246,
    "spearman": 0.7253,
    "spectral_loss": 0.0
}
                              
                              
----------------------------------------
Epoch 044 with LR 0.000100: Model Results
----------------------------------------
Train MSE Loss: 0.5503, Train CLS Loss: 0.0000, Train MCLS Loss: 0.0000
Protein Cluster Region Loss - Ortho Loss: 0.0000, Cluster Loss: 0.0000
                              
Validation Results: {
    "ci": 0.7812,
    "classification_loss": 0.0,
    "cluster_loss": 0.0,
    "mae": 0.7281,
    "mse": 1.1026,
    "multiclassification_loss": 0.0,
    "ortho_loss": 0.0,
    "pearson": 0.7318,
    "regression_loss": 1.1003,
    "rm2": 0.5122,
    "rmse": 1.0501,
    "sd": 1.0461,
    "spearman": 0.7386,
    "spectral_loss": 0.0
}
                              
Test Results: {
    "ci": 0.7747,
    "classification_loss": 0.0,
    "cluster_loss": 0.0,
    "mae": 0.7236,
    "mse": 1.0605,
    "multiclassification_loss": 0.0,
    "ortho_loss": 0.0,
    "pearson": 0.7236,
    "regression_loss": 1.0562,
    "rm2": 0.5155,
    "rmse": 1.0298,
    "sd": 1.0246,
    "spearman": 0.7253,
    "spectral_loss": 0.0
}
                              
                              
----------------------------------------
Epoch 045 with LR 0.000100: Model Results
----------------------------------------
Train MSE Loss: 0.5396, Train CLS Loss: 0.0000, Train MCLS Loss: 0.0000
Protein Cluster Region Loss - Ortho Loss: 0.0000, Cluster Loss: 0.0000
                              
Validation Results: {
    "ci": 0.7851,
    "classification_loss": 0.0,
    "cluster_loss": 0.0,
    "mae": 0.7162,
    "mse": 1.0924,
    "multiclassification_loss": 0.0,
    "ortho_loss": 0.0,
    "pearson": 0.7383,
    "regression_loss": 1.0909,
    "rm2": 0.5429,
    "rmse": 1.0452,
    "sd": 1.0353,
    "spearman": 0.7464,
    "spectral_loss": 0.0
}
                              
Test Results: {
    "ci": 0.7747,
    "classification_loss": 0.0,
    "cluster_loss": 0.0,
    "mae": 0.7236,
    "mse": 1.0605,
    "multiclassification_loss": 0.0,
    "ortho_loss": 0.0,
    "pearson": 0.7236,
    "regression_loss": 1.0562,
    "rm2": 0.5155,
    "rmse": 1.0298,
    "sd": 1.0246,
    "spearman": 0.7253,
    "spectral_loss": 0.0
}
                              
                              
----------------------------------------
Epoch 046 with LR 0.000100: Model Results
----------------------------------------
Train MSE Loss: 0.5389, Train CLS Loss: 0.0000, Train MCLS Loss: 0.0000
Protein Cluster Region Loss - Ortho Loss: 0.0000, Cluster Loss: 0.0000
                              
Validation Results: {
    "ci": 0.7803,
    "classification_loss": 0.0,
    "cluster_loss": 0.0,
    "mae": 0.7348,
    "mse": 1.1275,
    "multiclassification_loss": 0.0,
    "ortho_loss": 0.0,
    "pearson": 0.7278,
    "regression_loss": 1.1229,
    "rm2": 0.5257,
    "rmse": 1.0618,
    "sd": 1.0526,
    "spearman": 0.7374,
    "spectral_loss": 0.0
}
                              
Test Results: {
    "ci": 0.7747,
    "classification_loss": 0.0,
    "cluster_loss": 0.0,
    "mae": 0.7236,
    "mse": 1.0605,
    "multiclassification_loss": 0.0,
    "ortho_loss": 0.0,
    "pearson": 0.7236,
    "regression_loss": 1.0562,
    "rm2": 0.5155,
    "rmse": 1.0298,
    "sd": 1.0246,
    "spearman": 0.7253,
    "spectral_loss": 0.0
}
                              
                              
----------------------------------------
Epoch 047 with LR 0.000100: Model Results
----------------------------------------
Train MSE Loss: 0.5370, Train CLS Loss: 0.0000, Train MCLS Loss: 0.0000
Protein Cluster Region Loss - Ortho Loss: 0.0000, Cluster Loss: 0.0000
                              
Validation Results: {
    "ci": 0.7829,
    "classification_loss": 0.0,
    "cluster_loss": 0.0,
    "mae": 0.7286,
    "mse": 1.0835,
    "multiclassification_loss": 0.0,
    "ortho_loss": 0.0,
    "pearson": 0.7384,
    "regression_loss": 1.0816,
    "rm2": 0.5279,
    "rmse": 1.0409,
    "sd": 1.0351,
    "spearman": 0.7435,
    "spectral_loss": 0.0
}
                              
Test Results: {
    "ci": 0.7747,
    "classification_loss": 0.0,
    "cluster_loss": 0.0,
    "mae": 0.7236,
    "mse": 1.0605,
    "multiclassification_loss": 0.0,
    "ortho_loss": 0.0,
    "pearson": 0.7236,
    "regression_loss": 1.0562,
    "rm2": 0.5155,
    "rmse": 1.0298,
    "sd": 1.0246,
    "spearman": 0.7253,
    "spectral_loss": 0.0
}
                              
                              
----------------------------------------
Epoch 048 with LR 0.000100: Model Results
----------------------------------------
Train MSE Loss: 0.5299, Train CLS Loss: 0.0000, Train MCLS Loss: 0.0000
Protein Cluster Region Loss - Ortho Loss: 0.0000, Cluster Loss: 0.0000
                              
Validation Results: {
    "ci": 0.781,
    "classification_loss": 0.0,
    "cluster_loss": 0.0,
    "mae": 0.7302,
    "mse": 1.1323,
    "multiclassification_loss": 0.0,
    "ortho_loss": 0.0,
    "pearson": 0.7275,
    "regression_loss": 1.1286,
    "rm2": 0.5059,
    "rmse": 1.0641,
    "sd": 1.0531,
    "spearman": 0.7375,
    "spectral_loss": 0.0
}
                              
Test Results: {
    "ci": 0.7747,
    "classification_loss": 0.0,
    "cluster_loss": 0.0,
    "mae": 0.7236,
    "mse": 1.0605,
    "multiclassification_loss": 0.0,
    "ortho_loss": 0.0,
    "pearson": 0.7236,
    "regression_loss": 1.0562,
    "rm2": 0.5155,
    "rmse": 1.0298,
    "sd": 1.0246,
    "spearman": 0.7253,
    "spectral_loss": 0.0
}
                              
                              
----------------------------------------
Epoch 049 with LR 0.000100: Model Results
----------------------------------------
Train MSE Loss: 0.5245, Train CLS Loss: 0.0000, Train MCLS Loss: 0.0000
Protein Cluster Region Loss - Ortho Loss: 0.0000, Cluster Loss: 0.0000
                              
Validation Results: {
    "ci": 0.7834,
    "classification_loss": 0.0,
    "cluster_loss": 0.0,
    "mae": 0.7199,
    "mse": 1.102,
    "multiclassification_loss": 0.0,
    "ortho_loss": 0.0,
    "pearson": 0.7327,
    "regression_loss": 1.101,
    "rm2": 0.5239,
    "rmse": 1.0498,
    "sd": 1.0446,
    "spearman": 0.7414,
    "spectral_loss": 0.0
}
                              
Test Results: {
    "ci": 0.7747,
    "classification_loss": 0.0,
    "cluster_loss": 0.0,
    "mae": 0.7236,
    "mse": 1.0605,
    "multiclassification_loss": 0.0,
    "ortho_loss": 0.0,
    "pearson": 0.7236,
    "regression_loss": 1.0562,
    "rm2": 0.5155,
    "rmse": 1.0298,
    "sd": 1.0246,
    "spearman": 0.7253,
    "spectral_loss": 0.0
}
                              
                              
----------------------------------------
Epoch 050 with LR 0.000100: Model Results
----------------------------------------
Train MSE Loss: 0.5263, Train CLS Loss: 0.0000, Train MCLS Loss: 0.0000
Protein Cluster Region Loss - Ortho Loss: 0.0000, Cluster Loss: 0.0000
                              
Validation Results: {
    "ci": 0.7816,
    "classification_loss": 0.0,
    "cluster_loss": 0.0,
    "mae": 0.7307,
    "mse": 1.1348,
    "multiclassification_loss": 0.0,
    "ortho_loss": 0.0,
    "pearson": 0.727,
    "regression_loss": 1.1329,
    "rm2": 0.5096,
    "rmse": 1.0653,
    "sd": 1.054,
    "spearman": 0.7386,
    "spectral_loss": 0.0
}
                              
Test Results: {
    "ci": 0.7747,
    "classification_loss": 0.0,
    "cluster_loss": 0.0,
    "mae": 0.7236,
    "mse": 1.0605,
    "multiclassification_loss": 0.0,
    "ortho_loss": 0.0,
    "pearson": 0.7236,
    "regression_loss": 1.0562,
    "rm2": 0.5155,
    "rmse": 1.0298,
    "sd": 1.0246,
    "spearman": 0.7253,
    "spectral_loss": 0.0
}
                              
                              
----------------------------------------
Epoch 051 with LR 0.000100: Model Results
----------------------------------------
Train MSE Loss: 0.5197, Train CLS Loss: 0.0000, Train MCLS Loss: 0.0000
Protein Cluster Region Loss - Ortho Loss: 0.0000, Cluster Loss: 0.0000
                              
Validation Results: {
    "ci": 0.7823,
    "classification_loss": 0.0,
    "cluster_loss": 0.0,
    "mae": 0.7384,
    "mse": 1.1434,
    "multiclassification_loss": 0.0,
    "ortho_loss": 0.0,
    "pearson": 0.7313,
    "regression_loss": 1.1405,
    "rm2": 0.5058,
    "rmse": 1.0693,
    "sd": 1.047,
    "spearman": 0.7411,
    "spectral_loss": 0.0
}
                              
Test Results: {
    "ci": 0.7747,
    "classification_loss": 0.0,
    "cluster_loss": 0.0,
    "mae": 0.7236,
    "mse": 1.0605,
    "multiclassification_loss": 0.0,
    "ortho_loss": 0.0,
    "pearson": 0.7236,
    "regression_loss": 1.0562,
    "rm2": 0.5155,
    "rmse": 1.0298,
    "sd": 1.0246,
    "spearman": 0.7253,
    "spectral_loss": 0.0
}
                              
                              
----------------------------------------
Epoch 052 with LR 0.000100: Model Results
----------------------------------------
Train MSE Loss: 0.5159, Train CLS Loss: 0.0000, Train MCLS Loss: 0.0000
Protein Cluster Region Loss - Ortho Loss: 0.0000, Cluster Loss: 0.0000
                              
Validation Results: {
    "ci": 0.7831,
    "classification_loss": 0.0,
    "cluster_loss": 0.0,
    "mae": 0.7336,
    "mse": 1.1444,
    "multiclassification_loss": 0.0,
    "ortho_loss": 0.0,
    "pearson": 0.7307,
    "regression_loss": 1.1406,
    "rm2": 0.5336,
    "rmse": 1.0698,
    "sd": 1.048,
    "spearman": 0.7429,
    "spectral_loss": 0.0
}
                              
Test Results: {
    "ci": 0.7747,
    "classification_loss": 0.0,
    "cluster_loss": 0.0,
    "mae": 0.7236,
    "mse": 1.0605,
    "multiclassification_loss": 0.0,
    "ortho_loss": 0.0,
    "pearson": 0.7236,
    "regression_loss": 1.0562,
    "rm2": 0.5155,
    "rmse": 1.0298,
    "sd": 1.0246,
    "spearman": 0.7253,
    "spectral_loss": 0.0
}
                              
                              
----------------------------------------
Epoch 053 with LR 0.000100: Model Results
----------------------------------------
Train MSE Loss: 0.5091, Train CLS Loss: 0.0000, Train MCLS Loss: 0.0000
Protein Cluster Region Loss - Ortho Loss: 0.0000, Cluster Loss: 0.0000
                              
Validation Results: {
    "ci": 0.7821,
    "classification_loss": 0.0,
    "cluster_loss": 0.0,
    "mae": 0.7357,
    "mse": 1.114,
    "multiclassification_loss": 0.0,
    "ortho_loss": 0.0,
    "pearson": 0.7314,
    "regression_loss": 1.1124,
    "rm2": 0.4946,
    "rmse": 1.0555,
    "sd": 1.0467,
    "spearman": 0.741,
    "spectral_loss": 0.0
}
                              
Test Results: {
    "ci": 0.7747,
    "classification_loss": 0.0,
    "cluster_loss": 0.0,
    "mae": 0.7236,
    "mse": 1.0605,
    "multiclassification_loss": 0.0,
    "ortho_loss": 0.0,
    "pearson": 0.7236,
    "regression_loss": 1.0562,
    "rm2": 0.5155,
    "rmse": 1.0298,
    "sd": 1.0246,
    "spearman": 0.7253,
    "spectral_loss": 0.0
}
                              
                              
----------------------------------------
Epoch 054 with LR 0.000100: Model Results
----------------------------------------
Train MSE Loss: 0.5042, Train CLS Loss: 0.0000, Train MCLS Loss: 0.0000
Protein Cluster Region Loss - Ortho Loss: 0.0000, Cluster Loss: 0.0000
                              
Validation Results: {
    "ci": 0.7804,
    "classification_loss": 0.0,
    "cluster_loss": 0.0,
    "mae": 0.7351,
    "mse": 1.1565,
    "multiclassification_loss": 0.0,
    "ortho_loss": 0.0,
    "pearson": 0.7225,
    "regression_loss": 1.1519,
    "rm2": 0.5057,
    "rmse": 1.0754,
    "sd": 1.0612,
    "spearman": 0.7368,
    "spectral_loss": 0.0
}
                              
Test Results: {
    "ci": 0.7747,
    "classification_loss": 0.0,
    "cluster_loss": 0.0,
    "mae": 0.7236,
    "mse": 1.0605,
    "multiclassification_loss": 0.0,
    "ortho_loss": 0.0,
    "pearson": 0.7236,
    "regression_loss": 1.0562,
    "rm2": 0.5155,
    "rmse": 1.0298,
    "sd": 1.0246,
    "spearman": 0.7253,
    "spectral_loss": 0.0
}
                              
                              
----------------------------------------
Epoch 055 with LR 0.000100: Model Results
----------------------------------------
Train MSE Loss: 0.5031, Train CLS Loss: 0.0000, Train MCLS Loss: 0.0000
Protein Cluster Region Loss - Ortho Loss: 0.0000, Cluster Loss: 0.0000
                              
Validation Results: {
    "ci": 0.7839,
    "classification_loss": 0.0,
    "cluster_loss": 0.0,
    "mae": 0.7218,
    "mse": 1.1251,
    "multiclassification_loss": 0.0,
    "ortho_loss": 0.0,
    "pearson": 0.7305,
    "regression_loss": 1.1211,
    "rm2": 0.5066,
    "rmse": 1.0607,
    "sd": 1.0483,
    "spearman": 0.7431,
    "spectral_loss": 0.0
}
                              
Test Results: {
    "ci": 0.7747,
    "classification_loss": 0.0,
    "cluster_loss": 0.0,
    "mae": 0.7236,
    "mse": 1.0605,
    "multiclassification_loss": 0.0,
    "ortho_loss": 0.0,
    "pearson": 0.7236,
    "regression_loss": 1.0562,
    "rm2": 0.5155,
    "rmse": 1.0298,
    "sd": 1.0246,
    "spearman": 0.7253,
    "spectral_loss": 0.0
}
                              
                              
----------------------------------------
Epoch 056 with LR 0.000100: Model Results
----------------------------------------
Train MSE Loss: 0.4980, Train CLS Loss: 0.0000, Train MCLS Loss: 0.0000
Protein Cluster Region Loss - Ortho Loss: 0.0000, Cluster Loss: 0.0000
                              
Validation Results: {
    "ci": 0.7819,
    "classification_loss": 0.0,
    "cluster_loss": 0.0,
    "mae": 0.7289,
    "mse": 1.1123,
    "multiclassification_loss": 0.0,
    "ortho_loss": 0.0,
    "pearson": 0.7315,
    "regression_loss": 1.1106,
    "rm2": 0.5151,
    "rmse": 1.0546,
    "sd": 1.0467,
    "spearman": 0.7403,
    "spectral_loss": 0.0
}
                              
Test Results: {
    "ci": 0.7747,
    "classification_loss": 0.0,
    "cluster_loss": 0.0,
    "mae": 0.7236,
    "mse": 1.0605,
    "multiclassification_loss": 0.0,
    "ortho_loss": 0.0,
    "pearson": 0.7236,
    "regression_loss": 1.0562,
    "rm2": 0.5155,
    "rmse": 1.0298,
    "sd": 1.0246,
    "spearman": 0.7253,
    "spectral_loss": 0.0
}
                              
                              
----------------------------------------
Epoch 057 with LR 0.000100: Model Results
----------------------------------------
Train MSE Loss: 0.4935, Train CLS Loss: 0.0000, Train MCLS Loss: 0.0000
Protein Cluster Region Loss - Ortho Loss: 0.0000, Cluster Loss: 0.0000
                              
Validation Results: {
    "ci": 0.7823,
    "classification_loss": 0.0,
    "cluster_loss": 0.0,
    "mae": 0.7405,
    "mse": 1.1238,
    "multiclassification_loss": 0.0,
    "ortho_loss": 0.0,
    "pearson": 0.7298,
    "regression_loss": 1.1223,
    "rm2": 0.4931,
    "rmse": 1.0601,
    "sd": 1.0494,
    "spearman": 0.7415,
    "spectral_loss": 0.0
}
                              
Test Results: {
    "ci": 0.7747,
    "classification_loss": 0.0,
    "cluster_loss": 0.0,
    "mae": 0.7236,
    "mse": 1.0605,
    "multiclassification_loss": 0.0,
    "ortho_loss": 0.0,
    "pearson": 0.7236,
    "regression_loss": 1.0562,
    "rm2": 0.5155,
    "rmse": 1.0298,
    "sd": 1.0246,
    "spearman": 0.7253,
    "spectral_loss": 0.0
}
                              
                              
----------------------------------------
Epoch 058 with LR 0.000100: Model Results
----------------------------------------
Train MSE Loss: 0.4945, Train CLS Loss: 0.0000, Train MCLS Loss: 0.0000
Protein Cluster Region Loss - Ortho Loss: 0.0000, Cluster Loss: 0.0000
                              
Validation Results: {
    "ci": 0.7819,
    "classification_loss": 0.0,
    "cluster_loss": 0.0,
    "mae": 0.7315,
    "mse": 1.124,
    "multiclassification_loss": 0.0,
    "ortho_loss": 0.0,
    "pearson": 0.7302,
    "regression_loss": 1.1214,
    "rm2": 0.5077,
    "rmse": 1.0602,
    "sd": 1.0488,
    "spearman": 0.74,
    "spectral_loss": 0.0
}
                              
Test Results: {
    "ci": 0.7747,
    "classification_loss": 0.0,
    "cluster_loss": 0.0,
    "mae": 0.7236,
    "mse": 1.0605,
    "multiclassification_loss": 0.0,
    "ortho_loss": 0.0,
    "pearson": 0.7236,
    "regression_loss": 1.0562,
    "rm2": 0.5155,
    "rmse": 1.0298,
    "sd": 1.0246,
    "spearman": 0.7253,
    "spectral_loss": 0.0
}
                              
                              
----------------------------------------
Epoch 059 with LR 0.000100: Model Results
----------------------------------------
Train MSE Loss: 0.4865, Train CLS Loss: 0.0000, Train MCLS Loss: 0.0000
Protein Cluster Region Loss - Ortho Loss: 0.0000, Cluster Loss: 0.0000
                              
Validation Results: {
    "ci": 0.7835,
    "classification_loss": 0.0,
    "cluster_loss": 0.0,
    "mae": 0.7199,
    "mse": 1.1058,
    "multiclassification_loss": 0.0,
    "ortho_loss": 0.0,
    "pearson": 0.7322,
    "regression_loss": 1.108,
    "rm2": 0.534,
    "rmse": 1.0516,
    "sd": 1.0455,
    "spearman": 0.7439,
    "spectral_loss": 0.0
}
                              
Test Results: {
    "ci": 0.7747,
    "classification_loss": 0.0,
    "cluster_loss": 0.0,
    "mae": 0.7236,
    "mse": 1.0605,
    "multiclassification_loss": 0.0,
    "ortho_loss": 0.0,
    "pearson": 0.7236,
    "regression_loss": 1.0562,
    "rm2": 0.5155,
    "rmse": 1.0298,
    "sd": 1.0246,
    "spearman": 0.7253,
    "spectral_loss": 0.0
}
                              
                              
----------------------------------------
Epoch 060 with LR 0.000100: Model Results
----------------------------------------
Train MSE Loss: 0.4843, Train CLS Loss: 0.0000, Train MCLS Loss: 0.0000
Protein Cluster Region Loss - Ortho Loss: 0.0000, Cluster Loss: 0.0000
                              
Validation Results: {
    "ci": 0.7824,
    "classification_loss": 0.0,
    "cluster_loss": 0.0,
    "mae": 0.7281,
    "mse": 1.1133,
    "multiclassification_loss": 0.0,
    "ortho_loss": 0.0,
    "pearson": 0.7319,
    "regression_loss": 1.1142,
    "rm2": 0.5055,
    "rmse": 1.0551,
    "sd": 1.046,
    "spearman": 0.7432,
    "spectral_loss": 0.0
}
                              
Test Results: {
    "ci": 0.7747,
    "classification_loss": 0.0,
    "cluster_loss": 0.0,
    "mae": 0.7236,
    "mse": 1.0605,
    "multiclassification_loss": 0.0,
    "ortho_loss": 0.0,
    "pearson": 0.7236,
    "regression_loss": 1.0562,
    "rm2": 0.5155,
    "rmse": 1.0298,
    "sd": 1.0246,
    "spearman": 0.7253,
    "spectral_loss": 0.0
}
                              
                              
----------------------------------------
Epoch 061 with LR 0.000100: Model Results
----------------------------------------
Train MSE Loss: 0.4821, Train CLS Loss: 0.0000, Train MCLS Loss: 0.0000
Protein Cluster Region Loss - Ortho Loss: 0.0000, Cluster Loss: 0.0000
                              
Validation Results: {
    "ci": 0.782,
    "classification_loss": 0.0,
    "cluster_loss": 0.0,
    "mae": 0.725,
    "mse": 1.1429,
    "multiclassification_loss": 0.0,
    "ortho_loss": 0.0,
    "pearson": 0.7278,
    "regression_loss": 1.1398,
    "rm2": 0.5275,
    "rmse": 1.0691,
    "sd": 1.0527,
    "spearman": 0.7391,
    "spectral_loss": 0.0
}
                              
Test Results: {
    "ci": 0.7747,
    "classification_loss": 0.0,
    "cluster_loss": 0.0,
    "mae": 0.7236,
    "mse": 1.0605,
    "multiclassification_loss": 0.0,
    "ortho_loss": 0.0,
    "pearson": 0.7236,
    "regression_loss": 1.0562,
    "rm2": 0.5155,
    "rmse": 1.0298,
    "sd": 1.0246,
    "spearman": 0.7253,
    "spectral_loss": 0.0
}
                              
                              
----------------------------------------
Epoch 062 with LR 0.000100: Model Results
----------------------------------------
Train MSE Loss: 0.4763, Train CLS Loss: 0.0000, Train MCLS Loss: 0.0000
Protein Cluster Region Loss - Ortho Loss: 0.0000, Cluster Loss: 0.0000
                              
Validation Results: {
    "ci": 0.7789,
    "classification_loss": 0.0,
    "cluster_loss": 0.0,
    "mae": 0.7372,
    "mse": 1.1495,
    "multiclassification_loss": 0.0,
    "ortho_loss": 0.0,
    "pearson": 0.7258,
    "regression_loss": 1.1454,
    "rm2": 0.5057,
    "rmse": 1.0722,
    "sd": 1.056,
    "spearman": 0.7334,
    "spectral_loss": 0.0
}
                              
Test Results: {
    "ci": 0.7747,
    "classification_loss": 0.0,
    "cluster_loss": 0.0,
    "mae": 0.7236,
    "mse": 1.0605,
    "multiclassification_loss": 0.0,
    "ortho_loss": 0.0,
    "pearson": 0.7236,
    "regression_loss": 1.0562,
    "rm2": 0.5155,
    "rmse": 1.0298,
    "sd": 1.0246,
    "spearman": 0.7253,
    "spectral_loss": 0.0
}
                              
                              
----------------------------------------
Epoch 063 with LR 0.000100: Model Results
----------------------------------------
Train MSE Loss: 0.4772, Train CLS Loss: 0.0000, Train MCLS Loss: 0.0000
Protein Cluster Region Loss - Ortho Loss: 0.0000, Cluster Loss: 0.0000
                              
Validation Results: {
    "ci": 0.7861,
    "classification_loss": 0.0,
    "cluster_loss": 0.0,
    "mae": 0.7176,
    "mse": 1.1169,
    "multiclassification_loss": 0.0,
    "ortho_loss": 0.0,
    "pearson": 0.734,
    "regression_loss": 1.117,
    "rm2": 0.5314,
    "rmse": 1.0568,
    "sd": 1.0425,
    "spearman": 0.7478,
    "spectral_loss": 0.0
}
                              
Test Results: {
    "ci": 0.7747,
    "classification_loss": 0.0,
    "cluster_loss": 0.0,
    "mae": 0.7236,
    "mse": 1.0605,
    "multiclassification_loss": 0.0,
    "ortho_loss": 0.0,
    "pearson": 0.7236,
    "regression_loss": 1.0562,
    "rm2": 0.5155,
    "rmse": 1.0298,
    "sd": 1.0246,
    "spearman": 0.7253,
    "spectral_loss": 0.0
}
                              
                              
----------------------------------------
Epoch 064 with LR 0.000100: Model Results
----------------------------------------
Train MSE Loss: 0.4733, Train CLS Loss: 0.0000, Train MCLS Loss: 0.0000
Protein Cluster Region Loss - Ortho Loss: 0.0000, Cluster Loss: 0.0000
                              
Validation Results: {
    "ci": 0.7841,
    "classification_loss": 0.0,
    "cluster_loss": 0.0,
    "mae": 0.7176,
    "mse": 1.1099,
    "multiclassification_loss": 0.0,
    "ortho_loss": 0.0,
    "pearson": 0.7328,
    "regression_loss": 1.1087,
    "rm2": 0.5297,
    "rmse": 1.0535,
    "sd": 1.0445,
    "spearman": 0.7454,
    "spectral_loss": 0.0
}
                              
Test Results: {
    "ci": 0.7747,
    "classification_loss": 0.0,
    "cluster_loss": 0.0,
    "mae": 0.7236,
    "mse": 1.0605,
    "multiclassification_loss": 0.0,
    "ortho_loss": 0.0,
    "pearson": 0.7236,
    "regression_loss": 1.0562,
    "rm2": 0.5155,
    "rmse": 1.0298,
    "sd": 1.0246,
    "spearman": 0.7253,
    "spectral_loss": 0.0
}
                              
                              
----------------------------------------
Epoch 065 with LR 0.000100: Model Results
----------------------------------------
Train MSE Loss: 0.4626, Train CLS Loss: 0.0000, Train MCLS Loss: 0.0000
Protein Cluster Region Loss - Ortho Loss: 0.0000, Cluster Loss: 0.0000
                              
Validation Results: {
    "ci": 0.7842,
    "classification_loss": 0.0,
    "cluster_loss": 0.0,
    "mae": 0.7185,
    "mse": 1.0905,
    "multiclassification_loss": 0.0,
    "ortho_loss": 0.0,
    "pearson": 0.7353,
    "regression_loss": 1.0902,
    "rm2": 0.5405,
    "rmse": 1.0443,
    "sd": 1.0403,
    "spearman": 0.7454,
    "spectral_loss": 0.0
}
                              
Test Results: {
    "ci": 0.7747,
    "classification_loss": 0.0,
    "cluster_loss": 0.0,
    "mae": 0.7236,
    "mse": 1.0605,
    "multiclassification_loss": 0.0,
    "ortho_loss": 0.0,
    "pearson": 0.7236,
    "regression_loss": 1.0562,
    "rm2": 0.5155,
    "rmse": 1.0298,
    "sd": 1.0246,
    "spearman": 0.7253,
    "spectral_loss": 0.0
}
                              
                              
----------------------------------------
Epoch 066 with LR 0.000100: Model Results
----------------------------------------
Train MSE Loss: 0.4634, Train CLS Loss: 0.0000, Train MCLS Loss: 0.0000
Protein Cluster Region Loss - Ortho Loss: 0.0000, Cluster Loss: 0.0000
                              
Validation Results: {
    "ci": 0.7832,
    "classification_loss": 0.0,
    "cluster_loss": 0.0,
    "mae": 0.748,
    "mse": 1.1854,
    "multiclassification_loss": 0.0,
    "ortho_loss": 0.0,
    "pearson": 0.7186,
    "regression_loss": 1.1809,
    "rm2": 0.4581,
    "rmse": 1.0888,
    "sd": 1.0675,
    "spearman": 0.7417,
    "spectral_loss": 0.0
}
                              
Test Results: {
    "ci": 0.7747,
    "classification_loss": 0.0,
    "cluster_loss": 0.0,
    "mae": 0.7236,
    "mse": 1.0605,
    "multiclassification_loss": 0.0,
    "ortho_loss": 0.0,
    "pearson": 0.7236,
    "regression_loss": 1.0562,
    "rm2": 0.5155,
    "rmse": 1.0298,
    "sd": 1.0246,
    "spearman": 0.7253,
    "spectral_loss": 0.0
}
                              
                              
----------------------------------------
Epoch 067 with LR 0.000100: Model Results
----------------------------------------
Train MSE Loss: 0.4709, Train CLS Loss: 0.0000, Train MCLS Loss: 0.0000
Protein Cluster Region Loss - Ortho Loss: 0.0000, Cluster Loss: 0.0000
                              
Validation Results: {
    "ci": 0.7877,
    "classification_loss": 0.0,
    "cluster_loss": 0.0,
    "mae": 0.7117,
    "mse": 1.0959,
    "multiclassification_loss": 0.0,
    "ortho_loss": 0.0,
    "pearson": 0.7371,
    "regression_loss": 1.0919,
    "rm2": 0.5382,
    "rmse": 1.0469,
    "sd": 1.0373,
    "spearman": 0.7515,
    "spectral_loss": 0.0
}
                              
Test Results: {
    "ci": 0.7747,
    "classification_loss": 0.0,
    "cluster_loss": 0.0,
    "mae": 0.7236,
    "mse": 1.0605,
    "multiclassification_loss": 0.0,
    "ortho_loss": 0.0,
    "pearson": 0.7236,
    "regression_loss": 1.0562,
    "rm2": 0.5155,
    "rmse": 1.0298,
    "sd": 1.0246,
    "spearman": 0.7253,
    "spectral_loss": 0.0
}
                              
                              
----------------------------------------
Epoch 068 with LR 0.000100: Model Results
----------------------------------------
Train MSE Loss: 0.4564, Train CLS Loss: 0.0000, Train MCLS Loss: 0.0000
Protein Cluster Region Loss - Ortho Loss: 0.0000, Cluster Loss: 0.0000
                              
Validation Results: {
    "ci": 0.7862,
    "classification_loss": 0.0,
    "cluster_loss": 0.0,
    "mae": 0.7156,
    "mse": 1.0988,
    "multiclassification_loss": 0.0,
    "ortho_loss": 0.0,
    "pearson": 0.7352,
    "regression_loss": 1.0976,
    "rm2": 0.5139,
    "rmse": 1.0483,
    "sd": 1.0405,
    "spearman": 0.7489,
    "spectral_loss": 0.0
}
                              
Test Results: {
    "ci": 0.7747,
    "classification_loss": 0.0,
    "cluster_loss": 0.0,
    "mae": 0.7236,
    "mse": 1.0605,
    "multiclassification_loss": 0.0,
    "ortho_loss": 0.0,
    "pearson": 0.7236,
    "regression_loss": 1.0562,
    "rm2": 0.5155,
    "rmse": 1.0298,
    "sd": 1.0246,
    "spearman": 0.7253,
    "spectral_loss": 0.0
}
                              
                              
----------------------------------------
Epoch 069 with LR 0.000100: Model Results
----------------------------------------
Train MSE Loss: 0.4540, Train CLS Loss: 0.0000, Train MCLS Loss: 0.0000
Protein Cluster Region Loss - Ortho Loss: 0.0000, Cluster Loss: 0.0000
                              
Validation Results: {
    "ci": 0.7876,
    "classification_loss": 0.0,
    "cluster_loss": 0.0,
    "mae": 0.7093,
    "mse": 1.0791,
    "multiclassification_loss": 0.0,
    "ortho_loss": 0.0,
    "pearson": 0.7374,
    "regression_loss": 1.0754,
    "rm2": 0.5394,
    "rmse": 1.0388,
    "sd": 1.0369,
    "spearman": 0.7519,
    "spectral_loss": 0.0
}
                              
Test Results: {
    "ci": 0.778,
    "classification_loss": 0.0,
    "cluster_loss": 0.0,
    "mae": 0.7164,
    "mse": 1.0592,
    "multiclassification_loss": 0.0,
    "ortho_loss": 0.0,
    "pearson": 0.7266,
    "regression_loss": 1.056,
    "rm2": 0.5242,
    "rmse": 1.0292,
    "sd": 1.0198,
    "spearman": 0.7301,
    "spectral_loss": 0.0
}
                              
                              
----------------------------------------
Epoch 070 with LR 0.000100: Model Results
----------------------------------------
Train MSE Loss: 0.4527, Train CLS Loss: 0.0000, Train MCLS Loss: 0.0000
Protein Cluster Region Loss - Ortho Loss: 0.0000, Cluster Loss: 0.0000
                              
Validation Results: {
    "ci": 0.7812,
    "classification_loss": 0.0,
    "cluster_loss": 0.0,
    "mae": 0.7546,
    "mse": 1.2102,
    "multiclassification_loss": 0.0,
    "ortho_loss": 0.0,
    "pearson": 0.7181,
    "regression_loss": 1.2073,
    "rm2": 0.4584,
    "rmse": 1.1001,
    "sd": 1.0682,
    "spearman": 0.7396,
    "spectral_loss": 0.0
}
                              
Test Results: {
    "ci": 0.778,
    "classification_loss": 0.0,
    "cluster_loss": 0.0,
    "mae": 0.7164,
    "mse": 1.0592,
    "multiclassification_loss": 0.0,
    "ortho_loss": 0.0,
    "pearson": 0.7266,
    "regression_loss": 1.056,
    "rm2": 0.5242,
    "rmse": 1.0292,
    "sd": 1.0198,
    "spearman": 0.7301,
    "spectral_loss": 0.0
}
                              
                              
----------------------------------------
Epoch 071 with LR 0.000100: Model Results
----------------------------------------
Train MSE Loss: 0.4494, Train CLS Loss: 0.0000, Train MCLS Loss: 0.0000
Protein Cluster Region Loss - Ortho Loss: 0.0000, Cluster Loss: 0.0000
                              
Validation Results: {
    "ci": 0.7869,
    "classification_loss": 0.0,
    "cluster_loss": 0.0,
    "mae": 0.7212,
    "mse": 1.1278,
    "multiclassification_loss": 0.0,
    "ortho_loss": 0.0,
    "pearson": 0.7339,
    "regression_loss": 1.1245,
    "rm2": 0.5004,
    "rmse": 1.062,
    "sd": 1.0426,
    "spearman": 0.7491,
    "spectral_loss": 0.0
}
                              
Test Results: {
    "ci": 0.778,
    "classification_loss": 0.0,
    "cluster_loss": 0.0,
    "mae": 0.7164,
    "mse": 1.0592,
    "multiclassification_loss": 0.0,
    "ortho_loss": 0.0,
    "pearson": 0.7266,
    "regression_loss": 1.056,
    "rm2": 0.5242,
    "rmse": 1.0292,
    "sd": 1.0198,
    "spearman": 0.7301,
    "spectral_loss": 0.0
}
                              
                              
----------------------------------------
Epoch 072 with LR 0.000100: Model Results
----------------------------------------
Train MSE Loss: 0.4448, Train CLS Loss: 0.0000, Train MCLS Loss: 0.0000
Protein Cluster Region Loss - Ortho Loss: 0.0000, Cluster Loss: 0.0000
                              
Validation Results: {
    "ci": 0.7845,
    "classification_loss": 0.0,
    "cluster_loss": 0.0,
    "mae": 0.7384,
    "mse": 1.1578,
    "multiclassification_loss": 0.0,
    "ortho_loss": 0.0,
    "pearson": 0.7318,
    "regression_loss": 1.1528,
    "rm2": 0.4856,
    "rmse": 1.076,
    "sd": 1.0461,
    "spearman": 0.7441,
    "spectral_loss": 0.0
}
                              
Test Results: {
    "ci": 0.778,
    "classification_loss": 0.0,
    "cluster_loss": 0.0,
    "mae": 0.7164,
    "mse": 1.0592,
    "multiclassification_loss": 0.0,
    "ortho_loss": 0.0,
    "pearson": 0.7266,
    "regression_loss": 1.056,
    "rm2": 0.5242,
    "rmse": 1.0292,
    "sd": 1.0198,
    "spearman": 0.7301,
    "spectral_loss": 0.0
}
                              
                              
----------------------------------------
Epoch 073 with LR 0.000100: Model Results
----------------------------------------
Train MSE Loss: 0.4389, Train CLS Loss: 0.0000, Train MCLS Loss: 0.0000
Protein Cluster Region Loss - Ortho Loss: 0.0000, Cluster Loss: 0.0000
                              
Validation Results: {
    "ci": 0.7844,
    "classification_loss": 0.0,
    "cluster_loss": 0.0,
    "mae": 0.7204,
    "mse": 1.1399,
    "multiclassification_loss": 0.0,
    "ortho_loss": 0.0,
    "pearson": 0.7282,
    "regression_loss": 1.135,
    "rm2": 0.5268,
    "rmse": 1.0677,
    "sd": 1.0521,
    "spearman": 0.7436,
    "spectral_loss": 0.0
}
                              
Test Results: {
    "ci": 0.778,
    "classification_loss": 0.0,
    "cluster_loss": 0.0,
    "mae": 0.7164,
    "mse": 1.0592,
    "multiclassification_loss": 0.0,
    "ortho_loss": 0.0,
    "pearson": 0.7266,
    "regression_loss": 1.056,
    "rm2": 0.5242,
    "rmse": 1.0292,
    "sd": 1.0198,
    "spearman": 0.7301,
    "spectral_loss": 0.0
}
                              
                              
----------------------------------------
Epoch 074 with LR 0.000100: Model Results
----------------------------------------
Train MSE Loss: 0.4398, Train CLS Loss: 0.0000, Train MCLS Loss: 0.0000
Protein Cluster Region Loss - Ortho Loss: 0.0000, Cluster Loss: 0.0000
                              
Validation Results: {
    "ci": 0.7841,
    "classification_loss": 0.0,
    "cluster_loss": 0.0,
    "mae": 0.7235,
    "mse": 1.1186,
    "multiclassification_loss": 0.0,
    "ortho_loss": 0.0,
    "pearson": 0.7334,
    "regression_loss": 1.1169,
    "rm2": 0.5272,
    "rmse": 1.0576,
    "sd": 1.0434,
    "spearman": 0.7446,
    "spectral_loss": 0.0
}
                              
Test Results: {
    "ci": 0.778,
    "classification_loss": 0.0,
    "cluster_loss": 0.0,
    "mae": 0.7164,
    "mse": 1.0592,
    "multiclassification_loss": 0.0,
    "ortho_loss": 0.0,
    "pearson": 0.7266,
    "regression_loss": 1.056,
    "rm2": 0.5242,
    "rmse": 1.0292,
    "sd": 1.0198,
    "spearman": 0.7301,
    "spectral_loss": 0.0
}
                              
                              
----------------------------------------
Epoch 075 with LR 0.000100: Model Results
----------------------------------------
Train MSE Loss: 0.4385, Train CLS Loss: 0.0000, Train MCLS Loss: 0.0000
Protein Cluster Region Loss - Ortho Loss: 0.0000, Cluster Loss: 0.0000
                              
Validation Results: {
    "ci": 0.7864,
    "classification_loss": 0.0,
    "cluster_loss": 0.0,
    "mae": 0.7139,
    "mse": 1.1028,
    "multiclassification_loss": 0.0,
    "ortho_loss": 0.0,
    "pearson": 0.7369,
    "regression_loss": 1.0996,
    "rm2": 0.5238,
    "rmse": 1.0501,
    "sd": 1.0376,
    "spearman": 0.748,
    "spectral_loss": 0.0
}
                              
Test Results: {
    "ci": 0.778,
    "classification_loss": 0.0,
    "cluster_loss": 0.0,
    "mae": 0.7164,
    "mse": 1.0592,
    "multiclassification_loss": 0.0,
    "ortho_loss": 0.0,
    "pearson": 0.7266,
    "regression_loss": 1.056,
    "rm2": 0.5242,
    "rmse": 1.0292,
    "sd": 1.0198,
    "spearman": 0.7301,
    "spectral_loss": 0.0
}
                              
                              
----------------------------------------
Epoch 076 with LR 0.000100: Model Results
----------------------------------------
Train MSE Loss: 0.4282, Train CLS Loss: 0.0000, Train MCLS Loss: 0.0000
Protein Cluster Region Loss - Ortho Loss: 0.0000, Cluster Loss: 0.0000
                              
Validation Results: {
    "ci": 0.7856,
    "classification_loss": 0.0,
    "cluster_loss": 0.0,
    "mae": 0.7144,
    "mse": 1.1068,
    "multiclassification_loss": 0.0,
    "ortho_loss": 0.0,
    "pearson": 0.7316,
    "regression_loss": 1.1026,
    "rm2": 0.5193,
    "rmse": 1.052,
    "sd": 1.0464,
    "spearman": 0.7448,
    "spectral_loss": 0.0
}
                              
Test Results: {
    "ci": 0.778,
    "classification_loss": 0.0,
    "cluster_loss": 0.0,
    "mae": 0.7164,
    "mse": 1.0592,
    "multiclassification_loss": 0.0,
    "ortho_loss": 0.0,
    "pearson": 0.7266,
    "regression_loss": 1.056,
    "rm2": 0.5242,
    "rmse": 1.0292,
    "sd": 1.0198,
    "spearman": 0.7301,
    "spectral_loss": 0.0
}
                              
                              
----------------------------------------
Epoch 077 with LR 0.000100: Model Results
----------------------------------------
Train MSE Loss: 0.4258, Train CLS Loss: 0.0000, Train MCLS Loss: 0.0000
Protein Cluster Region Loss - Ortho Loss: 0.0000, Cluster Loss: 0.0000
                              
Validation Results: {
    "ci": 0.7826,
    "classification_loss": 0.0,
    "cluster_loss": 0.0,
    "mae": 0.7319,
    "mse": 1.1538,
    "multiclassification_loss": 0.0,
    "ortho_loss": 0.0,
    "pearson": 0.7252,
    "regression_loss": 1.1499,
    "rm2": 0.5052,
    "rmse": 1.0742,
    "sd": 1.0569,
    "spearman": 0.7384,
    "spectral_loss": 0.0
}
                              
Test Results: {
    "ci": 0.778,
    "classification_loss": 0.0,
    "cluster_loss": 0.0,
    "mae": 0.7164,
    "mse": 1.0592,
    "multiclassification_loss": 0.0,
    "ortho_loss": 0.0,
    "pearson": 0.7266,
    "regression_loss": 1.056,
    "rm2": 0.5242,
    "rmse": 1.0292,
    "sd": 1.0198,
    "spearman": 0.7301,
    "spectral_loss": 0.0
}
                              
                              
----------------------------------------
Epoch 078 with LR 0.000100: Model Results
----------------------------------------
Train MSE Loss: 0.4272, Train CLS Loss: 0.0000, Train MCLS Loss: 0.0000
Protein Cluster Region Loss - Ortho Loss: 0.0000, Cluster Loss: 0.0000
                              
Validation Results: {
    "ci": 0.7847,
    "classification_loss": 0.0,
    "cluster_loss": 0.0,
    "mae": 0.7146,
    "mse": 1.1082,
    "multiclassification_loss": 0.0,
    "ortho_loss": 0.0,
    "pearson": 0.7344,
    "regression_loss": 1.1081,
    "rm2": 0.531,
    "rmse": 1.0527,
    "sd": 1.0418,
    "spearman": 0.7448,
    "spectral_loss": 0.0
}
                              
Test Results: {
    "ci": 0.778,
    "classification_loss": 0.0,
    "cluster_loss": 0.0,
    "mae": 0.7164,
    "mse": 1.0592,
    "multiclassification_loss": 0.0,
    "ortho_loss": 0.0,
    "pearson": 0.7266,
    "regression_loss": 1.056,
    "rm2": 0.5242,
    "rmse": 1.0292,
    "sd": 1.0198,
    "spearman": 0.7301,
    "spectral_loss": 0.0
}
                              
                              
----------------------------------------
Epoch 079 with LR 0.000100: Model Results
----------------------------------------
Train MSE Loss: 0.4261, Train CLS Loss: 0.0000, Train MCLS Loss: 0.0000
Protein Cluster Region Loss - Ortho Loss: 0.0000, Cluster Loss: 0.0000
                              
Validation Results: {
    "ci": 0.7864,
    "classification_loss": 0.0,
    "cluster_loss": 0.0,
    "mae": 0.7135,
    "mse": 1.0999,
    "multiclassification_loss": 0.0,
    "ortho_loss": 0.0,
    "pearson": 0.7399,
    "regression_loss": 1.0979,
    "rm2": 0.5222,
    "rmse": 1.0487,
    "sd": 1.0327,
    "spearman": 0.7492,
    "spectral_loss": 0.0
}
                              
Test Results: {
    "ci": 0.778,
    "classification_loss": 0.0,
    "cluster_loss": 0.0,
    "mae": 0.7164,
    "mse": 1.0592,
    "multiclassification_loss": 0.0,
    "ortho_loss": 0.0,
    "pearson": 0.7266,
    "regression_loss": 1.056,
    "rm2": 0.5242,
    "rmse": 1.0292,
    "sd": 1.0198,
    "spearman": 0.7301,
    "spectral_loss": 0.0
}
                              
                              
----------------------------------------
Epoch 080 with LR 0.000100: Model Results
----------------------------------------
Train MSE Loss: 0.4214, Train CLS Loss: 0.0000, Train MCLS Loss: 0.0000
Protein Cluster Region Loss - Ortho Loss: 0.0000, Cluster Loss: 0.0000
                              
Validation Results: {
    "ci": 0.7911,
    "classification_loss": 0.0,
    "cluster_loss": 0.0,
    "mae": 0.7044,
    "mse": 1.0891,
    "multiclassification_loss": 0.0,
    "ortho_loss": 0.0,
    "pearson": 0.7408,
    "regression_loss": 1.0866,
    "rm2": 0.519,
    "rmse": 1.0436,
    "sd": 1.031,
    "spearman": 0.7587,
    "spectral_loss": 0.0
}
                              
Test Results: {
    "ci": 0.778,
    "classification_loss": 0.0,
    "cluster_loss": 0.0,
    "mae": 0.7164,
    "mse": 1.0592,
    "multiclassification_loss": 0.0,
    "ortho_loss": 0.0,
    "pearson": 0.7266,
    "regression_loss": 1.056,
    "rm2": 0.5242,
    "rmse": 1.0292,
    "sd": 1.0198,
    "spearman": 0.7301,
    "spectral_loss": 0.0
}
                              
                              
----------------------------------------
Epoch 081 with LR 0.000100: Model Results
----------------------------------------
Train MSE Loss: 0.4188, Train CLS Loss: 0.0000, Train MCLS Loss: 0.0000
Protein Cluster Region Loss - Ortho Loss: 0.0000, Cluster Loss: 0.0000
                              
Validation Results: {
    "ci": 0.7844,
    "classification_loss": 0.0,
    "cluster_loss": 0.0,
    "mae": 0.7372,
    "mse": 1.1584,
    "multiclassification_loss": 0.0,
    "ortho_loss": 0.0,
    "pearson": 0.7314,
    "regression_loss": 1.16,
    "rm2": 0.527,
    "rmse": 1.0763,
    "sd": 1.0467,
    "spearman": 0.7471,
    "spectral_loss": 0.0
}
                              
Test Results: {
    "ci": 0.778,
    "classification_loss": 0.0,
    "cluster_loss": 0.0,
    "mae": 0.7164,
    "mse": 1.0592,
    "multiclassification_loss": 0.0,
    "ortho_loss": 0.0,
    "pearson": 0.7266,
    "regression_loss": 1.056,
    "rm2": 0.5242,
    "rmse": 1.0292,
    "sd": 1.0198,
    "spearman": 0.7301,
    "spectral_loss": 0.0
}
                              
                              
----------------------------------------
Epoch 082 with LR 0.000100: Model Results
----------------------------------------
Train MSE Loss: 0.4176, Train CLS Loss: 0.0000, Train MCLS Loss: 0.0000
Protein Cluster Region Loss - Ortho Loss: 0.0000, Cluster Loss: 0.0000
                              
Validation Results: {
    "ci": 0.7892,
    "classification_loss": 0.0,
    "cluster_loss": 0.0,
    "mae": 0.7059,
    "mse": 1.1046,
    "multiclassification_loss": 0.0,
    "ortho_loss": 0.0,
    "pearson": 0.7377,
    "regression_loss": 1.1016,
    "rm2": 0.535,
    "rmse": 1.051,
    "sd": 1.0363,
    "spearman": 0.7541,
    "spectral_loss": 0.0
}
                              
Test Results: {
    "ci": 0.778,
    "classification_loss": 0.0,
    "cluster_loss": 0.0,
    "mae": 0.7164,
    "mse": 1.0592,
    "multiclassification_loss": 0.0,
    "ortho_loss": 0.0,
    "pearson": 0.7266,
    "regression_loss": 1.056,
    "rm2": 0.5242,
    "rmse": 1.0292,
    "sd": 1.0198,
    "spearman": 0.7301,
    "spectral_loss": 0.0
}
                              
                              
----------------------------------------
Epoch 083 with LR 0.000100: Model Results
----------------------------------------
Train MSE Loss: 0.4145, Train CLS Loss: 0.0000, Train MCLS Loss: 0.0000
Protein Cluster Region Loss - Ortho Loss: 0.0000, Cluster Loss: 0.0000
                              
Validation Results: {
    "ci": 0.7872,
    "classification_loss": 0.0,
    "cluster_loss": 0.0,
    "mae": 0.7103,
    "mse": 1.1179,
    "multiclassification_loss": 0.0,
    "ortho_loss": 0.0,
    "pearson": 0.7323,
    "regression_loss": 1.114,
    "rm2": 0.5143,
    "rmse": 1.0573,
    "sd": 1.0452,
    "spearman": 0.7497,
    "spectral_loss": 0.0
}
                              
Test Results: {
    "ci": 0.778,
    "classification_loss": 0.0,
    "cluster_loss": 0.0,
    "mae": 0.7164,
    "mse": 1.0592,
    "multiclassification_loss": 0.0,
    "ortho_loss": 0.0,
    "pearson": 0.7266,
    "regression_loss": 1.056,
    "rm2": 0.5242,
    "rmse": 1.0292,
    "sd": 1.0198,
    "spearman": 0.7301,
    "spectral_loss": 0.0
}
                              
                              
----------------------------------------
Epoch 084 with LR 0.000100: Model Results
----------------------------------------
Train MSE Loss: 0.4120, Train CLS Loss: 0.0000, Train MCLS Loss: 0.0000
Protein Cluster Region Loss - Ortho Loss: 0.0000, Cluster Loss: 0.0000
                              
Validation Results: {
    "ci": 0.7835,
    "classification_loss": 0.0,
    "cluster_loss": 0.0,
    "mae": 0.7244,
    "mse": 1.1389,
    "multiclassification_loss": 0.0,
    "ortho_loss": 0.0,
    "pearson": 0.73,
    "regression_loss": 1.1351,
    "rm2": 0.5216,
    "rmse": 1.0672,
    "sd": 1.049,
    "spearman": 0.7443,
    "spectral_loss": 0.0
}
                              
Test Results: {
    "ci": 0.778,
    "classification_loss": 0.0,
    "cluster_loss": 0.0,
    "mae": 0.7164,
    "mse": 1.0592,
    "multiclassification_loss": 0.0,
    "ortho_loss": 0.0,
    "pearson": 0.7266,
    "regression_loss": 1.056,
    "rm2": 0.5242,
    "rmse": 1.0292,
    "sd": 1.0198,
    "spearman": 0.7301,
    "spectral_loss": 0.0
}
                              
                              
----------------------------------------
Epoch 085 with LR 0.000100: Model Results
----------------------------------------
Train MSE Loss: 0.4084, Train CLS Loss: 0.0000, Train MCLS Loss: 0.0000
Protein Cluster Region Loss - Ortho Loss: 0.0000, Cluster Loss: 0.0000
                              
Validation Results: {
    "ci": 0.7869,
    "classification_loss": 0.0,
    "cluster_loss": 0.0,
    "mae": 0.732,
    "mse": 1.1235,
    "multiclassification_loss": 0.0,
    "ortho_loss": 0.0,
    "pearson": 0.7334,
    "regression_loss": 1.1201,
    "rm2": 0.4723,
    "rmse": 1.0599,
    "sd": 1.0434,
    "spearman": 0.7493,
    "spectral_loss": 0.0
}
                              
Test Results: {
    "ci": 0.778,
    "classification_loss": 0.0,
    "cluster_loss": 0.0,
    "mae": 0.7164,
    "mse": 1.0592,
    "multiclassification_loss": 0.0,
    "ortho_loss": 0.0,
    "pearson": 0.7266,
    "regression_loss": 1.056,
    "rm2": 0.5242,
    "rmse": 1.0292,
    "sd": 1.0198,
    "spearman": 0.7301,
    "spectral_loss": 0.0
}
                              
                              
----------------------------------------
Epoch 086 with LR 0.000100: Model Results
----------------------------------------
Train MSE Loss: 0.4059, Train CLS Loss: 0.0000, Train MCLS Loss: 0.0000
Protein Cluster Region Loss - Ortho Loss: 0.0000, Cluster Loss: 0.0000
                              
Validation Results: {
    "ci": 0.7842,
    "classification_loss": 0.0,
    "cluster_loss": 0.0,
    "mae": 0.7269,
    "mse": 1.1471,
    "multiclassification_loss": 0.0,
    "ortho_loss": 0.0,
    "pearson": 0.7303,
    "regression_loss": 1.1448,
    "rm2": 0.5178,
    "rmse": 1.071,
    "sd": 1.0485,
    "spearman": 0.7445,
    "spectral_loss": 0.0
}
                              
Test Results: {
    "ci": 0.778,
    "classification_loss": 0.0,
    "cluster_loss": 0.0,
    "mae": 0.7164,
    "mse": 1.0592,
    "multiclassification_loss": 0.0,
    "ortho_loss": 0.0,
    "pearson": 0.7266,
    "regression_loss": 1.056,
    "rm2": 0.5242,
    "rmse": 1.0292,
    "sd": 1.0198,
    "spearman": 0.7301,
    "spectral_loss": 0.0
}
                              
                              
----------------------------------------
Epoch 087 with LR 0.000100: Model Results
----------------------------------------
Train MSE Loss: 0.4034, Train CLS Loss: 0.0000, Train MCLS Loss: 0.0000
Protein Cluster Region Loss - Ortho Loss: 0.0000, Cluster Loss: 0.0000
                              
Validation Results: {
    "ci": 0.7881,
    "classification_loss": 0.0,
    "cluster_loss": 0.0,
    "mae": 0.7133,
    "mse": 1.0915,
    "multiclassification_loss": 0.0,
    "ortho_loss": 0.0,
    "pearson": 0.738,
    "regression_loss": 1.0909,
    "rm2": 0.5261,
    "rmse": 1.0448,
    "sd": 1.0357,
    "spearman": 0.7507,
    "spectral_loss": 0.0
}
                              
Test Results: {
    "ci": 0.778,
    "classification_loss": 0.0,
    "cluster_loss": 0.0,
    "mae": 0.7164,
    "mse": 1.0592,
    "multiclassification_loss": 0.0,
    "ortho_loss": 0.0,
    "pearson": 0.7266,
    "regression_loss": 1.056,
    "rm2": 0.5242,
    "rmse": 1.0292,
    "sd": 1.0198,
    "spearman": 0.7301,
    "spectral_loss": 0.0
}
                              
                              
----------------------------------------
Epoch 088 with LR 0.000100: Model Results
----------------------------------------
Train MSE Loss: 0.4038, Train CLS Loss: 0.0000, Train MCLS Loss: 0.0000
Protein Cluster Region Loss - Ortho Loss: 0.0000, Cluster Loss: 0.0000
                              
Validation Results: {
    "ci": 0.787,
    "classification_loss": 0.0,
    "cluster_loss": 0.0,
    "mae": 0.7131,
    "mse": 1.1094,
    "multiclassification_loss": 0.0,
    "ortho_loss": 0.0,
    "pearson": 0.7346,
    "regression_loss": 1.1055,
    "rm2": 0.5219,
    "rmse": 1.0533,
    "sd": 1.0415,
    "spearman": 0.7502,
    "spectral_loss": 0.0
}
                              
Test Results: {
    "ci": 0.778,
    "classification_loss": 0.0,
    "cluster_loss": 0.0,
    "mae": 0.7164,
    "mse": 1.0592,
    "multiclassification_loss": 0.0,
    "ortho_loss": 0.0,
    "pearson": 0.7266,
    "regression_loss": 1.056,
    "rm2": 0.5242,
    "rmse": 1.0292,
    "sd": 1.0198,
    "spearman": 0.7301,
    "spectral_loss": 0.0
}
                              
                              
----------------------------------------
Epoch 089 with LR 0.000100: Model Results
----------------------------------------
Train MSE Loss: 0.3947, Train CLS Loss: 0.0000, Train MCLS Loss: 0.0000
Protein Cluster Region Loss - Ortho Loss: 0.0000, Cluster Loss: 0.0000
                              
Validation Results: {
    "ci": 0.7831,
    "classification_loss": 0.0,
    "cluster_loss": 0.0,
    "mae": 0.7378,
    "mse": 1.1472,
    "multiclassification_loss": 0.0,
    "ortho_loss": 0.0,
    "pearson": 0.728,
    "regression_loss": 1.1428,
    "rm2": 0.4764,
    "rmse": 1.0711,
    "sd": 1.0524,
    "spearman": 0.7431,
    "spectral_loss": 0.0
}
                              
Test Results: {
    "ci": 0.778,
    "classification_loss": 0.0,
    "cluster_loss": 0.0,
    "mae": 0.7164,
    "mse": 1.0592,
    "multiclassification_loss": 0.0,
    "ortho_loss": 0.0,
    "pearson": 0.7266,
    "regression_loss": 1.056,
    "rm2": 0.5242,
    "rmse": 1.0292,
    "sd": 1.0198,
    "spearman": 0.7301,
    "spectral_loss": 0.0
}
                              
                              
----------------------------------------
Epoch 090 with LR 0.000100: Model Results
----------------------------------------
Train MSE Loss: 0.3971, Train CLS Loss: 0.0000, Train MCLS Loss: 0.0000
Protein Cluster Region Loss - Ortho Loss: 0.0000, Cluster Loss: 0.0000
                              
Validation Results: {
    "ci": 0.7834,
    "classification_loss": 0.0,
    "cluster_loss": 0.0,
    "mae": 0.7313,
    "mse": 1.1536,
    "multiclassification_loss": 0.0,
    "ortho_loss": 0.0,
    "pearson": 0.7276,
    "regression_loss": 1.1536,
    "rm2": 0.5126,
    "rmse": 1.0741,
    "sd": 1.0531,
    "spearman": 0.743,
    "spectral_loss": 0.0
}
                              
Test Results: {
    "ci": 0.778,
    "classification_loss": 0.0,
    "cluster_loss": 0.0,
    "mae": 0.7164,
    "mse": 1.0592,
    "multiclassification_loss": 0.0,
    "ortho_loss": 0.0,
    "pearson": 0.7266,
    "regression_loss": 1.056,
    "rm2": 0.5242,
    "rmse": 1.0292,
    "sd": 1.0198,
    "spearman": 0.7301,
    "spectral_loss": 0.0
}
                              
                              
----------------------------------------
Epoch 091 with LR 0.000100: Model Results
----------------------------------------
Train MSE Loss: 0.3947, Train CLS Loss: 0.0000, Train MCLS Loss: 0.0000
Protein Cluster Region Loss - Ortho Loss: 0.0000, Cluster Loss: 0.0000
                              
Validation Results: {
    "ci": 0.7878,
    "classification_loss": 0.0,
    "cluster_loss": 0.0,
    "mae": 0.7093,
    "mse": 1.1163,
    "multiclassification_loss": 0.0,
    "ortho_loss": 0.0,
    "pearson": 0.7344,
    "regression_loss": 1.1137,
    "rm2": 0.5188,
    "rmse": 1.0566,
    "sd": 1.0418,
    "spearman": 0.7497,
    "spectral_loss": 0.0
}
                              
Test Results: {
    "ci": 0.778,
    "classification_loss": 0.0,
    "cluster_loss": 0.0,
    "mae": 0.7164,
    "mse": 1.0592,
    "multiclassification_loss": 0.0,
    "ortho_loss": 0.0,
    "pearson": 0.7266,
    "regression_loss": 1.056,
    "rm2": 0.5242,
    "rmse": 1.0292,
    "sd": 1.0198,
    "spearman": 0.7301,
    "spectral_loss": 0.0
}
                              
                              
----------------------------------------
Epoch 092 with LR 0.000100: Model Results
----------------------------------------
Train MSE Loss: 0.3904, Train CLS Loss: 0.0000, Train MCLS Loss: 0.0000
Protein Cluster Region Loss - Ortho Loss: 0.0000, Cluster Loss: 0.0000
                              
Validation Results: {
    "ci": 0.7892,
    "classification_loss": 0.0,
    "cluster_loss": 0.0,
    "mae": 0.7057,
    "mse": 1.0855,
    "multiclassification_loss": 0.0,
    "ortho_loss": 0.0,
    "pearson": 0.74,
    "regression_loss": 1.0855,
    "rm2": 0.5279,
    "rmse": 1.0419,
    "sd": 1.0325,
    "spearman": 0.7532,
    "spectral_loss": 0.0
}
                              
Test Results: {
    "ci": 0.778,
    "classification_loss": 0.0,
    "cluster_loss": 0.0,
    "mae": 0.7164,
    "mse": 1.0592,
    "multiclassification_loss": 0.0,
    "ortho_loss": 0.0,
    "pearson": 0.7266,
    "regression_loss": 1.056,
    "rm2": 0.5242,
    "rmse": 1.0292,
    "sd": 1.0198,
    "spearman": 0.7301,
    "spectral_loss": 0.0
}
                              
                              
----------------------------------------
Epoch 093 with LR 0.000100: Model Results
----------------------------------------
Train MSE Loss: 0.3974, Train CLS Loss: 0.0000, Train MCLS Loss: 0.0000
Protein Cluster Region Loss - Ortho Loss: 0.0000, Cluster Loss: 0.0000
                              
Validation Results: {
    "ci": 0.7865,
    "classification_loss": 0.0,
    "cluster_loss": 0.0,
    "mae": 0.7153,
    "mse": 1.1091,
    "multiclassification_loss": 0.0,
    "ortho_loss": 0.0,
    "pearson": 0.7346,
    "regression_loss": 1.1068,
    "rm2": 0.5081,
    "rmse": 1.0532,
    "sd": 1.0414,
    "spearman": 0.7483,
    "spectral_loss": 0.0
}
                              
Test Results: {
    "ci": 0.778,
    "classification_loss": 0.0,
    "cluster_loss": 0.0,
    "mae": 0.7164,
    "mse": 1.0592,
    "multiclassification_loss": 0.0,
    "ortho_loss": 0.0,
    "pearson": 0.7266,
    "regression_loss": 1.056,
    "rm2": 0.5242,
    "rmse": 1.0292,
    "sd": 1.0198,
    "spearman": 0.7301,
    "spectral_loss": 0.0
}
                              
                              
----------------------------------------
Epoch 094 with LR 0.000100: Model Results
----------------------------------------
Train MSE Loss: 0.3891, Train CLS Loss: 0.0000, Train MCLS Loss: 0.0000
Protein Cluster Region Loss - Ortho Loss: 0.0000, Cluster Loss: 0.0000
                              
Validation Results: {
    "ci": 0.7877,
    "classification_loss": 0.0,
    "cluster_loss": 0.0,
    "mae": 0.7136,
    "mse": 1.106,
    "multiclassification_loss": 0.0,
    "ortho_loss": 0.0,
    "pearson": 0.7358,
    "regression_loss": 1.1016,
    "rm2": 0.5287,
    "rmse": 1.0517,
    "sd": 1.0396,
    "spearman": 0.7508,
    "spectral_loss": 0.0
}
                              
Test Results: {
    "ci": 0.778,
    "classification_loss": 0.0,
    "cluster_loss": 0.0,
    "mae": 0.7164,
    "mse": 1.0592,
    "multiclassification_loss": 0.0,
    "ortho_loss": 0.0,
    "pearson": 0.7266,
    "regression_loss": 1.056,
    "rm2": 0.5242,
    "rmse": 1.0292,
    "sd": 1.0198,
    "spearman": 0.7301,
    "spectral_loss": 0.0
}
                              
                              
----------------------------------------
Epoch 095 with LR 0.000100: Model Results
----------------------------------------
Train MSE Loss: 0.3851, Train CLS Loss: 0.0000, Train MCLS Loss: 0.0000
Protein Cluster Region Loss - Ortho Loss: 0.0000, Cluster Loss: 0.0000
                              
Validation Results: {
    "ci": 0.7853,
    "classification_loss": 0.0,
    "cluster_loss": 0.0,
    "mae": 0.7253,
    "mse": 1.1399,
    "multiclassification_loss": 0.0,
    "ortho_loss": 0.0,
    "pearson": 0.7309,
    "regression_loss": 1.1343,
    "rm2": 0.5005,
    "rmse": 1.0677,
    "sd": 1.0475,
    "spearman": 0.745,
    "spectral_loss": 0.0
}
                              
Test Results: {
    "ci": 0.778,
    "classification_loss": 0.0,
    "cluster_loss": 0.0,
    "mae": 0.7164,
    "mse": 1.0592,
    "multiclassification_loss": 0.0,
    "ortho_loss": 0.0,
    "pearson": 0.7266,
    "regression_loss": 1.056,
    "rm2": 0.5242,
    "rmse": 1.0292,
    "sd": 1.0198,
    "spearman": 0.7301,
    "spectral_loss": 0.0
}
                              
                              
----------------------------------------
Epoch 096 with LR 0.000100: Model Results
----------------------------------------
Train MSE Loss: 0.3827, Train CLS Loss: 0.0000, Train MCLS Loss: 0.0000
Protein Cluster Region Loss - Ortho Loss: 0.0000, Cluster Loss: 0.0000
                              
Validation Results: {
    "ci": 0.7869,
    "classification_loss": 0.0,
    "cluster_loss": 0.0,
    "mae": 0.7162,
    "mse": 1.1136,
    "multiclassification_loss": 0.0,
    "ortho_loss": 0.0,
    "pearson": 0.7328,
    "regression_loss": 1.1149,
    "rm2": 0.5092,
    "rmse": 1.0553,
    "sd": 1.0444,
    "spearman": 0.7492,
    "spectral_loss": 0.0
}
                              
Test Results: {
    "ci": 0.778,
    "classification_loss": 0.0,
    "cluster_loss": 0.0,
    "mae": 0.7164,
    "mse": 1.0592,
    "multiclassification_loss": 0.0,
    "ortho_loss": 0.0,
    "pearson": 0.7266,
    "regression_loss": 1.056,
    "rm2": 0.5242,
    "rmse": 1.0292,
    "sd": 1.0198,
    "spearman": 0.7301,
    "spectral_loss": 0.0
}
                              
                              
----------------------------------------
Epoch 097 with LR 0.000100: Model Results
----------------------------------------
Train MSE Loss: 0.3765, Train CLS Loss: 0.0000, Train MCLS Loss: 0.0000
Protein Cluster Region Loss - Ortho Loss: 0.0000, Cluster Loss: 0.0000
                              
Validation Results: {
    "ci": 0.7846,
    "classification_loss": 0.0,
    "cluster_loss": 0.0,
    "mae": 0.7215,
    "mse": 1.1312,
    "multiclassification_loss": 0.0,
    "ortho_loss": 0.0,
    "pearson": 0.7325,
    "regression_loss": 1.1265,
    "rm2": 0.5109,
    "rmse": 1.0636,
    "sd": 1.045,
    "spearman": 0.7437,
    "spectral_loss": 0.0
}
                              
Test Results: {
    "ci": 0.778,
    "classification_loss": 0.0,
    "cluster_loss": 0.0,
    "mae": 0.7164,
    "mse": 1.0592,
    "multiclassification_loss": 0.0,
    "ortho_loss": 0.0,
    "pearson": 0.7266,
    "regression_loss": 1.056,
    "rm2": 0.5242,
    "rmse": 1.0292,
    "sd": 1.0198,
    "spearman": 0.7301,
    "spectral_loss": 0.0
}
                              
                              
----------------------------------------
Epoch 098 with LR 0.000100: Model Results
----------------------------------------
Train MSE Loss: 0.3802, Train CLS Loss: 0.0000, Train MCLS Loss: 0.0000
Protein Cluster Region Loss - Ortho Loss: 0.0000, Cluster Loss: 0.0000
                              
Validation Results: {
    "ci": 0.7897,
    "classification_loss": 0.0,
    "cluster_loss": 0.0,
    "mae": 0.7132,
    "mse": 1.1232,
    "multiclassification_loss": 0.0,
    "ortho_loss": 0.0,
    "pearson": 0.7381,
    "regression_loss": 1.1186,
    "rm2": 0.5088,
    "rmse": 1.0598,
    "sd": 1.0357,
    "spearman": 0.7532,
    "spectral_loss": 0.0
}
                              
Test Results: {
    "ci": 0.778,
    "classification_loss": 0.0,
    "cluster_loss": 0.0,
    "mae": 0.7164,
    "mse": 1.0592,
    "multiclassification_loss": 0.0,
    "ortho_loss": 0.0,
    "pearson": 0.7266,
    "regression_loss": 1.056,
    "rm2": 0.5242,
    "rmse": 1.0292,
    "sd": 1.0198,
    "spearman": 0.7301,
    "spectral_loss": 0.0
}
                              
                              
----------------------------------------
Epoch 099 with LR 0.000100: Model Results
----------------------------------------
Train MSE Loss: 0.3742, Train CLS Loss: 0.0000, Train MCLS Loss: 0.0000
Protein Cluster Region Loss - Ortho Loss: 0.0000, Cluster Loss: 0.0000
                              
Validation Results: {
    "ci": 0.7845,
    "classification_loss": 0.0,
    "cluster_loss": 0.0,
    "mae": 0.7222,
    "mse": 1.1465,
    "multiclassification_loss": 0.0,
    "ortho_loss": 0.0,
    "pearson": 0.7278,
    "regression_loss": 1.1435,
    "rm2": 0.5106,
    "rmse": 1.0708,
    "sd": 1.0527,
    "spearman": 0.7437,
    "spectral_loss": 0.0
}
                              
Test Results: {
    "ci": 0.778,
    "classification_loss": 0.0,
    "cluster_loss": 0.0,
    "mae": 0.7164,
    "mse": 1.0592,
    "multiclassification_loss": 0.0,
    "ortho_loss": 0.0,
    "pearson": 0.7266,
    "regression_loss": 1.056,
    "rm2": 0.5242,
    "rmse": 1.0292,
    "sd": 1.0198,
    "spearman": 0.7301,
    "spectral_loss": 0.0
}
                              
                              
----------------------------------------
Epoch 100 with LR 0.000100: Model Results
----------------------------------------
Train MSE Loss: 0.3775, Train CLS Loss: 0.0000, Train MCLS Loss: 0.0000
Protein Cluster Region Loss - Ortho Loss: 0.0000, Cluster Loss: 0.0000
                              
Validation Results: {
    "ci": 0.7871,
    "classification_loss": 0.0,
    "cluster_loss": 0.0,
    "mae": 0.7169,
    "mse": 1.132,
    "multiclassification_loss": 0.0,
    "ortho_loss": 0.0,
    "pearson": 0.7341,
    "regression_loss": 1.1277,
    "rm2": 0.5058,
    "rmse": 1.0639,
    "sd": 1.0424,
    "spearman": 0.7492,
    "spectral_loss": 0.0
}
                              
Test Results: {
    "ci": 0.778,
    "classification_loss": 0.0,
    "cluster_loss": 0.0,
    "mae": 0.7164,
    "mse": 1.0592,
    "multiclassification_loss": 0.0,
    "ortho_loss": 0.0,
    "pearson": 0.7266,
    "regression_loss": 1.056,
    "rm2": 0.5242,
    "rmse": 1.0292,
    "sd": 1.0198,
    "spearman": 0.7301,
    "spectral_loss": 0.0
}
[best epoch] epoch=69, best_rmse=1.0388, lr_at_best=1.000e-04
                              
                              
----------------------------------------
Epoch 100 with LR 0.000100: Model Results
----------------------------------------
Train MSE Loss: 0.3775, Train CLS Loss: 0.0000, Train MCLS Loss: 0.0000
Protein Cluster Region Loss - Ortho Loss: 0.0000, Cluster Loss: 0.0000
                              
Validation Results: {
    "ci": 0.7871,
    "classification_loss": 0.0,
    "cluster_loss": 0.0,
    "mae": 0.7169,
    "mse": 1.132,
    "multiclassification_loss": 0.0,
    "ortho_loss": 0.0,
    "pearson": 0.7341,
    "regression_loss": 1.1277,
    "rm2": 0.5058,
    "rmse": 1.0639,
    "sd": 1.0424,
    "spearman": 0.7492,
    "spectral_loss": 0.0
}
                              
Test Results: {
    "ci": 0.778,
    "classification_loss": 0.0,
    "cluster_loss": 0.0,
    "mae": 0.7164,
    "mse": 1.0592,
    "multiclassification_loss": 0.0,
    "ortho_loss": 0.0,
    "pearson": 0.7266,
    "regression_loss": 1.056,
    "rm2": 0.5242,
    "rmse": 1.0292,
    "sd": 1.0198,
    "spearman": 0.7301,
    "spectral_loss": 0.0
}
Final test metrics: rmse=1.0285, pearson=0.7256, r2_proxy(mse)=1.0579
Done. Predictions: /sc/arion/projects/DiseaseGeneCell/Huang_lab_project/wangcDrugRepoProject/TRACE_Kin_Results_v3/inhouse_dataset/inhouse_Kd_MUTAPLM_embedding_random/test_prediction_seed1.csv; checkpoint: /sc/arion/projects/DiseaseGeneCell/Huang_lab_project/wangcDrugRepoProject/TRACE_Kin_Results_v3/inhouse_dataset/inhouse_Kd_MUTAPLM_embedding_random/save_model_seed1/model.pt

==========================================
Array task 6/14: OK (inhouse_Kd_MUTAPLM_embedding_random)
==========================================


PS:

Read file <242590943.6.stderr> for stderr output of this job.

