Sender: LSF System <lsfadmin@lg02e15>
Subject: Job 242590943[12]: <trace_kin_v3[1-14]> in cluster <chimera> Done

Job <trace_kin_v3[1-14]> was submitted from host <li04e01> by user <wangc40> in cluster <chimera> at Fri May  8 12:02:52 2026
Job was executed on host(s) <16*lg02e15>, in queue <gpu>, as user <wangc40> in cluster <chimera> at Fri May  8 12:02:55 2026
</hpc/users/wangc40> was used as the home directory.
</sc/arion/projects/DiseaseGeneCell/Huang_lab_project/wangcDrugRepoProject/TRACE-Kin> was used as the working directory.
Started at Fri May  8 12:02:55 2026
Terminated at Fri May  8 13:25:27 2026
Results reported at Fri May  8 13:25:27 2026

Your job looked like:

------------------------------------------------------------
# LSBATCH: User input
#!/bin/bash
#BSUB -J trace_kin_v3[1-14]
#BSUB -P acc_DiseaseGeneCell
#BSUB -q gpu
#BSUB -R h100nvl
#BSUB -gpu num=1
#BSUB -n 16
#BSUB -R "rusage[mem=8000]"
#BSUB -R "span[hosts=1]"
#BSUB -W 48:00
#BSUB -o %J.%I.stdout
#BSUB -eo %J.%I.stderr
#BSUB -L /bin/bash

# =============================================================================
# TRACE-Kin v3 rerun — LSF job array
# =============================================================================
# Submit with:
#     bsub < training/run_v3_array.lsf
#
# Or chain off the smoke test (recommended):
#     bsub -w "done(<SMOKE_JOB_ID>)" < training/run_v3_array.lsf
#
# For the multi-seed ensemble (the paper config), submit additional seeds in
# parallel after the SEED=1 array completes (or alongside, as separate jobs):
#     SEED=2 bsub -J "trace_kin_v3_s2[1-14]" < training/run_v3_array.lsf
#     SEED=3 bsub -J "trace_kin_v3_s3[1-14]" < training/run_v3_array.lsf
# After all seeds finish, analysis/aggregate_results.py averages predictions
# across seeds before computing RMSE.
#
# LSF expands #BSUB -J trace_kin_v3[1-14] into 14 array tasks, each with a
# distinct ${LSB_JOBINDEX} in 1..14. The body looks up the per-index
# (dataset_source, dataset_name, pool_paths) tuple from the inline table below
# and invokes train_trace_kin.py with model_version=v3.
#
# The 14 tasks correspond to:
#   * 12 RF-gap targets (catalytic kinetics where v1 trails RF by 1.4%–8.7%)
#   * 2 Ki preservation guards (where v1 already wins, must not regress)
# =============================================================================

# --- Environment -------------------------------------------------------------
# Match the prologue of the proven-working PSICHIC LSFs verbatim — no
# `set -euo pipefail`. Mount Sinai's /etc/profile.d scripts return non-zero
# in places that aren't real errors, and errexit aborts the job before
# module + conda activation can complete.
ml purge
source ~/.bashrc
module load anaconda3/2024.06
source activate test
module load cuda/12.4.0

(... more ...)
------------------------------------------------------------

Successfully completed.

Resource usage summary:

    CPU time :                                   4889.00 sec.
    Max Memory :                                 6072 MB
    Average Memory :                             6004.96 MB
    Total Requested Memory :                     128000.00 MB
    Delta Memory :                               121928.00 MB
    Max Swap :                                   -
    Max Processes :                              4
    Max Threads :                                18
    Run time :                                   4952 sec.
    Turnaround time :                            4955 sec.

The output (if any) follows:

==========================================
TRACE-Kin v3 array task 12/14
==========================================
Date:        Fri May  8 12:02:59 EDT 2026
Dataset:     /sc/arion/projects/DiseaseGeneCell/Huang_lab_project/drug_discovery/output/data/enzyme_embeddings_dataset/catpred_dataset/catpred_ki_ProteinCLIP_embedding_cold_protein
Result:      /sc/arion/projects/DiseaseGeneCell/Huang_lab_project/wangcDrugRepoProject/TRACE_Kin_Results_v3/catpred_dataset/catpred_ki_ProteinCLIP_embedding_cold_protein
Config:      training/config_v3.json
Pool CSVs:   (none)
Model:       v3 (dual-head + learned gate)
Epochs:      100, batch=16, seed=1, lr=1e-4
==========================================
Python 3.12.2
Python: /sc/arion/work/wangc40/test-env/envs/test/bin/python
CUDA device: NVIDIA H100 80GB HBM3, sm_90
============================================================
TRACE-Kin training
============================================================
Datafolder:        /sc/arion/projects/DiseaseGeneCell/Huang_lab_project/drug_discovery/output/data/enzyme_embeddings_dataset/catpred_dataset/catpred_ki_ProteinCLIP_embedding_cold_protein
Result path:       /sc/arion/projects/DiseaseGeneCell/Huang_lab_project/wangcDrugRepoProject/TRACE_Kin_Results_v3/catpred_dataset/catpred_ki_ProteinCLIP_embedding_cold_protein
Config:            training/config_v3.json
Pool train CSVs:   (none)
============================================================
Loading primary train: /sc/arion/projects/DiseaseGeneCell/Huang_lab_project/drug_discovery/output/data/enzyme_embeddings_dataset/catpred_dataset/catpred_ki_ProteinCLIP_embedding_cold_protein/train.parquet
Loading primary test: /sc/arion/projects/DiseaseGeneCell/Huang_lab_project/drug_discovery/output/data/enzyme_embeddings_dataset/catpred_dataset/catpred_ki_ProteinCLIP_embedding_cold_protein/test.parquet
Loading primary val: /sc/arion/projects/DiseaseGeneCell/Huang_lab_project/drug_discovery/output/data/enzyme_embeddings_dataset/catpred_dataset/catpred_ki_ProteinCLIP_embedding_cold_protein/val.parquet
Detected prot_evo_channels = 128
seq2feat: 2829 unique sequences.
model_version: v3, use_swa: False
Building protein graphs from scratch (this can be slow)...
Building ligand graphs from scratch...
⚠️  Warning: Failed to parse SMILES: *C(=O)OCC(O)CO[PH](=O)(=O)OCC(O)COC(*)=O
   Skipping this molecule and returning None
⚠️  Skipped invalid SMILES: *C(=O)OCC(O)CO[PH](=O)(=O)OCC(O)COC(*)=O
⚠️  Warning: Skipped 1 invalid SMILES strings
WARN: dropping 1 train rows with missing protein/ligand graphs.
loaders ready: train=518 test=147 val=82
Computing PNA degrees from training data...
Built TraceKinV3 with 6,852,123 parameters
[LR schedule] schedule_lr=False, lrate=0.0001, min_lrate=0, warmup_iters=0, lr_decay_iters=51800, total_iters=51800
Not in terminal, reprint now using normal build-in print function.
                              
                              
----------------------------------------
Epoch 001 with LR 0.000100: Model Results
----------------------------------------
Train MSE Loss: 2.6240, Train CLS Loss: 0.0000, Train MCLS Loss: 0.0000
Protein Cluster Region Loss - Ortho Loss: 0.0000, Cluster Loss: 0.0000
                              
Validation Results: {
    "ci": 0.7121,
    "classification_loss": 0.0,
    "cluster_loss": 0.0,
    "mae": 1.1905,
    "mse": 2.1758,
    "multiclassification_loss": 0.0,
    "ortho_loss": 0.0,
    "pearson": 0.617,
    "regression_loss": 2.1772,
    "rm2": 0.3675,
    "rmse": 1.4751,
    "sd": 1.4731,
    "spearman": 0.5974,
    "spectral_loss": 0.0
}
                              
Test Results: {
    "ci": 0.7083,
    "classification_loss": 0.0,
    "cluster_loss": 0.0,
    "mae": 1.2094,
    "mse": 2.3373,
    "multiclassification_loss": 0.0,
    "ortho_loss": 0.0,
    "pearson": 0.5869,
    "regression_loss": 2.3368,
    "rm2": 0.3381,
    "rmse": 1.5288,
    "sd": 1.5144,
    "spearman": 0.5868,
    "spectral_loss": 0.0
}
                              
                              
----------------------------------------
Epoch 002 with LR 0.000100: Model Results
----------------------------------------
Train MSE Loss: 1.8073, Train CLS Loss: 0.0000, Train MCLS Loss: 0.0000
Protein Cluster Region Loss - Ortho Loss: 0.0000, Cluster Loss: 0.0000
                              
Validation Results: {
    "ci": 0.7151,
    "classification_loss": 0.0,
    "cluster_loss": 0.0,
    "mae": 1.1866,
    "mse": 2.1873,
    "multiclassification_loss": 0.0,
    "ortho_loss": 0.0,
    "pearson": 0.6213,
    "regression_loss": 2.1898,
    "rm2": 0.3546,
    "rmse": 1.479,
    "sd": 1.4667,
    "spearman": 0.6054,
    "spectral_loss": 0.0
}
                              
Test Results: {
    "ci": 0.7083,
    "classification_loss": 0.0,
    "cluster_loss": 0.0,
    "mae": 1.2094,
    "mse": 2.3373,
    "multiclassification_loss": 0.0,
    "ortho_loss": 0.0,
    "pearson": 0.5869,
    "regression_loss": 2.3368,
    "rm2": 0.3381,
    "rmse": 1.5288,
    "sd": 1.5144,
    "spearman": 0.5868,
    "spectral_loss": 0.0
}
                              
                              
----------------------------------------
Epoch 003 with LR 0.000100: Model Results
----------------------------------------
Train MSE Loss: 1.5152, Train CLS Loss: 0.0000, Train MCLS Loss: 0.0000
Protein Cluster Region Loss - Ortho Loss: 0.0000, Cluster Loss: 0.0000
                              
Validation Results: {
    "ci": 0.7215,
    "classification_loss": 0.0,
    "cluster_loss": 0.0,
    "mae": 1.1639,
    "mse": 2.12,
    "multiclassification_loss": 0.0,
    "ortho_loss": 0.0,
    "pearson": 0.6347,
    "regression_loss": 2.1209,
    "rm2": 0.3829,
    "rmse": 1.456,
    "sd": 1.4466,
    "spearman": 0.621,
    "spectral_loss": 0.0
}
                              
Test Results: {
    "ci": 0.7096,
    "classification_loss": 0.0,
    "cluster_loss": 0.0,
    "mae": 1.2003,
    "mse": 2.3715,
    "multiclassification_loss": 0.0,
    "ortho_loss": 0.0,
    "pearson": 0.6033,
    "regression_loss": 2.3708,
    "rm2": 0.3528,
    "rmse": 1.54,
    "sd": 1.4917,
    "spearman": 0.5857,
    "spectral_loss": 0.0
}
                              
                              
----------------------------------------
Epoch 004 with LR 0.000100: Model Results
----------------------------------------
Train MSE Loss: 1.3219, Train CLS Loss: 0.0000, Train MCLS Loss: 0.0000
Protein Cluster Region Loss - Ortho Loss: 0.0000, Cluster Loss: 0.0000
                              
Validation Results: {
    "ci": 0.7264,
    "classification_loss": 0.0,
    "cluster_loss": 0.0,
    "mae": 1.1514,
    "mse": 2.1092,
    "multiclassification_loss": 0.0,
    "ortho_loss": 0.0,
    "pearson": 0.639,
    "regression_loss": 2.1087,
    "rm2": 0.3713,
    "rmse": 1.4523,
    "sd": 1.4398,
    "spearman": 0.6336,
    "spectral_loss": 0.0
}
                              
Test Results: {
    "ci": 0.7105,
    "classification_loss": 0.0,
    "cluster_loss": 0.0,
    "mae": 1.1734,
    "mse": 2.2913,
    "multiclassification_loss": 0.0,
    "ortho_loss": 0.0,
    "pearson": 0.6051,
    "regression_loss": 2.2908,
    "rm2": 0.3392,
    "rmse": 1.5137,
    "sd": 1.4891,
    "spearman": 0.5872,
    "spectral_loss": 0.0
}
                              
                              
----------------------------------------
Epoch 005 with LR 0.000100: Model Results
----------------------------------------
Train MSE Loss: 1.1579, Train CLS Loss: 0.0000, Train MCLS Loss: 0.0000
Protein Cluster Region Loss - Ortho Loss: 0.0000, Cluster Loss: 0.0000
                              
Validation Results: {
    "ci": 0.725,
    "classification_loss": 0.0,
    "cluster_loss": 0.0,
    "mae": 1.1637,
    "mse": 2.1633,
    "multiclassification_loss": 0.0,
    "ortho_loss": 0.0,
    "pearson": 0.6332,
    "regression_loss": 2.1646,
    "rm2": 0.3524,
    "rmse": 1.4708,
    "sd": 1.4489,
    "spearman": 0.6292,
    "spectral_loss": 0.0
}
                              
Test Results: {
    "ci": 0.7105,
    "classification_loss": 0.0,
    "cluster_loss": 0.0,
    "mae": 1.1734,
    "mse": 2.2913,
    "multiclassification_loss": 0.0,
    "ortho_loss": 0.0,
    "pearson": 0.6051,
    "regression_loss": 2.2908,
    "rm2": 0.3392,
    "rmse": 1.5137,
    "sd": 1.4891,
    "spearman": 0.5872,
    "spectral_loss": 0.0
}
                              
                              
----------------------------------------
Epoch 006 with LR 0.000100: Model Results
----------------------------------------
Train MSE Loss: 1.0219, Train CLS Loss: 0.0000, Train MCLS Loss: 0.0000
Protein Cluster Region Loss - Ortho Loss: 0.0000, Cluster Loss: 0.0000
                              
Validation Results: {
    "ci": 0.7226,
    "classification_loss": 0.0,
    "cluster_loss": 0.0,
    "mae": 1.1813,
    "mse": 2.2202,
    "multiclassification_loss": 0.0,
    "ortho_loss": 0.0,
    "pearson": 0.6302,
    "regression_loss": 2.2244,
    "rm2": 0.377,
    "rmse": 1.49,
    "sd": 1.4535,
    "spearman": 0.6223,
    "spectral_loss": 0.0
}
                              
Test Results: {
    "ci": 0.7105,
    "classification_loss": 0.0,
    "cluster_loss": 0.0,
    "mae": 1.1734,
    "mse": 2.2913,
    "multiclassification_loss": 0.0,
    "ortho_loss": 0.0,
    "pearson": 0.6051,
    "regression_loss": 2.2908,
    "rm2": 0.3392,
    "rmse": 1.5137,
    "sd": 1.4891,
    "spearman": 0.5872,
    "spectral_loss": 0.0
}
                              
                              
----------------------------------------
Epoch 007 with LR 0.000100: Model Results
----------------------------------------
Train MSE Loss: 0.9277, Train CLS Loss: 0.0000, Train MCLS Loss: 0.0000
Protein Cluster Region Loss - Ortho Loss: 0.0000, Cluster Loss: 0.0000
                              
Validation Results: {
    "ci": 0.725,
    "classification_loss": 0.0,
    "cluster_loss": 0.0,
    "mae": 1.1795,
    "mse": 2.3339,
    "multiclassification_loss": 0.0,
    "ortho_loss": 0.0,
    "pearson": 0.6246,
    "regression_loss": 2.335,
    "rm2": 0.3113,
    "rmse": 1.5277,
    "sd": 1.4618,
    "spearman": 0.629,
    "spectral_loss": 0.0
}
                              
Test Results: {
    "ci": 0.7105,
    "classification_loss": 0.0,
    "cluster_loss": 0.0,
    "mae": 1.1734,
    "mse": 2.2913,
    "multiclassification_loss": 0.0,
    "ortho_loss": 0.0,
    "pearson": 0.6051,
    "regression_loss": 2.2908,
    "rm2": 0.3392,
    "rmse": 1.5137,
    "sd": 1.4891,
    "spearman": 0.5872,
    "spectral_loss": 0.0
}
                              
                              
----------------------------------------
Epoch 008 with LR 0.000100: Model Results
----------------------------------------
Train MSE Loss: 0.8558, Train CLS Loss: 0.0000, Train MCLS Loss: 0.0000
Protein Cluster Region Loss - Ortho Loss: 0.0000, Cluster Loss: 0.0000
                              
Validation Results: {
    "ci": 0.7234,
    "classification_loss": 0.0,
    "cluster_loss": 0.0,
    "mae": 1.1681,
    "mse": 2.2447,
    "multiclassification_loss": 0.0,
    "ortho_loss": 0.0,
    "pearson": 0.6287,
    "regression_loss": 2.2475,
    "rm2": 0.3338,
    "rmse": 1.4982,
    "sd": 1.4557,
    "spearman": 0.6241,
    "spectral_loss": 0.0
}
                              
Test Results: {
    "ci": 0.7105,
    "classification_loss": 0.0,
    "cluster_loss": 0.0,
    "mae": 1.1734,
    "mse": 2.2913,
    "multiclassification_loss": 0.0,
    "ortho_loss": 0.0,
    "pearson": 0.6051,
    "regression_loss": 2.2908,
    "rm2": 0.3392,
    "rmse": 1.5137,
    "sd": 1.4891,
    "spearman": 0.5872,
    "spectral_loss": 0.0
}
                              
                              
----------------------------------------
Epoch 009 with LR 0.000100: Model Results
----------------------------------------
Train MSE Loss: 0.8045, Train CLS Loss: 0.0000, Train MCLS Loss: 0.0000
Protein Cluster Region Loss - Ortho Loss: 0.0000, Cluster Loss: 0.0000
                              
Validation Results: {
    "ci": 0.7231,
    "classification_loss": 0.0,
    "cluster_loss": 0.0,
    "mae": 1.1701,
    "mse": 2.3006,
    "multiclassification_loss": 0.0,
    "ortho_loss": 0.0,
    "pearson": 0.6323,
    "regression_loss": 2.3028,
    "rm2": 0.3177,
    "rmse": 1.5168,
    "sd": 1.4501,
    "spearman": 0.6232,
    "spectral_loss": 0.0
}
                              
Test Results: {
    "ci": 0.7105,
    "classification_loss": 0.0,
    "cluster_loss": 0.0,
    "mae": 1.1734,
    "mse": 2.2913,
    "multiclassification_loss": 0.0,
    "ortho_loss": 0.0,
    "pearson": 0.6051,
    "regression_loss": 2.2908,
    "rm2": 0.3392,
    "rmse": 1.5137,
    "sd": 1.4891,
    "spearman": 0.5872,
    "spectral_loss": 0.0
}
                              
                              
----------------------------------------
Epoch 010 with LR 0.000100: Model Results
----------------------------------------
Train MSE Loss: 0.7549, Train CLS Loss: 0.0000, Train MCLS Loss: 0.0000
Protein Cluster Region Loss - Ortho Loss: 0.0000, Cluster Loss: 0.0000
                              
Validation Results: {
    "ci": 0.7265,
    "classification_loss": 0.0,
    "cluster_loss": 0.0,
    "mae": 1.1552,
    "mse": 2.2286,
    "multiclassification_loss": 0.0,
    "ortho_loss": 0.0,
    "pearson": 0.6327,
    "regression_loss": 2.2348,
    "rm2": 0.3426,
    "rmse": 1.4929,
    "sd": 1.4496,
    "spearman": 0.631,
    "spectral_loss": 0.0
}
                              
Test Results: {
    "ci": 0.7105,
    "classification_loss": 0.0,
    "cluster_loss": 0.0,
    "mae": 1.1734,
    "mse": 2.2913,
    "multiclassification_loss": 0.0,
    "ortho_loss": 0.0,
    "pearson": 0.6051,
    "regression_loss": 2.2908,
    "rm2": 0.3392,
    "rmse": 1.5137,
    "sd": 1.4891,
    "spearman": 0.5872,
    "spectral_loss": 0.0
}
                              
                              
----------------------------------------
Epoch 011 with LR 0.000100: Model Results
----------------------------------------
Train MSE Loss: 0.7143, Train CLS Loss: 0.0000, Train MCLS Loss: 0.0000
Protein Cluster Region Loss - Ortho Loss: 0.0000, Cluster Loss: 0.0000
                              
Validation Results: {
    "ci": 0.722,
    "classification_loss": 0.0,
    "cluster_loss": 0.0,
    "mae": 1.1858,
    "mse": 2.3491,
    "multiclassification_loss": 0.0,
    "ortho_loss": 0.0,
    "pearson": 0.6283,
    "regression_loss": 2.3522,
    "rm2": 0.3087,
    "rmse": 1.5327,
    "sd": 1.4563,
    "spearman": 0.6208,
    "spectral_loss": 0.0
}
                              
Test Results: {
    "ci": 0.7105,
    "classification_loss": 0.0,
    "cluster_loss": 0.0,
    "mae": 1.1734,
    "mse": 2.2913,
    "multiclassification_loss": 0.0,
    "ortho_loss": 0.0,
    "pearson": 0.6051,
    "regression_loss": 2.2908,
    "rm2": 0.3392,
    "rmse": 1.5137,
    "sd": 1.4891,
    "spearman": 0.5872,
    "spectral_loss": 0.0
}
                              
                              
----------------------------------------
Epoch 012 with LR 0.000100: Model Results
----------------------------------------
Train MSE Loss: 0.6844, Train CLS Loss: 0.0000, Train MCLS Loss: 0.0000
Protein Cluster Region Loss - Ortho Loss: 0.0000, Cluster Loss: 0.0000
                              
Validation Results: {
    "ci": 0.7289,
    "classification_loss": 0.0,
    "cluster_loss": 0.0,
    "mae": 1.1445,
    "mse": 2.2135,
    "multiclassification_loss": 0.0,
    "ortho_loss": 0.0,
    "pearson": 0.6387,
    "regression_loss": 2.2163,
    "rm2": 0.3365,
    "rmse": 1.4878,
    "sd": 1.4403,
    "spearman": 0.6374,
    "spectral_loss": 0.0
}
                              
Test Results: {
    "ci": 0.7105,
    "classification_loss": 0.0,
    "cluster_loss": 0.0,
    "mae": 1.1734,
    "mse": 2.2913,
    "multiclassification_loss": 0.0,
    "ortho_loss": 0.0,
    "pearson": 0.6051,
    "regression_loss": 2.2908,
    "rm2": 0.3392,
    "rmse": 1.5137,
    "sd": 1.4891,
    "spearman": 0.5872,
    "spectral_loss": 0.0
}
                              
                              
----------------------------------------
Epoch 013 with LR 0.000100: Model Results
----------------------------------------
Train MSE Loss: 0.6589, Train CLS Loss: 0.0000, Train MCLS Loss: 0.0000
Protein Cluster Region Loss - Ortho Loss: 0.0000, Cluster Loss: 0.0000
                              
Validation Results: {
    "ci": 0.7235,
    "classification_loss": 0.0,
    "cluster_loss": 0.0,
    "mae": 1.1759,
    "mse": 2.3181,
    "multiclassification_loss": 0.0,
    "ortho_loss": 0.0,
    "pearson": 0.622,
    "regression_loss": 2.3232,
    "rm2": 0.3303,
    "rmse": 1.5225,
    "sd": 1.4657,
    "spearman": 0.6233,
    "spectral_loss": 0.0
}
                              
Test Results: {
    "ci": 0.7105,
    "classification_loss": 0.0,
    "cluster_loss": 0.0,
    "mae": 1.1734,
    "mse": 2.2913,
    "multiclassification_loss": 0.0,
    "ortho_loss": 0.0,
    "pearson": 0.6051,
    "regression_loss": 2.2908,
    "rm2": 0.3392,
    "rmse": 1.5137,
    "sd": 1.4891,
    "spearman": 0.5872,
    "spectral_loss": 0.0
}
                              
                              
----------------------------------------
Epoch 014 with LR 0.000100: Model Results
----------------------------------------
Train MSE Loss: 0.6283, Train CLS Loss: 0.0000, Train MCLS Loss: 0.0000
Protein Cluster Region Loss - Ortho Loss: 0.0000, Cluster Loss: 0.0000
                              
Validation Results: {
    "ci": 0.7274,
    "classification_loss": 0.0,
    "cluster_loss": 0.0,
    "mae": 1.1498,
    "mse": 2.2094,
    "multiclassification_loss": 0.0,
    "ortho_loss": 0.0,
    "pearson": 0.6383,
    "regression_loss": 2.2132,
    "rm2": 0.3523,
    "rmse": 1.4864,
    "sd": 1.4409,
    "spearman": 0.6333,
    "spectral_loss": 0.0
}
                              
Test Results: {
    "ci": 0.7105,
    "classification_loss": 0.0,
    "cluster_loss": 0.0,
    "mae": 1.1734,
    "mse": 2.2913,
    "multiclassification_loss": 0.0,
    "ortho_loss": 0.0,
    "pearson": 0.6051,
    "regression_loss": 2.2908,
    "rm2": 0.3392,
    "rmse": 1.5137,
    "sd": 1.4891,
    "spearman": 0.5872,
    "spectral_loss": 0.0
}
                              
                              
----------------------------------------
Epoch 015 with LR 0.000100: Model Results
----------------------------------------
Train MSE Loss: 0.6108, Train CLS Loss: 0.0000, Train MCLS Loss: 0.0000
Protein Cluster Region Loss - Ortho Loss: 0.0000, Cluster Loss: 0.0000
                              
Validation Results: {
    "ci": 0.7228,
    "classification_loss": 0.0,
    "cluster_loss": 0.0,
    "mae": 1.1503,
    "mse": 2.2577,
    "multiclassification_loss": 0.0,
    "ortho_loss": 0.0,
    "pearson": 0.6213,
    "regression_loss": 2.2628,
    "rm2": 0.3313,
    "rmse": 1.5026,
    "sd": 1.4668,
    "spearman": 0.6198,
    "spectral_loss": 0.0
}
                              
Test Results: {
    "ci": 0.7105,
    "classification_loss": 0.0,
    "cluster_loss": 0.0,
    "mae": 1.1734,
    "mse": 2.2913,
    "multiclassification_loss": 0.0,
    "ortho_loss": 0.0,
    "pearson": 0.6051,
    "regression_loss": 2.2908,
    "rm2": 0.3392,
    "rmse": 1.5137,
    "sd": 1.4891,
    "spearman": 0.5872,
    "spectral_loss": 0.0
}
                              
                              
----------------------------------------
Epoch 016 with LR 0.000100: Model Results
----------------------------------------
Train MSE Loss: 0.5852, Train CLS Loss: 0.0000, Train MCLS Loss: 0.0000
Protein Cluster Region Loss - Ortho Loss: 0.0000, Cluster Loss: 0.0000
                              
Validation Results: {
    "ci": 0.7241,
    "classification_loss": 0.0,
    "cluster_loss": 0.0,
    "mae": 1.1754,
    "mse": 2.3264,
    "multiclassification_loss": 0.0,
    "ortho_loss": 0.0,
    "pearson": 0.6282,
    "regression_loss": 2.336,
    "rm2": 0.3336,
    "rmse": 1.5253,
    "sd": 1.4565,
    "spearman": 0.6244,
    "spectral_loss": 0.0
}
                              
Test Results: {
    "ci": 0.7105,
    "classification_loss": 0.0,
    "cluster_loss": 0.0,
    "mae": 1.1734,
    "mse": 2.2913,
    "multiclassification_loss": 0.0,
    "ortho_loss": 0.0,
    "pearson": 0.6051,
    "regression_loss": 2.2908,
    "rm2": 0.3392,
    "rmse": 1.5137,
    "sd": 1.4891,
    "spearman": 0.5872,
    "spectral_loss": 0.0
}
                              
                              
----------------------------------------
Epoch 017 with LR 0.000100: Model Results
----------------------------------------
Train MSE Loss: 0.5618, Train CLS Loss: 0.0000, Train MCLS Loss: 0.0000
Protein Cluster Region Loss - Ortho Loss: 0.0000, Cluster Loss: 0.0000
                              
Validation Results: {
    "ci": 0.723,
    "classification_loss": 0.0,
    "cluster_loss": 0.0,
    "mae": 1.1634,
    "mse": 2.2336,
    "multiclassification_loss": 0.0,
    "ortho_loss": 0.0,
    "pearson": 0.6364,
    "regression_loss": 2.241,
    "rm2": 0.3466,
    "rmse": 1.4945,
    "sd": 1.4439,
    "spearman": 0.6239,
    "spectral_loss": 0.0
}
                              
Test Results: {
    "ci": 0.7105,
    "classification_loss": 0.0,
    "cluster_loss": 0.0,
    "mae": 1.1734,
    "mse": 2.2913,
    "multiclassification_loss": 0.0,
    "ortho_loss": 0.0,
    "pearson": 0.6051,
    "regression_loss": 2.2908,
    "rm2": 0.3392,
    "rmse": 1.5137,
    "sd": 1.4891,
    "spearman": 0.5872,
    "spectral_loss": 0.0
}
                              
                              
----------------------------------------
Epoch 018 with LR 0.000100: Model Results
----------------------------------------
Train MSE Loss: 0.5472, Train CLS Loss: 0.0000, Train MCLS Loss: 0.0000
Protein Cluster Region Loss - Ortho Loss: 0.0000, Cluster Loss: 0.0000
                              
Validation Results: {
    "ci": 0.7235,
    "classification_loss": 0.0,
    "cluster_loss": 0.0,
    "mae": 1.1673,
    "mse": 2.3006,
    "multiclassification_loss": 0.0,
    "ortho_loss": 0.0,
    "pearson": 0.634,
    "regression_loss": 2.3091,
    "rm2": 0.327,
    "rmse": 1.5168,
    "sd": 1.4475,
    "spearman": 0.6225,
    "spectral_loss": 0.0
}
                              
Test Results: {
    "ci": 0.7105,
    "classification_loss": 0.0,
    "cluster_loss": 0.0,
    "mae": 1.1734,
    "mse": 2.2913,
    "multiclassification_loss": 0.0,
    "ortho_loss": 0.0,
    "pearson": 0.6051,
    "regression_loss": 2.2908,
    "rm2": 0.3392,
    "rmse": 1.5137,
    "sd": 1.4891,
    "spearman": 0.5872,
    "spectral_loss": 0.0
}
                              
                              
----------------------------------------
Epoch 019 with LR 0.000100: Model Results
----------------------------------------
Train MSE Loss: 0.5324, Train CLS Loss: 0.0000, Train MCLS Loss: 0.0000
Protein Cluster Region Loss - Ortho Loss: 0.0000, Cluster Loss: 0.0000
                              
Validation Results: {
    "ci": 0.7233,
    "classification_loss": 0.0,
    "cluster_loss": 0.0,
    "mae": 1.1576,
    "mse": 2.2469,
    "multiclassification_loss": 0.0,
    "ortho_loss": 0.0,
    "pearson": 0.6332,
    "regression_loss": 2.2549,
    "rm2": 0.3454,
    "rmse": 1.499,
    "sd": 1.4487,
    "spearman": 0.6219,
    "spectral_loss": 0.0
}
                              
Test Results: {
    "ci": 0.7105,
    "classification_loss": 0.0,
    "cluster_loss": 0.0,
    "mae": 1.1734,
    "mse": 2.2913,
    "multiclassification_loss": 0.0,
    "ortho_loss": 0.0,
    "pearson": 0.6051,
    "regression_loss": 2.2908,
    "rm2": 0.3392,
    "rmse": 1.5137,
    "sd": 1.4891,
    "spearman": 0.5872,
    "spectral_loss": 0.0
}
                              
                              
----------------------------------------
Epoch 020 with LR 0.000100: Model Results
----------------------------------------
Train MSE Loss: 0.5092, Train CLS Loss: 0.0000, Train MCLS Loss: 0.0000
Protein Cluster Region Loss - Ortho Loss: 0.0000, Cluster Loss: 0.0000
                              
Validation Results: {
    "ci": 0.723,
    "classification_loss": 0.0,
    "cluster_loss": 0.0,
    "mae": 1.1573,
    "mse": 2.273,
    "multiclassification_loss": 0.0,
    "ortho_loss": 0.0,
    "pearson": 0.6252,
    "regression_loss": 2.2792,
    "rm2": 0.3289,
    "rmse": 1.5076,
    "sd": 1.461,
    "spearman": 0.622,
    "spectral_loss": 0.0
}
                              
Test Results: {
    "ci": 0.7105,
    "classification_loss": 0.0,
    "cluster_loss": 0.0,
    "mae": 1.1734,
    "mse": 2.2913,
    "multiclassification_loss": 0.0,
    "ortho_loss": 0.0,
    "pearson": 0.6051,
    "regression_loss": 2.2908,
    "rm2": 0.3392,
    "rmse": 1.5137,
    "sd": 1.4891,
    "spearman": 0.5872,
    "spectral_loss": 0.0
}
                              
                              
----------------------------------------
Epoch 021 with LR 0.000100: Model Results
----------------------------------------
Train MSE Loss: 0.4969, Train CLS Loss: 0.0000, Train MCLS Loss: 0.0000
Protein Cluster Region Loss - Ortho Loss: 0.0000, Cluster Loss: 0.0000
                              
Validation Results: {
    "ci": 0.7212,
    "classification_loss": 0.0,
    "cluster_loss": 0.0,
    "mae": 1.1639,
    "mse": 2.2588,
    "multiclassification_loss": 0.0,
    "ortho_loss": 0.0,
    "pearson": 0.6319,
    "regression_loss": 2.2669,
    "rm2": 0.3535,
    "rmse": 1.5029,
    "sd": 1.4508,
    "spearman": 0.6166,
    "spectral_loss": 0.0
}
                              
Test Results: {
    "ci": 0.7105,
    "classification_loss": 0.0,
    "cluster_loss": 0.0,
    "mae": 1.1734,
    "mse": 2.2913,
    "multiclassification_loss": 0.0,
    "ortho_loss": 0.0,
    "pearson": 0.6051,
    "regression_loss": 2.2908,
    "rm2": 0.3392,
    "rmse": 1.5137,
    "sd": 1.4891,
    "spearman": 0.5872,
    "spectral_loss": 0.0
}
                              
                              
----------------------------------------
Epoch 022 with LR 0.000100: Model Results
----------------------------------------
Train MSE Loss: 0.4789, Train CLS Loss: 0.0000, Train MCLS Loss: 0.0000
Protein Cluster Region Loss - Ortho Loss: 0.0000, Cluster Loss: 0.0000
                              
Validation Results: {
    "ci": 0.7229,
    "classification_loss": 0.0,
    "cluster_loss": 0.0,
    "mae": 1.165,
    "mse": 2.3138,
    "multiclassification_loss": 0.0,
    "ortho_loss": 0.0,
    "pearson": 0.6285,
    "regression_loss": 2.3212,
    "rm2": 0.3176,
    "rmse": 1.5211,
    "sd": 1.456,
    "spearman": 0.6216,
    "spectral_loss": 0.0
}
                              
Test Results: {
    "ci": 0.7105,
    "classification_loss": 0.0,
    "cluster_loss": 0.0,
    "mae": 1.1734,
    "mse": 2.2913,
    "multiclassification_loss": 0.0,
    "ortho_loss": 0.0,
    "pearson": 0.6051,
    "regression_loss": 2.2908,
    "rm2": 0.3392,
    "rmse": 1.5137,
    "sd": 1.4891,
    "spearman": 0.5872,
    "spectral_loss": 0.0
}
                              
                              
----------------------------------------
Epoch 023 with LR 0.000100: Model Results
----------------------------------------
Train MSE Loss: 0.4666, Train CLS Loss: 0.0000, Train MCLS Loss: 0.0000
Protein Cluster Region Loss - Ortho Loss: 0.0000, Cluster Loss: 0.0000
                              
Validation Results: {
    "ci": 0.7219,
    "classification_loss": 0.0,
    "cluster_loss": 0.0,
    "mae": 1.1551,
    "mse": 2.2505,
    "multiclassification_loss": 0.0,
    "ortho_loss": 0.0,
    "pearson": 0.6269,
    "regression_loss": 2.2591,
    "rm2": 0.3389,
    "rmse": 1.5002,
    "sd": 1.4584,
    "spearman": 0.6193,
    "spectral_loss": 0.0
}
                              
Test Results: {
    "ci": 0.7105,
    "classification_loss": 0.0,
    "cluster_loss": 0.0,
    "mae": 1.1734,
    "mse": 2.2913,
    "multiclassification_loss": 0.0,
    "ortho_loss": 0.0,
    "pearson": 0.6051,
    "regression_loss": 2.2908,
    "rm2": 0.3392,
    "rmse": 1.5137,
    "sd": 1.4891,
    "spearman": 0.5872,
    "spectral_loss": 0.0
}
                              
                              
----------------------------------------
Epoch 024 with LR 0.000100: Model Results
----------------------------------------
Train MSE Loss: 0.4400, Train CLS Loss: 0.0000, Train MCLS Loss: 0.0000
Protein Cluster Region Loss - Ortho Loss: 0.0000, Cluster Loss: 0.0000
                              
Validation Results: {
    "ci": 0.7152,
    "classification_loss": 0.0,
    "cluster_loss": 0.0,
    "mae": 1.1866,
    "mse": 2.4235,
    "multiclassification_loss": 0.0,
    "ortho_loss": 0.0,
    "pearson": 0.602,
    "regression_loss": 2.4303,
    "rm2": 0.2964,
    "rmse": 1.5568,
    "sd": 1.4947,
    "spearman": 0.6033,
    "spectral_loss": 0.0
}
                              
Test Results: {
    "ci": 0.7105,
    "classification_loss": 0.0,
    "cluster_loss": 0.0,
    "mae": 1.1734,
    "mse": 2.2913,
    "multiclassification_loss": 0.0,
    "ortho_loss": 0.0,
    "pearson": 0.6051,
    "regression_loss": 2.2908,
    "rm2": 0.3392,
    "rmse": 1.5137,
    "sd": 1.4891,
    "spearman": 0.5872,
    "spectral_loss": 0.0
}
                              
                              
----------------------------------------
Epoch 025 with LR 0.000100: Model Results
----------------------------------------
Train MSE Loss: 0.4240, Train CLS Loss: 0.0000, Train MCLS Loss: 0.0000
Protein Cluster Region Loss - Ortho Loss: 0.0000, Cluster Loss: 0.0000
                              
Validation Results: {
    "ci": 0.7223,
    "classification_loss": 0.0,
    "cluster_loss": 0.0,
    "mae": 1.1605,
    "mse": 2.2775,
    "multiclassification_loss": 0.0,
    "ortho_loss": 0.0,
    "pearson": 0.6303,
    "regression_loss": 2.2871,
    "rm2": 0.3326,
    "rmse": 1.5091,
    "sd": 1.4532,
    "spearman": 0.6195,
    "spectral_loss": 0.0
}
                              
Test Results: {
    "ci": 0.7105,
    "classification_loss": 0.0,
    "cluster_loss": 0.0,
    "mae": 1.1734,
    "mse": 2.2913,
    "multiclassification_loss": 0.0,
    "ortho_loss": 0.0,
    "pearson": 0.6051,
    "regression_loss": 2.2908,
    "rm2": 0.3392,
    "rmse": 1.5137,
    "sd": 1.4891,
    "spearman": 0.5872,
    "spectral_loss": 0.0
}
                              
                              
----------------------------------------
Epoch 026 with LR 0.000100: Model Results
----------------------------------------
Train MSE Loss: 0.4188, Train CLS Loss: 0.0000, Train MCLS Loss: 0.0000
Protein Cluster Region Loss - Ortho Loss: 0.0000, Cluster Loss: 0.0000
                              
Validation Results: {
    "ci": 0.7204,
    "classification_loss": 0.0,
    "cluster_loss": 0.0,
    "mae": 1.177,
    "mse": 2.3381,
    "multiclassification_loss": 0.0,
    "ortho_loss": 0.0,
    "pearson": 0.621,
    "regression_loss": 2.3483,
    "rm2": 0.3306,
    "rmse": 1.5291,
    "sd": 1.4672,
    "spearman": 0.615,
    "spectral_loss": 0.0
}
                              
Test Results: {
    "ci": 0.7105,
    "classification_loss": 0.0,
    "cluster_loss": 0.0,
    "mae": 1.1734,
    "mse": 2.2913,
    "multiclassification_loss": 0.0,
    "ortho_loss": 0.0,
    "pearson": 0.6051,
    "regression_loss": 2.2908,
    "rm2": 0.3392,
    "rmse": 1.5137,
    "sd": 1.4891,
    "spearman": 0.5872,
    "spectral_loss": 0.0
}
                              
                              
----------------------------------------
Epoch 027 with LR 0.000100: Model Results
----------------------------------------
Train MSE Loss: 0.4028, Train CLS Loss: 0.0000, Train MCLS Loss: 0.0000
Protein Cluster Region Loss - Ortho Loss: 0.0000, Cluster Loss: 0.0000
                              
Validation Results: {
    "ci": 0.7186,
    "classification_loss": 0.0,
    "cluster_loss": 0.0,
    "mae": 1.1605,
    "mse": 2.2796,
    "multiclassification_loss": 0.0,
    "ortho_loss": 0.0,
    "pearson": 0.6272,
    "regression_loss": 2.2852,
    "rm2": 0.3349,
    "rmse": 1.5098,
    "sd": 1.4579,
    "spearman": 0.6103,
    "spectral_loss": 0.0
}
                              
Test Results: {
    "ci": 0.7105,
    "classification_loss": 0.0,
    "cluster_loss": 0.0,
    "mae": 1.1734,
    "mse": 2.2913,
    "multiclassification_loss": 0.0,
    "ortho_loss": 0.0,
    "pearson": 0.6051,
    "regression_loss": 2.2908,
    "rm2": 0.3392,
    "rmse": 1.5137,
    "sd": 1.4891,
    "spearman": 0.5872,
    "spectral_loss": 0.0
}
                              
                              
----------------------------------------
Epoch 028 with LR 0.000100: Model Results
----------------------------------------
Train MSE Loss: 0.3867, Train CLS Loss: 0.0000, Train MCLS Loss: 0.0000
Protein Cluster Region Loss - Ortho Loss: 0.0000, Cluster Loss: 0.0000
                              
Validation Results: {
    "ci": 0.7202,
    "classification_loss": 0.0,
    "cluster_loss": 0.0,
    "mae": 1.1806,
    "mse": 2.3247,
    "multiclassification_loss": 0.0,
    "ortho_loss": 0.0,
    "pearson": 0.6221,
    "regression_loss": 2.333,
    "rm2": 0.3328,
    "rmse": 1.5247,
    "sd": 1.4655,
    "spearman": 0.6169,
    "spectral_loss": 0.0
}
                              
Test Results: {
    "ci": 0.7105,
    "classification_loss": 0.0,
    "cluster_loss": 0.0,
    "mae": 1.1734,
    "mse": 2.2913,
    "multiclassification_loss": 0.0,
    "ortho_loss": 0.0,
    "pearson": 0.6051,
    "regression_loss": 2.2908,
    "rm2": 0.3392,
    "rmse": 1.5137,
    "sd": 1.4891,
    "spearman": 0.5872,
    "spectral_loss": 0.0
}
                              
                              
----------------------------------------
Epoch 029 with LR 0.000100: Model Results
----------------------------------------
Train MSE Loss: 0.3680, Train CLS Loss: 0.0000, Train MCLS Loss: 0.0000
Protein Cluster Region Loss - Ortho Loss: 0.0000, Cluster Loss: 0.0000
                              
Validation Results: {
    "ci": 0.7102,
    "classification_loss": 0.0,
    "cluster_loss": 0.0,
    "mae": 1.2072,
    "mse": 2.4133,
    "multiclassification_loss": 0.0,
    "ortho_loss": 0.0,
    "pearson": 0.6009,
    "regression_loss": 2.4202,
    "rm2": 0.3071,
    "rmse": 1.5535,
    "sd": 1.4963,
    "spearman": 0.5916,
    "spectral_loss": 0.0
}
                              
Test Results: {
    "ci": 0.7105,
    "classification_loss": 0.0,
    "cluster_loss": 0.0,
    "mae": 1.1734,
    "mse": 2.2913,
    "multiclassification_loss": 0.0,
    "ortho_loss": 0.0,
    "pearson": 0.6051,
    "regression_loss": 2.2908,
    "rm2": 0.3392,
    "rmse": 1.5137,
    "sd": 1.4891,
    "spearman": 0.5872,
    "spectral_loss": 0.0
}
                              
                              
----------------------------------------
Epoch 030 with LR 0.000100: Model Results
----------------------------------------
Train MSE Loss: 0.3666, Train CLS Loss: 0.0000, Train MCLS Loss: 0.0000
Protein Cluster Region Loss - Ortho Loss: 0.0000, Cluster Loss: 0.0000
                              
Validation Results: {
    "ci": 0.7121,
    "classification_loss": 0.0,
    "cluster_loss": 0.0,
    "mae": 1.194,
    "mse": 2.378,
    "multiclassification_loss": 0.0,
    "ortho_loss": 0.0,
    "pearson": 0.6157,
    "regression_loss": 2.388,
    "rm2": 0.3151,
    "rmse": 1.5421,
    "sd": 1.4751,
    "spearman": 0.5957,
    "spectral_loss": 0.0
}
                              
Test Results: {
    "ci": 0.7105,
    "classification_loss": 0.0,
    "cluster_loss": 0.0,
    "mae": 1.1734,
    "mse": 2.2913,
    "multiclassification_loss": 0.0,
    "ortho_loss": 0.0,
    "pearson": 0.6051,
    "regression_loss": 2.2908,
    "rm2": 0.3392,
    "rmse": 1.5137,
    "sd": 1.4891,
    "spearman": 0.5872,
    "spectral_loss": 0.0
}
                              
                              
----------------------------------------
Epoch 031 with LR 0.000100: Model Results
----------------------------------------
Train MSE Loss: 0.3546, Train CLS Loss: 0.0000, Train MCLS Loss: 0.0000
Protein Cluster Region Loss - Ortho Loss: 0.0000, Cluster Loss: 0.0000
                              
Validation Results: {
    "ci": 0.7185,
    "classification_loss": 0.0,
    "cluster_loss": 0.0,
    "mae": 1.1689,
    "mse": 2.2733,
    "multiclassification_loss": 0.0,
    "ortho_loss": 0.0,
    "pearson": 0.6301,
    "regression_loss": 2.2808,
    "rm2": 0.3401,
    "rmse": 1.5077,
    "sd": 1.4535,
    "spearman": 0.6125,
    "spectral_loss": 0.0
}
                              
Test Results: {
    "ci": 0.7105,
    "classification_loss": 0.0,
    "cluster_loss": 0.0,
    "mae": 1.1734,
    "mse": 2.2913,
    "multiclassification_loss": 0.0,
    "ortho_loss": 0.0,
    "pearson": 0.6051,
    "regression_loss": 2.2908,
    "rm2": 0.3392,
    "rmse": 1.5137,
    "sd": 1.4891,
    "spearman": 0.5872,
    "spectral_loss": 0.0
}
                              
                              
----------------------------------------
Epoch 032 with LR 0.000100: Model Results
----------------------------------------
Train MSE Loss: 0.3476, Train CLS Loss: 0.0000, Train MCLS Loss: 0.0000
Protein Cluster Region Loss - Ortho Loss: 0.0000, Cluster Loss: 0.0000
                              
Validation Results: {
    "ci": 0.7226,
    "classification_loss": 0.0,
    "cluster_loss": 0.0,
    "mae": 1.1676,
    "mse": 2.3112,
    "multiclassification_loss": 0.0,
    "ortho_loss": 0.0,
    "pearson": 0.6277,
    "regression_loss": 2.3194,
    "rm2": 0.3277,
    "rmse": 1.5203,
    "sd": 1.4572,
    "spearman": 0.6223,
    "spectral_loss": 0.0
}
                              
Test Results: {
    "ci": 0.7105,
    "classification_loss": 0.0,
    "cluster_loss": 0.0,
    "mae": 1.1734,
    "mse": 2.2913,
    "multiclassification_loss": 0.0,
    "ortho_loss": 0.0,
    "pearson": 0.6051,
    "regression_loss": 2.2908,
    "rm2": 0.3392,
    "rmse": 1.5137,
    "sd": 1.4891,
    "spearman": 0.5872,
    "spectral_loss": 0.0
}
                              
                              
----------------------------------------
Epoch 033 with LR 0.000100: Model Results
----------------------------------------
Train MSE Loss: 0.3346, Train CLS Loss: 0.0000, Train MCLS Loss: 0.0000
Protein Cluster Region Loss - Ortho Loss: 0.0000, Cluster Loss: 0.0000
                              
Validation Results: {
    "ci": 0.7176,
    "classification_loss": 0.0,
    "cluster_loss": 0.0,
    "mae": 1.1689,
    "mse": 2.2725,
    "multiclassification_loss": 0.0,
    "ortho_loss": 0.0,
    "pearson": 0.6261,
    "regression_loss": 2.2797,
    "rm2": 0.3379,
    "rmse": 1.5075,
    "sd": 1.4595,
    "spearman": 0.6101,
    "spectral_loss": 0.0
}
                              
Test Results: {
    "ci": 0.7105,
    "classification_loss": 0.0,
    "cluster_loss": 0.0,
    "mae": 1.1734,
    "mse": 2.2913,
    "multiclassification_loss": 0.0,
    "ortho_loss": 0.0,
    "pearson": 0.6051,
    "regression_loss": 2.2908,
    "rm2": 0.3392,
    "rmse": 1.5137,
    "sd": 1.4891,
    "spearman": 0.5872,
    "spectral_loss": 0.0
}
                              
                              
----------------------------------------
Epoch 034 with LR 0.000100: Model Results
----------------------------------------
Train MSE Loss: 0.3321, Train CLS Loss: 0.0000, Train MCLS Loss: 0.0000
Protein Cluster Region Loss - Ortho Loss: 0.0000, Cluster Loss: 0.0000
                              
Validation Results: {
    "ci": 0.7116,
    "classification_loss": 0.0,
    "cluster_loss": 0.0,
    "mae": 1.1963,
    "mse": 2.395,
    "multiclassification_loss": 0.0,
    "ortho_loss": 0.0,
    "pearson": 0.6051,
    "regression_loss": 2.4024,
    "rm2": 0.3121,
    "rmse": 1.5476,
    "sd": 1.4904,
    "spearman": 0.5949,
    "spectral_loss": 0.0
}
                              
Test Results: {
    "ci": 0.7105,
    "classification_loss": 0.0,
    "cluster_loss": 0.0,
    "mae": 1.1734,
    "mse": 2.2913,
    "multiclassification_loss": 0.0,
    "ortho_loss": 0.0,
    "pearson": 0.6051,
    "regression_loss": 2.2908,
    "rm2": 0.3392,
    "rmse": 1.5137,
    "sd": 1.4891,
    "spearman": 0.5872,
    "spectral_loss": 0.0
}
                              
                              
----------------------------------------
Epoch 035 with LR 0.000100: Model Results
----------------------------------------
Train MSE Loss: 0.3228, Train CLS Loss: 0.0000, Train MCLS Loss: 0.0000
Protein Cluster Region Loss - Ortho Loss: 0.0000, Cluster Loss: 0.0000
                              
Validation Results: {
    "ci": 0.7198,
    "classification_loss": 0.0,
    "cluster_loss": 0.0,
    "mae": 1.1826,
    "mse": 2.3247,
    "multiclassification_loss": 0.0,
    "ortho_loss": 0.0,
    "pearson": 0.6264,
    "regression_loss": 2.3358,
    "rm2": 0.3362,
    "rmse": 1.5247,
    "sd": 1.4592,
    "spearman": 0.6147,
    "spectral_loss": 0.0
}
                              
Test Results: {
    "ci": 0.7105,
    "classification_loss": 0.0,
    "cluster_loss": 0.0,
    "mae": 1.1734,
    "mse": 2.2913,
    "multiclassification_loss": 0.0,
    "ortho_loss": 0.0,
    "pearson": 0.6051,
    "regression_loss": 2.2908,
    "rm2": 0.3392,
    "rmse": 1.5137,
    "sd": 1.4891,
    "spearman": 0.5872,
    "spectral_loss": 0.0
}
                              
                              
----------------------------------------
Epoch 036 with LR 0.000100: Model Results
----------------------------------------
Train MSE Loss: 0.3146, Train CLS Loss: 0.0000, Train MCLS Loss: 0.0000
Protein Cluster Region Loss - Ortho Loss: 0.0000, Cluster Loss: 0.0000
                              
Validation Results: {
    "ci": 0.7188,
    "classification_loss": 0.0,
    "cluster_loss": 0.0,
    "mae": 1.1788,
    "mse": 2.2988,
    "multiclassification_loss": 0.0,
    "ortho_loss": 0.0,
    "pearson": 0.6268,
    "regression_loss": 2.3076,
    "rm2": 0.3394,
    "rmse": 1.5162,
    "sd": 1.4585,
    "spearman": 0.6137,
    "spectral_loss": 0.0
}
                              
Test Results: {
    "ci": 0.7105,
    "classification_loss": 0.0,
    "cluster_loss": 0.0,
    "mae": 1.1734,
    "mse": 2.2913,
    "multiclassification_loss": 0.0,
    "ortho_loss": 0.0,
    "pearson": 0.6051,
    "regression_loss": 2.2908,
    "rm2": 0.3392,
    "rmse": 1.5137,
    "sd": 1.4891,
    "spearman": 0.5872,
    "spectral_loss": 0.0
}
                              
                              
----------------------------------------
Epoch 037 with LR 0.000100: Model Results
----------------------------------------
Train MSE Loss: 0.3029, Train CLS Loss: 0.0000, Train MCLS Loss: 0.0000
Protein Cluster Region Loss - Ortho Loss: 0.0000, Cluster Loss: 0.0000
                              
Validation Results: {
    "ci": 0.7179,
    "classification_loss": 0.0,
    "cluster_loss": 0.0,
    "mae": 1.1945,
    "mse": 2.3625,
    "multiclassification_loss": 0.0,
    "ortho_loss": 0.0,
    "pearson": 0.6258,
    "regression_loss": 2.3746,
    "rm2": 0.3389,
    "rmse": 1.537,
    "sd": 1.4601,
    "spearman": 0.611,
    "spectral_loss": 0.0
}
                              
Test Results: {
    "ci": 0.7105,
    "classification_loss": 0.0,
    "cluster_loss": 0.0,
    "mae": 1.1734,
    "mse": 2.2913,
    "multiclassification_loss": 0.0,
    "ortho_loss": 0.0,
    "pearson": 0.6051,
    "regression_loss": 2.2908,
    "rm2": 0.3392,
    "rmse": 1.5137,
    "sd": 1.4891,
    "spearman": 0.5872,
    "spectral_loss": 0.0
}
                              
                              
----------------------------------------
Epoch 038 with LR 0.000100: Model Results
----------------------------------------
Train MSE Loss: 0.2994, Train CLS Loss: 0.0000, Train MCLS Loss: 0.0000
Protein Cluster Region Loss - Ortho Loss: 0.0000, Cluster Loss: 0.0000
                              
Validation Results: {
    "ci": 0.7129,
    "classification_loss": 0.0,
    "cluster_loss": 0.0,
    "mae": 1.1969,
    "mse": 2.3693,
    "multiclassification_loss": 0.0,
    "ortho_loss": 0.0,
    "pearson": 0.6166,
    "regression_loss": 2.3792,
    "rm2": 0.3222,
    "rmse": 1.5392,
    "sd": 1.4737,
    "spearman": 0.5976,
    "spectral_loss": 0.0
}
                              
Test Results: {
    "ci": 0.7105,
    "classification_loss": 0.0,
    "cluster_loss": 0.0,
    "mae": 1.1734,
    "mse": 2.2913,
    "multiclassification_loss": 0.0,
    "ortho_loss": 0.0,
    "pearson": 0.6051,
    "regression_loss": 2.2908,
    "rm2": 0.3392,
    "rmse": 1.5137,
    "sd": 1.4891,
    "spearman": 0.5872,
    "spectral_loss": 0.0
}
                              
                              
----------------------------------------
Epoch 039 with LR 0.000100: Model Results
----------------------------------------
Train MSE Loss: 0.2981, Train CLS Loss: 0.0000, Train MCLS Loss: 0.0000
Protein Cluster Region Loss - Ortho Loss: 0.0000, Cluster Loss: 0.0000
                              
Validation Results: {
    "ci": 0.7171,
    "classification_loss": 0.0,
    "cluster_loss": 0.0,
    "mae": 1.1942,
    "mse": 2.3329,
    "multiclassification_loss": 0.0,
    "ortho_loss": 0.0,
    "pearson": 0.6279,
    "regression_loss": 2.3425,
    "rm2": 0.3249,
    "rmse": 1.5274,
    "sd": 1.4568,
    "spearman": 0.6089,
    "spectral_loss": 0.0
}
                              
Test Results: {
    "ci": 0.7105,
    "classification_loss": 0.0,
    "cluster_loss": 0.0,
    "mae": 1.1734,
    "mse": 2.2913,
    "multiclassification_loss": 0.0,
    "ortho_loss": 0.0,
    "pearson": 0.6051,
    "regression_loss": 2.2908,
    "rm2": 0.3392,
    "rmse": 1.5137,
    "sd": 1.4891,
    "spearman": 0.5872,
    "spectral_loss": 0.0
}
                              
                              
----------------------------------------
Epoch 040 with LR 0.000100: Model Results
----------------------------------------
Train MSE Loss: 0.2915, Train CLS Loss: 0.0000, Train MCLS Loss: 0.0000
Protein Cluster Region Loss - Ortho Loss: 0.0000, Cluster Loss: 0.0000
                              
Validation Results: {
    "ci": 0.7135,
    "classification_loss": 0.0,
    "cluster_loss": 0.0,
    "mae": 1.1984,
    "mse": 2.3698,
    "multiclassification_loss": 0.0,
    "ortho_loss": 0.0,
    "pearson": 0.6169,
    "regression_loss": 2.3802,
    "rm2": 0.3257,
    "rmse": 1.5394,
    "sd": 1.4732,
    "spearman": 0.5996,
    "spectral_loss": 0.0
}
                              
Test Results: {
    "ci": 0.7105,
    "classification_loss": 0.0,
    "cluster_loss": 0.0,
    "mae": 1.1734,
    "mse": 2.2913,
    "multiclassification_loss": 0.0,
    "ortho_loss": 0.0,
    "pearson": 0.6051,
    "regression_loss": 2.2908,
    "rm2": 0.3392,
    "rmse": 1.5137,
    "sd": 1.4891,
    "spearman": 0.5872,
    "spectral_loss": 0.0
}
                              
                              
----------------------------------------
Epoch 041 with LR 0.000100: Model Results
----------------------------------------
Train MSE Loss: 0.2834, Train CLS Loss: 0.0000, Train MCLS Loss: 0.0000
Protein Cluster Region Loss - Ortho Loss: 0.0000, Cluster Loss: 0.0000
                              
Validation Results: {
    "ci": 0.7163,
    "classification_loss": 0.0,
    "cluster_loss": 0.0,
    "mae": 1.1898,
    "mse": 2.3345,
    "multiclassification_loss": 0.0,
    "ortho_loss": 0.0,
    "pearson": 0.6208,
    "regression_loss": 2.3453,
    "rm2": 0.3255,
    "rmse": 1.5279,
    "sd": 1.4675,
    "spearman": 0.6072,
    "spectral_loss": 0.0
}
                              
Test Results: {
    "ci": 0.7105,
    "classification_loss": 0.0,
    "cluster_loss": 0.0,
    "mae": 1.1734,
    "mse": 2.2913,
    "multiclassification_loss": 0.0,
    "ortho_loss": 0.0,
    "pearson": 0.6051,
    "regression_loss": 2.2908,
    "rm2": 0.3392,
    "rmse": 1.5137,
    "sd": 1.4891,
    "spearman": 0.5872,
    "spectral_loss": 0.0
}
                              
                              
----------------------------------------
Epoch 042 with LR 0.000100: Model Results
----------------------------------------
Train MSE Loss: 0.2772, Train CLS Loss: 0.0000, Train MCLS Loss: 0.0000
Protein Cluster Region Loss - Ortho Loss: 0.0000, Cluster Loss: 0.0000
                              
Validation Results: {
    "ci": 0.7155,
    "classification_loss": 0.0,
    "cluster_loss": 0.0,
    "mae": 1.1861,
    "mse": 2.3499,
    "multiclassification_loss": 0.0,
    "ortho_loss": 0.0,
    "pearson": 0.6204,
    "regression_loss": 2.3604,
    "rm2": 0.3188,
    "rmse": 1.5329,
    "sd": 1.468,
    "spearman": 0.6041,
    "spectral_loss": 0.0
}
                              
Test Results: {
    "ci": 0.7105,
    "classification_loss": 0.0,
    "cluster_loss": 0.0,
    "mae": 1.1734,
    "mse": 2.2913,
    "multiclassification_loss": 0.0,
    "ortho_loss": 0.0,
    "pearson": 0.6051,
    "regression_loss": 2.2908,
    "rm2": 0.3392,
    "rmse": 1.5137,
    "sd": 1.4891,
    "spearman": 0.5872,
    "spectral_loss": 0.0
}
                              
                              
----------------------------------------
Epoch 043 with LR 0.000100: Model Results
----------------------------------------
Train MSE Loss: 0.2688, Train CLS Loss: 0.0000, Train MCLS Loss: 0.0000
Protein Cluster Region Loss - Ortho Loss: 0.0000, Cluster Loss: 0.0000
                              
Validation Results: {
    "ci": 0.7181,
    "classification_loss": 0.0,
    "cluster_loss": 0.0,
    "mae": 1.1741,
    "mse": 2.2662,
    "multiclassification_loss": 0.0,
    "ortho_loss": 0.0,
    "pearson": 0.6305,
    "regression_loss": 2.2755,
    "rm2": 0.3494,
    "rmse": 1.5054,
    "sd": 1.4529,
    "spearman": 0.6106,
    "spectral_loss": 0.0
}
                              
Test Results: {
    "ci": 0.7105,
    "classification_loss": 0.0,
    "cluster_loss": 0.0,
    "mae": 1.1734,
    "mse": 2.2913,
    "multiclassification_loss": 0.0,
    "ortho_loss": 0.0,
    "pearson": 0.6051,
    "regression_loss": 2.2908,
    "rm2": 0.3392,
    "rmse": 1.5137,
    "sd": 1.4891,
    "spearman": 0.5872,
    "spectral_loss": 0.0
}
                              
                              
----------------------------------------
Epoch 044 with LR 0.000100: Model Results
----------------------------------------
Train MSE Loss: 0.2743, Train CLS Loss: 0.0000, Train MCLS Loss: 0.0000
Protein Cluster Region Loss - Ortho Loss: 0.0000, Cluster Loss: 0.0000
                              
Validation Results: {
    "ci": 0.717,
    "classification_loss": 0.0,
    "cluster_loss": 0.0,
    "mae": 1.1882,
    "mse": 2.3018,
    "multiclassification_loss": 0.0,
    "ortho_loss": 0.0,
    "pearson": 0.6244,
    "regression_loss": 2.312,
    "rm2": 0.3374,
    "rmse": 1.5172,
    "sd": 1.4621,
    "spearman": 0.6095,
    "spectral_loss": 0.0
}
                              
Test Results: {
    "ci": 0.7105,
    "classification_loss": 0.0,
    "cluster_loss": 0.0,
    "mae": 1.1734,
    "mse": 2.2913,
    "multiclassification_loss": 0.0,
    "ortho_loss": 0.0,
    "pearson": 0.6051,
    "regression_loss": 2.2908,
    "rm2": 0.3392,
    "rmse": 1.5137,
    "sd": 1.4891,
    "spearman": 0.5872,
    "spectral_loss": 0.0
}
                              
                              
----------------------------------------
Epoch 045 with LR 0.000100: Model Results
----------------------------------------
Train MSE Loss: 0.2650, Train CLS Loss: 0.0000, Train MCLS Loss: 0.0000
Protein Cluster Region Loss - Ortho Loss: 0.0000, Cluster Loss: 0.0000
                              
Validation Results: {
    "ci": 0.7138,
    "classification_loss": 0.0,
    "cluster_loss": 0.0,
    "mae": 1.1952,
    "mse": 2.3777,
    "multiclassification_loss": 0.0,
    "ortho_loss": 0.0,
    "pearson": 0.6165,
    "regression_loss": 2.3885,
    "rm2": 0.3279,
    "rmse": 1.542,
    "sd": 1.4738,
    "spearman": 0.6003,
    "spectral_loss": 0.0
}
                              
Test Results: {
    "ci": 0.7105,
    "classification_loss": 0.0,
    "cluster_loss": 0.0,
    "mae": 1.1734,
    "mse": 2.2913,
    "multiclassification_loss": 0.0,
    "ortho_loss": 0.0,
    "pearson": 0.6051,
    "regression_loss": 2.2908,
    "rm2": 0.3392,
    "rmse": 1.5137,
    "sd": 1.4891,
    "spearman": 0.5872,
    "spectral_loss": 0.0
}
                              
                              
----------------------------------------
Epoch 046 with LR 0.000100: Model Results
----------------------------------------
Train MSE Loss: 0.2591, Train CLS Loss: 0.0000, Train MCLS Loss: 0.0000
Protein Cluster Region Loss - Ortho Loss: 0.0000, Cluster Loss: 0.0000
                              
Validation Results: {
    "ci": 0.7137,
    "classification_loss": 0.0,
    "cluster_loss": 0.0,
    "mae": 1.1911,
    "mse": 2.321,
    "multiclassification_loss": 0.0,
    "ortho_loss": 0.0,
    "pearson": 0.6245,
    "regression_loss": 2.3296,
    "rm2": 0.3437,
    "rmse": 1.5235,
    "sd": 1.462,
    "spearman": 0.5997,
    "spectral_loss": 0.0
}
                              
Test Results: {
    "ci": 0.7105,
    "classification_loss": 0.0,
    "cluster_loss": 0.0,
    "mae": 1.1734,
    "mse": 2.2913,
    "multiclassification_loss": 0.0,
    "ortho_loss": 0.0,
    "pearson": 0.6051,
    "regression_loss": 2.2908,
    "rm2": 0.3392,
    "rmse": 1.5137,
    "sd": 1.4891,
    "spearman": 0.5872,
    "spectral_loss": 0.0
}
                              
                              
----------------------------------------
Epoch 047 with LR 0.000100: Model Results
----------------------------------------
Train MSE Loss: 0.2538, Train CLS Loss: 0.0000, Train MCLS Loss: 0.0000
Protein Cluster Region Loss - Ortho Loss: 0.0000, Cluster Loss: 0.0000
                              
Validation Results: {
    "ci": 0.7151,
    "classification_loss": 0.0,
    "cluster_loss": 0.0,
    "mae": 1.1838,
    "mse": 2.3383,
    "multiclassification_loss": 0.0,
    "ortho_loss": 0.0,
    "pearson": 0.6208,
    "regression_loss": 2.3456,
    "rm2": 0.333,
    "rmse": 1.5291,
    "sd": 1.4675,
    "spearman": 0.603,
    "spectral_loss": 0.0
}
                              
Test Results: {
    "ci": 0.7105,
    "classification_loss": 0.0,
    "cluster_loss": 0.0,
    "mae": 1.1734,
    "mse": 2.2913,
    "multiclassification_loss": 0.0,
    "ortho_loss": 0.0,
    "pearson": 0.6051,
    "regression_loss": 2.2908,
    "rm2": 0.3392,
    "rmse": 1.5137,
    "sd": 1.4891,
    "spearman": 0.5872,
    "spectral_loss": 0.0
}
                              
                              
----------------------------------------
Epoch 048 with LR 0.000100: Model Results
----------------------------------------
Train MSE Loss: 0.2516, Train CLS Loss: 0.0000, Train MCLS Loss: 0.0000
Protein Cluster Region Loss - Ortho Loss: 0.0000, Cluster Loss: 0.0000
                              
Validation Results: {
    "ci": 0.7082,
    "classification_loss": 0.0,
    "cluster_loss": 0.0,
    "mae": 1.1984,
    "mse": 2.3928,
    "multiclassification_loss": 0.0,
    "ortho_loss": 0.0,
    "pearson": 0.6049,
    "regression_loss": 2.4015,
    "rm2": 0.318,
    "rmse": 1.5469,
    "sd": 1.4905,
    "spearman": 0.5845,
    "spectral_loss": 0.0
}
                              
Test Results: {
    "ci": 0.7105,
    "classification_loss": 0.0,
    "cluster_loss": 0.0,
    "mae": 1.1734,
    "mse": 2.2913,
    "multiclassification_loss": 0.0,
    "ortho_loss": 0.0,
    "pearson": 0.6051,
    "regression_loss": 2.2908,
    "rm2": 0.3392,
    "rmse": 1.5137,
    "sd": 1.4891,
    "spearman": 0.5872,
    "spectral_loss": 0.0
}
                              
                              
----------------------------------------
Epoch 049 with LR 0.000100: Model Results
----------------------------------------
Train MSE Loss: 0.2454, Train CLS Loss: 0.0000, Train MCLS Loss: 0.0000
Protein Cluster Region Loss - Ortho Loss: 0.0000, Cluster Loss: 0.0000
                              
Validation Results: {
    "ci": 0.7139,
    "classification_loss": 0.0,
    "cluster_loss": 0.0,
    "mae": 1.2023,
    "mse": 2.4035,
    "multiclassification_loss": 0.0,
    "ortho_loss": 0.0,
    "pearson": 0.6223,
    "regression_loss": 2.4161,
    "rm2": 0.336,
    "rmse": 1.5503,
    "sd": 1.4653,
    "spearman": 0.6003,
    "spectral_loss": 0.0
}
                              
Test Results: {
    "ci": 0.7105,
    "classification_loss": 0.0,
    "cluster_loss": 0.0,
    "mae": 1.1734,
    "mse": 2.2913,
    "multiclassification_loss": 0.0,
    "ortho_loss": 0.0,
    "pearson": 0.6051,
    "regression_loss": 2.2908,
    "rm2": 0.3392,
    "rmse": 1.5137,
    "sd": 1.4891,
    "spearman": 0.5872,
    "spectral_loss": 0.0
}
                              
                              
----------------------------------------
Epoch 050 with LR 0.000100: Model Results
----------------------------------------
Train MSE Loss: 0.2485, Train CLS Loss: 0.0000, Train MCLS Loss: 0.0000
Protein Cluster Region Loss - Ortho Loss: 0.0000, Cluster Loss: 0.0000
                              
Validation Results: {
    "ci": 0.7154,
    "classification_loss": 0.0,
    "cluster_loss": 0.0,
    "mae": 1.1834,
    "mse": 2.3536,
    "multiclassification_loss": 0.0,
    "ortho_loss": 0.0,
    "pearson": 0.6212,
    "regression_loss": 2.3617,
    "rm2": 0.3226,
    "rmse": 1.5341,
    "sd": 1.4668,
    "spearman": 0.6043,
    "spectral_loss": 0.0
}
                              
Test Results: {
    "ci": 0.7105,
    "classification_loss": 0.0,
    "cluster_loss": 0.0,
    "mae": 1.1734,
    "mse": 2.2913,
    "multiclassification_loss": 0.0,
    "ortho_loss": 0.0,
    "pearson": 0.6051,
    "regression_loss": 2.2908,
    "rm2": 0.3392,
    "rmse": 1.5137,
    "sd": 1.4891,
    "spearman": 0.5872,
    "spectral_loss": 0.0
}
                              
                              
----------------------------------------
Epoch 051 with LR 0.000100: Model Results
----------------------------------------
Train MSE Loss: 0.2377, Train CLS Loss: 0.0000, Train MCLS Loss: 0.0000
Protein Cluster Region Loss - Ortho Loss: 0.0000, Cluster Loss: 0.0000
                              
Validation Results: {
    "ci": 0.7139,
    "classification_loss": 0.0,
    "cluster_loss": 0.0,
    "mae": 1.2146,
    "mse": 2.4129,
    "multiclassification_loss": 0.0,
    "ortho_loss": 0.0,
    "pearson": 0.6167,
    "regression_loss": 2.4239,
    "rm2": 0.3224,
    "rmse": 1.5534,
    "sd": 1.4736,
    "spearman": 0.6014,
    "spectral_loss": 0.0
}
                              
Test Results: {
    "ci": 0.7105,
    "classification_loss": 0.0,
    "cluster_loss": 0.0,
    "mae": 1.1734,
    "mse": 2.2913,
    "multiclassification_loss": 0.0,
    "ortho_loss": 0.0,
    "pearson": 0.6051,
    "regression_loss": 2.2908,
    "rm2": 0.3392,
    "rmse": 1.5137,
    "sd": 1.4891,
    "spearman": 0.5872,
    "spectral_loss": 0.0
}
                              
                              
----------------------------------------
Epoch 052 with LR 0.000100: Model Results
----------------------------------------
Train MSE Loss: 0.2364, Train CLS Loss: 0.0000, Train MCLS Loss: 0.0000
Protein Cluster Region Loss - Ortho Loss: 0.0000, Cluster Loss: 0.0000
                              
Validation Results: {
    "ci": 0.7173,
    "classification_loss": 0.0,
    "cluster_loss": 0.0,
    "mae": 1.1929,
    "mse": 2.3636,
    "multiclassification_loss": 0.0,
    "ortho_loss": 0.0,
    "pearson": 0.6208,
    "regression_loss": 2.3735,
    "rm2": 0.3245,
    "rmse": 1.5374,
    "sd": 1.4675,
    "spearman": 0.6108,
    "spectral_loss": 0.0
}
                              
Test Results: {
    "ci": 0.7105,
    "classification_loss": 0.0,
    "cluster_loss": 0.0,
    "mae": 1.1734,
    "mse": 2.2913,
    "multiclassification_loss": 0.0,
    "ortho_loss": 0.0,
    "pearson": 0.6051,
    "regression_loss": 2.2908,
    "rm2": 0.3392,
    "rmse": 1.5137,
    "sd": 1.4891,
    "spearman": 0.5872,
    "spectral_loss": 0.0
}
                              
                              
----------------------------------------
Epoch 053 with LR 0.000100: Model Results
----------------------------------------
Train MSE Loss: 0.2312, Train CLS Loss: 0.0000, Train MCLS Loss: 0.0000
Protein Cluster Region Loss - Ortho Loss: 0.0000, Cluster Loss: 0.0000
                              
Validation Results: {
    "ci": 0.7176,
    "classification_loss": 0.0,
    "cluster_loss": 0.0,
    "mae": 1.1801,
    "mse": 2.312,
    "multiclassification_loss": 0.0,
    "ortho_loss": 0.0,
    "pearson": 0.6316,
    "regression_loss": 2.3209,
    "rm2": 0.3364,
    "rmse": 1.5205,
    "sd": 1.4512,
    "spearman": 0.6105,
    "spectral_loss": 0.0
}
                              
Test Results: {
    "ci": 0.7105,
    "classification_loss": 0.0,
    "cluster_loss": 0.0,
    "mae": 1.1734,
    "mse": 2.2913,
    "multiclassification_loss": 0.0,
    "ortho_loss": 0.0,
    "pearson": 0.6051,
    "regression_loss": 2.2908,
    "rm2": 0.3392,
    "rmse": 1.5137,
    "sd": 1.4891,
    "spearman": 0.5872,
    "spectral_loss": 0.0
}
                              
                              
----------------------------------------
Epoch 054 with LR 0.000100: Model Results
----------------------------------------
Train MSE Loss: 0.2320, Train CLS Loss: 0.0000, Train MCLS Loss: 0.0000
Protein Cluster Region Loss - Ortho Loss: 0.0000, Cluster Loss: 0.0000
                              
Validation Results: {
    "ci": 0.7163,
    "classification_loss": 0.0,
    "cluster_loss": 0.0,
    "mae": 1.1933,
    "mse": 2.3324,
    "multiclassification_loss": 0.0,
    "ortho_loss": 0.0,
    "pearson": 0.6257,
    "regression_loss": 2.3419,
    "rm2": 0.3375,
    "rmse": 1.5272,
    "sd": 1.4601,
    "spearman": 0.6075,
    "spectral_loss": 0.0
}
                              
Test Results: {
    "ci": 0.7105,
    "classification_loss": 0.0,
    "cluster_loss": 0.0,
    "mae": 1.1734,
    "mse": 2.2913,
    "multiclassification_loss": 0.0,
    "ortho_loss": 0.0,
    "pearson": 0.6051,
    "regression_loss": 2.2908,
    "rm2": 0.3392,
    "rmse": 1.5137,
    "sd": 1.4891,
    "spearman": 0.5872,
    "spectral_loss": 0.0
}
                              
                              
----------------------------------------
Epoch 055 with LR 0.000100: Model Results
----------------------------------------
Train MSE Loss: 0.2260, Train CLS Loss: 0.0000, Train MCLS Loss: 0.0000
Protein Cluster Region Loss - Ortho Loss: 0.0000, Cluster Loss: 0.0000
                              
Validation Results: {
    "ci": 0.7165,
    "classification_loss": 0.0,
    "cluster_loss": 0.0,
    "mae": 1.1915,
    "mse": 2.3314,
    "multiclassification_loss": 0.0,
    "ortho_loss": 0.0,
    "pearson": 0.6225,
    "regression_loss": 2.341,
    "rm2": 0.3246,
    "rmse": 1.5269,
    "sd": 1.465,
    "spearman": 0.6071,
    "spectral_loss": 0.0
}
                              
Test Results: {
    "ci": 0.7105,
    "classification_loss": 0.0,
    "cluster_loss": 0.0,
    "mae": 1.1734,
    "mse": 2.2913,
    "multiclassification_loss": 0.0,
    "ortho_loss": 0.0,
    "pearson": 0.6051,
    "regression_loss": 2.2908,
    "rm2": 0.3392,
    "rmse": 1.5137,
    "sd": 1.4891,
    "spearman": 0.5872,
    "spectral_loss": 0.0
}
                              
                              
----------------------------------------
Epoch 056 with LR 0.000100: Model Results
----------------------------------------
Train MSE Loss: 0.2253, Train CLS Loss: 0.0000, Train MCLS Loss: 0.0000
Protein Cluster Region Loss - Ortho Loss: 0.0000, Cluster Loss: 0.0000
                              
Validation Results: {
    "ci": 0.7166,
    "classification_loss": 0.0,
    "cluster_loss": 0.0,
    "mae": 1.1742,
    "mse": 2.2879,
    "multiclassification_loss": 0.0,
    "ortho_loss": 0.0,
    "pearson": 0.6277,
    "regression_loss": 2.2949,
    "rm2": 0.3405,
    "rmse": 1.5126,
    "sd": 1.4572,
    "spearman": 0.6082,
    "spectral_loss": 0.0
}
                              
Test Results: {
    "ci": 0.7105,
    "classification_loss": 0.0,
    "cluster_loss": 0.0,
    "mae": 1.1734,
    "mse": 2.2913,
    "multiclassification_loss": 0.0,
    "ortho_loss": 0.0,
    "pearson": 0.6051,
    "regression_loss": 2.2908,
    "rm2": 0.3392,
    "rmse": 1.5137,
    "sd": 1.4891,
    "spearman": 0.5872,
    "spectral_loss": 0.0
}
                              
                              
----------------------------------------
Epoch 057 with LR 0.000100: Model Results
----------------------------------------
Train MSE Loss: 0.2217, Train CLS Loss: 0.0000, Train MCLS Loss: 0.0000
Protein Cluster Region Loss - Ortho Loss: 0.0000, Cluster Loss: 0.0000
                              
Validation Results: {
    "ci": 0.7142,
    "classification_loss": 0.0,
    "cluster_loss": 0.0,
    "mae": 1.1844,
    "mse": 2.3309,
    "multiclassification_loss": 0.0,
    "ortho_loss": 0.0,
    "pearson": 0.6144,
    "regression_loss": 2.338,
    "rm2": 0.3274,
    "rmse": 1.5267,
    "sd": 1.4769,
    "spearman": 0.6031,
    "spectral_loss": 0.0
}
                              
Test Results: {
    "ci": 0.7105,
    "classification_loss": 0.0,
    "cluster_loss": 0.0,
    "mae": 1.1734,
    "mse": 2.2913,
    "multiclassification_loss": 0.0,
    "ortho_loss": 0.0,
    "pearson": 0.6051,
    "regression_loss": 2.2908,
    "rm2": 0.3392,
    "rmse": 1.5137,
    "sd": 1.4891,
    "spearman": 0.5872,
    "spectral_loss": 0.0
}
                              
                              
----------------------------------------
Epoch 058 with LR 0.000100: Model Results
----------------------------------------
Train MSE Loss: 0.2228, Train CLS Loss: 0.0000, Train MCLS Loss: 0.0000
Protein Cluster Region Loss - Ortho Loss: 0.0000, Cluster Loss: 0.0000
                              
Validation Results: {
    "ci": 0.7147,
    "classification_loss": 0.0,
    "cluster_loss": 0.0,
    "mae": 1.1823,
    "mse": 2.329,
    "multiclassification_loss": 0.0,
    "ortho_loss": 0.0,
    "pearson": 0.6209,
    "regression_loss": 2.3382,
    "rm2": 0.3269,
    "rmse": 1.5261,
    "sd": 1.4673,
    "spearman": 0.6021,
    "spectral_loss": 0.0
}
                              
Test Results: {
    "ci": 0.7105,
    "classification_loss": 0.0,
    "cluster_loss": 0.0,
    "mae": 1.1734,
    "mse": 2.2913,
    "multiclassification_loss": 0.0,
    "ortho_loss": 0.0,
    "pearson": 0.6051,
    "regression_loss": 2.2908,
    "rm2": 0.3392,
    "rmse": 1.5137,
    "sd": 1.4891,
    "spearman": 0.5872,
    "spectral_loss": 0.0
}
                              
                              
----------------------------------------
Epoch 059 with LR 0.000100: Model Results
----------------------------------------
Train MSE Loss: 0.2216, Train CLS Loss: 0.0000, Train MCLS Loss: 0.0000
Protein Cluster Region Loss - Ortho Loss: 0.0000, Cluster Loss: 0.0000
                              
Validation Results: {
    "ci": 0.7091,
    "classification_loss": 0.0,
    "cluster_loss": 0.0,
    "mae": 1.2196,
    "mse": 2.4215,
    "multiclassification_loss": 0.0,
    "ortho_loss": 0.0,
    "pearson": 0.6166,
    "regression_loss": 2.4316,
    "rm2": 0.3297,
    "rmse": 1.5561,
    "sd": 1.4736,
    "spearman": 0.5882,
    "spectral_loss": 0.0
}
                              
Test Results: {
    "ci": 0.7105,
    "classification_loss": 0.0,
    "cluster_loss": 0.0,
    "mae": 1.1734,
    "mse": 2.2913,
    "multiclassification_loss": 0.0,
    "ortho_loss": 0.0,
    "pearson": 0.6051,
    "regression_loss": 2.2908,
    "rm2": 0.3392,
    "rmse": 1.5137,
    "sd": 1.4891,
    "spearman": 0.5872,
    "spectral_loss": 0.0
}
                              
                              
----------------------------------------
Epoch 060 with LR 0.000100: Model Results
----------------------------------------
Train MSE Loss: 0.2168, Train CLS Loss: 0.0000, Train MCLS Loss: 0.0000
Protein Cluster Region Loss - Ortho Loss: 0.0000, Cluster Loss: 0.0000
                              
Validation Results: {
    "ci": 0.7171,
    "classification_loss": 0.0,
    "cluster_loss": 0.0,
    "mae": 1.1933,
    "mse": 2.3611,
    "multiclassification_loss": 0.0,
    "ortho_loss": 0.0,
    "pearson": 0.622,
    "regression_loss": 2.3712,
    "rm2": 0.3369,
    "rmse": 1.5366,
    "sd": 1.4657,
    "spearman": 0.6093,
    "spectral_loss": 0.0
}
                              
Test Results: {
    "ci": 0.7105,
    "classification_loss": 0.0,
    "cluster_loss": 0.0,
    "mae": 1.1734,
    "mse": 2.2913,
    "multiclassification_loss": 0.0,
    "ortho_loss": 0.0,
    "pearson": 0.6051,
    "regression_loss": 2.2908,
    "rm2": 0.3392,
    "rmse": 1.5137,
    "sd": 1.4891,
    "spearman": 0.5872,
    "spectral_loss": 0.0
}
                              
                              
----------------------------------------
Epoch 061 with LR 0.000100: Model Results
----------------------------------------
Train MSE Loss: 0.2097, Train CLS Loss: 0.0000, Train MCLS Loss: 0.0000
Protein Cluster Region Loss - Ortho Loss: 0.0000, Cluster Loss: 0.0000
                              
Validation Results: {
    "ci": 0.7137,
    "classification_loss": 0.0,
    "cluster_loss": 0.0,
    "mae": 1.1912,
    "mse": 2.3567,
    "multiclassification_loss": 0.0,
    "ortho_loss": 0.0,
    "pearson": 0.6156,
    "regression_loss": 2.367,
    "rm2": 0.3205,
    "rmse": 1.5351,
    "sd": 1.4751,
    "spearman": 0.6025,
    "spectral_loss": 0.0
}
                              
Test Results: {
    "ci": 0.7105,
    "classification_loss": 0.0,
    "cluster_loss": 0.0,
    "mae": 1.1734,
    "mse": 2.2913,
    "multiclassification_loss": 0.0,
    "ortho_loss": 0.0,
    "pearson": 0.6051,
    "regression_loss": 2.2908,
    "rm2": 0.3392,
    "rmse": 1.5137,
    "sd": 1.4891,
    "spearman": 0.5872,
    "spectral_loss": 0.0
}
                              
                              
----------------------------------------
Epoch 062 with LR 0.000100: Model Results
----------------------------------------
Train MSE Loss: 0.2132, Train CLS Loss: 0.0000, Train MCLS Loss: 0.0000
Protein Cluster Region Loss - Ortho Loss: 0.0000, Cluster Loss: 0.0000
                              
Validation Results: {
    "ci": 0.7123,
    "classification_loss": 0.0,
    "cluster_loss": 0.0,
    "mae": 1.1928,
    "mse": 2.3167,
    "multiclassification_loss": 0.0,
    "ortho_loss": 0.0,
    "pearson": 0.6194,
    "regression_loss": 2.3252,
    "rm2": 0.3394,
    "rmse": 1.5221,
    "sd": 1.4695,
    "spearman": 0.5981,
    "spectral_loss": 0.0
}
                              
Test Results: {
    "ci": 0.7105,
    "classification_loss": 0.0,
    "cluster_loss": 0.0,
    "mae": 1.1734,
    "mse": 2.2913,
    "multiclassification_loss": 0.0,
    "ortho_loss": 0.0,
    "pearson": 0.6051,
    "regression_loss": 2.2908,
    "rm2": 0.3392,
    "rmse": 1.5137,
    "sd": 1.4891,
    "spearman": 0.5872,
    "spectral_loss": 0.0
}
                              
                              
----------------------------------------
Epoch 063 with LR 0.000100: Model Results
----------------------------------------
Train MSE Loss: 0.2073, Train CLS Loss: 0.0000, Train MCLS Loss: 0.0000
Protein Cluster Region Loss - Ortho Loss: 0.0000, Cluster Loss: 0.0000
                              
Validation Results: {
    "ci": 0.7146,
    "classification_loss": 0.0,
    "cluster_loss": 0.0,
    "mae": 1.1998,
    "mse": 2.3567,
    "multiclassification_loss": 0.0,
    "ortho_loss": 0.0,
    "pearson": 0.6201,
    "regression_loss": 2.3672,
    "rm2": 0.3344,
    "rmse": 1.5352,
    "sd": 1.4686,
    "spearman": 0.6026,
    "spectral_loss": 0.0
}
                              
Test Results: {
    "ci": 0.7105,
    "classification_loss": 0.0,
    "cluster_loss": 0.0,
    "mae": 1.1734,
    "mse": 2.2913,
    "multiclassification_loss": 0.0,
    "ortho_loss": 0.0,
    "pearson": 0.6051,
    "regression_loss": 2.2908,
    "rm2": 0.3392,
    "rmse": 1.5137,
    "sd": 1.4891,
    "spearman": 0.5872,
    "spectral_loss": 0.0
}
                              
                              
----------------------------------------
Epoch 064 with LR 0.000100: Model Results
----------------------------------------
Train MSE Loss: 0.2017, Train CLS Loss: 0.0000, Train MCLS Loss: 0.0000
Protein Cluster Region Loss - Ortho Loss: 0.0000, Cluster Loss: 0.0000
                              
Validation Results: {
    "ci": 0.7087,
    "classification_loss": 0.0,
    "cluster_loss": 0.0,
    "mae": 1.1909,
    "mse": 2.3641,
    "multiclassification_loss": 0.0,
    "ortho_loss": 0.0,
    "pearson": 0.6013,
    "regression_loss": 2.3705,
    "rm2": 0.3173,
    "rmse": 1.5376,
    "sd": 1.4957,
    "spearman": 0.587,
    "spectral_loss": 0.0
}
                              
Test Results: {
    "ci": 0.7105,
    "classification_loss": 0.0,
    "cluster_loss": 0.0,
    "mae": 1.1734,
    "mse": 2.2913,
    "multiclassification_loss": 0.0,
    "ortho_loss": 0.0,
    "pearson": 0.6051,
    "regression_loss": 2.2908,
    "rm2": 0.3392,
    "rmse": 1.5137,
    "sd": 1.4891,
    "spearman": 0.5872,
    "spectral_loss": 0.0
}
                              
                              
----------------------------------------
Epoch 065 with LR 0.000100: Model Results
----------------------------------------
Train MSE Loss: 0.2029, Train CLS Loss: 0.0000, Train MCLS Loss: 0.0000
Protein Cluster Region Loss - Ortho Loss: 0.0000, Cluster Loss: 0.0000
                              
Validation Results: {
    "ci": 0.7146,
    "classification_loss": 0.0,
    "cluster_loss": 0.0,
    "mae": 1.2064,
    "mse": 2.3631,
    "multiclassification_loss": 0.0,
    "ortho_loss": 0.0,
    "pearson": 0.623,
    "regression_loss": 2.3719,
    "rm2": 0.3454,
    "rmse": 1.5373,
    "sd": 1.4643,
    "spearman": 0.6037,
    "spectral_loss": 0.0
}
                              
Test Results: {
    "ci": 0.7105,
    "classification_loss": 0.0,
    "cluster_loss": 0.0,
    "mae": 1.1734,
    "mse": 2.2913,
    "multiclassification_loss": 0.0,
    "ortho_loss": 0.0,
    "pearson": 0.6051,
    "regression_loss": 2.2908,
    "rm2": 0.3392,
    "rmse": 1.5137,
    "sd": 1.4891,
    "spearman": 0.5872,
    "spectral_loss": 0.0
}
                              
                              
----------------------------------------
Epoch 066 with LR 0.000100: Model Results
----------------------------------------
Train MSE Loss: 0.1970, Train CLS Loss: 0.0000, Train MCLS Loss: 0.0000
Protein Cluster Region Loss - Ortho Loss: 0.0000, Cluster Loss: 0.0000
                              
Validation Results: {
    "ci": 0.7182,
    "classification_loss": 0.0,
    "cluster_loss": 0.0,
    "mae": 1.1898,
    "mse": 2.3238,
    "multiclassification_loss": 0.0,
    "ortho_loss": 0.0,
    "pearson": 0.6288,
    "regression_loss": 2.3326,
    "rm2": 0.3385,
    "rmse": 1.5244,
    "sd": 1.4556,
    "spearman": 0.6129,
    "spectral_loss": 0.0
}
                              
Test Results: {
    "ci": 0.7105,
    "classification_loss": 0.0,
    "cluster_loss": 0.0,
    "mae": 1.1734,
    "mse": 2.2913,
    "multiclassification_loss": 0.0,
    "ortho_loss": 0.0,
    "pearson": 0.6051,
    "regression_loss": 2.2908,
    "rm2": 0.3392,
    "rmse": 1.5137,
    "sd": 1.4891,
    "spearman": 0.5872,
    "spectral_loss": 0.0
}
                              
                              
----------------------------------------
Epoch 067 with LR 0.000100: Model Results
----------------------------------------
Train MSE Loss: 0.1965, Train CLS Loss: 0.0000, Train MCLS Loss: 0.0000
Protein Cluster Region Loss - Ortho Loss: 0.0000, Cluster Loss: 0.0000
                              
Validation Results: {
    "ci": 0.7166,
    "classification_loss": 0.0,
    "cluster_loss": 0.0,
    "mae": 1.192,
    "mse": 2.3214,
    "multiclassification_loss": 0.0,
    "ortho_loss": 0.0,
    "pearson": 0.626,
    "regression_loss": 2.33,
    "rm2": 0.3339,
    "rmse": 1.5236,
    "sd": 1.4597,
    "spearman": 0.6096,
    "spectral_loss": 0.0
}
                              
Test Results: {
    "ci": 0.7105,
    "classification_loss": 0.0,
    "cluster_loss": 0.0,
    "mae": 1.1734,
    "mse": 2.2913,
    "multiclassification_loss": 0.0,
    "ortho_loss": 0.0,
    "pearson": 0.6051,
    "regression_loss": 2.2908,
    "rm2": 0.3392,
    "rmse": 1.5137,
    "sd": 1.4891,
    "spearman": 0.5872,
    "spectral_loss": 0.0
}
                              
                              
----------------------------------------
Epoch 068 with LR 0.000100: Model Results
----------------------------------------
Train MSE Loss: 0.1932, Train CLS Loss: 0.0000, Train MCLS Loss: 0.0000
Protein Cluster Region Loss - Ortho Loss: 0.0000, Cluster Loss: 0.0000
                              
Validation Results: {
    "ci": 0.7127,
    "classification_loss": 0.0,
    "cluster_loss": 0.0,
    "mae": 1.1934,
    "mse": 2.3458,
    "multiclassification_loss": 0.0,
    "ortho_loss": 0.0,
    "pearson": 0.6183,
    "regression_loss": 2.353,
    "rm2": 0.3213,
    "rmse": 1.5316,
    "sd": 1.4711,
    "spearman": 0.5984,
    "spectral_loss": 0.0
}
                              
Test Results: {
    "ci": 0.7105,
    "classification_loss": 0.0,
    "cluster_loss": 0.0,
    "mae": 1.1734,
    "mse": 2.2913,
    "multiclassification_loss": 0.0,
    "ortho_loss": 0.0,
    "pearson": 0.6051,
    "regression_loss": 2.2908,
    "rm2": 0.3392,
    "rmse": 1.5137,
    "sd": 1.4891,
    "spearman": 0.5872,
    "spectral_loss": 0.0
}
                              
                              
----------------------------------------
Epoch 069 with LR 0.000100: Model Results
----------------------------------------
Train MSE Loss: 0.1929, Train CLS Loss: 0.0000, Train MCLS Loss: 0.0000
Protein Cluster Region Loss - Ortho Loss: 0.0000, Cluster Loss: 0.0000
                              
Validation Results: {
    "ci": 0.714,
    "classification_loss": 0.0,
    "cluster_loss": 0.0,
    "mae": 1.1794,
    "mse": 2.3221,
    "multiclassification_loss": 0.0,
    "ortho_loss": 0.0,
    "pearson": 0.6179,
    "regression_loss": 2.3286,
    "rm2": 0.3247,
    "rmse": 1.5239,
    "sd": 1.4718,
    "spearman": 0.6013,
    "spectral_loss": 0.0
}
                              
Test Results: {
    "ci": 0.7105,
    "classification_loss": 0.0,
    "cluster_loss": 0.0,
    "mae": 1.1734,
    "mse": 2.2913,
    "multiclassification_loss": 0.0,
    "ortho_loss": 0.0,
    "pearson": 0.6051,
    "regression_loss": 2.2908,
    "rm2": 0.3392,
    "rmse": 1.5137,
    "sd": 1.4891,
    "spearman": 0.5872,
    "spectral_loss": 0.0
}
                              
                              
----------------------------------------
Epoch 070 with LR 0.000100: Model Results
----------------------------------------
Train MSE Loss: 0.1898, Train CLS Loss: 0.0000, Train MCLS Loss: 0.0000
Protein Cluster Region Loss - Ortho Loss: 0.0000, Cluster Loss: 0.0000
                              
Validation Results: {
    "ci": 0.7192,
    "classification_loss": 0.0,
    "cluster_loss": 0.0,
    "mae": 1.1764,
    "mse": 2.2735,
    "multiclassification_loss": 0.0,
    "ortho_loss": 0.0,
    "pearson": 0.632,
    "regression_loss": 2.2808,
    "rm2": 0.3457,
    "rmse": 1.5078,
    "sd": 1.4507,
    "spearman": 0.6147,
    "spectral_loss": 0.0
}
                              
Test Results: {
    "ci": 0.7105,
    "classification_loss": 0.0,
    "cluster_loss": 0.0,
    "mae": 1.1734,
    "mse": 2.2913,
    "multiclassification_loss": 0.0,
    "ortho_loss": 0.0,
    "pearson": 0.6051,
    "regression_loss": 2.2908,
    "rm2": 0.3392,
    "rmse": 1.5137,
    "sd": 1.4891,
    "spearman": 0.5872,
    "spectral_loss": 0.0
}
                              
                              
----------------------------------------
Epoch 071 with LR 0.000100: Model Results
----------------------------------------
Train MSE Loss: 0.1904, Train CLS Loss: 0.0000, Train MCLS Loss: 0.0000
Protein Cluster Region Loss - Ortho Loss: 0.0000, Cluster Loss: 0.0000
                              
Validation Results: {
    "ci": 0.7152,
    "classification_loss": 0.0,
    "cluster_loss": 0.0,
    "mae": 1.2069,
    "mse": 2.3891,
    "multiclassification_loss": 0.0,
    "ortho_loss": 0.0,
    "pearson": 0.6185,
    "regression_loss": 2.4004,
    "rm2": 0.3332,
    "rmse": 1.5457,
    "sd": 1.4708,
    "spearman": 0.6036,
    "spectral_loss": 0.0
}
                              
Test Results: {
    "ci": 0.7105,
    "classification_loss": 0.0,
    "cluster_loss": 0.0,
    "mae": 1.1734,
    "mse": 2.2913,
    "multiclassification_loss": 0.0,
    "ortho_loss": 0.0,
    "pearson": 0.6051,
    "regression_loss": 2.2908,
    "rm2": 0.3392,
    "rmse": 1.5137,
    "sd": 1.4891,
    "spearman": 0.5872,
    "spectral_loss": 0.0
}
                              
                              
----------------------------------------
Epoch 072 with LR 0.000100: Model Results
----------------------------------------
Train MSE Loss: 0.1843, Train CLS Loss: 0.0000, Train MCLS Loss: 0.0000
Protein Cluster Region Loss - Ortho Loss: 0.0000, Cluster Loss: 0.0000
                              
Validation Results: {
    "ci": 0.7145,
    "classification_loss": 0.0,
    "cluster_loss": 0.0,
    "mae": 1.1903,
    "mse": 2.3433,
    "multiclassification_loss": 0.0,
    "ortho_loss": 0.0,
    "pearson": 0.6192,
    "regression_loss": 2.3518,
    "rm2": 0.3344,
    "rmse": 1.5308,
    "sd": 1.4698,
    "spearman": 0.604,
    "spectral_loss": 0.0
}
                              
Test Results: {
    "ci": 0.7105,
    "classification_loss": 0.0,
    "cluster_loss": 0.0,
    "mae": 1.1734,
    "mse": 2.2913,
    "multiclassification_loss": 0.0,
    "ortho_loss": 0.0,
    "pearson": 0.6051,
    "regression_loss": 2.2908,
    "rm2": 0.3392,
    "rmse": 1.5137,
    "sd": 1.4891,
    "spearman": 0.5872,
    "spectral_loss": 0.0
}
                              
                              
----------------------------------------
Epoch 073 with LR 0.000100: Model Results
----------------------------------------
Train MSE Loss: 0.1849, Train CLS Loss: 0.0000, Train MCLS Loss: 0.0000
Protein Cluster Region Loss - Ortho Loss: 0.0000, Cluster Loss: 0.0000
                              
Validation Results: {
    "ci": 0.7181,
    "classification_loss": 0.0,
    "cluster_loss": 0.0,
    "mae": 1.1956,
    "mse": 2.3727,
    "multiclassification_loss": 0.0,
    "ortho_loss": 0.0,
    "pearson": 0.6215,
    "regression_loss": 2.3823,
    "rm2": 0.3216,
    "rmse": 1.5403,
    "sd": 1.4664,
    "spearman": 0.6126,
    "spectral_loss": 0.0
}
                              
Test Results: {
    "ci": 0.7105,
    "classification_loss": 0.0,
    "cluster_loss": 0.0,
    "mae": 1.1734,
    "mse": 2.2913,
    "multiclassification_loss": 0.0,
    "ortho_loss": 0.0,
    "pearson": 0.6051,
    "regression_loss": 2.2908,
    "rm2": 0.3392,
    "rmse": 1.5137,
    "sd": 1.4891,
    "spearman": 0.5872,
    "spectral_loss": 0.0
}
                              
                              
----------------------------------------
Epoch 074 with LR 0.000100: Model Results
----------------------------------------
Train MSE Loss: 0.1826, Train CLS Loss: 0.0000, Train MCLS Loss: 0.0000
Protein Cluster Region Loss - Ortho Loss: 0.0000, Cluster Loss: 0.0000
                              
Validation Results: {
    "ci": 0.7145,
    "classification_loss": 0.0,
    "cluster_loss": 0.0,
    "mae": 1.1953,
    "mse": 2.3632,
    "multiclassification_loss": 0.0,
    "ortho_loss": 0.0,
    "pearson": 0.6185,
    "regression_loss": 2.3735,
    "rm2": 0.3316,
    "rmse": 1.5373,
    "sd": 1.4709,
    "spearman": 0.6033,
    "spectral_loss": 0.0
}
                              
Test Results: {
    "ci": 0.7105,
    "classification_loss": 0.0,
    "cluster_loss": 0.0,
    "mae": 1.1734,
    "mse": 2.2913,
    "multiclassification_loss": 0.0,
    "ortho_loss": 0.0,
    "pearson": 0.6051,
    "regression_loss": 2.2908,
    "rm2": 0.3392,
    "rmse": 1.5137,
    "sd": 1.4891,
    "spearman": 0.5872,
    "spectral_loss": 0.0
}
                              
                              
----------------------------------------
Epoch 075 with LR 0.000100: Model Results
----------------------------------------
Train MSE Loss: 0.1811, Train CLS Loss: 0.0000, Train MCLS Loss: 0.0000
Protein Cluster Region Loss - Ortho Loss: 0.0000, Cluster Loss: 0.0000
                              
Validation Results: {
    "ci": 0.7123,
    "classification_loss": 0.0,
    "cluster_loss": 0.0,
    "mae": 1.1989,
    "mse": 2.3885,
    "multiclassification_loss": 0.0,
    "ortho_loss": 0.0,
    "pearson": 0.6177,
    "regression_loss": 2.4004,
    "rm2": 0.3258,
    "rmse": 1.5455,
    "sd": 1.4721,
    "spearman": 0.5974,
    "spectral_loss": 0.0
}
                              
Test Results: {
    "ci": 0.7105,
    "classification_loss": 0.0,
    "cluster_loss": 0.0,
    "mae": 1.1734,
    "mse": 2.2913,
    "multiclassification_loss": 0.0,
    "ortho_loss": 0.0,
    "pearson": 0.6051,
    "regression_loss": 2.2908,
    "rm2": 0.3392,
    "rmse": 1.5137,
    "sd": 1.4891,
    "spearman": 0.5872,
    "spectral_loss": 0.0
}
                              
                              
----------------------------------------
Epoch 076 with LR 0.000100: Model Results
----------------------------------------
Train MSE Loss: 0.1796, Train CLS Loss: 0.0000, Train MCLS Loss: 0.0000
Protein Cluster Region Loss - Ortho Loss: 0.0000, Cluster Loss: 0.0000
                              
Validation Results: {
    "ci": 0.7142,
    "classification_loss": 0.0,
    "cluster_loss": 0.0,
    "mae": 1.186,
    "mse": 2.3269,
    "multiclassification_loss": 0.0,
    "ortho_loss": 0.0,
    "pearson": 0.6202,
    "regression_loss": 2.3362,
    "rm2": 0.3337,
    "rmse": 1.5254,
    "sd": 1.4684,
    "spearman": 0.6021,
    "spectral_loss": 0.0
}
                              
Test Results: {
    "ci": 0.7105,
    "classification_loss": 0.0,
    "cluster_loss": 0.0,
    "mae": 1.1734,
    "mse": 2.2913,
    "multiclassification_loss": 0.0,
    "ortho_loss": 0.0,
    "pearson": 0.6051,
    "regression_loss": 2.2908,
    "rm2": 0.3392,
    "rmse": 1.5137,
    "sd": 1.4891,
    "spearman": 0.5872,
    "spectral_loss": 0.0
}
                              
                              
----------------------------------------
Epoch 077 with LR 0.000100: Model Results
----------------------------------------
Train MSE Loss: 0.1778, Train CLS Loss: 0.0000, Train MCLS Loss: 0.0000
Protein Cluster Region Loss - Ortho Loss: 0.0000, Cluster Loss: 0.0000
                              
Validation Results: {
    "ci": 0.7186,
    "classification_loss": 0.0,
    "cluster_loss": 0.0,
    "mae": 1.1735,
    "mse": 2.2899,
    "multiclassification_loss": 0.0,
    "ortho_loss": 0.0,
    "pearson": 0.6276,
    "regression_loss": 2.2977,
    "rm2": 0.3319,
    "rmse": 1.5132,
    "sd": 1.4573,
    "spearman": 0.613,
    "spectral_loss": 0.0
}
                              
Test Results: {
    "ci": 0.7105,
    "classification_loss": 0.0,
    "cluster_loss": 0.0,
    "mae": 1.1734,
    "mse": 2.2913,
    "multiclassification_loss": 0.0,
    "ortho_loss": 0.0,
    "pearson": 0.6051,
    "regression_loss": 2.2908,
    "rm2": 0.3392,
    "rmse": 1.5137,
    "sd": 1.4891,
    "spearman": 0.5872,
    "spectral_loss": 0.0
}
                              
                              
----------------------------------------
Epoch 078 with LR 0.000100: Model Results
----------------------------------------
Train MSE Loss: 0.1768, Train CLS Loss: 0.0000, Train MCLS Loss: 0.0000
Protein Cluster Region Loss - Ortho Loss: 0.0000, Cluster Loss: 0.0000
                              
Validation Results: {
    "ci": 0.7137,
    "classification_loss": 0.0,
    "cluster_loss": 0.0,
    "mae": 1.185,
    "mse": 2.3329,
    "multiclassification_loss": 0.0,
    "ortho_loss": 0.0,
    "pearson": 0.6165,
    "regression_loss": 2.3405,
    "rm2": 0.3198,
    "rmse": 1.5274,
    "sd": 1.4738,
    "spearman": 0.6014,
    "spectral_loss": 0.0
}
                              
Test Results: {
    "ci": 0.7105,
    "classification_loss": 0.0,
    "cluster_loss": 0.0,
    "mae": 1.1734,
    "mse": 2.2913,
    "multiclassification_loss": 0.0,
    "ortho_loss": 0.0,
    "pearson": 0.6051,
    "regression_loss": 2.2908,
    "rm2": 0.3392,
    "rmse": 1.5137,
    "sd": 1.4891,
    "spearman": 0.5872,
    "spectral_loss": 0.0
}
                              
                              
----------------------------------------
Epoch 079 with LR 0.000100: Model Results
----------------------------------------
Train MSE Loss: 0.1778, Train CLS Loss: 0.0000, Train MCLS Loss: 0.0000
Protein Cluster Region Loss - Ortho Loss: 0.0000, Cluster Loss: 0.0000
                              
Validation Results: {
    "ci": 0.7149,
    "classification_loss": 0.0,
    "cluster_loss": 0.0,
    "mae": 1.1917,
    "mse": 2.3763,
    "multiclassification_loss": 0.0,
    "ortho_loss": 0.0,
    "pearson": 0.621,
    "regression_loss": 2.3865,
    "rm2": 0.3195,
    "rmse": 1.5415,
    "sd": 1.4673,
    "spearman": 0.6044,
    "spectral_loss": 0.0
}
                              
Test Results: {
    "ci": 0.7105,
    "classification_loss": 0.0,
    "cluster_loss": 0.0,
    "mae": 1.1734,
    "mse": 2.2913,
    "multiclassification_loss": 0.0,
    "ortho_loss": 0.0,
    "pearson": 0.6051,
    "regression_loss": 2.2908,
    "rm2": 0.3392,
    "rmse": 1.5137,
    "sd": 1.4891,
    "spearman": 0.5872,
    "spectral_loss": 0.0
}
                              
                              
----------------------------------------
Epoch 080 with LR 0.000100: Model Results
----------------------------------------
Train MSE Loss: 0.1712, Train CLS Loss: 0.0000, Train MCLS Loss: 0.0000
Protein Cluster Region Loss - Ortho Loss: 0.0000, Cluster Loss: 0.0000
                              
Validation Results: {
    "ci": 0.715,
    "classification_loss": 0.0,
    "cluster_loss": 0.0,
    "mae": 1.1936,
    "mse": 2.3336,
    "multiclassification_loss": 0.0,
    "ortho_loss": 0.0,
    "pearson": 0.625,
    "regression_loss": 2.343,
    "rm2": 0.3343,
    "rmse": 1.5276,
    "sd": 1.4613,
    "spearman": 0.6056,
    "spectral_loss": 0.0
}
                              
Test Results: {
    "ci": 0.7105,
    "classification_loss": 0.0,
    "cluster_loss": 0.0,
    "mae": 1.1734,
    "mse": 2.2913,
    "multiclassification_loss": 0.0,
    "ortho_loss": 0.0,
    "pearson": 0.6051,
    "regression_loss": 2.2908,
    "rm2": 0.3392,
    "rmse": 1.5137,
    "sd": 1.4891,
    "spearman": 0.5872,
    "spectral_loss": 0.0
}
                              
                              
----------------------------------------
Epoch 081 with LR 0.000100: Model Results
----------------------------------------
Train MSE Loss: 0.1700, Train CLS Loss: 0.0000, Train MCLS Loss: 0.0000
Protein Cluster Region Loss - Ortho Loss: 0.0000, Cluster Loss: 0.0000
                              
Validation Results: {
    "ci": 0.7155,
    "classification_loss": 0.0,
    "cluster_loss": 0.0,
    "mae": 1.1885,
    "mse": 2.3468,
    "multiclassification_loss": 0.0,
    "ortho_loss": 0.0,
    "pearson": 0.6172,
    "regression_loss": 2.355,
    "rm2": 0.3235,
    "rmse": 1.5319,
    "sd": 1.4728,
    "spearman": 0.6069,
    "spectral_loss": 0.0
}
                              
Test Results: {
    "ci": 0.7105,
    "classification_loss": 0.0,
    "cluster_loss": 0.0,
    "mae": 1.1734,
    "mse": 2.2913,
    "multiclassification_loss": 0.0,
    "ortho_loss": 0.0,
    "pearson": 0.6051,
    "regression_loss": 2.2908,
    "rm2": 0.3392,
    "rmse": 1.5137,
    "sd": 1.4891,
    "spearman": 0.5872,
    "spectral_loss": 0.0
}
                              
                              
----------------------------------------
Epoch 082 with LR 0.000100: Model Results
----------------------------------------
Train MSE Loss: 0.1713, Train CLS Loss: 0.0000, Train MCLS Loss: 0.0000
Protein Cluster Region Loss - Ortho Loss: 0.0000, Cluster Loss: 0.0000
                              
Validation Results: {
    "ci": 0.7166,
    "classification_loss": 0.0,
    "cluster_loss": 0.0,
    "mae": 1.1939,
    "mse": 2.3627,
    "multiclassification_loss": 0.0,
    "ortho_loss": 0.0,
    "pearson": 0.6231,
    "regression_loss": 2.3736,
    "rm2": 0.319,
    "rmse": 1.5371,
    "sd": 1.4641,
    "spearman": 0.6085,
    "spectral_loss": 0.0
}
                              
Test Results: {
    "ci": 0.7105,
    "classification_loss": 0.0,
    "cluster_loss": 0.0,
    "mae": 1.1734,
    "mse": 2.2913,
    "multiclassification_loss": 0.0,
    "ortho_loss": 0.0,
    "pearson": 0.6051,
    "regression_loss": 2.2908,
    "rm2": 0.3392,
    "rmse": 1.5137,
    "sd": 1.4891,
    "spearman": 0.5872,
    "spectral_loss": 0.0
}
                              
                              
----------------------------------------
Epoch 083 with LR 0.000100: Model Results
----------------------------------------
Train MSE Loss: 0.1688, Train CLS Loss: 0.0000, Train MCLS Loss: 0.0000
Protein Cluster Region Loss - Ortho Loss: 0.0000, Cluster Loss: 0.0000
                              
Validation Results: {
    "ci": 0.7151,
    "classification_loss": 0.0,
    "cluster_loss": 0.0,
    "mae": 1.2037,
    "mse": 2.3721,
    "multiclassification_loss": 0.0,
    "ortho_loss": 0.0,
    "pearson": 0.6228,
    "regression_loss": 2.3819,
    "rm2": 0.3374,
    "rmse": 1.5402,
    "sd": 1.4645,
    "spearman": 0.6064,
    "spectral_loss": 0.0
}
                              
Test Results: {
    "ci": 0.7105,
    "classification_loss": 0.0,
    "cluster_loss": 0.0,
    "mae": 1.1734,
    "mse": 2.2913,
    "multiclassification_loss": 0.0,
    "ortho_loss": 0.0,
    "pearson": 0.6051,
    "regression_loss": 2.2908,
    "rm2": 0.3392,
    "rmse": 1.5137,
    "sd": 1.4891,
    "spearman": 0.5872,
    "spectral_loss": 0.0
}
                              
                              
----------------------------------------
Epoch 084 with LR 0.000100: Model Results
----------------------------------------
Train MSE Loss: 0.1654, Train CLS Loss: 0.0000, Train MCLS Loss: 0.0000
Protein Cluster Region Loss - Ortho Loss: 0.0000, Cluster Loss: 0.0000
                              
Validation Results: {
    "ci": 0.7166,
    "classification_loss": 0.0,
    "cluster_loss": 0.0,
    "mae": 1.1827,
    "mse": 2.31,
    "multiclassification_loss": 0.0,
    "ortho_loss": 0.0,
    "pearson": 0.6228,
    "regression_loss": 2.318,
    "rm2": 0.3437,
    "rmse": 1.5199,
    "sd": 1.4646,
    "spearman": 0.6091,
    "spectral_loss": 0.0
}
                              
Test Results: {
    "ci": 0.7105,
    "classification_loss": 0.0,
    "cluster_loss": 0.0,
    "mae": 1.1734,
    "mse": 2.2913,
    "multiclassification_loss": 0.0,
    "ortho_loss": 0.0,
    "pearson": 0.6051,
    "regression_loss": 2.2908,
    "rm2": 0.3392,
    "rmse": 1.5137,
    "sd": 1.4891,
    "spearman": 0.5872,
    "spectral_loss": 0.0
}
                              
                              
----------------------------------------
Epoch 085 with LR 0.000100: Model Results
----------------------------------------
Train MSE Loss: 0.1675, Train CLS Loss: 0.0000, Train MCLS Loss: 0.0000
Protein Cluster Region Loss - Ortho Loss: 0.0000, Cluster Loss: 0.0000
                              
Validation Results: {
    "ci": 0.7179,
    "classification_loss": 0.0,
    "cluster_loss": 0.0,
    "mae": 1.1788,
    "mse": 2.3239,
    "multiclassification_loss": 0.0,
    "ortho_loss": 0.0,
    "pearson": 0.6267,
    "regression_loss": 2.3328,
    "rm2": 0.3265,
    "rmse": 1.5244,
    "sd": 1.4586,
    "spearman": 0.6122,
    "spectral_loss": 0.0
}
                              
Test Results: {
    "ci": 0.7105,
    "classification_loss": 0.0,
    "cluster_loss": 0.0,
    "mae": 1.1734,
    "mse": 2.2913,
    "multiclassification_loss": 0.0,
    "ortho_loss": 0.0,
    "pearson": 0.6051,
    "regression_loss": 2.2908,
    "rm2": 0.3392,
    "rmse": 1.5137,
    "sd": 1.4891,
    "spearman": 0.5872,
    "spectral_loss": 0.0
}
                              
                              
----------------------------------------
Epoch 086 with LR 0.000100: Model Results
----------------------------------------
Train MSE Loss: 0.1647, Train CLS Loss: 0.0000, Train MCLS Loss: 0.0000
Protein Cluster Region Loss - Ortho Loss: 0.0000, Cluster Loss: 0.0000
                              
Validation Results: {
    "ci": 0.7108,
    "classification_loss": 0.0,
    "cluster_loss": 0.0,
    "mae": 1.2065,
    "mse": 2.4121,
    "multiclassification_loss": 0.0,
    "ortho_loss": 0.0,
    "pearson": 0.6128,
    "regression_loss": 2.4208,
    "rm2": 0.3234,
    "rmse": 1.5531,
    "sd": 1.4793,
    "spearman": 0.5933,
    "spectral_loss": 0.0
}
                              
Test Results: {
    "ci": 0.7105,
    "classification_loss": 0.0,
    "cluster_loss": 0.0,
    "mae": 1.1734,
    "mse": 2.2913,
    "multiclassification_loss": 0.0,
    "ortho_loss": 0.0,
    "pearson": 0.6051,
    "regression_loss": 2.2908,
    "rm2": 0.3392,
    "rmse": 1.5137,
    "sd": 1.4891,
    "spearman": 0.5872,
    "spectral_loss": 0.0
}
                              
                              
----------------------------------------
Epoch 087 with LR 0.000100: Model Results
----------------------------------------
Train MSE Loss: 0.1624, Train CLS Loss: 0.0000, Train MCLS Loss: 0.0000
Protein Cluster Region Loss - Ortho Loss: 0.0000, Cluster Loss: 0.0000
                              
Validation Results: {
    "ci": 0.7158,
    "classification_loss": 0.0,
    "cluster_loss": 0.0,
    "mae": 1.1906,
    "mse": 2.3284,
    "multiclassification_loss": 0.0,
    "ortho_loss": 0.0,
    "pearson": 0.623,
    "regression_loss": 2.3374,
    "rm2": 0.333,
    "rmse": 1.5259,
    "sd": 1.4642,
    "spearman": 0.6066,
    "spectral_loss": 0.0
}
                              
Test Results: {
    "ci": 0.7105,
    "classification_loss": 0.0,
    "cluster_loss": 0.0,
    "mae": 1.1734,
    "mse": 2.2913,
    "multiclassification_loss": 0.0,
    "ortho_loss": 0.0,
    "pearson": 0.6051,
    "regression_loss": 2.2908,
    "rm2": 0.3392,
    "rmse": 1.5137,
    "sd": 1.4891,
    "spearman": 0.5872,
    "spectral_loss": 0.0
}
                              
                              
----------------------------------------
Epoch 088 with LR 0.000100: Model Results
----------------------------------------
Train MSE Loss: 0.1632, Train CLS Loss: 0.0000, Train MCLS Loss: 0.0000
Protein Cluster Region Loss - Ortho Loss: 0.0000, Cluster Loss: 0.0000
                              
Validation Results: {
    "ci": 0.7148,
    "classification_loss": 0.0,
    "cluster_loss": 0.0,
    "mae": 1.1898,
    "mse": 2.3442,
    "multiclassification_loss": 0.0,
    "ortho_loss": 0.0,
    "pearson": 0.6185,
    "regression_loss": 2.3536,
    "rm2": 0.3298,
    "rmse": 1.5311,
    "sd": 1.4709,
    "spearman": 0.6039,
    "spectral_loss": 0.0
}
                              
Test Results: {
    "ci": 0.7105,
    "classification_loss": 0.0,
    "cluster_loss": 0.0,
    "mae": 1.1734,
    "mse": 2.2913,
    "multiclassification_loss": 0.0,
    "ortho_loss": 0.0,
    "pearson": 0.6051,
    "regression_loss": 2.2908,
    "rm2": 0.3392,
    "rmse": 1.5137,
    "sd": 1.4891,
    "spearman": 0.5872,
    "spectral_loss": 0.0
}
                              
                              
----------------------------------------
Epoch 089 with LR 0.000100: Model Results
----------------------------------------
Train MSE Loss: 0.1600, Train CLS Loss: 0.0000, Train MCLS Loss: 0.0000
Protein Cluster Region Loss - Ortho Loss: 0.0000, Cluster Loss: 0.0000
                              
Validation Results: {
    "ci": 0.72,
    "classification_loss": 0.0,
    "cluster_loss": 0.0,
    "mae": 1.1817,
    "mse": 2.2997,
    "multiclassification_loss": 0.0,
    "ortho_loss": 0.0,
    "pearson": 0.6343,
    "regression_loss": 2.3077,
    "rm2": 0.3438,
    "rmse": 1.5165,
    "sd": 1.4472,
    "spearman": 0.6174,
    "spectral_loss": 0.0
}
                              
Test Results: {
    "ci": 0.7105,
    "classification_loss": 0.0,
    "cluster_loss": 0.0,
    "mae": 1.1734,
    "mse": 2.2913,
    "multiclassification_loss": 0.0,
    "ortho_loss": 0.0,
    "pearson": 0.6051,
    "regression_loss": 2.2908,
    "rm2": 0.3392,
    "rmse": 1.5137,
    "sd": 1.4891,
    "spearman": 0.5872,
    "spectral_loss": 0.0
}
                              
                              
----------------------------------------
Epoch 090 with LR 0.000100: Model Results
----------------------------------------
Train MSE Loss: 0.1578, Train CLS Loss: 0.0000, Train MCLS Loss: 0.0000
Protein Cluster Region Loss - Ortho Loss: 0.0000, Cluster Loss: 0.0000
                              
Validation Results: {
    "ci": 0.7199,
    "classification_loss": 0.0,
    "cluster_loss": 0.0,
    "mae": 1.1779,
    "mse": 2.2987,
    "multiclassification_loss": 0.0,
    "ortho_loss": 0.0,
    "pearson": 0.6263,
    "regression_loss": 2.3064,
    "rm2": 0.3346,
    "rmse": 1.5162,
    "sd": 1.4592,
    "spearman": 0.6178,
    "spectral_loss": 0.0
}
                              
Test Results: {
    "ci": 0.7105,
    "classification_loss": 0.0,
    "cluster_loss": 0.0,
    "mae": 1.1734,
    "mse": 2.2913,
    "multiclassification_loss": 0.0,
    "ortho_loss": 0.0,
    "pearson": 0.6051,
    "regression_loss": 2.2908,
    "rm2": 0.3392,
    "rmse": 1.5137,
    "sd": 1.4891,
    "spearman": 0.5872,
    "spectral_loss": 0.0
}
                              
                              
----------------------------------------
Epoch 091 with LR 0.000100: Model Results
----------------------------------------
Train MSE Loss: 0.1574, Train CLS Loss: 0.0000, Train MCLS Loss: 0.0000
Protein Cluster Region Loss - Ortho Loss: 0.0000, Cluster Loss: 0.0000
                              
Validation Results: {
    "ci": 0.7162,
    "classification_loss": 0.0,
    "cluster_loss": 0.0,
    "mae": 1.1978,
    "mse": 2.3536,
    "multiclassification_loss": 0.0,
    "ortho_loss": 0.0,
    "pearson": 0.626,
    "regression_loss": 2.3638,
    "rm2": 0.3388,
    "rmse": 1.5342,
    "sd": 1.4598,
    "spearman": 0.607,
    "spectral_loss": 0.0
}
                              
Test Results: {
    "ci": 0.7105,
    "classification_loss": 0.0,
    "cluster_loss": 0.0,
    "mae": 1.1734,
    "mse": 2.2913,
    "multiclassification_loss": 0.0,
    "ortho_loss": 0.0,
    "pearson": 0.6051,
    "regression_loss": 2.2908,
    "rm2": 0.3392,
    "rmse": 1.5137,
    "sd": 1.4891,
    "spearman": 0.5872,
    "spectral_loss": 0.0
}
                              
                              
----------------------------------------
Epoch 092 with LR 0.000100: Model Results
----------------------------------------
Train MSE Loss: 0.1534, Train CLS Loss: 0.0000, Train MCLS Loss: 0.0000
Protein Cluster Region Loss - Ortho Loss: 0.0000, Cluster Loss: 0.0000
                              
Validation Results: {
    "ci": 0.7197,
    "classification_loss": 0.0,
    "cluster_loss": 0.0,
    "mae": 1.1767,
    "mse": 2.2816,
    "multiclassification_loss": 0.0,
    "ortho_loss": 0.0,
    "pearson": 0.6309,
    "regression_loss": 2.2904,
    "rm2": 0.3528,
    "rmse": 1.5105,
    "sd": 1.4524,
    "spearman": 0.6172,
    "spectral_loss": 0.0
}
                              
Test Results: {
    "ci": 0.7105,
    "classification_loss": 0.0,
    "cluster_loss": 0.0,
    "mae": 1.1734,
    "mse": 2.2913,
    "multiclassification_loss": 0.0,
    "ortho_loss": 0.0,
    "pearson": 0.6051,
    "regression_loss": 2.2908,
    "rm2": 0.3392,
    "rmse": 1.5137,
    "sd": 1.4891,
    "spearman": 0.5872,
    "spectral_loss": 0.0
}
                              
                              
----------------------------------------
Epoch 093 with LR 0.000100: Model Results
----------------------------------------
Train MSE Loss: 0.1512, Train CLS Loss: 0.0000, Train MCLS Loss: 0.0000
Protein Cluster Region Loss - Ortho Loss: 0.0000, Cluster Loss: 0.0000
                              
Validation Results: {
    "ci": 0.7149,
    "classification_loss": 0.0,
    "cluster_loss": 0.0,
    "mae": 1.2018,
    "mse": 2.3611,
    "multiclassification_loss": 0.0,
    "ortho_loss": 0.0,
    "pearson": 0.624,
    "regression_loss": 2.3713,
    "rm2": 0.3459,
    "rmse": 1.5366,
    "sd": 1.4628,
    "spearman": 0.6044,
    "spectral_loss": 0.0
}
                              
Test Results: {
    "ci": 0.7105,
    "classification_loss": 0.0,
    "cluster_loss": 0.0,
    "mae": 1.1734,
    "mse": 2.2913,
    "multiclassification_loss": 0.0,
    "ortho_loss": 0.0,
    "pearson": 0.6051,
    "regression_loss": 2.2908,
    "rm2": 0.3392,
    "rmse": 1.5137,
    "sd": 1.4891,
    "spearman": 0.5872,
    "spectral_loss": 0.0
}
                              
                              
----------------------------------------
Epoch 094 with LR 0.000100: Model Results
----------------------------------------
Train MSE Loss: 0.1503, Train CLS Loss: 0.0000, Train MCLS Loss: 0.0000
Protein Cluster Region Loss - Ortho Loss: 0.0000, Cluster Loss: 0.0000
                              
Validation Results: {
    "ci": 0.7164,
    "classification_loss": 0.0,
    "cluster_loss": 0.0,
    "mae": 1.1864,
    "mse": 2.3176,
    "multiclassification_loss": 0.0,
    "ortho_loss": 0.0,
    "pearson": 0.628,
    "regression_loss": 2.327,
    "rm2": 0.34,
    "rmse": 1.5224,
    "sd": 1.4567,
    "spearman": 0.6079,
    "spectral_loss": 0.0
}
                              
Test Results: {
    "ci": 0.7105,
    "classification_loss": 0.0,
    "cluster_loss": 0.0,
    "mae": 1.1734,
    "mse": 2.2913,
    "multiclassification_loss": 0.0,
    "ortho_loss": 0.0,
    "pearson": 0.6051,
    "regression_loss": 2.2908,
    "rm2": 0.3392,
    "rmse": 1.5137,
    "sd": 1.4891,
    "spearman": 0.5872,
    "spectral_loss": 0.0
}
                              
                              
----------------------------------------
Epoch 095 with LR 0.000100: Model Results
----------------------------------------
Train MSE Loss: 0.1462, Train CLS Loss: 0.0000, Train MCLS Loss: 0.0000
Protein Cluster Region Loss - Ortho Loss: 0.0000, Cluster Loss: 0.0000
                              
Validation Results: {
    "ci": 0.714,
    "classification_loss": 0.0,
    "cluster_loss": 0.0,
    "mae": 1.1823,
    "mse": 2.2961,
    "multiclassification_loss": 0.0,
    "ortho_loss": 0.0,
    "pearson": 0.6199,
    "regression_loss": 2.3041,
    "rm2": 0.3341,
    "rmse": 1.5153,
    "sd": 1.4688,
    "spearman": 0.6029,
    "spectral_loss": 0.0
}
                              
Test Results: {
    "ci": 0.7105,
    "classification_loss": 0.0,
    "cluster_loss": 0.0,
    "mae": 1.1734,
    "mse": 2.2913,
    "multiclassification_loss": 0.0,
    "ortho_loss": 0.0,
    "pearson": 0.6051,
    "regression_loss": 2.2908,
    "rm2": 0.3392,
    "rmse": 1.5137,
    "sd": 1.4891,
    "spearman": 0.5872,
    "spectral_loss": 0.0
}
                              
                              
----------------------------------------
Epoch 096 with LR 0.000100: Model Results
----------------------------------------
Train MSE Loss: 0.1525, Train CLS Loss: 0.0000, Train MCLS Loss: 0.0000
Protein Cluster Region Loss - Ortho Loss: 0.0000, Cluster Loss: 0.0000
                              
Validation Results: {
    "ci": 0.7123,
    "classification_loss": 0.0,
    "cluster_loss": 0.0,
    "mae": 1.1926,
    "mse": 2.3709,
    "multiclassification_loss": 0.0,
    "ortho_loss": 0.0,
    "pearson": 0.6136,
    "regression_loss": 2.379,
    "rm2": 0.3164,
    "rmse": 1.5398,
    "sd": 1.4781,
    "spearman": 0.5986,
    "spectral_loss": 0.0
}
                              
Test Results: {
    "ci": 0.7105,
    "classification_loss": 0.0,
    "cluster_loss": 0.0,
    "mae": 1.1734,
    "mse": 2.2913,
    "multiclassification_loss": 0.0,
    "ortho_loss": 0.0,
    "pearson": 0.6051,
    "regression_loss": 2.2908,
    "rm2": 0.3392,
    "rmse": 1.5137,
    "sd": 1.4891,
    "spearman": 0.5872,
    "spectral_loss": 0.0
}
                              
                              
----------------------------------------
Epoch 097 with LR 0.000100: Model Results
----------------------------------------
Train MSE Loss: 0.1477, Train CLS Loss: 0.0000, Train MCLS Loss: 0.0000
Protein Cluster Region Loss - Ortho Loss: 0.0000, Cluster Loss: 0.0000
                              
Validation Results: {
    "ci": 0.7169,
    "classification_loss": 0.0,
    "cluster_loss": 0.0,
    "mae": 1.1812,
    "mse": 2.2873,
    "multiclassification_loss": 0.0,
    "ortho_loss": 0.0,
    "pearson": 0.6313,
    "regression_loss": 2.2962,
    "rm2": 0.3492,
    "rmse": 1.5124,
    "sd": 1.4517,
    "spearman": 0.609,
    "spectral_loss": 0.0
}
                              
Test Results: {
    "ci": 0.7105,
    "classification_loss": 0.0,
    "cluster_loss": 0.0,
    "mae": 1.1734,
    "mse": 2.2913,
    "multiclassification_loss": 0.0,
    "ortho_loss": 0.0,
    "pearson": 0.6051,
    "regression_loss": 2.2908,
    "rm2": 0.3392,
    "rmse": 1.5137,
    "sd": 1.4891,
    "spearman": 0.5872,
    "spectral_loss": 0.0
}
                              
                              
----------------------------------------
Epoch 098 with LR 0.000100: Model Results
----------------------------------------
Train MSE Loss: 0.1428, Train CLS Loss: 0.0000, Train MCLS Loss: 0.0000
Protein Cluster Region Loss - Ortho Loss: 0.0000, Cluster Loss: 0.0000
                              
Validation Results: {
    "ci": 0.7145,
    "classification_loss": 0.0,
    "cluster_loss": 0.0,
    "mae": 1.1941,
    "mse": 2.3512,
    "multiclassification_loss": 0.0,
    "ortho_loss": 0.0,
    "pearson": 0.6203,
    "regression_loss": 2.3605,
    "rm2": 0.3357,
    "rmse": 1.5334,
    "sd": 1.4682,
    "spearman": 0.6031,
    "spectral_loss": 0.0
}
                              
Test Results: {
    "ci": 0.7105,
    "classification_loss": 0.0,
    "cluster_loss": 0.0,
    "mae": 1.1734,
    "mse": 2.2913,
    "multiclassification_loss": 0.0,
    "ortho_loss": 0.0,
    "pearson": 0.6051,
    "regression_loss": 2.2908,
    "rm2": 0.3392,
    "rmse": 1.5137,
    "sd": 1.4891,
    "spearman": 0.5872,
    "spectral_loss": 0.0
}
                              
                              
----------------------------------------
Epoch 099 with LR 0.000100: Model Results
----------------------------------------
Train MSE Loss: 0.1438, Train CLS Loss: 0.0000, Train MCLS Loss: 0.0000
Protein Cluster Region Loss - Ortho Loss: 0.0000, Cluster Loss: 0.0000
                              
Validation Results: {
    "ci": 0.7191,
    "classification_loss": 0.0,
    "cluster_loss": 0.0,
    "mae": 1.1723,
    "mse": 2.2804,
    "multiclassification_loss": 0.0,
    "ortho_loss": 0.0,
    "pearson": 0.6272,
    "regression_loss": 2.2897,
    "rm2": 0.3425,
    "rmse": 1.5101,
    "sd": 1.4578,
    "spearman": 0.6152,
    "spectral_loss": 0.0
}
                              
Test Results: {
    "ci": 0.7105,
    "classification_loss": 0.0,
    "cluster_loss": 0.0,
    "mae": 1.1734,
    "mse": 2.2913,
    "multiclassification_loss": 0.0,
    "ortho_loss": 0.0,
    "pearson": 0.6051,
    "regression_loss": 2.2908,
    "rm2": 0.3392,
    "rmse": 1.5137,
    "sd": 1.4891,
    "spearman": 0.5872,
    "spectral_loss": 0.0
}
                              
                              
----------------------------------------
Epoch 100 with LR 0.000100: Model Results
----------------------------------------
Train MSE Loss: 0.1417, Train CLS Loss: 0.0000, Train MCLS Loss: 0.0000
Protein Cluster Region Loss - Ortho Loss: 0.0000, Cluster Loss: 0.0000
                              
Validation Results: {
    "ci": 0.7158,
    "classification_loss": 0.0,
    "cluster_loss": 0.0,
    "mae": 1.1825,
    "mse": 2.3153,
    "multiclassification_loss": 0.0,
    "ortho_loss": 0.0,
    "pearson": 0.6258,
    "regression_loss": 2.3251,
    "rm2": 0.3361,
    "rmse": 1.5216,
    "sd": 1.46,
    "spearman": 0.6066,
    "spectral_loss": 0.0
}
                              
Test Results: {
    "ci": 0.7105,
    "classification_loss": 0.0,
    "cluster_loss": 0.0,
    "mae": 1.1734,
    "mse": 2.2913,
    "multiclassification_loss": 0.0,
    "ortho_loss": 0.0,
    "pearson": 0.6051,
    "regression_loss": 2.2908,
    "rm2": 0.3392,
    "rmse": 1.5137,
    "sd": 1.4891,
    "spearman": 0.5872,
    "spectral_loss": 0.0
}
[best epoch] epoch=4, best_rmse=1.4523, lr_at_best=1.000e-04
                              
                              
----------------------------------------
Epoch 100 with LR 0.000100: Model Results
----------------------------------------
Train MSE Loss: 0.1417, Train CLS Loss: 0.0000, Train MCLS Loss: 0.0000
Protein Cluster Region Loss - Ortho Loss: 0.0000, Cluster Loss: 0.0000
                              
Validation Results: {
    "ci": 0.7158,
    "classification_loss": 0.0,
    "cluster_loss": 0.0,
    "mae": 1.1825,
    "mse": 2.3153,
    "multiclassification_loss": 0.0,
    "ortho_loss": 0.0,
    "pearson": 0.6258,
    "regression_loss": 2.3251,
    "rm2": 0.3361,
    "rmse": 1.5216,
    "sd": 1.46,
    "spearman": 0.6066,
    "spectral_loss": 0.0
}
                              
Test Results: {
    "ci": 0.7105,
    "classification_loss": 0.0,
    "cluster_loss": 0.0,
    "mae": 1.1734,
    "mse": 2.2913,
    "multiclassification_loss": 0.0,
    "ortho_loss": 0.0,
    "pearson": 0.6051,
    "regression_loss": 2.2908,
    "rm2": 0.3392,
    "rmse": 1.5137,
    "sd": 1.4891,
    "spearman": 0.5872,
    "spectral_loss": 0.0
}
Final test metrics: rmse=1.5137, pearson=0.6051, r2_proxy(mse)=2.2913
Done. Predictions: /sc/arion/projects/DiseaseGeneCell/Huang_lab_project/wangcDrugRepoProject/TRACE_Kin_Results_v3/catpred_dataset/catpred_ki_ProteinCLIP_embedding_cold_protein/test_prediction_seed1.csv; checkpoint: /sc/arion/projects/DiseaseGeneCell/Huang_lab_project/wangcDrugRepoProject/TRACE_Kin_Results_v3/catpred_dataset/catpred_ki_ProteinCLIP_embedding_cold_protein/save_model_seed1/model.pt

==========================================
Array task 12/14: OK (catpred_ki_ProteinCLIP_embedding_cold_protein)
==========================================


PS:

Read file <242590943.12.stderr> for stderr output of this job.

