Sender: LSF System <lsfadmin@lg05e13>
Subject: Job 242614935[2]: <trace_kin_v3_s1[1-14]> in cluster <chimera> Done

Job <trace_kin_v3_s1[1-14]> was submitted from host <li04e01> by user <wangc40> in cluster <chimera> at Fri May  8 16:46:47 2026
Job was executed on host(s) <16*lg05e13>, in queue <gpu>, as user <wangc40> in cluster <chimera> at Fri May  8 16:46:53 2026
</hpc/users/wangc40> was used as the home directory.
</sc/arion/projects/DiseaseGeneCell/Huang_lab_project/wangcDrugRepoProject/TRACE-Kin> was used as the working directory.
Started at Fri May  8 16:46:53 2026
Terminated at Sat May  9 05:20:56 2026
Results reported at Sat May  9 05:20:56 2026

Your job looked like:

------------------------------------------------------------
# LSBATCH: User input
#!/bin/bash
#BSUB -J trace_kin_v3_s1[1-14]
#BSUB -P acc_DiseaseGeneCell
#BSUB -q gpu
#BSUB -R h100nvl
#BSUB -gpu num=1
#BSUB -n 16
#BSUB -R "rusage[mem=8000]"
#BSUB -R "span[hosts=1]"
#BSUB -W 48:00
#BSUB -o %J.%I.stdout
#BSUB -eo %J.%I.stderr
#BSUB -L /bin/bash

# =============================================================================
# TRACE-Kin v3 rerun — LSF job array
# =============================================================================
# Submit with:
#     bsub < training/run_v3_array.lsf
#
# Or chain off the smoke test (recommended):
#     bsub -w "done(<SMOKE_JOB_ID>)" < training/run_v3_array.lsf
#
# For the multi-seed ensemble (the paper config), submit additional seeds in
# parallel after the SEED=1 array completes (or alongside, as separate jobs):
#     SEED=2 bsub -J "trace_kin_v3_s2[1-14]" < training/run_v3_array.lsf
#     SEED=3 bsub -J "trace_kin_v3_s3[1-14]" < training/run_v3_array.lsf
# After all seeds finish, analysis/aggregate_results.py averages predictions
# across seeds before computing RMSE.
#
# LSF expands #BSUB -J trace_kin_v3[1-14] into 14 array tasks, each with a
# distinct ${LSB_JOBINDEX} in 1..14. The body looks up the per-index
# (dataset_source, dataset_name, pool_paths) tuple from the inline table below
# and invokes train_trace_kin.py with model_version=v3.
#
# The 14 tasks correspond to:
#   * 12 RF-gap targets (catalytic kinetics where v1 trails RF by 1.4%–8.7%)
#   * 2 Ki preservation guards (where v1 already wins, must not regress)
# =============================================================================

# --- Environment -------------------------------------------------------------
# Match the prologue of the proven-working PSICHIC LSFs verbatim — no
# `set -euo pipefail`. Mount Sinai's /etc/profile.d scripts return non-zero
# in places that aren't real errors, and errexit aborts the job before
# module + conda activation can complete.
ml purge
source ~/.bashrc
module load anaconda3/2024.06
source activate test
module load cuda/12.4.0

(... more ...)
------------------------------------------------------------

Successfully completed.

Resource usage summary:

    CPU time :                                   45352.00 sec.
    Max Memory :                                 12235 MB
    Average Memory :                             11901.02 MB
    Total Requested Memory :                     128000.00 MB
    Delta Memory :                               115765.00 MB
    Max Swap :                                   -
    Max Processes :                              4
    Max Threads :                                20
    Run time :                                   45243 sec.
    Turnaround time :                            45249 sec.

The output (if any) follows:

==========================================
TRACE-Kin v3 array task 2/14
==========================================
Date:        Fri May  8 16:46:56 EDT 2026
Dataset:     /sc/arion/projects/DiseaseGeneCell/Huang_lab_project/drug_discovery/output/data/enzyme_embeddings_dataset/EITLEM_dataset/EITLEM_km_ProteinCLIP_embedding_cold_protein
Result:      /sc/arion/projects/DiseaseGeneCell/Huang_lab_project/wangcDrugRepoProject/TRACE_Kin_Results_v3/EITLEM_dataset/EITLEM_km_ProteinCLIP_embedding_cold_protein
Config:      training/config_v3.json
Pool CSVs:   /sc/arion/projects/DiseaseGeneCell/Huang_lab_project/drug_discovery/output/data/enzyme_embeddings_dataset/MPEK_dataset/MPEK_km_ProteinCLIP_embedding_cold_protein,/sc/arion/projects/DiseaseGeneCell/Huang_lab_project/drug_discovery/output/data/enzyme_embeddings_dataset/catpred_dataset/catpred_km_ProteinCLIP_embedding_cold_protein
Model:       v3 (dual-head + learned gate)
Epochs:      100, batch=16, seed=1, lr=1e-4
==========================================
Python 3.12.2
Python: /sc/arion/work/wangc40/test-env/envs/test/bin/python
CUDA device: NVIDIA H100 80GB HBM3, sm_90
============================================================
TRACE-Kin training
============================================================
Datafolder:        /sc/arion/projects/DiseaseGeneCell/Huang_lab_project/drug_discovery/output/data/enzyme_embeddings_dataset/EITLEM_dataset/EITLEM_km_ProteinCLIP_embedding_cold_protein
Result path:       /sc/arion/projects/DiseaseGeneCell/Huang_lab_project/wangcDrugRepoProject/TRACE_Kin_Results_v3/EITLEM_dataset/EITLEM_km_ProteinCLIP_embedding_cold_protein
Config:            training/config_v3.json
Pool train CSVs:   /sc/arion/projects/DiseaseGeneCell/Huang_lab_project/drug_discovery/output/data/enzyme_embeddings_dataset/MPEK_dataset/MPEK_km_ProteinCLIP_embedding_cold_protein,/sc/arion/projects/DiseaseGeneCell/Huang_lab_project/drug_discovery/output/data/enzyme_embeddings_dataset/catpred_dataset/catpred_km_ProteinCLIP_embedding_cold_protein
============================================================
Loading primary train: /sc/arion/projects/DiseaseGeneCell/Huang_lab_project/drug_discovery/output/data/enzyme_embeddings_dataset/EITLEM_dataset/EITLEM_km_ProteinCLIP_embedding_cold_protein/train.parquet
Loading primary test: /sc/arion/projects/DiseaseGeneCell/Huang_lab_project/drug_discovery/output/data/enzyme_embeddings_dataset/EITLEM_dataset/EITLEM_km_ProteinCLIP_embedding_cold_protein/test.parquet
Loading primary val: /sc/arion/projects/DiseaseGeneCell/Huang_lab_project/drug_discovery/output/data/enzyme_embeddings_dataset/EITLEM_dataset/EITLEM_km_ProteinCLIP_embedding_cold_protein/val.parquet
Pooling additional train from: /sc/arion/projects/DiseaseGeneCell/Huang_lab_project/drug_discovery/output/data/enzyme_embeddings_dataset/MPEK_dataset/MPEK_km_ProteinCLIP_embedding_cold_protein/train.parquet
Pooling additional train from: /sc/arion/projects/DiseaseGeneCell/Huang_lab_project/drug_discovery/output/data/enzyme_embeddings_dataset/catpred_dataset/catpred_km_ProteinCLIP_embedding_cold_protein/train.parquet
Pooled training set: 20527 -> 66162 rows from 2 extra dataset(s).
Detected prot_evo_channels = 128
seq2feat: 20869 unique sequences.
model_version: v3, use_swa: False
Building protein graphs from scratch (this can be slow)...
U, B, O, or 0 in Sequence
U, B, O, or 0 in Sequence
U, B, O, or 0 in Sequence
U, B, O, or 0 in Sequence
U, B, O, or 0 in Sequence
U, B, O, or 0 in Sequence
U, B, O, or 0 in Sequence
U, B, O, or 0 in Sequence
U, B, O, or 0 in Sequence
U, B, O, or 0 in Sequence
U, B, O, or 0 in Sequence
U, B, O, or 0 in Sequence
U, B, O, or 0 in Sequence
U, B, O, or 0 in Sequence
U, B, O, or 0 in Sequence
U, B, O, or 0 in Sequence
U, B, O, or 0 in Sequence
U, B, O, or 0 in Sequence
U, B, O, or 0 in Sequence
U, B, O, or 0 in Sequence
Building ligand graphs from scratch...
loaders ready: train=4136 test=367 val=184
Computing PNA degrees from training data...
Built TraceKinV3 with 6,852,123 parameters
[LR schedule] schedule_lr=False, lrate=0.0001, min_lrate=0, warmup_iters=0, lr_decay_iters=413600, total_iters=413600
Not in terminal, reprint now using normal build-in print function.
                              
                              
----------------------------------------
Epoch 001 with LR 0.000100: Model Results
----------------------------------------
Train MSE Loss: 1.0021, Train CLS Loss: 0.0000, Train MCLS Loss: 0.0000
Protein Cluster Region Loss - Ortho Loss: 0.0000, Cluster Loss: 0.0000
                              
Validation Results: {
    "ci": 0.7462,
    "classification_loss": 0.0,
    "cluster_loss": 0.0,
    "mae": 0.731,
    "mse": 0.9825,
    "multiclassification_loss": 0.0,
    "ortho_loss": 0.0,
    "pearson": 0.6611,
    "regression_loss": 1.0001,
    "rm2": 0.4178,
    "rmse": 0.9912,
    "sd": 0.9894,
    "spearman": 0.673,
    "spectral_loss": 0.0
}
                              
Test Results: {
    "ci": 0.7339,
    "classification_loss": 0.0,
    "cluster_loss": 0.0,
    "mae": 0.7489,
    "mse": 1.0312,
    "multiclassification_loss": 0.0,
    "ortho_loss": 0.0,
    "pearson": 0.6274,
    "regression_loss": 1.0308,
    "rm2": 0.3641,
    "rmse": 1.0155,
    "sd": 1.0089,
    "spearman": 0.6407,
    "spectral_loss": 0.0
}
                              
                              
----------------------------------------
Epoch 002 with LR 0.000100: Model Results
----------------------------------------
Train MSE Loss: 0.8391, Train CLS Loss: 0.0000, Train MCLS Loss: 0.0000
Protein Cluster Region Loss - Ortho Loss: 0.0000, Cluster Loss: 0.0000
                              
Validation Results: {
    "ci": 0.7619,
    "classification_loss": 0.0,
    "cluster_loss": 0.0,
    "mae": 0.7075,
    "mse": 0.915,
    "multiclassification_loss": 0.0,
    "ortho_loss": 0.0,
    "pearson": 0.6951,
    "regression_loss": 0.9331,
    "rm2": 0.449,
    "rmse": 0.9566,
    "sd": 0.948,
    "spearman": 0.7071,
    "spectral_loss": 0.0
}
                              
Test Results: {
    "ci": 0.7492,
    "classification_loss": 0.0,
    "cluster_loss": 0.0,
    "mae": 0.717,
    "mse": 0.9513,
    "multiclassification_loss": 0.0,
    "ortho_loss": 0.0,
    "pearson": 0.6648,
    "regression_loss": 0.9511,
    "rm2": 0.422,
    "rmse": 0.9754,
    "sd": 0.9678,
    "spearman": 0.6749,
    "spectral_loss": 0.0
}
                              
                              
----------------------------------------
Epoch 003 with LR 0.000100: Model Results
----------------------------------------
Train MSE Loss: 0.7645, Train CLS Loss: 0.0000, Train MCLS Loss: 0.0000
Protein Cluster Region Loss - Ortho Loss: 0.0000, Cluster Loss: 0.0000
                              
Validation Results: {
    "ci": 0.7689,
    "classification_loss": 0.0,
    "cluster_loss": 0.0,
    "mae": 0.6781,
    "mse": 0.8476,
    "multiclassification_loss": 0.0,
    "ortho_loss": 0.0,
    "pearson": 0.7163,
    "regression_loss": 0.8637,
    "rm2": 0.4997,
    "rmse": 0.9207,
    "sd": 0.9202,
    "spearman": 0.7222,
    "spectral_loss": 0.0
}
                              
Test Results: {
    "ci": 0.7581,
    "classification_loss": 0.0,
    "cluster_loss": 0.0,
    "mae": 0.6923,
    "mse": 0.8849,
    "multiclassification_loss": 0.0,
    "ortho_loss": 0.0,
    "pearson": 0.6878,
    "regression_loss": 0.8847,
    "rm2": 0.4712,
    "rmse": 0.9407,
    "sd": 0.9404,
    "spearman": 0.6959,
    "spectral_loss": 0.0
}
                              
                              
----------------------------------------
Epoch 004 with LR 0.000100: Model Results
----------------------------------------
Train MSE Loss: 0.7088, Train CLS Loss: 0.0000, Train MCLS Loss: 0.0000
Protein Cluster Region Loss - Ortho Loss: 0.0000, Cluster Loss: 0.0000
                              
Validation Results: {
    "ci": 0.7773,
    "classification_loss": 0.0,
    "cluster_loss": 0.0,
    "mae": 0.6593,
    "mse": 0.8141,
    "multiclassification_loss": 0.0,
    "ortho_loss": 0.0,
    "pearson": 0.7346,
    "regression_loss": 0.8293,
    "rm2": 0.4902,
    "rmse": 0.9023,
    "sd": 0.8947,
    "spearman": 0.7392,
    "spectral_loss": 0.0
}
                              
Test Results: {
    "ci": 0.7684,
    "classification_loss": 0.0,
    "cluster_loss": 0.0,
    "mae": 0.6684,
    "mse": 0.8581,
    "multiclassification_loss": 0.0,
    "ortho_loss": 0.0,
    "pearson": 0.706,
    "regression_loss": 0.8582,
    "rm2": 0.4501,
    "rmse": 0.9263,
    "sd": 0.9176,
    "spearman": 0.7162,
    "spectral_loss": 0.0
}
                              
                              
----------------------------------------
Epoch 005 with LR 0.000100: Model Results
----------------------------------------
Train MSE Loss: 0.6649, Train CLS Loss: 0.0000, Train MCLS Loss: 0.0000
Protein Cluster Region Loss - Ortho Loss: 0.0000, Cluster Loss: 0.0000
                              
Validation Results: {
    "ci": 0.7818,
    "classification_loss": 0.0,
    "cluster_loss": 0.0,
    "mae": 0.6432,
    "mse": 0.7772,
    "multiclassification_loss": 0.0,
    "ortho_loss": 0.0,
    "pearson": 0.7472,
    "regression_loss": 0.7936,
    "rm2": 0.5169,
    "rmse": 0.8816,
    "sd": 0.8764,
    "spearman": 0.7475,
    "spectral_loss": 0.0
}
                              
Test Results: {
    "ci": 0.7758,
    "classification_loss": 0.0,
    "cluster_loss": 0.0,
    "mae": 0.6515,
    "mse": 0.8012,
    "multiclassification_loss": 0.0,
    "ortho_loss": 0.0,
    "pearson": 0.727,
    "regression_loss": 0.8011,
    "rm2": 0.4909,
    "rmse": 0.8951,
    "sd": 0.8895,
    "spearman": 0.7358,
    "spectral_loss": 0.0
}
                              
                              
----------------------------------------
Epoch 006 with LR 0.000100: Model Results
----------------------------------------
Train MSE Loss: 0.6308, Train CLS Loss: 0.0000, Train MCLS Loss: 0.0000
Protein Cluster Region Loss - Ortho Loss: 0.0000, Cluster Loss: 0.0000
                              
Validation Results: {
    "ci": 0.7846,
    "classification_loss": 0.0,
    "cluster_loss": 0.0,
    "mae": 0.6328,
    "mse": 0.7482,
    "multiclassification_loss": 0.0,
    "ortho_loss": 0.0,
    "pearson": 0.7561,
    "regression_loss": 0.756,
    "rm2": 0.5461,
    "rmse": 0.865,
    "sd": 0.863,
    "spearman": 0.7532,
    "spectral_loss": 0.0
}
                              
Test Results: {
    "ci": 0.784,
    "classification_loss": 0.0,
    "cluster_loss": 0.0,
    "mae": 0.6333,
    "mse": 0.7565,
    "multiclassification_loss": 0.0,
    "ortho_loss": 0.0,
    "pearson": 0.7424,
    "regression_loss": 0.7561,
    "rm2": 0.526,
    "rmse": 0.8698,
    "sd": 0.8679,
    "spearman": 0.7533,
    "spectral_loss": 0.0
}
                              
                              
----------------------------------------
Epoch 007 with LR 0.000100: Model Results
----------------------------------------
Train MSE Loss: 0.5999, Train CLS Loss: 0.0000, Train MCLS Loss: 0.0000
Protein Cluster Region Loss - Ortho Loss: 0.0000, Cluster Loss: 0.0000
                              
Validation Results: {
    "ci": 0.7878,
    "classification_loss": 0.0,
    "cluster_loss": 0.0,
    "mae": 0.6293,
    "mse": 0.7358,
    "multiclassification_loss": 0.0,
    "ortho_loss": 0.0,
    "pearson": 0.7627,
    "regression_loss": 0.7401,
    "rm2": 0.5742,
    "rmse": 0.8578,
    "sd": 0.8528,
    "spearman": 0.759,
    "spectral_loss": 0.0
}
                              
Test Results: {
    "ci": 0.7868,
    "classification_loss": 0.0,
    "cluster_loss": 0.0,
    "mae": 0.6288,
    "mse": 0.7415,
    "multiclassification_loss": 0.0,
    "ortho_loss": 0.0,
    "pearson": 0.752,
    "regression_loss": 0.741,
    "rm2": 0.5528,
    "rmse": 0.8611,
    "sd": 0.8539,
    "spearman": 0.7586,
    "spectral_loss": 0.0
}
                              
                              
----------------------------------------
Epoch 008 with LR 0.000100: Model Results
----------------------------------------
Train MSE Loss: 0.5774, Train CLS Loss: 0.0000, Train MCLS Loss: 0.0000
Protein Cluster Region Loss - Ortho Loss: 0.0000, Cluster Loss: 0.0000
                              
Validation Results: {
    "ci": 0.7887,
    "classification_loss": 0.0,
    "cluster_loss": 0.0,
    "mae": 0.6152,
    "mse": 0.7181,
    "multiclassification_loss": 0.0,
    "ortho_loss": 0.0,
    "pearson": 0.767,
    "regression_loss": 0.721,
    "rm2": 0.5829,
    "rmse": 0.8474,
    "sd": 0.8462,
    "spearman": 0.7591,
    "spectral_loss": 0.0
}
                              
Test Results: {
    "ci": 0.7884,
    "classification_loss": 0.0,
    "cluster_loss": 0.0,
    "mae": 0.6223,
    "mse": 0.7328,
    "multiclassification_loss": 0.0,
    "ortho_loss": 0.0,
    "pearson": 0.7523,
    "regression_loss": 0.7325,
    "rm2": 0.5647,
    "rmse": 0.856,
    "sd": 0.8535,
    "spearman": 0.7611,
    "spectral_loss": 0.0
}
                              
                              
----------------------------------------
Epoch 009 with LR 0.000100: Model Results
----------------------------------------
Train MSE Loss: 0.5544, Train CLS Loss: 0.0000, Train MCLS Loss: 0.0000
Protein Cluster Region Loss - Ortho Loss: 0.0000, Cluster Loss: 0.0000
                              
Validation Results: {
    "ci": 0.7897,
    "classification_loss": 0.0,
    "cluster_loss": 0.0,
    "mae": 0.6129,
    "mse": 0.7057,
    "multiclassification_loss": 0.0,
    "ortho_loss": 0.0,
    "pearson": 0.7713,
    "regression_loss": 0.7047,
    "rm2": 0.5833,
    "rmse": 0.8401,
    "sd": 0.8393,
    "spearman": 0.7614,
    "spectral_loss": 0.0
}
                              
Test Results: {
    "ci": 0.7942,
    "classification_loss": 0.0,
    "cluster_loss": 0.0,
    "mae": 0.6073,
    "mse": 0.6992,
    "multiclassification_loss": 0.0,
    "ortho_loss": 0.0,
    "pearson": 0.7645,
    "regression_loss": 0.699,
    "rm2": 0.5737,
    "rmse": 0.8362,
    "sd": 0.8352,
    "spearman": 0.7725,
    "spectral_loss": 0.0
}
                              
                              
----------------------------------------
Epoch 010 with LR 0.000100: Model Results
----------------------------------------
Train MSE Loss: 0.5351, Train CLS Loss: 0.0000, Train MCLS Loss: 0.0000
Protein Cluster Region Loss - Ortho Loss: 0.0000, Cluster Loss: 0.0000
                              
Validation Results: {
    "ci": 0.7906,
    "classification_loss": 0.0,
    "cluster_loss": 0.0,
    "mae": 0.6083,
    "mse": 0.7126,
    "multiclassification_loss": 0.0,
    "ortho_loss": 0.0,
    "pearson": 0.7699,
    "regression_loss": 0.7105,
    "rm2": 0.579,
    "rmse": 0.8441,
    "sd": 0.8414,
    "spearman": 0.7619,
    "spectral_loss": 0.0
}
                              
Test Results: {
    "ci": 0.7942,
    "classification_loss": 0.0,
    "cluster_loss": 0.0,
    "mae": 0.6073,
    "mse": 0.6992,
    "multiclassification_loss": 0.0,
    "ortho_loss": 0.0,
    "pearson": 0.7645,
    "regression_loss": 0.699,
    "rm2": 0.5737,
    "rmse": 0.8362,
    "sd": 0.8352,
    "spearman": 0.7725,
    "spectral_loss": 0.0
}
                              
                              
----------------------------------------
Epoch 011 with LR 0.000100: Model Results
----------------------------------------
Train MSE Loss: 0.5166, Train CLS Loss: 0.0000, Train MCLS Loss: 0.0000
Protein Cluster Region Loss - Ortho Loss: 0.0000, Cluster Loss: 0.0000
                              
Validation Results: {
    "ci": 0.7957,
    "classification_loss": 0.0,
    "cluster_loss": 0.0,
    "mae": 0.6089,
    "mse": 0.6952,
    "multiclassification_loss": 0.0,
    "ortho_loss": 0.0,
    "pearson": 0.7798,
    "regression_loss": 0.6927,
    "rm2": 0.5648,
    "rmse": 0.8338,
    "sd": 0.8255,
    "spearman": 0.774,
    "spectral_loss": 0.0
}
                              
Test Results: {
    "ci": 0.798,
    "classification_loss": 0.0,
    "cluster_loss": 0.0,
    "mae": 0.6002,
    "mse": 0.6876,
    "multiclassification_loss": 0.0,
    "ortho_loss": 0.0,
    "pearson": 0.7742,
    "regression_loss": 0.687,
    "rm2": 0.5598,
    "rmse": 0.8292,
    "sd": 0.82,
    "spearman": 0.7777,
    "spectral_loss": 0.0
}
                              
                              
----------------------------------------
Epoch 012 with LR 0.000100: Model Results
----------------------------------------
Train MSE Loss: 0.5015, Train CLS Loss: 0.0000, Train MCLS Loss: 0.0000
Protein Cluster Region Loss - Ortho Loss: 0.0000, Cluster Loss: 0.0000
                              
Validation Results: {
    "ci": 0.7987,
    "classification_loss": 0.0,
    "cluster_loss": 0.0,
    "mae": 0.5863,
    "mse": 0.662,
    "multiclassification_loss": 0.0,
    "ortho_loss": 0.0,
    "pearson": 0.7877,
    "regression_loss": 0.6591,
    "rm2": 0.6025,
    "rmse": 0.8136,
    "sd": 0.8124,
    "spearman": 0.7762,
    "spectral_loss": 0.0
}
                              
Test Results: {
    "ci": 0.793,
    "classification_loss": 0.0,
    "cluster_loss": 0.0,
    "mae": 0.6054,
    "mse": 0.7315,
    "multiclassification_loss": 0.0,
    "ortho_loss": 0.0,
    "pearson": 0.7532,
    "regression_loss": 0.731,
    "rm2": 0.5429,
    "rmse": 0.8553,
    "sd": 0.8521,
    "spearman": 0.7661,
    "spectral_loss": 0.0
}
                              
                              
----------------------------------------
Epoch 013 with LR 0.000100: Model Results
----------------------------------------
Train MSE Loss: 0.4869, Train CLS Loss: 0.0000, Train MCLS Loss: 0.0000
Protein Cluster Region Loss - Ortho Loss: 0.0000, Cluster Loss: 0.0000
                              
Validation Results: {
    "ci": 0.7945,
    "classification_loss": 0.0,
    "cluster_loss": 0.0,
    "mae": 0.5944,
    "mse": 0.6731,
    "multiclassification_loss": 0.0,
    "ortho_loss": 0.0,
    "pearson": 0.7846,
    "regression_loss": 0.6711,
    "rm2": 0.6129,
    "rmse": 0.8204,
    "sd": 0.8176,
    "spearman": 0.7692,
    "spectral_loss": 0.0
}
                              
Test Results: {
    "ci": 0.793,
    "classification_loss": 0.0,
    "cluster_loss": 0.0,
    "mae": 0.6054,
    "mse": 0.7315,
    "multiclassification_loss": 0.0,
    "ortho_loss": 0.0,
    "pearson": 0.7532,
    "regression_loss": 0.731,
    "rm2": 0.5429,
    "rmse": 0.8553,
    "sd": 0.8521,
    "spearman": 0.7661,
    "spectral_loss": 0.0
}
                              
                              
----------------------------------------
Epoch 014 with LR 0.000100: Model Results
----------------------------------------
Train MSE Loss: 0.4749, Train CLS Loss: 0.0000, Train MCLS Loss: 0.0000
Protein Cluster Region Loss - Ortho Loss: 0.0000, Cluster Loss: 0.0000
                              
Validation Results: {
    "ci": 0.7959,
    "classification_loss": 0.0,
    "cluster_loss": 0.0,
    "mae": 0.5944,
    "mse": 0.6763,
    "multiclassification_loss": 0.0,
    "ortho_loss": 0.0,
    "pearson": 0.7835,
    "regression_loss": 0.6732,
    "rm2": 0.6002,
    "rmse": 0.8224,
    "sd": 0.8194,
    "spearman": 0.7718,
    "spectral_loss": 0.0
}
                              
Test Results: {
    "ci": 0.793,
    "classification_loss": 0.0,
    "cluster_loss": 0.0,
    "mae": 0.6054,
    "mse": 0.7315,
    "multiclassification_loss": 0.0,
    "ortho_loss": 0.0,
    "pearson": 0.7532,
    "regression_loss": 0.731,
    "rm2": 0.5429,
    "rmse": 0.8553,
    "sd": 0.8521,
    "spearman": 0.7661,
    "spectral_loss": 0.0
}
                              
                              
----------------------------------------
Epoch 015 with LR 0.000100: Model Results
----------------------------------------
Train MSE Loss: 0.4636, Train CLS Loss: 0.0000, Train MCLS Loss: 0.0000
Protein Cluster Region Loss - Ortho Loss: 0.0000, Cluster Loss: 0.0000
                              
Validation Results: {
    "ci": 0.7989,
    "classification_loss": 0.0,
    "cluster_loss": 0.0,
    "mae": 0.5833,
    "mse": 0.6569,
    "multiclassification_loss": 0.0,
    "ortho_loss": 0.0,
    "pearson": 0.7906,
    "regression_loss": 0.6538,
    "rm2": 0.5885,
    "rmse": 0.8105,
    "sd": 0.8074,
    "spearman": 0.776,
    "spectral_loss": 0.0
}
                              
Test Results: {
    "ci": 0.8026,
    "classification_loss": 0.0,
    "cluster_loss": 0.0,
    "mae": 0.5853,
    "mse": 0.6552,
    "multiclassification_loss": 0.0,
    "ortho_loss": 0.0,
    "pearson": 0.7829,
    "regression_loss": 0.6547,
    "rm2": 0.5785,
    "rmse": 0.8094,
    "sd": 0.806,
    "spearman": 0.7871,
    "spectral_loss": 0.0
}
                              
                              
----------------------------------------
Epoch 016 with LR 0.000100: Model Results
----------------------------------------
Train MSE Loss: 0.4538, Train CLS Loss: 0.0000, Train MCLS Loss: 0.0000
Protein Cluster Region Loss - Ortho Loss: 0.0000, Cluster Loss: 0.0000
                              
Validation Results: {
    "ci": 0.7997,
    "classification_loss": 0.0,
    "cluster_loss": 0.0,
    "mae": 0.5913,
    "mse": 0.6751,
    "multiclassification_loss": 0.0,
    "ortho_loss": 0.0,
    "pearson": 0.7905,
    "regression_loss": 0.6722,
    "rm2": 0.613,
    "rmse": 0.8216,
    "sd": 0.8077,
    "spearman": 0.7789,
    "spectral_loss": 0.0
}
                              
Test Results: {
    "ci": 0.8026,
    "classification_loss": 0.0,
    "cluster_loss": 0.0,
    "mae": 0.5853,
    "mse": 0.6552,
    "multiclassification_loss": 0.0,
    "ortho_loss": 0.0,
    "pearson": 0.7829,
    "regression_loss": 0.6547,
    "rm2": 0.5785,
    "rmse": 0.8094,
    "sd": 0.806,
    "spearman": 0.7871,
    "spectral_loss": 0.0
}
                              
                              
----------------------------------------
Epoch 017 with LR 0.000100: Model Results
----------------------------------------
Train MSE Loss: 0.4424, Train CLS Loss: 0.0000, Train MCLS Loss: 0.0000
Protein Cluster Region Loss - Ortho Loss: 0.0000, Cluster Loss: 0.0000
                              
Validation Results: {
    "ci": 0.8009,
    "classification_loss": 0.0,
    "cluster_loss": 0.0,
    "mae": 0.5847,
    "mse": 0.649,
    "multiclassification_loss": 0.0,
    "ortho_loss": 0.0,
    "pearson": 0.7937,
    "regression_loss": 0.6463,
    "rm2": 0.6075,
    "rmse": 0.8056,
    "sd": 0.8022,
    "spearman": 0.7831,
    "spectral_loss": 0.0
}
                              
Test Results: {
    "ci": 0.8048,
    "classification_loss": 0.0,
    "cluster_loss": 0.0,
    "mae": 0.5764,
    "mse": 0.652,
    "multiclassification_loss": 0.0,
    "ortho_loss": 0.0,
    "pearson": 0.7842,
    "regression_loss": 0.6516,
    "rm2": 0.5962,
    "rmse": 0.8075,
    "sd": 0.804,
    "spearman": 0.7888,
    "spectral_loss": 0.0
}
                              
                              
----------------------------------------
Epoch 018 with LR 0.000100: Model Results
----------------------------------------
Train MSE Loss: 0.4342, Train CLS Loss: 0.0000, Train MCLS Loss: 0.0000
Protein Cluster Region Loss - Ortho Loss: 0.0000, Cluster Loss: 0.0000
                              
Validation Results: {
    "ci": 0.8002,
    "classification_loss": 0.0,
    "cluster_loss": 0.0,
    "mae": 0.5811,
    "mse": 0.6576,
    "multiclassification_loss": 0.0,
    "ortho_loss": 0.0,
    "pearson": 0.7922,
    "regression_loss": 0.6548,
    "rm2": 0.584,
    "rmse": 0.8109,
    "sd": 0.8047,
    "spearman": 0.7788,
    "spectral_loss": 0.0
}
                              
Test Results: {
    "ci": 0.8048,
    "classification_loss": 0.0,
    "cluster_loss": 0.0,
    "mae": 0.5764,
    "mse": 0.652,
    "multiclassification_loss": 0.0,
    "ortho_loss": 0.0,
    "pearson": 0.7842,
    "regression_loss": 0.6516,
    "rm2": 0.5962,
    "rmse": 0.8075,
    "sd": 0.804,
    "spearman": 0.7888,
    "spectral_loss": 0.0
}
                              
                              
----------------------------------------
Epoch 019 with LR 0.000100: Model Results
----------------------------------------
Train MSE Loss: 0.4245, Train CLS Loss: 0.0000, Train MCLS Loss: 0.0000
Protein Cluster Region Loss - Ortho Loss: 0.0000, Cluster Loss: 0.0000
                              
Validation Results: {
    "ci": 0.8032,
    "classification_loss": 0.0,
    "cluster_loss": 0.0,
    "mae": 0.569,
    "mse": 0.6414,
    "multiclassification_loss": 0.0,
    "ortho_loss": 0.0,
    "pearson": 0.7971,
    "regression_loss": 0.6384,
    "rm2": 0.6301,
    "rmse": 0.8009,
    "sd": 0.7962,
    "spearman": 0.7845,
    "spectral_loss": 0.0
}
                              
Test Results: {
    "ci": 0.8066,
    "classification_loss": 0.0,
    "cluster_loss": 0.0,
    "mae": 0.571,
    "mse": 0.6459,
    "multiclassification_loss": 0.0,
    "ortho_loss": 0.0,
    "pearson": 0.7874,
    "regression_loss": 0.6453,
    "rm2": 0.6157,
    "rmse": 0.8037,
    "sd": 0.7986,
    "spearman": 0.7934,
    "spectral_loss": 0.0
}
                              
                              
----------------------------------------
Epoch 020 with LR 0.000100: Model Results
----------------------------------------
Train MSE Loss: 0.4157, Train CLS Loss: 0.0000, Train MCLS Loss: 0.0000
Protein Cluster Region Loss - Ortho Loss: 0.0000, Cluster Loss: 0.0000
                              
Validation Results: {
    "ci": 0.8044,
    "classification_loss": 0.0,
    "cluster_loss": 0.0,
    "mae": 0.5753,
    "mse": 0.6543,
    "multiclassification_loss": 0.0,
    "ortho_loss": 0.0,
    "pearson": 0.7979,
    "regression_loss": 0.6512,
    "rm2": 0.6254,
    "rmse": 0.8089,
    "sd": 0.7948,
    "spearman": 0.7869,
    "spectral_loss": 0.0
}
                              
Test Results: {
    "ci": 0.8066,
    "classification_loss": 0.0,
    "cluster_loss": 0.0,
    "mae": 0.571,
    "mse": 0.6459,
    "multiclassification_loss": 0.0,
    "ortho_loss": 0.0,
    "pearson": 0.7874,
    "regression_loss": 0.6453,
    "rm2": 0.6157,
    "rmse": 0.8037,
    "sd": 0.7986,
    "spearman": 0.7934,
    "spectral_loss": 0.0
}
                              
                              
----------------------------------------
Epoch 021 with LR 0.000100: Model Results
----------------------------------------
Train MSE Loss: 0.4078, Train CLS Loss: 0.0000, Train MCLS Loss: 0.0000
Protein Cluster Region Loss - Ortho Loss: 0.0000, Cluster Loss: 0.0000
                              
Validation Results: {
    "ci": 0.8018,
    "classification_loss": 0.0,
    "cluster_loss": 0.0,
    "mae": 0.5815,
    "mse": 0.6637,
    "multiclassification_loss": 0.0,
    "ortho_loss": 0.0,
    "pearson": 0.7935,
    "regression_loss": 0.6613,
    "rm2": 0.6286,
    "rmse": 0.8147,
    "sd": 0.8024,
    "spearman": 0.7807,
    "spectral_loss": 0.0
}
                              
Test Results: {
    "ci": 0.8066,
    "classification_loss": 0.0,
    "cluster_loss": 0.0,
    "mae": 0.571,
    "mse": 0.6459,
    "multiclassification_loss": 0.0,
    "ortho_loss": 0.0,
    "pearson": 0.7874,
    "regression_loss": 0.6453,
    "rm2": 0.6157,
    "rmse": 0.8037,
    "sd": 0.7986,
    "spearman": 0.7934,
    "spectral_loss": 0.0
}
                              
                              
----------------------------------------
Epoch 022 with LR 0.000100: Model Results
----------------------------------------
Train MSE Loss: 0.4029, Train CLS Loss: 0.0000, Train MCLS Loss: 0.0000
Protein Cluster Region Loss - Ortho Loss: 0.0000, Cluster Loss: 0.0000
                              
Validation Results: {
    "ci": 0.8039,
    "classification_loss": 0.0,
    "cluster_loss": 0.0,
    "mae": 0.5782,
    "mse": 0.6504,
    "multiclassification_loss": 0.0,
    "ortho_loss": 0.0,
    "pearson": 0.7983,
    "regression_loss": 0.6474,
    "rm2": 0.6015,
    "rmse": 0.8065,
    "sd": 0.7942,
    "spearman": 0.7856,
    "spectral_loss": 0.0
}
                              
Test Results: {
    "ci": 0.8066,
    "classification_loss": 0.0,
    "cluster_loss": 0.0,
    "mae": 0.571,
    "mse": 0.6459,
    "multiclassification_loss": 0.0,
    "ortho_loss": 0.0,
    "pearson": 0.7874,
    "regression_loss": 0.6453,
    "rm2": 0.6157,
    "rmse": 0.8037,
    "sd": 0.7986,
    "spearman": 0.7934,
    "spectral_loss": 0.0
}
                              
                              
----------------------------------------
Epoch 023 with LR 0.000100: Model Results
----------------------------------------
Train MSE Loss: 0.3963, Train CLS Loss: 0.0000, Train MCLS Loss: 0.0000
Protein Cluster Region Loss - Ortho Loss: 0.0000, Cluster Loss: 0.0000
                              
Validation Results: {
    "ci": 0.8047,
    "classification_loss": 0.0,
    "cluster_loss": 0.0,
    "mae": 0.5674,
    "mse": 0.6308,
    "multiclassification_loss": 0.0,
    "ortho_loss": 0.0,
    "pearson": 0.7991,
    "regression_loss": 0.6279,
    "rm2": 0.6168,
    "rmse": 0.7943,
    "sd": 0.7928,
    "spearman": 0.7874,
    "spectral_loss": 0.0
}
                              
Test Results: {
    "ci": 0.8096,
    "classification_loss": 0.0,
    "cluster_loss": 0.0,
    "mae": 0.5604,
    "mse": 0.6246,
    "multiclassification_loss": 0.0,
    "ortho_loss": 0.0,
    "pearson": 0.7935,
    "regression_loss": 0.624,
    "rm2": 0.6135,
    "rmse": 0.7903,
    "sd": 0.7885,
    "spearman": 0.7978,
    "spectral_loss": 0.0
}
                              
                              
----------------------------------------
Epoch 024 with LR 0.000100: Model Results
----------------------------------------
Train MSE Loss: 0.3886, Train CLS Loss: 0.0000, Train MCLS Loss: 0.0000
Protein Cluster Region Loss - Ortho Loss: 0.0000, Cluster Loss: 0.0000
                              
Validation Results: {
    "ci": 0.8091,
    "classification_loss": 0.0,
    "cluster_loss": 0.0,
    "mae": 0.5565,
    "mse": 0.6162,
    "multiclassification_loss": 0.0,
    "ortho_loss": 0.0,
    "pearson": 0.8041,
    "regression_loss": 0.6137,
    "rm2": 0.6328,
    "rmse": 0.785,
    "sd": 0.784,
    "spearman": 0.7952,
    "spectral_loss": 0.0
}
                              
Test Results: {
    "ci": 0.8124,
    "classification_loss": 0.0,
    "cluster_loss": 0.0,
    "mae": 0.5546,
    "mse": 0.6195,
    "multiclassification_loss": 0.0,
    "ortho_loss": 0.0,
    "pearson": 0.7955,
    "regression_loss": 0.6189,
    "rm2": 0.6219,
    "rmse": 0.7871,
    "sd": 0.7851,
    "spearman": 0.8025,
    "spectral_loss": 0.0
}
                              
                              
----------------------------------------
Epoch 025 with LR 0.000100: Model Results
----------------------------------------
Train MSE Loss: 0.3827, Train CLS Loss: 0.0000, Train MCLS Loss: 0.0000
Protein Cluster Region Loss - Ortho Loss: 0.0000, Cluster Loss: 0.0000
                              
Validation Results: {
    "ci": 0.8028,
    "classification_loss": 0.0,
    "cluster_loss": 0.0,
    "mae": 0.5716,
    "mse": 0.6527,
    "multiclassification_loss": 0.0,
    "ortho_loss": 0.0,
    "pearson": 0.7934,
    "regression_loss": 0.6497,
    "rm2": 0.609,
    "rmse": 0.8079,
    "sd": 0.8026,
    "spearman": 0.781,
    "spectral_loss": 0.0
}
                              
Test Results: {
    "ci": 0.8124,
    "classification_loss": 0.0,
    "cluster_loss": 0.0,
    "mae": 0.5546,
    "mse": 0.6195,
    "multiclassification_loss": 0.0,
    "ortho_loss": 0.0,
    "pearson": 0.7955,
    "regression_loss": 0.6189,
    "rm2": 0.6219,
    "rmse": 0.7871,
    "sd": 0.7851,
    "spearman": 0.8025,
    "spectral_loss": 0.0
}
                              
                              
----------------------------------------
Epoch 026 with LR 0.000100: Model Results
----------------------------------------
Train MSE Loss: 0.3789, Train CLS Loss: 0.0000, Train MCLS Loss: 0.0000
Protein Cluster Region Loss - Ortho Loss: 0.0000, Cluster Loss: 0.0000
                              
Validation Results: {
    "ci": 0.8078,
    "classification_loss": 0.0,
    "cluster_loss": 0.0,
    "mae": 0.5577,
    "mse": 0.6272,
    "multiclassification_loss": 0.0,
    "ortho_loss": 0.0,
    "pearson": 0.8019,
    "regression_loss": 0.6243,
    "rm2": 0.6412,
    "rmse": 0.792,
    "sd": 0.7877,
    "spearman": 0.7918,
    "spectral_loss": 0.0
}
                              
Test Results: {
    "ci": 0.8124,
    "classification_loss": 0.0,
    "cluster_loss": 0.0,
    "mae": 0.5546,
    "mse": 0.6195,
    "multiclassification_loss": 0.0,
    "ortho_loss": 0.0,
    "pearson": 0.7955,
    "regression_loss": 0.6189,
    "rm2": 0.6219,
    "rmse": 0.7871,
    "sd": 0.7851,
    "spearman": 0.8025,
    "spectral_loss": 0.0
}
                              
                              
----------------------------------------
Epoch 027 with LR 0.000100: Model Results
----------------------------------------
Train MSE Loss: 0.3747, Train CLS Loss: 0.0000, Train MCLS Loss: 0.0000
Protein Cluster Region Loss - Ortho Loss: 0.0000, Cluster Loss: 0.0000
                              
Validation Results: {
    "ci": 0.8087,
    "classification_loss": 0.0,
    "cluster_loss": 0.0,
    "mae": 0.5585,
    "mse": 0.63,
    "multiclassification_loss": 0.0,
    "ortho_loss": 0.0,
    "pearson": 0.8009,
    "regression_loss": 0.6271,
    "rm2": 0.6409,
    "rmse": 0.7937,
    "sd": 0.7896,
    "spearman": 0.7929,
    "spectral_loss": 0.0
}
                              
Test Results: {
    "ci": 0.8124,
    "classification_loss": 0.0,
    "cluster_loss": 0.0,
    "mae": 0.5546,
    "mse": 0.6195,
    "multiclassification_loss": 0.0,
    "ortho_loss": 0.0,
    "pearson": 0.7955,
    "regression_loss": 0.6189,
    "rm2": 0.6219,
    "rmse": 0.7871,
    "sd": 0.7851,
    "spearman": 0.8025,
    "spectral_loss": 0.0
}
                              
                              
----------------------------------------
Epoch 028 with LR 0.000100: Model Results
----------------------------------------
Train MSE Loss: 0.3698, Train CLS Loss: 0.0000, Train MCLS Loss: 0.0000
Protein Cluster Region Loss - Ortho Loss: 0.0000, Cluster Loss: 0.0000
                              
Validation Results: {
    "ci": 0.8079,
    "classification_loss": 0.0,
    "cluster_loss": 0.0,
    "mae": 0.5584,
    "mse": 0.6315,
    "multiclassification_loss": 0.0,
    "ortho_loss": 0.0,
    "pearson": 0.8025,
    "regression_loss": 0.6291,
    "rm2": 0.6389,
    "rmse": 0.7946,
    "sd": 0.7867,
    "spearman": 0.7912,
    "spectral_loss": 0.0
}
                              
Test Results: {
    "ci": 0.8124,
    "classification_loss": 0.0,
    "cluster_loss": 0.0,
    "mae": 0.5546,
    "mse": 0.6195,
    "multiclassification_loss": 0.0,
    "ortho_loss": 0.0,
    "pearson": 0.7955,
    "regression_loss": 0.6189,
    "rm2": 0.6219,
    "rmse": 0.7871,
    "sd": 0.7851,
    "spearman": 0.8025,
    "spectral_loss": 0.0
}
                              
                              
----------------------------------------
Epoch 029 with LR 0.000100: Model Results
----------------------------------------
Train MSE Loss: 0.3641, Train CLS Loss: 0.0000, Train MCLS Loss: 0.0000
Protein Cluster Region Loss - Ortho Loss: 0.0000, Cluster Loss: 0.0000
                              
Validation Results: {
    "ci": 0.8079,
    "classification_loss": 0.0,
    "cluster_loss": 0.0,
    "mae": 0.5644,
    "mse": 0.6488,
    "multiclassification_loss": 0.0,
    "ortho_loss": 0.0,
    "pearson": 0.8003,
    "regression_loss": 0.6457,
    "rm2": 0.6404,
    "rmse": 0.8055,
    "sd": 0.7906,
    "spearman": 0.7914,
    "spectral_loss": 0.0
}
                              
Test Results: {
    "ci": 0.8124,
    "classification_loss": 0.0,
    "cluster_loss": 0.0,
    "mae": 0.5546,
    "mse": 0.6195,
    "multiclassification_loss": 0.0,
    "ortho_loss": 0.0,
    "pearson": 0.7955,
    "regression_loss": 0.6189,
    "rm2": 0.6219,
    "rmse": 0.7871,
    "sd": 0.7851,
    "spearman": 0.8025,
    "spectral_loss": 0.0
}
                              
                              
----------------------------------------
Epoch 030 with LR 0.000100: Model Results
----------------------------------------
Train MSE Loss: 0.3600, Train CLS Loss: 0.0000, Train MCLS Loss: 0.0000
Protein Cluster Region Loss - Ortho Loss: 0.0000, Cluster Loss: 0.0000
                              
Validation Results: {
    "ci": 0.8089,
    "classification_loss": 0.0,
    "cluster_loss": 0.0,
    "mae": 0.5627,
    "mse": 0.6404,
    "multiclassification_loss": 0.0,
    "ortho_loss": 0.0,
    "pearson": 0.804,
    "regression_loss": 0.6374,
    "rm2": 0.6244,
    "rmse": 0.8003,
    "sd": 0.7841,
    "spearman": 0.7926,
    "spectral_loss": 0.0
}
                              
Test Results: {
    "ci": 0.8124,
    "classification_loss": 0.0,
    "cluster_loss": 0.0,
    "mae": 0.5546,
    "mse": 0.6195,
    "multiclassification_loss": 0.0,
    "ortho_loss": 0.0,
    "pearson": 0.7955,
    "regression_loss": 0.6189,
    "rm2": 0.6219,
    "rmse": 0.7871,
    "sd": 0.7851,
    "spearman": 0.8025,
    "spectral_loss": 0.0
}
                              
                              
----------------------------------------
Epoch 031 with LR 0.000100: Model Results
----------------------------------------
Train MSE Loss: 0.3555, Train CLS Loss: 0.0000, Train MCLS Loss: 0.0000
Protein Cluster Region Loss - Ortho Loss: 0.0000, Cluster Loss: 0.0000
                              
Validation Results: {
    "ci": 0.8049,
    "classification_loss": 0.0,
    "cluster_loss": 0.0,
    "mae": 0.5641,
    "mse": 0.6267,
    "multiclassification_loss": 0.0,
    "ortho_loss": 0.0,
    "pearson": 0.8018,
    "regression_loss": 0.624,
    "rm2": 0.6401,
    "rmse": 0.7916,
    "sd": 0.788,
    "spearman": 0.7869,
    "spectral_loss": 0.0
}
                              
Test Results: {
    "ci": 0.8124,
    "classification_loss": 0.0,
    "cluster_loss": 0.0,
    "mae": 0.5546,
    "mse": 0.6195,
    "multiclassification_loss": 0.0,
    "ortho_loss": 0.0,
    "pearson": 0.7955,
    "regression_loss": 0.6189,
    "rm2": 0.6219,
    "rmse": 0.7871,
    "sd": 0.7851,
    "spearman": 0.8025,
    "spectral_loss": 0.0
}
                              
                              
----------------------------------------
Epoch 032 with LR 0.000100: Model Results
----------------------------------------
Train MSE Loss: 0.3521, Train CLS Loss: 0.0000, Train MCLS Loss: 0.0000
Protein Cluster Region Loss - Ortho Loss: 0.0000, Cluster Loss: 0.0000
                              
Validation Results: {
    "ci": 0.8122,
    "classification_loss": 0.0,
    "cluster_loss": 0.0,
    "mae": 0.5478,
    "mse": 0.6042,
    "multiclassification_loss": 0.0,
    "ortho_loss": 0.0,
    "pearson": 0.8105,
    "regression_loss": 0.6015,
    "rm2": 0.6146,
    "rmse": 0.7773,
    "sd": 0.7723,
    "spearman": 0.7985,
    "spectral_loss": 0.0
}
                              
Test Results: {
    "ci": 0.8146,
    "classification_loss": 0.0,
    "cluster_loss": 0.0,
    "mae": 0.5463,
    "mse": 0.6125,
    "multiclassification_loss": 0.0,
    "ortho_loss": 0.0,
    "pearson": 0.8004,
    "regression_loss": 0.6118,
    "rm2": 0.6043,
    "rmse": 0.7826,
    "sd": 0.7765,
    "spearman": 0.8048,
    "spectral_loss": 0.0
}
                              
                              
----------------------------------------
Epoch 033 with LR 0.000100: Model Results
----------------------------------------
Train MSE Loss: 0.3476, Train CLS Loss: 0.0000, Train MCLS Loss: 0.0000
Protein Cluster Region Loss - Ortho Loss: 0.0000, Cluster Loss: 0.0000
                              
Validation Results: {
    "ci": 0.811,
    "classification_loss": 0.0,
    "cluster_loss": 0.0,
    "mae": 0.5466,
    "mse": 0.607,
    "multiclassification_loss": 0.0,
    "ortho_loss": 0.0,
    "pearson": 0.8086,
    "regression_loss": 0.6057,
    "rm2": 0.636,
    "rmse": 0.7791,
    "sd": 0.7758,
    "spearman": 0.7965,
    "spectral_loss": 0.0
}
                              
Test Results: {
    "ci": 0.8146,
    "classification_loss": 0.0,
    "cluster_loss": 0.0,
    "mae": 0.5463,
    "mse": 0.6125,
    "multiclassification_loss": 0.0,
    "ortho_loss": 0.0,
    "pearson": 0.8004,
    "regression_loss": 0.6118,
    "rm2": 0.6043,
    "rmse": 0.7826,
    "sd": 0.7765,
    "spearman": 0.8048,
    "spectral_loss": 0.0
}
                              
                              
----------------------------------------
Epoch 034 with LR 0.000100: Model Results
----------------------------------------
Train MSE Loss: 0.3436, Train CLS Loss: 0.0000, Train MCLS Loss: 0.0000
Protein Cluster Region Loss - Ortho Loss: 0.0000, Cluster Loss: 0.0000
                              
Validation Results: {
    "ci": 0.8103,
    "classification_loss": 0.0,
    "cluster_loss": 0.0,
    "mae": 0.5537,
    "mse": 0.6265,
    "multiclassification_loss": 0.0,
    "ortho_loss": 0.0,
    "pearson": 0.8043,
    "regression_loss": 0.6242,
    "rm2": 0.6009,
    "rmse": 0.7915,
    "sd": 0.7836,
    "spearman": 0.7951,
    "spectral_loss": 0.0
}
                              
Test Results: {
    "ci": 0.8146,
    "classification_loss": 0.0,
    "cluster_loss": 0.0,
    "mae": 0.5463,
    "mse": 0.6125,
    "multiclassification_loss": 0.0,
    "ortho_loss": 0.0,
    "pearson": 0.8004,
    "regression_loss": 0.6118,
    "rm2": 0.6043,
    "rmse": 0.7826,
    "sd": 0.7765,
    "spearman": 0.8048,
    "spectral_loss": 0.0
}
                              
                              
----------------------------------------
Epoch 035 with LR 0.000100: Model Results
----------------------------------------
Train MSE Loss: 0.3395, Train CLS Loss: 0.0000, Train MCLS Loss: 0.0000
Protein Cluster Region Loss - Ortho Loss: 0.0000, Cluster Loss: 0.0000
                              
Validation Results: {
    "ci": 0.8087,
    "classification_loss": 0.0,
    "cluster_loss": 0.0,
    "mae": 0.5537,
    "mse": 0.6248,
    "multiclassification_loss": 0.0,
    "ortho_loss": 0.0,
    "pearson": 0.8019,
    "regression_loss": 0.623,
    "rm2": 0.6427,
    "rmse": 0.7905,
    "sd": 0.7877,
    "spearman": 0.7918,
    "spectral_loss": 0.0
}
                              
Test Results: {
    "ci": 0.8146,
    "classification_loss": 0.0,
    "cluster_loss": 0.0,
    "mae": 0.5463,
    "mse": 0.6125,
    "multiclassification_loss": 0.0,
    "ortho_loss": 0.0,
    "pearson": 0.8004,
    "regression_loss": 0.6118,
    "rm2": 0.6043,
    "rmse": 0.7826,
    "sd": 0.7765,
    "spearman": 0.8048,
    "spectral_loss": 0.0
}
                              
                              
----------------------------------------
Epoch 036 with LR 0.000100: Model Results
----------------------------------------
Train MSE Loss: 0.3367, Train CLS Loss: 0.0000, Train MCLS Loss: 0.0000
Protein Cluster Region Loss - Ortho Loss: 0.0000, Cluster Loss: 0.0000
                              
Validation Results: {
    "ci": 0.8139,
    "classification_loss": 0.0,
    "cluster_loss": 0.0,
    "mae": 0.5398,
    "mse": 0.5982,
    "multiclassification_loss": 0.0,
    "ortho_loss": 0.0,
    "pearson": 0.8121,
    "regression_loss": 0.596,
    "rm2": 0.6491,
    "rmse": 0.7734,
    "sd": 0.7694,
    "spearman": 0.8024,
    "spectral_loss": 0.0
}
                              
Test Results: {
    "ci": 0.816,
    "classification_loss": 0.0,
    "cluster_loss": 0.0,
    "mae": 0.5409,
    "mse": 0.602,
    "multiclassification_loss": 0.0,
    "ortho_loss": 0.0,
    "pearson": 0.8041,
    "regression_loss": 0.6014,
    "rm2": 0.6447,
    "rmse": 0.7759,
    "sd": 0.7702,
    "spearman": 0.808,
    "spectral_loss": 0.0
}
                              
                              
----------------------------------------
Epoch 037 with LR 0.000100: Model Results
----------------------------------------
Train MSE Loss: 0.3323, Train CLS Loss: 0.0000, Train MCLS Loss: 0.0000
Protein Cluster Region Loss - Ortho Loss: 0.0000, Cluster Loss: 0.0000
                              
Validation Results: {
    "ci": 0.8104,
    "classification_loss": 0.0,
    "cluster_loss": 0.0,
    "mae": 0.5497,
    "mse": 0.6198,
    "multiclassification_loss": 0.0,
    "ortho_loss": 0.0,
    "pearson": 0.8071,
    "regression_loss": 0.6172,
    "rm2": 0.6501,
    "rmse": 0.7873,
    "sd": 0.7786,
    "spearman": 0.7964,
    "spectral_loss": 0.0
}
                              
Test Results: {
    "ci": 0.816,
    "classification_loss": 0.0,
    "cluster_loss": 0.0,
    "mae": 0.5409,
    "mse": 0.602,
    "multiclassification_loss": 0.0,
    "ortho_loss": 0.0,
    "pearson": 0.8041,
    "regression_loss": 0.6014,
    "rm2": 0.6447,
    "rmse": 0.7759,
    "sd": 0.7702,
    "spearman": 0.808,
    "spectral_loss": 0.0
}
                              
                              
----------------------------------------
Epoch 038 with LR 0.000100: Model Results
----------------------------------------
Train MSE Loss: 0.3317, Train CLS Loss: 0.0000, Train MCLS Loss: 0.0000
Protein Cluster Region Loss - Ortho Loss: 0.0000, Cluster Loss: 0.0000
                              
Validation Results: {
    "ci": 0.8122,
    "classification_loss": 0.0,
    "cluster_loss": 0.0,
    "mae": 0.5449,
    "mse": 0.6176,
    "multiclassification_loss": 0.0,
    "ortho_loss": 0.0,
    "pearson": 0.806,
    "regression_loss": 0.6148,
    "rm2": 0.635,
    "rmse": 0.7859,
    "sd": 0.7806,
    "spearman": 0.7974,
    "spectral_loss": 0.0
}
                              
Test Results: {
    "ci": 0.816,
    "classification_loss": 0.0,
    "cluster_loss": 0.0,
    "mae": 0.5409,
    "mse": 0.602,
    "multiclassification_loss": 0.0,
    "ortho_loss": 0.0,
    "pearson": 0.8041,
    "regression_loss": 0.6014,
    "rm2": 0.6447,
    "rmse": 0.7759,
    "sd": 0.7702,
    "spearman": 0.808,
    "spectral_loss": 0.0
}
                              
                              
----------------------------------------
Epoch 039 with LR 0.000100: Model Results
----------------------------------------
Train MSE Loss: 0.3272, Train CLS Loss: 0.0000, Train MCLS Loss: 0.0000
Protein Cluster Region Loss - Ortho Loss: 0.0000, Cluster Loss: 0.0000
                              
Validation Results: {
    "ci": 0.8098,
    "classification_loss": 0.0,
    "cluster_loss": 0.0,
    "mae": 0.5506,
    "mse": 0.6168,
    "multiclassification_loss": 0.0,
    "ortho_loss": 0.0,
    "pearson": 0.8052,
    "regression_loss": 0.6143,
    "rm2": 0.6273,
    "rmse": 0.7854,
    "sd": 0.782,
    "spearman": 0.7936,
    "spectral_loss": 0.0
}
                              
Test Results: {
    "ci": 0.816,
    "classification_loss": 0.0,
    "cluster_loss": 0.0,
    "mae": 0.5409,
    "mse": 0.602,
    "multiclassification_loss": 0.0,
    "ortho_loss": 0.0,
    "pearson": 0.8041,
    "regression_loss": 0.6014,
    "rm2": 0.6447,
    "rmse": 0.7759,
    "sd": 0.7702,
    "spearman": 0.808,
    "spectral_loss": 0.0
}
                              
                              
----------------------------------------
Epoch 040 with LR 0.000100: Model Results
----------------------------------------
Train MSE Loss: 0.3242, Train CLS Loss: 0.0000, Train MCLS Loss: 0.0000
Protein Cluster Region Loss - Ortho Loss: 0.0000, Cluster Loss: 0.0000
                              
Validation Results: {
    "ci": 0.8127,
    "classification_loss": 0.0,
    "cluster_loss": 0.0,
    "mae": 0.5433,
    "mse": 0.6147,
    "multiclassification_loss": 0.0,
    "ortho_loss": 0.0,
    "pearson": 0.8091,
    "regression_loss": 0.6121,
    "rm2": 0.6377,
    "rmse": 0.784,
    "sd": 0.775,
    "spearman": 0.7983,
    "spectral_loss": 0.0
}
                              
Test Results: {
    "ci": 0.816,
    "classification_loss": 0.0,
    "cluster_loss": 0.0,
    "mae": 0.5409,
    "mse": 0.602,
    "multiclassification_loss": 0.0,
    "ortho_loss": 0.0,
    "pearson": 0.8041,
    "regression_loss": 0.6014,
    "rm2": 0.6447,
    "rmse": 0.7759,
    "sd": 0.7702,
    "spearman": 0.808,
    "spectral_loss": 0.0
}
                              
                              
----------------------------------------
Epoch 041 with LR 0.000100: Model Results
----------------------------------------
Train MSE Loss: 0.3202, Train CLS Loss: 0.0000, Train MCLS Loss: 0.0000
Protein Cluster Region Loss - Ortho Loss: 0.0000, Cluster Loss: 0.0000
                              
Validation Results: {
    "ci": 0.814,
    "classification_loss": 0.0,
    "cluster_loss": 0.0,
    "mae": 0.537,
    "mse": 0.5993,
    "multiclassification_loss": 0.0,
    "ortho_loss": 0.0,
    "pearson": 0.8117,
    "regression_loss": 0.5967,
    "rm2": 0.6508,
    "rmse": 0.7742,
    "sd": 0.7702,
    "spearman": 0.8015,
    "spectral_loss": 0.0
}
                              
Test Results: {
    "ci": 0.816,
    "classification_loss": 0.0,
    "cluster_loss": 0.0,
    "mae": 0.5409,
    "mse": 0.602,
    "multiclassification_loss": 0.0,
    "ortho_loss": 0.0,
    "pearson": 0.8041,
    "regression_loss": 0.6014,
    "rm2": 0.6447,
    "rmse": 0.7759,
    "sd": 0.7702,
    "spearman": 0.808,
    "spectral_loss": 0.0
}
                              
                              
----------------------------------------
Epoch 042 with LR 0.000100: Model Results
----------------------------------------
Train MSE Loss: 0.3184, Train CLS Loss: 0.0000, Train MCLS Loss: 0.0000
Protein Cluster Region Loss - Ortho Loss: 0.0000, Cluster Loss: 0.0000
                              
Validation Results: {
    "ci": 0.8173,
    "classification_loss": 0.0,
    "cluster_loss": 0.0,
    "mae": 0.5319,
    "mse": 0.5861,
    "multiclassification_loss": 0.0,
    "ortho_loss": 0.0,
    "pearson": 0.8156,
    "regression_loss": 0.5835,
    "rm2": 0.6611,
    "rmse": 0.7656,
    "sd": 0.763,
    "spearman": 0.8077,
    "spectral_loss": 0.0
}
                              
Test Results: {
    "ci": 0.8171,
    "classification_loss": 0.0,
    "cluster_loss": 0.0,
    "mae": 0.5383,
    "mse": 0.6104,
    "multiclassification_loss": 0.0,
    "ortho_loss": 0.0,
    "pearson": 0.8012,
    "regression_loss": 0.6097,
    "rm2": 0.6361,
    "rmse": 0.7813,
    "sd": 0.7752,
    "spearman": 0.8084,
    "spectral_loss": 0.0
}
                              
                              
----------------------------------------
Epoch 043 with LR 0.000100: Model Results
----------------------------------------
Train MSE Loss: 0.3154, Train CLS Loss: 0.0000, Train MCLS Loss: 0.0000
Protein Cluster Region Loss - Ortho Loss: 0.0000, Cluster Loss: 0.0000
                              
Validation Results: {
    "ci": 0.8111,
    "classification_loss": 0.0,
    "cluster_loss": 0.0,
    "mae": 0.5437,
    "mse": 0.6139,
    "multiclassification_loss": 0.0,
    "ortho_loss": 0.0,
    "pearson": 0.8072,
    "regression_loss": 0.6111,
    "rm2": 0.6489,
    "rmse": 0.7835,
    "sd": 0.7784,
    "spearman": 0.7946,
    "spectral_loss": 0.0
}
                              
Test Results: {
    "ci": 0.8171,
    "classification_loss": 0.0,
    "cluster_loss": 0.0,
    "mae": 0.5383,
    "mse": 0.6104,
    "multiclassification_loss": 0.0,
    "ortho_loss": 0.0,
    "pearson": 0.8012,
    "regression_loss": 0.6097,
    "rm2": 0.6361,
    "rmse": 0.7813,
    "sd": 0.7752,
    "spearman": 0.8084,
    "spectral_loss": 0.0
}
                              
                              
----------------------------------------
Epoch 044 with LR 0.000100: Model Results
----------------------------------------
Train MSE Loss: 0.3138, Train CLS Loss: 0.0000, Train MCLS Loss: 0.0000
Protein Cluster Region Loss - Ortho Loss: 0.0000, Cluster Loss: 0.0000
                              
Validation Results: {
    "ci": 0.8177,
    "classification_loss": 0.0,
    "cluster_loss": 0.0,
    "mae": 0.5328,
    "mse": 0.5813,
    "multiclassification_loss": 0.0,
    "ortho_loss": 0.0,
    "pearson": 0.8163,
    "regression_loss": 0.5788,
    "rm2": 0.6611,
    "rmse": 0.7625,
    "sd": 0.7617,
    "spearman": 0.8084,
    "spectral_loss": 0.0
}
                              
Test Results: {
    "ci": 0.8178,
    "classification_loss": 0.0,
    "cluster_loss": 0.0,
    "mae": 0.5359,
    "mse": 0.5983,
    "multiclassification_loss": 0.0,
    "ortho_loss": 0.0,
    "pearson": 0.8034,
    "regression_loss": 0.5976,
    "rm2": 0.6373,
    "rmse": 0.7735,
    "sd": 0.7715,
    "spearman": 0.8101,
    "spectral_loss": 0.0
}
                              
                              
----------------------------------------
Epoch 045 with LR 0.000100: Model Results
----------------------------------------
Train MSE Loss: 0.3113, Train CLS Loss: 0.0000, Train MCLS Loss: 0.0000
Protein Cluster Region Loss - Ortho Loss: 0.0000, Cluster Loss: 0.0000
                              
Validation Results: {
    "ci": 0.8146,
    "classification_loss": 0.0,
    "cluster_loss": 0.0,
    "mae": 0.5434,
    "mse": 0.6111,
    "multiclassification_loss": 0.0,
    "ortho_loss": 0.0,
    "pearson": 0.8114,
    "regression_loss": 0.6083,
    "rm2": 0.6518,
    "rmse": 0.7817,
    "sd": 0.7707,
    "spearman": 0.8037,
    "spectral_loss": 0.0
}
                              
Test Results: {
    "ci": 0.8178,
    "classification_loss": 0.0,
    "cluster_loss": 0.0,
    "mae": 0.5359,
    "mse": 0.5983,
    "multiclassification_loss": 0.0,
    "ortho_loss": 0.0,
    "pearson": 0.8034,
    "regression_loss": 0.5976,
    "rm2": 0.6373,
    "rmse": 0.7735,
    "sd": 0.7715,
    "spearman": 0.8101,
    "spectral_loss": 0.0
}
                              
                              
----------------------------------------
Epoch 046 with LR 0.000100: Model Results
----------------------------------------
Train MSE Loss: 0.3093, Train CLS Loss: 0.0000, Train MCLS Loss: 0.0000
Protein Cluster Region Loss - Ortho Loss: 0.0000, Cluster Loss: 0.0000
                              
Validation Results: {
    "ci": 0.8152,
    "classification_loss": 0.0,
    "cluster_loss": 0.0,
    "mae": 0.5421,
    "mse": 0.6151,
    "multiclassification_loss": 0.0,
    "ortho_loss": 0.0,
    "pearson": 0.8094,
    "regression_loss": 0.6124,
    "rm2": 0.6088,
    "rmse": 0.7843,
    "sd": 0.7743,
    "spearman": 0.8026,
    "spectral_loss": 0.0
}
                              
Test Results: {
    "ci": 0.8178,
    "classification_loss": 0.0,
    "cluster_loss": 0.0,
    "mae": 0.5359,
    "mse": 0.5983,
    "multiclassification_loss": 0.0,
    "ortho_loss": 0.0,
    "pearson": 0.8034,
    "regression_loss": 0.5976,
    "rm2": 0.6373,
    "rmse": 0.7735,
    "sd": 0.7715,
    "spearman": 0.8101,
    "spectral_loss": 0.0
}
                              
                              
----------------------------------------
Epoch 047 with LR 0.000100: Model Results
----------------------------------------
Train MSE Loss: 0.3047, Train CLS Loss: 0.0000, Train MCLS Loss: 0.0000
Protein Cluster Region Loss - Ortho Loss: 0.0000, Cluster Loss: 0.0000
                              
Validation Results: {
    "ci": 0.8131,
    "classification_loss": 0.0,
    "cluster_loss": 0.0,
    "mae": 0.5496,
    "mse": 0.6232,
    "multiclassification_loss": 0.0,
    "ortho_loss": 0.0,
    "pearson": 0.8109,
    "regression_loss": 0.6203,
    "rm2": 0.6133,
    "rmse": 0.7894,
    "sd": 0.7716,
    "spearman": 0.7988,
    "spectral_loss": 0.0
}
                              
Test Results: {
    "ci": 0.8178,
    "classification_loss": 0.0,
    "cluster_loss": 0.0,
    "mae": 0.5359,
    "mse": 0.5983,
    "multiclassification_loss": 0.0,
    "ortho_loss": 0.0,
    "pearson": 0.8034,
    "regression_loss": 0.5976,
    "rm2": 0.6373,
    "rmse": 0.7735,
    "sd": 0.7715,
    "spearman": 0.8101,
    "spectral_loss": 0.0
}
                              
                              
----------------------------------------
Epoch 048 with LR 0.000100: Model Results
----------------------------------------
Train MSE Loss: 0.3024, Train CLS Loss: 0.0000, Train MCLS Loss: 0.0000
Protein Cluster Region Loss - Ortho Loss: 0.0000, Cluster Loss: 0.0000
                              
Validation Results: {
    "ci": 0.8199,
    "classification_loss": 0.0,
    "cluster_loss": 0.0,
    "mae": 0.5237,
    "mse": 0.5836,
    "multiclassification_loss": 0.0,
    "ortho_loss": 0.0,
    "pearson": 0.8169,
    "regression_loss": 0.5816,
    "rm2": 0.6409,
    "rmse": 0.7639,
    "sd": 0.7606,
    "spearman": 0.809,
    "spectral_loss": 0.0
}
                              
Test Results: {
    "ci": 0.8178,
    "classification_loss": 0.0,
    "cluster_loss": 0.0,
    "mae": 0.5359,
    "mse": 0.5983,
    "multiclassification_loss": 0.0,
    "ortho_loss": 0.0,
    "pearson": 0.8034,
    "regression_loss": 0.5976,
    "rm2": 0.6373,
    "rmse": 0.7735,
    "sd": 0.7715,
    "spearman": 0.8101,
    "spectral_loss": 0.0
}
                              
                              
----------------------------------------
Epoch 049 with LR 0.000100: Model Results
----------------------------------------
Train MSE Loss: 0.2996, Train CLS Loss: 0.0000, Train MCLS Loss: 0.0000
Protein Cluster Region Loss - Ortho Loss: 0.0000, Cluster Loss: 0.0000
                              
Validation Results: {
    "ci": 0.8182,
    "classification_loss": 0.0,
    "cluster_loss": 0.0,
    "mae": 0.5255,
    "mse": 0.5858,
    "multiclassification_loss": 0.0,
    "ortho_loss": 0.0,
    "pearson": 0.8153,
    "regression_loss": 0.583,
    "rm2": 0.6607,
    "rmse": 0.7654,
    "sd": 0.7635,
    "spearman": 0.8076,
    "spectral_loss": 0.0
}
                              
Test Results: {
    "ci": 0.8178,
    "classification_loss": 0.0,
    "cluster_loss": 0.0,
    "mae": 0.5359,
    "mse": 0.5983,
    "multiclassification_loss": 0.0,
    "ortho_loss": 0.0,
    "pearson": 0.8034,
    "regression_loss": 0.5976,
    "rm2": 0.6373,
    "rmse": 0.7735,
    "sd": 0.7715,
    "spearman": 0.8101,
    "spectral_loss": 0.0
}
                              
                              
----------------------------------------
Epoch 050 with LR 0.000100: Model Results
----------------------------------------
Train MSE Loss: 0.2970, Train CLS Loss: 0.0000, Train MCLS Loss: 0.0000
Protein Cluster Region Loss - Ortho Loss: 0.0000, Cluster Loss: 0.0000
                              
Validation Results: {
    "ci": 0.8162,
    "classification_loss": 0.0,
    "cluster_loss": 0.0,
    "mae": 0.538,
    "mse": 0.6063,
    "multiclassification_loss": 0.0,
    "ortho_loss": 0.0,
    "pearson": 0.8131,
    "regression_loss": 0.6037,
    "rm2": 0.6592,
    "rmse": 0.7786,
    "sd": 0.7677,
    "spearman": 0.8062,
    "spectral_loss": 0.0
}
                              
Test Results: {
    "ci": 0.8178,
    "classification_loss": 0.0,
    "cluster_loss": 0.0,
    "mae": 0.5359,
    "mse": 0.5983,
    "multiclassification_loss": 0.0,
    "ortho_loss": 0.0,
    "pearson": 0.8034,
    "regression_loss": 0.5976,
    "rm2": 0.6373,
    "rmse": 0.7735,
    "sd": 0.7715,
    "spearman": 0.8101,
    "spectral_loss": 0.0
}
                              
                              
----------------------------------------
Epoch 051 with LR 0.000100: Model Results
----------------------------------------
Train MSE Loss: 0.2952, Train CLS Loss: 0.0000, Train MCLS Loss: 0.0000
Protein Cluster Region Loss - Ortho Loss: 0.0000, Cluster Loss: 0.0000
                              
Validation Results: {
    "ci": 0.8153,
    "classification_loss": 0.0,
    "cluster_loss": 0.0,
    "mae": 0.5335,
    "mse": 0.6031,
    "multiclassification_loss": 0.0,
    "ortho_loss": 0.0,
    "pearson": 0.812,
    "regression_loss": 0.6004,
    "rm2": 0.647,
    "rmse": 0.7766,
    "sd": 0.7696,
    "spearman": 0.8019,
    "spectral_loss": 0.0
}
                              
Test Results: {
    "ci": 0.8178,
    "classification_loss": 0.0,
    "cluster_loss": 0.0,
    "mae": 0.5359,
    "mse": 0.5983,
    "multiclassification_loss": 0.0,
    "ortho_loss": 0.0,
    "pearson": 0.8034,
    "regression_loss": 0.5976,
    "rm2": 0.6373,
    "rmse": 0.7735,
    "sd": 0.7715,
    "spearman": 0.8101,
    "spectral_loss": 0.0
}
                              
                              
----------------------------------------
Epoch 052 with LR 0.000100: Model Results
----------------------------------------
Train MSE Loss: 0.2947, Train CLS Loss: 0.0000, Train MCLS Loss: 0.0000
Protein Cluster Region Loss - Ortho Loss: 0.0000, Cluster Loss: 0.0000
                              
Validation Results: {
    "ci": 0.8179,
    "classification_loss": 0.0,
    "cluster_loss": 0.0,
    "mae": 0.5304,
    "mse": 0.592,
    "multiclassification_loss": 0.0,
    "ortho_loss": 0.0,
    "pearson": 0.8149,
    "regression_loss": 0.5895,
    "rm2": 0.6479,
    "rmse": 0.7694,
    "sd": 0.7643,
    "spearman": 0.8079,
    "spectral_loss": 0.0
}
                              
Test Results: {
    "ci": 0.8178,
    "classification_loss": 0.0,
    "cluster_loss": 0.0,
    "mae": 0.5359,
    "mse": 0.5983,
    "multiclassification_loss": 0.0,
    "ortho_loss": 0.0,
    "pearson": 0.8034,
    "regression_loss": 0.5976,
    "rm2": 0.6373,
    "rmse": 0.7735,
    "sd": 0.7715,
    "spearman": 0.8101,
    "spectral_loss": 0.0
}
                              
                              
----------------------------------------
Epoch 053 with LR 0.000100: Model Results
----------------------------------------
Train MSE Loss: 0.2901, Train CLS Loss: 0.0000, Train MCLS Loss: 0.0000
Protein Cluster Region Loss - Ortho Loss: 0.0000, Cluster Loss: 0.0000
                              
Validation Results: {
    "ci": 0.8193,
    "classification_loss": 0.0,
    "cluster_loss": 0.0,
    "mae": 0.5266,
    "mse": 0.5879,
    "multiclassification_loss": 0.0,
    "ortho_loss": 0.0,
    "pearson": 0.8183,
    "regression_loss": 0.5858,
    "rm2": 0.6471,
    "rmse": 0.7667,
    "sd": 0.758,
    "spearman": 0.8102,
    "spectral_loss": 0.0
}
                              
Test Results: {
    "ci": 0.8178,
    "classification_loss": 0.0,
    "cluster_loss": 0.0,
    "mae": 0.5359,
    "mse": 0.5983,
    "multiclassification_loss": 0.0,
    "ortho_loss": 0.0,
    "pearson": 0.8034,
    "regression_loss": 0.5976,
    "rm2": 0.6373,
    "rmse": 0.7735,
    "sd": 0.7715,
    "spearman": 0.8101,
    "spectral_loss": 0.0
}
                              
                              
----------------------------------------
Epoch 054 with LR 0.000100: Model Results
----------------------------------------
Train MSE Loss: 0.2885, Train CLS Loss: 0.0000, Train MCLS Loss: 0.0000
Protein Cluster Region Loss - Ortho Loss: 0.0000, Cluster Loss: 0.0000
                              
Validation Results: {
    "ci": 0.8164,
    "classification_loss": 0.0,
    "cluster_loss": 0.0,
    "mae": 0.5346,
    "mse": 0.5974,
    "multiclassification_loss": 0.0,
    "ortho_loss": 0.0,
    "pearson": 0.8153,
    "regression_loss": 0.5949,
    "rm2": 0.6424,
    "rmse": 0.7729,
    "sd": 0.7636,
    "spearman": 0.8048,
    "spectral_loss": 0.0
}
                              
Test Results: {
    "ci": 0.8178,
    "classification_loss": 0.0,
    "cluster_loss": 0.0,
    "mae": 0.5359,
    "mse": 0.5983,
    "multiclassification_loss": 0.0,
    "ortho_loss": 0.0,
    "pearson": 0.8034,
    "regression_loss": 0.5976,
    "rm2": 0.6373,
    "rmse": 0.7735,
    "sd": 0.7715,
    "spearman": 0.8101,
    "spectral_loss": 0.0
}
                              
                              
----------------------------------------
Epoch 055 with LR 0.000100: Model Results
----------------------------------------
Train MSE Loss: 0.2853, Train CLS Loss: 0.0000, Train MCLS Loss: 0.0000
Protein Cluster Region Loss - Ortho Loss: 0.0000, Cluster Loss: 0.0000
                              
Validation Results: {
    "ci": 0.8149,
    "classification_loss": 0.0,
    "cluster_loss": 0.0,
    "mae": 0.5413,
    "mse": 0.6213,
    "multiclassification_loss": 0.0,
    "ortho_loss": 0.0,
    "pearson": 0.808,
    "regression_loss": 0.6189,
    "rm2": 0.6444,
    "rmse": 0.7882,
    "sd": 0.7769,
    "spearman": 0.8019,
    "spectral_loss": 0.0
}
                              
Test Results: {
    "ci": 0.8178,
    "classification_loss": 0.0,
    "cluster_loss": 0.0,
    "mae": 0.5359,
    "mse": 0.5983,
    "multiclassification_loss": 0.0,
    "ortho_loss": 0.0,
    "pearson": 0.8034,
    "regression_loss": 0.5976,
    "rm2": 0.6373,
    "rmse": 0.7735,
    "sd": 0.7715,
    "spearman": 0.8101,
    "spectral_loss": 0.0
}
                              
                              
----------------------------------------
Epoch 056 with LR 0.000100: Model Results
----------------------------------------
Train MSE Loss: 0.2831, Train CLS Loss: 0.0000, Train MCLS Loss: 0.0000
Protein Cluster Region Loss - Ortho Loss: 0.0000, Cluster Loss: 0.0000
                              
Validation Results: {
    "ci": 0.8196,
    "classification_loss": 0.0,
    "cluster_loss": 0.0,
    "mae": 0.5258,
    "mse": 0.5797,
    "multiclassification_loss": 0.0,
    "ortho_loss": 0.0,
    "pearson": 0.8193,
    "regression_loss": 0.5775,
    "rm2": 0.6521,
    "rmse": 0.7614,
    "sd": 0.7561,
    "spearman": 0.8104,
    "spectral_loss": 0.0
}
                              
Test Results: {
    "ci": 0.822,
    "classification_loss": 0.0,
    "cluster_loss": 0.0,
    "mae": 0.5241,
    "mse": 0.5899,
    "multiclassification_loss": 0.0,
    "ortho_loss": 0.0,
    "pearson": 0.8099,
    "regression_loss": 0.5892,
    "rm2": 0.6289,
    "rmse": 0.7681,
    "sd": 0.76,
    "spearman": 0.8164,
    "spectral_loss": 0.0
}
                              
                              
----------------------------------------
Epoch 057 with LR 0.000100: Model Results
----------------------------------------
Train MSE Loss: 0.2820, Train CLS Loss: 0.0000, Train MCLS Loss: 0.0000
Protein Cluster Region Loss - Ortho Loss: 0.0000, Cluster Loss: 0.0000
                              
Validation Results: {
    "ci": 0.8199,
    "classification_loss": 0.0,
    "cluster_loss": 0.0,
    "mae": 0.5224,
    "mse": 0.5723,
    "multiclassification_loss": 0.0,
    "ortho_loss": 0.0,
    "pearson": 0.821,
    "regression_loss": 0.5696,
    "rm2": 0.6723,
    "rmse": 0.7565,
    "sd": 0.7529,
    "spearman": 0.8107,
    "spectral_loss": 0.0
}
                              
Test Results: {
    "ci": 0.8221,
    "classification_loss": 0.0,
    "cluster_loss": 0.0,
    "mae": 0.5227,
    "mse": 0.5954,
    "multiclassification_loss": 0.0,
    "ortho_loss": 0.0,
    "pearson": 0.8077,
    "regression_loss": 0.5947,
    "rm2": 0.6462,
    "rmse": 0.7716,
    "sd": 0.7637,
    "spearman": 0.8155,
    "spectral_loss": 0.0
}
                              
                              
----------------------------------------
Epoch 058 with LR 0.000100: Model Results
----------------------------------------
Train MSE Loss: 0.2810, Train CLS Loss: 0.0000, Train MCLS Loss: 0.0000
Protein Cluster Region Loss - Ortho Loss: 0.0000, Cluster Loss: 0.0000
                              
Validation Results: {
    "ci": 0.8195,
    "classification_loss": 0.0,
    "cluster_loss": 0.0,
    "mae": 0.5251,
    "mse": 0.5806,
    "multiclassification_loss": 0.0,
    "ortho_loss": 0.0,
    "pearson": 0.8185,
    "regression_loss": 0.5787,
    "rm2": 0.6444,
    "rmse": 0.762,
    "sd": 0.7575,
    "spearman": 0.8098,
    "spectral_loss": 0.0
}
                              
Test Results: {
    "ci": 0.8221,
    "classification_loss": 0.0,
    "cluster_loss": 0.0,
    "mae": 0.5227,
    "mse": 0.5954,
    "multiclassification_loss": 0.0,
    "ortho_loss": 0.0,
    "pearson": 0.8077,
    "regression_loss": 0.5947,
    "rm2": 0.6462,
    "rmse": 0.7716,
    "sd": 0.7637,
    "spearman": 0.8155,
    "spectral_loss": 0.0
}
                              
                              
----------------------------------------
Epoch 059 with LR 0.000100: Model Results
----------------------------------------
Train MSE Loss: 0.2784, Train CLS Loss: 0.0000, Train MCLS Loss: 0.0000
Protein Cluster Region Loss - Ortho Loss: 0.0000, Cluster Loss: 0.0000
                              
Validation Results: {
    "ci": 0.8203,
    "classification_loss": 0.0,
    "cluster_loss": 0.0,
    "mae": 0.5195,
    "mse": 0.5756,
    "multiclassification_loss": 0.0,
    "ortho_loss": 0.0,
    "pearson": 0.8193,
    "regression_loss": 0.5731,
    "rm2": 0.6693,
    "rmse": 0.7587,
    "sd": 0.7561,
    "spearman": 0.8115,
    "spectral_loss": 0.0
}
                              
Test Results: {
    "ci": 0.8221,
    "classification_loss": 0.0,
    "cluster_loss": 0.0,
    "mae": 0.5227,
    "mse": 0.5954,
    "multiclassification_loss": 0.0,
    "ortho_loss": 0.0,
    "pearson": 0.8077,
    "regression_loss": 0.5947,
    "rm2": 0.6462,
    "rmse": 0.7716,
    "sd": 0.7637,
    "spearman": 0.8155,
    "spectral_loss": 0.0
}
                              
                              
----------------------------------------
Epoch 060 with LR 0.000100: Model Results
----------------------------------------
Train MSE Loss: 0.2755, Train CLS Loss: 0.0000, Train MCLS Loss: 0.0000
Protein Cluster Region Loss - Ortho Loss: 0.0000, Cluster Loss: 0.0000
                              
Validation Results: {
    "ci": 0.8199,
    "classification_loss": 0.0,
    "cluster_loss": 0.0,
    "mae": 0.5206,
    "mse": 0.5759,
    "multiclassification_loss": 0.0,
    "ortho_loss": 0.0,
    "pearson": 0.8218,
    "regression_loss": 0.574,
    "rm2": 0.6689,
    "rmse": 0.7589,
    "sd": 0.7512,
    "spearman": 0.8105,
    "spectral_loss": 0.0
}
                              
Test Results: {
    "ci": 0.8221,
    "classification_loss": 0.0,
    "cluster_loss": 0.0,
    "mae": 0.5227,
    "mse": 0.5954,
    "multiclassification_loss": 0.0,
    "ortho_loss": 0.0,
    "pearson": 0.8077,
    "regression_loss": 0.5947,
    "rm2": 0.6462,
    "rmse": 0.7716,
    "sd": 0.7637,
    "spearman": 0.8155,
    "spectral_loss": 0.0
}
                              
                              
----------------------------------------
Epoch 061 with LR 0.000100: Model Results
----------------------------------------
Train MSE Loss: 0.2751, Train CLS Loss: 0.0000, Train MCLS Loss: 0.0000
Protein Cluster Region Loss - Ortho Loss: 0.0000, Cluster Loss: 0.0000
                              
Validation Results: {
    "ci": 0.8181,
    "classification_loss": 0.0,
    "cluster_loss": 0.0,
    "mae": 0.5257,
    "mse": 0.582,
    "multiclassification_loss": 0.0,
    "ortho_loss": 0.0,
    "pearson": 0.8177,
    "regression_loss": 0.5793,
    "rm2": 0.6371,
    "rmse": 0.7629,
    "sd": 0.759,
    "spearman": 0.807,
    "spectral_loss": 0.0
}
                              
Test Results: {
    "ci": 0.8221,
    "classification_loss": 0.0,
    "cluster_loss": 0.0,
    "mae": 0.5227,
    "mse": 0.5954,
    "multiclassification_loss": 0.0,
    "ortho_loss": 0.0,
    "pearson": 0.8077,
    "regression_loss": 0.5947,
    "rm2": 0.6462,
    "rmse": 0.7716,
    "sd": 0.7637,
    "spearman": 0.8155,
    "spectral_loss": 0.0
}
                              
                              
----------------------------------------
Epoch 062 with LR 0.000100: Model Results
----------------------------------------
Train MSE Loss: 0.2729, Train CLS Loss: 0.0000, Train MCLS Loss: 0.0000
Protein Cluster Region Loss - Ortho Loss: 0.0000, Cluster Loss: 0.0000
                              
Validation Results: {
    "ci": 0.8219,
    "classification_loss": 0.0,
    "cluster_loss": 0.0,
    "mae": 0.5169,
    "mse": 0.5673,
    "multiclassification_loss": 0.0,
    "ortho_loss": 0.0,
    "pearson": 0.8226,
    "regression_loss": 0.5649,
    "rm2": 0.6588,
    "rmse": 0.7532,
    "sd": 0.7498,
    "spearman": 0.8144,
    "spectral_loss": 0.0
}
                              
Test Results: {
    "ci": 0.8221,
    "classification_loss": 0.0,
    "cluster_loss": 0.0,
    "mae": 0.5203,
    "mse": 0.5817,
    "multiclassification_loss": 0.0,
    "ortho_loss": 0.0,
    "pearson": 0.8117,
    "regression_loss": 0.581,
    "rm2": 0.6295,
    "rmse": 0.7627,
    "sd": 0.7567,
    "spearman": 0.8162,
    "spectral_loss": 0.0
}
                              
                              
----------------------------------------
Epoch 063 with LR 0.000100: Model Results
----------------------------------------
Train MSE Loss: 0.2715, Train CLS Loss: 0.0000, Train MCLS Loss: 0.0000
Protein Cluster Region Loss - Ortho Loss: 0.0000, Cluster Loss: 0.0000
                              
Validation Results: {
    "ci": 0.822,
    "classification_loss": 0.0,
    "cluster_loss": 0.0,
    "mae": 0.516,
    "mse": 0.5764,
    "multiclassification_loss": 0.0,
    "ortho_loss": 0.0,
    "pearson": 0.821,
    "regression_loss": 0.5738,
    "rm2": 0.6582,
    "rmse": 0.7592,
    "sd": 0.7529,
    "spearman": 0.8125,
    "spectral_loss": 0.0
}
                              
Test Results: {
    "ci": 0.8221,
    "classification_loss": 0.0,
    "cluster_loss": 0.0,
    "mae": 0.5203,
    "mse": 0.5817,
    "multiclassification_loss": 0.0,
    "ortho_loss": 0.0,
    "pearson": 0.8117,
    "regression_loss": 0.581,
    "rm2": 0.6295,
    "rmse": 0.7627,
    "sd": 0.7567,
    "spearman": 0.8162,
    "spectral_loss": 0.0
}
                              
                              
----------------------------------------
Epoch 064 with LR 0.000100: Model Results
----------------------------------------
Train MSE Loss: 0.2687, Train CLS Loss: 0.0000, Train MCLS Loss: 0.0000
Protein Cluster Region Loss - Ortho Loss: 0.0000, Cluster Loss: 0.0000
                              
Validation Results: {
    "ci": 0.8212,
    "classification_loss": 0.0,
    "cluster_loss": 0.0,
    "mae": 0.5218,
    "mse": 0.5729,
    "multiclassification_loss": 0.0,
    "ortho_loss": 0.0,
    "pearson": 0.8231,
    "regression_loss": 0.5708,
    "rm2": 0.6586,
    "rmse": 0.7569,
    "sd": 0.7489,
    "spearman": 0.8138,
    "spectral_loss": 0.0
}
                              
Test Results: {
    "ci": 0.8221,
    "classification_loss": 0.0,
    "cluster_loss": 0.0,
    "mae": 0.5203,
    "mse": 0.5817,
    "multiclassification_loss": 0.0,
    "ortho_loss": 0.0,
    "pearson": 0.8117,
    "regression_loss": 0.581,
    "rm2": 0.6295,
    "rmse": 0.7627,
    "sd": 0.7567,
    "spearman": 0.8162,
    "spectral_loss": 0.0
}
                              
                              
----------------------------------------
Epoch 065 with LR 0.000100: Model Results
----------------------------------------
Train MSE Loss: 0.2676, Train CLS Loss: 0.0000, Train MCLS Loss: 0.0000
Protein Cluster Region Loss - Ortho Loss: 0.0000, Cluster Loss: 0.0000
                              
Validation Results: {
    "ci": 0.821,
    "classification_loss": 0.0,
    "cluster_loss": 0.0,
    "mae": 0.5187,
    "mse": 0.5775,
    "multiclassification_loss": 0.0,
    "ortho_loss": 0.0,
    "pearson": 0.8193,
    "regression_loss": 0.5748,
    "rm2": 0.6704,
    "rmse": 0.7599,
    "sd": 0.756,
    "spearman": 0.8114,
    "spectral_loss": 0.0
}
                              
Test Results: {
    "ci": 0.8221,
    "classification_loss": 0.0,
    "cluster_loss": 0.0,
    "mae": 0.5203,
    "mse": 0.5817,
    "multiclassification_loss": 0.0,
    "ortho_loss": 0.0,
    "pearson": 0.8117,
    "regression_loss": 0.581,
    "rm2": 0.6295,
    "rmse": 0.7627,
    "sd": 0.7567,
    "spearman": 0.8162,
    "spectral_loss": 0.0
}
                              
                              
----------------------------------------
Epoch 066 with LR 0.000100: Model Results
----------------------------------------
Train MSE Loss: 0.2652, Train CLS Loss: 0.0000, Train MCLS Loss: 0.0000
Protein Cluster Region Loss - Ortho Loss: 0.0000, Cluster Loss: 0.0000
                              
Validation Results: {
    "ci": 0.8235,
    "classification_loss": 0.0,
    "cluster_loss": 0.0,
    "mae": 0.514,
    "mse": 0.5553,
    "multiclassification_loss": 0.0,
    "ortho_loss": 0.0,
    "pearson": 0.8262,
    "regression_loss": 0.5529,
    "rm2": 0.6775,
    "rmse": 0.7452,
    "sd": 0.7429,
    "spearman": 0.8172,
    "spectral_loss": 0.0
}
                              
Test Results: {
    "ci": 0.8219,
    "classification_loss": 0.0,
    "cluster_loss": 0.0,
    "mae": 0.5221,
    "mse": 0.5893,
    "multiclassification_loss": 0.0,
    "ortho_loss": 0.0,
    "pearson": 0.8079,
    "regression_loss": 0.5886,
    "rm2": 0.6316,
    "rmse": 0.7677,
    "sd": 0.7635,
    "spearman": 0.8156,
    "spectral_loss": 0.0
}
                              
                              
----------------------------------------
Epoch 067 with LR 0.000100: Model Results
----------------------------------------
Train MSE Loss: 0.2637, Train CLS Loss: 0.0000, Train MCLS Loss: 0.0000
Protein Cluster Region Loss - Ortho Loss: 0.0000, Cluster Loss: 0.0000
                              
Validation Results: {
    "ci": 0.8227,
    "classification_loss": 0.0,
    "cluster_loss": 0.0,
    "mae": 0.5175,
    "mse": 0.5656,
    "multiclassification_loss": 0.0,
    "ortho_loss": 0.0,
    "pearson": 0.8247,
    "regression_loss": 0.563,
    "rm2": 0.6662,
    "rmse": 0.7521,
    "sd": 0.7457,
    "spearman": 0.8161,
    "spectral_loss": 0.0
}
                              
Test Results: {
    "ci": 0.8219,
    "classification_loss": 0.0,
    "cluster_loss": 0.0,
    "mae": 0.5221,
    "mse": 0.5893,
    "multiclassification_loss": 0.0,
    "ortho_loss": 0.0,
    "pearson": 0.8079,
    "regression_loss": 0.5886,
    "rm2": 0.6316,
    "rmse": 0.7677,
    "sd": 0.7635,
    "spearman": 0.8156,
    "spectral_loss": 0.0
}
                              
                              
----------------------------------------
Epoch 068 with LR 0.000100: Model Results
----------------------------------------
Train MSE Loss: 0.2613, Train CLS Loss: 0.0000, Train MCLS Loss: 0.0000
Protein Cluster Region Loss - Ortho Loss: 0.0000, Cluster Loss: 0.0000
                              
Validation Results: {
    "ci": 0.8234,
    "classification_loss": 0.0,
    "cluster_loss": 0.0,
    "mae": 0.5167,
    "mse": 0.5747,
    "multiclassification_loss": 0.0,
    "ortho_loss": 0.0,
    "pearson": 0.8233,
    "regression_loss": 0.5729,
    "rm2": 0.6519,
    "rmse": 0.7581,
    "sd": 0.7484,
    "spearman": 0.8161,
    "spectral_loss": 0.0
}
                              
Test Results: {
    "ci": 0.8219,
    "classification_loss": 0.0,
    "cluster_loss": 0.0,
    "mae": 0.5221,
    "mse": 0.5893,
    "multiclassification_loss": 0.0,
    "ortho_loss": 0.0,
    "pearson": 0.8079,
    "regression_loss": 0.5886,
    "rm2": 0.6316,
    "rmse": 0.7677,
    "sd": 0.7635,
    "spearman": 0.8156,
    "spectral_loss": 0.0
}
                              
                              
----------------------------------------
Epoch 069 with LR 0.000100: Model Results
----------------------------------------
Train MSE Loss: 0.2621, Train CLS Loss: 0.0000, Train MCLS Loss: 0.0000
Protein Cluster Region Loss - Ortho Loss: 0.0000, Cluster Loss: 0.0000
                              
Validation Results: {
    "ci": 0.8223,
    "classification_loss": 0.0,
    "cluster_loss": 0.0,
    "mae": 0.5184,
    "mse": 0.5741,
    "multiclassification_loss": 0.0,
    "ortho_loss": 0.0,
    "pearson": 0.8216,
    "regression_loss": 0.5715,
    "rm2": 0.6406,
    "rmse": 0.7577,
    "sd": 0.7516,
    "spearman": 0.8145,
    "spectral_loss": 0.0
}
                              
Test Results: {
    "ci": 0.8219,
    "classification_loss": 0.0,
    "cluster_loss": 0.0,
    "mae": 0.5221,
    "mse": 0.5893,
    "multiclassification_loss": 0.0,
    "ortho_loss": 0.0,
    "pearson": 0.8079,
    "regression_loss": 0.5886,
    "rm2": 0.6316,
    "rmse": 0.7677,
    "sd": 0.7635,
    "spearman": 0.8156,
    "spectral_loss": 0.0
}
                              
                              
----------------------------------------
Epoch 070 with LR 0.000100: Model Results
----------------------------------------
Train MSE Loss: 0.2597, Train CLS Loss: 0.0000, Train MCLS Loss: 0.0000
Protein Cluster Region Loss - Ortho Loss: 0.0000, Cluster Loss: 0.0000
                              
Validation Results: {
    "ci": 0.8232,
    "classification_loss": 0.0,
    "cluster_loss": 0.0,
    "mae": 0.5104,
    "mse": 0.563,
    "multiclassification_loss": 0.0,
    "ortho_loss": 0.0,
    "pearson": 0.8243,
    "regression_loss": 0.5605,
    "rm2": 0.672,
    "rmse": 0.7503,
    "sd": 0.7466,
    "spearman": 0.8151,
    "spectral_loss": 0.0
}
                              
Test Results: {
    "ci": 0.8219,
    "classification_loss": 0.0,
    "cluster_loss": 0.0,
    "mae": 0.5221,
    "mse": 0.5893,
    "multiclassification_loss": 0.0,
    "ortho_loss": 0.0,
    "pearson": 0.8079,
    "regression_loss": 0.5886,
    "rm2": 0.6316,
    "rmse": 0.7677,
    "sd": 0.7635,
    "spearman": 0.8156,
    "spectral_loss": 0.0
}
                              
                              
----------------------------------------
Epoch 071 with LR 0.000100: Model Results
----------------------------------------
Train MSE Loss: 0.2599, Train CLS Loss: 0.0000, Train MCLS Loss: 0.0000
Protein Cluster Region Loss - Ortho Loss: 0.0000, Cluster Loss: 0.0000
                              
Validation Results: {
    "ci": 0.8241,
    "classification_loss": 0.0,
    "cluster_loss": 0.0,
    "mae": 0.5116,
    "mse": 0.5575,
    "multiclassification_loss": 0.0,
    "ortho_loss": 0.0,
    "pearson": 0.8272,
    "regression_loss": 0.5553,
    "rm2": 0.6797,
    "rmse": 0.7467,
    "sd": 0.741,
    "spearman": 0.8183,
    "spectral_loss": 0.0
}
                              
Test Results: {
    "ci": 0.8219,
    "classification_loss": 0.0,
    "cluster_loss": 0.0,
    "mae": 0.5221,
    "mse": 0.5893,
    "multiclassification_loss": 0.0,
    "ortho_loss": 0.0,
    "pearson": 0.8079,
    "regression_loss": 0.5886,
    "rm2": 0.6316,
    "rmse": 0.7677,
    "sd": 0.7635,
    "spearman": 0.8156,
    "spectral_loss": 0.0
}
                              
                              
----------------------------------------
Epoch 072 with LR 0.000100: Model Results
----------------------------------------
Train MSE Loss: 0.2560, Train CLS Loss: 0.0000, Train MCLS Loss: 0.0000
Protein Cluster Region Loss - Ortho Loss: 0.0000, Cluster Loss: 0.0000
                              
Validation Results: {
    "ci": 0.8202,
    "classification_loss": 0.0,
    "cluster_loss": 0.0,
    "mae": 0.5251,
    "mse": 0.5874,
    "multiclassification_loss": 0.0,
    "ortho_loss": 0.0,
    "pearson": 0.8181,
    "regression_loss": 0.5854,
    "rm2": 0.6437,
    "rmse": 0.7664,
    "sd": 0.7584,
    "spearman": 0.8099,
    "spectral_loss": 0.0
}
                              
Test Results: {
    "ci": 0.8219,
    "classification_loss": 0.0,
    "cluster_loss": 0.0,
    "mae": 0.5221,
    "mse": 0.5893,
    "multiclassification_loss": 0.0,
    "ortho_loss": 0.0,
    "pearson": 0.8079,
    "regression_loss": 0.5886,
    "rm2": 0.6316,
    "rmse": 0.7677,
    "sd": 0.7635,
    "spearman": 0.8156,
    "spectral_loss": 0.0
}
                              
                              
----------------------------------------
Epoch 073 with LR 0.000100: Model Results
----------------------------------------
Train MSE Loss: 0.2560, Train CLS Loss: 0.0000, Train MCLS Loss: 0.0000
Protein Cluster Region Loss - Ortho Loss: 0.0000, Cluster Loss: 0.0000
                              
Validation Results: {
    "ci": 0.8245,
    "classification_loss": 0.0,
    "cluster_loss": 0.0,
    "mae": 0.5164,
    "mse": 0.5737,
    "multiclassification_loss": 0.0,
    "ortho_loss": 0.0,
    "pearson": 0.8251,
    "regression_loss": 0.5712,
    "rm2": 0.6658,
    "rmse": 0.7575,
    "sd": 0.7451,
    "spearman": 0.8197,
    "spectral_loss": 0.0
}
                              
Test Results: {
    "ci": 0.8219,
    "classification_loss": 0.0,
    "cluster_loss": 0.0,
    "mae": 0.5221,
    "mse": 0.5893,
    "multiclassification_loss": 0.0,
    "ortho_loss": 0.0,
    "pearson": 0.8079,
    "regression_loss": 0.5886,
    "rm2": 0.6316,
    "rmse": 0.7677,
    "sd": 0.7635,
    "spearman": 0.8156,
    "spectral_loss": 0.0
}
                              
                              
----------------------------------------
Epoch 074 with LR 0.000100: Model Results
----------------------------------------
Train MSE Loss: 0.2538, Train CLS Loss: 0.0000, Train MCLS Loss: 0.0000
Protein Cluster Region Loss - Ortho Loss: 0.0000, Cluster Loss: 0.0000
                              
Validation Results: {
    "ci": 0.8238,
    "classification_loss": 0.0,
    "cluster_loss": 0.0,
    "mae": 0.5098,
    "mse": 0.5572,
    "multiclassification_loss": 0.0,
    "ortho_loss": 0.0,
    "pearson": 0.8267,
    "regression_loss": 0.555,
    "rm2": 0.6564,
    "rmse": 0.7464,
    "sd": 0.742,
    "spearman": 0.8166,
    "spectral_loss": 0.0
}
                              
Test Results: {
    "ci": 0.8219,
    "classification_loss": 0.0,
    "cluster_loss": 0.0,
    "mae": 0.5221,
    "mse": 0.5893,
    "multiclassification_loss": 0.0,
    "ortho_loss": 0.0,
    "pearson": 0.8079,
    "regression_loss": 0.5886,
    "rm2": 0.6316,
    "rmse": 0.7677,
    "sd": 0.7635,
    "spearman": 0.8156,
    "spectral_loss": 0.0
}
                              
                              
----------------------------------------
Epoch 075 with LR 0.000100: Model Results
----------------------------------------
Train MSE Loss: 0.2521, Train CLS Loss: 0.0000, Train MCLS Loss: 0.0000
Protein Cluster Region Loss - Ortho Loss: 0.0000, Cluster Loss: 0.0000
                              
Validation Results: {
    "ci": 0.825,
    "classification_loss": 0.0,
    "cluster_loss": 0.0,
    "mae": 0.5086,
    "mse": 0.5518,
    "multiclassification_loss": 0.0,
    "ortho_loss": 0.0,
    "pearson": 0.8279,
    "regression_loss": 0.5492,
    "rm2": 0.6744,
    "rmse": 0.7428,
    "sd": 0.7396,
    "spearman": 0.8196,
    "spectral_loss": 0.0
}
                              
Test Results: {
    "ci": 0.8244,
    "classification_loss": 0.0,
    "cluster_loss": 0.0,
    "mae": 0.5142,
    "mse": 0.5775,
    "multiclassification_loss": 0.0,
    "ortho_loss": 0.0,
    "pearson": 0.8128,
    "regression_loss": 0.5768,
    "rm2": 0.6581,
    "rmse": 0.7599,
    "sd": 0.7546,
    "spearman": 0.8188,
    "spectral_loss": 0.0
}
                              
                              
----------------------------------------
Epoch 076 with LR 0.000100: Model Results
----------------------------------------
Train MSE Loss: 0.2507, Train CLS Loss: 0.0000, Train MCLS Loss: 0.0000
Protein Cluster Region Loss - Ortho Loss: 0.0000, Cluster Loss: 0.0000
                              
Validation Results: {
    "ci": 0.823,
    "classification_loss": 0.0,
    "cluster_loss": 0.0,
    "mae": 0.5155,
    "mse": 0.5761,
    "multiclassification_loss": 0.0,
    "ortho_loss": 0.0,
    "pearson": 0.8231,
    "regression_loss": 0.5735,
    "rm2": 0.6746,
    "rmse": 0.759,
    "sd": 0.7489,
    "spearman": 0.8154,
    "spectral_loss": 0.0
}
                              
Test Results: {
    "ci": 0.8244,
    "classification_loss": 0.0,
    "cluster_loss": 0.0,
    "mae": 0.5142,
    "mse": 0.5775,
    "multiclassification_loss": 0.0,
    "ortho_loss": 0.0,
    "pearson": 0.8128,
    "regression_loss": 0.5768,
    "rm2": 0.6581,
    "rmse": 0.7599,
    "sd": 0.7546,
    "spearman": 0.8188,
    "spectral_loss": 0.0
}
                              
                              
----------------------------------------
Epoch 077 with LR 0.000100: Model Results
----------------------------------------
Train MSE Loss: 0.2486, Train CLS Loss: 0.0000, Train MCLS Loss: 0.0000
Protein Cluster Region Loss - Ortho Loss: 0.0000, Cluster Loss: 0.0000
                              
Validation Results: {
    "ci": 0.8248,
    "classification_loss": 0.0,
    "cluster_loss": 0.0,
    "mae": 0.51,
    "mse": 0.5565,
    "multiclassification_loss": 0.0,
    "ortho_loss": 0.0,
    "pearson": 0.8273,
    "regression_loss": 0.5541,
    "rm2": 0.6762,
    "rmse": 0.746,
    "sd": 0.7408,
    "spearman": 0.8201,
    "spectral_loss": 0.0
}
                              
Test Results: {
    "ci": 0.8244,
    "classification_loss": 0.0,
    "cluster_loss": 0.0,
    "mae": 0.5142,
    "mse": 0.5775,
    "multiclassification_loss": 0.0,
    "ortho_loss": 0.0,
    "pearson": 0.8128,
    "regression_loss": 0.5768,
    "rm2": 0.6581,
    "rmse": 0.7599,
    "sd": 0.7546,
    "spearman": 0.8188,
    "spectral_loss": 0.0
}
                              
                              
----------------------------------------
Epoch 078 with LR 0.000100: Model Results
----------------------------------------
Train MSE Loss: 0.2489, Train CLS Loss: 0.0000, Train MCLS Loss: 0.0000
Protein Cluster Region Loss - Ortho Loss: 0.0000, Cluster Loss: 0.0000
                              
Validation Results: {
    "ci": 0.8242,
    "classification_loss": 0.0,
    "cluster_loss": 0.0,
    "mae": 0.5139,
    "mse": 0.5775,
    "multiclassification_loss": 0.0,
    "ortho_loss": 0.0,
    "pearson": 0.8239,
    "regression_loss": 0.5756,
    "rm2": 0.6689,
    "rmse": 0.7599,
    "sd": 0.7474,
    "spearman": 0.8169,
    "spectral_loss": 0.0
}
                              
Test Results: {
    "ci": 0.8244,
    "classification_loss": 0.0,
    "cluster_loss": 0.0,
    "mae": 0.5142,
    "mse": 0.5775,
    "multiclassification_loss": 0.0,
    "ortho_loss": 0.0,
    "pearson": 0.8128,
    "regression_loss": 0.5768,
    "rm2": 0.6581,
    "rmse": 0.7599,
    "sd": 0.7546,
    "spearman": 0.8188,
    "spectral_loss": 0.0
}
                              
                              
----------------------------------------
Epoch 079 with LR 0.000100: Model Results
----------------------------------------
Train MSE Loss: 0.2465, Train CLS Loss: 0.0000, Train MCLS Loss: 0.0000
Protein Cluster Region Loss - Ortho Loss: 0.0000, Cluster Loss: 0.0000
                              
Validation Results: {
    "ci": 0.825,
    "classification_loss": 0.0,
    "cluster_loss": 0.0,
    "mae": 0.5076,
    "mse": 0.5585,
    "multiclassification_loss": 0.0,
    "ortho_loss": 0.0,
    "pearson": 0.8275,
    "regression_loss": 0.5561,
    "rm2": 0.6715,
    "rmse": 0.7473,
    "sd": 0.7404,
    "spearman": 0.8188,
    "spectral_loss": 0.0
}
                              
Test Results: {
    "ci": 0.8244,
    "classification_loss": 0.0,
    "cluster_loss": 0.0,
    "mae": 0.5142,
    "mse": 0.5775,
    "multiclassification_loss": 0.0,
    "ortho_loss": 0.0,
    "pearson": 0.8128,
    "regression_loss": 0.5768,
    "rm2": 0.6581,
    "rmse": 0.7599,
    "sd": 0.7546,
    "spearman": 0.8188,
    "spectral_loss": 0.0
}
                              
                              
----------------------------------------
Epoch 080 with LR 0.000100: Model Results
----------------------------------------
Train MSE Loss: 0.2474, Train CLS Loss: 0.0000, Train MCLS Loss: 0.0000
Protein Cluster Region Loss - Ortho Loss: 0.0000, Cluster Loss: 0.0000
                              
Validation Results: {
    "ci": 0.8252,
    "classification_loss": 0.0,
    "cluster_loss": 0.0,
    "mae": 0.5122,
    "mse": 0.5697,
    "multiclassification_loss": 0.0,
    "ortho_loss": 0.0,
    "pearson": 0.8253,
    "regression_loss": 0.5671,
    "rm2": 0.6716,
    "rmse": 0.7548,
    "sd": 0.7446,
    "spearman": 0.819,
    "spectral_loss": 0.0
}
                              
Test Results: {
    "ci": 0.8244,
    "classification_loss": 0.0,
    "cluster_loss": 0.0,
    "mae": 0.5142,
    "mse": 0.5775,
    "multiclassification_loss": 0.0,
    "ortho_loss": 0.0,
    "pearson": 0.8128,
    "regression_loss": 0.5768,
    "rm2": 0.6581,
    "rmse": 0.7599,
    "sd": 0.7546,
    "spearman": 0.8188,
    "spectral_loss": 0.0
}
                              
                              
----------------------------------------
Epoch 081 with LR 0.000100: Model Results
----------------------------------------
Train MSE Loss: 0.2445, Train CLS Loss: 0.0000, Train MCLS Loss: 0.0000
Protein Cluster Region Loss - Ortho Loss: 0.0000, Cluster Loss: 0.0000
                              
Validation Results: {
    "ci": 0.8254,
    "classification_loss": 0.0,
    "cluster_loss": 0.0,
    "mae": 0.5075,
    "mse": 0.5669,
    "multiclassification_loss": 0.0,
    "ortho_loss": 0.0,
    "pearson": 0.8256,
    "regression_loss": 0.5643,
    "rm2": 0.6761,
    "rmse": 0.7529,
    "sd": 0.744,
    "spearman": 0.819,
    "spectral_loss": 0.0
}
                              
Test Results: {
    "ci": 0.8244,
    "classification_loss": 0.0,
    "cluster_loss": 0.0,
    "mae": 0.5142,
    "mse": 0.5775,
    "multiclassification_loss": 0.0,
    "ortho_loss": 0.0,
    "pearson": 0.8128,
    "regression_loss": 0.5768,
    "rm2": 0.6581,
    "rmse": 0.7599,
    "sd": 0.7546,
    "spearman": 0.8188,
    "spectral_loss": 0.0
}
                              
                              
----------------------------------------
Epoch 082 with LR 0.000100: Model Results
----------------------------------------
Train MSE Loss: 0.2419, Train CLS Loss: 0.0000, Train MCLS Loss: 0.0000
Protein Cluster Region Loss - Ortho Loss: 0.0000, Cluster Loss: 0.0000
                              
Validation Results: {
    "ci": 0.8252,
    "classification_loss": 0.0,
    "cluster_loss": 0.0,
    "mae": 0.5111,
    "mse": 0.5716,
    "multiclassification_loss": 0.0,
    "ortho_loss": 0.0,
    "pearson": 0.8241,
    "regression_loss": 0.5691,
    "rm2": 0.6771,
    "rmse": 0.7561,
    "sd": 0.747,
    "spearman": 0.8193,
    "spectral_loss": 0.0
}
                              
Test Results: {
    "ci": 0.8244,
    "classification_loss": 0.0,
    "cluster_loss": 0.0,
    "mae": 0.5142,
    "mse": 0.5775,
    "multiclassification_loss": 0.0,
    "ortho_loss": 0.0,
    "pearson": 0.8128,
    "regression_loss": 0.5768,
    "rm2": 0.6581,
    "rmse": 0.7599,
    "sd": 0.7546,
    "spearman": 0.8188,
    "spectral_loss": 0.0
}
                              
                              
----------------------------------------
Epoch 083 with LR 0.000100: Model Results
----------------------------------------
Train MSE Loss: 0.2409, Train CLS Loss: 0.0000, Train MCLS Loss: 0.0000
Protein Cluster Region Loss - Ortho Loss: 0.0000, Cluster Loss: 0.0000
                              
Validation Results: {
    "ci": 0.8241,
    "classification_loss": 0.0,
    "cluster_loss": 0.0,
    "mae": 0.5134,
    "mse": 0.5662,
    "multiclassification_loss": 0.0,
    "ortho_loss": 0.0,
    "pearson": 0.8257,
    "regression_loss": 0.5637,
    "rm2": 0.6542,
    "rmse": 0.7525,
    "sd": 0.7439,
    "spearman": 0.8178,
    "spectral_loss": 0.0
}
                              
Test Results: {
    "ci": 0.8244,
    "classification_loss": 0.0,
    "cluster_loss": 0.0,
    "mae": 0.5142,
    "mse": 0.5775,
    "multiclassification_loss": 0.0,
    "ortho_loss": 0.0,
    "pearson": 0.8128,
    "regression_loss": 0.5768,
    "rm2": 0.6581,
    "rmse": 0.7599,
    "sd": 0.7546,
    "spearman": 0.8188,
    "spectral_loss": 0.0
}
                              
                              
----------------------------------------
Epoch 084 with LR 0.000100: Model Results
----------------------------------------
Train MSE Loss: 0.2398, Train CLS Loss: 0.0000, Train MCLS Loss: 0.0000
Protein Cluster Region Loss - Ortho Loss: 0.0000, Cluster Loss: 0.0000
                              
Validation Results: {
    "ci": 0.8251,
    "classification_loss": 0.0,
    "cluster_loss": 0.0,
    "mae": 0.5149,
    "mse": 0.5787,
    "multiclassification_loss": 0.0,
    "ortho_loss": 0.0,
    "pearson": 0.8237,
    "regression_loss": 0.5761,
    "rm2": 0.6601,
    "rmse": 0.7607,
    "sd": 0.7477,
    "spearman": 0.8189,
    "spectral_loss": 0.0
}
                              
Test Results: {
    "ci": 0.8244,
    "classification_loss": 0.0,
    "cluster_loss": 0.0,
    "mae": 0.5142,
    "mse": 0.5775,
    "multiclassification_loss": 0.0,
    "ortho_loss": 0.0,
    "pearson": 0.8128,
    "regression_loss": 0.5768,
    "rm2": 0.6581,
    "rmse": 0.7599,
    "sd": 0.7546,
    "spearman": 0.8188,
    "spectral_loss": 0.0
}
                              
                              
----------------------------------------
Epoch 085 with LR 0.000100: Model Results
----------------------------------------
Train MSE Loss: 0.2393, Train CLS Loss: 0.0000, Train MCLS Loss: 0.0000
Protein Cluster Region Loss - Ortho Loss: 0.0000, Cluster Loss: 0.0000
                              
Validation Results: {
    "ci": 0.8259,
    "classification_loss": 0.0,
    "cluster_loss": 0.0,
    "mae": 0.5081,
    "mse": 0.5547,
    "multiclassification_loss": 0.0,
    "ortho_loss": 0.0,
    "pearson": 0.8288,
    "regression_loss": 0.5521,
    "rm2": 0.6682,
    "rmse": 0.7448,
    "sd": 0.7379,
    "spearman": 0.8213,
    "spectral_loss": 0.0
}
                              
Test Results: {
    "ci": 0.8244,
    "classification_loss": 0.0,
    "cluster_loss": 0.0,
    "mae": 0.5142,
    "mse": 0.5775,
    "multiclassification_loss": 0.0,
    "ortho_loss": 0.0,
    "pearson": 0.8128,
    "regression_loss": 0.5768,
    "rm2": 0.6581,
    "rmse": 0.7599,
    "sd": 0.7546,
    "spearman": 0.8188,
    "spectral_loss": 0.0
}
                              
                              
----------------------------------------
Epoch 086 with LR 0.000100: Model Results
----------------------------------------
Train MSE Loss: 0.2379, Train CLS Loss: 0.0000, Train MCLS Loss: 0.0000
Protein Cluster Region Loss - Ortho Loss: 0.0000, Cluster Loss: 0.0000
                              
Validation Results: {
    "ci": 0.8271,
    "classification_loss": 0.0,
    "cluster_loss": 0.0,
    "mae": 0.5026,
    "mse": 0.5645,
    "multiclassification_loss": 0.0,
    "ortho_loss": 0.0,
    "pearson": 0.8258,
    "regression_loss": 0.562,
    "rm2": 0.6815,
    "rmse": 0.7513,
    "sd": 0.7436,
    "spearman": 0.8217,
    "spectral_loss": 0.0
}
                              
Test Results: {
    "ci": 0.8244,
    "classification_loss": 0.0,
    "cluster_loss": 0.0,
    "mae": 0.5142,
    "mse": 0.5775,
    "multiclassification_loss": 0.0,
    "ortho_loss": 0.0,
    "pearson": 0.8128,
    "regression_loss": 0.5768,
    "rm2": 0.6581,
    "rmse": 0.7599,
    "sd": 0.7546,
    "spearman": 0.8188,
    "spectral_loss": 0.0
}
                              
                              
----------------------------------------
Epoch 087 with LR 0.000100: Model Results
----------------------------------------
Train MSE Loss: 0.2369, Train CLS Loss: 0.0000, Train MCLS Loss: 0.0000
Protein Cluster Region Loss - Ortho Loss: 0.0000, Cluster Loss: 0.0000
                              
Validation Results: {
    "ci": 0.8257,
    "classification_loss": 0.0,
    "cluster_loss": 0.0,
    "mae": 0.5104,
    "mse": 0.5677,
    "multiclassification_loss": 0.0,
    "ortho_loss": 0.0,
    "pearson": 0.8259,
    "regression_loss": 0.5651,
    "rm2": 0.6685,
    "rmse": 0.7534,
    "sd": 0.7435,
    "spearman": 0.8199,
    "spectral_loss": 0.0
}
                              
Test Results: {
    "ci": 0.8244,
    "classification_loss": 0.0,
    "cluster_loss": 0.0,
    "mae": 0.5142,
    "mse": 0.5775,
    "multiclassification_loss": 0.0,
    "ortho_loss": 0.0,
    "pearson": 0.8128,
    "regression_loss": 0.5768,
    "rm2": 0.6581,
    "rmse": 0.7599,
    "sd": 0.7546,
    "spearman": 0.8188,
    "spectral_loss": 0.0
}
                              
                              
----------------------------------------
Epoch 088 with LR 0.000100: Model Results
----------------------------------------
Train MSE Loss: 0.2338, Train CLS Loss: 0.0000, Train MCLS Loss: 0.0000
Protein Cluster Region Loss - Ortho Loss: 0.0000, Cluster Loss: 0.0000
                              
Validation Results: {
    "ci": 0.8257,
    "classification_loss": 0.0,
    "cluster_loss": 0.0,
    "mae": 0.5074,
    "mse": 0.554,
    "multiclassification_loss": 0.0,
    "ortho_loss": 0.0,
    "pearson": 0.8301,
    "regression_loss": 0.5514,
    "rm2": 0.674,
    "rmse": 0.7443,
    "sd": 0.7353,
    "spearman": 0.8208,
    "spectral_loss": 0.0
}
                              
Test Results: {
    "ci": 0.8244,
    "classification_loss": 0.0,
    "cluster_loss": 0.0,
    "mae": 0.5142,
    "mse": 0.5775,
    "multiclassification_loss": 0.0,
    "ortho_loss": 0.0,
    "pearson": 0.8128,
    "regression_loss": 0.5768,
    "rm2": 0.6581,
    "rmse": 0.7599,
    "sd": 0.7546,
    "spearman": 0.8188,
    "spectral_loss": 0.0
}
                              
                              
----------------------------------------
Epoch 089 with LR 0.000100: Model Results
----------------------------------------
Train MSE Loss: 0.2343, Train CLS Loss: 0.0000, Train MCLS Loss: 0.0000
Protein Cluster Region Loss - Ortho Loss: 0.0000, Cluster Loss: 0.0000
                              
Validation Results: {
    "ci": 0.8261,
    "classification_loss": 0.0,
    "cluster_loss": 0.0,
    "mae": 0.5088,
    "mse": 0.5622,
    "multiclassification_loss": 0.0,
    "ortho_loss": 0.0,
    "pearson": 0.8277,
    "regression_loss": 0.5596,
    "rm2": 0.6739,
    "rmse": 0.7498,
    "sd": 0.74,
    "spearman": 0.8207,
    "spectral_loss": 0.0
}
                              
Test Results: {
    "ci": 0.8244,
    "classification_loss": 0.0,
    "cluster_loss": 0.0,
    "mae": 0.5142,
    "mse": 0.5775,
    "multiclassification_loss": 0.0,
    "ortho_loss": 0.0,
    "pearson": 0.8128,
    "regression_loss": 0.5768,
    "rm2": 0.6581,
    "rmse": 0.7599,
    "sd": 0.7546,
    "spearman": 0.8188,
    "spectral_loss": 0.0
}
                              
                              
----------------------------------------
Epoch 090 with LR 0.000100: Model Results
----------------------------------------
Train MSE Loss: 0.2331, Train CLS Loss: 0.0000, Train MCLS Loss: 0.0000
Protein Cluster Region Loss - Ortho Loss: 0.0000, Cluster Loss: 0.0000
                              
Validation Results: {
    "ci": 0.8264,
    "classification_loss": 0.0,
    "cluster_loss": 0.0,
    "mae": 0.5041,
    "mse": 0.5614,
    "multiclassification_loss": 0.0,
    "ortho_loss": 0.0,
    "pearson": 0.8275,
    "regression_loss": 0.5588,
    "rm2": 0.6596,
    "rmse": 0.7492,
    "sd": 0.7404,
    "spearman": 0.8191,
    "spectral_loss": 0.0
}
                              
Test Results: {
    "ci": 0.8244,
    "classification_loss": 0.0,
    "cluster_loss": 0.0,
    "mae": 0.5142,
    "mse": 0.5775,
    "multiclassification_loss": 0.0,
    "ortho_loss": 0.0,
    "pearson": 0.8128,
    "regression_loss": 0.5768,
    "rm2": 0.6581,
    "rmse": 0.7599,
    "sd": 0.7546,
    "spearman": 0.8188,
    "spectral_loss": 0.0
}
                              
                              
----------------------------------------
Epoch 091 with LR 0.000100: Model Results
----------------------------------------
Train MSE Loss: 0.2319, Train CLS Loss: 0.0000, Train MCLS Loss: 0.0000
Protein Cluster Region Loss - Ortho Loss: 0.0000, Cluster Loss: 0.0000
                              
Validation Results: {
    "ci": 0.8278,
    "classification_loss": 0.0,
    "cluster_loss": 0.0,
    "mae": 0.5017,
    "mse": 0.5437,
    "multiclassification_loss": 0.0,
    "ortho_loss": 0.0,
    "pearson": 0.8305,
    "regression_loss": 0.5411,
    "rm2": 0.6567,
    "rmse": 0.7373,
    "sd": 0.7344,
    "spearman": 0.8225,
    "spectral_loss": 0.0
}
                              
Test Results: {
    "ci": 0.8294,
    "classification_loss": 0.0,
    "cluster_loss": 0.0,
    "mae": 0.4985,
    "mse": 0.5496,
    "multiclassification_loss": 0.0,
    "ortho_loss": 0.0,
    "pearson": 0.8232,
    "regression_loss": 0.5489,
    "rm2": 0.6369,
    "rmse": 0.7413,
    "sd": 0.7356,
    "spearman": 0.8276,
    "spectral_loss": 0.0
}
                              
                              
----------------------------------------
Epoch 092 with LR 0.000100: Model Results
----------------------------------------
Train MSE Loss: 0.2302, Train CLS Loss: 0.0000, Train MCLS Loss: 0.0000
Protein Cluster Region Loss - Ortho Loss: 0.0000, Cluster Loss: 0.0000
                              
Validation Results: {
    "ci": 0.8282,
    "classification_loss": 0.0,
    "cluster_loss": 0.0,
    "mae": 0.5024,
    "mse": 0.5516,
    "multiclassification_loss": 0.0,
    "ortho_loss": 0.0,
    "pearson": 0.8309,
    "regression_loss": 0.5495,
    "rm2": 0.69,
    "rmse": 0.7427,
    "sd": 0.7336,
    "spearman": 0.8232,
    "spectral_loss": 0.0
}
                              
Test Results: {
    "ci": 0.8294,
    "classification_loss": 0.0,
    "cluster_loss": 0.0,
    "mae": 0.4985,
    "mse": 0.5496,
    "multiclassification_loss": 0.0,
    "ortho_loss": 0.0,
    "pearson": 0.8232,
    "regression_loss": 0.5489,
    "rm2": 0.6369,
    "rmse": 0.7413,
    "sd": 0.7356,
    "spearman": 0.8276,
    "spectral_loss": 0.0
}
                              
                              
----------------------------------------
Epoch 093 with LR 0.000100: Model Results
----------------------------------------
Train MSE Loss: 0.2318, Train CLS Loss: 0.0000, Train MCLS Loss: 0.0000
Protein Cluster Region Loss - Ortho Loss: 0.0000, Cluster Loss: 0.0000
                              
Validation Results: {
    "ci": 0.8242,
    "classification_loss": 0.0,
    "cluster_loss": 0.0,
    "mae": 0.512,
    "mse": 0.5694,
    "multiclassification_loss": 0.0,
    "ortho_loss": 0.0,
    "pearson": 0.824,
    "regression_loss": 0.567,
    "rm2": 0.6292,
    "rmse": 0.7546,
    "sd": 0.7472,
    "spearman": 0.8159,
    "spectral_loss": 0.0
}
                              
Test Results: {
    "ci": 0.8294,
    "classification_loss": 0.0,
    "cluster_loss": 0.0,
    "mae": 0.4985,
    "mse": 0.5496,
    "multiclassification_loss": 0.0,
    "ortho_loss": 0.0,
    "pearson": 0.8232,
    "regression_loss": 0.5489,
    "rm2": 0.6369,
    "rmse": 0.7413,
    "sd": 0.7356,
    "spearman": 0.8276,
    "spectral_loss": 0.0
}
                              
                              
----------------------------------------
Epoch 094 with LR 0.000100: Model Results
----------------------------------------
Train MSE Loss: 0.2276, Train CLS Loss: 0.0000, Train MCLS Loss: 0.0000
Protein Cluster Region Loss - Ortho Loss: 0.0000, Cluster Loss: 0.0000
                              
Validation Results: {
    "ci": 0.8267,
    "classification_loss": 0.0,
    "cluster_loss": 0.0,
    "mae": 0.5017,
    "mse": 0.5546,
    "multiclassification_loss": 0.0,
    "ortho_loss": 0.0,
    "pearson": 0.8286,
    "regression_loss": 0.552,
    "rm2": 0.6546,
    "rmse": 0.7447,
    "sd": 0.7382,
    "spearman": 0.8205,
    "spectral_loss": 0.0
}
                              
Test Results: {
    "ci": 0.8294,
    "classification_loss": 0.0,
    "cluster_loss": 0.0,
    "mae": 0.4985,
    "mse": 0.5496,
    "multiclassification_loss": 0.0,
    "ortho_loss": 0.0,
    "pearson": 0.8232,
    "regression_loss": 0.5489,
    "rm2": 0.6369,
    "rmse": 0.7413,
    "sd": 0.7356,
    "spearman": 0.8276,
    "spectral_loss": 0.0
}
                              
                              
----------------------------------------
Epoch 095 with LR 0.000100: Model Results
----------------------------------------
Train MSE Loss: 0.2272, Train CLS Loss: 0.0000, Train MCLS Loss: 0.0000
Protein Cluster Region Loss - Ortho Loss: 0.0000, Cluster Loss: 0.0000
                              
Validation Results: {
    "ci": 0.8262,
    "classification_loss": 0.0,
    "cluster_loss": 0.0,
    "mae": 0.5065,
    "mse": 0.5514,
    "multiclassification_loss": 0.0,
    "ortho_loss": 0.0,
    "pearson": 0.8287,
    "regression_loss": 0.5488,
    "rm2": 0.6708,
    "rmse": 0.7426,
    "sd": 0.738,
    "spearman": 0.8211,
    "spectral_loss": 0.0
}
                              
Test Results: {
    "ci": 0.8294,
    "classification_loss": 0.0,
    "cluster_loss": 0.0,
    "mae": 0.4985,
    "mse": 0.5496,
    "multiclassification_loss": 0.0,
    "ortho_loss": 0.0,
    "pearson": 0.8232,
    "regression_loss": 0.5489,
    "rm2": 0.6369,
    "rmse": 0.7413,
    "sd": 0.7356,
    "spearman": 0.8276,
    "spectral_loss": 0.0
}
                              
                              
----------------------------------------
Epoch 096 with LR 0.000100: Model Results
----------------------------------------
Train MSE Loss: 0.2256, Train CLS Loss: 0.0000, Train MCLS Loss: 0.0000
Protein Cluster Region Loss - Ortho Loss: 0.0000, Cluster Loss: 0.0000
                              
Validation Results: {
    "ci": 0.8257,
    "classification_loss": 0.0,
    "cluster_loss": 0.0,
    "mae": 0.5067,
    "mse": 0.5631,
    "multiclassification_loss": 0.0,
    "ortho_loss": 0.0,
    "pearson": 0.8264,
    "regression_loss": 0.5609,
    "rm2": 0.6736,
    "rmse": 0.7504,
    "sd": 0.7425,
    "spearman": 0.8179,
    "spectral_loss": 0.0
}
                              
Test Results: {
    "ci": 0.8294,
    "classification_loss": 0.0,
    "cluster_loss": 0.0,
    "mae": 0.4985,
    "mse": 0.5496,
    "multiclassification_loss": 0.0,
    "ortho_loss": 0.0,
    "pearson": 0.8232,
    "regression_loss": 0.5489,
    "rm2": 0.6369,
    "rmse": 0.7413,
    "sd": 0.7356,
    "spearman": 0.8276,
    "spectral_loss": 0.0
}
                              
                              
----------------------------------------
Epoch 097 with LR 0.000100: Model Results
----------------------------------------
Train MSE Loss: 0.2261, Train CLS Loss: 0.0000, Train MCLS Loss: 0.0000
Protein Cluster Region Loss - Ortho Loss: 0.0000, Cluster Loss: 0.0000
                              
Validation Results: {
    "ci": 0.8284,
    "classification_loss": 0.0,
    "cluster_loss": 0.0,
    "mae": 0.4991,
    "mse": 0.5406,
    "multiclassification_loss": 0.0,
    "ortho_loss": 0.0,
    "pearson": 0.8326,
    "regression_loss": 0.538,
    "rm2": 0.6765,
    "rmse": 0.7352,
    "sd": 0.7303,
    "spearman": 0.8249,
    "spectral_loss": 0.0
}
                              
Test Results: {
    "ci": 0.8292,
    "classification_loss": 0.0,
    "cluster_loss": 0.0,
    "mae": 0.4982,
    "mse": 0.5507,
    "multiclassification_loss": 0.0,
    "ortho_loss": 0.0,
    "pearson": 0.8239,
    "regression_loss": 0.5501,
    "rm2": 0.655,
    "rmse": 0.7421,
    "sd": 0.7343,
    "spearman": 0.8274,
    "spectral_loss": 0.0
}
                              
                              
----------------------------------------
Epoch 098 with LR 0.000100: Model Results
----------------------------------------
Train MSE Loss: 0.2249, Train CLS Loss: 0.0000, Train MCLS Loss: 0.0000
Protein Cluster Region Loss - Ortho Loss: 0.0000, Cluster Loss: 0.0000
                              
Validation Results: {
    "ci": 0.8291,
    "classification_loss": 0.0,
    "cluster_loss": 0.0,
    "mae": 0.4959,
    "mse": 0.5472,
    "multiclassification_loss": 0.0,
    "ortho_loss": 0.0,
    "pearson": 0.8318,
    "regression_loss": 0.5447,
    "rm2": 0.6918,
    "rmse": 0.7397,
    "sd": 0.732,
    "spearman": 0.8246,
    "spectral_loss": 0.0
}
                              
Test Results: {
    "ci": 0.8292,
    "classification_loss": 0.0,
    "cluster_loss": 0.0,
    "mae": 0.4982,
    "mse": 0.5507,
    "multiclassification_loss": 0.0,
    "ortho_loss": 0.0,
    "pearson": 0.8239,
    "regression_loss": 0.5501,
    "rm2": 0.655,
    "rmse": 0.7421,
    "sd": 0.7343,
    "spearman": 0.8274,
    "spectral_loss": 0.0
}
                              
                              
----------------------------------------
Epoch 099 with LR 0.000100: Model Results
----------------------------------------
Train MSE Loss: 0.2242, Train CLS Loss: 0.0000, Train MCLS Loss: 0.0000
Protein Cluster Region Loss - Ortho Loss: 0.0000, Cluster Loss: 0.0000
                              
Validation Results: {
    "ci": 0.8263,
    "classification_loss": 0.0,
    "cluster_loss": 0.0,
    "mae": 0.5017,
    "mse": 0.5539,
    "multiclassification_loss": 0.0,
    "ortho_loss": 0.0,
    "pearson": 0.8279,
    "regression_loss": 0.5513,
    "rm2": 0.683,
    "rmse": 0.7442,
    "sd": 0.7395,
    "spearman": 0.8186,
    "spectral_loss": 0.0
}
                              
Test Results: {
    "ci": 0.8292,
    "classification_loss": 0.0,
    "cluster_loss": 0.0,
    "mae": 0.4982,
    "mse": 0.5507,
    "multiclassification_loss": 0.0,
    "ortho_loss": 0.0,
    "pearson": 0.8239,
    "regression_loss": 0.5501,
    "rm2": 0.655,
    "rmse": 0.7421,
    "sd": 0.7343,
    "spearman": 0.8274,
    "spectral_loss": 0.0
}
                              
                              
----------------------------------------
Epoch 100 with LR 0.000100: Model Results
----------------------------------------
Train MSE Loss: 0.2225, Train CLS Loss: 0.0000, Train MCLS Loss: 0.0000
Protein Cluster Region Loss - Ortho Loss: 0.0000, Cluster Loss: 0.0000
                              
Validation Results: {
    "ci": 0.8292,
    "classification_loss": 0.0,
    "cluster_loss": 0.0,
    "mae": 0.5005,
    "mse": 0.559,
    "multiclassification_loss": 0.0,
    "ortho_loss": 0.0,
    "pearson": 0.8309,
    "regression_loss": 0.5566,
    "rm2": 0.6877,
    "rmse": 0.7477,
    "sd": 0.7338,
    "spearman": 0.824,
    "spectral_loss": 0.0
}
                              
Test Results: {
    "ci": 0.8292,
    "classification_loss": 0.0,
    "cluster_loss": 0.0,
    "mae": 0.4982,
    "mse": 0.5507,
    "multiclassification_loss": 0.0,
    "ortho_loss": 0.0,
    "pearson": 0.8239,
    "regression_loss": 0.5501,
    "rm2": 0.655,
    "rmse": 0.7421,
    "sd": 0.7343,
    "spearman": 0.8274,
    "spectral_loss": 0.0
}
[best epoch] epoch=97, best_rmse=0.7352, lr_at_best=1.000e-04
                              
                              
----------------------------------------
Epoch 100 with LR 0.000100: Model Results
----------------------------------------
Train MSE Loss: 0.2225, Train CLS Loss: 0.0000, Train MCLS Loss: 0.0000
Protein Cluster Region Loss - Ortho Loss: 0.0000, Cluster Loss: 0.0000
                              
Validation Results: {
    "ci": 0.8292,
    "classification_loss": 0.0,
    "cluster_loss": 0.0,
    "mae": 0.5005,
    "mse": 0.559,
    "multiclassification_loss": 0.0,
    "ortho_loss": 0.0,
    "pearson": 0.8309,
    "regression_loss": 0.5566,
    "rm2": 0.6877,
    "rmse": 0.7477,
    "sd": 0.7338,
    "spearman": 0.824,
    "spectral_loss": 0.0
}
                              
Test Results: {
    "ci": 0.8292,
    "classification_loss": 0.0,
    "cluster_loss": 0.0,
    "mae": 0.4982,
    "mse": 0.5507,
    "multiclassification_loss": 0.0,
    "ortho_loss": 0.0,
    "pearson": 0.8239,
    "regression_loss": 0.5501,
    "rm2": 0.655,
    "rmse": 0.7421,
    "sd": 0.7343,
    "spearman": 0.8274,
    "spectral_loss": 0.0
}
Final test metrics: rmse=0.7421, pearson=0.8239, r2_proxy(mse)=0.5507
Done. Predictions: /sc/arion/projects/DiseaseGeneCell/Huang_lab_project/wangcDrugRepoProject/TRACE_Kin_Results_v3/EITLEM_dataset/EITLEM_km_ProteinCLIP_embedding_cold_protein/test_prediction_seed1.csv; checkpoint: /sc/arion/projects/DiseaseGeneCell/Huang_lab_project/wangcDrugRepoProject/TRACE_Kin_Results_v3/EITLEM_dataset/EITLEM_km_ProteinCLIP_embedding_cold_protein/save_model_seed1/model.pt

==========================================
Array task 2/14: OK (EITLEM_km_ProteinCLIP_embedding_cold_protein)
==========================================


PS:

Read file <242614935.2.stderr> for stderr output of this job.

