Sender: LSF System <lsfadmin@lg03e06>
Subject: Job 242654215[7]: <trace_kin_v3_lean_s3[6-11]> in cluster <chimera> Done

Job <trace_kin_v3_lean_s3[6-11]> was submitted from host <li04e03> by user <wangc40> in cluster <chimera> at Sat May  9 10:49:02 2026
Job was executed on host(s) <16*lg03e06>, in queue <gpu>, as user <wangc40> in cluster <chimera> at Sat May  9 10:49:06 2026
</hpc/users/wangc40> was used as the home directory.
</sc/arion/projects/DiseaseGeneCell/Huang_lab_project/wangcDrugRepoProject/TRACE-Kin> was used as the working directory.
Started at Sat May  9 10:49:06 2026
Terminated at Sat May  9 12:59:09 2026
Results reported at Sat May  9 12:59:09 2026

Your job looked like:

------------------------------------------------------------
# LSBATCH: User input
#!/bin/bash
#BSUB -J trace_kin_v3_lean_s3[6-11]
#BSUB -P acc_DiseaseGeneCell
#BSUB -q gpu
#BSUB -R h100nvl
#BSUB -gpu num=1
#BSUB -n 16
#BSUB -R "rusage[mem=8000]"
#BSUB -R "span[hosts=1]"
#BSUB -W 48:00
#BSUB -o %J.%I.stdout
#BSUB -eo %J.%I.stderr
#BSUB -L /bin/bash

# =============================================================================
# TRACE-Kin v3 rerun — LSF job array
# =============================================================================
# Submit with:
#     bsub < training/run_v3_array.lsf
#
# Or chain off the smoke test (recommended):
#     bsub -w "done(<SMOKE_JOB_ID>)" < training/run_v3_array.lsf
#
# For the multi-seed ensemble (the paper config), submit additional seeds in
# parallel after the SEED=1 array completes (or alongside, as separate jobs):
#     SEED=2 bsub -J "trace_kin_v3_s2[1-14]" < training/run_v3_array.lsf
#     SEED=3 bsub -J "trace_kin_v3_s3[1-14]" < training/run_v3_array.lsf
# After all seeds finish, analysis/aggregate_results.py averages predictions
# across seeds before computing RMSE.
#
# LSF expands #BSUB -J trace_kin_v3[1-14] into 14 array tasks, each with a
# distinct ${LSB_JOBINDEX} in 1..14. The body looks up the per-index
# (dataset_source, dataset_name, pool_paths) tuple from the inline table below
# and invokes train_trace_kin.py with model_version=v3.
#
# The 14 tasks correspond to:
#   * 12 RF-gap targets (catalytic kinetics where v1 trails RF by 1.4%–8.7%)
#   * 2 Ki preservation guards (where v1 already wins, must not regress)
# =============================================================================

# --- Environment -------------------------------------------------------------
# Match the prologue of the proven-working PSICHIC LSFs verbatim — no
# `set -euo pipefail`. Mount Sinai's /etc/profile.d scripts return non-zero
# in places that aren't real errors, and errexit aborts the job before
# module + conda activation can complete.
ml purge
source ~/.bashrc
module load anaconda3/2024.06
source activate test
module load cuda/12.4.0

(... more ...)
------------------------------------------------------------

Successfully completed.

Resource usage summary:

    CPU time :                                   7796.00 sec.
    Max Memory :                                 23606 MB
    Average Memory :                             23339.79 MB
    Total Requested Memory :                     128000.00 MB
    Delta Memory :                               104394.00 MB
    Max Swap :                                   -
    Max Processes :                              4
    Max Threads :                                21
    Run time :                                   7803 sec.
    Turnaround time :                            7807 sec.

The output (if any) follows:

==========================================
TRACE-Kin v3 array task 7/14
==========================================
Date:        Sat May  9 10:49:09 EDT 2026
Dataset:     /sc/arion/projects/DiseaseGeneCell/Huang_lab_project/drug_discovery/output/data/enzyme_embeddings_dataset/inhouse_dataset/inhouse_Kd_ESM2_embedding_cold_drug
Result:      /sc/arion/projects/DiseaseGeneCell/Huang_lab_project/wangcDrugRepoProject/TRACE_Kin_Results_v3_lean/inhouse_dataset/inhouse_Kd_ESM2_embedding_cold_drug
Config:      training/config_v3_gnn_lean.json
Pool CSVs:   (none)
Model:       v3 GATE-LEAN (gate_init_bias=2.0)
Epochs:      100, batch=16, seed=3, lr=1e-4
==========================================
Python 3.12.2
Python: /sc/arion/work/wangc40/test-env/envs/test/bin/python
CUDA device: NVIDIA H100 80GB HBM3, sm_90
============================================================
TRACE-Kin training
============================================================
Datafolder:        /sc/arion/projects/DiseaseGeneCell/Huang_lab_project/drug_discovery/output/data/enzyme_embeddings_dataset/inhouse_dataset/inhouse_Kd_ESM2_embedding_cold_drug
Result path:       /sc/arion/projects/DiseaseGeneCell/Huang_lab_project/wangcDrugRepoProject/TRACE_Kin_Results_v3_lean/inhouse_dataset/inhouse_Kd_ESM2_embedding_cold_drug
Config:            training/config_v3_gnn_lean.json
Pool train CSVs:   (none)
============================================================
Loading primary train: /sc/arion/projects/DiseaseGeneCell/Huang_lab_project/drug_discovery/output/data/enzyme_embeddings_dataset/inhouse_dataset/inhouse_Kd_ESM2_embedding_cold_drug/train.parquet
Loading primary test: /sc/arion/projects/DiseaseGeneCell/Huang_lab_project/drug_discovery/output/data/enzyme_embeddings_dataset/inhouse_dataset/inhouse_Kd_ESM2_embedding_cold_drug/test.parquet
Loading primary val: /sc/arion/projects/DiseaseGeneCell/Huang_lab_project/drug_discovery/output/data/enzyme_embeddings_dataset/inhouse_dataset/inhouse_Kd_ESM2_embedding_cold_drug/val.parquet
Detected prot_evo_channels = 1280
seq2feat: 7857 unique sequences.
model_version: v3, use_swa: False
Reusing protein cache: /sc/arion/projects/DiseaseGeneCell/Huang_lab_project/drug_discovery/output/data/enzyme_embeddings_dataset/inhouse_dataset/inhouse_Kd_ESM2_embedding_cold_drug/protein.pt
Reusing ligand cache: /sc/arion/projects/DiseaseGeneCell/Huang_lab_project/drug_discovery/output/data/enzyme_embeddings_dataset/inhouse_dataset/inhouse_Kd_ESM2_embedding_cold_drug/ligand.pt
loaders ready: train=739 test=220 val=106
Built TraceKinV3 with 7,976,475 parameters
[LR schedule] schedule_lr=False, lrate=0.0001, min_lrate=0, warmup_iters=0, lr_decay_iters=73900, total_iters=73900
Not in terminal, reprint now using normal build-in print function.
                              
                              
----------------------------------------
Epoch 001 with LR 0.000100: Model Results
----------------------------------------
Train MSE Loss: 1.8324, Train CLS Loss: 0.0000, Train MCLS Loss: 0.0000
Protein Cluster Region Loss - Ortho Loss: 0.0000, Cluster Loss: 0.0000
                              
Validation Results: {
    "ci": 0.6538,
    "classification_loss": 0.0,
    "cluster_loss": 0.0,
    "mae": 1.0595,
    "mse": 1.8686,
    "multiclassification_loss": 0.0,
    "ortho_loss": 0.0,
    "pearson": 0.4449,
    "regression_loss": 1.865,
    "rm2": 0.1918,
    "rmse": 1.367,
    "sd": 1.3609,
    "spearman": 0.4448,
    "spectral_loss": 0.0
}
                              
Test Results: {
    "ci": 0.6358,
    "classification_loss": 0.0,
    "cluster_loss": 0.0,
    "mae": 1.0349,
    "mse": 1.8613,
    "multiclassification_loss": 0.0,
    "ortho_loss": 0.0,
    "pearson": 0.4094,
    "regression_loss": 1.866,
    "rm2": 0.1663,
    "rmse": 1.3643,
    "sd": 1.359,
    "spearman": 0.3976,
    "spectral_loss": 0.0
}
                              
                              
----------------------------------------
Epoch 002 with LR 0.000100: Model Results
----------------------------------------
Train MSE Loss: 1.4965, Train CLS Loss: 0.0000, Train MCLS Loss: 0.0000
Protein Cluster Region Loss - Ortho Loss: 0.0000, Cluster Loss: 0.0000
                              
Validation Results: {
    "ci": 0.6588,
    "classification_loss": 0.0,
    "cluster_loss": 0.0,
    "mae": 1.0447,
    "mse": 1.8134,
    "multiclassification_loss": 0.0,
    "ortho_loss": 0.0,
    "pearson": 0.4687,
    "regression_loss": 1.8097,
    "rm2": 0.2165,
    "rmse": 1.3466,
    "sd": 1.3422,
    "spearman": 0.4577,
    "spectral_loss": 0.0
}
                              
Test Results: {
    "ci": 0.6447,
    "classification_loss": 0.0,
    "cluster_loss": 0.0,
    "mae": 1.0253,
    "mse": 1.8274,
    "multiclassification_loss": 0.0,
    "ortho_loss": 0.0,
    "pearson": 0.4304,
    "regression_loss": 1.8329,
    "rm2": 0.1773,
    "rmse": 1.3518,
    "sd": 1.3445,
    "spearman": 0.4203,
    "spectral_loss": 0.0
}
                              
                              
----------------------------------------
Epoch 003 with LR 0.000100: Model Results
----------------------------------------
Train MSE Loss: 1.3548, Train CLS Loss: 0.0000, Train MCLS Loss: 0.0000
Protein Cluster Region Loss - Ortho Loss: 0.0000, Cluster Loss: 0.0000
                              
Validation Results: {
    "ci": 0.6543,
    "classification_loss": 0.0,
    "cluster_loss": 0.0,
    "mae": 1.0579,
    "mse": 1.8355,
    "multiclassification_loss": 0.0,
    "ortho_loss": 0.0,
    "pearson": 0.4704,
    "regression_loss": 1.8322,
    "rm2": 0.2198,
    "rmse": 1.3548,
    "sd": 1.3409,
    "spearman": 0.445,
    "spectral_loss": 0.0
}
                              
Test Results: {
    "ci": 0.6447,
    "classification_loss": 0.0,
    "cluster_loss": 0.0,
    "mae": 1.0253,
    "mse": 1.8274,
    "multiclassification_loss": 0.0,
    "ortho_loss": 0.0,
    "pearson": 0.4304,
    "regression_loss": 1.8329,
    "rm2": 0.1773,
    "rmse": 1.3518,
    "sd": 1.3445,
    "spearman": 0.4203,
    "spectral_loss": 0.0
}
                              
                              
----------------------------------------
Epoch 004 with LR 0.000100: Model Results
----------------------------------------
Train MSE Loss: 1.2514, Train CLS Loss: 0.0000, Train MCLS Loss: 0.0000
Protein Cluster Region Loss - Ortho Loss: 0.0000, Cluster Loss: 0.0000
                              
Validation Results: {
    "ci": 0.6517,
    "classification_loss": 0.0,
    "cluster_loss": 0.0,
    "mae": 1.0507,
    "mse": 1.844,
    "multiclassification_loss": 0.0,
    "ortho_loss": 0.0,
    "pearson": 0.4607,
    "regression_loss": 1.8396,
    "rm2": 0.2026,
    "rmse": 1.3579,
    "sd": 1.3486,
    "spearman": 0.4364,
    "spectral_loss": 0.0
}
                              
Test Results: {
    "ci": 0.6447,
    "classification_loss": 0.0,
    "cluster_loss": 0.0,
    "mae": 1.0253,
    "mse": 1.8274,
    "multiclassification_loss": 0.0,
    "ortho_loss": 0.0,
    "pearson": 0.4304,
    "regression_loss": 1.8329,
    "rm2": 0.1773,
    "rmse": 1.3518,
    "sd": 1.3445,
    "spearman": 0.4203,
    "spectral_loss": 0.0
}
                              
                              
----------------------------------------
Epoch 005 with LR 0.000100: Model Results
----------------------------------------
Train MSE Loss: 1.1525, Train CLS Loss: 0.0000, Train MCLS Loss: 0.0000
Protein Cluster Region Loss - Ortho Loss: 0.0000, Cluster Loss: 0.0000
                              
Validation Results: {
    "ci": 0.6631,
    "classification_loss": 0.0,
    "cluster_loss": 0.0,
    "mae": 1.0407,
    "mse": 1.8104,
    "multiclassification_loss": 0.0,
    "ortho_loss": 0.0,
    "pearson": 0.486,
    "regression_loss": 1.8085,
    "rm2": 0.2304,
    "rmse": 1.3455,
    "sd": 1.328,
    "spearman": 0.4666,
    "spectral_loss": 0.0
}
                              
Test Results: {
    "ci": 0.6542,
    "classification_loss": 0.0,
    "cluster_loss": 0.0,
    "mae": 1.0016,
    "mse": 1.7728,
    "multiclassification_loss": 0.0,
    "ortho_loss": 0.0,
    "pearson": 0.46,
    "regression_loss": 1.7778,
    "rm2": 0.2109,
    "rmse": 1.3314,
    "sd": 1.3225,
    "spearman": 0.4421,
    "spectral_loss": 0.0
}
                              
                              
----------------------------------------
Epoch 006 with LR 0.000100: Model Results
----------------------------------------
Train MSE Loss: 1.0809, Train CLS Loss: 0.0000, Train MCLS Loss: 0.0000
Protein Cluster Region Loss - Ortho Loss: 0.0000, Cluster Loss: 0.0000
                              
Validation Results: {
    "ci": 0.6599,
    "classification_loss": 0.0,
    "cluster_loss": 0.0,
    "mae": 1.0426,
    "mse": 1.8439,
    "multiclassification_loss": 0.0,
    "ortho_loss": 0.0,
    "pearson": 0.4784,
    "regression_loss": 1.8414,
    "rm2": 0.2065,
    "rmse": 1.3579,
    "sd": 1.3344,
    "spearman": 0.4569,
    "spectral_loss": 0.0
}
                              
Test Results: {
    "ci": 0.6542,
    "classification_loss": 0.0,
    "cluster_loss": 0.0,
    "mae": 1.0016,
    "mse": 1.7728,
    "multiclassification_loss": 0.0,
    "ortho_loss": 0.0,
    "pearson": 0.46,
    "regression_loss": 1.7778,
    "rm2": 0.2109,
    "rmse": 1.3314,
    "sd": 1.3225,
    "spearman": 0.4421,
    "spectral_loss": 0.0
}
                              
                              
----------------------------------------
Epoch 007 with LR 0.000100: Model Results
----------------------------------------
Train MSE Loss: 1.0243, Train CLS Loss: 0.0000, Train MCLS Loss: 0.0000
Protein Cluster Region Loss - Ortho Loss: 0.0000, Cluster Loss: 0.0000
                              
Validation Results: {
    "ci": 0.673,
    "classification_loss": 0.0,
    "cluster_loss": 0.0,
    "mae": 1.0114,
    "mse": 1.7491,
    "multiclassification_loss": 0.0,
    "ortho_loss": 0.0,
    "pearson": 0.5063,
    "regression_loss": 1.7456,
    "rm2": 0.2382,
    "rmse": 1.3225,
    "sd": 1.3104,
    "spearman": 0.49,
    "spectral_loss": 0.0
}
                              
Test Results: {
    "ci": 0.6582,
    "classification_loss": 0.0,
    "cluster_loss": 0.0,
    "mae": 1.0129,
    "mse": 1.7667,
    "multiclassification_loss": 0.0,
    "ortho_loss": 0.0,
    "pearson": 0.4713,
    "regression_loss": 1.7707,
    "rm2": 0.2047,
    "rmse": 1.3292,
    "sd": 1.3137,
    "spearman": 0.4536,
    "spectral_loss": 0.0
}
                              
                              
----------------------------------------
Epoch 008 with LR 0.000100: Model Results
----------------------------------------
Train MSE Loss: 0.9750, Train CLS Loss: 0.0000, Train MCLS Loss: 0.0000
Protein Cluster Region Loss - Ortho Loss: 0.0000, Cluster Loss: 0.0000
                              
Validation Results: {
    "ci": 0.6682,
    "classification_loss": 0.0,
    "cluster_loss": 0.0,
    "mae": 1.0283,
    "mse": 1.8044,
    "multiclassification_loss": 0.0,
    "ortho_loss": 0.0,
    "pearson": 0.4939,
    "regression_loss": 1.8021,
    "rm2": 0.2416,
    "rmse": 1.3433,
    "sd": 1.3212,
    "spearman": 0.4765,
    "spectral_loss": 0.0
}
                              
Test Results: {
    "ci": 0.6582,
    "classification_loss": 0.0,
    "cluster_loss": 0.0,
    "mae": 1.0129,
    "mse": 1.7667,
    "multiclassification_loss": 0.0,
    "ortho_loss": 0.0,
    "pearson": 0.4713,
    "regression_loss": 1.7707,
    "rm2": 0.2047,
    "rmse": 1.3292,
    "sd": 1.3137,
    "spearman": 0.4536,
    "spectral_loss": 0.0
}
                              
                              
----------------------------------------
Epoch 009 with LR 0.000100: Model Results
----------------------------------------
Train MSE Loss: 0.9317, Train CLS Loss: 0.0000, Train MCLS Loss: 0.0000
Protein Cluster Region Loss - Ortho Loss: 0.0000, Cluster Loss: 0.0000
                              
Validation Results: {
    "ci": 0.669,
    "classification_loss": 0.0,
    "cluster_loss": 0.0,
    "mae": 1.0245,
    "mse": 1.781,
    "multiclassification_loss": 0.0,
    "ortho_loss": 0.0,
    "pearson": 0.5046,
    "regression_loss": 1.7779,
    "rm2": 0.2272,
    "rmse": 1.3346,
    "sd": 1.3119,
    "spearman": 0.4798,
    "spectral_loss": 0.0
}
                              
Test Results: {
    "ci": 0.6582,
    "classification_loss": 0.0,
    "cluster_loss": 0.0,
    "mae": 1.0129,
    "mse": 1.7667,
    "multiclassification_loss": 0.0,
    "ortho_loss": 0.0,
    "pearson": 0.4713,
    "regression_loss": 1.7707,
    "rm2": 0.2047,
    "rmse": 1.3292,
    "sd": 1.3137,
    "spearman": 0.4536,
    "spectral_loss": 0.0
}
                              
                              
----------------------------------------
Epoch 010 with LR 0.000100: Model Results
----------------------------------------
Train MSE Loss: 0.8921, Train CLS Loss: 0.0000, Train MCLS Loss: 0.0000
Protein Cluster Region Loss - Ortho Loss: 0.0000, Cluster Loss: 0.0000
                              
Validation Results: {
    "ci": 0.6716,
    "classification_loss": 0.0,
    "cluster_loss": 0.0,
    "mae": 1.0242,
    "mse": 1.7985,
    "multiclassification_loss": 0.0,
    "ortho_loss": 0.0,
    "pearson": 0.5041,
    "regression_loss": 1.7962,
    "rm2": 0.2465,
    "rmse": 1.3411,
    "sd": 1.3123,
    "spearman": 0.4839,
    "spectral_loss": 0.0
}
                              
Test Results: {
    "ci": 0.6582,
    "classification_loss": 0.0,
    "cluster_loss": 0.0,
    "mae": 1.0129,
    "mse": 1.7667,
    "multiclassification_loss": 0.0,
    "ortho_loss": 0.0,
    "pearson": 0.4713,
    "regression_loss": 1.7707,
    "rm2": 0.2047,
    "rmse": 1.3292,
    "sd": 1.3137,
    "spearman": 0.4536,
    "spectral_loss": 0.0
}
                              
                              
----------------------------------------
Epoch 011 with LR 0.000100: Model Results
----------------------------------------
Train MSE Loss: 0.8643, Train CLS Loss: 0.0000, Train MCLS Loss: 0.0000
Protein Cluster Region Loss - Ortho Loss: 0.0000, Cluster Loss: 0.0000
                              
Validation Results: {
    "ci": 0.6741,
    "classification_loss": 0.0,
    "cluster_loss": 0.0,
    "mae": 1.0121,
    "mse": 1.7752,
    "multiclassification_loss": 0.0,
    "ortho_loss": 0.0,
    "pearson": 0.5176,
    "regression_loss": 1.7713,
    "rm2": 0.2479,
    "rmse": 1.3324,
    "sd": 1.3001,
    "spearman": 0.4905,
    "spectral_loss": 0.0
}
                              
Test Results: {
    "ci": 0.6582,
    "classification_loss": 0.0,
    "cluster_loss": 0.0,
    "mae": 1.0129,
    "mse": 1.7667,
    "multiclassification_loss": 0.0,
    "ortho_loss": 0.0,
    "pearson": 0.4713,
    "regression_loss": 1.7707,
    "rm2": 0.2047,
    "rmse": 1.3292,
    "sd": 1.3137,
    "spearman": 0.4536,
    "spectral_loss": 0.0
}
                              
                              
----------------------------------------
Epoch 012 with LR 0.000100: Model Results
----------------------------------------
Train MSE Loss: 0.8354, Train CLS Loss: 0.0000, Train MCLS Loss: 0.0000
Protein Cluster Region Loss - Ortho Loss: 0.0000, Cluster Loss: 0.0000
                              
Validation Results: {
    "ci": 0.6785,
    "classification_loss": 0.0,
    "cluster_loss": 0.0,
    "mae": 1.0017,
    "mse": 1.744,
    "multiclassification_loss": 0.0,
    "ortho_loss": 0.0,
    "pearson": 0.5204,
    "regression_loss": 1.7398,
    "rm2": 0.2455,
    "rmse": 1.3206,
    "sd": 1.2976,
    "spearman": 0.5031,
    "spectral_loss": 0.0
}
                              
Test Results: {
    "ci": 0.6656,
    "classification_loss": 0.0,
    "cluster_loss": 0.0,
    "mae": 0.9987,
    "mse": 1.7427,
    "multiclassification_loss": 0.0,
    "ortho_loss": 0.0,
    "pearson": 0.4861,
    "regression_loss": 1.7473,
    "rm2": 0.2228,
    "rmse": 1.3201,
    "sd": 1.3017,
    "spearman": 0.473,
    "spectral_loss": 0.0
}
                              
                              
----------------------------------------
Epoch 013 with LR 0.000100: Model Results
----------------------------------------
Train MSE Loss: 0.8221, Train CLS Loss: 0.0000, Train MCLS Loss: 0.0000
Protein Cluster Region Loss - Ortho Loss: 0.0000, Cluster Loss: 0.0000
                              
Validation Results: {
    "ci": 0.6805,
    "classification_loss": 0.0,
    "cluster_loss": 0.0,
    "mae": 1.0016,
    "mse": 1.7433,
    "multiclassification_loss": 0.0,
    "ortho_loss": 0.0,
    "pearson": 0.5205,
    "regression_loss": 1.7396,
    "rm2": 0.2567,
    "rmse": 1.3203,
    "sd": 1.2975,
    "spearman": 0.5067,
    "spectral_loss": 0.0
}
                              
Test Results: {
    "ci": 0.6689,
    "classification_loss": 0.0,
    "cluster_loss": 0.0,
    "mae": 0.983,
    "mse": 1.7181,
    "multiclassification_loss": 0.0,
    "ortho_loss": 0.0,
    "pearson": 0.494,
    "regression_loss": 1.7254,
    "rm2": 0.2404,
    "rmse": 1.3108,
    "sd": 1.2951,
    "spearman": 0.4804,
    "spectral_loss": 0.0
}
                              
                              
----------------------------------------
Epoch 014 with LR 0.000100: Model Results
----------------------------------------
Train MSE Loss: 0.7923, Train CLS Loss: 0.0000, Train MCLS Loss: 0.0000
Protein Cluster Region Loss - Ortho Loss: 0.0000, Cluster Loss: 0.0000
                              
Validation Results: {
    "ci": 0.6781,
    "classification_loss": 0.0,
    "cluster_loss": 0.0,
    "mae": 1.0016,
    "mse": 1.7421,
    "multiclassification_loss": 0.0,
    "ortho_loss": 0.0,
    "pearson": 0.5179,
    "regression_loss": 1.7394,
    "rm2": 0.2527,
    "rmse": 1.3199,
    "sd": 1.2999,
    "spearman": 0.5007,
    "spectral_loss": 0.0
}
                              
Test Results: {
    "ci": 0.6633,
    "classification_loss": 0.0,
    "cluster_loss": 0.0,
    "mae": 0.9985,
    "mse": 1.7611,
    "multiclassification_loss": 0.0,
    "ortho_loss": 0.0,
    "pearson": 0.4812,
    "regression_loss": 1.7671,
    "rm2": 0.224,
    "rmse": 1.327,
    "sd": 1.3057,
    "spearman": 0.4658,
    "spectral_loss": 0.0
}
                              
                              
----------------------------------------
Epoch 015 with LR 0.000100: Model Results
----------------------------------------
Train MSE Loss: 0.7717, Train CLS Loss: 0.0000, Train MCLS Loss: 0.0000
Protein Cluster Region Loss - Ortho Loss: 0.0000, Cluster Loss: 0.0000
                              
Validation Results: {
    "ci": 0.685,
    "classification_loss": 0.0,
    "cluster_loss": 0.0,
    "mae": 0.9869,
    "mse": 1.7113,
    "multiclassification_loss": 0.0,
    "ortho_loss": 0.0,
    "pearson": 0.5334,
    "regression_loss": 1.7073,
    "rm2": 0.278,
    "rmse": 1.3082,
    "sd": 1.2853,
    "spearman": 0.5182,
    "spectral_loss": 0.0
}
                              
Test Results: {
    "ci": 0.6726,
    "classification_loss": 0.0,
    "cluster_loss": 0.0,
    "mae": 0.9799,
    "mse": 1.7224,
    "multiclassification_loss": 0.0,
    "ortho_loss": 0.0,
    "pearson": 0.5046,
    "regression_loss": 1.728,
    "rm2": 0.2501,
    "rmse": 1.3124,
    "sd": 1.286,
    "spearman": 0.4911,
    "spectral_loss": 0.0
}
                              
                              
----------------------------------------
Epoch 016 with LR 0.000100: Model Results
----------------------------------------
Train MSE Loss: 0.7646, Train CLS Loss: 0.0000, Train MCLS Loss: 0.0000
Protein Cluster Region Loss - Ortho Loss: 0.0000, Cluster Loss: 0.0000
                              
Validation Results: {
    "ci": 0.6803,
    "classification_loss": 0.0,
    "cluster_loss": 0.0,
    "mae": 1.0156,
    "mse": 1.7731,
    "multiclassification_loss": 0.0,
    "ortho_loss": 0.0,
    "pearson": 0.5242,
    "regression_loss": 1.7689,
    "rm2": 0.2404,
    "rmse": 1.3316,
    "sd": 1.294,
    "spearman": 0.5059,
    "spectral_loss": 0.0
}
                              
Test Results: {
    "ci": 0.6726,
    "classification_loss": 0.0,
    "cluster_loss": 0.0,
    "mae": 0.9799,
    "mse": 1.7224,
    "multiclassification_loss": 0.0,
    "ortho_loss": 0.0,
    "pearson": 0.5046,
    "regression_loss": 1.728,
    "rm2": 0.2501,
    "rmse": 1.3124,
    "sd": 1.286,
    "spearman": 0.4911,
    "spectral_loss": 0.0
}
                              
                              
----------------------------------------
Epoch 017 with LR 0.000100: Model Results
----------------------------------------
Train MSE Loss: 0.7539, Train CLS Loss: 0.0000, Train MCLS Loss: 0.0000
Protein Cluster Region Loss - Ortho Loss: 0.0000, Cluster Loss: 0.0000
                              
Validation Results: {
    "ci": 0.6794,
    "classification_loss": 0.0,
    "cluster_loss": 0.0,
    "mae": 1.0092,
    "mse": 1.7656,
    "multiclassification_loss": 0.0,
    "ortho_loss": 0.0,
    "pearson": 0.5185,
    "regression_loss": 1.7617,
    "rm2": 0.2442,
    "rmse": 1.3288,
    "sd": 1.2993,
    "spearman": 0.5033,
    "spectral_loss": 0.0
}
                              
Test Results: {
    "ci": 0.6726,
    "classification_loss": 0.0,
    "cluster_loss": 0.0,
    "mae": 0.9799,
    "mse": 1.7224,
    "multiclassification_loss": 0.0,
    "ortho_loss": 0.0,
    "pearson": 0.5046,
    "regression_loss": 1.728,
    "rm2": 0.2501,
    "rmse": 1.3124,
    "sd": 1.286,
    "spearman": 0.4911,
    "spectral_loss": 0.0
}
                              
                              
----------------------------------------
Epoch 018 with LR 0.000100: Model Results
----------------------------------------
Train MSE Loss: 0.7305, Train CLS Loss: 0.0000, Train MCLS Loss: 0.0000
Protein Cluster Region Loss - Ortho Loss: 0.0000, Cluster Loss: 0.0000
                              
Validation Results: {
    "ci": 0.681,
    "classification_loss": 0.0,
    "cluster_loss": 0.0,
    "mae": 1.0009,
    "mse": 1.7473,
    "multiclassification_loss": 0.0,
    "ortho_loss": 0.0,
    "pearson": 0.5275,
    "regression_loss": 1.7434,
    "rm2": 0.2532,
    "rmse": 1.3219,
    "sd": 1.291,
    "spearman": 0.5083,
    "spectral_loss": 0.0
}
                              
Test Results: {
    "ci": 0.6726,
    "classification_loss": 0.0,
    "cluster_loss": 0.0,
    "mae": 0.9799,
    "mse": 1.7224,
    "multiclassification_loss": 0.0,
    "ortho_loss": 0.0,
    "pearson": 0.5046,
    "regression_loss": 1.728,
    "rm2": 0.2501,
    "rmse": 1.3124,
    "sd": 1.286,
    "spearman": 0.4911,
    "spectral_loss": 0.0
}
                              
                              
----------------------------------------
Epoch 019 with LR 0.000100: Model Results
----------------------------------------
Train MSE Loss: 0.7165, Train CLS Loss: 0.0000, Train MCLS Loss: 0.0000
Protein Cluster Region Loss - Ortho Loss: 0.0000, Cluster Loss: 0.0000
                              
Validation Results: {
    "ci": 0.6836,
    "classification_loss": 0.0,
    "cluster_loss": 0.0,
    "mae": 0.9992,
    "mse": 1.7529,
    "multiclassification_loss": 0.0,
    "ortho_loss": 0.0,
    "pearson": 0.5331,
    "regression_loss": 1.7474,
    "rm2": 0.2671,
    "rmse": 1.324,
    "sd": 1.2856,
    "spearman": 0.5151,
    "spectral_loss": 0.0
}
                              
Test Results: {
    "ci": 0.6726,
    "classification_loss": 0.0,
    "cluster_loss": 0.0,
    "mae": 0.9799,
    "mse": 1.7224,
    "multiclassification_loss": 0.0,
    "ortho_loss": 0.0,
    "pearson": 0.5046,
    "regression_loss": 1.728,
    "rm2": 0.2501,
    "rmse": 1.3124,
    "sd": 1.286,
    "spearman": 0.4911,
    "spectral_loss": 0.0
}
                              
                              
----------------------------------------
Epoch 020 with LR 0.000100: Model Results
----------------------------------------
Train MSE Loss: 0.7171, Train CLS Loss: 0.0000, Train MCLS Loss: 0.0000
Protein Cluster Region Loss - Ortho Loss: 0.0000, Cluster Loss: 0.0000
                              
Validation Results: {
    "ci": 0.6848,
    "classification_loss": 0.0,
    "cluster_loss": 0.0,
    "mae": 1.0013,
    "mse": 1.7312,
    "multiclassification_loss": 0.0,
    "ortho_loss": 0.0,
    "pearson": 0.5386,
    "regression_loss": 1.7273,
    "rm2": 0.2691,
    "rmse": 1.3158,
    "sd": 1.2803,
    "spearman": 0.517,
    "spectral_loss": 0.0
}
                              
Test Results: {
    "ci": 0.6726,
    "classification_loss": 0.0,
    "cluster_loss": 0.0,
    "mae": 0.9799,
    "mse": 1.7224,
    "multiclassification_loss": 0.0,
    "ortho_loss": 0.0,
    "pearson": 0.5046,
    "regression_loss": 1.728,
    "rm2": 0.2501,
    "rmse": 1.3124,
    "sd": 1.286,
    "spearman": 0.4911,
    "spectral_loss": 0.0
}
                              
                              
----------------------------------------
Epoch 021 with LR 0.000100: Model Results
----------------------------------------
Train MSE Loss: 0.7015, Train CLS Loss: 0.0000, Train MCLS Loss: 0.0000
Protein Cluster Region Loss - Ortho Loss: 0.0000, Cluster Loss: 0.0000
                              
Validation Results: {
    "ci": 0.6883,
    "classification_loss": 0.0,
    "cluster_loss": 0.0,
    "mae": 0.9823,
    "mse": 1.705,
    "multiclassification_loss": 0.0,
    "ortho_loss": 0.0,
    "pearson": 0.5437,
    "regression_loss": 1.7002,
    "rm2": 0.2708,
    "rmse": 1.3058,
    "sd": 1.2753,
    "spearman": 0.5269,
    "spectral_loss": 0.0
}
                              
Test Results: {
    "ci": 0.6749,
    "classification_loss": 0.0,
    "cluster_loss": 0.0,
    "mae": 0.982,
    "mse": 1.7173,
    "multiclassification_loss": 0.0,
    "ortho_loss": 0.0,
    "pearson": 0.5038,
    "regression_loss": 1.7239,
    "rm2": 0.2405,
    "rmse": 1.3104,
    "sd": 1.2866,
    "spearman": 0.4956,
    "spectral_loss": 0.0
}
                              
                              
----------------------------------------
Epoch 022 with LR 0.000100: Model Results
----------------------------------------
Train MSE Loss: 0.6885, Train CLS Loss: 0.0000, Train MCLS Loss: 0.0000
Protein Cluster Region Loss - Ortho Loss: 0.0000, Cluster Loss: 0.0000
                              
Validation Results: {
    "ci": 0.6849,
    "classification_loss": 0.0,
    "cluster_loss": 0.0,
    "mae": 1.0401,
    "mse": 1.8811,
    "multiclassification_loss": 0.0,
    "ortho_loss": 0.0,
    "pearson": 0.5314,
    "regression_loss": 1.877,
    "rm2": 0.2307,
    "rmse": 1.3715,
    "sd": 1.2872,
    "spearman": 0.5175,
    "spectral_loss": 0.0
}
                              
Test Results: {
    "ci": 0.6749,
    "classification_loss": 0.0,
    "cluster_loss": 0.0,
    "mae": 0.982,
    "mse": 1.7173,
    "multiclassification_loss": 0.0,
    "ortho_loss": 0.0,
    "pearson": 0.5038,
    "regression_loss": 1.7239,
    "rm2": 0.2405,
    "rmse": 1.3104,
    "sd": 1.2866,
    "spearman": 0.4956,
    "spectral_loss": 0.0
}
                              
                              
----------------------------------------
Epoch 023 with LR 0.000100: Model Results
----------------------------------------
Train MSE Loss: 0.6854, Train CLS Loss: 0.0000, Train MCLS Loss: 0.0000
Protein Cluster Region Loss - Ortho Loss: 0.0000, Cluster Loss: 0.0000
                              
Validation Results: {
    "ci": 0.6884,
    "classification_loss": 0.0,
    "cluster_loss": 0.0,
    "mae": 0.9902,
    "mse": 1.7365,
    "multiclassification_loss": 0.0,
    "ortho_loss": 0.0,
    "pearson": 0.5413,
    "regression_loss": 1.7322,
    "rm2": 0.2645,
    "rmse": 1.3178,
    "sd": 1.2776,
    "spearman": 0.5275,
    "spectral_loss": 0.0
}
                              
Test Results: {
    "ci": 0.6749,
    "classification_loss": 0.0,
    "cluster_loss": 0.0,
    "mae": 0.982,
    "mse": 1.7173,
    "multiclassification_loss": 0.0,
    "ortho_loss": 0.0,
    "pearson": 0.5038,
    "regression_loss": 1.7239,
    "rm2": 0.2405,
    "rmse": 1.3104,
    "sd": 1.2866,
    "spearman": 0.4956,
    "spectral_loss": 0.0
}
                              
                              
----------------------------------------
Epoch 024 with LR 0.000100: Model Results
----------------------------------------
Train MSE Loss: 0.6687, Train CLS Loss: 0.0000, Train MCLS Loss: 0.0000
Protein Cluster Region Loss - Ortho Loss: 0.0000, Cluster Loss: 0.0000
                              
Validation Results: {
    "ci": 0.6874,
    "classification_loss": 0.0,
    "cluster_loss": 0.0,
    "mae": 1.0093,
    "mse": 1.8007,
    "multiclassification_loss": 0.0,
    "ortho_loss": 0.0,
    "pearson": 0.5347,
    "regression_loss": 1.7963,
    "rm2": 0.2729,
    "rmse": 1.3419,
    "sd": 1.284,
    "spearman": 0.5229,
    "spectral_loss": 0.0
}
                              
Test Results: {
    "ci": 0.6749,
    "classification_loss": 0.0,
    "cluster_loss": 0.0,
    "mae": 0.982,
    "mse": 1.7173,
    "multiclassification_loss": 0.0,
    "ortho_loss": 0.0,
    "pearson": 0.5038,
    "regression_loss": 1.7239,
    "rm2": 0.2405,
    "rmse": 1.3104,
    "sd": 1.2866,
    "spearman": 0.4956,
    "spectral_loss": 0.0
}
                              
                              
----------------------------------------
Epoch 025 with LR 0.000100: Model Results
----------------------------------------
Train MSE Loss: 0.6675, Train CLS Loss: 0.0000, Train MCLS Loss: 0.0000
Protein Cluster Region Loss - Ortho Loss: 0.0000, Cluster Loss: 0.0000
                              
Validation Results: {
    "ci": 0.6786,
    "classification_loss": 0.0,
    "cluster_loss": 0.0,
    "mae": 1.0138,
    "mse": 1.7958,
    "multiclassification_loss": 0.0,
    "ortho_loss": 0.0,
    "pearson": 0.5164,
    "regression_loss": 1.791,
    "rm2": 0.2453,
    "rmse": 1.3401,
    "sd": 1.3012,
    "spearman": 0.5016,
    "spectral_loss": 0.0
}
                              
Test Results: {
    "ci": 0.6749,
    "classification_loss": 0.0,
    "cluster_loss": 0.0,
    "mae": 0.982,
    "mse": 1.7173,
    "multiclassification_loss": 0.0,
    "ortho_loss": 0.0,
    "pearson": 0.5038,
    "regression_loss": 1.7239,
    "rm2": 0.2405,
    "rmse": 1.3104,
    "sd": 1.2866,
    "spearman": 0.4956,
    "spectral_loss": 0.0
}
                              
                              
----------------------------------------
Epoch 026 with LR 0.000100: Model Results
----------------------------------------
Train MSE Loss: 0.6611, Train CLS Loss: 0.0000, Train MCLS Loss: 0.0000
Protein Cluster Region Loss - Ortho Loss: 0.0000, Cluster Loss: 0.0000
                              
Validation Results: {
    "ci": 0.681,
    "classification_loss": 0.0,
    "cluster_loss": 0.0,
    "mae": 1.0208,
    "mse": 1.8414,
    "multiclassification_loss": 0.0,
    "ortho_loss": 0.0,
    "pearson": 0.5167,
    "regression_loss": 1.8383,
    "rm2": 0.2314,
    "rmse": 1.357,
    "sd": 1.301,
    "spearman": 0.5069,
    "spectral_loss": 0.0
}
                              
Test Results: {
    "ci": 0.6749,
    "classification_loss": 0.0,
    "cluster_loss": 0.0,
    "mae": 0.982,
    "mse": 1.7173,
    "multiclassification_loss": 0.0,
    "ortho_loss": 0.0,
    "pearson": 0.5038,
    "regression_loss": 1.7239,
    "rm2": 0.2405,
    "rmse": 1.3104,
    "sd": 1.2866,
    "spearman": 0.4956,
    "spectral_loss": 0.0
}
                              
                              
----------------------------------------
Epoch 027 with LR 0.000100: Model Results
----------------------------------------
Train MSE Loss: 0.6478, Train CLS Loss: 0.0000, Train MCLS Loss: 0.0000
Protein Cluster Region Loss - Ortho Loss: 0.0000, Cluster Loss: 0.0000
                              
Validation Results: {
    "ci": 0.6844,
    "classification_loss": 0.0,
    "cluster_loss": 0.0,
    "mae": 1.0093,
    "mse": 1.7997,
    "multiclassification_loss": 0.0,
    "ortho_loss": 0.0,
    "pearson": 0.5258,
    "regression_loss": 1.7957,
    "rm2": 0.241,
    "rmse": 1.3415,
    "sd": 1.2925,
    "spearman": 0.5159,
    "spectral_loss": 0.0
}
                              
Test Results: {
    "ci": 0.6749,
    "classification_loss": 0.0,
    "cluster_loss": 0.0,
    "mae": 0.982,
    "mse": 1.7173,
    "multiclassification_loss": 0.0,
    "ortho_loss": 0.0,
    "pearson": 0.5038,
    "regression_loss": 1.7239,
    "rm2": 0.2405,
    "rmse": 1.3104,
    "sd": 1.2866,
    "spearman": 0.4956,
    "spectral_loss": 0.0
}
                              
                              
----------------------------------------
Epoch 028 with LR 0.000100: Model Results
----------------------------------------
Train MSE Loss: 0.6476, Train CLS Loss: 0.0000, Train MCLS Loss: 0.0000
Protein Cluster Region Loss - Ortho Loss: 0.0000, Cluster Loss: 0.0000
                              
Validation Results: {
    "ci": 0.6863,
    "classification_loss": 0.0,
    "cluster_loss": 0.0,
    "mae": 1.0059,
    "mse": 1.7971,
    "multiclassification_loss": 0.0,
    "ortho_loss": 0.0,
    "pearson": 0.5267,
    "regression_loss": 1.7923,
    "rm2": 0.2463,
    "rmse": 1.3405,
    "sd": 1.2917,
    "spearman": 0.5195,
    "spectral_loss": 0.0
}
                              
Test Results: {
    "ci": 0.6749,
    "classification_loss": 0.0,
    "cluster_loss": 0.0,
    "mae": 0.982,
    "mse": 1.7173,
    "multiclassification_loss": 0.0,
    "ortho_loss": 0.0,
    "pearson": 0.5038,
    "regression_loss": 1.7239,
    "rm2": 0.2405,
    "rmse": 1.3104,
    "sd": 1.2866,
    "spearman": 0.4956,
    "spectral_loss": 0.0
}
                              
                              
----------------------------------------
Epoch 029 with LR 0.000100: Model Results
----------------------------------------
Train MSE Loss: 0.6418, Train CLS Loss: 0.0000, Train MCLS Loss: 0.0000
Protein Cluster Region Loss - Ortho Loss: 0.0000, Cluster Loss: 0.0000
                              
Validation Results: {
    "ci": 0.684,
    "classification_loss": 0.0,
    "cluster_loss": 0.0,
    "mae": 0.9981,
    "mse": 1.7718,
    "multiclassification_loss": 0.0,
    "ortho_loss": 0.0,
    "pearson": 0.5234,
    "regression_loss": 1.7677,
    "rm2": 0.2517,
    "rmse": 1.3311,
    "sd": 1.2948,
    "spearman": 0.5137,
    "spectral_loss": 0.0
}
                              
Test Results: {
    "ci": 0.6749,
    "classification_loss": 0.0,
    "cluster_loss": 0.0,
    "mae": 0.982,
    "mse": 1.7173,
    "multiclassification_loss": 0.0,
    "ortho_loss": 0.0,
    "pearson": 0.5038,
    "regression_loss": 1.7239,
    "rm2": 0.2405,
    "rmse": 1.3104,
    "sd": 1.2866,
    "spearman": 0.4956,
    "spectral_loss": 0.0
}
                              
                              
----------------------------------------
Epoch 030 with LR 0.000100: Model Results
----------------------------------------
Train MSE Loss: 0.6386, Train CLS Loss: 0.0000, Train MCLS Loss: 0.0000
Protein Cluster Region Loss - Ortho Loss: 0.0000, Cluster Loss: 0.0000
                              
Validation Results: {
    "ci": 0.6916,
    "classification_loss": 0.0,
    "cluster_loss": 0.0,
    "mae": 0.9717,
    "mse": 1.697,
    "multiclassification_loss": 0.0,
    "ortho_loss": 0.0,
    "pearson": 0.5527,
    "regression_loss": 1.6927,
    "rm2": 0.288,
    "rmse": 1.3027,
    "sd": 1.2663,
    "spearman": 0.5333,
    "spectral_loss": 0.0
}
                              
Test Results: {
    "ci": 0.6632,
    "classification_loss": 0.0,
    "cluster_loss": 0.0,
    "mae": 0.9974,
    "mse": 1.7968,
    "multiclassification_loss": 0.0,
    "ortho_loss": 0.0,
    "pearson": 0.4791,
    "regression_loss": 1.8065,
    "rm2": 0.2228,
    "rmse": 1.3404,
    "sd": 1.3075,
    "spearman": 0.4641,
    "spectral_loss": 0.0
}
                              
                              
----------------------------------------
Epoch 031 with LR 0.000100: Model Results
----------------------------------------
Train MSE Loss: 0.6359, Train CLS Loss: 0.0000, Train MCLS Loss: 0.0000
Protein Cluster Region Loss - Ortho Loss: 0.0000, Cluster Loss: 0.0000
                              
Validation Results: {
    "ci": 0.6865,
    "classification_loss": 0.0,
    "cluster_loss": 0.0,
    "mae": 1.0229,
    "mse": 1.8747,
    "multiclassification_loss": 0.0,
    "ortho_loss": 0.0,
    "pearson": 0.5253,
    "regression_loss": 1.8699,
    "rm2": 0.2338,
    "rmse": 1.3692,
    "sd": 1.293,
    "spearman": 0.52,
    "spectral_loss": 0.0
}
                              
Test Results: {
    "ci": 0.6632,
    "classification_loss": 0.0,
    "cluster_loss": 0.0,
    "mae": 0.9974,
    "mse": 1.7968,
    "multiclassification_loss": 0.0,
    "ortho_loss": 0.0,
    "pearson": 0.4791,
    "regression_loss": 1.8065,
    "rm2": 0.2228,
    "rmse": 1.3404,
    "sd": 1.3075,
    "spearman": 0.4641,
    "spectral_loss": 0.0
}
                              
                              
----------------------------------------
Epoch 032 with LR 0.000100: Model Results
----------------------------------------
Train MSE Loss: 0.6252, Train CLS Loss: 0.0000, Train MCLS Loss: 0.0000
Protein Cluster Region Loss - Ortho Loss: 0.0000, Cluster Loss: 0.0000
                              
Validation Results: {
    "ci": 0.6838,
    "classification_loss": 0.0,
    "cluster_loss": 0.0,
    "mae": 1.0174,
    "mse": 1.821,
    "multiclassification_loss": 0.0,
    "ortho_loss": 0.0,
    "pearson": 0.5237,
    "regression_loss": 1.8177,
    "rm2": 0.2358,
    "rmse": 1.3494,
    "sd": 1.2945,
    "spearman": 0.5151,
    "spectral_loss": 0.0
}
                              
Test Results: {
    "ci": 0.6632,
    "classification_loss": 0.0,
    "cluster_loss": 0.0,
    "mae": 0.9974,
    "mse": 1.7968,
    "multiclassification_loss": 0.0,
    "ortho_loss": 0.0,
    "pearson": 0.4791,
    "regression_loss": 1.8065,
    "rm2": 0.2228,
    "rmse": 1.3404,
    "sd": 1.3075,
    "spearman": 0.4641,
    "spectral_loss": 0.0
}
                              
                              
----------------------------------------
Epoch 033 with LR 0.000100: Model Results
----------------------------------------
Train MSE Loss: 0.6209, Train CLS Loss: 0.0000, Train MCLS Loss: 0.0000
Protein Cluster Region Loss - Ortho Loss: 0.0000, Cluster Loss: 0.0000
                              
Validation Results: {
    "ci": 0.6882,
    "classification_loss": 0.0,
    "cluster_loss": 0.0,
    "mae": 1.001,
    "mse": 1.785,
    "multiclassification_loss": 0.0,
    "ortho_loss": 0.0,
    "pearson": 0.5378,
    "regression_loss": 1.7807,
    "rm2": 0.252,
    "rmse": 1.336,
    "sd": 1.2811,
    "spearman": 0.5247,
    "spectral_loss": 0.0
}
                              
Test Results: {
    "ci": 0.6632,
    "classification_loss": 0.0,
    "cluster_loss": 0.0,
    "mae": 0.9974,
    "mse": 1.7968,
    "multiclassification_loss": 0.0,
    "ortho_loss": 0.0,
    "pearson": 0.4791,
    "regression_loss": 1.8065,
    "rm2": 0.2228,
    "rmse": 1.3404,
    "sd": 1.3075,
    "spearman": 0.4641,
    "spectral_loss": 0.0
}
                              
                              
----------------------------------------
Epoch 034 with LR 0.000100: Model Results
----------------------------------------
Train MSE Loss: 0.6188, Train CLS Loss: 0.0000, Train MCLS Loss: 0.0000
Protein Cluster Region Loss - Ortho Loss: 0.0000, Cluster Loss: 0.0000
                              
Validation Results: {
    "ci": 0.6855,
    "classification_loss": 0.0,
    "cluster_loss": 0.0,
    "mae": 1.0097,
    "mse": 1.8058,
    "multiclassification_loss": 0.0,
    "ortho_loss": 0.0,
    "pearson": 0.5328,
    "regression_loss": 1.8006,
    "rm2": 0.2516,
    "rmse": 1.3438,
    "sd": 1.2859,
    "spearman": 0.5207,
    "spectral_loss": 0.0
}
                              
Test Results: {
    "ci": 0.6632,
    "classification_loss": 0.0,
    "cluster_loss": 0.0,
    "mae": 0.9974,
    "mse": 1.7968,
    "multiclassification_loss": 0.0,
    "ortho_loss": 0.0,
    "pearson": 0.4791,
    "regression_loss": 1.8065,
    "rm2": 0.2228,
    "rmse": 1.3404,
    "sd": 1.3075,
    "spearman": 0.4641,
    "spectral_loss": 0.0
}
                              
                              
----------------------------------------
Epoch 035 with LR 0.000100: Model Results
----------------------------------------
Train MSE Loss: 0.6124, Train CLS Loss: 0.0000, Train MCLS Loss: 0.0000
Protein Cluster Region Loss - Ortho Loss: 0.0000, Cluster Loss: 0.0000
                              
Validation Results: {
    "ci": 0.6872,
    "classification_loss": 0.0,
    "cluster_loss": 0.0,
    "mae": 1.0008,
    "mse": 1.7587,
    "multiclassification_loss": 0.0,
    "ortho_loss": 0.0,
    "pearson": 0.5366,
    "regression_loss": 1.7543,
    "rm2": 0.2704,
    "rmse": 1.3261,
    "sd": 1.2822,
    "spearman": 0.5237,
    "spectral_loss": 0.0
}
                              
Test Results: {
    "ci": 0.6632,
    "classification_loss": 0.0,
    "cluster_loss": 0.0,
    "mae": 0.9974,
    "mse": 1.7968,
    "multiclassification_loss": 0.0,
    "ortho_loss": 0.0,
    "pearson": 0.4791,
    "regression_loss": 1.8065,
    "rm2": 0.2228,
    "rmse": 1.3404,
    "sd": 1.3075,
    "spearman": 0.4641,
    "spectral_loss": 0.0
}
                              
                              
----------------------------------------
Epoch 036 with LR 0.000100: Model Results
----------------------------------------
Train MSE Loss: 0.6102, Train CLS Loss: 0.0000, Train MCLS Loss: 0.0000
Protein Cluster Region Loss - Ortho Loss: 0.0000, Cluster Loss: 0.0000
                              
Validation Results: {
    "ci": 0.6923,
    "classification_loss": 0.0,
    "cluster_loss": 0.0,
    "mae": 0.9933,
    "mse": 1.7637,
    "multiclassification_loss": 0.0,
    "ortho_loss": 0.0,
    "pearson": 0.5463,
    "regression_loss": 1.7593,
    "rm2": 0.255,
    "rmse": 1.328,
    "sd": 1.2727,
    "spearman": 0.5364,
    "spectral_loss": 0.0
}
                              
Test Results: {
    "ci": 0.6632,
    "classification_loss": 0.0,
    "cluster_loss": 0.0,
    "mae": 0.9974,
    "mse": 1.7968,
    "multiclassification_loss": 0.0,
    "ortho_loss": 0.0,
    "pearson": 0.4791,
    "regression_loss": 1.8065,
    "rm2": 0.2228,
    "rmse": 1.3404,
    "sd": 1.3075,
    "spearman": 0.4641,
    "spectral_loss": 0.0
}
                              
                              
----------------------------------------
Epoch 037 with LR 0.000100: Model Results
----------------------------------------
Train MSE Loss: 0.6026, Train CLS Loss: 0.0000, Train MCLS Loss: 0.0000
Protein Cluster Region Loss - Ortho Loss: 0.0000, Cluster Loss: 0.0000
                              
Validation Results: {
    "ci": 0.6876,
    "classification_loss": 0.0,
    "cluster_loss": 0.0,
    "mae": 0.9949,
    "mse": 1.771,
    "multiclassification_loss": 0.0,
    "ortho_loss": 0.0,
    "pearson": 0.5301,
    "regression_loss": 1.7664,
    "rm2": 0.2533,
    "rmse": 1.3308,
    "sd": 1.2884,
    "spearman": 0.5239,
    "spectral_loss": 0.0
}
                              
Test Results: {
    "ci": 0.6632,
    "classification_loss": 0.0,
    "cluster_loss": 0.0,
    "mae": 0.9974,
    "mse": 1.7968,
    "multiclassification_loss": 0.0,
    "ortho_loss": 0.0,
    "pearson": 0.4791,
    "regression_loss": 1.8065,
    "rm2": 0.2228,
    "rmse": 1.3404,
    "sd": 1.3075,
    "spearman": 0.4641,
    "spectral_loss": 0.0
}
                              
                              
----------------------------------------
Epoch 038 with LR 0.000100: Model Results
----------------------------------------
Train MSE Loss: 0.6038, Train CLS Loss: 0.0000, Train MCLS Loss: 0.0000
Protein Cluster Region Loss - Ortho Loss: 0.0000, Cluster Loss: 0.0000
                              
Validation Results: {
    "ci": 0.69,
    "classification_loss": 0.0,
    "cluster_loss": 0.0,
    "mae": 0.9924,
    "mse": 1.7569,
    "multiclassification_loss": 0.0,
    "ortho_loss": 0.0,
    "pearson": 0.5374,
    "regression_loss": 1.7528,
    "rm2": 0.2541,
    "rmse": 1.3255,
    "sd": 1.2814,
    "spearman": 0.5301,
    "spectral_loss": 0.0
}
                              
Test Results: {
    "ci": 0.6632,
    "classification_loss": 0.0,
    "cluster_loss": 0.0,
    "mae": 0.9974,
    "mse": 1.7968,
    "multiclassification_loss": 0.0,
    "ortho_loss": 0.0,
    "pearson": 0.4791,
    "regression_loss": 1.8065,
    "rm2": 0.2228,
    "rmse": 1.3404,
    "sd": 1.3075,
    "spearman": 0.4641,
    "spectral_loss": 0.0
}
                              
                              
----------------------------------------
Epoch 039 with LR 0.000100: Model Results
----------------------------------------
Train MSE Loss: 0.5985, Train CLS Loss: 0.0000, Train MCLS Loss: 0.0000
Protein Cluster Region Loss - Ortho Loss: 0.0000, Cluster Loss: 0.0000
                              
Validation Results: {
    "ci": 0.6869,
    "classification_loss": 0.0,
    "cluster_loss": 0.0,
    "mae": 1.0236,
    "mse": 1.8608,
    "multiclassification_loss": 0.0,
    "ortho_loss": 0.0,
    "pearson": 0.5328,
    "regression_loss": 1.8566,
    "rm2": 0.2399,
    "rmse": 1.3641,
    "sd": 1.2858,
    "spearman": 0.5229,
    "spectral_loss": 0.0
}
                              
Test Results: {
    "ci": 0.6632,
    "classification_loss": 0.0,
    "cluster_loss": 0.0,
    "mae": 0.9974,
    "mse": 1.7968,
    "multiclassification_loss": 0.0,
    "ortho_loss": 0.0,
    "pearson": 0.4791,
    "regression_loss": 1.8065,
    "rm2": 0.2228,
    "rmse": 1.3404,
    "sd": 1.3075,
    "spearman": 0.4641,
    "spectral_loss": 0.0
}
                              
                              
----------------------------------------
Epoch 040 with LR 0.000100: Model Results
----------------------------------------
Train MSE Loss: 0.5970, Train CLS Loss: 0.0000, Train MCLS Loss: 0.0000
Protein Cluster Region Loss - Ortho Loss: 0.0000, Cluster Loss: 0.0000
                              
Validation Results: {
    "ci": 0.6843,
    "classification_loss": 0.0,
    "cluster_loss": 0.0,
    "mae": 1.0091,
    "mse": 1.8014,
    "multiclassification_loss": 0.0,
    "ortho_loss": 0.0,
    "pearson": 0.5329,
    "regression_loss": 1.7976,
    "rm2": 0.2457,
    "rmse": 1.3422,
    "sd": 1.2858,
    "spearman": 0.5171,
    "spectral_loss": 0.0
}
                              
Test Results: {
    "ci": 0.6632,
    "classification_loss": 0.0,
    "cluster_loss": 0.0,
    "mae": 0.9974,
    "mse": 1.7968,
    "multiclassification_loss": 0.0,
    "ortho_loss": 0.0,
    "pearson": 0.4791,
    "regression_loss": 1.8065,
    "rm2": 0.2228,
    "rmse": 1.3404,
    "sd": 1.3075,
    "spearman": 0.4641,
    "spectral_loss": 0.0
}
                              
                              
----------------------------------------
Epoch 041 with LR 0.000100: Model Results
----------------------------------------
Train MSE Loss: 0.5934, Train CLS Loss: 0.0000, Train MCLS Loss: 0.0000
Protein Cluster Region Loss - Ortho Loss: 0.0000, Cluster Loss: 0.0000
                              
Validation Results: {
    "ci": 0.6853,
    "classification_loss": 0.0,
    "cluster_loss": 0.0,
    "mae": 1.009,
    "mse": 1.8116,
    "multiclassification_loss": 0.0,
    "ortho_loss": 0.0,
    "pearson": 0.5247,
    "regression_loss": 1.808,
    "rm2": 0.26,
    "rmse": 1.346,
    "sd": 1.2935,
    "spearman": 0.5169,
    "spectral_loss": 0.0
}
                              
Test Results: {
    "ci": 0.6632,
    "classification_loss": 0.0,
    "cluster_loss": 0.0,
    "mae": 0.9974,
    "mse": 1.7968,
    "multiclassification_loss": 0.0,
    "ortho_loss": 0.0,
    "pearson": 0.4791,
    "regression_loss": 1.8065,
    "rm2": 0.2228,
    "rmse": 1.3404,
    "sd": 1.3075,
    "spearman": 0.4641,
    "spectral_loss": 0.0
}
                              
                              
----------------------------------------
Epoch 042 with LR 0.000100: Model Results
----------------------------------------
Train MSE Loss: 0.5960, Train CLS Loss: 0.0000, Train MCLS Loss: 0.0000
Protein Cluster Region Loss - Ortho Loss: 0.0000, Cluster Loss: 0.0000
                              
Validation Results: {
    "ci": 0.6858,
    "classification_loss": 0.0,
    "cluster_loss": 0.0,
    "mae": 1.0123,
    "mse": 1.8265,
    "multiclassification_loss": 0.0,
    "ortho_loss": 0.0,
    "pearson": 0.5291,
    "regression_loss": 1.8219,
    "rm2": 0.2462,
    "rmse": 1.3515,
    "sd": 1.2894,
    "spearman": 0.52,
    "spectral_loss": 0.0
}
                              
Test Results: {
    "ci": 0.6632,
    "classification_loss": 0.0,
    "cluster_loss": 0.0,
    "mae": 0.9974,
    "mse": 1.7968,
    "multiclassification_loss": 0.0,
    "ortho_loss": 0.0,
    "pearson": 0.4791,
    "regression_loss": 1.8065,
    "rm2": 0.2228,
    "rmse": 1.3404,
    "sd": 1.3075,
    "spearman": 0.4641,
    "spectral_loss": 0.0
}
                              
                              
----------------------------------------
Epoch 043 with LR 0.000100: Model Results
----------------------------------------
Train MSE Loss: 0.5934, Train CLS Loss: 0.0000, Train MCLS Loss: 0.0000
Protein Cluster Region Loss - Ortho Loss: 0.0000, Cluster Loss: 0.0000
                              
Validation Results: {
    "ci": 0.6854,
    "classification_loss": 0.0,
    "cluster_loss": 0.0,
    "mae": 1.0347,
    "mse": 1.9141,
    "multiclassification_loss": 0.0,
    "ortho_loss": 0.0,
    "pearson": 0.5211,
    "regression_loss": 1.9103,
    "rm2": 0.2232,
    "rmse": 1.3835,
    "sd": 1.2969,
    "spearman": 0.5171,
    "spectral_loss": 0.0
}
                              
Test Results: {
    "ci": 0.6632,
    "classification_loss": 0.0,
    "cluster_loss": 0.0,
    "mae": 0.9974,
    "mse": 1.7968,
    "multiclassification_loss": 0.0,
    "ortho_loss": 0.0,
    "pearson": 0.4791,
    "regression_loss": 1.8065,
    "rm2": 0.2228,
    "rmse": 1.3404,
    "sd": 1.3075,
    "spearman": 0.4641,
    "spectral_loss": 0.0
}
                              
                              
----------------------------------------
Epoch 044 with LR 0.000100: Model Results
----------------------------------------
Train MSE Loss: 0.5904, Train CLS Loss: 0.0000, Train MCLS Loss: 0.0000
Protein Cluster Region Loss - Ortho Loss: 0.0000, Cluster Loss: 0.0000
                              
Validation Results: {
    "ci": 0.6863,
    "classification_loss": 0.0,
    "cluster_loss": 0.0,
    "mae": 1.0081,
    "mse": 1.8331,
    "multiclassification_loss": 0.0,
    "ortho_loss": 0.0,
    "pearson": 0.5282,
    "regression_loss": 1.8289,
    "rm2": 0.245,
    "rmse": 1.3539,
    "sd": 1.2903,
    "spearman": 0.5195,
    "spectral_loss": 0.0
}
                              
Test Results: {
    "ci": 0.6632,
    "classification_loss": 0.0,
    "cluster_loss": 0.0,
    "mae": 0.9974,
    "mse": 1.7968,
    "multiclassification_loss": 0.0,
    "ortho_loss": 0.0,
    "pearson": 0.4791,
    "regression_loss": 1.8065,
    "rm2": 0.2228,
    "rmse": 1.3404,
    "sd": 1.3075,
    "spearman": 0.4641,
    "spectral_loss": 0.0
}
                              
                              
----------------------------------------
Epoch 045 with LR 0.000100: Model Results
----------------------------------------
Train MSE Loss: 0.5890, Train CLS Loss: 0.0000, Train MCLS Loss: 0.0000
Protein Cluster Region Loss - Ortho Loss: 0.0000, Cluster Loss: 0.0000
                              
Validation Results: {
    "ci": 0.6856,
    "classification_loss": 0.0,
    "cluster_loss": 0.0,
    "mae": 1.0206,
    "mse": 1.8407,
    "multiclassification_loss": 0.0,
    "ortho_loss": 0.0,
    "pearson": 0.5212,
    "regression_loss": 1.837,
    "rm2": 0.2299,
    "rmse": 1.3567,
    "sd": 1.2968,
    "spearman": 0.5183,
    "spectral_loss": 0.0
}
                              
Test Results: {
    "ci": 0.6632,
    "classification_loss": 0.0,
    "cluster_loss": 0.0,
    "mae": 0.9974,
    "mse": 1.7968,
    "multiclassification_loss": 0.0,
    "ortho_loss": 0.0,
    "pearson": 0.4791,
    "regression_loss": 1.8065,
    "rm2": 0.2228,
    "rmse": 1.3404,
    "sd": 1.3075,
    "spearman": 0.4641,
    "spectral_loss": 0.0
}
                              
                              
----------------------------------------
Epoch 046 with LR 0.000100: Model Results
----------------------------------------
Train MSE Loss: 0.5830, Train CLS Loss: 0.0000, Train MCLS Loss: 0.0000
Protein Cluster Region Loss - Ortho Loss: 0.0000, Cluster Loss: 0.0000
                              
Validation Results: {
    "ci": 0.6929,
    "classification_loss": 0.0,
    "cluster_loss": 0.0,
    "mae": 0.9813,
    "mse": 1.716,
    "multiclassification_loss": 0.0,
    "ortho_loss": 0.0,
    "pearson": 0.5495,
    "regression_loss": 1.7116,
    "rm2": 0.2787,
    "rmse": 1.31,
    "sd": 1.2695,
    "spearman": 0.5368,
    "spectral_loss": 0.0
}
                              
Test Results: {
    "ci": 0.6632,
    "classification_loss": 0.0,
    "cluster_loss": 0.0,
    "mae": 0.9974,
    "mse": 1.7968,
    "multiclassification_loss": 0.0,
    "ortho_loss": 0.0,
    "pearson": 0.4791,
    "regression_loss": 1.8065,
    "rm2": 0.2228,
    "rmse": 1.3404,
    "sd": 1.3075,
    "spearman": 0.4641,
    "spectral_loss": 0.0
}
                              
                              
----------------------------------------
Epoch 047 with LR 0.000100: Model Results
----------------------------------------
Train MSE Loss: 0.5736, Train CLS Loss: 0.0000, Train MCLS Loss: 0.0000
Protein Cluster Region Loss - Ortho Loss: 0.0000, Cluster Loss: 0.0000
                              
Validation Results: {
    "ci": 0.6912,
    "classification_loss": 0.0,
    "cluster_loss": 0.0,
    "mae": 0.9933,
    "mse": 1.7643,
    "multiclassification_loss": 0.0,
    "ortho_loss": 0.0,
    "pearson": 0.5431,
    "regression_loss": 1.7592,
    "rm2": 0.2727,
    "rmse": 1.3283,
    "sd": 1.2759,
    "spearman": 0.5326,
    "spectral_loss": 0.0
}
                              
Test Results: {
    "ci": 0.6632,
    "classification_loss": 0.0,
    "cluster_loss": 0.0,
    "mae": 0.9974,
    "mse": 1.7968,
    "multiclassification_loss": 0.0,
    "ortho_loss": 0.0,
    "pearson": 0.4791,
    "regression_loss": 1.8065,
    "rm2": 0.2228,
    "rmse": 1.3404,
    "sd": 1.3075,
    "spearman": 0.4641,
    "spectral_loss": 0.0
}
                              
                              
----------------------------------------
Epoch 048 with LR 0.000100: Model Results
----------------------------------------
Train MSE Loss: 0.5752, Train CLS Loss: 0.0000, Train MCLS Loss: 0.0000
Protein Cluster Region Loss - Ortho Loss: 0.0000, Cluster Loss: 0.0000
                              
Validation Results: {
    "ci": 0.6866,
    "classification_loss": 0.0,
    "cluster_loss": 0.0,
    "mae": 1.0213,
    "mse": 1.874,
    "multiclassification_loss": 0.0,
    "ortho_loss": 0.0,
    "pearson": 0.5199,
    "regression_loss": 1.87,
    "rm2": 0.2275,
    "rmse": 1.3689,
    "sd": 1.298,
    "spearman": 0.5211,
    "spectral_loss": 0.0
}
                              
Test Results: {
    "ci": 0.6632,
    "classification_loss": 0.0,
    "cluster_loss": 0.0,
    "mae": 0.9974,
    "mse": 1.7968,
    "multiclassification_loss": 0.0,
    "ortho_loss": 0.0,
    "pearson": 0.4791,
    "regression_loss": 1.8065,
    "rm2": 0.2228,
    "rmse": 1.3404,
    "sd": 1.3075,
    "spearman": 0.4641,
    "spectral_loss": 0.0
}
                              
                              
----------------------------------------
Epoch 049 with LR 0.000100: Model Results
----------------------------------------
Train MSE Loss: 0.5688, Train CLS Loss: 0.0000, Train MCLS Loss: 0.0000
Protein Cluster Region Loss - Ortho Loss: 0.0000, Cluster Loss: 0.0000
                              
Validation Results: {
    "ci": 0.6878,
    "classification_loss": 0.0,
    "cluster_loss": 0.0,
    "mae": 0.9922,
    "mse": 1.7699,
    "multiclassification_loss": 0.0,
    "ortho_loss": 0.0,
    "pearson": 0.5338,
    "regression_loss": 1.7649,
    "rm2": 0.2613,
    "rmse": 1.3304,
    "sd": 1.2849,
    "spearman": 0.5244,
    "spectral_loss": 0.0
}
                              
Test Results: {
    "ci": 0.6632,
    "classification_loss": 0.0,
    "cluster_loss": 0.0,
    "mae": 0.9974,
    "mse": 1.7968,
    "multiclassification_loss": 0.0,
    "ortho_loss": 0.0,
    "pearson": 0.4791,
    "regression_loss": 1.8065,
    "rm2": 0.2228,
    "rmse": 1.3404,
    "sd": 1.3075,
    "spearman": 0.4641,
    "spectral_loss": 0.0
}
                              
                              
----------------------------------------
Epoch 050 with LR 0.000100: Model Results
----------------------------------------
Train MSE Loss: 0.5671, Train CLS Loss: 0.0000, Train MCLS Loss: 0.0000
Protein Cluster Region Loss - Ortho Loss: 0.0000, Cluster Loss: 0.0000
                              
Validation Results: {
    "ci": 0.6899,
    "classification_loss": 0.0,
    "cluster_loss": 0.0,
    "mae": 0.9998,
    "mse": 1.8101,
    "multiclassification_loss": 0.0,
    "ortho_loss": 0.0,
    "pearson": 0.5376,
    "regression_loss": 1.8053,
    "rm2": 0.2648,
    "rmse": 1.3454,
    "sd": 1.2812,
    "spearman": 0.5292,
    "spectral_loss": 0.0
}
                              
Test Results: {
    "ci": 0.6632,
    "classification_loss": 0.0,
    "cluster_loss": 0.0,
    "mae": 0.9974,
    "mse": 1.7968,
    "multiclassification_loss": 0.0,
    "ortho_loss": 0.0,
    "pearson": 0.4791,
    "regression_loss": 1.8065,
    "rm2": 0.2228,
    "rmse": 1.3404,
    "sd": 1.3075,
    "spearman": 0.4641,
    "spectral_loss": 0.0
}
                              
                              
----------------------------------------
Epoch 051 with LR 0.000100: Model Results
----------------------------------------
Train MSE Loss: 0.5639, Train CLS Loss: 0.0000, Train MCLS Loss: 0.0000
Protein Cluster Region Loss - Ortho Loss: 0.0000, Cluster Loss: 0.0000
                              
Validation Results: {
    "ci": 0.6842,
    "classification_loss": 0.0,
    "cluster_loss": 0.0,
    "mae": 1.0099,
    "mse": 1.8329,
    "multiclassification_loss": 0.0,
    "ortho_loss": 0.0,
    "pearson": 0.5288,
    "regression_loss": 1.8286,
    "rm2": 0.2439,
    "rmse": 1.3539,
    "sd": 1.2897,
    "spearman": 0.5148,
    "spectral_loss": 0.0
}
                              
Test Results: {
    "ci": 0.6632,
    "classification_loss": 0.0,
    "cluster_loss": 0.0,
    "mae": 0.9974,
    "mse": 1.7968,
    "multiclassification_loss": 0.0,
    "ortho_loss": 0.0,
    "pearson": 0.4791,
    "regression_loss": 1.8065,
    "rm2": 0.2228,
    "rmse": 1.3404,
    "sd": 1.3075,
    "spearman": 0.4641,
    "spectral_loss": 0.0
}
                              
                              
----------------------------------------
Epoch 052 with LR 0.000100: Model Results
----------------------------------------
Train MSE Loss: 0.5657, Train CLS Loss: 0.0000, Train MCLS Loss: 0.0000
Protein Cluster Region Loss - Ortho Loss: 0.0000, Cluster Loss: 0.0000
                              
Validation Results: {
    "ci": 0.6896,
    "classification_loss": 0.0,
    "cluster_loss": 0.0,
    "mae": 0.9969,
    "mse": 1.7807,
    "multiclassification_loss": 0.0,
    "ortho_loss": 0.0,
    "pearson": 0.5372,
    "regression_loss": 1.7761,
    "rm2": 0.2587,
    "rmse": 1.3344,
    "sd": 1.2817,
    "spearman": 0.5291,
    "spectral_loss": 0.0
}
                              
Test Results: {
    "ci": 0.6632,
    "classification_loss": 0.0,
    "cluster_loss": 0.0,
    "mae": 0.9974,
    "mse": 1.7968,
    "multiclassification_loss": 0.0,
    "ortho_loss": 0.0,
    "pearson": 0.4791,
    "regression_loss": 1.8065,
    "rm2": 0.2228,
    "rmse": 1.3404,
    "sd": 1.3075,
    "spearman": 0.4641,
    "spectral_loss": 0.0
}
                              
                              
----------------------------------------
Epoch 053 with LR 0.000100: Model Results
----------------------------------------
Train MSE Loss: 0.5624, Train CLS Loss: 0.0000, Train MCLS Loss: 0.0000
Protein Cluster Region Loss - Ortho Loss: 0.0000, Cluster Loss: 0.0000
                              
Validation Results: {
    "ci": 0.6883,
    "classification_loss": 0.0,
    "cluster_loss": 0.0,
    "mae": 1.0047,
    "mse": 1.8001,
    "multiclassification_loss": 0.0,
    "ortho_loss": 0.0,
    "pearson": 0.5305,
    "regression_loss": 1.7954,
    "rm2": 0.2561,
    "rmse": 1.3417,
    "sd": 1.288,
    "spearman": 0.5247,
    "spectral_loss": 0.0
}
                              
Test Results: {
    "ci": 0.6632,
    "classification_loss": 0.0,
    "cluster_loss": 0.0,
    "mae": 0.9974,
    "mse": 1.7968,
    "multiclassification_loss": 0.0,
    "ortho_loss": 0.0,
    "pearson": 0.4791,
    "regression_loss": 1.8065,
    "rm2": 0.2228,
    "rmse": 1.3404,
    "sd": 1.3075,
    "spearman": 0.4641,
    "spectral_loss": 0.0
}
                              
                              
----------------------------------------
Epoch 054 with LR 0.000100: Model Results
----------------------------------------
Train MSE Loss: 0.5636, Train CLS Loss: 0.0000, Train MCLS Loss: 0.0000
Protein Cluster Region Loss - Ortho Loss: 0.0000, Cluster Loss: 0.0000
                              
Validation Results: {
    "ci": 0.6861,
    "classification_loss": 0.0,
    "cluster_loss": 0.0,
    "mae": 1.0183,
    "mse": 1.8544,
    "multiclassification_loss": 0.0,
    "ortho_loss": 0.0,
    "pearson": 0.5265,
    "regression_loss": 1.85,
    "rm2": 0.2379,
    "rmse": 1.3618,
    "sd": 1.2919,
    "spearman": 0.5185,
    "spectral_loss": 0.0
}
                              
Test Results: {
    "ci": 0.6632,
    "classification_loss": 0.0,
    "cluster_loss": 0.0,
    "mae": 0.9974,
    "mse": 1.7968,
    "multiclassification_loss": 0.0,
    "ortho_loss": 0.0,
    "pearson": 0.4791,
    "regression_loss": 1.8065,
    "rm2": 0.2228,
    "rmse": 1.3404,
    "sd": 1.3075,
    "spearman": 0.4641,
    "spectral_loss": 0.0
}
                              
                              
----------------------------------------
Epoch 055 with LR 0.000100: Model Results
----------------------------------------
Train MSE Loss: 0.5626, Train CLS Loss: 0.0000, Train MCLS Loss: 0.0000
Protein Cluster Region Loss - Ortho Loss: 0.0000, Cluster Loss: 0.0000
                              
Validation Results: {
    "ci": 0.6855,
    "classification_loss": 0.0,
    "cluster_loss": 0.0,
    "mae": 1.017,
    "mse": 1.8722,
    "multiclassification_loss": 0.0,
    "ortho_loss": 0.0,
    "pearson": 0.5185,
    "regression_loss": 1.8675,
    "rm2": 0.2335,
    "rmse": 1.3683,
    "sd": 1.2993,
    "spearman": 0.5161,
    "spectral_loss": 0.0
}
                              
Test Results: {
    "ci": 0.6632,
    "classification_loss": 0.0,
    "cluster_loss": 0.0,
    "mae": 0.9974,
    "mse": 1.7968,
    "multiclassification_loss": 0.0,
    "ortho_loss": 0.0,
    "pearson": 0.4791,
    "regression_loss": 1.8065,
    "rm2": 0.2228,
    "rmse": 1.3404,
    "sd": 1.3075,
    "spearman": 0.4641,
    "spectral_loss": 0.0
}
                              
                              
----------------------------------------
Epoch 056 with LR 0.000100: Model Results
----------------------------------------
Train MSE Loss: 0.5540, Train CLS Loss: 0.0000, Train MCLS Loss: 0.0000
Protein Cluster Region Loss - Ortho Loss: 0.0000, Cluster Loss: 0.0000
                              
Validation Results: {
    "ci": 0.6862,
    "classification_loss": 0.0,
    "cluster_loss": 0.0,
    "mae": 1.0286,
    "mse": 1.9121,
    "multiclassification_loss": 0.0,
    "ortho_loss": 0.0,
    "pearson": 0.5231,
    "regression_loss": 1.9076,
    "rm2": 0.2372,
    "rmse": 1.3828,
    "sd": 1.295,
    "spearman": 0.5201,
    "spectral_loss": 0.0
}
                              
Test Results: {
    "ci": 0.6632,
    "classification_loss": 0.0,
    "cluster_loss": 0.0,
    "mae": 0.9974,
    "mse": 1.7968,
    "multiclassification_loss": 0.0,
    "ortho_loss": 0.0,
    "pearson": 0.4791,
    "regression_loss": 1.8065,
    "rm2": 0.2228,
    "rmse": 1.3404,
    "sd": 1.3075,
    "spearman": 0.4641,
    "spectral_loss": 0.0
}
                              
                              
----------------------------------------
Epoch 057 with LR 0.000100: Model Results
----------------------------------------
Train MSE Loss: 0.5525, Train CLS Loss: 0.0000, Train MCLS Loss: 0.0000
Protein Cluster Region Loss - Ortho Loss: 0.0000, Cluster Loss: 0.0000
                              
Validation Results: {
    "ci": 0.6887,
    "classification_loss": 0.0,
    "cluster_loss": 0.0,
    "mae": 0.9886,
    "mse": 1.7461,
    "multiclassification_loss": 0.0,
    "ortho_loss": 0.0,
    "pearson": 0.5347,
    "regression_loss": 1.7418,
    "rm2": 0.2661,
    "rmse": 1.3214,
    "sd": 1.2841,
    "spearman": 0.5274,
    "spectral_loss": 0.0
}
                              
Test Results: {
    "ci": 0.6632,
    "classification_loss": 0.0,
    "cluster_loss": 0.0,
    "mae": 0.9974,
    "mse": 1.7968,
    "multiclassification_loss": 0.0,
    "ortho_loss": 0.0,
    "pearson": 0.4791,
    "regression_loss": 1.8065,
    "rm2": 0.2228,
    "rmse": 1.3404,
    "sd": 1.3075,
    "spearman": 0.4641,
    "spectral_loss": 0.0
}
                              
                              
----------------------------------------
Epoch 058 with LR 0.000100: Model Results
----------------------------------------
Train MSE Loss: 0.5519, Train CLS Loss: 0.0000, Train MCLS Loss: 0.0000
Protein Cluster Region Loss - Ortho Loss: 0.0000, Cluster Loss: 0.0000
                              
Validation Results: {
    "ci": 0.6861,
    "classification_loss": 0.0,
    "cluster_loss": 0.0,
    "mae": 1.019,
    "mse": 1.8469,
    "multiclassification_loss": 0.0,
    "ortho_loss": 0.0,
    "pearson": 0.5307,
    "regression_loss": 1.8419,
    "rm2": 0.2504,
    "rmse": 1.359,
    "sd": 1.2879,
    "spearman": 0.521,
    "spectral_loss": 0.0
}
                              
Test Results: {
    "ci": 0.6632,
    "classification_loss": 0.0,
    "cluster_loss": 0.0,
    "mae": 0.9974,
    "mse": 1.7968,
    "multiclassification_loss": 0.0,
    "ortho_loss": 0.0,
    "pearson": 0.4791,
    "regression_loss": 1.8065,
    "rm2": 0.2228,
    "rmse": 1.3404,
    "sd": 1.3075,
    "spearman": 0.4641,
    "spectral_loss": 0.0
}
                              
                              
----------------------------------------
Epoch 059 with LR 0.000100: Model Results
----------------------------------------
Train MSE Loss: 0.5529, Train CLS Loss: 0.0000, Train MCLS Loss: 0.0000
Protein Cluster Region Loss - Ortho Loss: 0.0000, Cluster Loss: 0.0000
                              
Validation Results: {
    "ci": 0.6869,
    "classification_loss": 0.0,
    "cluster_loss": 0.0,
    "mae": 1.0119,
    "mse": 1.8441,
    "multiclassification_loss": 0.0,
    "ortho_loss": 0.0,
    "pearson": 0.529,
    "regression_loss": 1.8401,
    "rm2": 0.2493,
    "rmse": 1.358,
    "sd": 1.2895,
    "spearman": 0.5217,
    "spectral_loss": 0.0
}
                              
Test Results: {
    "ci": 0.6632,
    "classification_loss": 0.0,
    "cluster_loss": 0.0,
    "mae": 0.9974,
    "mse": 1.7968,
    "multiclassification_loss": 0.0,
    "ortho_loss": 0.0,
    "pearson": 0.4791,
    "regression_loss": 1.8065,
    "rm2": 0.2228,
    "rmse": 1.3404,
    "sd": 1.3075,
    "spearman": 0.4641,
    "spectral_loss": 0.0
}
                              
                              
----------------------------------------
Epoch 060 with LR 0.000100: Model Results
----------------------------------------
Train MSE Loss: 0.5486, Train CLS Loss: 0.0000, Train MCLS Loss: 0.0000
Protein Cluster Region Loss - Ortho Loss: 0.0000, Cluster Loss: 0.0000
                              
Validation Results: {
    "ci": 0.682,
    "classification_loss": 0.0,
    "cluster_loss": 0.0,
    "mae": 1.034,
    "mse": 1.9082,
    "multiclassification_loss": 0.0,
    "ortho_loss": 0.0,
    "pearson": 0.5118,
    "regression_loss": 1.9043,
    "rm2": 0.2282,
    "rmse": 1.3814,
    "sd": 1.3054,
    "spearman": 0.5088,
    "spectral_loss": 0.0
}
                              
Test Results: {
    "ci": 0.6632,
    "classification_loss": 0.0,
    "cluster_loss": 0.0,
    "mae": 0.9974,
    "mse": 1.7968,
    "multiclassification_loss": 0.0,
    "ortho_loss": 0.0,
    "pearson": 0.4791,
    "regression_loss": 1.8065,
    "rm2": 0.2228,
    "rmse": 1.3404,
    "sd": 1.3075,
    "spearman": 0.4641,
    "spectral_loss": 0.0
}
                              
                              
----------------------------------------
Epoch 061 with LR 0.000100: Model Results
----------------------------------------
Train MSE Loss: 0.5456, Train CLS Loss: 0.0000, Train MCLS Loss: 0.0000
Protein Cluster Region Loss - Ortho Loss: 0.0000, Cluster Loss: 0.0000
                              
Validation Results: {
    "ci": 0.6855,
    "classification_loss": 0.0,
    "cluster_loss": 0.0,
    "mae": 1.0215,
    "mse": 1.8457,
    "multiclassification_loss": 0.0,
    "ortho_loss": 0.0,
    "pearson": 0.524,
    "regression_loss": 1.8421,
    "rm2": 0.2503,
    "rmse": 1.3586,
    "sd": 1.2942,
    "spearman": 0.5177,
    "spectral_loss": 0.0
}
                              
Test Results: {
    "ci": 0.6632,
    "classification_loss": 0.0,
    "cluster_loss": 0.0,
    "mae": 0.9974,
    "mse": 1.7968,
    "multiclassification_loss": 0.0,
    "ortho_loss": 0.0,
    "pearson": 0.4791,
    "regression_loss": 1.8065,
    "rm2": 0.2228,
    "rmse": 1.3404,
    "sd": 1.3075,
    "spearman": 0.4641,
    "spectral_loss": 0.0
}
                              
                              
----------------------------------------
Epoch 062 with LR 0.000100: Model Results
----------------------------------------
Train MSE Loss: 0.5442, Train CLS Loss: 0.0000, Train MCLS Loss: 0.0000
Protein Cluster Region Loss - Ortho Loss: 0.0000, Cluster Loss: 0.0000
                              
Validation Results: {
    "ci": 0.6867,
    "classification_loss": 0.0,
    "cluster_loss": 0.0,
    "mae": 1.0051,
    "mse": 1.7889,
    "multiclassification_loss": 0.0,
    "ortho_loss": 0.0,
    "pearson": 0.5325,
    "regression_loss": 1.784,
    "rm2": 0.2493,
    "rmse": 1.3375,
    "sd": 1.2861,
    "spearman": 0.5235,
    "spectral_loss": 0.0
}
                              
Test Results: {
    "ci": 0.6632,
    "classification_loss": 0.0,
    "cluster_loss": 0.0,
    "mae": 0.9974,
    "mse": 1.7968,
    "multiclassification_loss": 0.0,
    "ortho_loss": 0.0,
    "pearson": 0.4791,
    "regression_loss": 1.8065,
    "rm2": 0.2228,
    "rmse": 1.3404,
    "sd": 1.3075,
    "spearman": 0.4641,
    "spectral_loss": 0.0
}
                              
                              
----------------------------------------
Epoch 063 with LR 0.000100: Model Results
----------------------------------------
Train MSE Loss: 0.5452, Train CLS Loss: 0.0000, Train MCLS Loss: 0.0000
Protein Cluster Region Loss - Ortho Loss: 0.0000, Cluster Loss: 0.0000
                              
Validation Results: {
    "ci": 0.6875,
    "classification_loss": 0.0,
    "cluster_loss": 0.0,
    "mae": 1.0037,
    "mse": 1.8275,
    "multiclassification_loss": 0.0,
    "ortho_loss": 0.0,
    "pearson": 0.5282,
    "regression_loss": 1.8219,
    "rm2": 0.2515,
    "rmse": 1.3519,
    "sd": 1.2902,
    "spearman": 0.5214,
    "spectral_loss": 0.0
}
                              
Test Results: {
    "ci": 0.6632,
    "classification_loss": 0.0,
    "cluster_loss": 0.0,
    "mae": 0.9974,
    "mse": 1.7968,
    "multiclassification_loss": 0.0,
    "ortho_loss": 0.0,
    "pearson": 0.4791,
    "regression_loss": 1.8065,
    "rm2": 0.2228,
    "rmse": 1.3404,
    "sd": 1.3075,
    "spearman": 0.4641,
    "spectral_loss": 0.0
}
                              
                              
----------------------------------------
Epoch 064 with LR 0.000100: Model Results
----------------------------------------
Train MSE Loss: 0.5423, Train CLS Loss: 0.0000, Train MCLS Loss: 0.0000
Protein Cluster Region Loss - Ortho Loss: 0.0000, Cluster Loss: 0.0000
                              
Validation Results: {
    "ci": 0.6907,
    "classification_loss": 0.0,
    "cluster_loss": 0.0,
    "mae": 0.9891,
    "mse": 1.7446,
    "multiclassification_loss": 0.0,
    "ortho_loss": 0.0,
    "pearson": 0.5417,
    "regression_loss": 1.7404,
    "rm2": 0.263,
    "rmse": 1.3208,
    "sd": 1.2772,
    "spearman": 0.5328,
    "spectral_loss": 0.0
}
                              
Test Results: {
    "ci": 0.6632,
    "classification_loss": 0.0,
    "cluster_loss": 0.0,
    "mae": 0.9974,
    "mse": 1.7968,
    "multiclassification_loss": 0.0,
    "ortho_loss": 0.0,
    "pearson": 0.4791,
    "regression_loss": 1.8065,
    "rm2": 0.2228,
    "rmse": 1.3404,
    "sd": 1.3075,
    "spearman": 0.4641,
    "spectral_loss": 0.0
}
                              
                              
----------------------------------------
Epoch 065 with LR 0.000100: Model Results
----------------------------------------
Train MSE Loss: 0.5495, Train CLS Loss: 0.0000, Train MCLS Loss: 0.0000
Protein Cluster Region Loss - Ortho Loss: 0.0000, Cluster Loss: 0.0000
                              
Validation Results: {
    "ci": 0.6876,
    "classification_loss": 0.0,
    "cluster_loss": 0.0,
    "mae": 1.0088,
    "mse": 1.8243,
    "multiclassification_loss": 0.0,
    "ortho_loss": 0.0,
    "pearson": 0.5288,
    "regression_loss": 1.8206,
    "rm2": 0.242,
    "rmse": 1.3507,
    "sd": 1.2897,
    "spearman": 0.524,
    "spectral_loss": 0.0
}
                              
Test Results: {
    "ci": 0.6632,
    "classification_loss": 0.0,
    "cluster_loss": 0.0,
    "mae": 0.9974,
    "mse": 1.7968,
    "multiclassification_loss": 0.0,
    "ortho_loss": 0.0,
    "pearson": 0.4791,
    "regression_loss": 1.8065,
    "rm2": 0.2228,
    "rmse": 1.3404,
    "sd": 1.3075,
    "spearman": 0.4641,
    "spectral_loss": 0.0
}
                              
                              
----------------------------------------
Epoch 066 with LR 0.000100: Model Results
----------------------------------------
Train MSE Loss: 0.5387, Train CLS Loss: 0.0000, Train MCLS Loss: 0.0000
Protein Cluster Region Loss - Ortho Loss: 0.0000, Cluster Loss: 0.0000
                              
Validation Results: {
    "ci": 0.6885,
    "classification_loss": 0.0,
    "cluster_loss": 0.0,
    "mae": 1.0068,
    "mse": 1.8071,
    "multiclassification_loss": 0.0,
    "ortho_loss": 0.0,
    "pearson": 0.5317,
    "regression_loss": 1.8026,
    "rm2": 0.2594,
    "rmse": 1.3443,
    "sd": 1.2869,
    "spearman": 0.5258,
    "spectral_loss": 0.0
}
                              
Test Results: {
    "ci": 0.6632,
    "classification_loss": 0.0,
    "cluster_loss": 0.0,
    "mae": 0.9974,
    "mse": 1.7968,
    "multiclassification_loss": 0.0,
    "ortho_loss": 0.0,
    "pearson": 0.4791,
    "regression_loss": 1.8065,
    "rm2": 0.2228,
    "rmse": 1.3404,
    "sd": 1.3075,
    "spearman": 0.4641,
    "spectral_loss": 0.0
}
                              
                              
----------------------------------------
Epoch 067 with LR 0.000100: Model Results
----------------------------------------
Train MSE Loss: 0.5397, Train CLS Loss: 0.0000, Train MCLS Loss: 0.0000
Protein Cluster Region Loss - Ortho Loss: 0.0000, Cluster Loss: 0.0000
                              
Validation Results: {
    "ci": 0.687,
    "classification_loss": 0.0,
    "cluster_loss": 0.0,
    "mae": 1.0055,
    "mse": 1.8402,
    "multiclassification_loss": 0.0,
    "ortho_loss": 0.0,
    "pearson": 0.5282,
    "regression_loss": 1.8356,
    "rm2": 0.246,
    "rmse": 1.3565,
    "sd": 1.2903,
    "spearman": 0.5203,
    "spectral_loss": 0.0
}
                              
Test Results: {
    "ci": 0.6632,
    "classification_loss": 0.0,
    "cluster_loss": 0.0,
    "mae": 0.9974,
    "mse": 1.7968,
    "multiclassification_loss": 0.0,
    "ortho_loss": 0.0,
    "pearson": 0.4791,
    "regression_loss": 1.8065,
    "rm2": 0.2228,
    "rmse": 1.3404,
    "sd": 1.3075,
    "spearman": 0.4641,
    "spectral_loss": 0.0
}
                              
                              
----------------------------------------
Epoch 068 with LR 0.000100: Model Results
----------------------------------------
Train MSE Loss: 0.5373, Train CLS Loss: 0.0000, Train MCLS Loss: 0.0000
Protein Cluster Region Loss - Ortho Loss: 0.0000, Cluster Loss: 0.0000
                              
Validation Results: {
    "ci": 0.684,
    "classification_loss": 0.0,
    "cluster_loss": 0.0,
    "mae": 1.0057,
    "mse": 1.8164,
    "multiclassification_loss": 0.0,
    "ortho_loss": 0.0,
    "pearson": 0.5245,
    "regression_loss": 1.8117,
    "rm2": 0.2423,
    "rmse": 1.3477,
    "sd": 1.2937,
    "spearman": 0.5161,
    "spectral_loss": 0.0
}
                              
Test Results: {
    "ci": 0.6632,
    "classification_loss": 0.0,
    "cluster_loss": 0.0,
    "mae": 0.9974,
    "mse": 1.7968,
    "multiclassification_loss": 0.0,
    "ortho_loss": 0.0,
    "pearson": 0.4791,
    "regression_loss": 1.8065,
    "rm2": 0.2228,
    "rmse": 1.3404,
    "sd": 1.3075,
    "spearman": 0.4641,
    "spectral_loss": 0.0
}
                              
                              
----------------------------------------
Epoch 069 with LR 0.000100: Model Results
----------------------------------------
Train MSE Loss: 0.5391, Train CLS Loss: 0.0000, Train MCLS Loss: 0.0000
Protein Cluster Region Loss - Ortho Loss: 0.0000, Cluster Loss: 0.0000
                              
Validation Results: {
    "ci": 0.6892,
    "classification_loss": 0.0,
    "cluster_loss": 0.0,
    "mae": 0.9996,
    "mse": 1.7858,
    "multiclassification_loss": 0.0,
    "ortho_loss": 0.0,
    "pearson": 0.5362,
    "regression_loss": 1.7809,
    "rm2": 0.2578,
    "rmse": 1.3363,
    "sd": 1.2826,
    "spearman": 0.5277,
    "spectral_loss": 0.0
}
                              
Test Results: {
    "ci": 0.6632,
    "classification_loss": 0.0,
    "cluster_loss": 0.0,
    "mae": 0.9974,
    "mse": 1.7968,
    "multiclassification_loss": 0.0,
    "ortho_loss": 0.0,
    "pearson": 0.4791,
    "regression_loss": 1.8065,
    "rm2": 0.2228,
    "rmse": 1.3404,
    "sd": 1.3075,
    "spearman": 0.4641,
    "spectral_loss": 0.0
}
                              
                              
----------------------------------------
Epoch 070 with LR 0.000100: Model Results
----------------------------------------
Train MSE Loss: 0.5302, Train CLS Loss: 0.0000, Train MCLS Loss: 0.0000
Protein Cluster Region Loss - Ortho Loss: 0.0000, Cluster Loss: 0.0000
                              
Validation Results: {
    "ci": 0.6852,
    "classification_loss": 0.0,
    "cluster_loss": 0.0,
    "mae": 1.0153,
    "mse": 1.8583,
    "multiclassification_loss": 0.0,
    "ortho_loss": 0.0,
    "pearson": 0.5225,
    "regression_loss": 1.8543,
    "rm2": 0.2386,
    "rmse": 1.3632,
    "sd": 1.2956,
    "spearman": 0.5164,
    "spectral_loss": 0.0
}
                              
Test Results: {
    "ci": 0.6632,
    "classification_loss": 0.0,
    "cluster_loss": 0.0,
    "mae": 0.9974,
    "mse": 1.7968,
    "multiclassification_loss": 0.0,
    "ortho_loss": 0.0,
    "pearson": 0.4791,
    "regression_loss": 1.8065,
    "rm2": 0.2228,
    "rmse": 1.3404,
    "sd": 1.3075,
    "spearman": 0.4641,
    "spectral_loss": 0.0
}
                              
                              
----------------------------------------
Epoch 071 with LR 0.000100: Model Results
----------------------------------------
Train MSE Loss: 0.5334, Train CLS Loss: 0.0000, Train MCLS Loss: 0.0000
Protein Cluster Region Loss - Ortho Loss: 0.0000, Cluster Loss: 0.0000
                              
Validation Results: {
    "ci": 0.6881,
    "classification_loss": 0.0,
    "cluster_loss": 0.0,
    "mae": 1.0056,
    "mse": 1.8176,
    "multiclassification_loss": 0.0,
    "ortho_loss": 0.0,
    "pearson": 0.5345,
    "regression_loss": 1.8128,
    "rm2": 0.265,
    "rmse": 1.3482,
    "sd": 1.2843,
    "spearman": 0.5248,
    "spectral_loss": 0.0
}
                              
Test Results: {
    "ci": 0.6632,
    "classification_loss": 0.0,
    "cluster_loss": 0.0,
    "mae": 0.9974,
    "mse": 1.7968,
    "multiclassification_loss": 0.0,
    "ortho_loss": 0.0,
    "pearson": 0.4791,
    "regression_loss": 1.8065,
    "rm2": 0.2228,
    "rmse": 1.3404,
    "sd": 1.3075,
    "spearman": 0.4641,
    "spectral_loss": 0.0
}
                              
                              
----------------------------------------
Epoch 072 with LR 0.000100: Model Results
----------------------------------------
Train MSE Loss: 0.5341, Train CLS Loss: 0.0000, Train MCLS Loss: 0.0000
Protein Cluster Region Loss - Ortho Loss: 0.0000, Cluster Loss: 0.0000
                              
Validation Results: {
    "ci": 0.6872,
    "classification_loss": 0.0,
    "cluster_loss": 0.0,
    "mae": 1.0089,
    "mse": 1.8172,
    "multiclassification_loss": 0.0,
    "ortho_loss": 0.0,
    "pearson": 0.5241,
    "regression_loss": 1.8134,
    "rm2": 0.2471,
    "rmse": 1.348,
    "sd": 1.2941,
    "spearman": 0.5215,
    "spectral_loss": 0.0
}
                              
Test Results: {
    "ci": 0.6632,
    "classification_loss": 0.0,
    "cluster_loss": 0.0,
    "mae": 0.9974,
    "mse": 1.7968,
    "multiclassification_loss": 0.0,
    "ortho_loss": 0.0,
    "pearson": 0.4791,
    "regression_loss": 1.8065,
    "rm2": 0.2228,
    "rmse": 1.3404,
    "sd": 1.3075,
    "spearman": 0.4641,
    "spectral_loss": 0.0
}
                              
                              
----------------------------------------
Epoch 073 with LR 0.000100: Model Results
----------------------------------------
Train MSE Loss: 0.5336, Train CLS Loss: 0.0000, Train MCLS Loss: 0.0000
Protein Cluster Region Loss - Ortho Loss: 0.0000, Cluster Loss: 0.0000
                              
Validation Results: {
    "ci": 0.6891,
    "classification_loss": 0.0,
    "cluster_loss": 0.0,
    "mae": 1.0047,
    "mse": 1.8091,
    "multiclassification_loss": 0.0,
    "ortho_loss": 0.0,
    "pearson": 0.5329,
    "regression_loss": 1.8047,
    "rm2": 0.2555,
    "rmse": 1.345,
    "sd": 1.2857,
    "spearman": 0.5265,
    "spectral_loss": 0.0
}
                              
Test Results: {
    "ci": 0.6632,
    "classification_loss": 0.0,
    "cluster_loss": 0.0,
    "mae": 0.9974,
    "mse": 1.7968,
    "multiclassification_loss": 0.0,
    "ortho_loss": 0.0,
    "pearson": 0.4791,
    "regression_loss": 1.8065,
    "rm2": 0.2228,
    "rmse": 1.3404,
    "sd": 1.3075,
    "spearman": 0.4641,
    "spectral_loss": 0.0
}
                              
                              
----------------------------------------
Epoch 074 with LR 0.000100: Model Results
----------------------------------------
Train MSE Loss: 0.5344, Train CLS Loss: 0.0000, Train MCLS Loss: 0.0000
Protein Cluster Region Loss - Ortho Loss: 0.0000, Cluster Loss: 0.0000
                              
Validation Results: {
    "ci": 0.6913,
    "classification_loss": 0.0,
    "cluster_loss": 0.0,
    "mae": 0.9859,
    "mse": 1.746,
    "multiclassification_loss": 0.0,
    "ortho_loss": 0.0,
    "pearson": 0.5416,
    "regression_loss": 1.7414,
    "rm2": 0.2658,
    "rmse": 1.3214,
    "sd": 1.2774,
    "spearman": 0.5332,
    "spectral_loss": 0.0
}
                              
Test Results: {
    "ci": 0.6632,
    "classification_loss": 0.0,
    "cluster_loss": 0.0,
    "mae": 0.9974,
    "mse": 1.7968,
    "multiclassification_loss": 0.0,
    "ortho_loss": 0.0,
    "pearson": 0.4791,
    "regression_loss": 1.8065,
    "rm2": 0.2228,
    "rmse": 1.3404,
    "sd": 1.3075,
    "spearman": 0.4641,
    "spectral_loss": 0.0
}
                              
                              
----------------------------------------
Epoch 075 with LR 0.000100: Model Results
----------------------------------------
Train MSE Loss: 0.5258, Train CLS Loss: 0.0000, Train MCLS Loss: 0.0000
Protein Cluster Region Loss - Ortho Loss: 0.0000, Cluster Loss: 0.0000
                              
Validation Results: {
    "ci": 0.69,
    "classification_loss": 0.0,
    "cluster_loss": 0.0,
    "mae": 0.9966,
    "mse": 1.7894,
    "multiclassification_loss": 0.0,
    "ortho_loss": 0.0,
    "pearson": 0.5335,
    "regression_loss": 1.7852,
    "rm2": 0.263,
    "rmse": 1.3377,
    "sd": 1.2852,
    "spearman": 0.5285,
    "spectral_loss": 0.0
}
                              
Test Results: {
    "ci": 0.6632,
    "classification_loss": 0.0,
    "cluster_loss": 0.0,
    "mae": 0.9974,
    "mse": 1.7968,
    "multiclassification_loss": 0.0,
    "ortho_loss": 0.0,
    "pearson": 0.4791,
    "regression_loss": 1.8065,
    "rm2": 0.2228,
    "rmse": 1.3404,
    "sd": 1.3075,
    "spearman": 0.4641,
    "spectral_loss": 0.0
}
                              
                              
----------------------------------------
Epoch 076 with LR 0.000100: Model Results
----------------------------------------
Train MSE Loss: 0.5322, Train CLS Loss: 0.0000, Train MCLS Loss: 0.0000
Protein Cluster Region Loss - Ortho Loss: 0.0000, Cluster Loss: 0.0000
                              
Validation Results: {
    "ci": 0.6917,
    "classification_loss": 0.0,
    "cluster_loss": 0.0,
    "mae": 0.9938,
    "mse": 1.7539,
    "multiclassification_loss": 0.0,
    "ortho_loss": 0.0,
    "pearson": 0.547,
    "regression_loss": 1.7494,
    "rm2": 0.2793,
    "rmse": 1.3243,
    "sd": 1.272,
    "spearman": 0.5349,
    "spectral_loss": 0.0
}
                              
Test Results: {
    "ci": 0.6632,
    "classification_loss": 0.0,
    "cluster_loss": 0.0,
    "mae": 0.9974,
    "mse": 1.7968,
    "multiclassification_loss": 0.0,
    "ortho_loss": 0.0,
    "pearson": 0.4791,
    "regression_loss": 1.8065,
    "rm2": 0.2228,
    "rmse": 1.3404,
    "sd": 1.3075,
    "spearman": 0.4641,
    "spectral_loss": 0.0
}
                              
                              
----------------------------------------
Epoch 077 with LR 0.000100: Model Results
----------------------------------------
Train MSE Loss: 0.5264, Train CLS Loss: 0.0000, Train MCLS Loss: 0.0000
Protein Cluster Region Loss - Ortho Loss: 0.0000, Cluster Loss: 0.0000
                              
Validation Results: {
    "ci": 0.6891,
    "classification_loss": 0.0,
    "cluster_loss": 0.0,
    "mae": 0.9926,
    "mse": 1.7564,
    "multiclassification_loss": 0.0,
    "ortho_loss": 0.0,
    "pearson": 0.5341,
    "regression_loss": 1.7522,
    "rm2": 0.265,
    "rmse": 1.3253,
    "sd": 1.2846,
    "spearman": 0.5274,
    "spectral_loss": 0.0
}
                              
Test Results: {
    "ci": 0.6632,
    "classification_loss": 0.0,
    "cluster_loss": 0.0,
    "mae": 0.9974,
    "mse": 1.7968,
    "multiclassification_loss": 0.0,
    "ortho_loss": 0.0,
    "pearson": 0.4791,
    "regression_loss": 1.8065,
    "rm2": 0.2228,
    "rmse": 1.3404,
    "sd": 1.3075,
    "spearman": 0.4641,
    "spectral_loss": 0.0
}
                              
                              
----------------------------------------
Epoch 078 with LR 0.000100: Model Results
----------------------------------------
Train MSE Loss: 0.5278, Train CLS Loss: 0.0000, Train MCLS Loss: 0.0000
Protein Cluster Region Loss - Ortho Loss: 0.0000, Cluster Loss: 0.0000
                              
Validation Results: {
    "ci": 0.685,
    "classification_loss": 0.0,
    "cluster_loss": 0.0,
    "mae": 1.0126,
    "mse": 1.8344,
    "multiclassification_loss": 0.0,
    "ortho_loss": 0.0,
    "pearson": 0.5238,
    "regression_loss": 1.8295,
    "rm2": 0.2443,
    "rmse": 1.3544,
    "sd": 1.2943,
    "spearman": 0.5173,
    "spectral_loss": 0.0
}
                              
Test Results: {
    "ci": 0.6632,
    "classification_loss": 0.0,
    "cluster_loss": 0.0,
    "mae": 0.9974,
    "mse": 1.7968,
    "multiclassification_loss": 0.0,
    "ortho_loss": 0.0,
    "pearson": 0.4791,
    "regression_loss": 1.8065,
    "rm2": 0.2228,
    "rmse": 1.3404,
    "sd": 1.3075,
    "spearman": 0.4641,
    "spectral_loss": 0.0
}
                              
                              
----------------------------------------
Epoch 079 with LR 0.000100: Model Results
----------------------------------------
Train MSE Loss: 0.5242, Train CLS Loss: 0.0000, Train MCLS Loss: 0.0000
Protein Cluster Region Loss - Ortho Loss: 0.0000, Cluster Loss: 0.0000
                              
Validation Results: {
    "ci": 0.686,
    "classification_loss": 0.0,
    "cluster_loss": 0.0,
    "mae": 1.0076,
    "mse": 1.8168,
    "multiclassification_loss": 0.0,
    "ortho_loss": 0.0,
    "pearson": 0.5241,
    "regression_loss": 1.8122,
    "rm2": 0.2407,
    "rmse": 1.3479,
    "sd": 1.2941,
    "spearman": 0.5199,
    "spectral_loss": 0.0
}
                              
Test Results: {
    "ci": 0.6632,
    "classification_loss": 0.0,
    "cluster_loss": 0.0,
    "mae": 0.9974,
    "mse": 1.7968,
    "multiclassification_loss": 0.0,
    "ortho_loss": 0.0,
    "pearson": 0.4791,
    "regression_loss": 1.8065,
    "rm2": 0.2228,
    "rmse": 1.3404,
    "sd": 1.3075,
    "spearman": 0.4641,
    "spectral_loss": 0.0
}
                              
                              
----------------------------------------
Epoch 080 with LR 0.000100: Model Results
----------------------------------------
Train MSE Loss: 0.5247, Train CLS Loss: 0.0000, Train MCLS Loss: 0.0000
Protein Cluster Region Loss - Ortho Loss: 0.0000, Cluster Loss: 0.0000
                              
Validation Results: {
    "ci": 0.6868,
    "classification_loss": 0.0,
    "cluster_loss": 0.0,
    "mae": 1.0094,
    "mse": 1.8185,
    "multiclassification_loss": 0.0,
    "ortho_loss": 0.0,
    "pearson": 0.5313,
    "regression_loss": 1.8144,
    "rm2": 0.2454,
    "rmse": 1.3485,
    "sd": 1.2873,
    "spearman": 0.5218,
    "spectral_loss": 0.0
}
                              
Test Results: {
    "ci": 0.6632,
    "classification_loss": 0.0,
    "cluster_loss": 0.0,
    "mae": 0.9974,
    "mse": 1.7968,
    "multiclassification_loss": 0.0,
    "ortho_loss": 0.0,
    "pearson": 0.4791,
    "regression_loss": 1.8065,
    "rm2": 0.2228,
    "rmse": 1.3404,
    "sd": 1.3075,
    "spearman": 0.4641,
    "spectral_loss": 0.0
}
                              
                              
----------------------------------------
Epoch 081 with LR 0.000100: Model Results
----------------------------------------
Train MSE Loss: 0.5210, Train CLS Loss: 0.0000, Train MCLS Loss: 0.0000
Protein Cluster Region Loss - Ortho Loss: 0.0000, Cluster Loss: 0.0000
                              
Validation Results: {
    "ci": 0.6865,
    "classification_loss": 0.0,
    "cluster_loss": 0.0,
    "mae": 1.0001,
    "mse": 1.7985,
    "multiclassification_loss": 0.0,
    "ortho_loss": 0.0,
    "pearson": 0.5313,
    "regression_loss": 1.7943,
    "rm2": 0.2506,
    "rmse": 1.3411,
    "sd": 1.2873,
    "spearman": 0.5201,
    "spectral_loss": 0.0
}
                              
Test Results: {
    "ci": 0.6632,
    "classification_loss": 0.0,
    "cluster_loss": 0.0,
    "mae": 0.9974,
    "mse": 1.7968,
    "multiclassification_loss": 0.0,
    "ortho_loss": 0.0,
    "pearson": 0.4791,
    "regression_loss": 1.8065,
    "rm2": 0.2228,
    "rmse": 1.3404,
    "sd": 1.3075,
    "spearman": 0.4641,
    "spectral_loss": 0.0
}
                              
                              
----------------------------------------
Epoch 082 with LR 0.000100: Model Results
----------------------------------------
Train MSE Loss: 0.5212, Train CLS Loss: 0.0000, Train MCLS Loss: 0.0000
Protein Cluster Region Loss - Ortho Loss: 0.0000, Cluster Loss: 0.0000
                              
Validation Results: {
    "ci": 0.6868,
    "classification_loss": 0.0,
    "cluster_loss": 0.0,
    "mae": 1.0075,
    "mse": 1.8016,
    "multiclassification_loss": 0.0,
    "ortho_loss": 0.0,
    "pearson": 0.5301,
    "regression_loss": 1.7975,
    "rm2": 0.2561,
    "rmse": 1.3422,
    "sd": 1.2884,
    "spearman": 0.5225,
    "spectral_loss": 0.0
}
                              
Test Results: {
    "ci": 0.6632,
    "classification_loss": 0.0,
    "cluster_loss": 0.0,
    "mae": 0.9974,
    "mse": 1.7968,
    "multiclassification_loss": 0.0,
    "ortho_loss": 0.0,
    "pearson": 0.4791,
    "regression_loss": 1.8065,
    "rm2": 0.2228,
    "rmse": 1.3404,
    "sd": 1.3075,
    "spearman": 0.4641,
    "spectral_loss": 0.0
}
                              
                              
----------------------------------------
Epoch 083 with LR 0.000100: Model Results
----------------------------------------
Train MSE Loss: 0.5182, Train CLS Loss: 0.0000, Train MCLS Loss: 0.0000
Protein Cluster Region Loss - Ortho Loss: 0.0000, Cluster Loss: 0.0000
                              
Validation Results: {
    "ci": 0.6886,
    "classification_loss": 0.0,
    "cluster_loss": 0.0,
    "mae": 1.0057,
    "mse": 1.8123,
    "multiclassification_loss": 0.0,
    "ortho_loss": 0.0,
    "pearson": 0.54,
    "regression_loss": 1.8078,
    "rm2": 0.2606,
    "rmse": 1.3462,
    "sd": 1.2789,
    "spearman": 0.5271,
    "spectral_loss": 0.0
}
                              
Test Results: {
    "ci": 0.6632,
    "classification_loss": 0.0,
    "cluster_loss": 0.0,
    "mae": 0.9974,
    "mse": 1.7968,
    "multiclassification_loss": 0.0,
    "ortho_loss": 0.0,
    "pearson": 0.4791,
    "regression_loss": 1.8065,
    "rm2": 0.2228,
    "rmse": 1.3404,
    "sd": 1.3075,
    "spearman": 0.4641,
    "spectral_loss": 0.0
}
                              
                              
----------------------------------------
Epoch 084 with LR 0.000100: Model Results
----------------------------------------
Train MSE Loss: 0.5203, Train CLS Loss: 0.0000, Train MCLS Loss: 0.0000
Protein Cluster Region Loss - Ortho Loss: 0.0000, Cluster Loss: 0.0000
                              
Validation Results: {
    "ci": 0.6871,
    "classification_loss": 0.0,
    "cluster_loss": 0.0,
    "mae": 1.0004,
    "mse": 1.7923,
    "multiclassification_loss": 0.0,
    "ortho_loss": 0.0,
    "pearson": 0.5285,
    "regression_loss": 1.7878,
    "rm2": 0.2494,
    "rmse": 1.3388,
    "sd": 1.29,
    "spearman": 0.5218,
    "spectral_loss": 0.0
}
                              
Test Results: {
    "ci": 0.6632,
    "classification_loss": 0.0,
    "cluster_loss": 0.0,
    "mae": 0.9974,
    "mse": 1.7968,
    "multiclassification_loss": 0.0,
    "ortho_loss": 0.0,
    "pearson": 0.4791,
    "regression_loss": 1.8065,
    "rm2": 0.2228,
    "rmse": 1.3404,
    "sd": 1.3075,
    "spearman": 0.4641,
    "spectral_loss": 0.0
}
                              
                              
----------------------------------------
Epoch 085 with LR 0.000100: Model Results
----------------------------------------
Train MSE Loss: 0.5133, Train CLS Loss: 0.0000, Train MCLS Loss: 0.0000
Protein Cluster Region Loss - Ortho Loss: 0.0000, Cluster Loss: 0.0000
                              
Validation Results: {
    "ci": 0.6847,
    "classification_loss": 0.0,
    "cluster_loss": 0.0,
    "mae": 1.0007,
    "mse": 1.7902,
    "multiclassification_loss": 0.0,
    "ortho_loss": 0.0,
    "pearson": 0.5249,
    "regression_loss": 1.7865,
    "rm2": 0.2483,
    "rmse": 1.338,
    "sd": 1.2933,
    "spearman": 0.5161,
    "spectral_loss": 0.0
}
                              
Test Results: {
    "ci": 0.6632,
    "classification_loss": 0.0,
    "cluster_loss": 0.0,
    "mae": 0.9974,
    "mse": 1.7968,
    "multiclassification_loss": 0.0,
    "ortho_loss": 0.0,
    "pearson": 0.4791,
    "regression_loss": 1.8065,
    "rm2": 0.2228,
    "rmse": 1.3404,
    "sd": 1.3075,
    "spearman": 0.4641,
    "spectral_loss": 0.0
}
                              
                              
----------------------------------------
Epoch 086 with LR 0.000100: Model Results
----------------------------------------
Train MSE Loss: 0.5110, Train CLS Loss: 0.0000, Train MCLS Loss: 0.0000
Protein Cluster Region Loss - Ortho Loss: 0.0000, Cluster Loss: 0.0000
                              
Validation Results: {
    "ci": 0.6867,
    "classification_loss": 0.0,
    "cluster_loss": 0.0,
    "mae": 1.0011,
    "mse": 1.7945,
    "multiclassification_loss": 0.0,
    "ortho_loss": 0.0,
    "pearson": 0.5291,
    "regression_loss": 1.7913,
    "rm2": 0.2459,
    "rmse": 1.3396,
    "sd": 1.2894,
    "spearman": 0.5189,
    "spectral_loss": 0.0
}
                              
Test Results: {
    "ci": 0.6632,
    "classification_loss": 0.0,
    "cluster_loss": 0.0,
    "mae": 0.9974,
    "mse": 1.7968,
    "multiclassification_loss": 0.0,
    "ortho_loss": 0.0,
    "pearson": 0.4791,
    "regression_loss": 1.8065,
    "rm2": 0.2228,
    "rmse": 1.3404,
    "sd": 1.3075,
    "spearman": 0.4641,
    "spectral_loss": 0.0
}
                              
                              
----------------------------------------
Epoch 087 with LR 0.000100: Model Results
----------------------------------------
Train MSE Loss: 0.5169, Train CLS Loss: 0.0000, Train MCLS Loss: 0.0000
Protein Cluster Region Loss - Ortho Loss: 0.0000, Cluster Loss: 0.0000
                              
Validation Results: {
    "ci": 0.6887,
    "classification_loss": 0.0,
    "cluster_loss": 0.0,
    "mae": 1.0035,
    "mse": 1.8103,
    "multiclassification_loss": 0.0,
    "ortho_loss": 0.0,
    "pearson": 0.5305,
    "regression_loss": 1.806,
    "rm2": 0.2526,
    "rmse": 1.3455,
    "sd": 1.2881,
    "spearman": 0.5261,
    "spectral_loss": 0.0
}
                              
Test Results: {
    "ci": 0.6632,
    "classification_loss": 0.0,
    "cluster_loss": 0.0,
    "mae": 0.9974,
    "mse": 1.7968,
    "multiclassification_loss": 0.0,
    "ortho_loss": 0.0,
    "pearson": 0.4791,
    "regression_loss": 1.8065,
    "rm2": 0.2228,
    "rmse": 1.3404,
    "sd": 1.3075,
    "spearman": 0.4641,
    "spectral_loss": 0.0
}
                              
                              
----------------------------------------
Epoch 088 with LR 0.000100: Model Results
----------------------------------------
Train MSE Loss: 0.5159, Train CLS Loss: 0.0000, Train MCLS Loss: 0.0000
Protein Cluster Region Loss - Ortho Loss: 0.0000, Cluster Loss: 0.0000
                              
Validation Results: {
    "ci": 0.6872,
    "classification_loss": 0.0,
    "cluster_loss": 0.0,
    "mae": 1.0179,
    "mse": 1.8407,
    "multiclassification_loss": 0.0,
    "ortho_loss": 0.0,
    "pearson": 0.5316,
    "regression_loss": 1.8362,
    "rm2": 0.2469,
    "rmse": 1.3567,
    "sd": 1.287,
    "spearman": 0.5247,
    "spectral_loss": 0.0
}
                              
Test Results: {
    "ci": 0.6632,
    "classification_loss": 0.0,
    "cluster_loss": 0.0,
    "mae": 0.9974,
    "mse": 1.7968,
    "multiclassification_loss": 0.0,
    "ortho_loss": 0.0,
    "pearson": 0.4791,
    "regression_loss": 1.8065,
    "rm2": 0.2228,
    "rmse": 1.3404,
    "sd": 1.3075,
    "spearman": 0.4641,
    "spectral_loss": 0.0
}
                              
                              
----------------------------------------
Epoch 089 with LR 0.000100: Model Results
----------------------------------------
Train MSE Loss: 0.5115, Train CLS Loss: 0.0000, Train MCLS Loss: 0.0000
Protein Cluster Region Loss - Ortho Loss: 0.0000, Cluster Loss: 0.0000
                              
Validation Results: {
    "ci": 0.6853,
    "classification_loss": 0.0,
    "cluster_loss": 0.0,
    "mae": 1.0064,
    "mse": 1.8242,
    "multiclassification_loss": 0.0,
    "ortho_loss": 0.0,
    "pearson": 0.5288,
    "regression_loss": 1.8191,
    "rm2": 0.2462,
    "rmse": 1.3506,
    "sd": 1.2897,
    "spearman": 0.5176,
    "spectral_loss": 0.0
}
                              
Test Results: {
    "ci": 0.6632,
    "classification_loss": 0.0,
    "cluster_loss": 0.0,
    "mae": 0.9974,
    "mse": 1.7968,
    "multiclassification_loss": 0.0,
    "ortho_loss": 0.0,
    "pearson": 0.4791,
    "regression_loss": 1.8065,
    "rm2": 0.2228,
    "rmse": 1.3404,
    "sd": 1.3075,
    "spearman": 0.4641,
    "spectral_loss": 0.0
}
                              
                              
----------------------------------------
Epoch 090 with LR 0.000100: Model Results
----------------------------------------
Train MSE Loss: 0.5126, Train CLS Loss: 0.0000, Train MCLS Loss: 0.0000
Protein Cluster Region Loss - Ortho Loss: 0.0000, Cluster Loss: 0.0000
                              
Validation Results: {
    "ci": 0.6883,
    "classification_loss": 0.0,
    "cluster_loss": 0.0,
    "mae": 1.0072,
    "mse": 1.8253,
    "multiclassification_loss": 0.0,
    "ortho_loss": 0.0,
    "pearson": 0.5302,
    "regression_loss": 1.8212,
    "rm2": 0.2518,
    "rmse": 1.351,
    "sd": 1.2884,
    "spearman": 0.5252,
    "spectral_loss": 0.0
}
                              
Test Results: {
    "ci": 0.6632,
    "classification_loss": 0.0,
    "cluster_loss": 0.0,
    "mae": 0.9974,
    "mse": 1.7968,
    "multiclassification_loss": 0.0,
    "ortho_loss": 0.0,
    "pearson": 0.4791,
    "regression_loss": 1.8065,
    "rm2": 0.2228,
    "rmse": 1.3404,
    "sd": 1.3075,
    "spearman": 0.4641,
    "spectral_loss": 0.0
}
                              
                              
----------------------------------------
Epoch 091 with LR 0.000100: Model Results
----------------------------------------
Train MSE Loss: 0.5087, Train CLS Loss: 0.0000, Train MCLS Loss: 0.0000
Protein Cluster Region Loss - Ortho Loss: 0.0000, Cluster Loss: 0.0000
                              
Validation Results: {
    "ci": 0.6878,
    "classification_loss": 0.0,
    "cluster_loss": 0.0,
    "mae": 1.0125,
    "mse": 1.8437,
    "multiclassification_loss": 0.0,
    "ortho_loss": 0.0,
    "pearson": 0.5304,
    "regression_loss": 1.8398,
    "rm2": 0.2493,
    "rmse": 1.3578,
    "sd": 1.2881,
    "spearman": 0.5222,
    "spectral_loss": 0.0
}
                              
Test Results: {
    "ci": 0.6632,
    "classification_loss": 0.0,
    "cluster_loss": 0.0,
    "mae": 0.9974,
    "mse": 1.7968,
    "multiclassification_loss": 0.0,
    "ortho_loss": 0.0,
    "pearson": 0.4791,
    "regression_loss": 1.8065,
    "rm2": 0.2228,
    "rmse": 1.3404,
    "sd": 1.3075,
    "spearman": 0.4641,
    "spectral_loss": 0.0
}
                              
                              
----------------------------------------
Epoch 092 with LR 0.000100: Model Results
----------------------------------------
Train MSE Loss: 0.5113, Train CLS Loss: 0.0000, Train MCLS Loss: 0.0000
Protein Cluster Region Loss - Ortho Loss: 0.0000, Cluster Loss: 0.0000
                              
Validation Results: {
    "ci": 0.6876,
    "classification_loss": 0.0,
    "cluster_loss": 0.0,
    "mae": 1.011,
    "mse": 1.8421,
    "multiclassification_loss": 0.0,
    "ortho_loss": 0.0,
    "pearson": 0.5252,
    "regression_loss": 1.8379,
    "rm2": 0.2498,
    "rmse": 1.3573,
    "sd": 1.2931,
    "spearman": 0.5224,
    "spectral_loss": 0.0
}
                              
Test Results: {
    "ci": 0.6632,
    "classification_loss": 0.0,
    "cluster_loss": 0.0,
    "mae": 0.9974,
    "mse": 1.7968,
    "multiclassification_loss": 0.0,
    "ortho_loss": 0.0,
    "pearson": 0.4791,
    "regression_loss": 1.8065,
    "rm2": 0.2228,
    "rmse": 1.3404,
    "sd": 1.3075,
    "spearman": 0.4641,
    "spectral_loss": 0.0
}
                              
                              
----------------------------------------
Epoch 093 with LR 0.000100: Model Results
----------------------------------------
Train MSE Loss: 0.5108, Train CLS Loss: 0.0000, Train MCLS Loss: 0.0000
Protein Cluster Region Loss - Ortho Loss: 0.0000, Cluster Loss: 0.0000
                              
Validation Results: {
    "ci": 0.6873,
    "classification_loss": 0.0,
    "cluster_loss": 0.0,
    "mae": 1.005,
    "mse": 1.7951,
    "multiclassification_loss": 0.0,
    "ortho_loss": 0.0,
    "pearson": 0.5339,
    "regression_loss": 1.7905,
    "rm2": 0.2637,
    "rmse": 1.3398,
    "sd": 1.2849,
    "spearman": 0.523,
    "spectral_loss": 0.0
}
                              
Test Results: {
    "ci": 0.6632,
    "classification_loss": 0.0,
    "cluster_loss": 0.0,
    "mae": 0.9974,
    "mse": 1.7968,
    "multiclassification_loss": 0.0,
    "ortho_loss": 0.0,
    "pearson": 0.4791,
    "regression_loss": 1.8065,
    "rm2": 0.2228,
    "rmse": 1.3404,
    "sd": 1.3075,
    "spearman": 0.4641,
    "spectral_loss": 0.0
}
                              
                              
----------------------------------------
Epoch 094 with LR 0.000100: Model Results
----------------------------------------
Train MSE Loss: 0.5085, Train CLS Loss: 0.0000, Train MCLS Loss: 0.0000
Protein Cluster Region Loss - Ortho Loss: 0.0000, Cluster Loss: 0.0000
                              
Validation Results: {
    "ci": 0.6858,
    "classification_loss": 0.0,
    "cluster_loss": 0.0,
    "mae": 1.0125,
    "mse": 1.8265,
    "multiclassification_loss": 0.0,
    "ortho_loss": 0.0,
    "pearson": 0.529,
    "regression_loss": 1.823,
    "rm2": 0.2517,
    "rmse": 1.3515,
    "sd": 1.2895,
    "spearman": 0.5188,
    "spectral_loss": 0.0
}
                              
Test Results: {
    "ci": 0.6632,
    "classification_loss": 0.0,
    "cluster_loss": 0.0,
    "mae": 0.9974,
    "mse": 1.7968,
    "multiclassification_loss": 0.0,
    "ortho_loss": 0.0,
    "pearson": 0.4791,
    "regression_loss": 1.8065,
    "rm2": 0.2228,
    "rmse": 1.3404,
    "sd": 1.3075,
    "spearman": 0.4641,
    "spectral_loss": 0.0
}
                              
                              
----------------------------------------
Epoch 095 with LR 0.000100: Model Results
----------------------------------------
Train MSE Loss: 0.5078, Train CLS Loss: 0.0000, Train MCLS Loss: 0.0000
Protein Cluster Region Loss - Ortho Loss: 0.0000, Cluster Loss: 0.0000
                              
Validation Results: {
    "ci": 0.6923,
    "classification_loss": 0.0,
    "cluster_loss": 0.0,
    "mae": 0.995,
    "mse": 1.7984,
    "multiclassification_loss": 0.0,
    "ortho_loss": 0.0,
    "pearson": 0.5379,
    "regression_loss": 1.7944,
    "rm2": 0.2643,
    "rmse": 1.341,
    "sd": 1.281,
    "spearman": 0.5336,
    "spectral_loss": 0.0
}
                              
Test Results: {
    "ci": 0.6632,
    "classification_loss": 0.0,
    "cluster_loss": 0.0,
    "mae": 0.9974,
    "mse": 1.7968,
    "multiclassification_loss": 0.0,
    "ortho_loss": 0.0,
    "pearson": 0.4791,
    "regression_loss": 1.8065,
    "rm2": 0.2228,
    "rmse": 1.3404,
    "sd": 1.3075,
    "spearman": 0.4641,
    "spectral_loss": 0.0
}
                              
                              
----------------------------------------
Epoch 096 with LR 0.000100: Model Results
----------------------------------------
Train MSE Loss: 0.5093, Train CLS Loss: 0.0000, Train MCLS Loss: 0.0000
Protein Cluster Region Loss - Ortho Loss: 0.0000, Cluster Loss: 0.0000
                              
Validation Results: {
    "ci": 0.6907,
    "classification_loss": 0.0,
    "cluster_loss": 0.0,
    "mae": 1.0183,
    "mse": 1.8228,
    "multiclassification_loss": 0.0,
    "ortho_loss": 0.0,
    "pearson": 0.5391,
    "regression_loss": 1.8198,
    "rm2": 0.2413,
    "rmse": 1.3501,
    "sd": 1.2798,
    "spearman": 0.5326,
    "spectral_loss": 0.0
}
                              
Test Results: {
    "ci": 0.6632,
    "classification_loss": 0.0,
    "cluster_loss": 0.0,
    "mae": 0.9974,
    "mse": 1.7968,
    "multiclassification_loss": 0.0,
    "ortho_loss": 0.0,
    "pearson": 0.4791,
    "regression_loss": 1.8065,
    "rm2": 0.2228,
    "rmse": 1.3404,
    "sd": 1.3075,
    "spearman": 0.4641,
    "spectral_loss": 0.0
}
                              
                              
----------------------------------------
Epoch 097 with LR 0.000100: Model Results
----------------------------------------
Train MSE Loss: 0.5075, Train CLS Loss: 0.0000, Train MCLS Loss: 0.0000
Protein Cluster Region Loss - Ortho Loss: 0.0000, Cluster Loss: 0.0000
                              
Validation Results: {
    "ci": 0.6818,
    "classification_loss": 0.0,
    "cluster_loss": 0.0,
    "mae": 1.022,
    "mse": 1.8657,
    "multiclassification_loss": 0.0,
    "ortho_loss": 0.0,
    "pearson": 0.5172,
    "regression_loss": 1.8611,
    "rm2": 0.2356,
    "rmse": 1.3659,
    "sd": 1.3005,
    "spearman": 0.5094,
    "spectral_loss": 0.0
}
                              
Test Results: {
    "ci": 0.6632,
    "classification_loss": 0.0,
    "cluster_loss": 0.0,
    "mae": 0.9974,
    "mse": 1.7968,
    "multiclassification_loss": 0.0,
    "ortho_loss": 0.0,
    "pearson": 0.4791,
    "regression_loss": 1.8065,
    "rm2": 0.2228,
    "rmse": 1.3404,
    "sd": 1.3075,
    "spearman": 0.4641,
    "spectral_loss": 0.0
}
                              
                              
----------------------------------------
Epoch 098 with LR 0.000100: Model Results
----------------------------------------
Train MSE Loss: 0.5025, Train CLS Loss: 0.0000, Train MCLS Loss: 0.0000
Protein Cluster Region Loss - Ortho Loss: 0.0000, Cluster Loss: 0.0000
                              
Validation Results: {
    "ci": 0.686,
    "classification_loss": 0.0,
    "cluster_loss": 0.0,
    "mae": 1.0111,
    "mse": 1.8199,
    "multiclassification_loss": 0.0,
    "ortho_loss": 0.0,
    "pearson": 0.5282,
    "regression_loss": 1.816,
    "rm2": 0.2474,
    "rmse": 1.349,
    "sd": 1.2902,
    "spearman": 0.5195,
    "spectral_loss": 0.0
}
                              
Test Results: {
    "ci": 0.6632,
    "classification_loss": 0.0,
    "cluster_loss": 0.0,
    "mae": 0.9974,
    "mse": 1.7968,
    "multiclassification_loss": 0.0,
    "ortho_loss": 0.0,
    "pearson": 0.4791,
    "regression_loss": 1.8065,
    "rm2": 0.2228,
    "rmse": 1.3404,
    "sd": 1.3075,
    "spearman": 0.4641,
    "spectral_loss": 0.0
}
                              
                              
----------------------------------------
Epoch 099 with LR 0.000100: Model Results
----------------------------------------
Train MSE Loss: 0.5070, Train CLS Loss: 0.0000, Train MCLS Loss: 0.0000
Protein Cluster Region Loss - Ortho Loss: 0.0000, Cluster Loss: 0.0000
                              
Validation Results: {
    "ci": 0.6865,
    "classification_loss": 0.0,
    "cluster_loss": 0.0,
    "mae": 1.0127,
    "mse": 1.8198,
    "multiclassification_loss": 0.0,
    "ortho_loss": 0.0,
    "pearson": 0.5306,
    "regression_loss": 1.8158,
    "rm2": 0.2458,
    "rmse": 1.349,
    "sd": 1.2879,
    "spearman": 0.522,
    "spectral_loss": 0.0
}
                              
Test Results: {
    "ci": 0.6632,
    "classification_loss": 0.0,
    "cluster_loss": 0.0,
    "mae": 0.9974,
    "mse": 1.7968,
    "multiclassification_loss": 0.0,
    "ortho_loss": 0.0,
    "pearson": 0.4791,
    "regression_loss": 1.8065,
    "rm2": 0.2228,
    "rmse": 1.3404,
    "sd": 1.3075,
    "spearman": 0.4641,
    "spectral_loss": 0.0
}
                              
                              
----------------------------------------
Epoch 100 with LR 0.000100: Model Results
----------------------------------------
Train MSE Loss: 0.5040, Train CLS Loss: 0.0000, Train MCLS Loss: 0.0000
Protein Cluster Region Loss - Ortho Loss: 0.0000, Cluster Loss: 0.0000
                              
Validation Results: {
    "ci": 0.6831,
    "classification_loss": 0.0,
    "cluster_loss": 0.0,
    "mae": 1.021,
    "mse": 1.8673,
    "multiclassification_loss": 0.0,
    "ortho_loss": 0.0,
    "pearson": 0.5175,
    "regression_loss": 1.8634,
    "rm2": 0.2431,
    "rmse": 1.3665,
    "sd": 1.3002,
    "spearman": 0.5112,
    "spectral_loss": 0.0
}
                              
Test Results: {
    "ci": 0.6632,
    "classification_loss": 0.0,
    "cluster_loss": 0.0,
    "mae": 0.9974,
    "mse": 1.7968,
    "multiclassification_loss": 0.0,
    "ortho_loss": 0.0,
    "pearson": 0.4791,
    "regression_loss": 1.8065,
    "rm2": 0.2228,
    "rmse": 1.3404,
    "sd": 1.3075,
    "spearman": 0.4641,
    "spectral_loss": 0.0
}
[best epoch] epoch=30, best_rmse=1.3027, lr_at_best=1.000e-04
                              
                              
----------------------------------------
Epoch 100 with LR 0.000100: Model Results
----------------------------------------
Train MSE Loss: 0.5040, Train CLS Loss: 0.0000, Train MCLS Loss: 0.0000
Protein Cluster Region Loss - Ortho Loss: 0.0000, Cluster Loss: 0.0000
                              
Validation Results: {
    "ci": 0.6831,
    "classification_loss": 0.0,
    "cluster_loss": 0.0,
    "mae": 1.021,
    "mse": 1.8673,
    "multiclassification_loss": 0.0,
    "ortho_loss": 0.0,
    "pearson": 0.5175,
    "regression_loss": 1.8634,
    "rm2": 0.2431,
    "rmse": 1.3665,
    "sd": 1.3002,
    "spearman": 0.5112,
    "spectral_loss": 0.0
}
                              
Test Results: {
    "ci": 0.6632,
    "classification_loss": 0.0,
    "cluster_loss": 0.0,
    "mae": 0.9974,
    "mse": 1.7968,
    "multiclassification_loss": 0.0,
    "ortho_loss": 0.0,
    "pearson": 0.4791,
    "regression_loss": 1.8065,
    "rm2": 0.2228,
    "rmse": 1.3404,
    "sd": 1.3075,
    "spearman": 0.4641,
    "spectral_loss": 0.0
}
Final test metrics: rmse=1.3404, pearson=0.4791, r2_proxy(mse)=1.7968
Done. Predictions: /sc/arion/projects/DiseaseGeneCell/Huang_lab_project/wangcDrugRepoProject/TRACE_Kin_Results_v3_lean/inhouse_dataset/inhouse_Kd_ESM2_embedding_cold_drug/test_prediction_seed3.csv; checkpoint: /sc/arion/projects/DiseaseGeneCell/Huang_lab_project/wangcDrugRepoProject/TRACE_Kin_Results_v3_lean/inhouse_dataset/inhouse_Kd_ESM2_embedding_cold_drug/save_model_seed3/model.pt

==========================================
Array task 7/14: OK (inhouse_Kd_ESM2_embedding_cold_drug)
==========================================


PS:

Read file <242654215.7.stderr> for stderr output of this job.

