Sender: LSF System <lsfadmin@lg05e06>
Subject: Job 242614934[2]: <trace_kin_v3_s3[1-14]> in cluster <chimera> Done

Job <trace_kin_v3_s3[1-14]> was submitted from host <li04e01> by user <wangc40> in cluster <chimera> at Fri May  8 16:46:45 2026
Job was executed on host(s) <16*lg05e06>, in queue <gpu>, as user <wangc40> in cluster <chimera> at Fri May  8 16:46:48 2026
</hpc/users/wangc40> was used as the home directory.
</sc/arion/projects/DiseaseGeneCell/Huang_lab_project/wangcDrugRepoProject/TRACE-Kin> was used as the working directory.
Started at Fri May  8 16:46:48 2026
Terminated at Sat May  9 05:16:29 2026
Results reported at Sat May  9 05:16:29 2026

Your job looked like:

------------------------------------------------------------
# LSBATCH: User input
#!/bin/bash
#BSUB -J trace_kin_v3_s3[1-14]
#BSUB -P acc_DiseaseGeneCell
#BSUB -q gpu
#BSUB -R h100nvl
#BSUB -gpu num=1
#BSUB -n 16
#BSUB -R "rusage[mem=8000]"
#BSUB -R "span[hosts=1]"
#BSUB -W 48:00
#BSUB -o %J.%I.stdout
#BSUB -eo %J.%I.stderr
#BSUB -L /bin/bash

# =============================================================================
# TRACE-Kin v3 rerun — LSF job array
# =============================================================================
# Submit with:
#     bsub < training/run_v3_array.lsf
#
# Or chain off the smoke test (recommended):
#     bsub -w "done(<SMOKE_JOB_ID>)" < training/run_v3_array.lsf
#
# For the multi-seed ensemble (the paper config), submit additional seeds in
# parallel after the SEED=1 array completes (or alongside, as separate jobs):
#     SEED=2 bsub -J "trace_kin_v3_s2[1-14]" < training/run_v3_array.lsf
#     SEED=3 bsub -J "trace_kin_v3_s3[1-14]" < training/run_v3_array.lsf
# After all seeds finish, analysis/aggregate_results.py averages predictions
# across seeds before computing RMSE.
#
# LSF expands #BSUB -J trace_kin_v3[1-14] into 14 array tasks, each with a
# distinct ${LSB_JOBINDEX} in 1..14. The body looks up the per-index
# (dataset_source, dataset_name, pool_paths) tuple from the inline table below
# and invokes train_trace_kin.py with model_version=v3.
#
# The 14 tasks correspond to:
#   * 12 RF-gap targets (catalytic kinetics where v1 trails RF by 1.4%–8.7%)
#   * 2 Ki preservation guards (where v1 already wins, must not regress)
# =============================================================================

# --- Environment -------------------------------------------------------------
# Match the prologue of the proven-working PSICHIC LSFs verbatim — no
# `set -euo pipefail`. Mount Sinai's /etc/profile.d scripts return non-zero
# in places that aren't real errors, and errexit aborts the job before
# module + conda activation can complete.
ml purge
source ~/.bashrc
module load anaconda3/2024.06
source activate test
module load cuda/12.4.0

(... more ...)
------------------------------------------------------------

Successfully completed.

Resource usage summary:

    CPU time :                                   45211.00 sec.
    Max Memory :                                 13063 MB
    Average Memory :                             12846.98 MB
    Total Requested Memory :                     128000.00 MB
    Delta Memory :                               114937.00 MB
    Max Swap :                                   -
    Max Processes :                              4
    Max Threads :                                20
    Run time :                                   44981 sec.
    Turnaround time :                            44984 sec.

The output (if any) follows:

==========================================
TRACE-Kin v3 array task 2/14
==========================================
Date:        Fri May  8 16:46:51 EDT 2026
Dataset:     /sc/arion/projects/DiseaseGeneCell/Huang_lab_project/drug_discovery/output/data/enzyme_embeddings_dataset/EITLEM_dataset/EITLEM_km_ProteinCLIP_embedding_cold_protein
Result:      /sc/arion/projects/DiseaseGeneCell/Huang_lab_project/wangcDrugRepoProject/TRACE_Kin_Results_v3/EITLEM_dataset/EITLEM_km_ProteinCLIP_embedding_cold_protein
Config:      training/config_v3.json
Pool CSVs:   /sc/arion/projects/DiseaseGeneCell/Huang_lab_project/drug_discovery/output/data/enzyme_embeddings_dataset/MPEK_dataset/MPEK_km_ProteinCLIP_embedding_cold_protein,/sc/arion/projects/DiseaseGeneCell/Huang_lab_project/drug_discovery/output/data/enzyme_embeddings_dataset/catpred_dataset/catpred_km_ProteinCLIP_embedding_cold_protein
Model:       v3 (dual-head + learned gate)
Epochs:      100, batch=16, seed=3, lr=1e-4
==========================================
Python 3.12.2
Python: /sc/arion/work/wangc40/test-env/envs/test/bin/python
CUDA device: NVIDIA H100 80GB HBM3, sm_90
============================================================
TRACE-Kin training
============================================================
Datafolder:        /sc/arion/projects/DiseaseGeneCell/Huang_lab_project/drug_discovery/output/data/enzyme_embeddings_dataset/EITLEM_dataset/EITLEM_km_ProteinCLIP_embedding_cold_protein
Result path:       /sc/arion/projects/DiseaseGeneCell/Huang_lab_project/wangcDrugRepoProject/TRACE_Kin_Results_v3/EITLEM_dataset/EITLEM_km_ProteinCLIP_embedding_cold_protein
Config:            training/config_v3.json
Pool train CSVs:   /sc/arion/projects/DiseaseGeneCell/Huang_lab_project/drug_discovery/output/data/enzyme_embeddings_dataset/MPEK_dataset/MPEK_km_ProteinCLIP_embedding_cold_protein,/sc/arion/projects/DiseaseGeneCell/Huang_lab_project/drug_discovery/output/data/enzyme_embeddings_dataset/catpred_dataset/catpred_km_ProteinCLIP_embedding_cold_protein
============================================================
Loading primary train: /sc/arion/projects/DiseaseGeneCell/Huang_lab_project/drug_discovery/output/data/enzyme_embeddings_dataset/EITLEM_dataset/EITLEM_km_ProteinCLIP_embedding_cold_protein/train.parquet
Loading primary test: /sc/arion/projects/DiseaseGeneCell/Huang_lab_project/drug_discovery/output/data/enzyme_embeddings_dataset/EITLEM_dataset/EITLEM_km_ProteinCLIP_embedding_cold_protein/test.parquet
Loading primary val: /sc/arion/projects/DiseaseGeneCell/Huang_lab_project/drug_discovery/output/data/enzyme_embeddings_dataset/EITLEM_dataset/EITLEM_km_ProteinCLIP_embedding_cold_protein/val.parquet
Pooling additional train from: /sc/arion/projects/DiseaseGeneCell/Huang_lab_project/drug_discovery/output/data/enzyme_embeddings_dataset/MPEK_dataset/MPEK_km_ProteinCLIP_embedding_cold_protein/train.parquet
Pooling additional train from: /sc/arion/projects/DiseaseGeneCell/Huang_lab_project/drug_discovery/output/data/enzyme_embeddings_dataset/catpred_dataset/catpred_km_ProteinCLIP_embedding_cold_protein/train.parquet
Pooled training set: 20527 -> 66162 rows from 2 extra dataset(s).
Detected prot_evo_channels = 128
seq2feat: 20869 unique sequences.
model_version: v3, use_swa: False
Reusing protein cache: /sc/arion/projects/DiseaseGeneCell/Huang_lab_project/drug_discovery/output/data/enzyme_embeddings_dataset/EITLEM_dataset/EITLEM_km_ProteinCLIP_embedding_cold_protein/protein.pt
Reusing ligand cache: /sc/arion/projects/DiseaseGeneCell/Huang_lab_project/drug_discovery/output/data/enzyme_embeddings_dataset/EITLEM_dataset/EITLEM_km_ProteinCLIP_embedding_cold_protein/ligand.pt
loaders ready: train=4136 test=367 val=184
Built TraceKinV3 with 6,852,123 parameters
[LR schedule] schedule_lr=False, lrate=0.0001, min_lrate=0, warmup_iters=0, lr_decay_iters=413600, total_iters=413600
Not in terminal, reprint now using normal build-in print function.
                              
                              
----------------------------------------
Epoch 001 with LR 0.000100: Model Results
----------------------------------------
Train MSE Loss: 0.9931, Train CLS Loss: 0.0000, Train MCLS Loss: 0.0000
Protein Cluster Region Loss - Ortho Loss: 0.0000, Cluster Loss: 0.0000
                              
Validation Results: {
    "ci": 0.7525,
    "classification_loss": 0.0,
    "cluster_loss": 0.0,
    "mae": 0.7193,
    "mse": 0.9427,
    "multiclassification_loss": 0.0,
    "ortho_loss": 0.0,
    "pearson": 0.6775,
    "regression_loss": 0.964,
    "rm2": 0.4511,
    "rmse": 0.9709,
    "sd": 0.9699,
    "spearman": 0.6877,
    "spectral_loss": 0.0
}
                              
Test Results: {
    "ci": 0.7396,
    "classification_loss": 0.0,
    "cluster_loss": 0.0,
    "mae": 0.7346,
    "mse": 0.9795,
    "multiclassification_loss": 0.0,
    "ortho_loss": 0.0,
    "pearson": 0.6473,
    "regression_loss": 0.9794,
    "rm2": 0.4178,
    "rmse": 0.9897,
    "sd": 0.9874,
    "spearman": 0.6549,
    "spectral_loss": 0.0
}
                              
                              
----------------------------------------
Epoch 002 with LR 0.000100: Model Results
----------------------------------------
Train MSE Loss: 0.8263, Train CLS Loss: 0.0000, Train MCLS Loss: 0.0000
Protein Cluster Region Loss - Ortho Loss: 0.0000, Cluster Loss: 0.0000
                              
Validation Results: {
    "ci": 0.7661,
    "classification_loss": 0.0,
    "cluster_loss": 0.0,
    "mae": 0.6849,
    "mse": 0.8677,
    "multiclassification_loss": 0.0,
    "ortho_loss": 0.0,
    "pearson": 0.708,
    "regression_loss": 0.8808,
    "rm2": 0.4905,
    "rmse": 0.9315,
    "sd": 0.9313,
    "spearman": 0.7166,
    "spectral_loss": 0.0
}
                              
Test Results: {
    "ci": 0.7557,
    "classification_loss": 0.0,
    "cluster_loss": 0.0,
    "mae": 0.7002,
    "mse": 0.8899,
    "multiclassification_loss": 0.0,
    "ortho_loss": 0.0,
    "pearson": 0.6853,
    "regression_loss": 0.8901,
    "rm2": 0.4686,
    "rmse": 0.9434,
    "sd": 0.9434,
    "spearman": 0.6939,
    "spectral_loss": 0.0
}
                              
                              
----------------------------------------
Epoch 003 with LR 0.000100: Model Results
----------------------------------------
Train MSE Loss: 0.7484, Train CLS Loss: 0.0000, Train MCLS Loss: 0.0000
Protein Cluster Region Loss - Ortho Loss: 0.0000, Cluster Loss: 0.0000
                              
Validation Results: {
    "ci": 0.7694,
    "classification_loss": 0.0,
    "cluster_loss": 0.0,
    "mae": 0.6781,
    "mse": 0.8433,
    "multiclassification_loss": 0.0,
    "ortho_loss": 0.0,
    "pearson": 0.7206,
    "regression_loss": 0.8558,
    "rm2": 0.4922,
    "rmse": 0.9183,
    "sd": 0.9143,
    "spearman": 0.722,
    "spectral_loss": 0.0
}
                              
Test Results: {
    "ci": 0.7653,
    "classification_loss": 0.0,
    "cluster_loss": 0.0,
    "mae": 0.6827,
    "mse": 0.8386,
    "multiclassification_loss": 0.0,
    "ortho_loss": 0.0,
    "pearson": 0.7105,
    "regression_loss": 0.8388,
    "rm2": 0.4791,
    "rmse": 0.9158,
    "sd": 0.9116,
    "spearman": 0.7152,
    "spectral_loss": 0.0
}
                              
                              
----------------------------------------
Epoch 004 with LR 0.000100: Model Results
----------------------------------------
Train MSE Loss: 0.6954, Train CLS Loss: 0.0000, Train MCLS Loss: 0.0000
Protein Cluster Region Loss - Ortho Loss: 0.0000, Cluster Loss: 0.0000
                              
Validation Results: {
    "ci": 0.7742,
    "classification_loss": 0.0,
    "cluster_loss": 0.0,
    "mae": 0.6595,
    "mse": 0.8083,
    "multiclassification_loss": 0.0,
    "ortho_loss": 0.0,
    "pearson": 0.7344,
    "regression_loss": 0.8194,
    "rm2": 0.5065,
    "rmse": 0.899,
    "sd": 0.895,
    "spearman": 0.73,
    "spectral_loss": 0.0
}
                              
Test Results: {
    "ci": 0.7725,
    "classification_loss": 0.0,
    "cluster_loss": 0.0,
    "mae": 0.6629,
    "mse": 0.8016,
    "multiclassification_loss": 0.0,
    "ortho_loss": 0.0,
    "pearson": 0.7256,
    "regression_loss": 0.8017,
    "rm2": 0.4959,
    "rmse": 0.8953,
    "sd": 0.8914,
    "spearman": 0.7286,
    "spectral_loss": 0.0
}
                              
                              
----------------------------------------
Epoch 005 with LR 0.000100: Model Results
----------------------------------------
Train MSE Loss: 0.6524, Train CLS Loss: 0.0000, Train MCLS Loss: 0.0000
Protein Cluster Region Loss - Ortho Loss: 0.0000, Cluster Loss: 0.0000
                              
Validation Results: {
    "ci": 0.7797,
    "classification_loss": 0.0,
    "cluster_loss": 0.0,
    "mae": 0.6537,
    "mse": 0.7863,
    "multiclassification_loss": 0.0,
    "ortho_loss": 0.0,
    "pearson": 0.7476,
    "regression_loss": 0.7914,
    "rm2": 0.5277,
    "rmse": 0.8867,
    "sd": 0.8757,
    "spearman": 0.7421,
    "spectral_loss": 0.0
}
                              
Test Results: {
    "ci": 0.7769,
    "classification_loss": 0.0,
    "cluster_loss": 0.0,
    "mae": 0.6641,
    "mse": 0.7985,
    "multiclassification_loss": 0.0,
    "ortho_loss": 0.0,
    "pearson": 0.7373,
    "regression_loss": 0.7987,
    "rm2": 0.5111,
    "rmse": 0.8936,
    "sd": 0.8752,
    "spearman": 0.7373,
    "spectral_loss": 0.0
}
                              
                              
----------------------------------------
Epoch 006 with LR 0.000100: Model Results
----------------------------------------
Train MSE Loss: 0.6189, Train CLS Loss: 0.0000, Train MCLS Loss: 0.0000
Protein Cluster Region Loss - Ortho Loss: 0.0000, Cluster Loss: 0.0000
                              
Validation Results: {
    "ci": 0.7849,
    "classification_loss": 0.0,
    "cluster_loss": 0.0,
    "mae": 0.6275,
    "mse": 0.7427,
    "multiclassification_loss": 0.0,
    "ortho_loss": 0.0,
    "pearson": 0.758,
    "regression_loss": 0.7456,
    "rm2": 0.5678,
    "rmse": 0.8618,
    "sd": 0.8601,
    "spearman": 0.7518,
    "spectral_loss": 0.0
}
                              
Test Results: {
    "ci": 0.783,
    "classification_loss": 0.0,
    "cluster_loss": 0.0,
    "mae": 0.6343,
    "mse": 0.7461,
    "multiclassification_loss": 0.0,
    "ortho_loss": 0.0,
    "pearson": 0.7486,
    "regression_loss": 0.7464,
    "rm2": 0.5551,
    "rmse": 0.8638,
    "sd": 0.859,
    "spearman": 0.7494,
    "spectral_loss": 0.0
}
                              
                              
----------------------------------------
Epoch 007 with LR 0.000100: Model Results
----------------------------------------
Train MSE Loss: 0.5919, Train CLS Loss: 0.0000, Train MCLS Loss: 0.0000
Protein Cluster Region Loss - Ortho Loss: 0.0000, Cluster Loss: 0.0000
                              
Validation Results: {
    "ci": 0.7879,
    "classification_loss": 0.0,
    "cluster_loss": 0.0,
    "mae": 0.6195,
    "mse": 0.7269,
    "multiclassification_loss": 0.0,
    "ortho_loss": 0.0,
    "pearson": 0.7655,
    "regression_loss": 0.728,
    "rm2": 0.5689,
    "rmse": 0.8526,
    "sd": 0.8484,
    "spearman": 0.7557,
    "spectral_loss": 0.0
}
                              
Test Results: {
    "ci": 0.7865,
    "classification_loss": 0.0,
    "cluster_loss": 0.0,
    "mae": 0.6266,
    "mse": 0.7388,
    "multiclassification_loss": 0.0,
    "ortho_loss": 0.0,
    "pearson": 0.754,
    "regression_loss": 0.7388,
    "rm2": 0.5456,
    "rmse": 0.8596,
    "sd": 0.851,
    "spearman": 0.7548,
    "spectral_loss": 0.0
}
                              
                              
----------------------------------------
Epoch 008 with LR 0.000100: Model Results
----------------------------------------
Train MSE Loss: 0.5662, Train CLS Loss: 0.0000, Train MCLS Loss: 0.0000
Protein Cluster Region Loss - Ortho Loss: 0.0000, Cluster Loss: 0.0000
                              
Validation Results: {
    "ci": 0.7898,
    "classification_loss": 0.0,
    "cluster_loss": 0.0,
    "mae": 0.612,
    "mse": 0.7144,
    "multiclassification_loss": 0.0,
    "ortho_loss": 0.0,
    "pearson": 0.7697,
    "regression_loss": 0.7125,
    "rm2": 0.5906,
    "rmse": 0.8452,
    "sd": 0.8418,
    "spearman": 0.7596,
    "spectral_loss": 0.0
}
                              
Test Results: {
    "ci": 0.7906,
    "classification_loss": 0.0,
    "cluster_loss": 0.0,
    "mae": 0.6167,
    "mse": 0.7148,
    "multiclassification_loss": 0.0,
    "ortho_loss": 0.0,
    "pearson": 0.7616,
    "regression_loss": 0.7146,
    "rm2": 0.5779,
    "rmse": 0.8455,
    "sd": 0.8396,
    "spearman": 0.7643,
    "spectral_loss": 0.0
}
                              
                              
----------------------------------------
Epoch 009 with LR 0.000100: Model Results
----------------------------------------
Train MSE Loss: 0.5439, Train CLS Loss: 0.0000, Train MCLS Loss: 0.0000
Protein Cluster Region Loss - Ortho Loss: 0.0000, Cluster Loss: 0.0000
                              
Validation Results: {
    "ci": 0.7921,
    "classification_loss": 0.0,
    "cluster_loss": 0.0,
    "mae": 0.6093,
    "mse": 0.7069,
    "multiclassification_loss": 0.0,
    "ortho_loss": 0.0,
    "pearson": 0.772,
    "regression_loss": 0.7051,
    "rm2": 0.571,
    "rmse": 0.8408,
    "sd": 0.8381,
    "spearman": 0.7647,
    "spectral_loss": 0.0
}
                              
Test Results: {
    "ci": 0.7954,
    "classification_loss": 0.0,
    "cluster_loss": 0.0,
    "mae": 0.6038,
    "mse": 0.6981,
    "multiclassification_loss": 0.0,
    "ortho_loss": 0.0,
    "pearson": 0.7665,
    "regression_loss": 0.6976,
    "rm2": 0.566,
    "rmse": 0.8355,
    "sd": 0.8321,
    "spearman": 0.7739,
    "spectral_loss": 0.0
}
                              
                              
----------------------------------------
Epoch 010 with LR 0.000100: Model Results
----------------------------------------
Train MSE Loss: 0.5270, Train CLS Loss: 0.0000, Train MCLS Loss: 0.0000
Protein Cluster Region Loss - Ortho Loss: 0.0000, Cluster Loss: 0.0000
                              
Validation Results: {
    "ci": 0.7934,
    "classification_loss": 0.0,
    "cluster_loss": 0.0,
    "mae": 0.6079,
    "mse": 0.7145,
    "multiclassification_loss": 0.0,
    "ortho_loss": 0.0,
    "pearson": 0.7708,
    "regression_loss": 0.7115,
    "rm2": 0.5767,
    "rmse": 0.8453,
    "sd": 0.8401,
    "spearman": 0.7651,
    "spectral_loss": 0.0
}
                              
Test Results: {
    "ci": 0.7954,
    "classification_loss": 0.0,
    "cluster_loss": 0.0,
    "mae": 0.6038,
    "mse": 0.6981,
    "multiclassification_loss": 0.0,
    "ortho_loss": 0.0,
    "pearson": 0.7665,
    "regression_loss": 0.6976,
    "rm2": 0.566,
    "rmse": 0.8355,
    "sd": 0.8321,
    "spearman": 0.7739,
    "spectral_loss": 0.0
}
                              
                              
----------------------------------------
Epoch 011 with LR 0.000100: Model Results
----------------------------------------
Train MSE Loss: 0.5112, Train CLS Loss: 0.0000, Train MCLS Loss: 0.0000
Protein Cluster Region Loss - Ortho Loss: 0.0000, Cluster Loss: 0.0000
                              
Validation Results: {
    "ci": 0.7965,
    "classification_loss": 0.0,
    "cluster_loss": 0.0,
    "mae": 0.5965,
    "mse": 0.6844,
    "multiclassification_loss": 0.0,
    "ortho_loss": 0.0,
    "pearson": 0.7804,
    "regression_loss": 0.6825,
    "rm2": 0.5756,
    "rmse": 0.8273,
    "sd": 0.8246,
    "spearman": 0.7722,
    "spectral_loss": 0.0
}
                              
Test Results: {
    "ci": 0.7985,
    "classification_loss": 0.0,
    "cluster_loss": 0.0,
    "mae": 0.5967,
    "mse": 0.6828,
    "multiclassification_loss": 0.0,
    "ortho_loss": 0.0,
    "pearson": 0.7722,
    "regression_loss": 0.6826,
    "rm2": 0.5659,
    "rmse": 0.8263,
    "sd": 0.8232,
    "spearman": 0.7795,
    "spectral_loss": 0.0
}
                              
                              
----------------------------------------
Epoch 012 with LR 0.000100: Model Results
----------------------------------------
Train MSE Loss: 0.4959, Train CLS Loss: 0.0000, Train MCLS Loss: 0.0000
Protein Cluster Region Loss - Ortho Loss: 0.0000, Cluster Loss: 0.0000
                              
Validation Results: {
    "ci": 0.7955,
    "classification_loss": 0.0,
    "cluster_loss": 0.0,
    "mae": 0.5967,
    "mse": 0.69,
    "multiclassification_loss": 0.0,
    "ortho_loss": 0.0,
    "pearson": 0.7794,
    "regression_loss": 0.687,
    "rm2": 0.5902,
    "rmse": 0.8307,
    "sd": 0.8262,
    "spearman": 0.7702,
    "spectral_loss": 0.0
}
                              
Test Results: {
    "ci": 0.7985,
    "classification_loss": 0.0,
    "cluster_loss": 0.0,
    "mae": 0.5967,
    "mse": 0.6828,
    "multiclassification_loss": 0.0,
    "ortho_loss": 0.0,
    "pearson": 0.7722,
    "regression_loss": 0.6826,
    "rm2": 0.5659,
    "rmse": 0.8263,
    "sd": 0.8232,
    "spearman": 0.7795,
    "spectral_loss": 0.0
}
                              
                              
----------------------------------------
Epoch 013 with LR 0.000100: Model Results
----------------------------------------
Train MSE Loss: 0.4812, Train CLS Loss: 0.0000, Train MCLS Loss: 0.0000
Protein Cluster Region Loss - Ortho Loss: 0.0000, Cluster Loss: 0.0000
                              
Validation Results: {
    "ci": 0.7974,
    "classification_loss": 0.0,
    "cluster_loss": 0.0,
    "mae": 0.5955,
    "mse": 0.7027,
    "multiclassification_loss": 0.0,
    "ortho_loss": 0.0,
    "pearson": 0.7764,
    "regression_loss": 0.6997,
    "rm2": 0.5902,
    "rmse": 0.8383,
    "sd": 0.8311,
    "spearman": 0.7733,
    "spectral_loss": 0.0
}
                              
Test Results: {
    "ci": 0.7985,
    "classification_loss": 0.0,
    "cluster_loss": 0.0,
    "mae": 0.5967,
    "mse": 0.6828,
    "multiclassification_loss": 0.0,
    "ortho_loss": 0.0,
    "pearson": 0.7722,
    "regression_loss": 0.6826,
    "rm2": 0.5659,
    "rmse": 0.8263,
    "sd": 0.8232,
    "spearman": 0.7795,
    "spectral_loss": 0.0
}
                              
                              
----------------------------------------
Epoch 014 with LR 0.000100: Model Results
----------------------------------------
Train MSE Loss: 0.4689, Train CLS Loss: 0.0000, Train MCLS Loss: 0.0000
Protein Cluster Region Loss - Ortho Loss: 0.0000, Cluster Loss: 0.0000
                              
Validation Results: {
    "ci": 0.7986,
    "classification_loss": 0.0,
    "cluster_loss": 0.0,
    "mae": 0.5914,
    "mse": 0.6823,
    "multiclassification_loss": 0.0,
    "ortho_loss": 0.0,
    "pearson": 0.7843,
    "regression_loss": 0.6797,
    "rm2": 0.5855,
    "rmse": 0.826,
    "sd": 0.8181,
    "spearman": 0.776,
    "spectral_loss": 0.0
}
                              
Test Results: {
    "ci": 0.8021,
    "classification_loss": 0.0,
    "cluster_loss": 0.0,
    "mae": 0.5861,
    "mse": 0.6763,
    "multiclassification_loss": 0.0,
    "ortho_loss": 0.0,
    "pearson": 0.7802,
    "regression_loss": 0.6758,
    "rm2": 0.5774,
    "rmse": 0.8224,
    "sd": 0.8104,
    "spearman": 0.7844,
    "spectral_loss": 0.0
}
                              
                              
----------------------------------------
Epoch 015 with LR 0.000100: Model Results
----------------------------------------
Train MSE Loss: 0.4578, Train CLS Loss: 0.0000, Train MCLS Loss: 0.0000
Protein Cluster Region Loss - Ortho Loss: 0.0000, Cluster Loss: 0.0000
                              
Validation Results: {
    "ci": 0.8011,
    "classification_loss": 0.0,
    "cluster_loss": 0.0,
    "mae": 0.588,
    "mse": 0.6868,
    "multiclassification_loss": 0.0,
    "ortho_loss": 0.0,
    "pearson": 0.783,
    "regression_loss": 0.6835,
    "rm2": 0.5928,
    "rmse": 0.8287,
    "sd": 0.8202,
    "spearman": 0.7802,
    "spectral_loss": 0.0
}
                              
Test Results: {
    "ci": 0.8021,
    "classification_loss": 0.0,
    "cluster_loss": 0.0,
    "mae": 0.5861,
    "mse": 0.6763,
    "multiclassification_loss": 0.0,
    "ortho_loss": 0.0,
    "pearson": 0.7802,
    "regression_loss": 0.6758,
    "rm2": 0.5774,
    "rmse": 0.8224,
    "sd": 0.8104,
    "spearman": 0.7844,
    "spectral_loss": 0.0
}
                              
                              
----------------------------------------
Epoch 016 with LR 0.000100: Model Results
----------------------------------------
Train MSE Loss: 0.4453, Train CLS Loss: 0.0000, Train MCLS Loss: 0.0000
Protein Cluster Region Loss - Ortho Loss: 0.0000, Cluster Loss: 0.0000
                              
Validation Results: {
    "ci": 0.8015,
    "classification_loss": 0.0,
    "cluster_loss": 0.0,
    "mae": 0.5822,
    "mse": 0.6725,
    "multiclassification_loss": 0.0,
    "ortho_loss": 0.0,
    "pearson": 0.7869,
    "regression_loss": 0.6695,
    "rm2": 0.603,
    "rmse": 0.82,
    "sd": 0.8138,
    "spearman": 0.781,
    "spectral_loss": 0.0
}
                              
Test Results: {
    "ci": 0.8058,
    "classification_loss": 0.0,
    "cluster_loss": 0.0,
    "mae": 0.5782,
    "mse": 0.6564,
    "multiclassification_loss": 0.0,
    "ortho_loss": 0.0,
    "pearson": 0.7852,
    "regression_loss": 0.6558,
    "rm2": 0.595,
    "rmse": 0.8102,
    "sd": 0.8022,
    "spearman": 0.793,
    "spectral_loss": 0.0
}
                              
                              
----------------------------------------
Epoch 017 with LR 0.000100: Model Results
----------------------------------------
Train MSE Loss: 0.4352, Train CLS Loss: 0.0000, Train MCLS Loss: 0.0000
Protein Cluster Region Loss - Ortho Loss: 0.0000, Cluster Loss: 0.0000
                              
Validation Results: {
    "ci": 0.7998,
    "classification_loss": 0.0,
    "cluster_loss": 0.0,
    "mae": 0.5849,
    "mse": 0.6702,
    "multiclassification_loss": 0.0,
    "ortho_loss": 0.0,
    "pearson": 0.7874,
    "regression_loss": 0.6671,
    "rm2": 0.591,
    "rmse": 0.8187,
    "sd": 0.8129,
    "spearman": 0.7777,
    "spectral_loss": 0.0
}
                              
Test Results: {
    "ci": 0.8039,
    "classification_loss": 0.0,
    "cluster_loss": 0.0,
    "mae": 0.579,
    "mse": 0.6539,
    "multiclassification_loss": 0.0,
    "ortho_loss": 0.0,
    "pearson": 0.7848,
    "regression_loss": 0.6533,
    "rm2": 0.594,
    "rmse": 0.8087,
    "sd": 0.8029,
    "spearman": 0.7898,
    "spectral_loss": 0.0
}
                              
                              
----------------------------------------
Epoch 018 with LR 0.000100: Model Results
----------------------------------------
Train MSE Loss: 0.4264, Train CLS Loss: 0.0000, Train MCLS Loss: 0.0000
Protein Cluster Region Loss - Ortho Loss: 0.0000, Cluster Loss: 0.0000
                              
Validation Results: {
    "ci": 0.8028,
    "classification_loss": 0.0,
    "cluster_loss": 0.0,
    "mae": 0.5815,
    "mse": 0.6774,
    "multiclassification_loss": 0.0,
    "ortho_loss": 0.0,
    "pearson": 0.7857,
    "regression_loss": 0.6743,
    "rm2": 0.5832,
    "rmse": 0.8231,
    "sd": 0.8157,
    "spearman": 0.7821,
    "spectral_loss": 0.0
}
                              
Test Results: {
    "ci": 0.8039,
    "classification_loss": 0.0,
    "cluster_loss": 0.0,
    "mae": 0.579,
    "mse": 0.6539,
    "multiclassification_loss": 0.0,
    "ortho_loss": 0.0,
    "pearson": 0.7848,
    "regression_loss": 0.6533,
    "rm2": 0.594,
    "rmse": 0.8087,
    "sd": 0.8029,
    "spearman": 0.7898,
    "spectral_loss": 0.0
}
                              
                              
----------------------------------------
Epoch 019 with LR 0.000100: Model Results
----------------------------------------
Train MSE Loss: 0.4181, Train CLS Loss: 0.0000, Train MCLS Loss: 0.0000
Protein Cluster Region Loss - Ortho Loss: 0.0000, Cluster Loss: 0.0000
                              
Validation Results: {
    "ci": 0.8025,
    "classification_loss": 0.0,
    "cluster_loss": 0.0,
    "mae": 0.5788,
    "mse": 0.6738,
    "multiclassification_loss": 0.0,
    "ortho_loss": 0.0,
    "pearson": 0.7856,
    "regression_loss": 0.6707,
    "rm2": 0.5887,
    "rmse": 0.8209,
    "sd": 0.8159,
    "spearman": 0.7826,
    "spectral_loss": 0.0
}
                              
Test Results: {
    "ci": 0.8039,
    "classification_loss": 0.0,
    "cluster_loss": 0.0,
    "mae": 0.579,
    "mse": 0.6539,
    "multiclassification_loss": 0.0,
    "ortho_loss": 0.0,
    "pearson": 0.7848,
    "regression_loss": 0.6533,
    "rm2": 0.594,
    "rmse": 0.8087,
    "sd": 0.8029,
    "spearman": 0.7898,
    "spectral_loss": 0.0
}
                              
                              
----------------------------------------
Epoch 020 with LR 0.000100: Model Results
----------------------------------------
Train MSE Loss: 0.4086, Train CLS Loss: 0.0000, Train MCLS Loss: 0.0000
Protein Cluster Region Loss - Ortho Loss: 0.0000, Cluster Loss: 0.0000
                              
Validation Results: {
    "ci": 0.8057,
    "classification_loss": 0.0,
    "cluster_loss": 0.0,
    "mae": 0.5749,
    "mse": 0.661,
    "multiclassification_loss": 0.0,
    "ortho_loss": 0.0,
    "pearson": 0.7955,
    "regression_loss": 0.6579,
    "rm2": 0.6111,
    "rmse": 0.813,
    "sd": 0.7991,
    "spearman": 0.7888,
    "spectral_loss": 0.0
}
                              
Test Results: {
    "ci": 0.8084,
    "classification_loss": 0.0,
    "cluster_loss": 0.0,
    "mae": 0.5674,
    "mse": 0.6493,
    "multiclassification_loss": 0.0,
    "ortho_loss": 0.0,
    "pearson": 0.7911,
    "regression_loss": 0.6487,
    "rm2": 0.6077,
    "rmse": 0.8058,
    "sd": 0.7925,
    "spearman": 0.796,
    "spectral_loss": 0.0
}
                              
                              
----------------------------------------
Epoch 021 with LR 0.000100: Model Results
----------------------------------------
Train MSE Loss: 0.4020, Train CLS Loss: 0.0000, Train MCLS Loss: 0.0000
Protein Cluster Region Loss - Ortho Loss: 0.0000, Cluster Loss: 0.0000
                              
Validation Results: {
    "ci": 0.8063,
    "classification_loss": 0.0,
    "cluster_loss": 0.0,
    "mae": 0.5664,
    "mse": 0.655,
    "multiclassification_loss": 0.0,
    "ortho_loss": 0.0,
    "pearson": 0.7917,
    "regression_loss": 0.6522,
    "rm2": 0.6073,
    "rmse": 0.8093,
    "sd": 0.8056,
    "spearman": 0.7879,
    "spectral_loss": 0.0
}
                              
Test Results: {
    "ci": 0.8082,
    "classification_loss": 0.0,
    "cluster_loss": 0.0,
    "mae": 0.568,
    "mse": 0.6482,
    "multiclassification_loss": 0.0,
    "ortho_loss": 0.0,
    "pearson": 0.7868,
    "regression_loss": 0.6476,
    "rm2": 0.6054,
    "rmse": 0.8051,
    "sd": 0.7997,
    "spearman": 0.7957,
    "spectral_loss": 0.0
}
                              
                              
----------------------------------------
Epoch 022 with LR 0.000100: Model Results
----------------------------------------
Train MSE Loss: 0.3948, Train CLS Loss: 0.0000, Train MCLS Loss: 0.0000
Protein Cluster Region Loss - Ortho Loss: 0.0000, Cluster Loss: 0.0000
                              
Validation Results: {
    "ci": 0.8054,
    "classification_loss": 0.0,
    "cluster_loss": 0.0,
    "mae": 0.5756,
    "mse": 0.6545,
    "multiclassification_loss": 0.0,
    "ortho_loss": 0.0,
    "pearson": 0.794,
    "regression_loss": 0.6515,
    "rm2": 0.5718,
    "rmse": 0.809,
    "sd": 0.8016,
    "spearman": 0.7878,
    "spectral_loss": 0.0
}
                              
Test Results: {
    "ci": 0.8094,
    "classification_loss": 0.0,
    "cluster_loss": 0.0,
    "mae": 0.5717,
    "mse": 0.6413,
    "multiclassification_loss": 0.0,
    "ortho_loss": 0.0,
    "pearson": 0.7899,
    "regression_loss": 0.6408,
    "rm2": 0.5696,
    "rmse": 0.8008,
    "sd": 0.7944,
    "spearman": 0.7987,
    "spectral_loss": 0.0
}
                              
                              
----------------------------------------
Epoch 023 with LR 0.000100: Model Results
----------------------------------------
Train MSE Loss: 0.3890, Train CLS Loss: 0.0000, Train MCLS Loss: 0.0000
Protein Cluster Region Loss - Ortho Loss: 0.0000, Cluster Loss: 0.0000
                              
Validation Results: {
    "ci": 0.8035,
    "classification_loss": 0.0,
    "cluster_loss": 0.0,
    "mae": 0.5791,
    "mse": 0.6686,
    "multiclassification_loss": 0.0,
    "ortho_loss": 0.0,
    "pearson": 0.7915,
    "regression_loss": 0.6656,
    "rm2": 0.5912,
    "rmse": 0.8177,
    "sd": 0.8059,
    "spearman": 0.7838,
    "spectral_loss": 0.0
}
                              
Test Results: {
    "ci": 0.8094,
    "classification_loss": 0.0,
    "cluster_loss": 0.0,
    "mae": 0.5717,
    "mse": 0.6413,
    "multiclassification_loss": 0.0,
    "ortho_loss": 0.0,
    "pearson": 0.7899,
    "regression_loss": 0.6408,
    "rm2": 0.5696,
    "rmse": 0.8008,
    "sd": 0.7944,
    "spearman": 0.7987,
    "spectral_loss": 0.0
}
                              
                              
----------------------------------------
Epoch 024 with LR 0.000100: Model Results
----------------------------------------
Train MSE Loss: 0.3834, Train CLS Loss: 0.0000, Train MCLS Loss: 0.0000
Protein Cluster Region Loss - Ortho Loss: 0.0000, Cluster Loss: 0.0000
                              
Validation Results: {
    "ci": 0.8081,
    "classification_loss": 0.0,
    "cluster_loss": 0.0,
    "mae": 0.5592,
    "mse": 0.6351,
    "multiclassification_loss": 0.0,
    "ortho_loss": 0.0,
    "pearson": 0.7973,
    "regression_loss": 0.6322,
    "rm2": 0.6197,
    "rmse": 0.797,
    "sd": 0.7959,
    "spearman": 0.7913,
    "spectral_loss": 0.0
}
                              
Test Results: {
    "ci": 0.8097,
    "classification_loss": 0.0,
    "cluster_loss": 0.0,
    "mae": 0.5615,
    "mse": 0.6311,
    "multiclassification_loss": 0.0,
    "ortho_loss": 0.0,
    "pearson": 0.7909,
    "regression_loss": 0.6304,
    "rm2": 0.6114,
    "rmse": 0.7944,
    "sd": 0.7929,
    "spearman": 0.7978,
    "spectral_loss": 0.0
}
                              
                              
----------------------------------------
Epoch 025 with LR 0.000100: Model Results
----------------------------------------
Train MSE Loss: 0.3760, Train CLS Loss: 0.0000, Train MCLS Loss: 0.0000
Protein Cluster Region Loss - Ortho Loss: 0.0000, Cluster Loss: 0.0000
                              
Validation Results: {
    "ci": 0.8098,
    "classification_loss": 0.0,
    "cluster_loss": 0.0,
    "mae": 0.5572,
    "mse": 0.6335,
    "multiclassification_loss": 0.0,
    "ortho_loss": 0.0,
    "pearson": 0.8007,
    "regression_loss": 0.6308,
    "rm2": 0.624,
    "rmse": 0.7959,
    "sd": 0.7899,
    "spearman": 0.7952,
    "spectral_loss": 0.0
}
                              
Test Results: {
    "ci": 0.8135,
    "classification_loss": 0.0,
    "cluster_loss": 0.0,
    "mae": 0.5485,
    "mse": 0.619,
    "multiclassification_loss": 0.0,
    "ortho_loss": 0.0,
    "pearson": 0.7979,
    "regression_loss": 0.6183,
    "rm2": 0.6266,
    "rmse": 0.7868,
    "sd": 0.7809,
    "spearman": 0.8049,
    "spectral_loss": 0.0
}
                              
                              
----------------------------------------
Epoch 026 with LR 0.000100: Model Results
----------------------------------------
Train MSE Loss: 0.3702, Train CLS Loss: 0.0000, Train MCLS Loss: 0.0000
Protein Cluster Region Loss - Ortho Loss: 0.0000, Cluster Loss: 0.0000
                              
Validation Results: {
    "ci": 0.8082,
    "classification_loss": 0.0,
    "cluster_loss": 0.0,
    "mae": 0.5642,
    "mse": 0.6369,
    "multiclassification_loss": 0.0,
    "ortho_loss": 0.0,
    "pearson": 0.8017,
    "regression_loss": 0.636,
    "rm2": 0.6268,
    "rmse": 0.798,
    "sd": 0.7882,
    "spearman": 0.7927,
    "spectral_loss": 0.0
}
                              
Test Results: {
    "ci": 0.8135,
    "classification_loss": 0.0,
    "cluster_loss": 0.0,
    "mae": 0.5485,
    "mse": 0.619,
    "multiclassification_loss": 0.0,
    "ortho_loss": 0.0,
    "pearson": 0.7979,
    "regression_loss": 0.6183,
    "rm2": 0.6266,
    "rmse": 0.7868,
    "sd": 0.7809,
    "spearman": 0.8049,
    "spectral_loss": 0.0
}
                              
                              
----------------------------------------
Epoch 027 with LR 0.000100: Model Results
----------------------------------------
Train MSE Loss: 0.3663, Train CLS Loss: 0.0000, Train MCLS Loss: 0.0000
Protein Cluster Region Loss - Ortho Loss: 0.0000, Cluster Loss: 0.0000
                              
Validation Results: {
    "ci": 0.8101,
    "classification_loss": 0.0,
    "cluster_loss": 0.0,
    "mae": 0.5523,
    "mse": 0.6193,
    "multiclassification_loss": 0.0,
    "ortho_loss": 0.0,
    "pearson": 0.8041,
    "regression_loss": 0.6167,
    "rm2": 0.6361,
    "rmse": 0.787,
    "sd": 0.784,
    "spearman": 0.7937,
    "spectral_loss": 0.0
}
                              
Test Results: {
    "ci": 0.8124,
    "classification_loss": 0.0,
    "cluster_loss": 0.0,
    "mae": 0.5544,
    "mse": 0.6256,
    "multiclassification_loss": 0.0,
    "ortho_loss": 0.0,
    "pearson": 0.7948,
    "regression_loss": 0.6252,
    "rm2": 0.6153,
    "rmse": 0.791,
    "sd": 0.7862,
    "spearman": 0.8019,
    "spectral_loss": 0.0
}
                              
                              
----------------------------------------
Epoch 028 with LR 0.000100: Model Results
----------------------------------------
Train MSE Loss: 0.3589, Train CLS Loss: 0.0000, Train MCLS Loss: 0.0000
Protein Cluster Region Loss - Ortho Loss: 0.0000, Cluster Loss: 0.0000
                              
Validation Results: {
    "ci": 0.812,
    "classification_loss": 0.0,
    "cluster_loss": 0.0,
    "mae": 0.5504,
    "mse": 0.618,
    "multiclassification_loss": 0.0,
    "ortho_loss": 0.0,
    "pearson": 0.8053,
    "regression_loss": 0.6153,
    "rm2": 0.6088,
    "rmse": 0.7862,
    "sd": 0.7817,
    "spearman": 0.7989,
    "spectral_loss": 0.0
}
                              
Test Results: {
    "ci": 0.8136,
    "classification_loss": 0.0,
    "cluster_loss": 0.0,
    "mae": 0.5517,
    "mse": 0.6245,
    "multiclassification_loss": 0.0,
    "ortho_loss": 0.0,
    "pearson": 0.7964,
    "regression_loss": 0.6239,
    "rm2": 0.5934,
    "rmse": 0.7903,
    "sd": 0.7835,
    "spearman": 0.8042,
    "spectral_loss": 0.0
}
                              
                              
----------------------------------------
Epoch 029 with LR 0.000100: Model Results
----------------------------------------
Train MSE Loss: 0.3543, Train CLS Loss: 0.0000, Train MCLS Loss: 0.0000
Protein Cluster Region Loss - Ortho Loss: 0.0000, Cluster Loss: 0.0000
                              
Validation Results: {
    "ci": 0.8123,
    "classification_loss": 0.0,
    "cluster_loss": 0.0,
    "mae": 0.5525,
    "mse": 0.6289,
    "multiclassification_loss": 0.0,
    "ortho_loss": 0.0,
    "pearson": 0.8051,
    "regression_loss": 0.626,
    "rm2": 0.6301,
    "rmse": 0.7931,
    "sd": 0.7821,
    "spearman": 0.7991,
    "spectral_loss": 0.0
}
                              
Test Results: {
    "ci": 0.8136,
    "classification_loss": 0.0,
    "cluster_loss": 0.0,
    "mae": 0.5517,
    "mse": 0.6245,
    "multiclassification_loss": 0.0,
    "ortho_loss": 0.0,
    "pearson": 0.7964,
    "regression_loss": 0.6239,
    "rm2": 0.5934,
    "rmse": 0.7903,
    "sd": 0.7835,
    "spearman": 0.8042,
    "spectral_loss": 0.0
}
                              
                              
----------------------------------------
Epoch 030 with LR 0.000100: Model Results
----------------------------------------
Train MSE Loss: 0.3524, Train CLS Loss: 0.0000, Train MCLS Loss: 0.0000
Protein Cluster Region Loss - Ortho Loss: 0.0000, Cluster Loss: 0.0000
                              
Validation Results: {
    "ci": 0.8104,
    "classification_loss": 0.0,
    "cluster_loss": 0.0,
    "mae": 0.5518,
    "mse": 0.6153,
    "multiclassification_loss": 0.0,
    "ortho_loss": 0.0,
    "pearson": 0.8065,
    "regression_loss": 0.613,
    "rm2": 0.6377,
    "rmse": 0.7844,
    "sd": 0.7796,
    "spearman": 0.7966,
    "spectral_loss": 0.0
}
                              
Test Results: {
    "ci": 0.8119,
    "classification_loss": 0.0,
    "cluster_loss": 0.0,
    "mae": 0.5517,
    "mse": 0.6277,
    "multiclassification_loss": 0.0,
    "ortho_loss": 0.0,
    "pearson": 0.7957,
    "regression_loss": 0.6273,
    "rm2": 0.6232,
    "rmse": 0.7923,
    "sd": 0.7846,
    "spearman": 0.8008,
    "spectral_loss": 0.0
}
                              
                              
----------------------------------------
Epoch 031 with LR 0.000100: Model Results
----------------------------------------
Train MSE Loss: 0.3459, Train CLS Loss: 0.0000, Train MCLS Loss: 0.0000
Protein Cluster Region Loss - Ortho Loss: 0.0000, Cluster Loss: 0.0000
                              
Validation Results: {
    "ci": 0.8124,
    "classification_loss": 0.0,
    "cluster_loss": 0.0,
    "mae": 0.5512,
    "mse": 0.6237,
    "multiclassification_loss": 0.0,
    "ortho_loss": 0.0,
    "pearson": 0.804,
    "regression_loss": 0.6207,
    "rm2": 0.6229,
    "rmse": 0.7897,
    "sd": 0.7841,
    "spearman": 0.7997,
    "spectral_loss": 0.0
}
                              
Test Results: {
    "ci": 0.8119,
    "classification_loss": 0.0,
    "cluster_loss": 0.0,
    "mae": 0.5517,
    "mse": 0.6277,
    "multiclassification_loss": 0.0,
    "ortho_loss": 0.0,
    "pearson": 0.7957,
    "regression_loss": 0.6273,
    "rm2": 0.6232,
    "rmse": 0.7923,
    "sd": 0.7846,
    "spearman": 0.8008,
    "spectral_loss": 0.0
}
                              
                              
----------------------------------------
Epoch 032 with LR 0.000100: Model Results
----------------------------------------
Train MSE Loss: 0.3411, Train CLS Loss: 0.0000, Train MCLS Loss: 0.0000
Protein Cluster Region Loss - Ortho Loss: 0.0000, Cluster Loss: 0.0000
                              
Validation Results: {
    "ci": 0.8128,
    "classification_loss": 0.0,
    "cluster_loss": 0.0,
    "mae": 0.5482,
    "mse": 0.6198,
    "multiclassification_loss": 0.0,
    "ortho_loss": 0.0,
    "pearson": 0.8047,
    "regression_loss": 0.6169,
    "rm2": 0.6368,
    "rmse": 0.7873,
    "sd": 0.7829,
    "spearman": 0.8004,
    "spectral_loss": 0.0
}
                              
Test Results: {
    "ci": 0.8119,
    "classification_loss": 0.0,
    "cluster_loss": 0.0,
    "mae": 0.5517,
    "mse": 0.6277,
    "multiclassification_loss": 0.0,
    "ortho_loss": 0.0,
    "pearson": 0.7957,
    "regression_loss": 0.6273,
    "rm2": 0.6232,
    "rmse": 0.7923,
    "sd": 0.7846,
    "spearman": 0.8008,
    "spectral_loss": 0.0
}
                              
                              
----------------------------------------
Epoch 033 with LR 0.000100: Model Results
----------------------------------------
Train MSE Loss: 0.3353, Train CLS Loss: 0.0000, Train MCLS Loss: 0.0000
Protein Cluster Region Loss - Ortho Loss: 0.0000, Cluster Loss: 0.0000
                              
Validation Results: {
    "ci": 0.8147,
    "classification_loss": 0.0,
    "cluster_loss": 0.0,
    "mae": 0.5416,
    "mse": 0.6144,
    "multiclassification_loss": 0.0,
    "ortho_loss": 0.0,
    "pearson": 0.8072,
    "regression_loss": 0.612,
    "rm2": 0.6461,
    "rmse": 0.7838,
    "sd": 0.7784,
    "spearman": 0.8035,
    "spectral_loss": 0.0
}
                              
Test Results: {
    "ci": 0.8172,
    "classification_loss": 0.0,
    "cluster_loss": 0.0,
    "mae": 0.538,
    "mse": 0.6134,
    "multiclassification_loss": 0.0,
    "ortho_loss": 0.0,
    "pearson": 0.8009,
    "regression_loss": 0.613,
    "rm2": 0.6312,
    "rmse": 0.7832,
    "sd": 0.7758,
    "spearman": 0.8094,
    "spectral_loss": 0.0
}
                              
                              
----------------------------------------
Epoch 034 with LR 0.000100: Model Results
----------------------------------------
Train MSE Loss: 0.3329, Train CLS Loss: 0.0000, Train MCLS Loss: 0.0000
Protein Cluster Region Loss - Ortho Loss: 0.0000, Cluster Loss: 0.0000
                              
Validation Results: {
    "ci": 0.8118,
    "classification_loss": 0.0,
    "cluster_loss": 0.0,
    "mae": 0.5471,
    "mse": 0.6243,
    "multiclassification_loss": 0.0,
    "ortho_loss": 0.0,
    "pearson": 0.8047,
    "regression_loss": 0.6216,
    "rm2": 0.6454,
    "rmse": 0.7901,
    "sd": 0.7828,
    "spearman": 0.7969,
    "spectral_loss": 0.0
}
                              
Test Results: {
    "ci": 0.8172,
    "classification_loss": 0.0,
    "cluster_loss": 0.0,
    "mae": 0.538,
    "mse": 0.6134,
    "multiclassification_loss": 0.0,
    "ortho_loss": 0.0,
    "pearson": 0.8009,
    "regression_loss": 0.613,
    "rm2": 0.6312,
    "rmse": 0.7832,
    "sd": 0.7758,
    "spearman": 0.8094,
    "spectral_loss": 0.0
}
                              
                              
----------------------------------------
Epoch 035 with LR 0.000100: Model Results
----------------------------------------
Train MSE Loss: 0.3279, Train CLS Loss: 0.0000, Train MCLS Loss: 0.0000
Protein Cluster Region Loss - Ortho Loss: 0.0000, Cluster Loss: 0.0000
                              
Validation Results: {
    "ci": 0.8149,
    "classification_loss": 0.0,
    "cluster_loss": 0.0,
    "mae": 0.5382,
    "mse": 0.5918,
    "multiclassification_loss": 0.0,
    "ortho_loss": 0.0,
    "pearson": 0.8146,
    "regression_loss": 0.5893,
    "rm2": 0.6596,
    "rmse": 0.7693,
    "sd": 0.7649,
    "spearman": 0.8046,
    "spectral_loss": 0.0
}
                              
Test Results: {
    "ci": 0.818,
    "classification_loss": 0.0,
    "cluster_loss": 0.0,
    "mae": 0.5371,
    "mse": 0.5988,
    "multiclassification_loss": 0.0,
    "ortho_loss": 0.0,
    "pearson": 0.8058,
    "regression_loss": 0.5981,
    "rm2": 0.6462,
    "rmse": 0.7738,
    "sd": 0.7672,
    "spearman": 0.8119,
    "spectral_loss": 0.0
}
                              
                              
----------------------------------------
Epoch 036 with LR 0.000100: Model Results
----------------------------------------
Train MSE Loss: 0.3228, Train CLS Loss: 0.0000, Train MCLS Loss: 0.0000
Protein Cluster Region Loss - Ortho Loss: 0.0000, Cluster Loss: 0.0000
                              
Validation Results: {
    "ci": 0.8131,
    "classification_loss": 0.0,
    "cluster_loss": 0.0,
    "mae": 0.5497,
    "mse": 0.6209,
    "multiclassification_loss": 0.0,
    "ortho_loss": 0.0,
    "pearson": 0.807,
    "regression_loss": 0.6182,
    "rm2": 0.6359,
    "rmse": 0.788,
    "sd": 0.7788,
    "spearman": 0.8005,
    "spectral_loss": 0.0
}
                              
Test Results: {
    "ci": 0.818,
    "classification_loss": 0.0,
    "cluster_loss": 0.0,
    "mae": 0.5371,
    "mse": 0.5988,
    "multiclassification_loss": 0.0,
    "ortho_loss": 0.0,
    "pearson": 0.8058,
    "regression_loss": 0.5981,
    "rm2": 0.6462,
    "rmse": 0.7738,
    "sd": 0.7672,
    "spearman": 0.8119,
    "spectral_loss": 0.0
}
                              
                              
----------------------------------------
Epoch 037 with LR 0.000100: Model Results
----------------------------------------
Train MSE Loss: 0.3186, Train CLS Loss: 0.0000, Train MCLS Loss: 0.0000
Protein Cluster Region Loss - Ortho Loss: 0.0000, Cluster Loss: 0.0000
                              
Validation Results: {
    "ci": 0.8134,
    "classification_loss": 0.0,
    "cluster_loss": 0.0,
    "mae": 0.5463,
    "mse": 0.6251,
    "multiclassification_loss": 0.0,
    "ortho_loss": 0.0,
    "pearson": 0.8056,
    "regression_loss": 0.6226,
    "rm2": 0.627,
    "rmse": 0.7906,
    "sd": 0.7812,
    "spearman": 0.8006,
    "spectral_loss": 0.0
}
                              
Test Results: {
    "ci": 0.818,
    "classification_loss": 0.0,
    "cluster_loss": 0.0,
    "mae": 0.5371,
    "mse": 0.5988,
    "multiclassification_loss": 0.0,
    "ortho_loss": 0.0,
    "pearson": 0.8058,
    "regression_loss": 0.5981,
    "rm2": 0.6462,
    "rmse": 0.7738,
    "sd": 0.7672,
    "spearman": 0.8119,
    "spectral_loss": 0.0
}
                              
                              
----------------------------------------
Epoch 038 with LR 0.000100: Model Results
----------------------------------------
Train MSE Loss: 0.3159, Train CLS Loss: 0.0000, Train MCLS Loss: 0.0000
Protein Cluster Region Loss - Ortho Loss: 0.0000, Cluster Loss: 0.0000
                              
Validation Results: {
    "ci": 0.8135,
    "classification_loss": 0.0,
    "cluster_loss": 0.0,
    "mae": 0.5392,
    "mse": 0.5992,
    "multiclassification_loss": 0.0,
    "ortho_loss": 0.0,
    "pearson": 0.8108,
    "regression_loss": 0.5966,
    "rm2": 0.6378,
    "rmse": 0.7741,
    "sd": 0.7719,
    "spearman": 0.801,
    "spectral_loss": 0.0
}
                              
Test Results: {
    "ci": 0.818,
    "classification_loss": 0.0,
    "cluster_loss": 0.0,
    "mae": 0.5371,
    "mse": 0.5988,
    "multiclassification_loss": 0.0,
    "ortho_loss": 0.0,
    "pearson": 0.8058,
    "regression_loss": 0.5981,
    "rm2": 0.6462,
    "rmse": 0.7738,
    "sd": 0.7672,
    "spearman": 0.8119,
    "spectral_loss": 0.0
}
                              
                              
----------------------------------------
Epoch 039 with LR 0.000100: Model Results
----------------------------------------
Train MSE Loss: 0.3102, Train CLS Loss: 0.0000, Train MCLS Loss: 0.0000
Protein Cluster Region Loss - Ortho Loss: 0.0000, Cluster Loss: 0.0000
                              
Validation Results: {
    "ci": 0.8158,
    "classification_loss": 0.0,
    "cluster_loss": 0.0,
    "mae": 0.5352,
    "mse": 0.59,
    "multiclassification_loss": 0.0,
    "ortho_loss": 0.0,
    "pearson": 0.8138,
    "regression_loss": 0.5873,
    "rm2": 0.651,
    "rmse": 0.7681,
    "sd": 0.7663,
    "spearman": 0.8045,
    "spectral_loss": 0.0
}
                              
Test Results: {
    "ci": 0.8176,
    "classification_loss": 0.0,
    "cluster_loss": 0.0,
    "mae": 0.5401,
    "mse": 0.5982,
    "multiclassification_loss": 0.0,
    "ortho_loss": 0.0,
    "pearson": 0.8037,
    "regression_loss": 0.5976,
    "rm2": 0.6333,
    "rmse": 0.7735,
    "sd": 0.771,
    "spearman": 0.8116,
    "spectral_loss": 0.0
}
                              
                              
----------------------------------------
Epoch 040 with LR 0.000100: Model Results
----------------------------------------
Train MSE Loss: 0.3065, Train CLS Loss: 0.0000, Train MCLS Loss: 0.0000
Protein Cluster Region Loss - Ortho Loss: 0.0000, Cluster Loss: 0.0000
                              
Validation Results: {
    "ci": 0.8149,
    "classification_loss": 0.0,
    "cluster_loss": 0.0,
    "mae": 0.5354,
    "mse": 0.6075,
    "multiclassification_loss": 0.0,
    "ortho_loss": 0.0,
    "pearson": 0.8082,
    "regression_loss": 0.605,
    "rm2": 0.6383,
    "rmse": 0.7794,
    "sd": 0.7765,
    "spearman": 0.8016,
    "spectral_loss": 0.0
}
                              
Test Results: {
    "ci": 0.8176,
    "classification_loss": 0.0,
    "cluster_loss": 0.0,
    "mae": 0.5401,
    "mse": 0.5982,
    "multiclassification_loss": 0.0,
    "ortho_loss": 0.0,
    "pearson": 0.8037,
    "regression_loss": 0.5976,
    "rm2": 0.6333,
    "rmse": 0.7735,
    "sd": 0.771,
    "spearman": 0.8116,
    "spectral_loss": 0.0
}
                              
                              
----------------------------------------
Epoch 041 with LR 0.000100: Model Results
----------------------------------------
Train MSE Loss: 0.3025, Train CLS Loss: 0.0000, Train MCLS Loss: 0.0000
Protein Cluster Region Loss - Ortho Loss: 0.0000, Cluster Loss: 0.0000
                              
Validation Results: {
    "ci": 0.8175,
    "classification_loss": 0.0,
    "cluster_loss": 0.0,
    "mae": 0.5332,
    "mse": 0.5874,
    "multiclassification_loss": 0.0,
    "ortho_loss": 0.0,
    "pearson": 0.8149,
    "regression_loss": 0.585,
    "rm2": 0.6574,
    "rmse": 0.7665,
    "sd": 0.7643,
    "spearman": 0.8079,
    "spectral_loss": 0.0
}
                              
Test Results: {
    "ci": 0.8197,
    "classification_loss": 0.0,
    "cluster_loss": 0.0,
    "mae": 0.5325,
    "mse": 0.5893,
    "multiclassification_loss": 0.0,
    "ortho_loss": 0.0,
    "pearson": 0.808,
    "regression_loss": 0.5886,
    "rm2": 0.6404,
    "rmse": 0.7676,
    "sd": 0.7633,
    "spearman": 0.8149,
    "spectral_loss": 0.0
}
                              
                              
----------------------------------------
Epoch 042 with LR 0.000100: Model Results
----------------------------------------
Train MSE Loss: 0.2977, Train CLS Loss: 0.0000, Train MCLS Loss: 0.0000
Protein Cluster Region Loss - Ortho Loss: 0.0000, Cluster Loss: 0.0000
                              
Validation Results: {
    "ci": 0.8171,
    "classification_loss": 0.0,
    "cluster_loss": 0.0,
    "mae": 0.5319,
    "mse": 0.5857,
    "multiclassification_loss": 0.0,
    "ortho_loss": 0.0,
    "pearson": 0.8165,
    "regression_loss": 0.5832,
    "rm2": 0.6488,
    "rmse": 0.7653,
    "sd": 0.7613,
    "spearman": 0.8074,
    "spectral_loss": 0.0
}
                              
Test Results: {
    "ci": 0.8183,
    "classification_loss": 0.0,
    "cluster_loss": 0.0,
    "mae": 0.5363,
    "mse": 0.6,
    "multiclassification_loss": 0.0,
    "ortho_loss": 0.0,
    "pearson": 0.8051,
    "regression_loss": 0.5994,
    "rm2": 0.6235,
    "rmse": 0.7746,
    "sd": 0.7684,
    "spearman": 0.8116,
    "spectral_loss": 0.0
}
                              
                              
----------------------------------------
Epoch 043 with LR 0.000100: Model Results
----------------------------------------
Train MSE Loss: 0.2953, Train CLS Loss: 0.0000, Train MCLS Loss: 0.0000
Protein Cluster Region Loss - Ortho Loss: 0.0000, Cluster Loss: 0.0000
                              
Validation Results: {
    "ci": 0.8179,
    "classification_loss": 0.0,
    "cluster_loss": 0.0,
    "mae": 0.5328,
    "mse": 0.5961,
    "multiclassification_loss": 0.0,
    "ortho_loss": 0.0,
    "pearson": 0.8132,
    "regression_loss": 0.5933,
    "rm2": 0.6326,
    "rmse": 0.7721,
    "sd": 0.7674,
    "spearman": 0.8094,
    "spectral_loss": 0.0
}
                              
Test Results: {
    "ci": 0.8183,
    "classification_loss": 0.0,
    "cluster_loss": 0.0,
    "mae": 0.5363,
    "mse": 0.6,
    "multiclassification_loss": 0.0,
    "ortho_loss": 0.0,
    "pearson": 0.8051,
    "regression_loss": 0.5994,
    "rm2": 0.6235,
    "rmse": 0.7746,
    "sd": 0.7684,
    "spearman": 0.8116,
    "spectral_loss": 0.0
}
                              
                              
----------------------------------------
Epoch 044 with LR 0.000100: Model Results
----------------------------------------
Train MSE Loss: 0.2913, Train CLS Loss: 0.0000, Train MCLS Loss: 0.0000
Protein Cluster Region Loss - Ortho Loss: 0.0000, Cluster Loss: 0.0000
                              
Validation Results: {
    "ci": 0.8186,
    "classification_loss": 0.0,
    "cluster_loss": 0.0,
    "mae": 0.5303,
    "mse": 0.5869,
    "multiclassification_loss": 0.0,
    "ortho_loss": 0.0,
    "pearson": 0.8152,
    "regression_loss": 0.5848,
    "rm2": 0.6457,
    "rmse": 0.7661,
    "sd": 0.7637,
    "spearman": 0.8097,
    "spectral_loss": 0.0
}
                              
Test Results: {
    "ci": 0.8183,
    "classification_loss": 0.0,
    "cluster_loss": 0.0,
    "mae": 0.5363,
    "mse": 0.6,
    "multiclassification_loss": 0.0,
    "ortho_loss": 0.0,
    "pearson": 0.8051,
    "regression_loss": 0.5994,
    "rm2": 0.6235,
    "rmse": 0.7746,
    "sd": 0.7684,
    "spearman": 0.8116,
    "spectral_loss": 0.0
}
                              
                              
----------------------------------------
Epoch 045 with LR 0.000100: Model Results
----------------------------------------
Train MSE Loss: 0.2877, Train CLS Loss: 0.0000, Train MCLS Loss: 0.0000
Protein Cluster Region Loss - Ortho Loss: 0.0000, Cluster Loss: 0.0000
                              
Validation Results: {
    "ci": 0.8103,
    "classification_loss": 0.0,
    "cluster_loss": 0.0,
    "mae": 0.5682,
    "mse": 0.6597,
    "multiclassification_loss": 0.0,
    "ortho_loss": 0.0,
    "pearson": 0.8,
    "regression_loss": 0.6568,
    "rm2": 0.5752,
    "rmse": 0.8122,
    "sd": 0.7912,
    "spearman": 0.7953,
    "spectral_loss": 0.0
}
                              
Test Results: {
    "ci": 0.8183,
    "classification_loss": 0.0,
    "cluster_loss": 0.0,
    "mae": 0.5363,
    "mse": 0.6,
    "multiclassification_loss": 0.0,
    "ortho_loss": 0.0,
    "pearson": 0.8051,
    "regression_loss": 0.5994,
    "rm2": 0.6235,
    "rmse": 0.7746,
    "sd": 0.7684,
    "spearman": 0.8116,
    "spectral_loss": 0.0
}
                              
                              
----------------------------------------
Epoch 046 with LR 0.000100: Model Results
----------------------------------------
Train MSE Loss: 0.2827, Train CLS Loss: 0.0000, Train MCLS Loss: 0.0000
Protein Cluster Region Loss - Ortho Loss: 0.0000, Cluster Loss: 0.0000
                              
Validation Results: {
    "ci": 0.821,
    "classification_loss": 0.0,
    "cluster_loss": 0.0,
    "mae": 0.5261,
    "mse": 0.5828,
    "multiclassification_loss": 0.0,
    "ortho_loss": 0.0,
    "pearson": 0.8181,
    "regression_loss": 0.5804,
    "rm2": 0.657,
    "rmse": 0.7634,
    "sd": 0.7584,
    "spearman": 0.8154,
    "spectral_loss": 0.0
}
                              
Test Results: {
    "ci": 0.8202,
    "classification_loss": 0.0,
    "cluster_loss": 0.0,
    "mae": 0.5302,
    "mse": 0.5948,
    "multiclassification_loss": 0.0,
    "ortho_loss": 0.0,
    "pearson": 0.807,
    "regression_loss": 0.5942,
    "rm2": 0.6437,
    "rmse": 0.7713,
    "sd": 0.765,
    "spearman": 0.8158,
    "spectral_loss": 0.0
}
                              
                              
----------------------------------------
Epoch 047 with LR 0.000100: Model Results
----------------------------------------
Train MSE Loss: 0.2809, Train CLS Loss: 0.0000, Train MCLS Loss: 0.0000
Protein Cluster Region Loss - Ortho Loss: 0.0000, Cluster Loss: 0.0000
                              
Validation Results: {
    "ci": 0.8186,
    "classification_loss": 0.0,
    "cluster_loss": 0.0,
    "mae": 0.5307,
    "mse": 0.5924,
    "multiclassification_loss": 0.0,
    "ortho_loss": 0.0,
    "pearson": 0.8157,
    "regression_loss": 0.5897,
    "rm2": 0.6276,
    "rmse": 0.7697,
    "sd": 0.7627,
    "spearman": 0.8094,
    "spectral_loss": 0.0
}
                              
Test Results: {
    "ci": 0.8202,
    "classification_loss": 0.0,
    "cluster_loss": 0.0,
    "mae": 0.5302,
    "mse": 0.5948,
    "multiclassification_loss": 0.0,
    "ortho_loss": 0.0,
    "pearson": 0.807,
    "regression_loss": 0.5942,
    "rm2": 0.6437,
    "rmse": 0.7713,
    "sd": 0.765,
    "spearman": 0.8158,
    "spectral_loss": 0.0
}
                              
                              
----------------------------------------
Epoch 048 with LR 0.000100: Model Results
----------------------------------------
Train MSE Loss: 0.2754, Train CLS Loss: 0.0000, Train MCLS Loss: 0.0000
Protein Cluster Region Loss - Ortho Loss: 0.0000, Cluster Loss: 0.0000
                              
Validation Results: {
    "ci": 0.8172,
    "classification_loss": 0.0,
    "cluster_loss": 0.0,
    "mae": 0.5396,
    "mse": 0.5981,
    "multiclassification_loss": 0.0,
    "ortho_loss": 0.0,
    "pearson": 0.8144,
    "regression_loss": 0.5957,
    "rm2": 0.6146,
    "rmse": 0.7733,
    "sd": 0.7652,
    "spearman": 0.8083,
    "spectral_loss": 0.0
}
                              
Test Results: {
    "ci": 0.8202,
    "classification_loss": 0.0,
    "cluster_loss": 0.0,
    "mae": 0.5302,
    "mse": 0.5948,
    "multiclassification_loss": 0.0,
    "ortho_loss": 0.0,
    "pearson": 0.807,
    "regression_loss": 0.5942,
    "rm2": 0.6437,
    "rmse": 0.7713,
    "sd": 0.765,
    "spearman": 0.8158,
    "spectral_loss": 0.0
}
                              
                              
----------------------------------------
Epoch 049 with LR 0.000100: Model Results
----------------------------------------
Train MSE Loss: 0.2737, Train CLS Loss: 0.0000, Train MCLS Loss: 0.0000
Protein Cluster Region Loss - Ortho Loss: 0.0000, Cluster Loss: 0.0000
                              
Validation Results: {
    "ci": 0.8192,
    "classification_loss": 0.0,
    "cluster_loss": 0.0,
    "mae": 0.5326,
    "mse": 0.5944,
    "multiclassification_loss": 0.0,
    "ortho_loss": 0.0,
    "pearson": 0.8184,
    "regression_loss": 0.5917,
    "rm2": 0.6547,
    "rmse": 0.771,
    "sd": 0.7577,
    "spearman": 0.8115,
    "spectral_loss": 0.0
}
                              
Test Results: {
    "ci": 0.8202,
    "classification_loss": 0.0,
    "cluster_loss": 0.0,
    "mae": 0.5302,
    "mse": 0.5948,
    "multiclassification_loss": 0.0,
    "ortho_loss": 0.0,
    "pearson": 0.807,
    "regression_loss": 0.5942,
    "rm2": 0.6437,
    "rmse": 0.7713,
    "sd": 0.765,
    "spearman": 0.8158,
    "spectral_loss": 0.0
}
                              
                              
----------------------------------------
Epoch 050 with LR 0.000100: Model Results
----------------------------------------
Train MSE Loss: 0.2712, Train CLS Loss: 0.0000, Train MCLS Loss: 0.0000
Protein Cluster Region Loss - Ortho Loss: 0.0000, Cluster Loss: 0.0000
                              
Validation Results: {
    "ci": 0.8187,
    "classification_loss": 0.0,
    "cluster_loss": 0.0,
    "mae": 0.5373,
    "mse": 0.6031,
    "multiclassification_loss": 0.0,
    "ortho_loss": 0.0,
    "pearson": 0.8166,
    "regression_loss": 0.6004,
    "rm2": 0.6664,
    "rmse": 0.7766,
    "sd": 0.761,
    "spearman": 0.8105,
    "spectral_loss": 0.0
}
                              
Test Results: {
    "ci": 0.8202,
    "classification_loss": 0.0,
    "cluster_loss": 0.0,
    "mae": 0.5302,
    "mse": 0.5948,
    "multiclassification_loss": 0.0,
    "ortho_loss": 0.0,
    "pearson": 0.807,
    "regression_loss": 0.5942,
    "rm2": 0.6437,
    "rmse": 0.7713,
    "sd": 0.765,
    "spearman": 0.8158,
    "spectral_loss": 0.0
}
                              
                              
----------------------------------------
Epoch 051 with LR 0.000100: Model Results
----------------------------------------
Train MSE Loss: 0.2664, Train CLS Loss: 0.0000, Train MCLS Loss: 0.0000
Protein Cluster Region Loss - Ortho Loss: 0.0000, Cluster Loss: 0.0000
                              
Validation Results: {
    "ci": 0.8239,
    "classification_loss": 0.0,
    "cluster_loss": 0.0,
    "mae": 0.5224,
    "mse": 0.5752,
    "multiclassification_loss": 0.0,
    "ortho_loss": 0.0,
    "pearson": 0.8255,
    "regression_loss": 0.5725,
    "rm2": 0.6796,
    "rmse": 0.7584,
    "sd": 0.7443,
    "spearman": 0.8198,
    "spectral_loss": 0.0
}
                              
Test Results: {
    "ci": 0.8239,
    "classification_loss": 0.0,
    "cluster_loss": 0.0,
    "mae": 0.5209,
    "mse": 0.582,
    "multiclassification_loss": 0.0,
    "ortho_loss": 0.0,
    "pearson": 0.8172,
    "regression_loss": 0.5813,
    "rm2": 0.6583,
    "rmse": 0.7629,
    "sd": 0.7467,
    "spearman": 0.821,
    "spectral_loss": 0.0
}
                              
                              
----------------------------------------
Epoch 052 with LR 0.000100: Model Results
----------------------------------------
Train MSE Loss: 0.2607, Train CLS Loss: 0.0000, Train MCLS Loss: 0.0000
Protein Cluster Region Loss - Ortho Loss: 0.0000, Cluster Loss: 0.0000
                              
Validation Results: {
    "ci": 0.8228,
    "classification_loss": 0.0,
    "cluster_loss": 0.0,
    "mae": 0.5196,
    "mse": 0.5691,
    "multiclassification_loss": 0.0,
    "ortho_loss": 0.0,
    "pearson": 0.8219,
    "regression_loss": 0.5677,
    "rm2": 0.6457,
    "rmse": 0.7544,
    "sd": 0.7512,
    "spearman": 0.8175,
    "spectral_loss": 0.0
}
                              
Test Results: {
    "ci": 0.8236,
    "classification_loss": 0.0,
    "cluster_loss": 0.0,
    "mae": 0.5238,
    "mse": 0.5862,
    "multiclassification_loss": 0.0,
    "ortho_loss": 0.0,
    "pearson": 0.8111,
    "regression_loss": 0.5855,
    "rm2": 0.6108,
    "rmse": 0.7657,
    "sd": 0.7578,
    "spearman": 0.8198,
    "spectral_loss": 0.0
}
                              
                              
----------------------------------------
Epoch 053 with LR 0.000100: Model Results
----------------------------------------
Train MSE Loss: 0.2583, Train CLS Loss: 0.0000, Train MCLS Loss: 0.0000
Protein Cluster Region Loss - Ortho Loss: 0.0000, Cluster Loss: 0.0000
                              
Validation Results: {
    "ci": 0.8187,
    "classification_loss": 0.0,
    "cluster_loss": 0.0,
    "mae": 0.5336,
    "mse": 0.5974,
    "multiclassification_loss": 0.0,
    "ortho_loss": 0.0,
    "pearson": 0.8165,
    "regression_loss": 0.5957,
    "rm2": 0.6593,
    "rmse": 0.7729,
    "sd": 0.7614,
    "spearman": 0.8107,
    "spectral_loss": 0.0
}
                              
Test Results: {
    "ci": 0.8236,
    "classification_loss": 0.0,
    "cluster_loss": 0.0,
    "mae": 0.5238,
    "mse": 0.5862,
    "multiclassification_loss": 0.0,
    "ortho_loss": 0.0,
    "pearson": 0.8111,
    "regression_loss": 0.5855,
    "rm2": 0.6108,
    "rmse": 0.7657,
    "sd": 0.7578,
    "spearman": 0.8198,
    "spectral_loss": 0.0
}
                              
                              
----------------------------------------
Epoch 054 with LR 0.000100: Model Results
----------------------------------------
Train MSE Loss: 0.2555, Train CLS Loss: 0.0000, Train MCLS Loss: 0.0000
Protein Cluster Region Loss - Ortho Loss: 0.0000, Cluster Loss: 0.0000
                              
Validation Results: {
    "ci": 0.8208,
    "classification_loss": 0.0,
    "cluster_loss": 0.0,
    "mae": 0.5226,
    "mse": 0.5802,
    "multiclassification_loss": 0.0,
    "ortho_loss": 0.0,
    "pearson": 0.8189,
    "regression_loss": 0.5779,
    "rm2": 0.6562,
    "rmse": 0.7617,
    "sd": 0.7568,
    "spearman": 0.8132,
    "spectral_loss": 0.0
}
                              
Test Results: {
    "ci": 0.8236,
    "classification_loss": 0.0,
    "cluster_loss": 0.0,
    "mae": 0.5238,
    "mse": 0.5862,
    "multiclassification_loss": 0.0,
    "ortho_loss": 0.0,
    "pearson": 0.8111,
    "regression_loss": 0.5855,
    "rm2": 0.6108,
    "rmse": 0.7657,
    "sd": 0.7578,
    "spearman": 0.8198,
    "spectral_loss": 0.0
}
                              
                              
----------------------------------------
Epoch 055 with LR 0.000100: Model Results
----------------------------------------
Train MSE Loss: 0.2531, Train CLS Loss: 0.0000, Train MCLS Loss: 0.0000
Protein Cluster Region Loss - Ortho Loss: 0.0000, Cluster Loss: 0.0000
                              
Validation Results: {
    "ci": 0.8237,
    "classification_loss": 0.0,
    "cluster_loss": 0.0,
    "mae": 0.5163,
    "mse": 0.5635,
    "multiclassification_loss": 0.0,
    "ortho_loss": 0.0,
    "pearson": 0.8244,
    "regression_loss": 0.5609,
    "rm2": 0.6524,
    "rmse": 0.7507,
    "sd": 0.7463,
    "spearman": 0.8195,
    "spectral_loss": 0.0
}
                              
Test Results: {
    "ci": 0.8259,
    "classification_loss": 0.0,
    "cluster_loss": 0.0,
    "mae": 0.5127,
    "mse": 0.5723,
    "multiclassification_loss": 0.0,
    "ortho_loss": 0.0,
    "pearson": 0.8157,
    "regression_loss": 0.5716,
    "rm2": 0.6373,
    "rmse": 0.7565,
    "sd": 0.7494,
    "spearman": 0.8223,
    "spectral_loss": 0.0
}
                              
                              
----------------------------------------
Epoch 056 with LR 0.000100: Model Results
----------------------------------------
Train MSE Loss: 0.2499, Train CLS Loss: 0.0000, Train MCLS Loss: 0.0000
Protein Cluster Region Loss - Ortho Loss: 0.0000, Cluster Loss: 0.0000
                              
Validation Results: {
    "ci": 0.8216,
    "classification_loss": 0.0,
    "cluster_loss": 0.0,
    "mae": 0.5214,
    "mse": 0.5686,
    "multiclassification_loss": 0.0,
    "ortho_loss": 0.0,
    "pearson": 0.8228,
    "regression_loss": 0.566,
    "rm2": 0.6701,
    "rmse": 0.7541,
    "sd": 0.7495,
    "spearman": 0.8169,
    "spectral_loss": 0.0
}
                              
Test Results: {
    "ci": 0.8259,
    "classification_loss": 0.0,
    "cluster_loss": 0.0,
    "mae": 0.5127,
    "mse": 0.5723,
    "multiclassification_loss": 0.0,
    "ortho_loss": 0.0,
    "pearson": 0.8157,
    "regression_loss": 0.5716,
    "rm2": 0.6373,
    "rmse": 0.7565,
    "sd": 0.7494,
    "spearman": 0.8223,
    "spectral_loss": 0.0
}
                              
                              
----------------------------------------
Epoch 057 with LR 0.000100: Model Results
----------------------------------------
Train MSE Loss: 0.2480, Train CLS Loss: 0.0000, Train MCLS Loss: 0.0000
Protein Cluster Region Loss - Ortho Loss: 0.0000, Cluster Loss: 0.0000
                              
Validation Results: {
    "ci": 0.8231,
    "classification_loss": 0.0,
    "cluster_loss": 0.0,
    "mae": 0.5273,
    "mse": 0.5802,
    "multiclassification_loss": 0.0,
    "ortho_loss": 0.0,
    "pearson": 0.8252,
    "regression_loss": 0.5776,
    "rm2": 0.6488,
    "rmse": 0.7617,
    "sd": 0.7449,
    "spearman": 0.8176,
    "spectral_loss": 0.0
}
                              
Test Results: {
    "ci": 0.8259,
    "classification_loss": 0.0,
    "cluster_loss": 0.0,
    "mae": 0.5127,
    "mse": 0.5723,
    "multiclassification_loss": 0.0,
    "ortho_loss": 0.0,
    "pearson": 0.8157,
    "regression_loss": 0.5716,
    "rm2": 0.6373,
    "rmse": 0.7565,
    "sd": 0.7494,
    "spearman": 0.8223,
    "spectral_loss": 0.0
}
                              
                              
----------------------------------------
Epoch 058 with LR 0.000100: Model Results
----------------------------------------
Train MSE Loss: 0.2448, Train CLS Loss: 0.0000, Train MCLS Loss: 0.0000
Protein Cluster Region Loss - Ortho Loss: 0.0000, Cluster Loss: 0.0000
                              
Validation Results: {
    "ci": 0.823,
    "classification_loss": 0.0,
    "cluster_loss": 0.0,
    "mae": 0.5208,
    "mse": 0.5687,
    "multiclassification_loss": 0.0,
    "ortho_loss": 0.0,
    "pearson": 0.826,
    "regression_loss": 0.5665,
    "rm2": 0.6578,
    "rmse": 0.7541,
    "sd": 0.7432,
    "spearman": 0.8183,
    "spectral_loss": 0.0
}
                              
Test Results: {
    "ci": 0.8259,
    "classification_loss": 0.0,
    "cluster_loss": 0.0,
    "mae": 0.5127,
    "mse": 0.5723,
    "multiclassification_loss": 0.0,
    "ortho_loss": 0.0,
    "pearson": 0.8157,
    "regression_loss": 0.5716,
    "rm2": 0.6373,
    "rmse": 0.7565,
    "sd": 0.7494,
    "spearman": 0.8223,
    "spectral_loss": 0.0
}
                              
                              
----------------------------------------
Epoch 059 with LR 0.000100: Model Results
----------------------------------------
Train MSE Loss: 0.2412, Train CLS Loss: 0.0000, Train MCLS Loss: 0.0000
Protein Cluster Region Loss - Ortho Loss: 0.0000, Cluster Loss: 0.0000
                              
Validation Results: {
    "ci": 0.823,
    "classification_loss": 0.0,
    "cluster_loss": 0.0,
    "mae": 0.5173,
    "mse": 0.5604,
    "multiclassification_loss": 0.0,
    "ortho_loss": 0.0,
    "pearson": 0.8261,
    "regression_loss": 0.5579,
    "rm2": 0.6607,
    "rmse": 0.7486,
    "sd": 0.7432,
    "spearman": 0.817,
    "spectral_loss": 0.0
}
                              
Test Results: {
    "ci": 0.8265,
    "classification_loss": 0.0,
    "cluster_loss": 0.0,
    "mae": 0.5134,
    "mse": 0.5687,
    "multiclassification_loss": 0.0,
    "ortho_loss": 0.0,
    "pearson": 0.8171,
    "regression_loss": 0.5681,
    "rm2": 0.6547,
    "rmse": 0.7541,
    "sd": 0.7469,
    "spearman": 0.8252,
    "spectral_loss": 0.0
}
                              
                              
----------------------------------------
Epoch 060 with LR 0.000100: Model Results
----------------------------------------
Train MSE Loss: 0.2379, Train CLS Loss: 0.0000, Train MCLS Loss: 0.0000
Protein Cluster Region Loss - Ortho Loss: 0.0000, Cluster Loss: 0.0000
                              
Validation Results: {
    "ci": 0.8219,
    "classification_loss": 0.0,
    "cluster_loss": 0.0,
    "mae": 0.5283,
    "mse": 0.5998,
    "multiclassification_loss": 0.0,
    "ortho_loss": 0.0,
    "pearson": 0.8187,
    "regression_loss": 0.597,
    "rm2": 0.6528,
    "rmse": 0.7745,
    "sd": 0.7571,
    "spearman": 0.8151,
    "spectral_loss": 0.0
}
                              
Test Results: {
    "ci": 0.8265,
    "classification_loss": 0.0,
    "cluster_loss": 0.0,
    "mae": 0.5134,
    "mse": 0.5687,
    "multiclassification_loss": 0.0,
    "ortho_loss": 0.0,
    "pearson": 0.8171,
    "regression_loss": 0.5681,
    "rm2": 0.6547,
    "rmse": 0.7541,
    "sd": 0.7469,
    "spearman": 0.8252,
    "spectral_loss": 0.0
}
                              
                              
----------------------------------------
Epoch 061 with LR 0.000100: Model Results
----------------------------------------
Train MSE Loss: 0.2348, Train CLS Loss: 0.0000, Train MCLS Loss: 0.0000
Protein Cluster Region Loss - Ortho Loss: 0.0000, Cluster Loss: 0.0000
                              
Validation Results: {
    "ci": 0.8234,
    "classification_loss": 0.0,
    "cluster_loss": 0.0,
    "mae": 0.5301,
    "mse": 0.5954,
    "multiclassification_loss": 0.0,
    "ortho_loss": 0.0,
    "pearson": 0.8237,
    "regression_loss": 0.5929,
    "rm2": 0.6555,
    "rmse": 0.7716,
    "sd": 0.7477,
    "spearman": 0.8183,
    "spectral_loss": 0.0
}
                              
Test Results: {
    "ci": 0.8265,
    "classification_loss": 0.0,
    "cluster_loss": 0.0,
    "mae": 0.5134,
    "mse": 0.5687,
    "multiclassification_loss": 0.0,
    "ortho_loss": 0.0,
    "pearson": 0.8171,
    "regression_loss": 0.5681,
    "rm2": 0.6547,
    "rmse": 0.7541,
    "sd": 0.7469,
    "spearman": 0.8252,
    "spectral_loss": 0.0
}
                              
                              
----------------------------------------
Epoch 062 with LR 0.000100: Model Results
----------------------------------------
Train MSE Loss: 0.2334, Train CLS Loss: 0.0000, Train MCLS Loss: 0.0000
Protein Cluster Region Loss - Ortho Loss: 0.0000, Cluster Loss: 0.0000
                              
Validation Results: {
    "ci": 0.8265,
    "classification_loss": 0.0,
    "cluster_loss": 0.0,
    "mae": 0.5147,
    "mse": 0.5566,
    "multiclassification_loss": 0.0,
    "ortho_loss": 0.0,
    "pearson": 0.8302,
    "regression_loss": 0.5616,
    "rm2": 0.6708,
    "rmse": 0.746,
    "sd": 0.735,
    "spearman": 0.824,
    "spectral_loss": 0.0
}
                              
Test Results: {
    "ci": 0.8198,
    "classification_loss": 0.0,
    "cluster_loss": 0.0,
    "mae": 0.5291,
    "mse": 0.6825,
    "multiclassification_loss": 0.0,
    "ortho_loss": 0.0,
    "pearson": 0.7801,
    "regression_loss": 0.6838,
    "rm2": 0.5942,
    "rmse": 0.8262,
    "sd": 0.8106,
    "spearman": 0.8027,
    "spectral_loss": 0.0
}
                              
                              
----------------------------------------
Epoch 063 with LR 0.000100: Model Results
----------------------------------------
Train MSE Loss: 0.2348, Train CLS Loss: 0.0000, Train MCLS Loss: 0.0000
Protein Cluster Region Loss - Ortho Loss: 0.0000, Cluster Loss: 0.0000
                              
Validation Results: {
    "ci": 0.8249,
    "classification_loss": 0.0,
    "cluster_loss": 0.0,
    "mae": 0.5234,
    "mse": 0.5864,
    "multiclassification_loss": 0.0,
    "ortho_loss": 0.0,
    "pearson": 0.8239,
    "regression_loss": 0.584,
    "rm2": 0.6705,
    "rmse": 0.7658,
    "sd": 0.7473,
    "spearman": 0.8202,
    "spectral_loss": 0.0
}
                              
Test Results: {
    "ci": 0.8198,
    "classification_loss": 0.0,
    "cluster_loss": 0.0,
    "mae": 0.5291,
    "mse": 0.6825,
    "multiclassification_loss": 0.0,
    "ortho_loss": 0.0,
    "pearson": 0.7801,
    "regression_loss": 0.6838,
    "rm2": 0.5942,
    "rmse": 0.8262,
    "sd": 0.8106,
    "spearman": 0.8027,
    "spectral_loss": 0.0
}
                              
                              
----------------------------------------
Epoch 064 with LR 0.000100: Model Results
----------------------------------------
Train MSE Loss: 0.2293, Train CLS Loss: 0.0000, Train MCLS Loss: 0.0000
Protein Cluster Region Loss - Ortho Loss: 0.0000, Cluster Loss: 0.0000
                              
Validation Results: {
    "ci": 0.8281,
    "classification_loss": 0.0,
    "cluster_loss": 0.0,
    "mae": 0.5082,
    "mse": 0.5478,
    "multiclassification_loss": 0.0,
    "ortho_loss": 0.0,
    "pearson": 0.8316,
    "regression_loss": 0.5453,
    "rm2": 0.6685,
    "rmse": 0.7401,
    "sd": 0.7323,
    "spearman": 0.8276,
    "spectral_loss": 0.0
}
                              
Test Results: {
    "ci": 0.826,
    "classification_loss": 0.0,
    "cluster_loss": 0.0,
    "mae": 0.5117,
    "mse": 0.5727,
    "multiclassification_loss": 0.0,
    "ortho_loss": 0.0,
    "pearson": 0.8171,
    "regression_loss": 0.5721,
    "rm2": 0.6611,
    "rmse": 0.7568,
    "sd": 0.7469,
    "spearman": 0.8236,
    "spectral_loss": 0.0
}
                              
                              
----------------------------------------
Epoch 065 with LR 0.000100: Model Results
----------------------------------------
Train MSE Loss: 0.2261, Train CLS Loss: 0.0000, Train MCLS Loss: 0.0000
Protein Cluster Region Loss - Ortho Loss: 0.0000, Cluster Loss: 0.0000
                              
Validation Results: {
    "ci": 0.8264,
    "classification_loss": 0.0,
    "cluster_loss": 0.0,
    "mae": 0.5099,
    "mse": 0.5515,
    "multiclassification_loss": 0.0,
    "ortho_loss": 0.0,
    "pearson": 0.83,
    "regression_loss": 0.5495,
    "rm2": 0.6785,
    "rmse": 0.7426,
    "sd": 0.7355,
    "spearman": 0.8241,
    "spectral_loss": 0.0
}
                              
Test Results: {
    "ci": 0.826,
    "classification_loss": 0.0,
    "cluster_loss": 0.0,
    "mae": 0.5117,
    "mse": 0.5727,
    "multiclassification_loss": 0.0,
    "ortho_loss": 0.0,
    "pearson": 0.8171,
    "regression_loss": 0.5721,
    "rm2": 0.6611,
    "rmse": 0.7568,
    "sd": 0.7469,
    "spearman": 0.8236,
    "spectral_loss": 0.0
}
                              
                              
----------------------------------------
Epoch 066 with LR 0.000100: Model Results
----------------------------------------
Train MSE Loss: 0.2218, Train CLS Loss: 0.0000, Train MCLS Loss: 0.0000
Protein Cluster Region Loss - Ortho Loss: 0.0000, Cluster Loss: 0.0000
                              
Validation Results: {
    "ci": 0.8218,
    "classification_loss": 0.0,
    "cluster_loss": 0.0,
    "mae": 0.5189,
    "mse": 0.5686,
    "multiclassification_loss": 0.0,
    "ortho_loss": 0.0,
    "pearson": 0.8237,
    "regression_loss": 0.5659,
    "rm2": 0.668,
    "rmse": 0.754,
    "sd": 0.7477,
    "spearman": 0.8155,
    "spectral_loss": 0.0
}
                              
Test Results: {
    "ci": 0.826,
    "classification_loss": 0.0,
    "cluster_loss": 0.0,
    "mae": 0.5117,
    "mse": 0.5727,
    "multiclassification_loss": 0.0,
    "ortho_loss": 0.0,
    "pearson": 0.8171,
    "regression_loss": 0.5721,
    "rm2": 0.6611,
    "rmse": 0.7568,
    "sd": 0.7469,
    "spearman": 0.8236,
    "spectral_loss": 0.0
}
                              
                              
----------------------------------------
Epoch 067 with LR 0.000100: Model Results
----------------------------------------
Train MSE Loss: 0.2221, Train CLS Loss: 0.0000, Train MCLS Loss: 0.0000
Protein Cluster Region Loss - Ortho Loss: 0.0000, Cluster Loss: 0.0000
                              
Validation Results: {
    "ci": 0.8246,
    "classification_loss": 0.0,
    "cluster_loss": 0.0,
    "mae": 0.5144,
    "mse": 0.5477,
    "multiclassification_loss": 0.0,
    "ortho_loss": 0.0,
    "pearson": 0.8283,
    "regression_loss": 0.5453,
    "rm2": 0.668,
    "rmse": 0.7401,
    "sd": 0.7387,
    "spearman": 0.8217,
    "spectral_loss": 0.0
}
                              
Test Results: {
    "ci": 0.826,
    "classification_loss": 0.0,
    "cluster_loss": 0.0,
    "mae": 0.5117,
    "mse": 0.5727,
    "multiclassification_loss": 0.0,
    "ortho_loss": 0.0,
    "pearson": 0.8171,
    "regression_loss": 0.5721,
    "rm2": 0.6611,
    "rmse": 0.7568,
    "sd": 0.7469,
    "spearman": 0.8236,
    "spectral_loss": 0.0
}
                              
                              
----------------------------------------
Epoch 068 with LR 0.000100: Model Results
----------------------------------------
Train MSE Loss: 0.2170, Train CLS Loss: 0.0000, Train MCLS Loss: 0.0000
Protein Cluster Region Loss - Ortho Loss: 0.0000, Cluster Loss: 0.0000
                              
Validation Results: {
    "ci": 0.828,
    "classification_loss": 0.0,
    "cluster_loss": 0.0,
    "mae": 0.5105,
    "mse": 0.5505,
    "multiclassification_loss": 0.0,
    "ortho_loss": 0.0,
    "pearson": 0.8323,
    "regression_loss": 0.5479,
    "rm2": 0.6784,
    "rmse": 0.742,
    "sd": 0.731,
    "spearman": 0.828,
    "spectral_loss": 0.0
}
                              
Test Results: {
    "ci": 0.826,
    "classification_loss": 0.0,
    "cluster_loss": 0.0,
    "mae": 0.5117,
    "mse": 0.5727,
    "multiclassification_loss": 0.0,
    "ortho_loss": 0.0,
    "pearson": 0.8171,
    "regression_loss": 0.5721,
    "rm2": 0.6611,
    "rmse": 0.7568,
    "sd": 0.7469,
    "spearman": 0.8236,
    "spectral_loss": 0.0
}
                              
                              
----------------------------------------
Epoch 069 with LR 0.000100: Model Results
----------------------------------------
Train MSE Loss: 0.2161, Train CLS Loss: 0.0000, Train MCLS Loss: 0.0000
Protein Cluster Region Loss - Ortho Loss: 0.0000, Cluster Loss: 0.0000
                              
Validation Results: {
    "ci": 0.8265,
    "classification_loss": 0.0,
    "cluster_loss": 0.0,
    "mae": 0.5121,
    "mse": 0.5699,
    "multiclassification_loss": 0.0,
    "ortho_loss": 0.0,
    "pearson": 0.827,
    "regression_loss": 0.5672,
    "rm2": 0.6805,
    "rmse": 0.7549,
    "sd": 0.7414,
    "spearman": 0.8227,
    "spectral_loss": 0.0
}
                              
Test Results: {
    "ci": 0.826,
    "classification_loss": 0.0,
    "cluster_loss": 0.0,
    "mae": 0.5117,
    "mse": 0.5727,
    "multiclassification_loss": 0.0,
    "ortho_loss": 0.0,
    "pearson": 0.8171,
    "regression_loss": 0.5721,
    "rm2": 0.6611,
    "rmse": 0.7568,
    "sd": 0.7469,
    "spearman": 0.8236,
    "spectral_loss": 0.0
}
                              
                              
----------------------------------------
Epoch 070 with LR 0.000100: Model Results
----------------------------------------
Train MSE Loss: 0.2138, Train CLS Loss: 0.0000, Train MCLS Loss: 0.0000
Protein Cluster Region Loss - Ortho Loss: 0.0000, Cluster Loss: 0.0000
                              
Validation Results: {
    "ci": 0.8265,
    "classification_loss": 0.0,
    "cluster_loss": 0.0,
    "mae": 0.5153,
    "mse": 0.5676,
    "multiclassification_loss": 0.0,
    "ortho_loss": 0.0,
    "pearson": 0.8293,
    "regression_loss": 0.5651,
    "rm2": 0.6654,
    "rmse": 0.7534,
    "sd": 0.7369,
    "spearman": 0.8234,
    "spectral_loss": 0.0
}
                              
Test Results: {
    "ci": 0.826,
    "classification_loss": 0.0,
    "cluster_loss": 0.0,
    "mae": 0.5117,
    "mse": 0.5727,
    "multiclassification_loss": 0.0,
    "ortho_loss": 0.0,
    "pearson": 0.8171,
    "regression_loss": 0.5721,
    "rm2": 0.6611,
    "rmse": 0.7568,
    "sd": 0.7469,
    "spearman": 0.8236,
    "spectral_loss": 0.0
}
                              
                              
----------------------------------------
Epoch 071 with LR 0.000100: Model Results
----------------------------------------
Train MSE Loss: 0.2117, Train CLS Loss: 0.0000, Train MCLS Loss: 0.0000
Protein Cluster Region Loss - Ortho Loss: 0.0000, Cluster Loss: 0.0000
                              
Validation Results: {
    "ci": 0.8304,
    "classification_loss": 0.0,
    "cluster_loss": 0.0,
    "mae": 0.4951,
    "mse": 0.532,
    "multiclassification_loss": 0.0,
    "ortho_loss": 0.0,
    "pearson": 0.8351,
    "regression_loss": 0.5297,
    "rm2": 0.6796,
    "rmse": 0.7294,
    "sd": 0.7254,
    "spearman": 0.8301,
    "spectral_loss": 0.0
}
                              
Test Results: {
    "ci": 0.8294,
    "classification_loss": 0.0,
    "cluster_loss": 0.0,
    "mae": 0.5009,
    "mse": 0.5569,
    "multiclassification_loss": 0.0,
    "ortho_loss": 0.0,
    "pearson": 0.821,
    "regression_loss": 0.5565,
    "rm2": 0.64,
    "rmse": 0.7462,
    "sd": 0.7396,
    "spearman": 0.8282,
    "spectral_loss": 0.0
}
                              
                              
----------------------------------------
Epoch 072 with LR 0.000100: Model Results
----------------------------------------
Train MSE Loss: 0.2087, Train CLS Loss: 0.0000, Train MCLS Loss: 0.0000
Protein Cluster Region Loss - Ortho Loss: 0.0000, Cluster Loss: 0.0000
                              
Validation Results: {
    "ci": 0.8247,
    "classification_loss": 0.0,
    "cluster_loss": 0.0,
    "mae": 0.5176,
    "mse": 0.5658,
    "multiclassification_loss": 0.0,
    "ortho_loss": 0.0,
    "pearson": 0.827,
    "regression_loss": 0.5631,
    "rm2": 0.6402,
    "rmse": 0.7522,
    "sd": 0.7414,
    "spearman": 0.8213,
    "spectral_loss": 0.0
}
                              
Test Results: {
    "ci": 0.8294,
    "classification_loss": 0.0,
    "cluster_loss": 0.0,
    "mae": 0.5009,
    "mse": 0.5569,
    "multiclassification_loss": 0.0,
    "ortho_loss": 0.0,
    "pearson": 0.821,
    "regression_loss": 0.5565,
    "rm2": 0.64,
    "rmse": 0.7462,
    "sd": 0.7396,
    "spearman": 0.8282,
    "spectral_loss": 0.0
}
                              
                              
----------------------------------------
Epoch 073 with LR 0.000100: Model Results
----------------------------------------
Train MSE Loss: 0.2075, Train CLS Loss: 0.0000, Train MCLS Loss: 0.0000
Protein Cluster Region Loss - Ortho Loss: 0.0000, Cluster Loss: 0.0000
                              
Validation Results: {
    "ci": 0.8272,
    "classification_loss": 0.0,
    "cluster_loss": 0.0,
    "mae": 0.5039,
    "mse": 0.5431,
    "multiclassification_loss": 0.0,
    "ortho_loss": 0.0,
    "pearson": 0.8316,
    "regression_loss": 0.5407,
    "rm2": 0.6888,
    "rmse": 0.737,
    "sd": 0.7323,
    "spearman": 0.8244,
    "spectral_loss": 0.0
}
                              
Test Results: {
    "ci": 0.8294,
    "classification_loss": 0.0,
    "cluster_loss": 0.0,
    "mae": 0.5009,
    "mse": 0.5569,
    "multiclassification_loss": 0.0,
    "ortho_loss": 0.0,
    "pearson": 0.821,
    "regression_loss": 0.5565,
    "rm2": 0.64,
    "rmse": 0.7462,
    "sd": 0.7396,
    "spearman": 0.8282,
    "spectral_loss": 0.0
}
                              
                              
----------------------------------------
Epoch 074 with LR 0.000100: Model Results
----------------------------------------
Train MSE Loss: 0.2041, Train CLS Loss: 0.0000, Train MCLS Loss: 0.0000
Protein Cluster Region Loss - Ortho Loss: 0.0000, Cluster Loss: 0.0000
                              
Validation Results: {
    "ci": 0.8282,
    "classification_loss": 0.0,
    "cluster_loss": 0.0,
    "mae": 0.5015,
    "mse": 0.5441,
    "multiclassification_loss": 0.0,
    "ortho_loss": 0.0,
    "pearson": 0.831,
    "regression_loss": 0.5427,
    "rm2": 0.6626,
    "rmse": 0.7376,
    "sd": 0.7334,
    "spearman": 0.8253,
    "spectral_loss": 0.0
}
                              
Test Results: {
    "ci": 0.8294,
    "classification_loss": 0.0,
    "cluster_loss": 0.0,
    "mae": 0.5009,
    "mse": 0.5569,
    "multiclassification_loss": 0.0,
    "ortho_loss": 0.0,
    "pearson": 0.821,
    "regression_loss": 0.5565,
    "rm2": 0.64,
    "rmse": 0.7462,
    "sd": 0.7396,
    "spearman": 0.8282,
    "spectral_loss": 0.0
}
                              
                              
----------------------------------------
Epoch 075 with LR 0.000100: Model Results
----------------------------------------
Train MSE Loss: 0.2028, Train CLS Loss: 0.0000, Train MCLS Loss: 0.0000
Protein Cluster Region Loss - Ortho Loss: 0.0000, Cluster Loss: 0.0000
                              
Validation Results: {
    "ci": 0.8268,
    "classification_loss": 0.0,
    "cluster_loss": 0.0,
    "mae": 0.509,
    "mse": 0.5508,
    "multiclassification_loss": 0.0,
    "ortho_loss": 0.0,
    "pearson": 0.831,
    "regression_loss": 0.5488,
    "rm2": 0.6903,
    "rmse": 0.7422,
    "sd": 0.7336,
    "spearman": 0.8243,
    "spectral_loss": 0.0
}
                              
Test Results: {
    "ci": 0.8294,
    "classification_loss": 0.0,
    "cluster_loss": 0.0,
    "mae": 0.5009,
    "mse": 0.5569,
    "multiclassification_loss": 0.0,
    "ortho_loss": 0.0,
    "pearson": 0.821,
    "regression_loss": 0.5565,
    "rm2": 0.64,
    "rmse": 0.7462,
    "sd": 0.7396,
    "spearman": 0.8282,
    "spectral_loss": 0.0
}
                              
                              
----------------------------------------
Epoch 076 with LR 0.000100: Model Results
----------------------------------------
Train MSE Loss: 0.1993, Train CLS Loss: 0.0000, Train MCLS Loss: 0.0000
Protein Cluster Region Loss - Ortho Loss: 0.0000, Cluster Loss: 0.0000
                              
Validation Results: {
    "ci": 0.8252,
    "classification_loss": 0.0,
    "cluster_loss": 0.0,
    "mae": 0.5096,
    "mse": 0.5606,
    "multiclassification_loss": 0.0,
    "ortho_loss": 0.0,
    "pearson": 0.8271,
    "regression_loss": 0.5584,
    "rm2": 0.6686,
    "rmse": 0.7487,
    "sd": 0.7412,
    "spearman": 0.8197,
    "spectral_loss": 0.0
}
                              
Test Results: {
    "ci": 0.8294,
    "classification_loss": 0.0,
    "cluster_loss": 0.0,
    "mae": 0.5009,
    "mse": 0.5569,
    "multiclassification_loss": 0.0,
    "ortho_loss": 0.0,
    "pearson": 0.821,
    "regression_loss": 0.5565,
    "rm2": 0.64,
    "rmse": 0.7462,
    "sd": 0.7396,
    "spearman": 0.8282,
    "spectral_loss": 0.0
}
                              
                              
----------------------------------------
Epoch 077 with LR 0.000100: Model Results
----------------------------------------
Train MSE Loss: 0.1976, Train CLS Loss: 0.0000, Train MCLS Loss: 0.0000
Protein Cluster Region Loss - Ortho Loss: 0.0000, Cluster Loss: 0.0000
                              
Validation Results: {
    "ci": 0.8263,
    "classification_loss": 0.0,
    "cluster_loss": 0.0,
    "mae": 0.51,
    "mse": 0.5613,
    "multiclassification_loss": 0.0,
    "ortho_loss": 0.0,
    "pearson": 0.8271,
    "regression_loss": 0.5589,
    "rm2": 0.6502,
    "rmse": 0.7492,
    "sd": 0.7412,
    "spearman": 0.8226,
    "spectral_loss": 0.0
}
                              
Test Results: {
    "ci": 0.8294,
    "classification_loss": 0.0,
    "cluster_loss": 0.0,
    "mae": 0.5009,
    "mse": 0.5569,
    "multiclassification_loss": 0.0,
    "ortho_loss": 0.0,
    "pearson": 0.821,
    "regression_loss": 0.5565,
    "rm2": 0.64,
    "rmse": 0.7462,
    "sd": 0.7396,
    "spearman": 0.8282,
    "spectral_loss": 0.0
}
                              
                              
----------------------------------------
Epoch 078 with LR 0.000100: Model Results
----------------------------------------
Train MSE Loss: 0.1968, Train CLS Loss: 0.0000, Train MCLS Loss: 0.0000
Protein Cluster Region Loss - Ortho Loss: 0.0000, Cluster Loss: 0.0000
                              
Validation Results: {
    "ci": 0.8279,
    "classification_loss": 0.0,
    "cluster_loss": 0.0,
    "mae": 0.5062,
    "mse": 0.5613,
    "multiclassification_loss": 0.0,
    "ortho_loss": 0.0,
    "pearson": 0.8295,
    "regression_loss": 0.5588,
    "rm2": 0.6591,
    "rmse": 0.7492,
    "sd": 0.7364,
    "spearman": 0.8237,
    "spectral_loss": 0.0
}
                              
Test Results: {
    "ci": 0.8294,
    "classification_loss": 0.0,
    "cluster_loss": 0.0,
    "mae": 0.5009,
    "mse": 0.5569,
    "multiclassification_loss": 0.0,
    "ortho_loss": 0.0,
    "pearson": 0.821,
    "regression_loss": 0.5565,
    "rm2": 0.64,
    "rmse": 0.7462,
    "sd": 0.7396,
    "spearman": 0.8282,
    "spectral_loss": 0.0
}
                              
                              
----------------------------------------
Epoch 079 with LR 0.000100: Model Results
----------------------------------------
Train MSE Loss: 0.1940, Train CLS Loss: 0.0000, Train MCLS Loss: 0.0000
Protein Cluster Region Loss - Ortho Loss: 0.0000, Cluster Loss: 0.0000
                              
Validation Results: {
    "ci": 0.8296,
    "classification_loss": 0.0,
    "cluster_loss": 0.0,
    "mae": 0.5037,
    "mse": 0.5558,
    "multiclassification_loss": 0.0,
    "ortho_loss": 0.0,
    "pearson": 0.8292,
    "regression_loss": 0.5534,
    "rm2": 0.6745,
    "rmse": 0.7455,
    "sd": 0.737,
    "spearman": 0.828,
    "spectral_loss": 0.0
}
                              
Test Results: {
    "ci": 0.8294,
    "classification_loss": 0.0,
    "cluster_loss": 0.0,
    "mae": 0.5009,
    "mse": 0.5569,
    "multiclassification_loss": 0.0,
    "ortho_loss": 0.0,
    "pearson": 0.821,
    "regression_loss": 0.5565,
    "rm2": 0.64,
    "rmse": 0.7462,
    "sd": 0.7396,
    "spearman": 0.8282,
    "spectral_loss": 0.0
}
                              
                              
----------------------------------------
Epoch 080 with LR 0.000100: Model Results
----------------------------------------
Train MSE Loss: 0.1939, Train CLS Loss: 0.0000, Train MCLS Loss: 0.0000
Protein Cluster Region Loss - Ortho Loss: 0.0000, Cluster Loss: 0.0000
                              
Validation Results: {
    "ci": 0.8306,
    "classification_loss": 0.0,
    "cluster_loss": 0.0,
    "mae": 0.4961,
    "mse": 0.5295,
    "multiclassification_loss": 0.0,
    "ortho_loss": 0.0,
    "pearson": 0.8366,
    "regression_loss": 0.5273,
    "rm2": 0.6862,
    "rmse": 0.7276,
    "sd": 0.7224,
    "spearman": 0.8301,
    "spectral_loss": 0.0
}
                              
Test Results: {
    "ci": 0.8295,
    "classification_loss": 0.0,
    "cluster_loss": 0.0,
    "mae": 0.5002,
    "mse": 0.562,
    "multiclassification_loss": 0.0,
    "ortho_loss": 0.0,
    "pearson": 0.8198,
    "regression_loss": 0.5614,
    "rm2": 0.6503,
    "rmse": 0.7497,
    "sd": 0.7419,
    "spearman": 0.8273,
    "spectral_loss": 0.0
}
                              
                              
----------------------------------------
Epoch 081 with LR 0.000100: Model Results
----------------------------------------
Train MSE Loss: 0.1912, Train CLS Loss: 0.0000, Train MCLS Loss: 0.0000
Protein Cluster Region Loss - Ortho Loss: 0.0000, Cluster Loss: 0.0000
                              
Validation Results: {
    "ci": 0.8283,
    "classification_loss": 0.0,
    "cluster_loss": 0.0,
    "mae": 0.5062,
    "mse": 0.5544,
    "multiclassification_loss": 0.0,
    "ortho_loss": 0.0,
    "pearson": 0.831,
    "regression_loss": 0.5522,
    "rm2": 0.6565,
    "rmse": 0.7446,
    "sd": 0.7336,
    "spearman": 0.8266,
    "spectral_loss": 0.0
}
                              
Test Results: {
    "ci": 0.8295,
    "classification_loss": 0.0,
    "cluster_loss": 0.0,
    "mae": 0.5002,
    "mse": 0.562,
    "multiclassification_loss": 0.0,
    "ortho_loss": 0.0,
    "pearson": 0.8198,
    "regression_loss": 0.5614,
    "rm2": 0.6503,
    "rmse": 0.7497,
    "sd": 0.7419,
    "spearman": 0.8273,
    "spectral_loss": 0.0
}
                              
                              
----------------------------------------
Epoch 082 with LR 0.000100: Model Results
----------------------------------------
Train MSE Loss: 0.1885, Train CLS Loss: 0.0000, Train MCLS Loss: 0.0000
Protein Cluster Region Loss - Ortho Loss: 0.0000, Cluster Loss: 0.0000
                              
Validation Results: {
    "ci": 0.8274,
    "classification_loss": 0.0,
    "cluster_loss": 0.0,
    "mae": 0.504,
    "mse": 0.5622,
    "multiclassification_loss": 0.0,
    "ortho_loss": 0.0,
    "pearson": 0.8265,
    "regression_loss": 0.5596,
    "rm2": 0.6786,
    "rmse": 0.7498,
    "sd": 0.7423,
    "spearman": 0.8218,
    "spectral_loss": 0.0
}
                              
Test Results: {
    "ci": 0.8295,
    "classification_loss": 0.0,
    "cluster_loss": 0.0,
    "mae": 0.5002,
    "mse": 0.562,
    "multiclassification_loss": 0.0,
    "ortho_loss": 0.0,
    "pearson": 0.8198,
    "regression_loss": 0.5614,
    "rm2": 0.6503,
    "rmse": 0.7497,
    "sd": 0.7419,
    "spearman": 0.8273,
    "spectral_loss": 0.0
}
                              
                              
----------------------------------------
Epoch 083 with LR 0.000100: Model Results
----------------------------------------
Train MSE Loss: 0.1873, Train CLS Loss: 0.0000, Train MCLS Loss: 0.0000
Protein Cluster Region Loss - Ortho Loss: 0.0000, Cluster Loss: 0.0000
                              
Validation Results: {
    "ci": 0.8303,
    "classification_loss": 0.0,
    "cluster_loss": 0.0,
    "mae": 0.4982,
    "mse": 0.5422,
    "multiclassification_loss": 0.0,
    "ortho_loss": 0.0,
    "pearson": 0.8329,
    "regression_loss": 0.54,
    "rm2": 0.6625,
    "rmse": 0.7363,
    "sd": 0.7298,
    "spearman": 0.8289,
    "spectral_loss": 0.0
}
                              
Test Results: {
    "ci": 0.8295,
    "classification_loss": 0.0,
    "cluster_loss": 0.0,
    "mae": 0.5002,
    "mse": 0.562,
    "multiclassification_loss": 0.0,
    "ortho_loss": 0.0,
    "pearson": 0.8198,
    "regression_loss": 0.5614,
    "rm2": 0.6503,
    "rmse": 0.7497,
    "sd": 0.7419,
    "spearman": 0.8273,
    "spectral_loss": 0.0
}
                              
                              
----------------------------------------
Epoch 084 with LR 0.000100: Model Results
----------------------------------------
Train MSE Loss: 0.1855, Train CLS Loss: 0.0000, Train MCLS Loss: 0.0000
Protein Cluster Region Loss - Ortho Loss: 0.0000, Cluster Loss: 0.0000
                              
Validation Results: {
    "ci": 0.8293,
    "classification_loss": 0.0,
    "cluster_loss": 0.0,
    "mae": 0.4993,
    "mse": 0.5511,
    "multiclassification_loss": 0.0,
    "ortho_loss": 0.0,
    "pearson": 0.8305,
    "regression_loss": 0.5485,
    "rm2": 0.6589,
    "rmse": 0.7423,
    "sd": 0.7345,
    "spearman": 0.8267,
    "spectral_loss": 0.0
}
                              
Test Results: {
    "ci": 0.8295,
    "classification_loss": 0.0,
    "cluster_loss": 0.0,
    "mae": 0.5002,
    "mse": 0.562,
    "multiclassification_loss": 0.0,
    "ortho_loss": 0.0,
    "pearson": 0.8198,
    "regression_loss": 0.5614,
    "rm2": 0.6503,
    "rmse": 0.7497,
    "sd": 0.7419,
    "spearman": 0.8273,
    "spectral_loss": 0.0
}
                              
                              
----------------------------------------
Epoch 085 with LR 0.000100: Model Results
----------------------------------------
Train MSE Loss: 0.1845, Train CLS Loss: 0.0000, Train MCLS Loss: 0.0000
Protein Cluster Region Loss - Ortho Loss: 0.0000, Cluster Loss: 0.0000
                              
Validation Results: {
    "ci": 0.8276,
    "classification_loss": 0.0,
    "cluster_loss": 0.0,
    "mae": 0.5023,
    "mse": 0.5539,
    "multiclassification_loss": 0.0,
    "ortho_loss": 0.0,
    "pearson": 0.8291,
    "regression_loss": 0.5514,
    "rm2": 0.6801,
    "rmse": 0.7442,
    "sd": 0.7373,
    "spearman": 0.8243,
    "spectral_loss": 0.0
}
                              
Test Results: {
    "ci": 0.8295,
    "classification_loss": 0.0,
    "cluster_loss": 0.0,
    "mae": 0.5002,
    "mse": 0.562,
    "multiclassification_loss": 0.0,
    "ortho_loss": 0.0,
    "pearson": 0.8198,
    "regression_loss": 0.5614,
    "rm2": 0.6503,
    "rmse": 0.7497,
    "sd": 0.7419,
    "spearman": 0.8273,
    "spectral_loss": 0.0
}
                              
                              
----------------------------------------
Epoch 086 with LR 0.000100: Model Results
----------------------------------------
Train MSE Loss: 0.1811, Train CLS Loss: 0.0000, Train MCLS Loss: 0.0000
Protein Cluster Region Loss - Ortho Loss: 0.0000, Cluster Loss: 0.0000
                              
Validation Results: {
    "ci": 0.8297,
    "classification_loss": 0.0,
    "cluster_loss": 0.0,
    "mae": 0.4982,
    "mse": 0.5439,
    "multiclassification_loss": 0.0,
    "ortho_loss": 0.0,
    "pearson": 0.8337,
    "regression_loss": 0.5414,
    "rm2": 0.6782,
    "rmse": 0.7375,
    "sd": 0.7281,
    "spearman": 0.8276,
    "spectral_loss": 0.0
}
                              
Test Results: {
    "ci": 0.8295,
    "classification_loss": 0.0,
    "cluster_loss": 0.0,
    "mae": 0.5002,
    "mse": 0.562,
    "multiclassification_loss": 0.0,
    "ortho_loss": 0.0,
    "pearson": 0.8198,
    "regression_loss": 0.5614,
    "rm2": 0.6503,
    "rmse": 0.7497,
    "sd": 0.7419,
    "spearman": 0.8273,
    "spectral_loss": 0.0
}
                              
                              
----------------------------------------
Epoch 087 with LR 0.000100: Model Results
----------------------------------------
Train MSE Loss: 0.1805, Train CLS Loss: 0.0000, Train MCLS Loss: 0.0000
Protein Cluster Region Loss - Ortho Loss: 0.0000, Cluster Loss: 0.0000
                              
Validation Results: {
    "ci": 0.8298,
    "classification_loss": 0.0,
    "cluster_loss": 0.0,
    "mae": 0.498,
    "mse": 0.5513,
    "multiclassification_loss": 0.0,
    "ortho_loss": 0.0,
    "pearson": 0.8313,
    "regression_loss": 0.5487,
    "rm2": 0.6902,
    "rmse": 0.7425,
    "sd": 0.733,
    "spearman": 0.8268,
    "spectral_loss": 0.0
}
                              
Test Results: {
    "ci": 0.8295,
    "classification_loss": 0.0,
    "cluster_loss": 0.0,
    "mae": 0.5002,
    "mse": 0.562,
    "multiclassification_loss": 0.0,
    "ortho_loss": 0.0,
    "pearson": 0.8198,
    "regression_loss": 0.5614,
    "rm2": 0.6503,
    "rmse": 0.7497,
    "sd": 0.7419,
    "spearman": 0.8273,
    "spectral_loss": 0.0
}
                              
                              
----------------------------------------
Epoch 088 with LR 0.000100: Model Results
----------------------------------------
Train MSE Loss: 0.1778, Train CLS Loss: 0.0000, Train MCLS Loss: 0.0000
Protein Cluster Region Loss - Ortho Loss: 0.0000, Cluster Loss: 0.0000
                              
Validation Results: {
    "ci": 0.8273,
    "classification_loss": 0.0,
    "cluster_loss": 0.0,
    "mae": 0.5088,
    "mse": 0.5677,
    "multiclassification_loss": 0.0,
    "ortho_loss": 0.0,
    "pearson": 0.8277,
    "regression_loss": 0.5651,
    "rm2": 0.671,
    "rmse": 0.7534,
    "sd": 0.7399,
    "spearman": 0.8223,
    "spectral_loss": 0.0
}
                              
Test Results: {
    "ci": 0.8295,
    "classification_loss": 0.0,
    "cluster_loss": 0.0,
    "mae": 0.5002,
    "mse": 0.562,
    "multiclassification_loss": 0.0,
    "ortho_loss": 0.0,
    "pearson": 0.8198,
    "regression_loss": 0.5614,
    "rm2": 0.6503,
    "rmse": 0.7497,
    "sd": 0.7419,
    "spearman": 0.8273,
    "spectral_loss": 0.0
}
                              
                              
----------------------------------------
Epoch 089 with LR 0.000100: Model Results
----------------------------------------
Train MSE Loss: 0.1757, Train CLS Loss: 0.0000, Train MCLS Loss: 0.0000
Protein Cluster Region Loss - Ortho Loss: 0.0000, Cluster Loss: 0.0000
                              
Validation Results: {
    "ci": 0.8306,
    "classification_loss": 0.0,
    "cluster_loss": 0.0,
    "mae": 0.4978,
    "mse": 0.5434,
    "multiclassification_loss": 0.0,
    "ortho_loss": 0.0,
    "pearson": 0.8339,
    "regression_loss": 0.5408,
    "rm2": 0.6928,
    "rmse": 0.7371,
    "sd": 0.7277,
    "spearman": 0.8304,
    "spectral_loss": 0.0
}
                              
Test Results: {
    "ci": 0.8295,
    "classification_loss": 0.0,
    "cluster_loss": 0.0,
    "mae": 0.5002,
    "mse": 0.562,
    "multiclassification_loss": 0.0,
    "ortho_loss": 0.0,
    "pearson": 0.8198,
    "regression_loss": 0.5614,
    "rm2": 0.6503,
    "rmse": 0.7497,
    "sd": 0.7419,
    "spearman": 0.8273,
    "spectral_loss": 0.0
}
                              
                              
----------------------------------------
Epoch 090 with LR 0.000100: Model Results
----------------------------------------
Train MSE Loss: 0.1744, Train CLS Loss: 0.0000, Train MCLS Loss: 0.0000
Protein Cluster Region Loss - Ortho Loss: 0.0000, Cluster Loss: 0.0000
                              
Validation Results: {
    "ci": 0.8284,
    "classification_loss": 0.0,
    "cluster_loss": 0.0,
    "mae": 0.4951,
    "mse": 0.5519,
    "multiclassification_loss": 0.0,
    "ortho_loss": 0.0,
    "pearson": 0.8294,
    "regression_loss": 0.5502,
    "rm2": 0.6734,
    "rmse": 0.7429,
    "sd": 0.7367,
    "spearman": 0.8219,
    "spectral_loss": 0.0
}
                              
Test Results: {
    "ci": 0.8295,
    "classification_loss": 0.0,
    "cluster_loss": 0.0,
    "mae": 0.5002,
    "mse": 0.562,
    "multiclassification_loss": 0.0,
    "ortho_loss": 0.0,
    "pearson": 0.8198,
    "regression_loss": 0.5614,
    "rm2": 0.6503,
    "rmse": 0.7497,
    "sd": 0.7419,
    "spearman": 0.8273,
    "spectral_loss": 0.0
}
                              
                              
----------------------------------------
Epoch 091 with LR 0.000100: Model Results
----------------------------------------
Train MSE Loss: 0.1725, Train CLS Loss: 0.0000, Train MCLS Loss: 0.0000
Protein Cluster Region Loss - Ortho Loss: 0.0000, Cluster Loss: 0.0000
                              
Validation Results: {
    "ci": 0.8318,
    "classification_loss": 0.0,
    "cluster_loss": 0.0,
    "mae": 0.4906,
    "mse": 0.5316,
    "multiclassification_loss": 0.0,
    "ortho_loss": 0.0,
    "pearson": 0.8364,
    "regression_loss": 0.5292,
    "rm2": 0.6961,
    "rmse": 0.7291,
    "sd": 0.7228,
    "spearman": 0.8303,
    "spectral_loss": 0.0
}
                              
Test Results: {
    "ci": 0.8295,
    "classification_loss": 0.0,
    "cluster_loss": 0.0,
    "mae": 0.5002,
    "mse": 0.562,
    "multiclassification_loss": 0.0,
    "ortho_loss": 0.0,
    "pearson": 0.8198,
    "regression_loss": 0.5614,
    "rm2": 0.6503,
    "rmse": 0.7497,
    "sd": 0.7419,
    "spearman": 0.8273,
    "spectral_loss": 0.0
}
                              
                              
----------------------------------------
Epoch 092 with LR 0.000100: Model Results
----------------------------------------
Train MSE Loss: 0.1705, Train CLS Loss: 0.0000, Train MCLS Loss: 0.0000
Protein Cluster Region Loss - Ortho Loss: 0.0000, Cluster Loss: 0.0000
                              
Validation Results: {
    "ci": 0.8271,
    "classification_loss": 0.0,
    "cluster_loss": 0.0,
    "mae": 0.5028,
    "mse": 0.5583,
    "multiclassification_loss": 0.0,
    "ortho_loss": 0.0,
    "pearson": 0.8293,
    "regression_loss": 0.5557,
    "rm2": 0.6839,
    "rmse": 0.7472,
    "sd": 0.7369,
    "spearman": 0.8211,
    "spectral_loss": 0.0
}
                              
Test Results: {
    "ci": 0.8295,
    "classification_loss": 0.0,
    "cluster_loss": 0.0,
    "mae": 0.5002,
    "mse": 0.562,
    "multiclassification_loss": 0.0,
    "ortho_loss": 0.0,
    "pearson": 0.8198,
    "regression_loss": 0.5614,
    "rm2": 0.6503,
    "rmse": 0.7497,
    "sd": 0.7419,
    "spearman": 0.8273,
    "spectral_loss": 0.0
}
                              
                              
----------------------------------------
Epoch 093 with LR 0.000100: Model Results
----------------------------------------
Train MSE Loss: 0.1690, Train CLS Loss: 0.0000, Train MCLS Loss: 0.0000
Protein Cluster Region Loss - Ortho Loss: 0.0000, Cluster Loss: 0.0000
                              
Validation Results: {
    "ci": 0.8331,
    "classification_loss": 0.0,
    "cluster_loss": 0.0,
    "mae": 0.4925,
    "mse": 0.5485,
    "multiclassification_loss": 0.0,
    "ortho_loss": 0.0,
    "pearson": 0.8356,
    "regression_loss": 0.5461,
    "rm2": 0.6655,
    "rmse": 0.7406,
    "sd": 0.7244,
    "spearman": 0.8314,
    "spectral_loss": 0.0
}
                              
Test Results: {
    "ci": 0.8295,
    "classification_loss": 0.0,
    "cluster_loss": 0.0,
    "mae": 0.5002,
    "mse": 0.562,
    "multiclassification_loss": 0.0,
    "ortho_loss": 0.0,
    "pearson": 0.8198,
    "regression_loss": 0.5614,
    "rm2": 0.6503,
    "rmse": 0.7497,
    "sd": 0.7419,
    "spearman": 0.8273,
    "spectral_loss": 0.0
}
                              
                              
----------------------------------------
Epoch 094 with LR 0.000100: Model Results
----------------------------------------
Train MSE Loss: 0.1690, Train CLS Loss: 0.0000, Train MCLS Loss: 0.0000
Protein Cluster Region Loss - Ortho Loss: 0.0000, Cluster Loss: 0.0000
                              
Validation Results: {
    "ci": 0.8299,
    "classification_loss": 0.0,
    "cluster_loss": 0.0,
    "mae": 0.4929,
    "mse": 0.5493,
    "multiclassification_loss": 0.0,
    "ortho_loss": 0.0,
    "pearson": 0.8318,
    "regression_loss": 0.547,
    "rm2": 0.6869,
    "rmse": 0.7412,
    "sd": 0.7319,
    "spearman": 0.825,
    "spectral_loss": 0.0
}
                              
Test Results: {
    "ci": 0.8295,
    "classification_loss": 0.0,
    "cluster_loss": 0.0,
    "mae": 0.5002,
    "mse": 0.562,
    "multiclassification_loss": 0.0,
    "ortho_loss": 0.0,
    "pearson": 0.8198,
    "regression_loss": 0.5614,
    "rm2": 0.6503,
    "rmse": 0.7497,
    "sd": 0.7419,
    "spearman": 0.8273,
    "spectral_loss": 0.0
}
                              
                              
----------------------------------------
Epoch 095 with LR 0.000100: Model Results
----------------------------------------
Train MSE Loss: 0.1668, Train CLS Loss: 0.0000, Train MCLS Loss: 0.0000
Protein Cluster Region Loss - Ortho Loss: 0.0000, Cluster Loss: 0.0000
                              
Validation Results: {
    "ci": 0.8297,
    "classification_loss": 0.0,
    "cluster_loss": 0.0,
    "mae": 0.4918,
    "mse": 0.5421,
    "multiclassification_loss": 0.0,
    "ortho_loss": 0.0,
    "pearson": 0.8315,
    "regression_loss": 0.5398,
    "rm2": 0.6729,
    "rmse": 0.7363,
    "sd": 0.7325,
    "spearman": 0.8253,
    "spectral_loss": 0.0
}
                              
Test Results: {
    "ci": 0.8295,
    "classification_loss": 0.0,
    "cluster_loss": 0.0,
    "mae": 0.5002,
    "mse": 0.562,
    "multiclassification_loss": 0.0,
    "ortho_loss": 0.0,
    "pearson": 0.8198,
    "regression_loss": 0.5614,
    "rm2": 0.6503,
    "rmse": 0.7497,
    "sd": 0.7419,
    "spearman": 0.8273,
    "spectral_loss": 0.0
}
                              
                              
----------------------------------------
Epoch 096 with LR 0.000100: Model Results
----------------------------------------
Train MSE Loss: 0.1652, Train CLS Loss: 0.0000, Train MCLS Loss: 0.0000
Protein Cluster Region Loss - Ortho Loss: 0.0000, Cluster Loss: 0.0000
                              
Validation Results: {
    "ci": 0.828,
    "classification_loss": 0.0,
    "cluster_loss": 0.0,
    "mae": 0.5007,
    "mse": 0.5688,
    "multiclassification_loss": 0.0,
    "ortho_loss": 0.0,
    "pearson": 0.8268,
    "regression_loss": 0.5664,
    "rm2": 0.6513,
    "rmse": 0.7542,
    "sd": 0.7417,
    "spearman": 0.8218,
    "spectral_loss": 0.0
}
                              
Test Results: {
    "ci": 0.8295,
    "classification_loss": 0.0,
    "cluster_loss": 0.0,
    "mae": 0.5002,
    "mse": 0.562,
    "multiclassification_loss": 0.0,
    "ortho_loss": 0.0,
    "pearson": 0.8198,
    "regression_loss": 0.5614,
    "rm2": 0.6503,
    "rmse": 0.7497,
    "sd": 0.7419,
    "spearman": 0.8273,
    "spectral_loss": 0.0
}
                              
                              
----------------------------------------
Epoch 097 with LR 0.000100: Model Results
----------------------------------------
Train MSE Loss: 0.1648, Train CLS Loss: 0.0000, Train MCLS Loss: 0.0000
Protein Cluster Region Loss - Ortho Loss: 0.0000, Cluster Loss: 0.0000
                              
Validation Results: {
    "ci": 0.8324,
    "classification_loss": 0.0,
    "cluster_loss": 0.0,
    "mae": 0.4867,
    "mse": 0.5305,
    "multiclassification_loss": 0.0,
    "ortho_loss": 0.0,
    "pearson": 0.837,
    "regression_loss": 0.5283,
    "rm2": 0.671,
    "rmse": 0.7284,
    "sd": 0.7217,
    "spearman": 0.8304,
    "spectral_loss": 0.0
}
                              
Test Results: {
    "ci": 0.8295,
    "classification_loss": 0.0,
    "cluster_loss": 0.0,
    "mae": 0.5002,
    "mse": 0.562,
    "multiclassification_loss": 0.0,
    "ortho_loss": 0.0,
    "pearson": 0.8198,
    "regression_loss": 0.5614,
    "rm2": 0.6503,
    "rmse": 0.7497,
    "sd": 0.7419,
    "spearman": 0.8273,
    "spectral_loss": 0.0
}
                              
                              
----------------------------------------
Epoch 098 with LR 0.000100: Model Results
----------------------------------------
Train MSE Loss: 0.1627, Train CLS Loss: 0.0000, Train MCLS Loss: 0.0000
Protein Cluster Region Loss - Ortho Loss: 0.0000, Cluster Loss: 0.0000
                              
Validation Results: {
    "ci": 0.8302,
    "classification_loss": 0.0,
    "cluster_loss": 0.0,
    "mae": 0.4953,
    "mse": 0.5613,
    "multiclassification_loss": 0.0,
    "ortho_loss": 0.0,
    "pearson": 0.8303,
    "regression_loss": 0.5588,
    "rm2": 0.6873,
    "rmse": 0.7492,
    "sd": 0.7349,
    "spearman": 0.8247,
    "spectral_loss": 0.0
}
                              
Test Results: {
    "ci": 0.8295,
    "classification_loss": 0.0,
    "cluster_loss": 0.0,
    "mae": 0.5002,
    "mse": 0.562,
    "multiclassification_loss": 0.0,
    "ortho_loss": 0.0,
    "pearson": 0.8198,
    "regression_loss": 0.5614,
    "rm2": 0.6503,
    "rmse": 0.7497,
    "sd": 0.7419,
    "spearman": 0.8273,
    "spectral_loss": 0.0
}
                              
                              
----------------------------------------
Epoch 099 with LR 0.000100: Model Results
----------------------------------------
Train MSE Loss: 0.1601, Train CLS Loss: 0.0000, Train MCLS Loss: 0.0000
Protein Cluster Region Loss - Ortho Loss: 0.0000, Cluster Loss: 0.0000
                              
Validation Results: {
    "ci": 0.832,
    "classification_loss": 0.0,
    "cluster_loss": 0.0,
    "mae": 0.4885,
    "mse": 0.5349,
    "multiclassification_loss": 0.0,
    "ortho_loss": 0.0,
    "pearson": 0.8357,
    "regression_loss": 0.5325,
    "rm2": 0.6825,
    "rmse": 0.7314,
    "sd": 0.7241,
    "spearman": 0.8298,
    "spectral_loss": 0.0
}
                              
Test Results: {
    "ci": 0.8295,
    "classification_loss": 0.0,
    "cluster_loss": 0.0,
    "mae": 0.5002,
    "mse": 0.562,
    "multiclassification_loss": 0.0,
    "ortho_loss": 0.0,
    "pearson": 0.8198,
    "regression_loss": 0.5614,
    "rm2": 0.6503,
    "rmse": 0.7497,
    "sd": 0.7419,
    "spearman": 0.8273,
    "spectral_loss": 0.0
}
                              
                              
----------------------------------------
Epoch 100 with LR 0.000100: Model Results
----------------------------------------
Train MSE Loss: 0.1592, Train CLS Loss: 0.0000, Train MCLS Loss: 0.0000
Protein Cluster Region Loss - Ortho Loss: 0.0000, Cluster Loss: 0.0000
                              
Validation Results: {
    "ci": 0.8307,
    "classification_loss": 0.0,
    "cluster_loss": 0.0,
    "mae": 0.4976,
    "mse": 0.544,
    "multiclassification_loss": 0.0,
    "ortho_loss": 0.0,
    "pearson": 0.8354,
    "regression_loss": 0.5417,
    "rm2": 0.6865,
    "rmse": 0.7376,
    "sd": 0.7247,
    "spearman": 0.8286,
    "spectral_loss": 0.0
}
                              
Test Results: {
    "ci": 0.8295,
    "classification_loss": 0.0,
    "cluster_loss": 0.0,
    "mae": 0.5002,
    "mse": 0.562,
    "multiclassification_loss": 0.0,
    "ortho_loss": 0.0,
    "pearson": 0.8198,
    "regression_loss": 0.5614,
    "rm2": 0.6503,
    "rmse": 0.7497,
    "sd": 0.7419,
    "spearman": 0.8273,
    "spectral_loss": 0.0
}
[best epoch] epoch=80, best_rmse=0.7276, lr_at_best=1.000e-04
                              
                              
----------------------------------------
Epoch 100 with LR 0.000100: Model Results
----------------------------------------
Train MSE Loss: 0.1592, Train CLS Loss: 0.0000, Train MCLS Loss: 0.0000
Protein Cluster Region Loss - Ortho Loss: 0.0000, Cluster Loss: 0.0000
                              
Validation Results: {
    "ci": 0.8307,
    "classification_loss": 0.0,
    "cluster_loss": 0.0,
    "mae": 0.4976,
    "mse": 0.544,
    "multiclassification_loss": 0.0,
    "ortho_loss": 0.0,
    "pearson": 0.8354,
    "regression_loss": 0.5417,
    "rm2": 0.6865,
    "rmse": 0.7376,
    "sd": 0.7247,
    "spearman": 0.8286,
    "spectral_loss": 0.0
}
                              
Test Results: {
    "ci": 0.8295,
    "classification_loss": 0.0,
    "cluster_loss": 0.0,
    "mae": 0.5002,
    "mse": 0.562,
    "multiclassification_loss": 0.0,
    "ortho_loss": 0.0,
    "pearson": 0.8198,
    "regression_loss": 0.5614,
    "rm2": 0.6503,
    "rmse": 0.7497,
    "sd": 0.7419,
    "spearman": 0.8273,
    "spectral_loss": 0.0
}
Final test metrics: rmse=0.7497, pearson=0.8198, r2_proxy(mse)=0.5620
Done. Predictions: /sc/arion/projects/DiseaseGeneCell/Huang_lab_project/wangcDrugRepoProject/TRACE_Kin_Results_v3/EITLEM_dataset/EITLEM_km_ProteinCLIP_embedding_cold_protein/test_prediction_seed3.csv; checkpoint: /sc/arion/projects/DiseaseGeneCell/Huang_lab_project/wangcDrugRepoProject/TRACE_Kin_Results_v3/EITLEM_dataset/EITLEM_km_ProteinCLIP_embedding_cold_protein/save_model_seed3/model.pt

==========================================
Array task 2/14: OK (EITLEM_km_ProteinCLIP_embedding_cold_protein)
==========================================


PS:

Read file <242614934.2.stderr> for stderr output of this job.

