Sender: LSF System <lsfadmin@lg05e03>
Subject: Job 242614933[3]: <trace_kin_v3_s2[1-14]> in cluster <chimera> Done

Job <trace_kin_v3_s2[1-14]> was submitted from host <li04e01> by user <wangc40> in cluster <chimera> at Fri May  8 16:46:41 2026
Job was executed on host(s) <16*lg05e03>, in queue <gpu>, as user <wangc40> in cluster <chimera> at Fri May  8 16:46:43 2026
</hpc/users/wangc40> was used as the home directory.
</sc/arion/projects/DiseaseGeneCell/Huang_lab_project/wangcDrugRepoProject/TRACE-Kin> was used as the working directory.
Started at Fri May  8 16:46:43 2026
Terminated at Sat May  9 04:36:42 2026
Results reported at Sat May  9 04:36:42 2026

Your job looked like:

------------------------------------------------------------
# LSBATCH: User input
#!/bin/bash
#BSUB -J trace_kin_v3_s2[1-14]
#BSUB -P acc_DiseaseGeneCell
#BSUB -q gpu
#BSUB -R h100nvl
#BSUB -gpu num=1
#BSUB -n 16
#BSUB -R "rusage[mem=8000]"
#BSUB -R "span[hosts=1]"
#BSUB -W 48:00
#BSUB -o %J.%I.stdout
#BSUB -eo %J.%I.stderr
#BSUB -L /bin/bash

# =============================================================================
# TRACE-Kin v3 rerun — LSF job array
# =============================================================================
# Submit with:
#     bsub < training/run_v3_array.lsf
#
# Or chain off the smoke test (recommended):
#     bsub -w "done(<SMOKE_JOB_ID>)" < training/run_v3_array.lsf
#
# For the multi-seed ensemble (the paper config), submit additional seeds in
# parallel after the SEED=1 array completes (or alongside, as separate jobs):
#     SEED=2 bsub -J "trace_kin_v3_s2[1-14]" < training/run_v3_array.lsf
#     SEED=3 bsub -J "trace_kin_v3_s3[1-14]" < training/run_v3_array.lsf
# After all seeds finish, analysis/aggregate_results.py averages predictions
# across seeds before computing RMSE.
#
# LSF expands #BSUB -J trace_kin_v3[1-14] into 14 array tasks, each with a
# distinct ${LSB_JOBINDEX} in 1..14. The body looks up the per-index
# (dataset_source, dataset_name, pool_paths) tuple from the inline table below
# and invokes train_trace_kin.py with model_version=v3.
#
# The 14 tasks correspond to:
#   * 12 RF-gap targets (catalytic kinetics where v1 trails RF by 1.4%–8.7%)
#   * 2 Ki preservation guards (where v1 already wins, must not regress)
# =============================================================================

# --- Environment -------------------------------------------------------------
# Match the prologue of the proven-working PSICHIC LSFs verbatim — no
# `set -euo pipefail`. Mount Sinai's /etc/profile.d scripts return non-zero
# in places that aren't real errors, and errexit aborts the job before
# module + conda activation can complete.
ml purge
source ~/.bashrc
module load anaconda3/2024.06
source activate test
module load cuda/12.4.0

(... more ...)
------------------------------------------------------------

Successfully completed.

Resource usage summary:

    CPU time :                                   43566.00 sec.
    Max Memory :                                 51608 MB
    Average Memory :                             51298.62 MB
    Total Requested Memory :                     128000.00 MB
    Delta Memory :                               76392.00 MB
    Max Swap :                                   -
    Max Processes :                              4
    Max Threads :                                21
    Run time :                                   42599 sec.
    Turnaround time :                            42601 sec.

The output (if any) follows:

==========================================
TRACE-Kin v3 array task 3/14
==========================================
Date:        Fri May  8 16:46:47 EDT 2026
Dataset:     /sc/arion/projects/DiseaseGeneCell/Huang_lab_project/drug_discovery/output/data/enzyme_embeddings_dataset/MPEK_dataset/MPEK_kcat_ESMv1_embedding_random
Result:      /sc/arion/projects/DiseaseGeneCell/Huang_lab_project/wangcDrugRepoProject/TRACE_Kin_Results_v3/MPEK_dataset/MPEK_kcat_ESMv1_embedding_random
Config:      training/config_v3.json
Pool CSVs:   /sc/arion/projects/DiseaseGeneCell/Huang_lab_project/drug_discovery/output/data/enzyme_embeddings_dataset/EITLEM_dataset/EITLEM_kcat_ESMv1_embedding_random,/sc/arion/projects/DiseaseGeneCell/Huang_lab_project/drug_discovery/output/data/enzyme_embeddings_dataset/catpred_dataset/catpred_kcat_ESMv1_embedding_random
Model:       v3 (dual-head + learned gate)
Epochs:      100, batch=16, seed=2, lr=1e-4
==========================================
Python 3.12.2
Python: /sc/arion/work/wangc40/test-env/envs/test/bin/python
CUDA device: NVIDIA H100 80GB HBM3, sm_90
============================================================
TRACE-Kin training
============================================================
Datafolder:        /sc/arion/projects/DiseaseGeneCell/Huang_lab_project/drug_discovery/output/data/enzyme_embeddings_dataset/MPEK_dataset/MPEK_kcat_ESMv1_embedding_random
Result path:       /sc/arion/projects/DiseaseGeneCell/Huang_lab_project/wangcDrugRepoProject/TRACE_Kin_Results_v3/MPEK_dataset/MPEK_kcat_ESMv1_embedding_random
Config:            training/config_v3.json
Pool train CSVs:   /sc/arion/projects/DiseaseGeneCell/Huang_lab_project/drug_discovery/output/data/enzyme_embeddings_dataset/EITLEM_dataset/EITLEM_kcat_ESMv1_embedding_random,/sc/arion/projects/DiseaseGeneCell/Huang_lab_project/drug_discovery/output/data/enzyme_embeddings_dataset/catpred_dataset/catpred_kcat_ESMv1_embedding_random
============================================================
Loading primary train: /sc/arion/projects/DiseaseGeneCell/Huang_lab_project/drug_discovery/output/data/enzyme_embeddings_dataset/MPEK_dataset/MPEK_kcat_ESMv1_embedding_random/train.parquet
Loading primary test: /sc/arion/projects/DiseaseGeneCell/Huang_lab_project/drug_discovery/output/data/enzyme_embeddings_dataset/MPEK_dataset/MPEK_kcat_ESMv1_embedding_random/test.parquet
Loading primary val: /sc/arion/projects/DiseaseGeneCell/Huang_lab_project/drug_discovery/output/data/enzyme_embeddings_dataset/MPEK_dataset/MPEK_kcat_ESMv1_embedding_random/val.parquet
Pooling additional train from: /sc/arion/projects/DiseaseGeneCell/Huang_lab_project/drug_discovery/output/data/enzyme_embeddings_dataset/EITLEM_dataset/EITLEM_kcat_ESMv1_embedding_random/train.parquet
Pooling additional train from: /sc/arion/projects/DiseaseGeneCell/Huang_lab_project/drug_discovery/output/data/enzyme_embeddings_dataset/catpred_dataset/catpred_kcat_ESMv1_embedding_random/train.parquet
Pooled training set: 14314 -> 60951 rows from 2 extra dataset(s).
Detected prot_evo_channels = 1280
seq2feat: 16831 unique sequences.
model_version: v3, use_swa: False
Reusing protein cache: /sc/arion/projects/DiseaseGeneCell/Huang_lab_project/drug_discovery/output/data/enzyme_embeddings_dataset/MPEK_dataset/MPEK_kcat_ESMv1_embedding_random/protein.pt
Reusing ligand cache: /sc/arion/projects/DiseaseGeneCell/Huang_lab_project/drug_discovery/output/data/enzyme_embeddings_dataset/MPEK_dataset/MPEK_kcat_ESMv1_embedding_random/ligand.pt
loaders ready: train=3810 test=112 val=112
Built TraceKinV3 with 7,976,475 parameters
[LR schedule] schedule_lr=False, lrate=0.0001, min_lrate=0, warmup_iters=0, lr_decay_iters=381000, total_iters=381000
Not in terminal, reprint now using normal build-in print function.
                              
                              
----------------------------------------
Epoch 001 with LR 0.000100: Model Results
----------------------------------------
Train MSE Loss: 1.8154, Train CLS Loss: 0.0000, Train MCLS Loss: 0.0000
Protein Cluster Region Loss - Ortho Loss: 0.0000, Cluster Loss: 0.0000
                              
Validation Results: {
    "ci": 0.7302,
    "classification_loss": 0.0,
    "cluster_loss": 0.0,
    "mae": 0.9165,
    "mse": 1.4287,
    "multiclassification_loss": 0.0,
    "ortho_loss": 0.0,
    "pearson": 0.6405,
    "regression_loss": 1.429,
    "rm2": 0.3744,
    "rmse": 1.1953,
    "sd": 1.1798,
    "spearman": 0.6374,
    "spectral_loss": 0.0
}
                              
Test Results: {
    "ci": 0.7386,
    "classification_loss": 0.0,
    "cluster_loss": 0.0,
    "mae": 0.883,
    "mse": 1.3301,
    "multiclassification_loss": 0.0,
    "ortho_loss": 0.0,
    "pearson": 0.651,
    "regression_loss": 1.33,
    "rm2": 0.3892,
    "rmse": 1.1533,
    "sd": 1.1411,
    "spearman": 0.6576,
    "spectral_loss": 0.0
}
                              
                              
----------------------------------------
Epoch 002 with LR 0.000100: Model Results
----------------------------------------
Train MSE Loss: 1.4318, Train CLS Loss: 0.0000, Train MCLS Loss: 0.0000
Protein Cluster Region Loss - Ortho Loss: 0.0000, Cluster Loss: 0.0000
                              
Validation Results: {
    "ci": 0.7597,
    "classification_loss": 0.0,
    "cluster_loss": 0.0,
    "mae": 0.8091,
    "mse": 1.1955,
    "multiclassification_loss": 0.0,
    "ortho_loss": 0.0,
    "pearson": 0.7026,
    "regression_loss": 1.1954,
    "rm2": 0.4882,
    "rmse": 1.0934,
    "sd": 1.0931,
    "spearman": 0.701,
    "spectral_loss": 0.0
}
                              
Test Results: {
    "ci": 0.7633,
    "classification_loss": 0.0,
    "cluster_loss": 0.0,
    "mae": 0.791,
    "mse": 1.1848,
    "multiclassification_loss": 0.0,
    "ortho_loss": 0.0,
    "pearson": 0.6913,
    "regression_loss": 1.1843,
    "rm2": 0.4696,
    "rmse": 1.0885,
    "sd": 1.0862,
    "spearman": 0.7061,
    "spectral_loss": 0.0
}
                              
                              
----------------------------------------
Epoch 003 with LR 0.000100: Model Results
----------------------------------------
Train MSE Loss: 1.2179, Train CLS Loss: 0.0000, Train MCLS Loss: 0.0000
Protein Cluster Region Loss - Ortho Loss: 0.0000, Cluster Loss: 0.0000
                              
Validation Results: {
    "ci": 0.7695,
    "classification_loss": 0.0,
    "cluster_loss": 0.0,
    "mae": 0.7714,
    "mse": 1.1184,
    "multiclassification_loss": 0.0,
    "ortho_loss": 0.0,
    "pearson": 0.7252,
    "regression_loss": 1.1182,
    "rm2": 0.5227,
    "rmse": 1.0576,
    "sd": 1.0578,
    "spearman": 0.7193,
    "spectral_loss": 0.0
}
                              
Test Results: {
    "ci": 0.7789,
    "classification_loss": 0.0,
    "cluster_loss": 0.0,
    "mae": 0.7467,
    "mse": 1.0858,
    "multiclassification_loss": 0.0,
    "ortho_loss": 0.0,
    "pearson": 0.7207,
    "regression_loss": 1.0851,
    "rm2": 0.5167,
    "rmse": 1.042,
    "sd": 1.0421,
    "spearman": 0.738,
    "spectral_loss": 0.0
}
                              
                              
----------------------------------------
Epoch 004 with LR 0.000100: Model Results
----------------------------------------
Train MSE Loss: 1.0812, Train CLS Loss: 0.0000, Train MCLS Loss: 0.0000
Protein Cluster Region Loss - Ortho Loss: 0.0000, Cluster Loss: 0.0000
                              
Validation Results: {
    "ci": 0.7817,
    "classification_loss": 0.0,
    "cluster_loss": 0.0,
    "mae": 0.7402,
    "mse": 1.0305,
    "multiclassification_loss": 0.0,
    "ortho_loss": 0.0,
    "pearson": 0.7512,
    "regression_loss": 1.0301,
    "rm2": 0.5546,
    "rmse": 1.0152,
    "sd": 1.0141,
    "spearman": 0.7461,
    "spectral_loss": 0.0
}
                              
Test Results: {
    "ci": 0.7836,
    "classification_loss": 0.0,
    "cluster_loss": 0.0,
    "mae": 0.7316,
    "mse": 1.0362,
    "multiclassification_loss": 0.0,
    "ortho_loss": 0.0,
    "pearson": 0.7358,
    "regression_loss": 1.0356,
    "rm2": 0.5343,
    "rmse": 1.018,
    "sd": 1.018,
    "spearman": 0.7489,
    "spectral_loss": 0.0
}
                              
                              
----------------------------------------
Epoch 005 with LR 0.000100: Model Results
----------------------------------------
Train MSE Loss: 0.9895, Train CLS Loss: 0.0000, Train MCLS Loss: 0.0000
Protein Cluster Region Loss - Ortho Loss: 0.0000, Cluster Loss: 0.0000
                              
Validation Results: {
    "ci": 0.7877,
    "classification_loss": 0.0,
    "cluster_loss": 0.0,
    "mae": 0.7281,
    "mse": 1.0027,
    "multiclassification_loss": 0.0,
    "ortho_loss": 0.0,
    "pearson": 0.7628,
    "regression_loss": 1.003,
    "rm2": 0.5356,
    "rmse": 1.0014,
    "sd": 0.9934,
    "spearman": 0.7574,
    "spectral_loss": 0.0
}
                              
Test Results: {
    "ci": 0.7908,
    "classification_loss": 0.0,
    "cluster_loss": 0.0,
    "mae": 0.7171,
    "mse": 1.0014,
    "multiclassification_loss": 0.0,
    "ortho_loss": 0.0,
    "pearson": 0.7532,
    "regression_loss": 1.0007,
    "rm2": 0.5201,
    "rmse": 1.0007,
    "sd": 0.9889,
    "spearman": 0.7629,
    "spectral_loss": 0.0
}
                              
                              
----------------------------------------
Epoch 006 with LR 0.000100: Model Results
----------------------------------------
Train MSE Loss: 0.9161, Train CLS Loss: 0.0000, Train MCLS Loss: 0.0000
Protein Cluster Region Loss - Ortho Loss: 0.0000, Cluster Loss: 0.0000
                              
Validation Results: {
    "ci": 0.7869,
    "classification_loss": 0.0,
    "cluster_loss": 0.0,
    "mae": 0.7222,
    "mse": 0.9798,
    "multiclassification_loss": 0.0,
    "ortho_loss": 0.0,
    "pearson": 0.7647,
    "regression_loss": 0.9795,
    "rm2": 0.5783,
    "rmse": 0.9898,
    "sd": 0.99,
    "spearman": 0.7563,
    "spectral_loss": 0.0
}
                              
Test Results: {
    "ci": 0.7964,
    "classification_loss": 0.0,
    "cluster_loss": 0.0,
    "mae": 0.6916,
    "mse": 0.9503,
    "multiclassification_loss": 0.0,
    "ortho_loss": 0.0,
    "pearson": 0.7613,
    "regression_loss": 0.9496,
    "rm2": 0.5721,
    "rmse": 0.9748,
    "sd": 0.9747,
    "spearman": 0.7726,
    "spectral_loss": 0.0
}
                              
                              
----------------------------------------
Epoch 007 with LR 0.000100: Model Results
----------------------------------------
Train MSE Loss: 0.8557, Train CLS Loss: 0.0000, Train MCLS Loss: 0.0000
Protein Cluster Region Loss - Ortho Loss: 0.0000, Cluster Loss: 0.0000
                              
Validation Results: {
    "ci": 0.7928,
    "classification_loss": 0.0,
    "cluster_loss": 0.0,
    "mae": 0.7021,
    "mse": 0.9745,
    "multiclassification_loss": 0.0,
    "ortho_loss": 0.0,
    "pearson": 0.7684,
    "regression_loss": 0.9739,
    "rm2": 0.5736,
    "rmse": 0.9871,
    "sd": 0.9832,
    "spearman": 0.7651,
    "spectral_loss": 0.0
}
                              
Test Results: {
    "ci": 0.7975,
    "classification_loss": 0.0,
    "cluster_loss": 0.0,
    "mae": 0.6848,
    "mse": 0.9489,
    "multiclassification_loss": 0.0,
    "ortho_loss": 0.0,
    "pearson": 0.7651,
    "regression_loss": 0.9481,
    "rm2": 0.5688,
    "rmse": 0.9741,
    "sd": 0.9681,
    "spearman": 0.7741,
    "spectral_loss": 0.0
}
                              
                              
----------------------------------------
Epoch 008 with LR 0.000100: Model Results
----------------------------------------
Train MSE Loss: 0.8089, Train CLS Loss: 0.0000, Train MCLS Loss: 0.0000
Protein Cluster Region Loss - Ortho Loss: 0.0000, Cluster Loss: 0.0000
                              
Validation Results: {
    "ci": 0.7999,
    "classification_loss": 0.0,
    "cluster_loss": 0.0,
    "mae": 0.6708,
    "mse": 0.9099,
    "multiclassification_loss": 0.0,
    "ortho_loss": 0.0,
    "pearson": 0.7853,
    "regression_loss": 0.9096,
    "rm2": 0.6145,
    "rmse": 0.9539,
    "sd": 0.9511,
    "spearman": 0.7785,
    "spectral_loss": 0.0
}
                              
Test Results: {
    "ci": 0.7998,
    "classification_loss": 0.0,
    "cluster_loss": 0.0,
    "mae": 0.6686,
    "mse": 0.9098,
    "multiclassification_loss": 0.0,
    "ortho_loss": 0.0,
    "pearson": 0.7758,
    "regression_loss": 0.9093,
    "rm2": 0.6014,
    "rmse": 0.9538,
    "sd": 0.9486,
    "spearman": 0.7777,
    "spectral_loss": 0.0
}
                              
                              
----------------------------------------
Epoch 009 with LR 0.000100: Model Results
----------------------------------------
Train MSE Loss: 0.7711, Train CLS Loss: 0.0000, Train MCLS Loss: 0.0000
Protein Cluster Region Loss - Ortho Loss: 0.0000, Cluster Loss: 0.0000
                              
Validation Results: {
    "ci": 0.7985,
    "classification_loss": 0.0,
    "cluster_loss": 0.0,
    "mae": 0.6774,
    "mse": 0.9012,
    "multiclassification_loss": 0.0,
    "ortho_loss": 0.0,
    "pearson": 0.7874,
    "regression_loss": 0.9016,
    "rm2": 0.6058,
    "rmse": 0.9493,
    "sd": 0.9471,
    "spearman": 0.7785,
    "spectral_loss": 0.0
}
                              
Test Results: {
    "ci": 0.7979,
    "classification_loss": 0.0,
    "cluster_loss": 0.0,
    "mae": 0.6715,
    "mse": 0.9035,
    "multiclassification_loss": 0.0,
    "ortho_loss": 0.0,
    "pearson": 0.7776,
    "regression_loss": 0.9028,
    "rm2": 0.599,
    "rmse": 0.9505,
    "sd": 0.9453,
    "spearman": 0.7752,
    "spectral_loss": 0.0
}
                              
                              
----------------------------------------
Epoch 010 with LR 0.000100: Model Results
----------------------------------------
Train MSE Loss: 0.7370, Train CLS Loss: 0.0000, Train MCLS Loss: 0.0000
Protein Cluster Region Loss - Ortho Loss: 0.0000, Cluster Loss: 0.0000
                              
Validation Results: {
    "ci": 0.8019,
    "classification_loss": 0.0,
    "cluster_loss": 0.0,
    "mae": 0.6825,
    "mse": 0.9074,
    "multiclassification_loss": 0.0,
    "ortho_loss": 0.0,
    "pearson": 0.7877,
    "regression_loss": 0.9078,
    "rm2": 0.5732,
    "rmse": 0.9526,
    "sd": 0.9464,
    "spearman": 0.7837,
    "spectral_loss": 0.0
}
                              
Test Results: {
    "ci": 0.7979,
    "classification_loss": 0.0,
    "cluster_loss": 0.0,
    "mae": 0.6715,
    "mse": 0.9035,
    "multiclassification_loss": 0.0,
    "ortho_loss": 0.0,
    "pearson": 0.7776,
    "regression_loss": 0.9028,
    "rm2": 0.599,
    "rmse": 0.9505,
    "sd": 0.9453,
    "spearman": 0.7752,
    "spectral_loss": 0.0
}
                              
                              
----------------------------------------
Epoch 011 with LR 0.000100: Model Results
----------------------------------------
Train MSE Loss: 0.7124, Train CLS Loss: 0.0000, Train MCLS Loss: 0.0000
Protein Cluster Region Loss - Ortho Loss: 0.0000, Cluster Loss: 0.0000
                              
Validation Results: {
    "ci": 0.8082,
    "classification_loss": 0.0,
    "cluster_loss": 0.0,
    "mae": 0.6539,
    "mse": 0.8549,
    "multiclassification_loss": 0.0,
    "ortho_loss": 0.0,
    "pearson": 0.7985,
    "regression_loss": 0.8552,
    "rm2": 0.6345,
    "rmse": 0.9246,
    "sd": 0.9248,
    "spearman": 0.7954,
    "spectral_loss": 0.0
}
                              
Test Results: {
    "ci": 0.8065,
    "classification_loss": 0.0,
    "cluster_loss": 0.0,
    "mae": 0.6492,
    "mse": 0.8692,
    "multiclassification_loss": 0.0,
    "ortho_loss": 0.0,
    "pearson": 0.7845,
    "regression_loss": 0.8688,
    "rm2": 0.6125,
    "rmse": 0.9323,
    "sd": 0.9323,
    "spearman": 0.7912,
    "spectral_loss": 0.0
}
                              
                              
----------------------------------------
Epoch 012 with LR 0.000100: Model Results
----------------------------------------
Train MSE Loss: 0.6842, Train CLS Loss: 0.0000, Train MCLS Loss: 0.0000
Protein Cluster Region Loss - Ortho Loss: 0.0000, Cluster Loss: 0.0000
                              
Validation Results: {
    "ci": 0.805,
    "classification_loss": 0.0,
    "cluster_loss": 0.0,
    "mae": 0.6569,
    "mse": 0.8641,
    "multiclassification_loss": 0.0,
    "ortho_loss": 0.0,
    "pearson": 0.7966,
    "regression_loss": 0.864,
    "rm2": 0.631,
    "rmse": 0.9296,
    "sd": 0.9287,
    "spearman": 0.7883,
    "spectral_loss": 0.0
}
                              
Test Results: {
    "ci": 0.8065,
    "classification_loss": 0.0,
    "cluster_loss": 0.0,
    "mae": 0.6492,
    "mse": 0.8692,
    "multiclassification_loss": 0.0,
    "ortho_loss": 0.0,
    "pearson": 0.7845,
    "regression_loss": 0.8688,
    "rm2": 0.6125,
    "rmse": 0.9323,
    "sd": 0.9323,
    "spearman": 0.7912,
    "spectral_loss": 0.0
}
                              
                              
----------------------------------------
Epoch 013 with LR 0.000100: Model Results
----------------------------------------
Train MSE Loss: 0.6630, Train CLS Loss: 0.0000, Train MCLS Loss: 0.0000
Protein Cluster Region Loss - Ortho Loss: 0.0000, Cluster Loss: 0.0000
                              
Validation Results: {
    "ci": 0.8109,
    "classification_loss": 0.0,
    "cluster_loss": 0.0,
    "mae": 0.6425,
    "mse": 0.8276,
    "multiclassification_loss": 0.0,
    "ortho_loss": 0.0,
    "pearson": 0.8062,
    "regression_loss": 0.8275,
    "rm2": 0.6373,
    "rmse": 0.9097,
    "sd": 0.9089,
    "spearman": 0.7991,
    "spectral_loss": 0.0
}
                              
Test Results: {
    "ci": 0.8153,
    "classification_loss": 0.0,
    "cluster_loss": 0.0,
    "mae": 0.6262,
    "mse": 0.8098,
    "multiclassification_loss": 0.0,
    "ortho_loss": 0.0,
    "pearson": 0.8017,
    "regression_loss": 0.8091,
    "rm2": 0.6268,
    "rmse": 0.8999,
    "sd": 0.8986,
    "spearman": 0.8062,
    "spectral_loss": 0.0
}
                              
                              
----------------------------------------
Epoch 014 with LR 0.000100: Model Results
----------------------------------------
Train MSE Loss: 0.6457, Train CLS Loss: 0.0000, Train MCLS Loss: 0.0000
Protein Cluster Region Loss - Ortho Loss: 0.0000, Cluster Loss: 0.0000
                              
Validation Results: {
    "ci": 0.8084,
    "classification_loss": 0.0,
    "cluster_loss": 0.0,
    "mae": 0.6584,
    "mse": 0.8624,
    "multiclassification_loss": 0.0,
    "ortho_loss": 0.0,
    "pearson": 0.7978,
    "regression_loss": 0.8622,
    "rm2": 0.6083,
    "rmse": 0.9287,
    "sd": 0.9263,
    "spearman": 0.7954,
    "spectral_loss": 0.0
}
                              
Test Results: {
    "ci": 0.8153,
    "classification_loss": 0.0,
    "cluster_loss": 0.0,
    "mae": 0.6262,
    "mse": 0.8098,
    "multiclassification_loss": 0.0,
    "ortho_loss": 0.0,
    "pearson": 0.8017,
    "regression_loss": 0.8091,
    "rm2": 0.6268,
    "rmse": 0.8999,
    "sd": 0.8986,
    "spearman": 0.8062,
    "spectral_loss": 0.0
}
                              
                              
----------------------------------------
Epoch 015 with LR 0.000100: Model Results
----------------------------------------
Train MSE Loss: 0.6235, Train CLS Loss: 0.0000, Train MCLS Loss: 0.0000
Protein Cluster Region Loss - Ortho Loss: 0.0000, Cluster Loss: 0.0000
                              
Validation Results: {
    "ci": 0.811,
    "classification_loss": 0.0,
    "cluster_loss": 0.0,
    "mae": 0.6448,
    "mse": 0.8495,
    "multiclassification_loss": 0.0,
    "ortho_loss": 0.0,
    "pearson": 0.8029,
    "regression_loss": 0.8496,
    "rm2": 0.6178,
    "rmse": 0.9217,
    "sd": 0.9159,
    "spearman": 0.7993,
    "spectral_loss": 0.0
}
                              
Test Results: {
    "ci": 0.8153,
    "classification_loss": 0.0,
    "cluster_loss": 0.0,
    "mae": 0.6262,
    "mse": 0.8098,
    "multiclassification_loss": 0.0,
    "ortho_loss": 0.0,
    "pearson": 0.8017,
    "regression_loss": 0.8091,
    "rm2": 0.6268,
    "rmse": 0.8999,
    "sd": 0.8986,
    "spearman": 0.8062,
    "spectral_loss": 0.0
}
                              
                              
----------------------------------------
Epoch 016 with LR 0.000100: Model Results
----------------------------------------
Train MSE Loss: 0.6074, Train CLS Loss: 0.0000, Train MCLS Loss: 0.0000
Protein Cluster Region Loss - Ortho Loss: 0.0000, Cluster Loss: 0.0000
                              
Validation Results: {
    "ci": 0.8084,
    "classification_loss": 0.0,
    "cluster_loss": 0.0,
    "mae": 0.6589,
    "mse": 0.8557,
    "multiclassification_loss": 0.0,
    "ortho_loss": 0.0,
    "pearson": 0.8021,
    "regression_loss": 0.8558,
    "rm2": 0.5986,
    "rmse": 0.925,
    "sd": 0.9174,
    "spearman": 0.794,
    "spectral_loss": 0.0
}
                              
Test Results: {
    "ci": 0.8153,
    "classification_loss": 0.0,
    "cluster_loss": 0.0,
    "mae": 0.6262,
    "mse": 0.8098,
    "multiclassification_loss": 0.0,
    "ortho_loss": 0.0,
    "pearson": 0.8017,
    "regression_loss": 0.8091,
    "rm2": 0.6268,
    "rmse": 0.8999,
    "sd": 0.8986,
    "spearman": 0.8062,
    "spectral_loss": 0.0
}
                              
                              
----------------------------------------
Epoch 017 with LR 0.000100: Model Results
----------------------------------------
Train MSE Loss: 0.5971, Train CLS Loss: 0.0000, Train MCLS Loss: 0.0000
Protein Cluster Region Loss - Ortho Loss: 0.0000, Cluster Loss: 0.0000
                              
Validation Results: {
    "ci": 0.8125,
    "classification_loss": 0.0,
    "cluster_loss": 0.0,
    "mae": 0.6317,
    "mse": 0.8268,
    "multiclassification_loss": 0.0,
    "ortho_loss": 0.0,
    "pearson": 0.8065,
    "regression_loss": 0.8266,
    "rm2": 0.6368,
    "rmse": 0.9093,
    "sd": 0.9082,
    "spearman": 0.801,
    "spectral_loss": 0.0
}
                              
Test Results: {
    "ci": 0.8143,
    "classification_loss": 0.0,
    "cluster_loss": 0.0,
    "mae": 0.6231,
    "mse": 0.8344,
    "multiclassification_loss": 0.0,
    "ortho_loss": 0.0,
    "pearson": 0.7952,
    "regression_loss": 0.8338,
    "rm2": 0.6202,
    "rmse": 0.9134,
    "sd": 0.9115,
    "spearman": 0.8015,
    "spectral_loss": 0.0
}
                              
                              
----------------------------------------
Epoch 018 with LR 0.000100: Model Results
----------------------------------------
Train MSE Loss: 0.5823, Train CLS Loss: 0.0000, Train MCLS Loss: 0.0000
Protein Cluster Region Loss - Ortho Loss: 0.0000, Cluster Loss: 0.0000
                              
Validation Results: {
    "ci": 0.8143,
    "classification_loss": 0.0,
    "cluster_loss": 0.0,
    "mae": 0.6329,
    "mse": 0.8258,
    "multiclassification_loss": 0.0,
    "ortho_loss": 0.0,
    "pearson": 0.8077,
    "regression_loss": 0.8263,
    "rm2": 0.6452,
    "rmse": 0.9087,
    "sd": 0.9058,
    "spearman": 0.8055,
    "spectral_loss": 0.0
}
                              
Test Results: {
    "ci": 0.8164,
    "classification_loss": 0.0,
    "cluster_loss": 0.0,
    "mae": 0.6208,
    "mse": 0.7974,
    "multiclassification_loss": 0.0,
    "ortho_loss": 0.0,
    "pearson": 0.8059,
    "regression_loss": 0.7968,
    "rm2": 0.6404,
    "rmse": 0.893,
    "sd": 0.8901,
    "spearman": 0.8082,
    "spectral_loss": 0.0
}
                              
                              
----------------------------------------
Epoch 019 with LR 0.000100: Model Results
----------------------------------------
Train MSE Loss: 0.5718, Train CLS Loss: 0.0000, Train MCLS Loss: 0.0000
Protein Cluster Region Loss - Ortho Loss: 0.0000, Cluster Loss: 0.0000
                              
Validation Results: {
    "ci": 0.8165,
    "classification_loss": 0.0,
    "cluster_loss": 0.0,
    "mae": 0.6337,
    "mse": 0.8187,
    "multiclassification_loss": 0.0,
    "ortho_loss": 0.0,
    "pearson": 0.8112,
    "regression_loss": 0.8186,
    "rm2": 0.6058,
    "rmse": 0.9048,
    "sd": 0.8983,
    "spearman": 0.8075,
    "spectral_loss": 0.0
}
                              
Test Results: {
    "ci": 0.8148,
    "classification_loss": 0.0,
    "cluster_loss": 0.0,
    "mae": 0.6334,
    "mse": 0.8226,
    "multiclassification_loss": 0.0,
    "ortho_loss": 0.0,
    "pearson": 0.8009,
    "regression_loss": 0.8221,
    "rm2": 0.5943,
    "rmse": 0.907,
    "sd": 0.9002,
    "spearman": 0.8019,
    "spectral_loss": 0.0
}
                              
                              
----------------------------------------
Epoch 020 with LR 0.000100: Model Results
----------------------------------------
Train MSE Loss: 0.5601, Train CLS Loss: 0.0000, Train MCLS Loss: 0.0000
Protein Cluster Region Loss - Ortho Loss: 0.0000, Cluster Loss: 0.0000
                              
Validation Results: {
    "ci": 0.816,
    "classification_loss": 0.0,
    "cluster_loss": 0.0,
    "mae": 0.6182,
    "mse": 0.7946,
    "multiclassification_loss": 0.0,
    "ortho_loss": 0.0,
    "pearson": 0.8146,
    "regression_loss": 0.7946,
    "rm2": 0.6541,
    "rmse": 0.8914,
    "sd": 0.8912,
    "spearman": 0.8049,
    "spectral_loss": 0.0
}
                              
Test Results: {
    "ci": 0.8227,
    "classification_loss": 0.0,
    "cluster_loss": 0.0,
    "mae": 0.5997,
    "mse": 0.7657,
    "multiclassification_loss": 0.0,
    "ortho_loss": 0.0,
    "pearson": 0.8134,
    "regression_loss": 0.765,
    "rm2": 0.6481,
    "rmse": 0.875,
    "sd": 0.8746,
    "spearman": 0.8171,
    "spectral_loss": 0.0
}
                              
                              
----------------------------------------
Epoch 021 with LR 0.000100: Model Results
----------------------------------------
Train MSE Loss: 0.5521, Train CLS Loss: 0.0000, Train MCLS Loss: 0.0000
Protein Cluster Region Loss - Ortho Loss: 0.0000, Cluster Loss: 0.0000
                              
Validation Results: {
    "ci": 0.8141,
    "classification_loss": 0.0,
    "cluster_loss": 0.0,
    "mae": 0.6227,
    "mse": 0.8184,
    "multiclassification_loss": 0.0,
    "ortho_loss": 0.0,
    "pearson": 0.8119,
    "regression_loss": 0.8184,
    "rm2": 0.6375,
    "rmse": 0.9047,
    "sd": 0.8968,
    "spearman": 0.803,
    "spectral_loss": 0.0
}
                              
Test Results: {
    "ci": 0.8227,
    "classification_loss": 0.0,
    "cluster_loss": 0.0,
    "mae": 0.5997,
    "mse": 0.7657,
    "multiclassification_loss": 0.0,
    "ortho_loss": 0.0,
    "pearson": 0.8134,
    "regression_loss": 0.765,
    "rm2": 0.6481,
    "rmse": 0.875,
    "sd": 0.8746,
    "spearman": 0.8171,
    "spectral_loss": 0.0
}
                              
                              
----------------------------------------
Epoch 022 with LR 0.000100: Model Results
----------------------------------------
Train MSE Loss: 0.5406, Train CLS Loss: 0.0000, Train MCLS Loss: 0.0000
Protein Cluster Region Loss - Ortho Loss: 0.0000, Cluster Loss: 0.0000
                              
Validation Results: {
    "ci": 0.8151,
    "classification_loss": 0.0,
    "cluster_loss": 0.0,
    "mae": 0.6265,
    "mse": 0.8011,
    "multiclassification_loss": 0.0,
    "ortho_loss": 0.0,
    "pearson": 0.8144,
    "regression_loss": 0.8011,
    "rm2": 0.6283,
    "rmse": 0.895,
    "sd": 0.8914,
    "spearman": 0.8052,
    "spectral_loss": 0.0
}
                              
Test Results: {
    "ci": 0.8227,
    "classification_loss": 0.0,
    "cluster_loss": 0.0,
    "mae": 0.5997,
    "mse": 0.7657,
    "multiclassification_loss": 0.0,
    "ortho_loss": 0.0,
    "pearson": 0.8134,
    "regression_loss": 0.765,
    "rm2": 0.6481,
    "rmse": 0.875,
    "sd": 0.8746,
    "spearman": 0.8171,
    "spectral_loss": 0.0
}
                              
                              
----------------------------------------
Epoch 023 with LR 0.000100: Model Results
----------------------------------------
Train MSE Loss: 0.5338, Train CLS Loss: 0.0000, Train MCLS Loss: 0.0000
Protein Cluster Region Loss - Ortho Loss: 0.0000, Cluster Loss: 0.0000
                              
Validation Results: {
    "ci": 0.8123,
    "classification_loss": 0.0,
    "cluster_loss": 0.0,
    "mae": 0.6245,
    "mse": 0.8195,
    "multiclassification_loss": 0.0,
    "ortho_loss": 0.0,
    "pearson": 0.8097,
    "regression_loss": 0.8193,
    "rm2": 0.6333,
    "rmse": 0.9053,
    "sd": 0.9016,
    "spearman": 0.7988,
    "spectral_loss": 0.0
}
                              
Test Results: {
    "ci": 0.8227,
    "classification_loss": 0.0,
    "cluster_loss": 0.0,
    "mae": 0.5997,
    "mse": 0.7657,
    "multiclassification_loss": 0.0,
    "ortho_loss": 0.0,
    "pearson": 0.8134,
    "regression_loss": 0.765,
    "rm2": 0.6481,
    "rmse": 0.875,
    "sd": 0.8746,
    "spearman": 0.8171,
    "spectral_loss": 0.0
}
                              
                              
----------------------------------------
Epoch 024 with LR 0.000100: Model Results
----------------------------------------
Train MSE Loss: 0.5232, Train CLS Loss: 0.0000, Train MCLS Loss: 0.0000
Protein Cluster Region Loss - Ortho Loss: 0.0000, Cluster Loss: 0.0000
                              
Validation Results: {
    "ci": 0.8191,
    "classification_loss": 0.0,
    "cluster_loss": 0.0,
    "mae": 0.6028,
    "mse": 0.7933,
    "multiclassification_loss": 0.0,
    "ortho_loss": 0.0,
    "pearson": 0.8162,
    "regression_loss": 0.7933,
    "rm2": 0.6653,
    "rmse": 0.8907,
    "sd": 0.8875,
    "spearman": 0.8101,
    "spectral_loss": 0.0
}
                              
Test Results: {
    "ci": 0.8217,
    "classification_loss": 0.0,
    "cluster_loss": 0.0,
    "mae": 0.594,
    "mse": 0.7787,
    "multiclassification_loss": 0.0,
    "ortho_loss": 0.0,
    "pearson": 0.8114,
    "regression_loss": 0.7779,
    "rm2": 0.6529,
    "rmse": 0.8824,
    "sd": 0.8787,
    "spearman": 0.8156,
    "spectral_loss": 0.0
}
                              
                              
----------------------------------------
Epoch 025 with LR 0.000100: Model Results
----------------------------------------
Train MSE Loss: 0.5162, Train CLS Loss: 0.0000, Train MCLS Loss: 0.0000
Protein Cluster Region Loss - Ortho Loss: 0.0000, Cluster Loss: 0.0000
                              
Validation Results: {
    "ci": 0.8147,
    "classification_loss": 0.0,
    "cluster_loss": 0.0,
    "mae": 0.6137,
    "mse": 0.8112,
    "multiclassification_loss": 0.0,
    "ortho_loss": 0.0,
    "pearson": 0.8121,
    "regression_loss": 0.8113,
    "rm2": 0.6428,
    "rmse": 0.9007,
    "sd": 0.8964,
    "spearman": 0.8033,
    "spectral_loss": 0.0
}
                              
Test Results: {
    "ci": 0.8217,
    "classification_loss": 0.0,
    "cluster_loss": 0.0,
    "mae": 0.594,
    "mse": 0.7787,
    "multiclassification_loss": 0.0,
    "ortho_loss": 0.0,
    "pearson": 0.8114,
    "regression_loss": 0.7779,
    "rm2": 0.6529,
    "rmse": 0.8824,
    "sd": 0.8787,
    "spearman": 0.8156,
    "spectral_loss": 0.0
}
                              
                              
----------------------------------------
Epoch 026 with LR 0.000100: Model Results
----------------------------------------
Train MSE Loss: 0.5114, Train CLS Loss: 0.0000, Train MCLS Loss: 0.0000
Protein Cluster Region Loss - Ortho Loss: 0.0000, Cluster Loss: 0.0000
                              
Validation Results: {
    "ci": 0.8165,
    "classification_loss": 0.0,
    "cluster_loss": 0.0,
    "mae": 0.6177,
    "mse": 0.8207,
    "multiclassification_loss": 0.0,
    "ortho_loss": 0.0,
    "pearson": 0.8157,
    "regression_loss": 0.8207,
    "rm2": 0.632,
    "rmse": 0.9059,
    "sd": 0.8887,
    "spearman": 0.808,
    "spectral_loss": 0.0
}
                              
Test Results: {
    "ci": 0.8217,
    "classification_loss": 0.0,
    "cluster_loss": 0.0,
    "mae": 0.594,
    "mse": 0.7787,
    "multiclassification_loss": 0.0,
    "ortho_loss": 0.0,
    "pearson": 0.8114,
    "regression_loss": 0.7779,
    "rm2": 0.6529,
    "rmse": 0.8824,
    "sd": 0.8787,
    "spearman": 0.8156,
    "spectral_loss": 0.0
}
                              
                              
----------------------------------------
Epoch 027 with LR 0.000100: Model Results
----------------------------------------
Train MSE Loss: 0.5033, Train CLS Loss: 0.0000, Train MCLS Loss: 0.0000
Protein Cluster Region Loss - Ortho Loss: 0.0000, Cluster Loss: 0.0000
                              
Validation Results: {
    "ci": 0.8186,
    "classification_loss": 0.0,
    "cluster_loss": 0.0,
    "mae": 0.6117,
    "mse": 0.793,
    "multiclassification_loss": 0.0,
    "ortho_loss": 0.0,
    "pearson": 0.8162,
    "regression_loss": 0.7931,
    "rm2": 0.6433,
    "rmse": 0.8905,
    "sd": 0.8876,
    "spearman": 0.8093,
    "spectral_loss": 0.0
}
                              
Test Results: {
    "ci": 0.8227,
    "classification_loss": 0.0,
    "cluster_loss": 0.0,
    "mae": 0.5926,
    "mse": 0.7662,
    "multiclassification_loss": 0.0,
    "ortho_loss": 0.0,
    "pearson": 0.8143,
    "regression_loss": 0.7656,
    "rm2": 0.6406,
    "rmse": 0.8753,
    "sd": 0.8727,
    "spearman": 0.8168,
    "spectral_loss": 0.0
}
                              
                              
----------------------------------------
Epoch 028 with LR 0.000100: Model Results
----------------------------------------
Train MSE Loss: 0.4987, Train CLS Loss: 0.0000, Train MCLS Loss: 0.0000
Protein Cluster Region Loss - Ortho Loss: 0.0000, Cluster Loss: 0.0000
                              
Validation Results: {
    "ci": 0.8168,
    "classification_loss": 0.0,
    "cluster_loss": 0.0,
    "mae": 0.6163,
    "mse": 0.8352,
    "multiclassification_loss": 0.0,
    "ortho_loss": 0.0,
    "pearson": 0.8123,
    "regression_loss": 0.8355,
    "rm2": 0.6199,
    "rmse": 0.9139,
    "sd": 0.8959,
    "spearman": 0.8063,
    "spectral_loss": 0.0
}
                              
Test Results: {
    "ci": 0.8227,
    "classification_loss": 0.0,
    "cluster_loss": 0.0,
    "mae": 0.5926,
    "mse": 0.7662,
    "multiclassification_loss": 0.0,
    "ortho_loss": 0.0,
    "pearson": 0.8143,
    "regression_loss": 0.7656,
    "rm2": 0.6406,
    "rmse": 0.8753,
    "sd": 0.8727,
    "spearman": 0.8168,
    "spectral_loss": 0.0
}
                              
                              
----------------------------------------
Epoch 029 with LR 0.000100: Model Results
----------------------------------------
Train MSE Loss: 0.4909, Train CLS Loss: 0.0000, Train MCLS Loss: 0.0000
Protein Cluster Region Loss - Ortho Loss: 0.0000, Cluster Loss: 0.0000
                              
Validation Results: {
    "ci": 0.8214,
    "classification_loss": 0.0,
    "cluster_loss": 0.0,
    "mae": 0.6022,
    "mse": 0.787,
    "multiclassification_loss": 0.0,
    "ortho_loss": 0.0,
    "pearson": 0.8187,
    "regression_loss": 0.7868,
    "rm2": 0.655,
    "rmse": 0.8871,
    "sd": 0.8822,
    "spearman": 0.8145,
    "spectral_loss": 0.0
}
                              
Test Results: {
    "ci": 0.8257,
    "classification_loss": 0.0,
    "cluster_loss": 0.0,
    "mae": 0.5812,
    "mse": 0.7476,
    "multiclassification_loss": 0.0,
    "ortho_loss": 0.0,
    "pearson": 0.8203,
    "regression_loss": 0.7471,
    "rm2": 0.6518,
    "rmse": 0.8647,
    "sd": 0.8599,
    "spearman": 0.8234,
    "spectral_loss": 0.0
}
                              
                              
----------------------------------------
Epoch 030 with LR 0.000100: Model Results
----------------------------------------
Train MSE Loss: 0.4859, Train CLS Loss: 0.0000, Train MCLS Loss: 0.0000
Protein Cluster Region Loss - Ortho Loss: 0.0000, Cluster Loss: 0.0000
                              
Validation Results: {
    "ci": 0.8203,
    "classification_loss": 0.0,
    "cluster_loss": 0.0,
    "mae": 0.5985,
    "mse": 0.7746,
    "multiclassification_loss": 0.0,
    "ortho_loss": 0.0,
    "pearson": 0.8225,
    "regression_loss": 0.7748,
    "rm2": 0.6589,
    "rmse": 0.8801,
    "sd": 0.8737,
    "spearman": 0.8127,
    "spectral_loss": 0.0
}
                              
Test Results: {
    "ci": 0.8238,
    "classification_loss": 0.0,
    "cluster_loss": 0.0,
    "mae": 0.5876,
    "mse": 0.7654,
    "multiclassification_loss": 0.0,
    "ortho_loss": 0.0,
    "pearson": 0.8168,
    "regression_loss": 0.7649,
    "rm2": 0.6461,
    "rmse": 0.8749,
    "sd": 0.8672,
    "spearman": 0.8196,
    "spectral_loss": 0.0
}
                              
                              
----------------------------------------
Epoch 031 with LR 0.000100: Model Results
----------------------------------------
Train MSE Loss: 0.4796, Train CLS Loss: 0.0000, Train MCLS Loss: 0.0000
Protein Cluster Region Loss - Ortho Loss: 0.0000, Cluster Loss: 0.0000
                              
Validation Results: {
    "ci": 0.8212,
    "classification_loss": 0.0,
    "cluster_loss": 0.0,
    "mae": 0.5974,
    "mse": 0.776,
    "multiclassification_loss": 0.0,
    "ortho_loss": 0.0,
    "pearson": 0.8203,
    "regression_loss": 0.7762,
    "rm2": 0.6638,
    "rmse": 0.8809,
    "sd": 0.8787,
    "spearman": 0.8149,
    "spectral_loss": 0.0
}
                              
Test Results: {
    "ci": 0.8238,
    "classification_loss": 0.0,
    "cluster_loss": 0.0,
    "mae": 0.5876,
    "mse": 0.7654,
    "multiclassification_loss": 0.0,
    "ortho_loss": 0.0,
    "pearson": 0.8168,
    "regression_loss": 0.7649,
    "rm2": 0.6461,
    "rmse": 0.8749,
    "sd": 0.8672,
    "spearman": 0.8196,
    "spectral_loss": 0.0
}
                              
                              
----------------------------------------
Epoch 032 with LR 0.000100: Model Results
----------------------------------------
Train MSE Loss: 0.4755, Train CLS Loss: 0.0000, Train MCLS Loss: 0.0000
Protein Cluster Region Loss - Ortho Loss: 0.0000, Cluster Loss: 0.0000
                              
Validation Results: {
    "ci": 0.8222,
    "classification_loss": 0.0,
    "cluster_loss": 0.0,
    "mae": 0.5915,
    "mse": 0.7737,
    "multiclassification_loss": 0.0,
    "ortho_loss": 0.0,
    "pearson": 0.822,
    "regression_loss": 0.7737,
    "rm2": 0.6721,
    "rmse": 0.8796,
    "sd": 0.8748,
    "spearman": 0.8158,
    "spectral_loss": 0.0
}
                              
Test Results: {
    "ci": 0.8258,
    "classification_loss": 0.0,
    "cluster_loss": 0.0,
    "mae": 0.5769,
    "mse": 0.7475,
    "multiclassification_loss": 0.0,
    "ortho_loss": 0.0,
    "pearson": 0.82,
    "regression_loss": 0.747,
    "rm2": 0.6722,
    "rmse": 0.8646,
    "sd": 0.8605,
    "spearman": 0.822,
    "spectral_loss": 0.0
}
                              
                              
----------------------------------------
Epoch 033 with LR 0.000100: Model Results
----------------------------------------
Train MSE Loss: 0.4705, Train CLS Loss: 0.0000, Train MCLS Loss: 0.0000
Protein Cluster Region Loss - Ortho Loss: 0.0000, Cluster Loss: 0.0000
                              
Validation Results: {
    "ci": 0.8243,
    "classification_loss": 0.0,
    "cluster_loss": 0.0,
    "mae": 0.586,
    "mse": 0.7748,
    "multiclassification_loss": 0.0,
    "ortho_loss": 0.0,
    "pearson": 0.823,
    "regression_loss": 0.7749,
    "rm2": 0.6506,
    "rmse": 0.8802,
    "sd": 0.8727,
    "spearman": 0.8181,
    "spectral_loss": 0.0
}
                              
Test Results: {
    "ci": 0.8258,
    "classification_loss": 0.0,
    "cluster_loss": 0.0,
    "mae": 0.5769,
    "mse": 0.7475,
    "multiclassification_loss": 0.0,
    "ortho_loss": 0.0,
    "pearson": 0.82,
    "regression_loss": 0.747,
    "rm2": 0.6722,
    "rmse": 0.8646,
    "sd": 0.8605,
    "spearman": 0.822,
    "spectral_loss": 0.0
}
                              
                              
----------------------------------------
Epoch 034 with LR 0.000100: Model Results
----------------------------------------
Train MSE Loss: 0.4638, Train CLS Loss: 0.0000, Train MCLS Loss: 0.0000
Protein Cluster Region Loss - Ortho Loss: 0.0000, Cluster Loss: 0.0000
                              
Validation Results: {
    "ci": 0.8223,
    "classification_loss": 0.0,
    "cluster_loss": 0.0,
    "mae": 0.5901,
    "mse": 0.7784,
    "multiclassification_loss": 0.0,
    "ortho_loss": 0.0,
    "pearson": 0.8218,
    "regression_loss": 0.7789,
    "rm2": 0.6679,
    "rmse": 0.8823,
    "sd": 0.8753,
    "spearman": 0.8149,
    "spectral_loss": 0.0
}
                              
Test Results: {
    "ci": 0.8258,
    "classification_loss": 0.0,
    "cluster_loss": 0.0,
    "mae": 0.5769,
    "mse": 0.7475,
    "multiclassification_loss": 0.0,
    "ortho_loss": 0.0,
    "pearson": 0.82,
    "regression_loss": 0.747,
    "rm2": 0.6722,
    "rmse": 0.8646,
    "sd": 0.8605,
    "spearman": 0.822,
    "spectral_loss": 0.0
}
                              
                              
----------------------------------------
Epoch 035 with LR 0.000100: Model Results
----------------------------------------
Train MSE Loss: 0.4626, Train CLS Loss: 0.0000, Train MCLS Loss: 0.0000
Protein Cluster Region Loss - Ortho Loss: 0.0000, Cluster Loss: 0.0000
                              
Validation Results: {
    "ci": 0.8205,
    "classification_loss": 0.0,
    "cluster_loss": 0.0,
    "mae": 0.5967,
    "mse": 0.785,
    "multiclassification_loss": 0.0,
    "ortho_loss": 0.0,
    "pearson": 0.8197,
    "regression_loss": 0.7854,
    "rm2": 0.6524,
    "rmse": 0.886,
    "sd": 0.8799,
    "spearman": 0.8106,
    "spectral_loss": 0.0
}
                              
Test Results: {
    "ci": 0.8258,
    "classification_loss": 0.0,
    "cluster_loss": 0.0,
    "mae": 0.5769,
    "mse": 0.7475,
    "multiclassification_loss": 0.0,
    "ortho_loss": 0.0,
    "pearson": 0.82,
    "regression_loss": 0.747,
    "rm2": 0.6722,
    "rmse": 0.8646,
    "sd": 0.8605,
    "spearman": 0.822,
    "spectral_loss": 0.0
}
                              
                              
----------------------------------------
Epoch 036 with LR 0.000100: Model Results
----------------------------------------
Train MSE Loss: 0.4552, Train CLS Loss: 0.0000, Train MCLS Loss: 0.0000
Protein Cluster Region Loss - Ortho Loss: 0.0000, Cluster Loss: 0.0000
                              
Validation Results: {
    "ci": 0.8244,
    "classification_loss": 0.0,
    "cluster_loss": 0.0,
    "mae": 0.5823,
    "mse": 0.7689,
    "multiclassification_loss": 0.0,
    "ortho_loss": 0.0,
    "pearson": 0.8237,
    "regression_loss": 0.7692,
    "rm2": 0.6652,
    "rmse": 0.8769,
    "sd": 0.8712,
    "spearman": 0.8174,
    "spectral_loss": 0.0
}
                              
Test Results: {
    "ci": 0.8243,
    "classification_loss": 0.0,
    "cluster_loss": 0.0,
    "mae": 0.5793,
    "mse": 0.7603,
    "multiclassification_loss": 0.0,
    "ortho_loss": 0.0,
    "pearson": 0.8178,
    "regression_loss": 0.7597,
    "rm2": 0.6563,
    "rmse": 0.872,
    "sd": 0.8653,
    "spearman": 0.817,
    "spectral_loss": 0.0
}
                              
                              
----------------------------------------
Epoch 037 with LR 0.000100: Model Results
----------------------------------------
Train MSE Loss: 0.4535, Train CLS Loss: 0.0000, Train MCLS Loss: 0.0000
Protein Cluster Region Loss - Ortho Loss: 0.0000, Cluster Loss: 0.0000
                              
Validation Results: {
    "ci": 0.8203,
    "classification_loss": 0.0,
    "cluster_loss": 0.0,
    "mae": 0.5944,
    "mse": 0.7879,
    "multiclassification_loss": 0.0,
    "ortho_loss": 0.0,
    "pearson": 0.819,
    "regression_loss": 0.7882,
    "rm2": 0.6685,
    "rmse": 0.8876,
    "sd": 0.8814,
    "spearman": 0.8101,
    "spectral_loss": 0.0
}
                              
Test Results: {
    "ci": 0.8243,
    "classification_loss": 0.0,
    "cluster_loss": 0.0,
    "mae": 0.5793,
    "mse": 0.7603,
    "multiclassification_loss": 0.0,
    "ortho_loss": 0.0,
    "pearson": 0.8178,
    "regression_loss": 0.7597,
    "rm2": 0.6563,
    "rmse": 0.872,
    "sd": 0.8653,
    "spearman": 0.817,
    "spectral_loss": 0.0
}
                              
                              
----------------------------------------
Epoch 038 with LR 0.000100: Model Results
----------------------------------------
Train MSE Loss: 0.4510, Train CLS Loss: 0.0000, Train MCLS Loss: 0.0000
Protein Cluster Region Loss - Ortho Loss: 0.0000, Cluster Loss: 0.0000
                              
Validation Results: {
    "ci": 0.8213,
    "classification_loss": 0.0,
    "cluster_loss": 0.0,
    "mae": 0.5913,
    "mse": 0.7725,
    "multiclassification_loss": 0.0,
    "ortho_loss": 0.0,
    "pearson": 0.8219,
    "regression_loss": 0.7729,
    "rm2": 0.664,
    "rmse": 0.8789,
    "sd": 0.875,
    "spearman": 0.8142,
    "spectral_loss": 0.0
}
                              
Test Results: {
    "ci": 0.8243,
    "classification_loss": 0.0,
    "cluster_loss": 0.0,
    "mae": 0.5793,
    "mse": 0.7603,
    "multiclassification_loss": 0.0,
    "ortho_loss": 0.0,
    "pearson": 0.8178,
    "regression_loss": 0.7597,
    "rm2": 0.6563,
    "rmse": 0.872,
    "sd": 0.8653,
    "spearman": 0.817,
    "spectral_loss": 0.0
}
                              
                              
----------------------------------------
Epoch 039 with LR 0.000100: Model Results
----------------------------------------
Train MSE Loss: 0.4457, Train CLS Loss: 0.0000, Train MCLS Loss: 0.0000
Protein Cluster Region Loss - Ortho Loss: 0.0000, Cluster Loss: 0.0000
                              
Validation Results: {
    "ci": 0.8181,
    "classification_loss": 0.0,
    "cluster_loss": 0.0,
    "mae": 0.6027,
    "mse": 0.8052,
    "multiclassification_loss": 0.0,
    "ortho_loss": 0.0,
    "pearson": 0.8143,
    "regression_loss": 0.8053,
    "rm2": 0.6355,
    "rmse": 0.8974,
    "sd": 0.8917,
    "spearman": 0.8069,
    "spectral_loss": 0.0
}
                              
Test Results: {
    "ci": 0.8243,
    "classification_loss": 0.0,
    "cluster_loss": 0.0,
    "mae": 0.5793,
    "mse": 0.7603,
    "multiclassification_loss": 0.0,
    "ortho_loss": 0.0,
    "pearson": 0.8178,
    "regression_loss": 0.7597,
    "rm2": 0.6563,
    "rmse": 0.872,
    "sd": 0.8653,
    "spearman": 0.817,
    "spectral_loss": 0.0
}
                              
                              
----------------------------------------
Epoch 040 with LR 0.000100: Model Results
----------------------------------------
Train MSE Loss: 0.4426, Train CLS Loss: 0.0000, Train MCLS Loss: 0.0000
Protein Cluster Region Loss - Ortho Loss: 0.0000, Cluster Loss: 0.0000
                              
Validation Results: {
    "ci": 0.8205,
    "classification_loss": 0.0,
    "cluster_loss": 0.0,
    "mae": 0.5944,
    "mse": 0.7756,
    "multiclassification_loss": 0.0,
    "ortho_loss": 0.0,
    "pearson": 0.8206,
    "regression_loss": 0.7763,
    "rm2": 0.6607,
    "rmse": 0.8807,
    "sd": 0.8779,
    "spearman": 0.8114,
    "spectral_loss": 0.0
}
                              
Test Results: {
    "ci": 0.8243,
    "classification_loss": 0.0,
    "cluster_loss": 0.0,
    "mae": 0.5793,
    "mse": 0.7603,
    "multiclassification_loss": 0.0,
    "ortho_loss": 0.0,
    "pearson": 0.8178,
    "regression_loss": 0.7597,
    "rm2": 0.6563,
    "rmse": 0.872,
    "sd": 0.8653,
    "spearman": 0.817,
    "spectral_loss": 0.0
}
                              
                              
----------------------------------------
Epoch 041 with LR 0.000100: Model Results
----------------------------------------
Train MSE Loss: 0.4385, Train CLS Loss: 0.0000, Train MCLS Loss: 0.0000
Protein Cluster Region Loss - Ortho Loss: 0.0000, Cluster Loss: 0.0000
                              
Validation Results: {
    "ci": 0.8238,
    "classification_loss": 0.0,
    "cluster_loss": 0.0,
    "mae": 0.5849,
    "mse": 0.7763,
    "multiclassification_loss": 0.0,
    "ortho_loss": 0.0,
    "pearson": 0.821,
    "regression_loss": 0.7761,
    "rm2": 0.6611,
    "rmse": 0.8811,
    "sd": 0.8771,
    "spearman": 0.815,
    "spectral_loss": 0.0
}
                              
Test Results: {
    "ci": 0.8243,
    "classification_loss": 0.0,
    "cluster_loss": 0.0,
    "mae": 0.5793,
    "mse": 0.7603,
    "multiclassification_loss": 0.0,
    "ortho_loss": 0.0,
    "pearson": 0.8178,
    "regression_loss": 0.7597,
    "rm2": 0.6563,
    "rmse": 0.872,
    "sd": 0.8653,
    "spearman": 0.817,
    "spectral_loss": 0.0
}
                              
                              
----------------------------------------
Epoch 042 with LR 0.000100: Model Results
----------------------------------------
Train MSE Loss: 0.4368, Train CLS Loss: 0.0000, Train MCLS Loss: 0.0000
Protein Cluster Region Loss - Ortho Loss: 0.0000, Cluster Loss: 0.0000
                              
Validation Results: {
    "ci": 0.8253,
    "classification_loss": 0.0,
    "cluster_loss": 0.0,
    "mae": 0.584,
    "mse": 0.7588,
    "multiclassification_loss": 0.0,
    "ortho_loss": 0.0,
    "pearson": 0.8245,
    "regression_loss": 0.7588,
    "rm2": 0.6661,
    "rmse": 0.8711,
    "sd": 0.8693,
    "spearman": 0.8198,
    "spectral_loss": 0.0
}
                              
Test Results: {
    "ci": 0.8263,
    "classification_loss": 0.0,
    "cluster_loss": 0.0,
    "mae": 0.5744,
    "mse": 0.724,
    "multiclassification_loss": 0.0,
    "ortho_loss": 0.0,
    "pearson": 0.825,
    "regression_loss": 0.7235,
    "rm2": 0.6722,
    "rmse": 0.8509,
    "sd": 0.8496,
    "spearman": 0.8208,
    "spectral_loss": 0.0
}
                              
                              
----------------------------------------
Epoch 043 with LR 0.000100: Model Results
----------------------------------------
Train MSE Loss: 0.4335, Train CLS Loss: 0.0000, Train MCLS Loss: 0.0000
Protein Cluster Region Loss - Ortho Loss: 0.0000, Cluster Loss: 0.0000
                              
Validation Results: {
    "ci": 0.8243,
    "classification_loss": 0.0,
    "cluster_loss": 0.0,
    "mae": 0.584,
    "mse": 0.7745,
    "multiclassification_loss": 0.0,
    "ortho_loss": 0.0,
    "pearson": 0.8228,
    "regression_loss": 0.7746,
    "rm2": 0.6763,
    "rmse": 0.88,
    "sd": 0.8731,
    "spearman": 0.8182,
    "spectral_loss": 0.0
}
                              
Test Results: {
    "ci": 0.8263,
    "classification_loss": 0.0,
    "cluster_loss": 0.0,
    "mae": 0.5744,
    "mse": 0.724,
    "multiclassification_loss": 0.0,
    "ortho_loss": 0.0,
    "pearson": 0.825,
    "regression_loss": 0.7235,
    "rm2": 0.6722,
    "rmse": 0.8509,
    "sd": 0.8496,
    "spearman": 0.8208,
    "spectral_loss": 0.0
}
                              
                              
----------------------------------------
Epoch 044 with LR 0.000100: Model Results
----------------------------------------
Train MSE Loss: 0.4316, Train CLS Loss: 0.0000, Train MCLS Loss: 0.0000
Protein Cluster Region Loss - Ortho Loss: 0.0000, Cluster Loss: 0.0000
                              
Validation Results: {
    "ci": 0.8225,
    "classification_loss": 0.0,
    "cluster_loss": 0.0,
    "mae": 0.5908,
    "mse": 0.7731,
    "multiclassification_loss": 0.0,
    "ortho_loss": 0.0,
    "pearson": 0.8213,
    "regression_loss": 0.7735,
    "rm2": 0.6727,
    "rmse": 0.8792,
    "sd": 0.8764,
    "spearman": 0.8155,
    "spectral_loss": 0.0
}
                              
Test Results: {
    "ci": 0.8263,
    "classification_loss": 0.0,
    "cluster_loss": 0.0,
    "mae": 0.5744,
    "mse": 0.724,
    "multiclassification_loss": 0.0,
    "ortho_loss": 0.0,
    "pearson": 0.825,
    "regression_loss": 0.7235,
    "rm2": 0.6722,
    "rmse": 0.8509,
    "sd": 0.8496,
    "spearman": 0.8208,
    "spectral_loss": 0.0
}
                              
                              
----------------------------------------
Epoch 045 with LR 0.000100: Model Results
----------------------------------------
Train MSE Loss: 0.4287, Train CLS Loss: 0.0000, Train MCLS Loss: 0.0000
Protein Cluster Region Loss - Ortho Loss: 0.0000, Cluster Loss: 0.0000
                              
Validation Results: {
    "ci": 0.8237,
    "classification_loss": 0.0,
    "cluster_loss": 0.0,
    "mae": 0.5851,
    "mse": 0.7649,
    "multiclassification_loss": 0.0,
    "ortho_loss": 0.0,
    "pearson": 0.8246,
    "regression_loss": 0.7655,
    "rm2": 0.6718,
    "rmse": 0.8746,
    "sd": 0.8691,
    "spearman": 0.8177,
    "spectral_loss": 0.0
}
                              
Test Results: {
    "ci": 0.8263,
    "classification_loss": 0.0,
    "cluster_loss": 0.0,
    "mae": 0.5744,
    "mse": 0.724,
    "multiclassification_loss": 0.0,
    "ortho_loss": 0.0,
    "pearson": 0.825,
    "regression_loss": 0.7235,
    "rm2": 0.6722,
    "rmse": 0.8509,
    "sd": 0.8496,
    "spearman": 0.8208,
    "spectral_loss": 0.0
}
                              
                              
----------------------------------------
Epoch 046 with LR 0.000100: Model Results
----------------------------------------
Train MSE Loss: 0.4249, Train CLS Loss: 0.0000, Train MCLS Loss: 0.0000
Protein Cluster Region Loss - Ortho Loss: 0.0000, Cluster Loss: 0.0000
                              
Validation Results: {
    "ci": 0.8242,
    "classification_loss": 0.0,
    "cluster_loss": 0.0,
    "mae": 0.5883,
    "mse": 0.7712,
    "multiclassification_loss": 0.0,
    "ortho_loss": 0.0,
    "pearson": 0.8234,
    "regression_loss": 0.7713,
    "rm2": 0.657,
    "rmse": 0.8782,
    "sd": 0.8718,
    "spearman": 0.8165,
    "spectral_loss": 0.0
}
                              
Test Results: {
    "ci": 0.8263,
    "classification_loss": 0.0,
    "cluster_loss": 0.0,
    "mae": 0.5744,
    "mse": 0.724,
    "multiclassification_loss": 0.0,
    "ortho_loss": 0.0,
    "pearson": 0.825,
    "regression_loss": 0.7235,
    "rm2": 0.6722,
    "rmse": 0.8509,
    "sd": 0.8496,
    "spearman": 0.8208,
    "spectral_loss": 0.0
}
                              
                              
----------------------------------------
Epoch 047 with LR 0.000100: Model Results
----------------------------------------
Train MSE Loss: 0.4214, Train CLS Loss: 0.0000, Train MCLS Loss: 0.0000
Protein Cluster Region Loss - Ortho Loss: 0.0000, Cluster Loss: 0.0000
                              
Validation Results: {
    "ci": 0.824,
    "classification_loss": 0.0,
    "cluster_loss": 0.0,
    "mae": 0.5851,
    "mse": 0.7709,
    "multiclassification_loss": 0.0,
    "ortho_loss": 0.0,
    "pearson": 0.8235,
    "regression_loss": 0.7712,
    "rm2": 0.667,
    "rmse": 0.878,
    "sd": 0.8715,
    "spearman": 0.8165,
    "spectral_loss": 0.0
}
                              
Test Results: {
    "ci": 0.8263,
    "classification_loss": 0.0,
    "cluster_loss": 0.0,
    "mae": 0.5744,
    "mse": 0.724,
    "multiclassification_loss": 0.0,
    "ortho_loss": 0.0,
    "pearson": 0.825,
    "regression_loss": 0.7235,
    "rm2": 0.6722,
    "rmse": 0.8509,
    "sd": 0.8496,
    "spearman": 0.8208,
    "spectral_loss": 0.0
}
                              
                              
----------------------------------------
Epoch 048 with LR 0.000100: Model Results
----------------------------------------
Train MSE Loss: 0.4192, Train CLS Loss: 0.0000, Train MCLS Loss: 0.0000
Protein Cluster Region Loss - Ortho Loss: 0.0000, Cluster Loss: 0.0000
                              
Validation Results: {
    "ci": 0.823,
    "classification_loss": 0.0,
    "cluster_loss": 0.0,
    "mae": 0.604,
    "mse": 0.789,
    "multiclassification_loss": 0.0,
    "ortho_loss": 0.0,
    "pearson": 0.8205,
    "regression_loss": 0.7889,
    "rm2": 0.6163,
    "rmse": 0.8882,
    "sd": 0.8781,
    "spearman": 0.8163,
    "spectral_loss": 0.0
}
                              
Test Results: {
    "ci": 0.8263,
    "classification_loss": 0.0,
    "cluster_loss": 0.0,
    "mae": 0.5744,
    "mse": 0.724,
    "multiclassification_loss": 0.0,
    "ortho_loss": 0.0,
    "pearson": 0.825,
    "regression_loss": 0.7235,
    "rm2": 0.6722,
    "rmse": 0.8509,
    "sd": 0.8496,
    "spearman": 0.8208,
    "spectral_loss": 0.0
}
                              
                              
----------------------------------------
Epoch 049 with LR 0.000100: Model Results
----------------------------------------
Train MSE Loss: 0.4164, Train CLS Loss: 0.0000, Train MCLS Loss: 0.0000
Protein Cluster Region Loss - Ortho Loss: 0.0000, Cluster Loss: 0.0000
                              
Validation Results: {
    "ci": 0.8218,
    "classification_loss": 0.0,
    "cluster_loss": 0.0,
    "mae": 0.5946,
    "mse": 0.773,
    "multiclassification_loss": 0.0,
    "ortho_loss": 0.0,
    "pearson": 0.8212,
    "regression_loss": 0.7733,
    "rm2": 0.6549,
    "rmse": 0.8792,
    "sd": 0.8766,
    "spearman": 0.8131,
    "spectral_loss": 0.0
}
                              
Test Results: {
    "ci": 0.8263,
    "classification_loss": 0.0,
    "cluster_loss": 0.0,
    "mae": 0.5744,
    "mse": 0.724,
    "multiclassification_loss": 0.0,
    "ortho_loss": 0.0,
    "pearson": 0.825,
    "regression_loss": 0.7235,
    "rm2": 0.6722,
    "rmse": 0.8509,
    "sd": 0.8496,
    "spearman": 0.8208,
    "spectral_loss": 0.0
}
                              
                              
----------------------------------------
Epoch 050 with LR 0.000100: Model Results
----------------------------------------
Train MSE Loss: 0.4140, Train CLS Loss: 0.0000, Train MCLS Loss: 0.0000
Protein Cluster Region Loss - Ortho Loss: 0.0000, Cluster Loss: 0.0000
                              
Validation Results: {
    "ci": 0.8233,
    "classification_loss": 0.0,
    "cluster_loss": 0.0,
    "mae": 0.5825,
    "mse": 0.7657,
    "multiclassification_loss": 0.0,
    "ortho_loss": 0.0,
    "pearson": 0.8231,
    "regression_loss": 0.7659,
    "rm2": 0.6722,
    "rmse": 0.8751,
    "sd": 0.8725,
    "spearman": 0.8159,
    "spectral_loss": 0.0
}
                              
Test Results: {
    "ci": 0.8263,
    "classification_loss": 0.0,
    "cluster_loss": 0.0,
    "mae": 0.5744,
    "mse": 0.724,
    "multiclassification_loss": 0.0,
    "ortho_loss": 0.0,
    "pearson": 0.825,
    "regression_loss": 0.7235,
    "rm2": 0.6722,
    "rmse": 0.8509,
    "sd": 0.8496,
    "spearman": 0.8208,
    "spectral_loss": 0.0
}
                              
                              
----------------------------------------
Epoch 051 with LR 0.000100: Model Results
----------------------------------------
Train MSE Loss: 0.4129, Train CLS Loss: 0.0000, Train MCLS Loss: 0.0000
Protein Cluster Region Loss - Ortho Loss: 0.0000, Cluster Loss: 0.0000
                              
Validation Results: {
    "ci": 0.8269,
    "classification_loss": 0.0,
    "cluster_loss": 0.0,
    "mae": 0.5818,
    "mse": 0.7633,
    "multiclassification_loss": 0.0,
    "ortho_loss": 0.0,
    "pearson": 0.8247,
    "regression_loss": 0.7638,
    "rm2": 0.6551,
    "rmse": 0.8737,
    "sd": 0.869,
    "spearman": 0.8207,
    "spectral_loss": 0.0
}
                              
Test Results: {
    "ci": 0.8263,
    "classification_loss": 0.0,
    "cluster_loss": 0.0,
    "mae": 0.5744,
    "mse": 0.724,
    "multiclassification_loss": 0.0,
    "ortho_loss": 0.0,
    "pearson": 0.825,
    "regression_loss": 0.7235,
    "rm2": 0.6722,
    "rmse": 0.8509,
    "sd": 0.8496,
    "spearman": 0.8208,
    "spectral_loss": 0.0
}
                              
                              
----------------------------------------
Epoch 052 with LR 0.000100: Model Results
----------------------------------------
Train MSE Loss: 0.4109, Train CLS Loss: 0.0000, Train MCLS Loss: 0.0000
Protein Cluster Region Loss - Ortho Loss: 0.0000, Cluster Loss: 0.0000
                              
Validation Results: {
    "ci": 0.8255,
    "classification_loss": 0.0,
    "cluster_loss": 0.0,
    "mae": 0.5878,
    "mse": 0.7686,
    "multiclassification_loss": 0.0,
    "ortho_loss": 0.0,
    "pearson": 0.8224,
    "regression_loss": 0.7689,
    "rm2": 0.6492,
    "rmse": 0.8767,
    "sd": 0.874,
    "spearman": 0.8179,
    "spectral_loss": 0.0
}
                              
Test Results: {
    "ci": 0.8263,
    "classification_loss": 0.0,
    "cluster_loss": 0.0,
    "mae": 0.5744,
    "mse": 0.724,
    "multiclassification_loss": 0.0,
    "ortho_loss": 0.0,
    "pearson": 0.825,
    "regression_loss": 0.7235,
    "rm2": 0.6722,
    "rmse": 0.8509,
    "sd": 0.8496,
    "spearman": 0.8208,
    "spectral_loss": 0.0
}
                              
                              
----------------------------------------
Epoch 053 with LR 0.000100: Model Results
----------------------------------------
Train MSE Loss: 0.4083, Train CLS Loss: 0.0000, Train MCLS Loss: 0.0000
Protein Cluster Region Loss - Ortho Loss: 0.0000, Cluster Loss: 0.0000
                              
Validation Results: {
    "ci": 0.8244,
    "classification_loss": 0.0,
    "cluster_loss": 0.0,
    "mae": 0.5805,
    "mse": 0.7686,
    "multiclassification_loss": 0.0,
    "ortho_loss": 0.0,
    "pearson": 0.823,
    "regression_loss": 0.7687,
    "rm2": 0.666,
    "rmse": 0.8767,
    "sd": 0.8726,
    "spearman": 0.8166,
    "spectral_loss": 0.0
}
                              
Test Results: {
    "ci": 0.8263,
    "classification_loss": 0.0,
    "cluster_loss": 0.0,
    "mae": 0.5744,
    "mse": 0.724,
    "multiclassification_loss": 0.0,
    "ortho_loss": 0.0,
    "pearson": 0.825,
    "regression_loss": 0.7235,
    "rm2": 0.6722,
    "rmse": 0.8509,
    "sd": 0.8496,
    "spearman": 0.8208,
    "spectral_loss": 0.0
}
                              
                              
----------------------------------------
Epoch 054 with LR 0.000100: Model Results
----------------------------------------
Train MSE Loss: 0.4060, Train CLS Loss: 0.0000, Train MCLS Loss: 0.0000
Protein Cluster Region Loss - Ortho Loss: 0.0000, Cluster Loss: 0.0000
                              
Validation Results: {
    "ci": 0.8241,
    "classification_loss": 0.0,
    "cluster_loss": 0.0,
    "mae": 0.5866,
    "mse": 0.7666,
    "multiclassification_loss": 0.0,
    "ortho_loss": 0.0,
    "pearson": 0.8247,
    "regression_loss": 0.7669,
    "rm2": 0.6512,
    "rmse": 0.8756,
    "sd": 0.8689,
    "spearman": 0.817,
    "spectral_loss": 0.0
}
                              
Test Results: {
    "ci": 0.8263,
    "classification_loss": 0.0,
    "cluster_loss": 0.0,
    "mae": 0.5744,
    "mse": 0.724,
    "multiclassification_loss": 0.0,
    "ortho_loss": 0.0,
    "pearson": 0.825,
    "regression_loss": 0.7235,
    "rm2": 0.6722,
    "rmse": 0.8509,
    "sd": 0.8496,
    "spearman": 0.8208,
    "spectral_loss": 0.0
}
                              
                              
----------------------------------------
Epoch 055 with LR 0.000100: Model Results
----------------------------------------
Train MSE Loss: 0.4039, Train CLS Loss: 0.0000, Train MCLS Loss: 0.0000
Protein Cluster Region Loss - Ortho Loss: 0.0000, Cluster Loss: 0.0000
                              
Validation Results: {
    "ci": 0.8262,
    "classification_loss": 0.0,
    "cluster_loss": 0.0,
    "mae": 0.5785,
    "mse": 0.7674,
    "multiclassification_loss": 0.0,
    "ortho_loss": 0.0,
    "pearson": 0.8267,
    "regression_loss": 0.7678,
    "rm2": 0.6737,
    "rmse": 0.876,
    "sd": 0.8643,
    "spearman": 0.8205,
    "spectral_loss": 0.0
}
                              
Test Results: {
    "ci": 0.8263,
    "classification_loss": 0.0,
    "cluster_loss": 0.0,
    "mae": 0.5744,
    "mse": 0.724,
    "multiclassification_loss": 0.0,
    "ortho_loss": 0.0,
    "pearson": 0.825,
    "regression_loss": 0.7235,
    "rm2": 0.6722,
    "rmse": 0.8509,
    "sd": 0.8496,
    "spearman": 0.8208,
    "spectral_loss": 0.0
}
                              
                              
----------------------------------------
Epoch 056 with LR 0.000100: Model Results
----------------------------------------
Train MSE Loss: 0.4029, Train CLS Loss: 0.0000, Train MCLS Loss: 0.0000
Protein Cluster Region Loss - Ortho Loss: 0.0000, Cluster Loss: 0.0000
                              
Validation Results: {
    "ci": 0.8259,
    "classification_loss": 0.0,
    "cluster_loss": 0.0,
    "mae": 0.5783,
    "mse": 0.7645,
    "multiclassification_loss": 0.0,
    "ortho_loss": 0.0,
    "pearson": 0.8247,
    "regression_loss": 0.7648,
    "rm2": 0.662,
    "rmse": 0.8744,
    "sd": 0.8688,
    "spearman": 0.8196,
    "spectral_loss": 0.0
}
                              
Test Results: {
    "ci": 0.8263,
    "classification_loss": 0.0,
    "cluster_loss": 0.0,
    "mae": 0.5744,
    "mse": 0.724,
    "multiclassification_loss": 0.0,
    "ortho_loss": 0.0,
    "pearson": 0.825,
    "regression_loss": 0.7235,
    "rm2": 0.6722,
    "rmse": 0.8509,
    "sd": 0.8496,
    "spearman": 0.8208,
    "spectral_loss": 0.0
}
                              
                              
----------------------------------------
Epoch 057 with LR 0.000100: Model Results
----------------------------------------
Train MSE Loss: 0.3995, Train CLS Loss: 0.0000, Train MCLS Loss: 0.0000
Protein Cluster Region Loss - Ortho Loss: 0.0000, Cluster Loss: 0.0000
                              
Validation Results: {
    "ci": 0.8257,
    "classification_loss": 0.0,
    "cluster_loss": 0.0,
    "mae": 0.5771,
    "mse": 0.7502,
    "multiclassification_loss": 0.0,
    "ortho_loss": 0.0,
    "pearson": 0.8282,
    "regression_loss": 0.7504,
    "rm2": 0.6618,
    "rmse": 0.8661,
    "sd": 0.861,
    "spearman": 0.8189,
    "spectral_loss": 0.0
}
                              
Test Results: {
    "ci": 0.83,
    "classification_loss": 0.0,
    "cluster_loss": 0.0,
    "mae": 0.5585,
    "mse": 0.7106,
    "multiclassification_loss": 0.0,
    "ortho_loss": 0.0,
    "pearson": 0.8286,
    "regression_loss": 0.7102,
    "rm2": 0.6737,
    "rmse": 0.843,
    "sd": 0.8416,
    "spearman": 0.825,
    "spectral_loss": 0.0
}
                              
                              
----------------------------------------
Epoch 058 with LR 0.000100: Model Results
----------------------------------------
Train MSE Loss: 0.3987, Train CLS Loss: 0.0000, Train MCLS Loss: 0.0000
Protein Cluster Region Loss - Ortho Loss: 0.0000, Cluster Loss: 0.0000
                              
Validation Results: {
    "ci": 0.8256,
    "classification_loss": 0.0,
    "cluster_loss": 0.0,
    "mae": 0.5778,
    "mse": 0.7673,
    "multiclassification_loss": 0.0,
    "ortho_loss": 0.0,
    "pearson": 0.8233,
    "regression_loss": 0.7678,
    "rm2": 0.6724,
    "rmse": 0.876,
    "sd": 0.872,
    "spearman": 0.8189,
    "spectral_loss": 0.0
}
                              
Test Results: {
    "ci": 0.83,
    "classification_loss": 0.0,
    "cluster_loss": 0.0,
    "mae": 0.5585,
    "mse": 0.7106,
    "multiclassification_loss": 0.0,
    "ortho_loss": 0.0,
    "pearson": 0.8286,
    "regression_loss": 0.7102,
    "rm2": 0.6737,
    "rmse": 0.843,
    "sd": 0.8416,
    "spearman": 0.825,
    "spectral_loss": 0.0
}
                              
                              
----------------------------------------
Epoch 059 with LR 0.000100: Model Results
----------------------------------------
Train MSE Loss: 0.3945, Train CLS Loss: 0.0000, Train MCLS Loss: 0.0000
Protein Cluster Region Loss - Ortho Loss: 0.0000, Cluster Loss: 0.0000
                              
Validation Results: {
    "ci": 0.8251,
    "classification_loss": 0.0,
    "cluster_loss": 0.0,
    "mae": 0.578,
    "mse": 0.7833,
    "multiclassification_loss": 0.0,
    "ortho_loss": 0.0,
    "pearson": 0.8248,
    "regression_loss": 0.7839,
    "rm2": 0.6738,
    "rmse": 0.8851,
    "sd": 0.8686,
    "spearman": 0.8165,
    "spectral_loss": 0.0
}
                              
Test Results: {
    "ci": 0.83,
    "classification_loss": 0.0,
    "cluster_loss": 0.0,
    "mae": 0.5585,
    "mse": 0.7106,
    "multiclassification_loss": 0.0,
    "ortho_loss": 0.0,
    "pearson": 0.8286,
    "regression_loss": 0.7102,
    "rm2": 0.6737,
    "rmse": 0.843,
    "sd": 0.8416,
    "spearman": 0.825,
    "spectral_loss": 0.0
}
                              
                              
----------------------------------------
Epoch 060 with LR 0.000100: Model Results
----------------------------------------
Train MSE Loss: 0.3956, Train CLS Loss: 0.0000, Train MCLS Loss: 0.0000
Protein Cluster Region Loss - Ortho Loss: 0.0000, Cluster Loss: 0.0000
                              
Validation Results: {
    "ci": 0.8283,
    "classification_loss": 0.0,
    "cluster_loss": 0.0,
    "mae": 0.5743,
    "mse": 0.7578,
    "multiclassification_loss": 0.0,
    "ortho_loss": 0.0,
    "pearson": 0.8276,
    "regression_loss": 0.7581,
    "rm2": 0.6613,
    "rmse": 0.8705,
    "sd": 0.8624,
    "spearman": 0.8236,
    "spectral_loss": 0.0
}
                              
Test Results: {
    "ci": 0.83,
    "classification_loss": 0.0,
    "cluster_loss": 0.0,
    "mae": 0.5585,
    "mse": 0.7106,
    "multiclassification_loss": 0.0,
    "ortho_loss": 0.0,
    "pearson": 0.8286,
    "regression_loss": 0.7102,
    "rm2": 0.6737,
    "rmse": 0.843,
    "sd": 0.8416,
    "spearman": 0.825,
    "spectral_loss": 0.0
}
                              
                              
----------------------------------------
Epoch 061 with LR 0.000100: Model Results
----------------------------------------
Train MSE Loss: 0.3937, Train CLS Loss: 0.0000, Train MCLS Loss: 0.0000
Protein Cluster Region Loss - Ortho Loss: 0.0000, Cluster Loss: 0.0000
                              
Validation Results: {
    "ci": 0.8253,
    "classification_loss": 0.0,
    "cluster_loss": 0.0,
    "mae": 0.5805,
    "mse": 0.7671,
    "multiclassification_loss": 0.0,
    "ortho_loss": 0.0,
    "pearson": 0.8245,
    "regression_loss": 0.767,
    "rm2": 0.6499,
    "rmse": 0.8758,
    "sd": 0.8694,
    "spearman": 0.8185,
    "spectral_loss": 0.0
}
                              
Test Results: {
    "ci": 0.83,
    "classification_loss": 0.0,
    "cluster_loss": 0.0,
    "mae": 0.5585,
    "mse": 0.7106,
    "multiclassification_loss": 0.0,
    "ortho_loss": 0.0,
    "pearson": 0.8286,
    "regression_loss": 0.7102,
    "rm2": 0.6737,
    "rmse": 0.843,
    "sd": 0.8416,
    "spearman": 0.825,
    "spectral_loss": 0.0
}
                              
                              
----------------------------------------
Epoch 062 with LR 0.000100: Model Results
----------------------------------------
Train MSE Loss: 0.3938, Train CLS Loss: 0.0000, Train MCLS Loss: 0.0000
Protein Cluster Region Loss - Ortho Loss: 0.0000, Cluster Loss: 0.0000
                              
Validation Results: {
    "ci": 0.8278,
    "classification_loss": 0.0,
    "cluster_loss": 0.0,
    "mae": 0.5758,
    "mse": 0.75,
    "multiclassification_loss": 0.0,
    "ortho_loss": 0.0,
    "pearson": 0.8284,
    "regression_loss": 0.7503,
    "rm2": 0.6652,
    "rmse": 0.866,
    "sd": 0.8605,
    "spearman": 0.8233,
    "spectral_loss": 0.0
}
                              
Test Results: {
    "ci": 0.834,
    "classification_loss": 0.0,
    "cluster_loss": 0.0,
    "mae": 0.547,
    "mse": 0.6918,
    "multiclassification_loss": 0.0,
    "ortho_loss": 0.0,
    "pearson": 0.8343,
    "regression_loss": 0.6913,
    "rm2": 0.6835,
    "rmse": 0.8318,
    "sd": 0.8288,
    "spearman": 0.8323,
    "spectral_loss": 0.0
}
                              
                              
----------------------------------------
Epoch 063 with LR 0.000100: Model Results
----------------------------------------
Train MSE Loss: 0.3908, Train CLS Loss: 0.0000, Train MCLS Loss: 0.0000
Protein Cluster Region Loss - Ortho Loss: 0.0000, Cluster Loss: 0.0000
                              
Validation Results: {
    "ci": 0.8281,
    "classification_loss": 0.0,
    "cluster_loss": 0.0,
    "mae": 0.5685,
    "mse": 0.7636,
    "multiclassification_loss": 0.0,
    "ortho_loss": 0.0,
    "pearson": 0.8269,
    "regression_loss": 0.7639,
    "rm2": 0.6809,
    "rmse": 0.8738,
    "sd": 0.864,
    "spearman": 0.8211,
    "spectral_loss": 0.0
}
                              
Test Results: {
    "ci": 0.834,
    "classification_loss": 0.0,
    "cluster_loss": 0.0,
    "mae": 0.547,
    "mse": 0.6918,
    "multiclassification_loss": 0.0,
    "ortho_loss": 0.0,
    "pearson": 0.8343,
    "regression_loss": 0.6913,
    "rm2": 0.6835,
    "rmse": 0.8318,
    "sd": 0.8288,
    "spearman": 0.8323,
    "spectral_loss": 0.0
}
                              
                              
----------------------------------------
Epoch 064 with LR 0.000100: Model Results
----------------------------------------
Train MSE Loss: 0.3894, Train CLS Loss: 0.0000, Train MCLS Loss: 0.0000
Protein Cluster Region Loss - Ortho Loss: 0.0000, Cluster Loss: 0.0000
                              
Validation Results: {
    "ci": 0.8245,
    "classification_loss": 0.0,
    "cluster_loss": 0.0,
    "mae": 0.5782,
    "mse": 0.767,
    "multiclassification_loss": 0.0,
    "ortho_loss": 0.0,
    "pearson": 0.8257,
    "regression_loss": 0.7674,
    "rm2": 0.6812,
    "rmse": 0.8758,
    "sd": 0.8667,
    "spearman": 0.8164,
    "spectral_loss": 0.0
}
                              
Test Results: {
    "ci": 0.834,
    "classification_loss": 0.0,
    "cluster_loss": 0.0,
    "mae": 0.547,
    "mse": 0.6918,
    "multiclassification_loss": 0.0,
    "ortho_loss": 0.0,
    "pearson": 0.8343,
    "regression_loss": 0.6913,
    "rm2": 0.6835,
    "rmse": 0.8318,
    "sd": 0.8288,
    "spearman": 0.8323,
    "spectral_loss": 0.0
}
                              
                              
----------------------------------------
Epoch 065 with LR 0.000100: Model Results
----------------------------------------
Train MSE Loss: 0.3873, Train CLS Loss: 0.0000, Train MCLS Loss: 0.0000
Protein Cluster Region Loss - Ortho Loss: 0.0000, Cluster Loss: 0.0000
                              
Validation Results: {
    "ci": 0.8201,
    "classification_loss": 0.0,
    "cluster_loss": 0.0,
    "mae": 0.5965,
    "mse": 0.7975,
    "multiclassification_loss": 0.0,
    "ortho_loss": 0.0,
    "pearson": 0.8161,
    "regression_loss": 0.7978,
    "rm2": 0.6413,
    "rmse": 0.893,
    "sd": 0.8878,
    "spearman": 0.8077,
    "spectral_loss": 0.0
}
                              
Test Results: {
    "ci": 0.834,
    "classification_loss": 0.0,
    "cluster_loss": 0.0,
    "mae": 0.547,
    "mse": 0.6918,
    "multiclassification_loss": 0.0,
    "ortho_loss": 0.0,
    "pearson": 0.8343,
    "regression_loss": 0.6913,
    "rm2": 0.6835,
    "rmse": 0.8318,
    "sd": 0.8288,
    "spearman": 0.8323,
    "spectral_loss": 0.0
}
                              
                              
----------------------------------------
Epoch 066 with LR 0.000100: Model Results
----------------------------------------
Train MSE Loss: 0.3857, Train CLS Loss: 0.0000, Train MCLS Loss: 0.0000
Protein Cluster Region Loss - Ortho Loss: 0.0000, Cluster Loss: 0.0000
                              
Validation Results: {
    "ci": 0.8275,
    "classification_loss": 0.0,
    "cluster_loss": 0.0,
    "mae": 0.569,
    "mse": 0.7611,
    "multiclassification_loss": 0.0,
    "ortho_loss": 0.0,
    "pearson": 0.8268,
    "regression_loss": 0.7615,
    "rm2": 0.669,
    "rmse": 0.8724,
    "sd": 0.8642,
    "spearman": 0.8217,
    "spectral_loss": 0.0
}
                              
Test Results: {
    "ci": 0.834,
    "classification_loss": 0.0,
    "cluster_loss": 0.0,
    "mae": 0.547,
    "mse": 0.6918,
    "multiclassification_loss": 0.0,
    "ortho_loss": 0.0,
    "pearson": 0.8343,
    "regression_loss": 0.6913,
    "rm2": 0.6835,
    "rmse": 0.8318,
    "sd": 0.8288,
    "spearman": 0.8323,
    "spectral_loss": 0.0
}
                              
                              
----------------------------------------
Epoch 067 with LR 0.000100: Model Results
----------------------------------------
Train MSE Loss: 0.3847, Train CLS Loss: 0.0000, Train MCLS Loss: 0.0000
Protein Cluster Region Loss - Ortho Loss: 0.0000, Cluster Loss: 0.0000
                              
Validation Results: {
    "ci": 0.8277,
    "classification_loss": 0.0,
    "cluster_loss": 0.0,
    "mae": 0.5715,
    "mse": 0.7628,
    "multiclassification_loss": 0.0,
    "ortho_loss": 0.0,
    "pearson": 0.8249,
    "regression_loss": 0.7631,
    "rm2": 0.6797,
    "rmse": 0.8734,
    "sd": 0.8685,
    "spearman": 0.8208,
    "spectral_loss": 0.0
}
                              
Test Results: {
    "ci": 0.834,
    "classification_loss": 0.0,
    "cluster_loss": 0.0,
    "mae": 0.547,
    "mse": 0.6918,
    "multiclassification_loss": 0.0,
    "ortho_loss": 0.0,
    "pearson": 0.8343,
    "regression_loss": 0.6913,
    "rm2": 0.6835,
    "rmse": 0.8318,
    "sd": 0.8288,
    "spearman": 0.8323,
    "spectral_loss": 0.0
}
                              
                              
----------------------------------------
Epoch 068 with LR 0.000100: Model Results
----------------------------------------
Train MSE Loss: 0.3845, Train CLS Loss: 0.0000, Train MCLS Loss: 0.0000
Protein Cluster Region Loss - Ortho Loss: 0.0000, Cluster Loss: 0.0000
                              
Validation Results: {
    "ci": 0.825,
    "classification_loss": 0.0,
    "cluster_loss": 0.0,
    "mae": 0.5775,
    "mse": 0.7737,
    "multiclassification_loss": 0.0,
    "ortho_loss": 0.0,
    "pearson": 0.8235,
    "regression_loss": 0.7742,
    "rm2": 0.6538,
    "rmse": 0.8796,
    "sd": 0.8715,
    "spearman": 0.817,
    "spectral_loss": 0.0
}
                              
Test Results: {
    "ci": 0.834,
    "classification_loss": 0.0,
    "cluster_loss": 0.0,
    "mae": 0.547,
    "mse": 0.6918,
    "multiclassification_loss": 0.0,
    "ortho_loss": 0.0,
    "pearson": 0.8343,
    "regression_loss": 0.6913,
    "rm2": 0.6835,
    "rmse": 0.8318,
    "sd": 0.8288,
    "spearman": 0.8323,
    "spectral_loss": 0.0
}
                              
                              
----------------------------------------
Epoch 069 with LR 0.000100: Model Results
----------------------------------------
Train MSE Loss: 0.3798, Train CLS Loss: 0.0000, Train MCLS Loss: 0.0000
Protein Cluster Region Loss - Ortho Loss: 0.0000, Cluster Loss: 0.0000
                              
Validation Results: {
    "ci": 0.8292,
    "classification_loss": 0.0,
    "cluster_loss": 0.0,
    "mae": 0.5605,
    "mse": 0.7547,
    "multiclassification_loss": 0.0,
    "ortho_loss": 0.0,
    "pearson": 0.8286,
    "regression_loss": 0.7549,
    "rm2": 0.6785,
    "rmse": 0.8687,
    "sd": 0.8601,
    "spearman": 0.8228,
    "spectral_loss": 0.0
}
                              
Test Results: {
    "ci": 0.834,
    "classification_loss": 0.0,
    "cluster_loss": 0.0,
    "mae": 0.547,
    "mse": 0.6918,
    "multiclassification_loss": 0.0,
    "ortho_loss": 0.0,
    "pearson": 0.8343,
    "regression_loss": 0.6913,
    "rm2": 0.6835,
    "rmse": 0.8318,
    "sd": 0.8288,
    "spearman": 0.8323,
    "spectral_loss": 0.0
}
                              
                              
----------------------------------------
Epoch 070 with LR 0.000100: Model Results
----------------------------------------
Train MSE Loss: 0.3799, Train CLS Loss: 0.0000, Train MCLS Loss: 0.0000
Protein Cluster Region Loss - Ortho Loss: 0.0000, Cluster Loss: 0.0000
                              
Validation Results: {
    "ci": 0.824,
    "classification_loss": 0.0,
    "cluster_loss": 0.0,
    "mae": 0.5783,
    "mse": 0.774,
    "multiclassification_loss": 0.0,
    "ortho_loss": 0.0,
    "pearson": 0.8227,
    "regression_loss": 0.7741,
    "rm2": 0.6603,
    "rmse": 0.8798,
    "sd": 0.8733,
    "spearman": 0.8147,
    "spectral_loss": 0.0
}
                              
Test Results: {
    "ci": 0.834,
    "classification_loss": 0.0,
    "cluster_loss": 0.0,
    "mae": 0.547,
    "mse": 0.6918,
    "multiclassification_loss": 0.0,
    "ortho_loss": 0.0,
    "pearson": 0.8343,
    "regression_loss": 0.6913,
    "rm2": 0.6835,
    "rmse": 0.8318,
    "sd": 0.8288,
    "spearman": 0.8323,
    "spectral_loss": 0.0
}
                              
                              
----------------------------------------
Epoch 071 with LR 0.000100: Model Results
----------------------------------------
Train MSE Loss: 0.3784, Train CLS Loss: 0.0000, Train MCLS Loss: 0.0000
Protein Cluster Region Loss - Ortho Loss: 0.0000, Cluster Loss: 0.0000
                              
Validation Results: {
    "ci": 0.8253,
    "classification_loss": 0.0,
    "cluster_loss": 0.0,
    "mae": 0.5727,
    "mse": 0.7748,
    "multiclassification_loss": 0.0,
    "ortho_loss": 0.0,
    "pearson": 0.8233,
    "regression_loss": 0.7751,
    "rm2": 0.6675,
    "rmse": 0.8802,
    "sd": 0.8721,
    "spearman": 0.8167,
    "spectral_loss": 0.0
}
                              
Test Results: {
    "ci": 0.834,
    "classification_loss": 0.0,
    "cluster_loss": 0.0,
    "mae": 0.547,
    "mse": 0.6918,
    "multiclassification_loss": 0.0,
    "ortho_loss": 0.0,
    "pearson": 0.8343,
    "regression_loss": 0.6913,
    "rm2": 0.6835,
    "rmse": 0.8318,
    "sd": 0.8288,
    "spearman": 0.8323,
    "spectral_loss": 0.0
}
                              
                              
----------------------------------------
Epoch 072 with LR 0.000100: Model Results
----------------------------------------
Train MSE Loss: 0.3763, Train CLS Loss: 0.0000, Train MCLS Loss: 0.0000
Protein Cluster Region Loss - Ortho Loss: 0.0000, Cluster Loss: 0.0000
                              
Validation Results: {
    "ci": 0.8241,
    "classification_loss": 0.0,
    "cluster_loss": 0.0,
    "mae": 0.5792,
    "mse": 0.7793,
    "multiclassification_loss": 0.0,
    "ortho_loss": 0.0,
    "pearson": 0.8232,
    "regression_loss": 0.7797,
    "rm2": 0.6602,
    "rmse": 0.8828,
    "sd": 0.8721,
    "spearman": 0.8154,
    "spectral_loss": 0.0
}
                              
Test Results: {
    "ci": 0.834,
    "classification_loss": 0.0,
    "cluster_loss": 0.0,
    "mae": 0.547,
    "mse": 0.6918,
    "multiclassification_loss": 0.0,
    "ortho_loss": 0.0,
    "pearson": 0.8343,
    "regression_loss": 0.6913,
    "rm2": 0.6835,
    "rmse": 0.8318,
    "sd": 0.8288,
    "spearman": 0.8323,
    "spectral_loss": 0.0
}
                              
                              
----------------------------------------
Epoch 073 with LR 0.000100: Model Results
----------------------------------------
Train MSE Loss: 0.3770, Train CLS Loss: 0.0000, Train MCLS Loss: 0.0000
Protein Cluster Region Loss - Ortho Loss: 0.0000, Cluster Loss: 0.0000
                              
Validation Results: {
    "ci": 0.827,
    "classification_loss": 0.0,
    "cluster_loss": 0.0,
    "mae": 0.5766,
    "mse": 0.754,
    "multiclassification_loss": 0.0,
    "ortho_loss": 0.0,
    "pearson": 0.8263,
    "regression_loss": 0.7542,
    "rm2": 0.6566,
    "rmse": 0.8683,
    "sd": 0.8652,
    "spearman": 0.8208,
    "spectral_loss": 0.0
}
                              
Test Results: {
    "ci": 0.834,
    "classification_loss": 0.0,
    "cluster_loss": 0.0,
    "mae": 0.547,
    "mse": 0.6918,
    "multiclassification_loss": 0.0,
    "ortho_loss": 0.0,
    "pearson": 0.8343,
    "regression_loss": 0.6913,
    "rm2": 0.6835,
    "rmse": 0.8318,
    "sd": 0.8288,
    "spearman": 0.8323,
    "spectral_loss": 0.0
}
                              
                              
----------------------------------------
Epoch 074 with LR 0.000100: Model Results
----------------------------------------
Train MSE Loss: 0.3745, Train CLS Loss: 0.0000, Train MCLS Loss: 0.0000
Protein Cluster Region Loss - Ortho Loss: 0.0000, Cluster Loss: 0.0000
                              
Validation Results: {
    "ci": 0.8266,
    "classification_loss": 0.0,
    "cluster_loss": 0.0,
    "mae": 0.5749,
    "mse": 0.7682,
    "multiclassification_loss": 0.0,
    "ortho_loss": 0.0,
    "pearson": 0.8245,
    "regression_loss": 0.7684,
    "rm2": 0.6758,
    "rmse": 0.8765,
    "sd": 0.8694,
    "spearman": 0.8192,
    "spectral_loss": 0.0
}
                              
Test Results: {
    "ci": 0.834,
    "classification_loss": 0.0,
    "cluster_loss": 0.0,
    "mae": 0.547,
    "mse": 0.6918,
    "multiclassification_loss": 0.0,
    "ortho_loss": 0.0,
    "pearson": 0.8343,
    "regression_loss": 0.6913,
    "rm2": 0.6835,
    "rmse": 0.8318,
    "sd": 0.8288,
    "spearman": 0.8323,
    "spectral_loss": 0.0
}
                              
                              
----------------------------------------
Epoch 075 with LR 0.000100: Model Results
----------------------------------------
Train MSE Loss: 0.3731, Train CLS Loss: 0.0000, Train MCLS Loss: 0.0000
Protein Cluster Region Loss - Ortho Loss: 0.0000, Cluster Loss: 0.0000
                              
Validation Results: {
    "ci": 0.8261,
    "classification_loss": 0.0,
    "cluster_loss": 0.0,
    "mae": 0.5774,
    "mse": 0.7835,
    "multiclassification_loss": 0.0,
    "ortho_loss": 0.0,
    "pearson": 0.8249,
    "regression_loss": 0.7841,
    "rm2": 0.658,
    "rmse": 0.8851,
    "sd": 0.8684,
    "spearman": 0.8189,
    "spectral_loss": 0.0
}
                              
Test Results: {
    "ci": 0.834,
    "classification_loss": 0.0,
    "cluster_loss": 0.0,
    "mae": 0.547,
    "mse": 0.6918,
    "multiclassification_loss": 0.0,
    "ortho_loss": 0.0,
    "pearson": 0.8343,
    "regression_loss": 0.6913,
    "rm2": 0.6835,
    "rmse": 0.8318,
    "sd": 0.8288,
    "spearman": 0.8323,
    "spectral_loss": 0.0
}
                              
                              
----------------------------------------
Epoch 076 with LR 0.000100: Model Results
----------------------------------------
Train MSE Loss: 0.3728, Train CLS Loss: 0.0000, Train MCLS Loss: 0.0000
Protein Cluster Region Loss - Ortho Loss: 0.0000, Cluster Loss: 0.0000
                              
Validation Results: {
    "ci": 0.8251,
    "classification_loss": 0.0,
    "cluster_loss": 0.0,
    "mae": 0.5752,
    "mse": 0.7645,
    "multiclassification_loss": 0.0,
    "ortho_loss": 0.0,
    "pearson": 0.8244,
    "regression_loss": 0.7648,
    "rm2": 0.6596,
    "rmse": 0.8743,
    "sd": 0.8696,
    "spearman": 0.8171,
    "spectral_loss": 0.0
}
                              
Test Results: {
    "ci": 0.834,
    "classification_loss": 0.0,
    "cluster_loss": 0.0,
    "mae": 0.547,
    "mse": 0.6918,
    "multiclassification_loss": 0.0,
    "ortho_loss": 0.0,
    "pearson": 0.8343,
    "regression_loss": 0.6913,
    "rm2": 0.6835,
    "rmse": 0.8318,
    "sd": 0.8288,
    "spearman": 0.8323,
    "spectral_loss": 0.0
}
                              
                              
----------------------------------------
Epoch 077 with LR 0.000100: Model Results
----------------------------------------
Train MSE Loss: 0.3700, Train CLS Loss: 0.0000, Train MCLS Loss: 0.0000
Protein Cluster Region Loss - Ortho Loss: 0.0000, Cluster Loss: 0.0000
                              
Validation Results: {
    "ci": 0.8273,
    "classification_loss": 0.0,
    "cluster_loss": 0.0,
    "mae": 0.5817,
    "mse": 0.7713,
    "multiclassification_loss": 0.0,
    "ortho_loss": 0.0,
    "pearson": 0.8235,
    "regression_loss": 0.7717,
    "rm2": 0.627,
    "rmse": 0.8782,
    "sd": 0.8716,
    "spearman": 0.8185,
    "spectral_loss": 0.0
}
                              
Test Results: {
    "ci": 0.834,
    "classification_loss": 0.0,
    "cluster_loss": 0.0,
    "mae": 0.547,
    "mse": 0.6918,
    "multiclassification_loss": 0.0,
    "ortho_loss": 0.0,
    "pearson": 0.8343,
    "regression_loss": 0.6913,
    "rm2": 0.6835,
    "rmse": 0.8318,
    "sd": 0.8288,
    "spearman": 0.8323,
    "spectral_loss": 0.0
}
                              
                              
----------------------------------------
Epoch 078 with LR 0.000100: Model Results
----------------------------------------
Train MSE Loss: 0.3705, Train CLS Loss: 0.0000, Train MCLS Loss: 0.0000
Protein Cluster Region Loss - Ortho Loss: 0.0000, Cluster Loss: 0.0000
                              
Validation Results: {
    "ci": 0.826,
    "classification_loss": 0.0,
    "cluster_loss": 0.0,
    "mae": 0.5705,
    "mse": 0.7702,
    "multiclassification_loss": 0.0,
    "ortho_loss": 0.0,
    "pearson": 0.8241,
    "regression_loss": 0.7706,
    "rm2": 0.6505,
    "rmse": 0.8776,
    "sd": 0.8703,
    "spearman": 0.8167,
    "spectral_loss": 0.0
}
                              
Test Results: {
    "ci": 0.834,
    "classification_loss": 0.0,
    "cluster_loss": 0.0,
    "mae": 0.547,
    "mse": 0.6918,
    "multiclassification_loss": 0.0,
    "ortho_loss": 0.0,
    "pearson": 0.8343,
    "regression_loss": 0.6913,
    "rm2": 0.6835,
    "rmse": 0.8318,
    "sd": 0.8288,
    "spearman": 0.8323,
    "spectral_loss": 0.0
}
                              
                              
----------------------------------------
Epoch 079 with LR 0.000100: Model Results
----------------------------------------
Train MSE Loss: 0.3680, Train CLS Loss: 0.0000, Train MCLS Loss: 0.0000
Protein Cluster Region Loss - Ortho Loss: 0.0000, Cluster Loss: 0.0000
                              
Validation Results: {
    "ci": 0.827,
    "classification_loss": 0.0,
    "cluster_loss": 0.0,
    "mae": 0.573,
    "mse": 0.7684,
    "multiclassification_loss": 0.0,
    "ortho_loss": 0.0,
    "pearson": 0.825,
    "regression_loss": 0.7687,
    "rm2": 0.6682,
    "rmse": 0.8766,
    "sd": 0.8683,
    "spearman": 0.82,
    "spectral_loss": 0.0
}
                              
Test Results: {
    "ci": 0.834,
    "classification_loss": 0.0,
    "cluster_loss": 0.0,
    "mae": 0.547,
    "mse": 0.6918,
    "multiclassification_loss": 0.0,
    "ortho_loss": 0.0,
    "pearson": 0.8343,
    "regression_loss": 0.6913,
    "rm2": 0.6835,
    "rmse": 0.8318,
    "sd": 0.8288,
    "spearman": 0.8323,
    "spectral_loss": 0.0
}
                              
                              
----------------------------------------
Epoch 080 with LR 0.000100: Model Results
----------------------------------------
Train MSE Loss: 0.3686, Train CLS Loss: 0.0000, Train MCLS Loss: 0.0000
Protein Cluster Region Loss - Ortho Loss: 0.0000, Cluster Loss: 0.0000
                              
Validation Results: {
    "ci": 0.8266,
    "classification_loss": 0.0,
    "cluster_loss": 0.0,
    "mae": 0.5704,
    "mse": 0.7605,
    "multiclassification_loss": 0.0,
    "ortho_loss": 0.0,
    "pearson": 0.825,
    "regression_loss": 0.7611,
    "rm2": 0.6679,
    "rmse": 0.872,
    "sd": 0.8681,
    "spearman": 0.8177,
    "spectral_loss": 0.0
}
                              
Test Results: {
    "ci": 0.834,
    "classification_loss": 0.0,
    "cluster_loss": 0.0,
    "mae": 0.547,
    "mse": 0.6918,
    "multiclassification_loss": 0.0,
    "ortho_loss": 0.0,
    "pearson": 0.8343,
    "regression_loss": 0.6913,
    "rm2": 0.6835,
    "rmse": 0.8318,
    "sd": 0.8288,
    "spearman": 0.8323,
    "spectral_loss": 0.0
}
                              
                              
----------------------------------------
Epoch 081 with LR 0.000100: Model Results
----------------------------------------
Train MSE Loss: 0.3669, Train CLS Loss: 0.0000, Train MCLS Loss: 0.0000
Protein Cluster Region Loss - Ortho Loss: 0.0000, Cluster Loss: 0.0000
                              
Validation Results: {
    "ci": 0.8282,
    "classification_loss": 0.0,
    "cluster_loss": 0.0,
    "mae": 0.5702,
    "mse": 0.7596,
    "multiclassification_loss": 0.0,
    "ortho_loss": 0.0,
    "pearson": 0.8266,
    "regression_loss": 0.76,
    "rm2": 0.6552,
    "rmse": 0.8716,
    "sd": 0.8647,
    "spearman": 0.8211,
    "spectral_loss": 0.0
}
                              
Test Results: {
    "ci": 0.834,
    "classification_loss": 0.0,
    "cluster_loss": 0.0,
    "mae": 0.547,
    "mse": 0.6918,
    "multiclassification_loss": 0.0,
    "ortho_loss": 0.0,
    "pearson": 0.8343,
    "regression_loss": 0.6913,
    "rm2": 0.6835,
    "rmse": 0.8318,
    "sd": 0.8288,
    "spearman": 0.8323,
    "spectral_loss": 0.0
}
                              
                              
----------------------------------------
Epoch 082 with LR 0.000100: Model Results
----------------------------------------
Train MSE Loss: 0.3659, Train CLS Loss: 0.0000, Train MCLS Loss: 0.0000
Protein Cluster Region Loss - Ortho Loss: 0.0000, Cluster Loss: 0.0000
                              
Validation Results: {
    "ci": 0.8279,
    "classification_loss": 0.0,
    "cluster_loss": 0.0,
    "mae": 0.5716,
    "mse": 0.7577,
    "multiclassification_loss": 0.0,
    "ortho_loss": 0.0,
    "pearson": 0.8272,
    "regression_loss": 0.7582,
    "rm2": 0.645,
    "rmse": 0.8705,
    "sd": 0.8632,
    "spearman": 0.8206,
    "spectral_loss": 0.0
}
                              
Test Results: {
    "ci": 0.834,
    "classification_loss": 0.0,
    "cluster_loss": 0.0,
    "mae": 0.547,
    "mse": 0.6918,
    "multiclassification_loss": 0.0,
    "ortho_loss": 0.0,
    "pearson": 0.8343,
    "regression_loss": 0.6913,
    "rm2": 0.6835,
    "rmse": 0.8318,
    "sd": 0.8288,
    "spearman": 0.8323,
    "spectral_loss": 0.0
}
                              
                              
----------------------------------------
Epoch 083 with LR 0.000100: Model Results
----------------------------------------
Train MSE Loss: 0.3655, Train CLS Loss: 0.0000, Train MCLS Loss: 0.0000
Protein Cluster Region Loss - Ortho Loss: 0.0000, Cluster Loss: 0.0000
                              
Validation Results: {
    "ci": 0.8266,
    "classification_loss": 0.0,
    "cluster_loss": 0.0,
    "mae": 0.5677,
    "mse": 0.7534,
    "multiclassification_loss": 0.0,
    "ortho_loss": 0.0,
    "pearson": 0.8258,
    "regression_loss": 0.7539,
    "rm2": 0.6694,
    "rmse": 0.868,
    "sd": 0.8664,
    "spearman": 0.8189,
    "spectral_loss": 0.0
}
                              
Test Results: {
    "ci": 0.834,
    "classification_loss": 0.0,
    "cluster_loss": 0.0,
    "mae": 0.547,
    "mse": 0.6918,
    "multiclassification_loss": 0.0,
    "ortho_loss": 0.0,
    "pearson": 0.8343,
    "regression_loss": 0.6913,
    "rm2": 0.6835,
    "rmse": 0.8318,
    "sd": 0.8288,
    "spearman": 0.8323,
    "spectral_loss": 0.0
}
                              
                              
----------------------------------------
Epoch 084 with LR 0.000100: Model Results
----------------------------------------
Train MSE Loss: 0.3634, Train CLS Loss: 0.0000, Train MCLS Loss: 0.0000
Protein Cluster Region Loss - Ortho Loss: 0.0000, Cluster Loss: 0.0000
                              
Validation Results: {
    "ci": 0.8276,
    "classification_loss": 0.0,
    "cluster_loss": 0.0,
    "mae": 0.5678,
    "mse": 0.752,
    "multiclassification_loss": 0.0,
    "ortho_loss": 0.0,
    "pearson": 0.8261,
    "regression_loss": 0.7524,
    "rm2": 0.6726,
    "rmse": 0.8672,
    "sd": 0.8657,
    "spearman": 0.8193,
    "spectral_loss": 0.0
}
                              
Test Results: {
    "ci": 0.834,
    "classification_loss": 0.0,
    "cluster_loss": 0.0,
    "mae": 0.547,
    "mse": 0.6918,
    "multiclassification_loss": 0.0,
    "ortho_loss": 0.0,
    "pearson": 0.8343,
    "regression_loss": 0.6913,
    "rm2": 0.6835,
    "rmse": 0.8318,
    "sd": 0.8288,
    "spearman": 0.8323,
    "spectral_loss": 0.0
}
                              
                              
----------------------------------------
Epoch 085 with LR 0.000100: Model Results
----------------------------------------
Train MSE Loss: 0.3639, Train CLS Loss: 0.0000, Train MCLS Loss: 0.0000
Protein Cluster Region Loss - Ortho Loss: 0.0000, Cluster Loss: 0.0000
                              
Validation Results: {
    "ci": 0.829,
    "classification_loss": 0.0,
    "cluster_loss": 0.0,
    "mae": 0.57,
    "mse": 0.7583,
    "multiclassification_loss": 0.0,
    "ortho_loss": 0.0,
    "pearson": 0.8265,
    "regression_loss": 0.7586,
    "rm2": 0.663,
    "rmse": 0.8708,
    "sd": 0.8649,
    "spearman": 0.8243,
    "spectral_loss": 0.0
}
                              
Test Results: {
    "ci": 0.834,
    "classification_loss": 0.0,
    "cluster_loss": 0.0,
    "mae": 0.547,
    "mse": 0.6918,
    "multiclassification_loss": 0.0,
    "ortho_loss": 0.0,
    "pearson": 0.8343,
    "regression_loss": 0.6913,
    "rm2": 0.6835,
    "rmse": 0.8318,
    "sd": 0.8288,
    "spearman": 0.8323,
    "spectral_loss": 0.0
}
                              
                              
----------------------------------------
Epoch 086 with LR 0.000100: Model Results
----------------------------------------
Train MSE Loss: 0.3623, Train CLS Loss: 0.0000, Train MCLS Loss: 0.0000
Protein Cluster Region Loss - Ortho Loss: 0.0000, Cluster Loss: 0.0000
                              
Validation Results: {
    "ci": 0.828,
    "classification_loss": 0.0,
    "cluster_loss": 0.0,
    "mae": 0.5653,
    "mse": 0.7575,
    "multiclassification_loss": 0.0,
    "ortho_loss": 0.0,
    "pearson": 0.8268,
    "regression_loss": 0.758,
    "rm2": 0.675,
    "rmse": 0.8704,
    "sd": 0.8641,
    "spearman": 0.8196,
    "spectral_loss": 0.0
}
                              
Test Results: {
    "ci": 0.834,
    "classification_loss": 0.0,
    "cluster_loss": 0.0,
    "mae": 0.547,
    "mse": 0.6918,
    "multiclassification_loss": 0.0,
    "ortho_loss": 0.0,
    "pearson": 0.8343,
    "regression_loss": 0.6913,
    "rm2": 0.6835,
    "rmse": 0.8318,
    "sd": 0.8288,
    "spearman": 0.8323,
    "spectral_loss": 0.0
}
                              
                              
----------------------------------------
Epoch 087 with LR 0.000100: Model Results
----------------------------------------
Train MSE Loss: 0.3611, Train CLS Loss: 0.0000, Train MCLS Loss: 0.0000
Protein Cluster Region Loss - Ortho Loss: 0.0000, Cluster Loss: 0.0000
                              
Validation Results: {
    "ci": 0.829,
    "classification_loss": 0.0,
    "cluster_loss": 0.0,
    "mae": 0.561,
    "mse": 0.7556,
    "multiclassification_loss": 0.0,
    "ortho_loss": 0.0,
    "pearson": 0.8269,
    "regression_loss": 0.756,
    "rm2": 0.6826,
    "rmse": 0.8693,
    "sd": 0.8639,
    "spearman": 0.8227,
    "spectral_loss": 0.0
}
                              
Test Results: {
    "ci": 0.834,
    "classification_loss": 0.0,
    "cluster_loss": 0.0,
    "mae": 0.547,
    "mse": 0.6918,
    "multiclassification_loss": 0.0,
    "ortho_loss": 0.0,
    "pearson": 0.8343,
    "regression_loss": 0.6913,
    "rm2": 0.6835,
    "rmse": 0.8318,
    "sd": 0.8288,
    "spearman": 0.8323,
    "spectral_loss": 0.0
}
                              
                              
----------------------------------------
Epoch 088 with LR 0.000100: Model Results
----------------------------------------
Train MSE Loss: 0.3586, Train CLS Loss: 0.0000, Train MCLS Loss: 0.0000
Protein Cluster Region Loss - Ortho Loss: 0.0000, Cluster Loss: 0.0000
                              
Validation Results: {
    "ci": 0.8282,
    "classification_loss": 0.0,
    "cluster_loss": 0.0,
    "mae": 0.5662,
    "mse": 0.7547,
    "multiclassification_loss": 0.0,
    "ortho_loss": 0.0,
    "pearson": 0.8257,
    "regression_loss": 0.7548,
    "rm2": 0.6781,
    "rmse": 0.8687,
    "sd": 0.8666,
    "spearman": 0.8203,
    "spectral_loss": 0.0
}
                              
Test Results: {
    "ci": 0.834,
    "classification_loss": 0.0,
    "cluster_loss": 0.0,
    "mae": 0.547,
    "mse": 0.6918,
    "multiclassification_loss": 0.0,
    "ortho_loss": 0.0,
    "pearson": 0.8343,
    "regression_loss": 0.6913,
    "rm2": 0.6835,
    "rmse": 0.8318,
    "sd": 0.8288,
    "spearman": 0.8323,
    "spectral_loss": 0.0
}
                              
                              
----------------------------------------
Epoch 089 with LR 0.000100: Model Results
----------------------------------------
Train MSE Loss: 0.3604, Train CLS Loss: 0.0000, Train MCLS Loss: 0.0000
Protein Cluster Region Loss - Ortho Loss: 0.0000, Cluster Loss: 0.0000
                              
Validation Results: {
    "ci": 0.83,
    "classification_loss": 0.0,
    "cluster_loss": 0.0,
    "mae": 0.5601,
    "mse": 0.7457,
    "multiclassification_loss": 0.0,
    "ortho_loss": 0.0,
    "pearson": 0.8291,
    "regression_loss": 0.7461,
    "rm2": 0.6745,
    "rmse": 0.8635,
    "sd": 0.8589,
    "spearman": 0.824,
    "spectral_loss": 0.0
}
                              
Test Results: {
    "ci": 0.8373,
    "classification_loss": 0.0,
    "cluster_loss": 0.0,
    "mae": 0.5316,
    "mse": 0.6713,
    "multiclassification_loss": 0.0,
    "ortho_loss": 0.0,
    "pearson": 0.8391,
    "regression_loss": 0.6708,
    "rm2": 0.6948,
    "rmse": 0.8194,
    "sd": 0.8178,
    "spearman": 0.838,
    "spectral_loss": 0.0
}
                              
                              
----------------------------------------
Epoch 090 with LR 0.000100: Model Results
----------------------------------------
Train MSE Loss: 0.3589, Train CLS Loss: 0.0000, Train MCLS Loss: 0.0000
Protein Cluster Region Loss - Ortho Loss: 0.0000, Cluster Loss: 0.0000
                              
Validation Results: {
    "ci": 0.8293,
    "classification_loss": 0.0,
    "cluster_loss": 0.0,
    "mae": 0.5634,
    "mse": 0.7473,
    "multiclassification_loss": 0.0,
    "ortho_loss": 0.0,
    "pearson": 0.8283,
    "regression_loss": 0.7476,
    "rm2": 0.6797,
    "rmse": 0.8645,
    "sd": 0.8607,
    "spearman": 0.8225,
    "spectral_loss": 0.0
}
                              
Test Results: {
    "ci": 0.8373,
    "classification_loss": 0.0,
    "cluster_loss": 0.0,
    "mae": 0.5316,
    "mse": 0.6713,
    "multiclassification_loss": 0.0,
    "ortho_loss": 0.0,
    "pearson": 0.8391,
    "regression_loss": 0.6708,
    "rm2": 0.6948,
    "rmse": 0.8194,
    "sd": 0.8178,
    "spearman": 0.838,
    "spectral_loss": 0.0
}
                              
                              
----------------------------------------
Epoch 091 with LR 0.000100: Model Results
----------------------------------------
Train MSE Loss: 0.3570, Train CLS Loss: 0.0000, Train MCLS Loss: 0.0000
Protein Cluster Region Loss - Ortho Loss: 0.0000, Cluster Loss: 0.0000
                              
Validation Results: {
    "ci": 0.8291,
    "classification_loss": 0.0,
    "cluster_loss": 0.0,
    "mae": 0.5628,
    "mse": 0.7536,
    "multiclassification_loss": 0.0,
    "ortho_loss": 0.0,
    "pearson": 0.828,
    "regression_loss": 0.7537,
    "rm2": 0.6788,
    "rmse": 0.8681,
    "sd": 0.8615,
    "spearman": 0.8235,
    "spectral_loss": 0.0
}
                              
Test Results: {
    "ci": 0.8373,
    "classification_loss": 0.0,
    "cluster_loss": 0.0,
    "mae": 0.5316,
    "mse": 0.6713,
    "multiclassification_loss": 0.0,
    "ortho_loss": 0.0,
    "pearson": 0.8391,
    "regression_loss": 0.6708,
    "rm2": 0.6948,
    "rmse": 0.8194,
    "sd": 0.8178,
    "spearman": 0.838,
    "spectral_loss": 0.0
}
                              
                              
----------------------------------------
Epoch 092 with LR 0.000100: Model Results
----------------------------------------
Train MSE Loss: 0.3565, Train CLS Loss: 0.0000, Train MCLS Loss: 0.0000
Protein Cluster Region Loss - Ortho Loss: 0.0000, Cluster Loss: 0.0000
                              
Validation Results: {
    "ci": 0.8287,
    "classification_loss": 0.0,
    "cluster_loss": 0.0,
    "mae": 0.5644,
    "mse": 0.7551,
    "multiclassification_loss": 0.0,
    "ortho_loss": 0.0,
    "pearson": 0.8285,
    "regression_loss": 0.7555,
    "rm2": 0.6864,
    "rmse": 0.8689,
    "sd": 0.8604,
    "spearman": 0.8232,
    "spectral_loss": 0.0
}
                              
Test Results: {
    "ci": 0.8373,
    "classification_loss": 0.0,
    "cluster_loss": 0.0,
    "mae": 0.5316,
    "mse": 0.6713,
    "multiclassification_loss": 0.0,
    "ortho_loss": 0.0,
    "pearson": 0.8391,
    "regression_loss": 0.6708,
    "rm2": 0.6948,
    "rmse": 0.8194,
    "sd": 0.8178,
    "spearman": 0.838,
    "spectral_loss": 0.0
}
                              
                              
----------------------------------------
Epoch 093 with LR 0.000100: Model Results
----------------------------------------
Train MSE Loss: 0.3554, Train CLS Loss: 0.0000, Train MCLS Loss: 0.0000
Protein Cluster Region Loss - Ortho Loss: 0.0000, Cluster Loss: 0.0000
                              
Validation Results: {
    "ci": 0.8293,
    "classification_loss": 0.0,
    "cluster_loss": 0.0,
    "mae": 0.5625,
    "mse": 0.7482,
    "multiclassification_loss": 0.0,
    "ortho_loss": 0.0,
    "pearson": 0.8284,
    "regression_loss": 0.7488,
    "rm2": 0.6723,
    "rmse": 0.865,
    "sd": 0.8606,
    "spearman": 0.8229,
    "spectral_loss": 0.0
}
                              
Test Results: {
    "ci": 0.8373,
    "classification_loss": 0.0,
    "cluster_loss": 0.0,
    "mae": 0.5316,
    "mse": 0.6713,
    "multiclassification_loss": 0.0,
    "ortho_loss": 0.0,
    "pearson": 0.8391,
    "regression_loss": 0.6708,
    "rm2": 0.6948,
    "rmse": 0.8194,
    "sd": 0.8178,
    "spearman": 0.838,
    "spectral_loss": 0.0
}
                              
                              
----------------------------------------
Epoch 094 with LR 0.000100: Model Results
----------------------------------------
Train MSE Loss: 0.3546, Train CLS Loss: 0.0000, Train MCLS Loss: 0.0000
Protein Cluster Region Loss - Ortho Loss: 0.0000, Cluster Loss: 0.0000
                              
Validation Results: {
    "ci": 0.828,
    "classification_loss": 0.0,
    "cluster_loss": 0.0,
    "mae": 0.5647,
    "mse": 0.7599,
    "multiclassification_loss": 0.0,
    "ortho_loss": 0.0,
    "pearson": 0.8266,
    "regression_loss": 0.7604,
    "rm2": 0.6717,
    "rmse": 0.8717,
    "sd": 0.8646,
    "spearman": 0.8221,
    "spectral_loss": 0.0
}
                              
Test Results: {
    "ci": 0.8373,
    "classification_loss": 0.0,
    "cluster_loss": 0.0,
    "mae": 0.5316,
    "mse": 0.6713,
    "multiclassification_loss": 0.0,
    "ortho_loss": 0.0,
    "pearson": 0.8391,
    "regression_loss": 0.6708,
    "rm2": 0.6948,
    "rmse": 0.8194,
    "sd": 0.8178,
    "spearman": 0.838,
    "spectral_loss": 0.0
}
                              
                              
----------------------------------------
Epoch 095 with LR 0.000100: Model Results
----------------------------------------
Train MSE Loss: 0.3533, Train CLS Loss: 0.0000, Train MCLS Loss: 0.0000
Protein Cluster Region Loss - Ortho Loss: 0.0000, Cluster Loss: 0.0000
                              
Validation Results: {
    "ci": 0.8292,
    "classification_loss": 0.0,
    "cluster_loss": 0.0,
    "mae": 0.5659,
    "mse": 0.7553,
    "multiclassification_loss": 0.0,
    "ortho_loss": 0.0,
    "pearson": 0.8285,
    "regression_loss": 0.7558,
    "rm2": 0.6552,
    "rmse": 0.8691,
    "sd": 0.8603,
    "spearman": 0.8241,
    "spectral_loss": 0.0
}
                              
Test Results: {
    "ci": 0.8373,
    "classification_loss": 0.0,
    "cluster_loss": 0.0,
    "mae": 0.5316,
    "mse": 0.6713,
    "multiclassification_loss": 0.0,
    "ortho_loss": 0.0,
    "pearson": 0.8391,
    "regression_loss": 0.6708,
    "rm2": 0.6948,
    "rmse": 0.8194,
    "sd": 0.8178,
    "spearman": 0.838,
    "spectral_loss": 0.0
}
                              
                              
----------------------------------------
Epoch 096 with LR 0.000100: Model Results
----------------------------------------
Train MSE Loss: 0.3528, Train CLS Loss: 0.0000, Train MCLS Loss: 0.0000
Protein Cluster Region Loss - Ortho Loss: 0.0000, Cluster Loss: 0.0000
                              
Validation Results: {
    "ci": 0.8303,
    "classification_loss": 0.0,
    "cluster_loss": 0.0,
    "mae": 0.5594,
    "mse": 0.7524,
    "multiclassification_loss": 0.0,
    "ortho_loss": 0.0,
    "pearson": 0.8274,
    "regression_loss": 0.7528,
    "rm2": 0.6791,
    "rmse": 0.8674,
    "sd": 0.8629,
    "spearman": 0.8243,
    "spectral_loss": 0.0
}
                              
Test Results: {
    "ci": 0.8373,
    "classification_loss": 0.0,
    "cluster_loss": 0.0,
    "mae": 0.5316,
    "mse": 0.6713,
    "multiclassification_loss": 0.0,
    "ortho_loss": 0.0,
    "pearson": 0.8391,
    "regression_loss": 0.6708,
    "rm2": 0.6948,
    "rmse": 0.8194,
    "sd": 0.8178,
    "spearman": 0.838,
    "spectral_loss": 0.0
}
                              
                              
----------------------------------------
Epoch 097 with LR 0.000100: Model Results
----------------------------------------
Train MSE Loss: 0.3512, Train CLS Loss: 0.0000, Train MCLS Loss: 0.0000
Protein Cluster Region Loss - Ortho Loss: 0.0000, Cluster Loss: 0.0000
                              
Validation Results: {
    "ci": 0.8291,
    "classification_loss": 0.0,
    "cluster_loss": 0.0,
    "mae": 0.5612,
    "mse": 0.7614,
    "multiclassification_loss": 0.0,
    "ortho_loss": 0.0,
    "pearson": 0.8279,
    "regression_loss": 0.762,
    "rm2": 0.6654,
    "rmse": 0.8726,
    "sd": 0.8617,
    "spearman": 0.823,
    "spectral_loss": 0.0
}
                              
Test Results: {
    "ci": 0.8373,
    "classification_loss": 0.0,
    "cluster_loss": 0.0,
    "mae": 0.5316,
    "mse": 0.6713,
    "multiclassification_loss": 0.0,
    "ortho_loss": 0.0,
    "pearson": 0.8391,
    "regression_loss": 0.6708,
    "rm2": 0.6948,
    "rmse": 0.8194,
    "sd": 0.8178,
    "spearman": 0.838,
    "spectral_loss": 0.0
}
                              
                              
----------------------------------------
Epoch 098 with LR 0.000100: Model Results
----------------------------------------
Train MSE Loss: 0.3506, Train CLS Loss: 0.0000, Train MCLS Loss: 0.0000
Protein Cluster Region Loss - Ortho Loss: 0.0000, Cluster Loss: 0.0000
                              
Validation Results: {
    "ci": 0.8273,
    "classification_loss": 0.0,
    "cluster_loss": 0.0,
    "mae": 0.5675,
    "mse": 0.7677,
    "multiclassification_loss": 0.0,
    "ortho_loss": 0.0,
    "pearson": 0.826,
    "regression_loss": 0.7681,
    "rm2": 0.6766,
    "rmse": 0.8762,
    "sd": 0.866,
    "spearman": 0.8188,
    "spectral_loss": 0.0
}
                              
Test Results: {
    "ci": 0.8373,
    "classification_loss": 0.0,
    "cluster_loss": 0.0,
    "mae": 0.5316,
    "mse": 0.6713,
    "multiclassification_loss": 0.0,
    "ortho_loss": 0.0,
    "pearson": 0.8391,
    "regression_loss": 0.6708,
    "rm2": 0.6948,
    "rmse": 0.8194,
    "sd": 0.8178,
    "spearman": 0.838,
    "spectral_loss": 0.0
}
                              
                              
----------------------------------------
Epoch 099 with LR 0.000100: Model Results
----------------------------------------
Train MSE Loss: 0.3510, Train CLS Loss: 0.0000, Train MCLS Loss: 0.0000
Protein Cluster Region Loss - Ortho Loss: 0.0000, Cluster Loss: 0.0000
                              
Validation Results: {
    "ci": 0.8302,
    "classification_loss": 0.0,
    "cluster_loss": 0.0,
    "mae": 0.555,
    "mse": 0.7444,
    "multiclassification_loss": 0.0,
    "ortho_loss": 0.0,
    "pearson": 0.8306,
    "regression_loss": 0.7447,
    "rm2": 0.6881,
    "rmse": 0.8628,
    "sd": 0.8554,
    "spearman": 0.8246,
    "spectral_loss": 0.0
}
                              
Test Results: {
    "ci": 0.8379,
    "classification_loss": 0.0,
    "cluster_loss": 0.0,
    "mae": 0.5255,
    "mse": 0.6636,
    "multiclassification_loss": 0.0,
    "ortho_loss": 0.0,
    "pearson": 0.8419,
    "regression_loss": 0.6631,
    "rm2": 0.707,
    "rmse": 0.8146,
    "sd": 0.8112,
    "spearman": 0.839,
    "spectral_loss": 0.0
}
                              
                              
----------------------------------------
Epoch 100 with LR 0.000100: Model Results
----------------------------------------
Train MSE Loss: 0.3499, Train CLS Loss: 0.0000, Train MCLS Loss: 0.0000
Protein Cluster Region Loss - Ortho Loss: 0.0000, Cluster Loss: 0.0000
                              
Validation Results: {
    "ci": 0.8301,
    "classification_loss": 0.0,
    "cluster_loss": 0.0,
    "mae": 0.5623,
    "mse": 0.7553,
    "multiclassification_loss": 0.0,
    "ortho_loss": 0.0,
    "pearson": 0.827,
    "regression_loss": 0.7555,
    "rm2": 0.663,
    "rmse": 0.8691,
    "sd": 0.8637,
    "spearman": 0.8229,
    "spectral_loss": 0.0
}
                              
Test Results: {
    "ci": 0.8379,
    "classification_loss": 0.0,
    "cluster_loss": 0.0,
    "mae": 0.5255,
    "mse": 0.6636,
    "multiclassification_loss": 0.0,
    "ortho_loss": 0.0,
    "pearson": 0.8419,
    "regression_loss": 0.6631,
    "rm2": 0.707,
    "rmse": 0.8146,
    "sd": 0.8112,
    "spearman": 0.839,
    "spectral_loss": 0.0
}
[best epoch] epoch=99, best_rmse=0.8628, lr_at_best=1.000e-04
                              
                              
----------------------------------------
Epoch 100 with LR 0.000100: Model Results
----------------------------------------
Train MSE Loss: 0.3499, Train CLS Loss: 0.0000, Train MCLS Loss: 0.0000
Protein Cluster Region Loss - Ortho Loss: 0.0000, Cluster Loss: 0.0000
                              
Validation Results: {
    "ci": 0.8301,
    "classification_loss": 0.0,
    "cluster_loss": 0.0,
    "mae": 0.5623,
    "mse": 0.7553,
    "multiclassification_loss": 0.0,
    "ortho_loss": 0.0,
    "pearson": 0.827,
    "regression_loss": 0.7555,
    "rm2": 0.663,
    "rmse": 0.8691,
    "sd": 0.8637,
    "spearman": 0.8229,
    "spectral_loss": 0.0
}
                              
Test Results: {
    "ci": 0.8379,
    "classification_loss": 0.0,
    "cluster_loss": 0.0,
    "mae": 0.5255,
    "mse": 0.6636,
    "multiclassification_loss": 0.0,
    "ortho_loss": 0.0,
    "pearson": 0.8419,
    "regression_loss": 0.6631,
    "rm2": 0.707,
    "rmse": 0.8146,
    "sd": 0.8112,
    "spearman": 0.839,
    "spectral_loss": 0.0
}
Final test metrics: rmse=0.8146, pearson=0.8419, r2_proxy(mse)=0.6636
Done. Predictions: /sc/arion/projects/DiseaseGeneCell/Huang_lab_project/wangcDrugRepoProject/TRACE_Kin_Results_v3/MPEK_dataset/MPEK_kcat_ESMv1_embedding_random/test_prediction_seed2.csv; checkpoint: /sc/arion/projects/DiseaseGeneCell/Huang_lab_project/wangcDrugRepoProject/TRACE_Kin_Results_v3/MPEK_dataset/MPEK_kcat_ESMv1_embedding_random/save_model_seed2/model.pt

==========================================
Array task 3/14: OK (MPEK_kcat_ESMv1_embedding_random)
==========================================


PS:

Read file <242614933.3.stderr> for stderr output of this job.

