Sender: LSF System <lsfadmin@lg05e08>
Subject: Job 242614933[12]: <trace_kin_v3_s2[1-14]> in cluster <chimera> Done

Job <trace_kin_v3_s2[1-14]> was submitted from host <li04e01> by user <wangc40> in cluster <chimera> at Fri May  8 16:46:41 2026
Job was executed on host(s) <16*lg05e08>, in queue <gpu>, as user <wangc40> in cluster <chimera> at Fri May  8 16:46:43 2026
</hpc/users/wangc40> was used as the home directory.
</sc/arion/projects/DiseaseGeneCell/Huang_lab_project/wangcDrugRepoProject/TRACE-Kin> was used as the working directory.
Started at Fri May  8 16:46:43 2026
Terminated at Fri May  8 18:18:33 2026
Results reported at Fri May  8 18:18:33 2026

Your job looked like:

------------------------------------------------------------
# LSBATCH: User input
#!/bin/bash
#BSUB -J trace_kin_v3_s2[1-14]
#BSUB -P acc_DiseaseGeneCell
#BSUB -q gpu
#BSUB -R h100nvl
#BSUB -gpu num=1
#BSUB -n 16
#BSUB -R "rusage[mem=8000]"
#BSUB -R "span[hosts=1]"
#BSUB -W 48:00
#BSUB -o %J.%I.stdout
#BSUB -eo %J.%I.stderr
#BSUB -L /bin/bash

# =============================================================================
# TRACE-Kin v3 rerun — LSF job array
# =============================================================================
# Submit with:
#     bsub < training/run_v3_array.lsf
#
# Or chain off the smoke test (recommended):
#     bsub -w "done(<SMOKE_JOB_ID>)" < training/run_v3_array.lsf
#
# For the multi-seed ensemble (the paper config), submit additional seeds in
# parallel after the SEED=1 array completes (or alongside, as separate jobs):
#     SEED=2 bsub -J "trace_kin_v3_s2[1-14]" < training/run_v3_array.lsf
#     SEED=3 bsub -J "trace_kin_v3_s3[1-14]" < training/run_v3_array.lsf
# After all seeds finish, analysis/aggregate_results.py averages predictions
# across seeds before computing RMSE.
#
# LSF expands #BSUB -J trace_kin_v3[1-14] into 14 array tasks, each with a
# distinct ${LSB_JOBINDEX} in 1..14. The body looks up the per-index
# (dataset_source, dataset_name, pool_paths) tuple from the inline table below
# and invokes train_trace_kin.py with model_version=v3.
#
# The 14 tasks correspond to:
#   * 12 RF-gap targets (catalytic kinetics where v1 trails RF by 1.4%–8.7%)
#   * 2 Ki preservation guards (where v1 already wins, must not regress)
# =============================================================================

# --- Environment -------------------------------------------------------------
# Match the prologue of the proven-working PSICHIC LSFs verbatim — no
# `set -euo pipefail`. Mount Sinai's /etc/profile.d scripts return non-zero
# in places that aren't real errors, and errexit aborts the job before
# module + conda activation can complete.
ml purge
source ~/.bashrc
module load anaconda3/2024.06
source activate test
module load cuda/12.4.0

(... more ...)
------------------------------------------------------------

Successfully completed.

Resource usage summary:

    CPU time :                                   5490.00 sec.
    Max Memory :                                 3145 MB
    Average Memory :                             3070.96 MB
    Total Requested Memory :                     128000.00 MB
    Delta Memory :                               124855.00 MB
    Max Swap :                                   -
    Max Processes :                              4
    Max Threads :                                18
    Run time :                                   5509 sec.
    Turnaround time :                            5512 sec.

The output (if any) follows:

==========================================
TRACE-Kin v3 array task 12/14
==========================================
Date:        Fri May  8 16:46:47 EDT 2026
Dataset:     /sc/arion/projects/DiseaseGeneCell/Huang_lab_project/drug_discovery/output/data/enzyme_embeddings_dataset/catpred_dataset/catpred_ki_ProteinCLIP_embedding_cold_protein
Result:      /sc/arion/projects/DiseaseGeneCell/Huang_lab_project/wangcDrugRepoProject/TRACE_Kin_Results_v3/catpred_dataset/catpred_ki_ProteinCLIP_embedding_cold_protein
Config:      training/config_v3.json
Pool CSVs:   (none)
Model:       v3 (dual-head + learned gate)
Epochs:      100, batch=16, seed=2, lr=1e-4
==========================================
Python 3.12.2
Python: /sc/arion/work/wangc40/test-env/envs/test/bin/python
CUDA device: NVIDIA H100 80GB HBM3, sm_90
============================================================
TRACE-Kin training
============================================================
Datafolder:        /sc/arion/projects/DiseaseGeneCell/Huang_lab_project/drug_discovery/output/data/enzyme_embeddings_dataset/catpred_dataset/catpred_ki_ProteinCLIP_embedding_cold_protein
Result path:       /sc/arion/projects/DiseaseGeneCell/Huang_lab_project/wangcDrugRepoProject/TRACE_Kin_Results_v3/catpred_dataset/catpred_ki_ProteinCLIP_embedding_cold_protein
Config:            training/config_v3.json
Pool train CSVs:   (none)
============================================================
Loading primary train: /sc/arion/projects/DiseaseGeneCell/Huang_lab_project/drug_discovery/output/data/enzyme_embeddings_dataset/catpred_dataset/catpred_ki_ProteinCLIP_embedding_cold_protein/train.parquet
Loading primary test: /sc/arion/projects/DiseaseGeneCell/Huang_lab_project/drug_discovery/output/data/enzyme_embeddings_dataset/catpred_dataset/catpred_ki_ProteinCLIP_embedding_cold_protein/test.parquet
Loading primary val: /sc/arion/projects/DiseaseGeneCell/Huang_lab_project/drug_discovery/output/data/enzyme_embeddings_dataset/catpred_dataset/catpred_ki_ProteinCLIP_embedding_cold_protein/val.parquet
Detected prot_evo_channels = 128
seq2feat: 2829 unique sequences.
model_version: v3, use_swa: False
Reusing protein cache: /sc/arion/projects/DiseaseGeneCell/Huang_lab_project/drug_discovery/output/data/enzyme_embeddings_dataset/catpred_dataset/catpred_ki_ProteinCLIP_embedding_cold_protein/protein.pt
Reusing ligand cache: /sc/arion/projects/DiseaseGeneCell/Huang_lab_project/drug_discovery/output/data/enzyme_embeddings_dataset/catpred_dataset/catpred_ki_ProteinCLIP_embedding_cold_protein/ligand.pt
WARN: dropping 1 train rows with missing protein/ligand graphs.
loaders ready: train=518 test=147 val=82
Built TraceKinV3 with 6,852,123 parameters
[LR schedule] schedule_lr=False, lrate=0.0001, min_lrate=0, warmup_iters=0, lr_decay_iters=51800, total_iters=51800
Not in terminal, reprint now using normal build-in print function.
                              
                              
----------------------------------------
Epoch 001 with LR 0.000100: Model Results
----------------------------------------
Train MSE Loss: 2.5919, Train CLS Loss: 0.0000, Train MCLS Loss: 0.0000
Protein Cluster Region Loss - Ortho Loss: 0.0000, Cluster Loss: 0.0000
                              
Validation Results: {
    "ci": 0.706,
    "classification_loss": 0.0,
    "cluster_loss": 0.0,
    "mae": 1.2303,
    "mse": 2.2951,
    "multiclassification_loss": 0.0,
    "ortho_loss": 0.0,
    "pearson": 0.6007,
    "regression_loss": 2.2958,
    "rm2": 0.3361,
    "rmse": 1.5149,
    "sd": 1.4966,
    "spearman": 0.5815,
    "spectral_loss": 0.0
}
                              
Test Results: {
    "ci": 0.701,
    "classification_loss": 0.0,
    "cluster_loss": 0.0,
    "mae": 1.2046,
    "mse": 2.3584,
    "multiclassification_loss": 0.0,
    "ortho_loss": 0.0,
    "pearson": 0.5739,
    "regression_loss": 2.3578,
    "rm2": 0.3148,
    "rmse": 1.5357,
    "sd": 1.5318,
    "spearman": 0.5679,
    "spectral_loss": 0.0
}
                              
                              
----------------------------------------
Epoch 002 with LR 0.000100: Model Results
----------------------------------------
Train MSE Loss: 1.8092, Train CLS Loss: 0.0000, Train MCLS Loss: 0.0000
Protein Cluster Region Loss - Ortho Loss: 0.0000, Cluster Loss: 0.0000
                              
Validation Results: {
    "ci": 0.7224,
    "classification_loss": 0.0,
    "cluster_loss": 0.0,
    "mae": 1.1628,
    "mse": 2.0871,
    "multiclassification_loss": 0.0,
    "ortho_loss": 0.0,
    "pearson": 0.6386,
    "regression_loss": 2.0905,
    "rm2": 0.3851,
    "rmse": 1.4447,
    "sd": 1.4405,
    "spearman": 0.6232,
    "spectral_loss": 0.0
}
                              
Test Results: {
    "ci": 0.7044,
    "classification_loss": 0.0,
    "cluster_loss": 0.0,
    "mae": 1.2082,
    "mse": 2.3616,
    "multiclassification_loss": 0.0,
    "ortho_loss": 0.0,
    "pearson": 0.5821,
    "regression_loss": 2.361,
    "rm2": 0.3176,
    "rmse": 1.5368,
    "sd": 1.5209,
    "spearman": 0.5765,
    "spectral_loss": 0.0
}
                              
                              
----------------------------------------
Epoch 003 with LR 0.000100: Model Results
----------------------------------------
Train MSE Loss: 1.4823, Train CLS Loss: 0.0000, Train MCLS Loss: 0.0000
Protein Cluster Region Loss - Ortho Loss: 0.0000, Cluster Loss: 0.0000
                              
Validation Results: {
    "ci": 0.7207,
    "classification_loss": 0.0,
    "cluster_loss": 0.0,
    "mae": 1.1706,
    "mse": 2.1642,
    "multiclassification_loss": 0.0,
    "ortho_loss": 0.0,
    "pearson": 0.6333,
    "regression_loss": 2.1707,
    "rm2": 0.3654,
    "rmse": 1.4711,
    "sd": 1.4487,
    "spearman": 0.6189,
    "spectral_loss": 0.0
}
                              
Test Results: {
    "ci": 0.7044,
    "classification_loss": 0.0,
    "cluster_loss": 0.0,
    "mae": 1.2082,
    "mse": 2.3616,
    "multiclassification_loss": 0.0,
    "ortho_loss": 0.0,
    "pearson": 0.5821,
    "regression_loss": 2.361,
    "rm2": 0.3176,
    "rmse": 1.5368,
    "sd": 1.5209,
    "spearman": 0.5765,
    "spectral_loss": 0.0
}
                              
                              
----------------------------------------
Epoch 004 with LR 0.000100: Model Results
----------------------------------------
Train MSE Loss: 1.2515, Train CLS Loss: 0.0000, Train MCLS Loss: 0.0000
Protein Cluster Region Loss - Ortho Loss: 0.0000, Cluster Loss: 0.0000
                              
Validation Results: {
    "ci": 0.7264,
    "classification_loss": 0.0,
    "cluster_loss": 0.0,
    "mae": 1.1695,
    "mse": 2.1845,
    "multiclassification_loss": 0.0,
    "ortho_loss": 0.0,
    "pearson": 0.6386,
    "regression_loss": 2.1904,
    "rm2": 0.3437,
    "rmse": 1.478,
    "sd": 1.4405,
    "spearman": 0.6324,
    "spectral_loss": 0.0
}
                              
Test Results: {
    "ci": 0.7044,
    "classification_loss": 0.0,
    "cluster_loss": 0.0,
    "mae": 1.2082,
    "mse": 2.3616,
    "multiclassification_loss": 0.0,
    "ortho_loss": 0.0,
    "pearson": 0.5821,
    "regression_loss": 2.361,
    "rm2": 0.3176,
    "rmse": 1.5368,
    "sd": 1.5209,
    "spearman": 0.5765,
    "spectral_loss": 0.0
}
                              
                              
----------------------------------------
Epoch 005 with LR 0.000100: Model Results
----------------------------------------
Train MSE Loss: 1.0925, Train CLS Loss: 0.0000, Train MCLS Loss: 0.0000
Protein Cluster Region Loss - Ortho Loss: 0.0000, Cluster Loss: 0.0000
                              
Validation Results: {
    "ci": 0.718,
    "classification_loss": 0.0,
    "cluster_loss": 0.0,
    "mae": 1.2028,
    "mse": 2.2642,
    "multiclassification_loss": 0.0,
    "ortho_loss": 0.0,
    "pearson": 0.6167,
    "regression_loss": 2.27,
    "rm2": 0.3675,
    "rmse": 1.5047,
    "sd": 1.4735,
    "spearman": 0.6116,
    "spectral_loss": 0.0
}
                              
Test Results: {
    "ci": 0.7044,
    "classification_loss": 0.0,
    "cluster_loss": 0.0,
    "mae": 1.2082,
    "mse": 2.3616,
    "multiclassification_loss": 0.0,
    "ortho_loss": 0.0,
    "pearson": 0.5821,
    "regression_loss": 2.361,
    "rm2": 0.3176,
    "rmse": 1.5368,
    "sd": 1.5209,
    "spearman": 0.5765,
    "spectral_loss": 0.0
}
                              
                              
----------------------------------------
Epoch 006 with LR 0.000100: Model Results
----------------------------------------
Train MSE Loss: 0.9512, Train CLS Loss: 0.0000, Train MCLS Loss: 0.0000
Protein Cluster Region Loss - Ortho Loss: 0.0000, Cluster Loss: 0.0000
                              
Validation Results: {
    "ci": 0.7167,
    "classification_loss": 0.0,
    "cluster_loss": 0.0,
    "mae": 1.1845,
    "mse": 2.2499,
    "multiclassification_loss": 0.0,
    "ortho_loss": 0.0,
    "pearson": 0.6128,
    "regression_loss": 2.2555,
    "rm2": 0.3414,
    "rmse": 1.5,
    "sd": 1.4793,
    "spearman": 0.6087,
    "spectral_loss": 0.0
}
                              
Test Results: {
    "ci": 0.7044,
    "classification_loss": 0.0,
    "cluster_loss": 0.0,
    "mae": 1.2082,
    "mse": 2.3616,
    "multiclassification_loss": 0.0,
    "ortho_loss": 0.0,
    "pearson": 0.5821,
    "regression_loss": 2.361,
    "rm2": 0.3176,
    "rmse": 1.5368,
    "sd": 1.5209,
    "spearman": 0.5765,
    "spectral_loss": 0.0
}
                              
                              
----------------------------------------
Epoch 007 with LR 0.000100: Model Results
----------------------------------------
Train MSE Loss: 0.8430, Train CLS Loss: 0.0000, Train MCLS Loss: 0.0000
Protein Cluster Region Loss - Ortho Loss: 0.0000, Cluster Loss: 0.0000
                              
Validation Results: {
    "ci": 0.7192,
    "classification_loss": 0.0,
    "cluster_loss": 0.0,
    "mae": 1.1779,
    "mse": 2.2062,
    "multiclassification_loss": 0.0,
    "ortho_loss": 0.0,
    "pearson": 0.6206,
    "regression_loss": 2.2121,
    "rm2": 0.3592,
    "rmse": 1.4853,
    "sd": 1.4677,
    "spearman": 0.615,
    "spectral_loss": 0.0
}
                              
Test Results: {
    "ci": 0.7044,
    "classification_loss": 0.0,
    "cluster_loss": 0.0,
    "mae": 1.2082,
    "mse": 2.3616,
    "multiclassification_loss": 0.0,
    "ortho_loss": 0.0,
    "pearson": 0.5821,
    "regression_loss": 2.361,
    "rm2": 0.3176,
    "rmse": 1.5368,
    "sd": 1.5209,
    "spearman": 0.5765,
    "spectral_loss": 0.0
}
                              
                              
----------------------------------------
Epoch 008 with LR 0.000100: Model Results
----------------------------------------
Train MSE Loss: 0.7662, Train CLS Loss: 0.0000, Train MCLS Loss: 0.0000
Protein Cluster Region Loss - Ortho Loss: 0.0000, Cluster Loss: 0.0000
                              
Validation Results: {
    "ci": 0.7176,
    "classification_loss": 0.0,
    "cluster_loss": 0.0,
    "mae": 1.2112,
    "mse": 2.3354,
    "multiclassification_loss": 0.0,
    "ortho_loss": 0.0,
    "pearson": 0.6224,
    "regression_loss": 2.3456,
    "rm2": 0.3621,
    "rmse": 1.5282,
    "sd": 1.4651,
    "spearman": 0.6097,
    "spectral_loss": 0.0
}
                              
Test Results: {
    "ci": 0.7044,
    "classification_loss": 0.0,
    "cluster_loss": 0.0,
    "mae": 1.2082,
    "mse": 2.3616,
    "multiclassification_loss": 0.0,
    "ortho_loss": 0.0,
    "pearson": 0.5821,
    "regression_loss": 2.361,
    "rm2": 0.3176,
    "rmse": 1.5368,
    "sd": 1.5209,
    "spearman": 0.5765,
    "spectral_loss": 0.0
}
                              
                              
----------------------------------------
Epoch 009 with LR 0.000100: Model Results
----------------------------------------
Train MSE Loss: 0.7082, Train CLS Loss: 0.0000, Train MCLS Loss: 0.0000
Protein Cluster Region Loss - Ortho Loss: 0.0000, Cluster Loss: 0.0000
                              
Validation Results: {
    "ci": 0.7167,
    "classification_loss": 0.0,
    "cluster_loss": 0.0,
    "mae": 1.221,
    "mse": 2.493,
    "multiclassification_loss": 0.0,
    "ortho_loss": 0.0,
    "pearson": 0.6068,
    "regression_loss": 2.5021,
    "rm2": 0.2848,
    "rmse": 1.5789,
    "sd": 1.4879,
    "spearman": 0.6082,
    "spectral_loss": 0.0
}
                              
Test Results: {
    "ci": 0.7044,
    "classification_loss": 0.0,
    "cluster_loss": 0.0,
    "mae": 1.2082,
    "mse": 2.3616,
    "multiclassification_loss": 0.0,
    "ortho_loss": 0.0,
    "pearson": 0.5821,
    "regression_loss": 2.361,
    "rm2": 0.3176,
    "rmse": 1.5368,
    "sd": 1.5209,
    "spearman": 0.5765,
    "spectral_loss": 0.0
}
                              
                              
----------------------------------------
Epoch 010 with LR 0.000100: Model Results
----------------------------------------
Train MSE Loss: 0.6506, Train CLS Loss: 0.0000, Train MCLS Loss: 0.0000
Protein Cluster Region Loss - Ortho Loss: 0.0000, Cluster Loss: 0.0000
                              
Validation Results: {
    "ci": 0.7097,
    "classification_loss": 0.0,
    "cluster_loss": 0.0,
    "mae": 1.2133,
    "mse": 2.3628,
    "multiclassification_loss": 0.0,
    "ortho_loss": 0.0,
    "pearson": 0.5967,
    "regression_loss": 2.3711,
    "rm2": 0.3214,
    "rmse": 1.5371,
    "sd": 1.5022,
    "spearman": 0.5905,
    "spectral_loss": 0.0
}
                              
Test Results: {
    "ci": 0.7044,
    "classification_loss": 0.0,
    "cluster_loss": 0.0,
    "mae": 1.2082,
    "mse": 2.3616,
    "multiclassification_loss": 0.0,
    "ortho_loss": 0.0,
    "pearson": 0.5821,
    "regression_loss": 2.361,
    "rm2": 0.3176,
    "rmse": 1.5368,
    "sd": 1.5209,
    "spearman": 0.5765,
    "spectral_loss": 0.0
}
                              
                              
----------------------------------------
Epoch 011 with LR 0.000100: Model Results
----------------------------------------
Train MSE Loss: 0.6187, Train CLS Loss: 0.0000, Train MCLS Loss: 0.0000
Protein Cluster Region Loss - Ortho Loss: 0.0000, Cluster Loss: 0.0000
                              
Validation Results: {
    "ci": 0.7169,
    "classification_loss": 0.0,
    "cluster_loss": 0.0,
    "mae": 1.1925,
    "mse": 2.3276,
    "multiclassification_loss": 0.0,
    "ortho_loss": 0.0,
    "pearson": 0.6158,
    "regression_loss": 2.3354,
    "rm2": 0.3142,
    "rmse": 1.5257,
    "sd": 1.4749,
    "spearman": 0.6087,
    "spectral_loss": 0.0
}
                              
Test Results: {
    "ci": 0.7044,
    "classification_loss": 0.0,
    "cluster_loss": 0.0,
    "mae": 1.2082,
    "mse": 2.3616,
    "multiclassification_loss": 0.0,
    "ortho_loss": 0.0,
    "pearson": 0.5821,
    "regression_loss": 2.361,
    "rm2": 0.3176,
    "rmse": 1.5368,
    "sd": 1.5209,
    "spearman": 0.5765,
    "spectral_loss": 0.0
}
                              
                              
----------------------------------------
Epoch 012 with LR 0.000100: Model Results
----------------------------------------
Train MSE Loss: 0.5769, Train CLS Loss: 0.0000, Train MCLS Loss: 0.0000
Protein Cluster Region Loss - Ortho Loss: 0.0000, Cluster Loss: 0.0000
                              
Validation Results: {
    "ci": 0.7175,
    "classification_loss": 0.0,
    "cluster_loss": 0.0,
    "mae": 1.192,
    "mse": 2.3451,
    "multiclassification_loss": 0.0,
    "ortho_loss": 0.0,
    "pearson": 0.6182,
    "regression_loss": 2.3551,
    "rm2": 0.321,
    "rmse": 1.5314,
    "sd": 1.4713,
    "spearman": 0.6089,
    "spectral_loss": 0.0
}
                              
Test Results: {
    "ci": 0.7044,
    "classification_loss": 0.0,
    "cluster_loss": 0.0,
    "mae": 1.2082,
    "mse": 2.3616,
    "multiclassification_loss": 0.0,
    "ortho_loss": 0.0,
    "pearson": 0.5821,
    "regression_loss": 2.361,
    "rm2": 0.3176,
    "rmse": 1.5368,
    "sd": 1.5209,
    "spearman": 0.5765,
    "spectral_loss": 0.0
}
                              
                              
----------------------------------------
Epoch 013 with LR 0.000100: Model Results
----------------------------------------
Train MSE Loss: 0.5460, Train CLS Loss: 0.0000, Train MCLS Loss: 0.0000
Protein Cluster Region Loss - Ortho Loss: 0.0000, Cluster Loss: 0.0000
                              
Validation Results: {
    "ci": 0.7149,
    "classification_loss": 0.0,
    "cluster_loss": 0.0,
    "mae": 1.1974,
    "mse": 2.3731,
    "multiclassification_loss": 0.0,
    "ortho_loss": 0.0,
    "pearson": 0.6082,
    "regression_loss": 2.3832,
    "rm2": 0.3062,
    "rmse": 1.5405,
    "sd": 1.4859,
    "spearman": 0.6025,
    "spectral_loss": 0.0
}
                              
Test Results: {
    "ci": 0.7044,
    "classification_loss": 0.0,
    "cluster_loss": 0.0,
    "mae": 1.2082,
    "mse": 2.3616,
    "multiclassification_loss": 0.0,
    "ortho_loss": 0.0,
    "pearson": 0.5821,
    "regression_loss": 2.361,
    "rm2": 0.3176,
    "rmse": 1.5368,
    "sd": 1.5209,
    "spearman": 0.5765,
    "spectral_loss": 0.0
}
                              
                              
----------------------------------------
Epoch 014 with LR 0.000100: Model Results
----------------------------------------
Train MSE Loss: 0.5224, Train CLS Loss: 0.0000, Train MCLS Loss: 0.0000
Protein Cluster Region Loss - Ortho Loss: 0.0000, Cluster Loss: 0.0000
                              
Validation Results: {
    "ci": 0.7117,
    "classification_loss": 0.0,
    "cluster_loss": 0.0,
    "mae": 1.2241,
    "mse": 2.4568,
    "multiclassification_loss": 0.0,
    "ortho_loss": 0.0,
    "pearson": 0.6066,
    "regression_loss": 2.4678,
    "rm2": 0.2995,
    "rmse": 1.5674,
    "sd": 1.4881,
    "spearman": 0.5954,
    "spectral_loss": 0.0
}
                              
Test Results: {
    "ci": 0.7044,
    "classification_loss": 0.0,
    "cluster_loss": 0.0,
    "mae": 1.2082,
    "mse": 2.3616,
    "multiclassification_loss": 0.0,
    "ortho_loss": 0.0,
    "pearson": 0.5821,
    "regression_loss": 2.361,
    "rm2": 0.3176,
    "rmse": 1.5368,
    "sd": 1.5209,
    "spearman": 0.5765,
    "spectral_loss": 0.0
}
                              
                              
----------------------------------------
Epoch 015 with LR 0.000100: Model Results
----------------------------------------
Train MSE Loss: 0.5002, Train CLS Loss: 0.0000, Train MCLS Loss: 0.0000
Protein Cluster Region Loss - Ortho Loss: 0.0000, Cluster Loss: 0.0000
                              
Validation Results: {
    "ci": 0.7144,
    "classification_loss": 0.0,
    "cluster_loss": 0.0,
    "mae": 1.2505,
    "mse": 2.5405,
    "multiclassification_loss": 0.0,
    "ortho_loss": 0.0,
    "pearson": 0.6161,
    "regression_loss": 2.5563,
    "rm2": 0.3387,
    "rmse": 1.5939,
    "sd": 1.4744,
    "spearman": 0.6009,
    "spectral_loss": 0.0
}
                              
Test Results: {
    "ci": 0.7044,
    "classification_loss": 0.0,
    "cluster_loss": 0.0,
    "mae": 1.2082,
    "mse": 2.3616,
    "multiclassification_loss": 0.0,
    "ortho_loss": 0.0,
    "pearson": 0.5821,
    "regression_loss": 2.361,
    "rm2": 0.3176,
    "rmse": 1.5368,
    "sd": 1.5209,
    "spearman": 0.5765,
    "spectral_loss": 0.0
}
                              
                              
----------------------------------------
Epoch 016 with LR 0.000100: Model Results
----------------------------------------
Train MSE Loss: 0.4682, Train CLS Loss: 0.0000, Train MCLS Loss: 0.0000
Protein Cluster Region Loss - Ortho Loss: 0.0000, Cluster Loss: 0.0000
                              
Validation Results: {
    "ci": 0.716,
    "classification_loss": 0.0,
    "cluster_loss": 0.0,
    "mae": 1.1998,
    "mse": 2.3678,
    "multiclassification_loss": 0.0,
    "ortho_loss": 0.0,
    "pearson": 0.6119,
    "regression_loss": 2.3776,
    "rm2": 0.3236,
    "rmse": 1.5388,
    "sd": 1.4805,
    "spearman": 0.6042,
    "spectral_loss": 0.0
}
                              
Test Results: {
    "ci": 0.7044,
    "classification_loss": 0.0,
    "cluster_loss": 0.0,
    "mae": 1.2082,
    "mse": 2.3616,
    "multiclassification_loss": 0.0,
    "ortho_loss": 0.0,
    "pearson": 0.5821,
    "regression_loss": 2.361,
    "rm2": 0.3176,
    "rmse": 1.5368,
    "sd": 1.5209,
    "spearman": 0.5765,
    "spectral_loss": 0.0
}
                              
                              
----------------------------------------
Epoch 017 with LR 0.000100: Model Results
----------------------------------------
Train MSE Loss: 0.4505, Train CLS Loss: 0.0000, Train MCLS Loss: 0.0000
Protein Cluster Region Loss - Ortho Loss: 0.0000, Cluster Loss: 0.0000
                              
Validation Results: {
    "ci": 0.7121,
    "classification_loss": 0.0,
    "cluster_loss": 0.0,
    "mae": 1.2107,
    "mse": 2.4183,
    "multiclassification_loss": 0.0,
    "ortho_loss": 0.0,
    "pearson": 0.608,
    "regression_loss": 2.4332,
    "rm2": 0.3171,
    "rmse": 1.5551,
    "sd": 1.4862,
    "spearman": 0.5938,
    "spectral_loss": 0.0
}
                              
Test Results: {
    "ci": 0.7044,
    "classification_loss": 0.0,
    "cluster_loss": 0.0,
    "mae": 1.2082,
    "mse": 2.3616,
    "multiclassification_loss": 0.0,
    "ortho_loss": 0.0,
    "pearson": 0.5821,
    "regression_loss": 2.361,
    "rm2": 0.3176,
    "rmse": 1.5368,
    "sd": 1.5209,
    "spearman": 0.5765,
    "spectral_loss": 0.0
}
                              
                              
----------------------------------------
Epoch 018 with LR 0.000100: Model Results
----------------------------------------
Train MSE Loss: 0.4331, Train CLS Loss: 0.0000, Train MCLS Loss: 0.0000
Protein Cluster Region Loss - Ortho Loss: 0.0000, Cluster Loss: 0.0000
                              
Validation Results: {
    "ci": 0.7144,
    "classification_loss": 0.0,
    "cluster_loss": 0.0,
    "mae": 1.2061,
    "mse": 2.3917,
    "multiclassification_loss": 0.0,
    "ortho_loss": 0.0,
    "pearson": 0.6101,
    "regression_loss": 2.4008,
    "rm2": 0.3063,
    "rmse": 1.5465,
    "sd": 1.4831,
    "spearman": 0.601,
    "spectral_loss": 0.0
}
                              
Test Results: {
    "ci": 0.7044,
    "classification_loss": 0.0,
    "cluster_loss": 0.0,
    "mae": 1.2082,
    "mse": 2.3616,
    "multiclassification_loss": 0.0,
    "ortho_loss": 0.0,
    "pearson": 0.5821,
    "regression_loss": 2.361,
    "rm2": 0.3176,
    "rmse": 1.5368,
    "sd": 1.5209,
    "spearman": 0.5765,
    "spectral_loss": 0.0
}
                              
                              
----------------------------------------
Epoch 019 with LR 0.000100: Model Results
----------------------------------------
Train MSE Loss: 0.4153, Train CLS Loss: 0.0000, Train MCLS Loss: 0.0000
Protein Cluster Region Loss - Ortho Loss: 0.0000, Cluster Loss: 0.0000
                              
Validation Results: {
    "ci": 0.7107,
    "classification_loss": 0.0,
    "cluster_loss": 0.0,
    "mae": 1.2182,
    "mse": 2.4429,
    "multiclassification_loss": 0.0,
    "ortho_loss": 0.0,
    "pearson": 0.6042,
    "regression_loss": 2.4573,
    "rm2": 0.3019,
    "rmse": 1.563,
    "sd": 1.4915,
    "spearman": 0.5903,
    "spectral_loss": 0.0
}
                              
Test Results: {
    "ci": 0.7044,
    "classification_loss": 0.0,
    "cluster_loss": 0.0,
    "mae": 1.2082,
    "mse": 2.3616,
    "multiclassification_loss": 0.0,
    "ortho_loss": 0.0,
    "pearson": 0.5821,
    "regression_loss": 2.361,
    "rm2": 0.3176,
    "rmse": 1.5368,
    "sd": 1.5209,
    "spearman": 0.5765,
    "spectral_loss": 0.0
}
                              
                              
----------------------------------------
Epoch 020 with LR 0.000100: Model Results
----------------------------------------
Train MSE Loss: 0.4001, Train CLS Loss: 0.0000, Train MCLS Loss: 0.0000
Protein Cluster Region Loss - Ortho Loss: 0.0000, Cluster Loss: 0.0000
                              
Validation Results: {
    "ci": 0.7139,
    "classification_loss": 0.0,
    "cluster_loss": 0.0,
    "mae": 1.2159,
    "mse": 2.4116,
    "multiclassification_loss": 0.0,
    "ortho_loss": 0.0,
    "pearson": 0.6154,
    "regression_loss": 2.4242,
    "rm2": 0.3213,
    "rmse": 1.5529,
    "sd": 1.4754,
    "spearman": 0.5987,
    "spectral_loss": 0.0
}
                              
Test Results: {
    "ci": 0.7044,
    "classification_loss": 0.0,
    "cluster_loss": 0.0,
    "mae": 1.2082,
    "mse": 2.3616,
    "multiclassification_loss": 0.0,
    "ortho_loss": 0.0,
    "pearson": 0.5821,
    "regression_loss": 2.361,
    "rm2": 0.3176,
    "rmse": 1.5368,
    "sd": 1.5209,
    "spearman": 0.5765,
    "spectral_loss": 0.0
}
                              
                              
----------------------------------------
Epoch 021 with LR 0.000100: Model Results
----------------------------------------
Train MSE Loss: 0.3854, Train CLS Loss: 0.0000, Train MCLS Loss: 0.0000
Protein Cluster Region Loss - Ortho Loss: 0.0000, Cluster Loss: 0.0000
                              
Validation Results: {
    "ci": 0.717,
    "classification_loss": 0.0,
    "cluster_loss": 0.0,
    "mae": 1.194,
    "mse": 2.3333,
    "multiclassification_loss": 0.0,
    "ortho_loss": 0.0,
    "pearson": 0.62,
    "regression_loss": 2.3457,
    "rm2": 0.3454,
    "rmse": 1.5275,
    "sd": 1.4686,
    "spearman": 0.607,
    "spectral_loss": 0.0
}
                              
Test Results: {
    "ci": 0.7044,
    "classification_loss": 0.0,
    "cluster_loss": 0.0,
    "mae": 1.2082,
    "mse": 2.3616,
    "multiclassification_loss": 0.0,
    "ortho_loss": 0.0,
    "pearson": 0.5821,
    "regression_loss": 2.361,
    "rm2": 0.3176,
    "rmse": 1.5368,
    "sd": 1.5209,
    "spearman": 0.5765,
    "spectral_loss": 0.0
}
                              
                              
----------------------------------------
Epoch 022 with LR 0.000100: Model Results
----------------------------------------
Train MSE Loss: 0.3637, Train CLS Loss: 0.0000, Train MCLS Loss: 0.0000
Protein Cluster Region Loss - Ortho Loss: 0.0000, Cluster Loss: 0.0000
                              
Validation Results: {
    "ci": 0.7084,
    "classification_loss": 0.0,
    "cluster_loss": 0.0,
    "mae": 1.2096,
    "mse": 2.3977,
    "multiclassification_loss": 0.0,
    "ortho_loss": 0.0,
    "pearson": 0.6024,
    "regression_loss": 2.4064,
    "rm2": 0.3117,
    "rmse": 1.5485,
    "sd": 1.4941,
    "spearman": 0.587,
    "spectral_loss": 0.0
}
                              
Test Results: {
    "ci": 0.7044,
    "classification_loss": 0.0,
    "cluster_loss": 0.0,
    "mae": 1.2082,
    "mse": 2.3616,
    "multiclassification_loss": 0.0,
    "ortho_loss": 0.0,
    "pearson": 0.5821,
    "regression_loss": 2.361,
    "rm2": 0.3176,
    "rmse": 1.5368,
    "sd": 1.5209,
    "spearman": 0.5765,
    "spectral_loss": 0.0
}
                              
                              
----------------------------------------
Epoch 023 with LR 0.000100: Model Results
----------------------------------------
Train MSE Loss: 0.3601, Train CLS Loss: 0.0000, Train MCLS Loss: 0.0000
Protein Cluster Region Loss - Ortho Loss: 0.0000, Cluster Loss: 0.0000
                              
Validation Results: {
    "ci": 0.7077,
    "classification_loss": 0.0,
    "cluster_loss": 0.0,
    "mae": 1.2065,
    "mse": 2.4331,
    "multiclassification_loss": 0.0,
    "ortho_loss": 0.0,
    "pearson": 0.5964,
    "regression_loss": 2.4428,
    "rm2": 0.2985,
    "rmse": 1.5598,
    "sd": 1.5025,
    "spearman": 0.5835,
    "spectral_loss": 0.0
}
                              
Test Results: {
    "ci": 0.7044,
    "classification_loss": 0.0,
    "cluster_loss": 0.0,
    "mae": 1.2082,
    "mse": 2.3616,
    "multiclassification_loss": 0.0,
    "ortho_loss": 0.0,
    "pearson": 0.5821,
    "regression_loss": 2.361,
    "rm2": 0.3176,
    "rmse": 1.5368,
    "sd": 1.5209,
    "spearman": 0.5765,
    "spectral_loss": 0.0
}
                              
                              
----------------------------------------
Epoch 024 with LR 0.000100: Model Results
----------------------------------------
Train MSE Loss: 0.3504, Train CLS Loss: 0.0000, Train MCLS Loss: 0.0000
Protein Cluster Region Loss - Ortho Loss: 0.0000, Cluster Loss: 0.0000
                              
Validation Results: {
    "ci": 0.7111,
    "classification_loss": 0.0,
    "cluster_loss": 0.0,
    "mae": 1.2137,
    "mse": 2.4486,
    "multiclassification_loss": 0.0,
    "ortho_loss": 0.0,
    "pearson": 0.6045,
    "regression_loss": 2.4592,
    "rm2": 0.2935,
    "rmse": 1.5648,
    "sd": 1.4912,
    "spearman": 0.594,
    "spectral_loss": 0.0
}
                              
Test Results: {
    "ci": 0.7044,
    "classification_loss": 0.0,
    "cluster_loss": 0.0,
    "mae": 1.2082,
    "mse": 2.3616,
    "multiclassification_loss": 0.0,
    "ortho_loss": 0.0,
    "pearson": 0.5821,
    "regression_loss": 2.361,
    "rm2": 0.3176,
    "rmse": 1.5368,
    "sd": 1.5209,
    "spearman": 0.5765,
    "spectral_loss": 0.0
}
                              
                              
----------------------------------------
Epoch 025 with LR 0.000100: Model Results
----------------------------------------
Train MSE Loss: 0.3430, Train CLS Loss: 0.0000, Train MCLS Loss: 0.0000
Protein Cluster Region Loss - Ortho Loss: 0.0000, Cluster Loss: 0.0000
                              
Validation Results: {
    "ci": 0.7094,
    "classification_loss": 0.0,
    "cluster_loss": 0.0,
    "mae": 1.2341,
    "mse": 2.5035,
    "multiclassification_loss": 0.0,
    "ortho_loss": 0.0,
    "pearson": 0.5993,
    "regression_loss": 2.5174,
    "rm2": 0.308,
    "rmse": 1.5822,
    "sd": 1.4985,
    "spearman": 0.5873,
    "spectral_loss": 0.0
}
                              
Test Results: {
    "ci": 0.7044,
    "classification_loss": 0.0,
    "cluster_loss": 0.0,
    "mae": 1.2082,
    "mse": 2.3616,
    "multiclassification_loss": 0.0,
    "ortho_loss": 0.0,
    "pearson": 0.5821,
    "regression_loss": 2.361,
    "rm2": 0.3176,
    "rmse": 1.5368,
    "sd": 1.5209,
    "spearman": 0.5765,
    "spectral_loss": 0.0
}
                              
                              
----------------------------------------
Epoch 026 with LR 0.000100: Model Results
----------------------------------------
Train MSE Loss: 0.3220, Train CLS Loss: 0.0000, Train MCLS Loss: 0.0000
Protein Cluster Region Loss - Ortho Loss: 0.0000, Cluster Loss: 0.0000
                              
Validation Results: {
    "ci": 0.7136,
    "classification_loss": 0.0,
    "cluster_loss": 0.0,
    "mae": 1.2011,
    "mse": 2.3932,
    "multiclassification_loss": 0.0,
    "ortho_loss": 0.0,
    "pearson": 0.6144,
    "regression_loss": 2.4062,
    "rm2": 0.3183,
    "rmse": 1.547,
    "sd": 1.4768,
    "spearman": 0.5978,
    "spectral_loss": 0.0
}
                              
Test Results: {
    "ci": 0.7044,
    "classification_loss": 0.0,
    "cluster_loss": 0.0,
    "mae": 1.2082,
    "mse": 2.3616,
    "multiclassification_loss": 0.0,
    "ortho_loss": 0.0,
    "pearson": 0.5821,
    "regression_loss": 2.361,
    "rm2": 0.3176,
    "rmse": 1.5368,
    "sd": 1.5209,
    "spearman": 0.5765,
    "spectral_loss": 0.0
}
                              
                              
----------------------------------------
Epoch 027 with LR 0.000100: Model Results
----------------------------------------
Train MSE Loss: 0.3168, Train CLS Loss: 0.0000, Train MCLS Loss: 0.0000
Protein Cluster Region Loss - Ortho Loss: 0.0000, Cluster Loss: 0.0000
                              
Validation Results: {
    "ci": 0.7168,
    "classification_loss": 0.0,
    "cluster_loss": 0.0,
    "mae": 1.2205,
    "mse": 2.4191,
    "multiclassification_loss": 0.0,
    "ortho_loss": 0.0,
    "pearson": 0.6247,
    "regression_loss": 2.4355,
    "rm2": 0.331,
    "rmse": 1.5554,
    "sd": 1.4616,
    "spearman": 0.6062,
    "spectral_loss": 0.0
}
                              
Test Results: {
    "ci": 0.7044,
    "classification_loss": 0.0,
    "cluster_loss": 0.0,
    "mae": 1.2082,
    "mse": 2.3616,
    "multiclassification_loss": 0.0,
    "ortho_loss": 0.0,
    "pearson": 0.5821,
    "regression_loss": 2.361,
    "rm2": 0.3176,
    "rmse": 1.5368,
    "sd": 1.5209,
    "spearman": 0.5765,
    "spectral_loss": 0.0
}
                              
                              
----------------------------------------
Epoch 028 with LR 0.000100: Model Results
----------------------------------------
Train MSE Loss: 0.3116, Train CLS Loss: 0.0000, Train MCLS Loss: 0.0000
Protein Cluster Region Loss - Ortho Loss: 0.0000, Cluster Loss: 0.0000
                              
Validation Results: {
    "ci": 0.7112,
    "classification_loss": 0.0,
    "cluster_loss": 0.0,
    "mae": 1.2187,
    "mse": 2.4655,
    "multiclassification_loss": 0.0,
    "ortho_loss": 0.0,
    "pearson": 0.6039,
    "regression_loss": 2.4818,
    "rm2": 0.3021,
    "rmse": 1.5702,
    "sd": 1.492,
    "spearman": 0.5924,
    "spectral_loss": 0.0
}
                              
Test Results: {
    "ci": 0.7044,
    "classification_loss": 0.0,
    "cluster_loss": 0.0,
    "mae": 1.2082,
    "mse": 2.3616,
    "multiclassification_loss": 0.0,
    "ortho_loss": 0.0,
    "pearson": 0.5821,
    "regression_loss": 2.361,
    "rm2": 0.3176,
    "rmse": 1.5368,
    "sd": 1.5209,
    "spearman": 0.5765,
    "spectral_loss": 0.0
}
                              
                              
----------------------------------------
Epoch 029 with LR 0.000100: Model Results
----------------------------------------
Train MSE Loss: 0.3016, Train CLS Loss: 0.0000, Train MCLS Loss: 0.0000
Protein Cluster Region Loss - Ortho Loss: 0.0000, Cluster Loss: 0.0000
                              
Validation Results: {
    "ci": 0.7131,
    "classification_loss": 0.0,
    "cluster_loss": 0.0,
    "mae": 1.2032,
    "mse": 2.3973,
    "multiclassification_loss": 0.0,
    "ortho_loss": 0.0,
    "pearson": 0.613,
    "regression_loss": 2.4117,
    "rm2": 0.3131,
    "rmse": 1.5483,
    "sd": 1.4789,
    "spearman": 0.5969,
    "spectral_loss": 0.0
}
                              
Test Results: {
    "ci": 0.7044,
    "classification_loss": 0.0,
    "cluster_loss": 0.0,
    "mae": 1.2082,
    "mse": 2.3616,
    "multiclassification_loss": 0.0,
    "ortho_loss": 0.0,
    "pearson": 0.5821,
    "regression_loss": 2.361,
    "rm2": 0.3176,
    "rmse": 1.5368,
    "sd": 1.5209,
    "spearman": 0.5765,
    "spectral_loss": 0.0
}
                              
                              
----------------------------------------
Epoch 030 with LR 0.000100: Model Results
----------------------------------------
Train MSE Loss: 0.2904, Train CLS Loss: 0.0000, Train MCLS Loss: 0.0000
Protein Cluster Region Loss - Ortho Loss: 0.0000, Cluster Loss: 0.0000
                              
Validation Results: {
    "ci": 0.7064,
    "classification_loss": 0.0,
    "cluster_loss": 0.0,
    "mae": 1.2264,
    "mse": 2.4935,
    "multiclassification_loss": 0.0,
    "ortho_loss": 0.0,
    "pearson": 0.6008,
    "regression_loss": 2.5108,
    "rm2": 0.3009,
    "rmse": 1.5791,
    "sd": 1.4963,
    "spearman": 0.5783,
    "spectral_loss": 0.0
}
                              
Test Results: {
    "ci": 0.7044,
    "classification_loss": 0.0,
    "cluster_loss": 0.0,
    "mae": 1.2082,
    "mse": 2.3616,
    "multiclassification_loss": 0.0,
    "ortho_loss": 0.0,
    "pearson": 0.5821,
    "regression_loss": 2.361,
    "rm2": 0.3176,
    "rmse": 1.5368,
    "sd": 1.5209,
    "spearman": 0.5765,
    "spectral_loss": 0.0
}
                              
                              
----------------------------------------
Epoch 031 with LR 0.000100: Model Results
----------------------------------------
Train MSE Loss: 0.2843, Train CLS Loss: 0.0000, Train MCLS Loss: 0.0000
Protein Cluster Region Loss - Ortho Loss: 0.0000, Cluster Loss: 0.0000
                              
Validation Results: {
    "ci": 0.7101,
    "classification_loss": 0.0,
    "cluster_loss": 0.0,
    "mae": 1.2067,
    "mse": 2.3915,
    "multiclassification_loss": 0.0,
    "ortho_loss": 0.0,
    "pearson": 0.6064,
    "regression_loss": 2.4029,
    "rm2": 0.3063,
    "rmse": 1.5465,
    "sd": 1.4884,
    "spearman": 0.5901,
    "spectral_loss": 0.0
}
                              
Test Results: {
    "ci": 0.7044,
    "classification_loss": 0.0,
    "cluster_loss": 0.0,
    "mae": 1.2082,
    "mse": 2.3616,
    "multiclassification_loss": 0.0,
    "ortho_loss": 0.0,
    "pearson": 0.5821,
    "regression_loss": 2.361,
    "rm2": 0.3176,
    "rmse": 1.5368,
    "sd": 1.5209,
    "spearman": 0.5765,
    "spectral_loss": 0.0
}
                              
                              
----------------------------------------
Epoch 032 with LR 0.000100: Model Results
----------------------------------------
Train MSE Loss: 0.2787, Train CLS Loss: 0.0000, Train MCLS Loss: 0.0000
Protein Cluster Region Loss - Ortho Loss: 0.0000, Cluster Loss: 0.0000
                              
Validation Results: {
    "ci": 0.7093,
    "classification_loss": 0.0,
    "cluster_loss": 0.0,
    "mae": 1.2275,
    "mse": 2.4739,
    "multiclassification_loss": 0.0,
    "ortho_loss": 0.0,
    "pearson": 0.6051,
    "regression_loss": 2.4889,
    "rm2": 0.305,
    "rmse": 1.5729,
    "sd": 1.4903,
    "spearman": 0.588,
    "spectral_loss": 0.0
}
                              
Test Results: {
    "ci": 0.7044,
    "classification_loss": 0.0,
    "cluster_loss": 0.0,
    "mae": 1.2082,
    "mse": 2.3616,
    "multiclassification_loss": 0.0,
    "ortho_loss": 0.0,
    "pearson": 0.5821,
    "regression_loss": 2.361,
    "rm2": 0.3176,
    "rmse": 1.5368,
    "sd": 1.5209,
    "spearman": 0.5765,
    "spectral_loss": 0.0
}
                              
                              
----------------------------------------
Epoch 033 with LR 0.000100: Model Results
----------------------------------------
Train MSE Loss: 0.2721, Train CLS Loss: 0.0000, Train MCLS Loss: 0.0000
Protein Cluster Region Loss - Ortho Loss: 0.0000, Cluster Loss: 0.0000
                              
Validation Results: {
    "ci": 0.7071,
    "classification_loss": 0.0,
    "cluster_loss": 0.0,
    "mae": 1.2539,
    "mse": 2.6333,
    "multiclassification_loss": 0.0,
    "ortho_loss": 0.0,
    "pearson": 0.5893,
    "regression_loss": 2.6522,
    "rm2": 0.2845,
    "rmse": 1.6228,
    "sd": 1.5122,
    "spearman": 0.5826,
    "spectral_loss": 0.0
}
                              
Test Results: {
    "ci": 0.7044,
    "classification_loss": 0.0,
    "cluster_loss": 0.0,
    "mae": 1.2082,
    "mse": 2.3616,
    "multiclassification_loss": 0.0,
    "ortho_loss": 0.0,
    "pearson": 0.5821,
    "regression_loss": 2.361,
    "rm2": 0.3176,
    "rmse": 1.5368,
    "sd": 1.5209,
    "spearman": 0.5765,
    "spectral_loss": 0.0
}
                              
                              
----------------------------------------
Epoch 034 with LR 0.000100: Model Results
----------------------------------------
Train MSE Loss: 0.2621, Train CLS Loss: 0.0000, Train MCLS Loss: 0.0000
Protein Cluster Region Loss - Ortho Loss: 0.0000, Cluster Loss: 0.0000
                              
Validation Results: {
    "ci": 0.7094,
    "classification_loss": 0.0,
    "cluster_loss": 0.0,
    "mae": 1.2182,
    "mse": 2.4387,
    "multiclassification_loss": 0.0,
    "ortho_loss": 0.0,
    "pearson": 0.6056,
    "regression_loss": 2.4523,
    "rm2": 0.3071,
    "rmse": 1.5616,
    "sd": 1.4896,
    "spearman": 0.5886,
    "spectral_loss": 0.0
}
                              
Test Results: {
    "ci": 0.7044,
    "classification_loss": 0.0,
    "cluster_loss": 0.0,
    "mae": 1.2082,
    "mse": 2.3616,
    "multiclassification_loss": 0.0,
    "ortho_loss": 0.0,
    "pearson": 0.5821,
    "regression_loss": 2.361,
    "rm2": 0.3176,
    "rmse": 1.5368,
    "sd": 1.5209,
    "spearman": 0.5765,
    "spectral_loss": 0.0
}
                              
                              
----------------------------------------
Epoch 035 with LR 0.000100: Model Results
----------------------------------------
Train MSE Loss: 0.2576, Train CLS Loss: 0.0000, Train MCLS Loss: 0.0000
Protein Cluster Region Loss - Ortho Loss: 0.0000, Cluster Loss: 0.0000
                              
Validation Results: {
    "ci": 0.7119,
    "classification_loss": 0.0,
    "cluster_loss": 0.0,
    "mae": 1.2125,
    "mse": 2.4579,
    "multiclassification_loss": 0.0,
    "ortho_loss": 0.0,
    "pearson": 0.6046,
    "regression_loss": 2.4728,
    "rm2": 0.3051,
    "rmse": 1.5678,
    "sd": 1.491,
    "spearman": 0.5938,
    "spectral_loss": 0.0
}
                              
Test Results: {
    "ci": 0.7044,
    "classification_loss": 0.0,
    "cluster_loss": 0.0,
    "mae": 1.2082,
    "mse": 2.3616,
    "multiclassification_loss": 0.0,
    "ortho_loss": 0.0,
    "pearson": 0.5821,
    "regression_loss": 2.361,
    "rm2": 0.3176,
    "rmse": 1.5368,
    "sd": 1.5209,
    "spearman": 0.5765,
    "spectral_loss": 0.0
}
                              
                              
----------------------------------------
Epoch 036 with LR 0.000100: Model Results
----------------------------------------
Train MSE Loss: 0.2535, Train CLS Loss: 0.0000, Train MCLS Loss: 0.0000
Protein Cluster Region Loss - Ortho Loss: 0.0000, Cluster Loss: 0.0000
                              
Validation Results: {
    "ci": 0.7094,
    "classification_loss": 0.0,
    "cluster_loss": 0.0,
    "mae": 1.2101,
    "mse": 2.4373,
    "multiclassification_loss": 0.0,
    "ortho_loss": 0.0,
    "pearson": 0.6048,
    "regression_loss": 2.4504,
    "rm2": 0.3019,
    "rmse": 1.5612,
    "sd": 1.4907,
    "spearman": 0.5869,
    "spectral_loss": 0.0
}
                              
Test Results: {
    "ci": 0.7044,
    "classification_loss": 0.0,
    "cluster_loss": 0.0,
    "mae": 1.2082,
    "mse": 2.3616,
    "multiclassification_loss": 0.0,
    "ortho_loss": 0.0,
    "pearson": 0.5821,
    "regression_loss": 2.361,
    "rm2": 0.3176,
    "rmse": 1.5368,
    "sd": 1.5209,
    "spearman": 0.5765,
    "spectral_loss": 0.0
}
                              
                              
----------------------------------------
Epoch 037 with LR 0.000100: Model Results
----------------------------------------
Train MSE Loss: 0.2446, Train CLS Loss: 0.0000, Train MCLS Loss: 0.0000
Protein Cluster Region Loss - Ortho Loss: 0.0000, Cluster Loss: 0.0000
                              
Validation Results: {
    "ci": 0.7116,
    "classification_loss": 0.0,
    "cluster_loss": 0.0,
    "mae": 1.2139,
    "mse": 2.4703,
    "multiclassification_loss": 0.0,
    "ortho_loss": 0.0,
    "pearson": 0.6133,
    "regression_loss": 2.4836,
    "rm2": 0.3028,
    "rmse": 1.5717,
    "sd": 1.4785,
    "spearman": 0.5929,
    "spectral_loss": 0.0
}
                              
Test Results: {
    "ci": 0.7044,
    "classification_loss": 0.0,
    "cluster_loss": 0.0,
    "mae": 1.2082,
    "mse": 2.3616,
    "multiclassification_loss": 0.0,
    "ortho_loss": 0.0,
    "pearson": 0.5821,
    "regression_loss": 2.361,
    "rm2": 0.3176,
    "rmse": 1.5368,
    "sd": 1.5209,
    "spearman": 0.5765,
    "spectral_loss": 0.0
}
                              
                              
----------------------------------------
Epoch 038 with LR 0.000100: Model Results
----------------------------------------
Train MSE Loss: 0.2403, Train CLS Loss: 0.0000, Train MCLS Loss: 0.0000
Protein Cluster Region Loss - Ortho Loss: 0.0000, Cluster Loss: 0.0000
                              
Validation Results: {
    "ci": 0.7085,
    "classification_loss": 0.0,
    "cluster_loss": 0.0,
    "mae": 1.2267,
    "mse": 2.4805,
    "multiclassification_loss": 0.0,
    "ortho_loss": 0.0,
    "pearson": 0.6043,
    "regression_loss": 2.4959,
    "rm2": 0.3039,
    "rmse": 1.575,
    "sd": 1.4915,
    "spearman": 0.5868,
    "spectral_loss": 0.0
}
                              
Test Results: {
    "ci": 0.7044,
    "classification_loss": 0.0,
    "cluster_loss": 0.0,
    "mae": 1.2082,
    "mse": 2.3616,
    "multiclassification_loss": 0.0,
    "ortho_loss": 0.0,
    "pearson": 0.5821,
    "regression_loss": 2.361,
    "rm2": 0.3176,
    "rmse": 1.5368,
    "sd": 1.5209,
    "spearman": 0.5765,
    "spectral_loss": 0.0
}
                              
                              
----------------------------------------
Epoch 039 with LR 0.000100: Model Results
----------------------------------------
Train MSE Loss: 0.2394, Train CLS Loss: 0.0000, Train MCLS Loss: 0.0000
Protein Cluster Region Loss - Ortho Loss: 0.0000, Cluster Loss: 0.0000
                              
Validation Results: {
    "ci": 0.7123,
    "classification_loss": 0.0,
    "cluster_loss": 0.0,
    "mae": 1.2268,
    "mse": 2.4793,
    "multiclassification_loss": 0.0,
    "ortho_loss": 0.0,
    "pearson": 0.6132,
    "regression_loss": 2.4947,
    "rm2": 0.329,
    "rmse": 1.5746,
    "sd": 1.4787,
    "spearman": 0.5942,
    "spectral_loss": 0.0
}
                              
Test Results: {
    "ci": 0.7044,
    "classification_loss": 0.0,
    "cluster_loss": 0.0,
    "mae": 1.2082,
    "mse": 2.3616,
    "multiclassification_loss": 0.0,
    "ortho_loss": 0.0,
    "pearson": 0.5821,
    "regression_loss": 2.361,
    "rm2": 0.3176,
    "rmse": 1.5368,
    "sd": 1.5209,
    "spearman": 0.5765,
    "spectral_loss": 0.0
}
                              
                              
----------------------------------------
Epoch 040 with LR 0.000100: Model Results
----------------------------------------
Train MSE Loss: 0.2301, Train CLS Loss: 0.0000, Train MCLS Loss: 0.0000
Protein Cluster Region Loss - Ortho Loss: 0.0000, Cluster Loss: 0.0000
                              
Validation Results: {
    "ci": 0.714,
    "classification_loss": 0.0,
    "cluster_loss": 0.0,
    "mae": 1.2032,
    "mse": 2.4268,
    "multiclassification_loss": 0.0,
    "ortho_loss": 0.0,
    "pearson": 0.6129,
    "regression_loss": 2.4389,
    "rm2": 0.3018,
    "rmse": 1.5578,
    "sd": 1.4792,
    "spearman": 0.6003,
    "spectral_loss": 0.0
}
                              
Test Results: {
    "ci": 0.7044,
    "classification_loss": 0.0,
    "cluster_loss": 0.0,
    "mae": 1.2082,
    "mse": 2.3616,
    "multiclassification_loss": 0.0,
    "ortho_loss": 0.0,
    "pearson": 0.5821,
    "regression_loss": 2.361,
    "rm2": 0.3176,
    "rmse": 1.5368,
    "sd": 1.5209,
    "spearman": 0.5765,
    "spectral_loss": 0.0
}
                              
                              
----------------------------------------
Epoch 041 with LR 0.000100: Model Results
----------------------------------------
Train MSE Loss: 0.2245, Train CLS Loss: 0.0000, Train MCLS Loss: 0.0000
Protein Cluster Region Loss - Ortho Loss: 0.0000, Cluster Loss: 0.0000
                              
Validation Results: {
    "ci": 0.7138,
    "classification_loss": 0.0,
    "cluster_loss": 0.0,
    "mae": 1.199,
    "mse": 2.4062,
    "multiclassification_loss": 0.0,
    "ortho_loss": 0.0,
    "pearson": 0.6169,
    "regression_loss": 2.4155,
    "rm2": 0.3125,
    "rmse": 1.5512,
    "sd": 1.4732,
    "spearman": 0.5983,
    "spectral_loss": 0.0
}
                              
Test Results: {
    "ci": 0.7044,
    "classification_loss": 0.0,
    "cluster_loss": 0.0,
    "mae": 1.2082,
    "mse": 2.3616,
    "multiclassification_loss": 0.0,
    "ortho_loss": 0.0,
    "pearson": 0.5821,
    "regression_loss": 2.361,
    "rm2": 0.3176,
    "rmse": 1.5368,
    "sd": 1.5209,
    "spearman": 0.5765,
    "spectral_loss": 0.0
}
                              
                              
----------------------------------------
Epoch 042 with LR 0.000100: Model Results
----------------------------------------
Train MSE Loss: 0.2170, Train CLS Loss: 0.0000, Train MCLS Loss: 0.0000
Protein Cluster Region Loss - Ortho Loss: 0.0000, Cluster Loss: 0.0000
                              
Validation Results: {
    "ci": 0.7154,
    "classification_loss": 0.0,
    "cluster_loss": 0.0,
    "mae": 1.1954,
    "mse": 2.3771,
    "multiclassification_loss": 0.0,
    "ortho_loss": 0.0,
    "pearson": 0.615,
    "regression_loss": 2.384,
    "rm2": 0.3178,
    "rmse": 1.5418,
    "sd": 1.4761,
    "spearman": 0.6033,
    "spectral_loss": 0.0
}
                              
Test Results: {
    "ci": 0.7044,
    "classification_loss": 0.0,
    "cluster_loss": 0.0,
    "mae": 1.2082,
    "mse": 2.3616,
    "multiclassification_loss": 0.0,
    "ortho_loss": 0.0,
    "pearson": 0.5821,
    "regression_loss": 2.361,
    "rm2": 0.3176,
    "rmse": 1.5368,
    "sd": 1.5209,
    "spearman": 0.5765,
    "spectral_loss": 0.0
}
                              
                              
----------------------------------------
Epoch 043 with LR 0.000100: Model Results
----------------------------------------
Train MSE Loss: 0.2163, Train CLS Loss: 0.0000, Train MCLS Loss: 0.0000
Protein Cluster Region Loss - Ortho Loss: 0.0000, Cluster Loss: 0.0000
                              
Validation Results: {
    "ci": 0.7115,
    "classification_loss": 0.0,
    "cluster_loss": 0.0,
    "mae": 1.2112,
    "mse": 2.413,
    "multiclassification_loss": 0.0,
    "ortho_loss": 0.0,
    "pearson": 0.6123,
    "regression_loss": 2.4225,
    "rm2": 0.3144,
    "rmse": 1.5534,
    "sd": 1.4799,
    "spearman": 0.5942,
    "spectral_loss": 0.0
}
                              
Test Results: {
    "ci": 0.7044,
    "classification_loss": 0.0,
    "cluster_loss": 0.0,
    "mae": 1.2082,
    "mse": 2.3616,
    "multiclassification_loss": 0.0,
    "ortho_loss": 0.0,
    "pearson": 0.5821,
    "regression_loss": 2.361,
    "rm2": 0.3176,
    "rmse": 1.5368,
    "sd": 1.5209,
    "spearman": 0.5765,
    "spectral_loss": 0.0
}
                              
                              
----------------------------------------
Epoch 044 with LR 0.000100: Model Results
----------------------------------------
Train MSE Loss: 0.2093, Train CLS Loss: 0.0000, Train MCLS Loss: 0.0000
Protein Cluster Region Loss - Ortho Loss: 0.0000, Cluster Loss: 0.0000
                              
Validation Results: {
    "ci": 0.7097,
    "classification_loss": 0.0,
    "cluster_loss": 0.0,
    "mae": 1.2353,
    "mse": 2.5526,
    "multiclassification_loss": 0.0,
    "ortho_loss": 0.0,
    "pearson": 0.6022,
    "regression_loss": 2.5686,
    "rm2": 0.2933,
    "rmse": 1.5977,
    "sd": 1.4944,
    "spearman": 0.5891,
    "spectral_loss": 0.0
}
                              
Test Results: {
    "ci": 0.7044,
    "classification_loss": 0.0,
    "cluster_loss": 0.0,
    "mae": 1.2082,
    "mse": 2.3616,
    "multiclassification_loss": 0.0,
    "ortho_loss": 0.0,
    "pearson": 0.5821,
    "regression_loss": 2.361,
    "rm2": 0.3176,
    "rmse": 1.5368,
    "sd": 1.5209,
    "spearman": 0.5765,
    "spectral_loss": 0.0
}
                              
                              
----------------------------------------
Epoch 045 with LR 0.000100: Model Results
----------------------------------------
Train MSE Loss: 0.2065, Train CLS Loss: 0.0000, Train MCLS Loss: 0.0000
Protein Cluster Region Loss - Ortho Loss: 0.0000, Cluster Loss: 0.0000
                              
Validation Results: {
    "ci": 0.7102,
    "classification_loss": 0.0,
    "cluster_loss": 0.0,
    "mae": 1.2155,
    "mse": 2.4206,
    "multiclassification_loss": 0.0,
    "ortho_loss": 0.0,
    "pearson": 0.6073,
    "regression_loss": 2.4279,
    "rm2": 0.3201,
    "rmse": 1.5558,
    "sd": 1.4872,
    "spearman": 0.591,
    "spectral_loss": 0.0
}
                              
Test Results: {
    "ci": 0.7044,
    "classification_loss": 0.0,
    "cluster_loss": 0.0,
    "mae": 1.2082,
    "mse": 2.3616,
    "multiclassification_loss": 0.0,
    "ortho_loss": 0.0,
    "pearson": 0.5821,
    "regression_loss": 2.361,
    "rm2": 0.3176,
    "rmse": 1.5368,
    "sd": 1.5209,
    "spearman": 0.5765,
    "spectral_loss": 0.0
}
                              
                              
----------------------------------------
Epoch 046 with LR 0.000100: Model Results
----------------------------------------
Train MSE Loss: 0.2011, Train CLS Loss: 0.0000, Train MCLS Loss: 0.0000
Protein Cluster Region Loss - Ortho Loss: 0.0000, Cluster Loss: 0.0000
                              
Validation Results: {
    "ci": 0.7102,
    "classification_loss": 0.0,
    "cluster_loss": 0.0,
    "mae": 1.2355,
    "mse": 2.5456,
    "multiclassification_loss": 0.0,
    "ortho_loss": 0.0,
    "pearson": 0.606,
    "regression_loss": 2.5648,
    "rm2": 0.3028,
    "rmse": 1.5955,
    "sd": 1.489,
    "spearman": 0.5896,
    "spectral_loss": 0.0
}
                              
Test Results: {
    "ci": 0.7044,
    "classification_loss": 0.0,
    "cluster_loss": 0.0,
    "mae": 1.2082,
    "mse": 2.3616,
    "multiclassification_loss": 0.0,
    "ortho_loss": 0.0,
    "pearson": 0.5821,
    "regression_loss": 2.361,
    "rm2": 0.3176,
    "rmse": 1.5368,
    "sd": 1.5209,
    "spearman": 0.5765,
    "spectral_loss": 0.0
}
                              
                              
----------------------------------------
Epoch 047 with LR 0.000100: Model Results
----------------------------------------
Train MSE Loss: 0.1981, Train CLS Loss: 0.0000, Train MCLS Loss: 0.0000
Protein Cluster Region Loss - Ortho Loss: 0.0000, Cluster Loss: 0.0000
                              
Validation Results: {
    "ci": 0.7116,
    "classification_loss": 0.0,
    "cluster_loss": 0.0,
    "mae": 1.2108,
    "mse": 2.4626,
    "multiclassification_loss": 0.0,
    "ortho_loss": 0.0,
    "pearson": 0.6031,
    "regression_loss": 2.4732,
    "rm2": 0.2963,
    "rmse": 1.5693,
    "sd": 1.4931,
    "spearman": 0.5942,
    "spectral_loss": 0.0
}
                              
Test Results: {
    "ci": 0.7044,
    "classification_loss": 0.0,
    "cluster_loss": 0.0,
    "mae": 1.2082,
    "mse": 2.3616,
    "multiclassification_loss": 0.0,
    "ortho_loss": 0.0,
    "pearson": 0.5821,
    "regression_loss": 2.361,
    "rm2": 0.3176,
    "rmse": 1.5368,
    "sd": 1.5209,
    "spearman": 0.5765,
    "spectral_loss": 0.0
}
                              
                              
----------------------------------------
Epoch 048 with LR 0.000100: Model Results
----------------------------------------
Train MSE Loss: 0.1904, Train CLS Loss: 0.0000, Train MCLS Loss: 0.0000
Protein Cluster Region Loss - Ortho Loss: 0.0000, Cluster Loss: 0.0000
                              
Validation Results: {
    "ci": 0.7156,
    "classification_loss": 0.0,
    "cluster_loss": 0.0,
    "mae": 1.2137,
    "mse": 2.4418,
    "multiclassification_loss": 0.0,
    "ortho_loss": 0.0,
    "pearson": 0.6163,
    "regression_loss": 2.4584,
    "rm2": 0.3139,
    "rmse": 1.5626,
    "sd": 1.4741,
    "spearman": 0.604,
    "spectral_loss": 0.0
}
                              
Test Results: {
    "ci": 0.7044,
    "classification_loss": 0.0,
    "cluster_loss": 0.0,
    "mae": 1.2082,
    "mse": 2.3616,
    "multiclassification_loss": 0.0,
    "ortho_loss": 0.0,
    "pearson": 0.5821,
    "regression_loss": 2.361,
    "rm2": 0.3176,
    "rmse": 1.5368,
    "sd": 1.5209,
    "spearman": 0.5765,
    "spectral_loss": 0.0
}
                              
                              
----------------------------------------
Epoch 049 with LR 0.000100: Model Results
----------------------------------------
Train MSE Loss: 0.1900, Train CLS Loss: 0.0000, Train MCLS Loss: 0.0000
Protein Cluster Region Loss - Ortho Loss: 0.0000, Cluster Loss: 0.0000
                              
Validation Results: {
    "ci": 0.7124,
    "classification_loss": 0.0,
    "cluster_loss": 0.0,
    "mae": 1.2042,
    "mse": 2.4006,
    "multiclassification_loss": 0.0,
    "ortho_loss": 0.0,
    "pearson": 0.6122,
    "regression_loss": 2.4109,
    "rm2": 0.3126,
    "rmse": 1.5494,
    "sd": 1.4802,
    "spearman": 0.5952,
    "spectral_loss": 0.0
}
                              
Test Results: {
    "ci": 0.7044,
    "classification_loss": 0.0,
    "cluster_loss": 0.0,
    "mae": 1.2082,
    "mse": 2.3616,
    "multiclassification_loss": 0.0,
    "ortho_loss": 0.0,
    "pearson": 0.5821,
    "regression_loss": 2.361,
    "rm2": 0.3176,
    "rmse": 1.5368,
    "sd": 1.5209,
    "spearman": 0.5765,
    "spectral_loss": 0.0
}
                              
                              
----------------------------------------
Epoch 050 with LR 0.000100: Model Results
----------------------------------------
Train MSE Loss: 0.1889, Train CLS Loss: 0.0000, Train MCLS Loss: 0.0000
Protein Cluster Region Loss - Ortho Loss: 0.0000, Cluster Loss: 0.0000
                              
Validation Results: {
    "ci": 0.7104,
    "classification_loss": 0.0,
    "cluster_loss": 0.0,
    "mae": 1.2247,
    "mse": 2.5304,
    "multiclassification_loss": 0.0,
    "ortho_loss": 0.0,
    "pearson": 0.5997,
    "regression_loss": 2.545,
    "rm2": 0.2937,
    "rmse": 1.5907,
    "sd": 1.498,
    "spearman": 0.5916,
    "spectral_loss": 0.0
}
                              
Test Results: {
    "ci": 0.7044,
    "classification_loss": 0.0,
    "cluster_loss": 0.0,
    "mae": 1.2082,
    "mse": 2.3616,
    "multiclassification_loss": 0.0,
    "ortho_loss": 0.0,
    "pearson": 0.5821,
    "regression_loss": 2.361,
    "rm2": 0.3176,
    "rmse": 1.5368,
    "sd": 1.5209,
    "spearman": 0.5765,
    "spectral_loss": 0.0
}
                              
                              
----------------------------------------
Epoch 051 with LR 0.000100: Model Results
----------------------------------------
Train MSE Loss: 0.1830, Train CLS Loss: 0.0000, Train MCLS Loss: 0.0000
Protein Cluster Region Loss - Ortho Loss: 0.0000, Cluster Loss: 0.0000
                              
Validation Results: {
    "ci": 0.7082,
    "classification_loss": 0.0,
    "cluster_loss": 0.0,
    "mae": 1.2362,
    "mse": 2.5195,
    "multiclassification_loss": 0.0,
    "ortho_loss": 0.0,
    "pearson": 0.5985,
    "regression_loss": 2.5334,
    "rm2": 0.3066,
    "rmse": 1.5873,
    "sd": 1.4996,
    "spearman": 0.5856,
    "spectral_loss": 0.0
}
                              
Test Results: {
    "ci": 0.7044,
    "classification_loss": 0.0,
    "cluster_loss": 0.0,
    "mae": 1.2082,
    "mse": 2.3616,
    "multiclassification_loss": 0.0,
    "ortho_loss": 0.0,
    "pearson": 0.5821,
    "regression_loss": 2.361,
    "rm2": 0.3176,
    "rmse": 1.5368,
    "sd": 1.5209,
    "spearman": 0.5765,
    "spectral_loss": 0.0
}
                              
                              
----------------------------------------
Epoch 052 with LR 0.000100: Model Results
----------------------------------------
Train MSE Loss: 0.1770, Train CLS Loss: 0.0000, Train MCLS Loss: 0.0000
Protein Cluster Region Loss - Ortho Loss: 0.0000, Cluster Loss: 0.0000
                              
Validation Results: {
    "ci": 0.7159,
    "classification_loss": 0.0,
    "cluster_loss": 0.0,
    "mae": 1.2011,
    "mse": 2.4245,
    "multiclassification_loss": 0.0,
    "ortho_loss": 0.0,
    "pearson": 0.6186,
    "regression_loss": 2.436,
    "rm2": 0.3064,
    "rmse": 1.5571,
    "sd": 1.4707,
    "spearman": 0.6041,
    "spectral_loss": 0.0
}
                              
Test Results: {
    "ci": 0.7044,
    "classification_loss": 0.0,
    "cluster_loss": 0.0,
    "mae": 1.2082,
    "mse": 2.3616,
    "multiclassification_loss": 0.0,
    "ortho_loss": 0.0,
    "pearson": 0.5821,
    "regression_loss": 2.361,
    "rm2": 0.3176,
    "rmse": 1.5368,
    "sd": 1.5209,
    "spearman": 0.5765,
    "spectral_loss": 0.0
}
                              
                              
----------------------------------------
Epoch 053 with LR 0.000100: Model Results
----------------------------------------
Train MSE Loss: 0.1733, Train CLS Loss: 0.0000, Train MCLS Loss: 0.0000
Protein Cluster Region Loss - Ortho Loss: 0.0000, Cluster Loss: 0.0000
                              
Validation Results: {
    "ci": 0.7088,
    "classification_loss": 0.0,
    "cluster_loss": 0.0,
    "mae": 1.2249,
    "mse": 2.5009,
    "multiclassification_loss": 0.0,
    "ortho_loss": 0.0,
    "pearson": 0.6031,
    "regression_loss": 2.5121,
    "rm2": 0.2954,
    "rmse": 1.5814,
    "sd": 1.4932,
    "spearman": 0.5864,
    "spectral_loss": 0.0
}
                              
Test Results: {
    "ci": 0.7044,
    "classification_loss": 0.0,
    "cluster_loss": 0.0,
    "mae": 1.2082,
    "mse": 2.3616,
    "multiclassification_loss": 0.0,
    "ortho_loss": 0.0,
    "pearson": 0.5821,
    "regression_loss": 2.361,
    "rm2": 0.3176,
    "rmse": 1.5368,
    "sd": 1.5209,
    "spearman": 0.5765,
    "spectral_loss": 0.0
}
                              
                              
----------------------------------------
Epoch 054 with LR 0.000100: Model Results
----------------------------------------
Train MSE Loss: 0.1712, Train CLS Loss: 0.0000, Train MCLS Loss: 0.0000
Protein Cluster Region Loss - Ortho Loss: 0.0000, Cluster Loss: 0.0000
                              
Validation Results: {
    "ci": 0.7123,
    "classification_loss": 0.0,
    "cluster_loss": 0.0,
    "mae": 1.2447,
    "mse": 2.5626,
    "multiclassification_loss": 0.0,
    "ortho_loss": 0.0,
    "pearson": 0.6091,
    "regression_loss": 2.5774,
    "rm2": 0.313,
    "rmse": 1.6008,
    "sd": 1.4845,
    "spearman": 0.5959,
    "spectral_loss": 0.0
}
                              
Test Results: {
    "ci": 0.7044,
    "classification_loss": 0.0,
    "cluster_loss": 0.0,
    "mae": 1.2082,
    "mse": 2.3616,
    "multiclassification_loss": 0.0,
    "ortho_loss": 0.0,
    "pearson": 0.5821,
    "regression_loss": 2.361,
    "rm2": 0.3176,
    "rmse": 1.5368,
    "sd": 1.5209,
    "spearman": 0.5765,
    "spectral_loss": 0.0
}
                              
                              
----------------------------------------
Epoch 055 with LR 0.000100: Model Results
----------------------------------------
Train MSE Loss: 0.1657, Train CLS Loss: 0.0000, Train MCLS Loss: 0.0000
Protein Cluster Region Loss - Ortho Loss: 0.0000, Cluster Loss: 0.0000
                              
Validation Results: {
    "ci": 0.7124,
    "classification_loss": 0.0,
    "cluster_loss": 0.0,
    "mae": 1.2292,
    "mse": 2.5466,
    "multiclassification_loss": 0.0,
    "ortho_loss": 0.0,
    "pearson": 0.6072,
    "regression_loss": 2.5605,
    "rm2": 0.2887,
    "rmse": 1.5958,
    "sd": 1.4873,
    "spearman": 0.5958,
    "spectral_loss": 0.0
}
                              
Test Results: {
    "ci": 0.7044,
    "classification_loss": 0.0,
    "cluster_loss": 0.0,
    "mae": 1.2082,
    "mse": 2.3616,
    "multiclassification_loss": 0.0,
    "ortho_loss": 0.0,
    "pearson": 0.5821,
    "regression_loss": 2.361,
    "rm2": 0.3176,
    "rmse": 1.5368,
    "sd": 1.5209,
    "spearman": 0.5765,
    "spectral_loss": 0.0
}
                              
                              
----------------------------------------
Epoch 056 with LR 0.000100: Model Results
----------------------------------------
Train MSE Loss: 0.1675, Train CLS Loss: 0.0000, Train MCLS Loss: 0.0000
Protein Cluster Region Loss - Ortho Loss: 0.0000, Cluster Loss: 0.0000
                              
Validation Results: {
    "ci": 0.7102,
    "classification_loss": 0.0,
    "cluster_loss": 0.0,
    "mae": 1.2233,
    "mse": 2.4605,
    "multiclassification_loss": 0.0,
    "ortho_loss": 0.0,
    "pearson": 0.6054,
    "regression_loss": 2.473,
    "rm2": 0.3137,
    "rmse": 1.5686,
    "sd": 1.4899,
    "spearman": 0.5907,
    "spectral_loss": 0.0
}
                              
Test Results: {
    "ci": 0.7044,
    "classification_loss": 0.0,
    "cluster_loss": 0.0,
    "mae": 1.2082,
    "mse": 2.3616,
    "multiclassification_loss": 0.0,
    "ortho_loss": 0.0,
    "pearson": 0.5821,
    "regression_loss": 2.361,
    "rm2": 0.3176,
    "rmse": 1.5368,
    "sd": 1.5209,
    "spearman": 0.5765,
    "spectral_loss": 0.0
}
                              
                              
----------------------------------------
Epoch 057 with LR 0.000100: Model Results
----------------------------------------
Train MSE Loss: 0.1638, Train CLS Loss: 0.0000, Train MCLS Loss: 0.0000
Protein Cluster Region Loss - Ortho Loss: 0.0000, Cluster Loss: 0.0000
                              
Validation Results: {
    "ci": 0.713,
    "classification_loss": 0.0,
    "cluster_loss": 0.0,
    "mae": 1.2118,
    "mse": 2.4706,
    "multiclassification_loss": 0.0,
    "ortho_loss": 0.0,
    "pearson": 0.6157,
    "regression_loss": 2.4818,
    "rm2": 0.3013,
    "rmse": 1.5718,
    "sd": 1.475,
    "spearman": 0.598,
    "spectral_loss": 0.0
}
                              
Test Results: {
    "ci": 0.7044,
    "classification_loss": 0.0,
    "cluster_loss": 0.0,
    "mae": 1.2082,
    "mse": 2.3616,
    "multiclassification_loss": 0.0,
    "ortho_loss": 0.0,
    "pearson": 0.5821,
    "regression_loss": 2.361,
    "rm2": 0.3176,
    "rmse": 1.5368,
    "sd": 1.5209,
    "spearman": 0.5765,
    "spectral_loss": 0.0
}
                              
                              
----------------------------------------
Epoch 058 with LR 0.000100: Model Results
----------------------------------------
Train MSE Loss: 0.1600, Train CLS Loss: 0.0000, Train MCLS Loss: 0.0000
Protein Cluster Region Loss - Ortho Loss: 0.0000, Cluster Loss: 0.0000
                              
Validation Results: {
    "ci": 0.7079,
    "classification_loss": 0.0,
    "cluster_loss": 0.0,
    "mae": 1.2256,
    "mse": 2.4864,
    "multiclassification_loss": 0.0,
    "ortho_loss": 0.0,
    "pearson": 0.6001,
    "regression_loss": 2.498,
    "rm2": 0.2962,
    "rmse": 1.5768,
    "sd": 1.4974,
    "spearman": 0.5846,
    "spectral_loss": 0.0
}
                              
Test Results: {
    "ci": 0.7044,
    "classification_loss": 0.0,
    "cluster_loss": 0.0,
    "mae": 1.2082,
    "mse": 2.3616,
    "multiclassification_loss": 0.0,
    "ortho_loss": 0.0,
    "pearson": 0.5821,
    "regression_loss": 2.361,
    "rm2": 0.3176,
    "rmse": 1.5368,
    "sd": 1.5209,
    "spearman": 0.5765,
    "spectral_loss": 0.0
}
                              
                              
----------------------------------------
Epoch 059 with LR 0.000100: Model Results
----------------------------------------
Train MSE Loss: 0.1592, Train CLS Loss: 0.0000, Train MCLS Loss: 0.0000
Protein Cluster Region Loss - Ortho Loss: 0.0000, Cluster Loss: 0.0000
                              
Validation Results: {
    "ci": 0.7093,
    "classification_loss": 0.0,
    "cluster_loss": 0.0,
    "mae": 1.2249,
    "mse": 2.483,
    "multiclassification_loss": 0.0,
    "ortho_loss": 0.0,
    "pearson": 0.6009,
    "regression_loss": 2.4931,
    "rm2": 0.3009,
    "rmse": 1.5757,
    "sd": 1.4963,
    "spearman": 0.5875,
    "spectral_loss": 0.0
}
                              
Test Results: {
    "ci": 0.7044,
    "classification_loss": 0.0,
    "cluster_loss": 0.0,
    "mae": 1.2082,
    "mse": 2.3616,
    "multiclassification_loss": 0.0,
    "ortho_loss": 0.0,
    "pearson": 0.5821,
    "regression_loss": 2.361,
    "rm2": 0.3176,
    "rmse": 1.5368,
    "sd": 1.5209,
    "spearman": 0.5765,
    "spectral_loss": 0.0
}
                              
                              
----------------------------------------
Epoch 060 with LR 0.000100: Model Results
----------------------------------------
Train MSE Loss: 0.1538, Train CLS Loss: 0.0000, Train MCLS Loss: 0.0000
Protein Cluster Region Loss - Ortho Loss: 0.0000, Cluster Loss: 0.0000
                              
Validation Results: {
    "ci": 0.7153,
    "classification_loss": 0.0,
    "cluster_loss": 0.0,
    "mae": 1.2166,
    "mse": 2.4733,
    "multiclassification_loss": 0.0,
    "ortho_loss": 0.0,
    "pearson": 0.6154,
    "regression_loss": 2.4816,
    "rm2": 0.2999,
    "rmse": 1.5727,
    "sd": 1.4754,
    "spearman": 0.6055,
    "spectral_loss": 0.0
}
                              
Test Results: {
    "ci": 0.7044,
    "classification_loss": 0.0,
    "cluster_loss": 0.0,
    "mae": 1.2082,
    "mse": 2.3616,
    "multiclassification_loss": 0.0,
    "ortho_loss": 0.0,
    "pearson": 0.5821,
    "regression_loss": 2.361,
    "rm2": 0.3176,
    "rmse": 1.5368,
    "sd": 1.5209,
    "spearman": 0.5765,
    "spectral_loss": 0.0
}
                              
                              
----------------------------------------
Epoch 061 with LR 0.000100: Model Results
----------------------------------------
Train MSE Loss: 0.1549, Train CLS Loss: 0.0000, Train MCLS Loss: 0.0000
Protein Cluster Region Loss - Ortho Loss: 0.0000, Cluster Loss: 0.0000
                              
Validation Results: {
    "ci": 0.7165,
    "classification_loss": 0.0,
    "cluster_loss": 0.0,
    "mae": 1.2097,
    "mse": 2.4445,
    "multiclassification_loss": 0.0,
    "ortho_loss": 0.0,
    "pearson": 0.625,
    "regression_loss": 2.4519,
    "rm2": 0.3151,
    "rmse": 1.5635,
    "sd": 1.4612,
    "spearman": 0.6074,
    "spectral_loss": 0.0
}
                              
Test Results: {
    "ci": 0.7044,
    "classification_loss": 0.0,
    "cluster_loss": 0.0,
    "mae": 1.2082,
    "mse": 2.3616,
    "multiclassification_loss": 0.0,
    "ortho_loss": 0.0,
    "pearson": 0.5821,
    "regression_loss": 2.361,
    "rm2": 0.3176,
    "rmse": 1.5368,
    "sd": 1.5209,
    "spearman": 0.5765,
    "spectral_loss": 0.0
}
                              
                              
----------------------------------------
Epoch 062 with LR 0.000100: Model Results
----------------------------------------
Train MSE Loss: 0.1493, Train CLS Loss: 0.0000, Train MCLS Loss: 0.0000
Protein Cluster Region Loss - Ortho Loss: 0.0000, Cluster Loss: 0.0000
                              
Validation Results: {
    "ci": 0.7095,
    "classification_loss": 0.0,
    "cluster_loss": 0.0,
    "mae": 1.2198,
    "mse": 2.4572,
    "multiclassification_loss": 0.0,
    "ortho_loss": 0.0,
    "pearson": 0.6078,
    "regression_loss": 2.467,
    "rm2": 0.3146,
    "rmse": 1.5676,
    "sd": 1.4864,
    "spearman": 0.5891,
    "spectral_loss": 0.0
}
                              
Test Results: {
    "ci": 0.7044,
    "classification_loss": 0.0,
    "cluster_loss": 0.0,
    "mae": 1.2082,
    "mse": 2.3616,
    "multiclassification_loss": 0.0,
    "ortho_loss": 0.0,
    "pearson": 0.5821,
    "regression_loss": 2.361,
    "rm2": 0.3176,
    "rmse": 1.5368,
    "sd": 1.5209,
    "spearman": 0.5765,
    "spectral_loss": 0.0
}
                              
                              
----------------------------------------
Epoch 063 with LR 0.000100: Model Results
----------------------------------------
Train MSE Loss: 0.1481, Train CLS Loss: 0.0000, Train MCLS Loss: 0.0000
Protein Cluster Region Loss - Ortho Loss: 0.0000, Cluster Loss: 0.0000
                              
Validation Results: {
    "ci": 0.7124,
    "classification_loss": 0.0,
    "cluster_loss": 0.0,
    "mae": 1.2085,
    "mse": 2.4403,
    "multiclassification_loss": 0.0,
    "ortho_loss": 0.0,
    "pearson": 0.6156,
    "regression_loss": 2.4511,
    "rm2": 0.3128,
    "rmse": 1.5621,
    "sd": 1.4752,
    "spearman": 0.5952,
    "spectral_loss": 0.0
}
                              
Test Results: {
    "ci": 0.7044,
    "classification_loss": 0.0,
    "cluster_loss": 0.0,
    "mae": 1.2082,
    "mse": 2.3616,
    "multiclassification_loss": 0.0,
    "ortho_loss": 0.0,
    "pearson": 0.5821,
    "regression_loss": 2.361,
    "rm2": 0.3176,
    "rmse": 1.5368,
    "sd": 1.5209,
    "spearman": 0.5765,
    "spectral_loss": 0.0
}
                              
                              
----------------------------------------
Epoch 064 with LR 0.000100: Model Results
----------------------------------------
Train MSE Loss: 0.1468, Train CLS Loss: 0.0000, Train MCLS Loss: 0.0000
Protein Cluster Region Loss - Ortho Loss: 0.0000, Cluster Loss: 0.0000
                              
Validation Results: {
    "ci": 0.7181,
    "classification_loss": 0.0,
    "cluster_loss": 0.0,
    "mae": 1.1847,
    "mse": 2.3258,
    "multiclassification_loss": 0.0,
    "ortho_loss": 0.0,
    "pearson": 0.6263,
    "regression_loss": 2.3331,
    "rm2": 0.3277,
    "rmse": 1.5251,
    "sd": 1.4592,
    "spearman": 0.6108,
    "spectral_loss": 0.0
}
                              
Test Results: {
    "ci": 0.7044,
    "classification_loss": 0.0,
    "cluster_loss": 0.0,
    "mae": 1.2082,
    "mse": 2.3616,
    "multiclassification_loss": 0.0,
    "ortho_loss": 0.0,
    "pearson": 0.5821,
    "regression_loss": 2.361,
    "rm2": 0.3176,
    "rmse": 1.5368,
    "sd": 1.5209,
    "spearman": 0.5765,
    "spectral_loss": 0.0
}
                              
                              
----------------------------------------
Epoch 065 with LR 0.000100: Model Results
----------------------------------------
Train MSE Loss: 0.1445, Train CLS Loss: 0.0000, Train MCLS Loss: 0.0000
Protein Cluster Region Loss - Ortho Loss: 0.0000, Cluster Loss: 0.0000
                              
Validation Results: {
    "ci": 0.7149,
    "classification_loss": 0.0,
    "cluster_loss": 0.0,
    "mae": 1.2196,
    "mse": 2.4545,
    "multiclassification_loss": 0.0,
    "ortho_loss": 0.0,
    "pearson": 0.616,
    "regression_loss": 2.4661,
    "rm2": 0.3123,
    "rmse": 1.5667,
    "sd": 1.4746,
    "spearman": 0.6033,
    "spectral_loss": 0.0
}
                              
Test Results: {
    "ci": 0.7044,
    "classification_loss": 0.0,
    "cluster_loss": 0.0,
    "mae": 1.2082,
    "mse": 2.3616,
    "multiclassification_loss": 0.0,
    "ortho_loss": 0.0,
    "pearson": 0.5821,
    "regression_loss": 2.361,
    "rm2": 0.3176,
    "rmse": 1.5368,
    "sd": 1.5209,
    "spearman": 0.5765,
    "spectral_loss": 0.0
}
                              
                              
----------------------------------------
Epoch 066 with LR 0.000100: Model Results
----------------------------------------
Train MSE Loss: 0.1420, Train CLS Loss: 0.0000, Train MCLS Loss: 0.0000
Protein Cluster Region Loss - Ortho Loss: 0.0000, Cluster Loss: 0.0000
                              
Validation Results: {
    "ci": 0.7151,
    "classification_loss": 0.0,
    "cluster_loss": 0.0,
    "mae": 1.2105,
    "mse": 2.4225,
    "multiclassification_loss": 0.0,
    "ortho_loss": 0.0,
    "pearson": 0.6166,
    "regression_loss": 2.4316,
    "rm2": 0.3232,
    "rmse": 1.5564,
    "sd": 1.4737,
    "spearman": 0.6028,
    "spectral_loss": 0.0
}
                              
Test Results: {
    "ci": 0.7044,
    "classification_loss": 0.0,
    "cluster_loss": 0.0,
    "mae": 1.2082,
    "mse": 2.3616,
    "multiclassification_loss": 0.0,
    "ortho_loss": 0.0,
    "pearson": 0.5821,
    "regression_loss": 2.361,
    "rm2": 0.3176,
    "rmse": 1.5368,
    "sd": 1.5209,
    "spearman": 0.5765,
    "spectral_loss": 0.0
}
                              
                              
----------------------------------------
Epoch 067 with LR 0.000100: Model Results
----------------------------------------
Train MSE Loss: 0.1426, Train CLS Loss: 0.0000, Train MCLS Loss: 0.0000
Protein Cluster Region Loss - Ortho Loss: 0.0000, Cluster Loss: 0.0000
                              
Validation Results: {
    "ci": 0.713,
    "classification_loss": 0.0,
    "cluster_loss": 0.0,
    "mae": 1.2178,
    "mse": 2.464,
    "multiclassification_loss": 0.0,
    "ortho_loss": 0.0,
    "pearson": 0.6093,
    "regression_loss": 2.4719,
    "rm2": 0.2957,
    "rmse": 1.5697,
    "sd": 1.4843,
    "spearman": 0.5993,
    "spectral_loss": 0.0
}
                              
Test Results: {
    "ci": 0.7044,
    "classification_loss": 0.0,
    "cluster_loss": 0.0,
    "mae": 1.2082,
    "mse": 2.3616,
    "multiclassification_loss": 0.0,
    "ortho_loss": 0.0,
    "pearson": 0.5821,
    "regression_loss": 2.361,
    "rm2": 0.3176,
    "rmse": 1.5368,
    "sd": 1.5209,
    "spearman": 0.5765,
    "spectral_loss": 0.0
}
                              
                              
----------------------------------------
Epoch 068 with LR 0.000100: Model Results
----------------------------------------
Train MSE Loss: 0.1394, Train CLS Loss: 0.0000, Train MCLS Loss: 0.0000
Protein Cluster Region Loss - Ortho Loss: 0.0000, Cluster Loss: 0.0000
                              
Validation Results: {
    "ci": 0.7124,
    "classification_loss": 0.0,
    "cluster_loss": 0.0,
    "mae": 1.2133,
    "mse": 2.4363,
    "multiclassification_loss": 0.0,
    "ortho_loss": 0.0,
    "pearson": 0.6088,
    "regression_loss": 2.4445,
    "rm2": 0.3055,
    "rmse": 1.5609,
    "sd": 1.485,
    "spearman": 0.5976,
    "spectral_loss": 0.0
}
                              
Test Results: {
    "ci": 0.7044,
    "classification_loss": 0.0,
    "cluster_loss": 0.0,
    "mae": 1.2082,
    "mse": 2.3616,
    "multiclassification_loss": 0.0,
    "ortho_loss": 0.0,
    "pearson": 0.5821,
    "regression_loss": 2.361,
    "rm2": 0.3176,
    "rmse": 1.5368,
    "sd": 1.5209,
    "spearman": 0.5765,
    "spectral_loss": 0.0
}
                              
                              
----------------------------------------
Epoch 069 with LR 0.000100: Model Results
----------------------------------------
Train MSE Loss: 0.1369, Train CLS Loss: 0.0000, Train MCLS Loss: 0.0000
Protein Cluster Region Loss - Ortho Loss: 0.0000, Cluster Loss: 0.0000
                              
Validation Results: {
    "ci": 0.7199,
    "classification_loss": 0.0,
    "cluster_loss": 0.0,
    "mae": 1.1949,
    "mse": 2.3737,
    "multiclassification_loss": 0.0,
    "ortho_loss": 0.0,
    "pearson": 0.6267,
    "regression_loss": 2.3811,
    "rm2": 0.3212,
    "rmse": 1.5407,
    "sd": 1.4587,
    "spearman": 0.6155,
    "spectral_loss": 0.0
}
                              
Test Results: {
    "ci": 0.7044,
    "classification_loss": 0.0,
    "cluster_loss": 0.0,
    "mae": 1.2082,
    "mse": 2.3616,
    "multiclassification_loss": 0.0,
    "ortho_loss": 0.0,
    "pearson": 0.5821,
    "regression_loss": 2.361,
    "rm2": 0.3176,
    "rmse": 1.5368,
    "sd": 1.5209,
    "spearman": 0.5765,
    "spectral_loss": 0.0
}
                              
                              
----------------------------------------
Epoch 070 with LR 0.000100: Model Results
----------------------------------------
Train MSE Loss: 0.1364, Train CLS Loss: 0.0000, Train MCLS Loss: 0.0000
Protein Cluster Region Loss - Ortho Loss: 0.0000, Cluster Loss: 0.0000
                              
Validation Results: {
    "ci": 0.7143,
    "classification_loss": 0.0,
    "cluster_loss": 0.0,
    "mae": 1.206,
    "mse": 2.4001,
    "multiclassification_loss": 0.0,
    "ortho_loss": 0.0,
    "pearson": 0.6191,
    "regression_loss": 2.4094,
    "rm2": 0.314,
    "rmse": 1.5492,
    "sd": 1.47,
    "spearman": 0.6015,
    "spectral_loss": 0.0
}
                              
Test Results: {
    "ci": 0.7044,
    "classification_loss": 0.0,
    "cluster_loss": 0.0,
    "mae": 1.2082,
    "mse": 2.3616,
    "multiclassification_loss": 0.0,
    "ortho_loss": 0.0,
    "pearson": 0.5821,
    "regression_loss": 2.361,
    "rm2": 0.3176,
    "rmse": 1.5368,
    "sd": 1.5209,
    "spearman": 0.5765,
    "spectral_loss": 0.0
}
                              
                              
----------------------------------------
Epoch 071 with LR 0.000100: Model Results
----------------------------------------
Train MSE Loss: 0.1331, Train CLS Loss: 0.0000, Train MCLS Loss: 0.0000
Protein Cluster Region Loss - Ortho Loss: 0.0000, Cluster Loss: 0.0000
                              
Validation Results: {
    "ci": 0.7116,
    "classification_loss": 0.0,
    "cluster_loss": 0.0,
    "mae": 1.2122,
    "mse": 2.4189,
    "multiclassification_loss": 0.0,
    "ortho_loss": 0.0,
    "pearson": 0.6124,
    "regression_loss": 2.4292,
    "rm2": 0.3142,
    "rmse": 1.5553,
    "sd": 1.4799,
    "spearman": 0.5941,
    "spectral_loss": 0.0
}
                              
Test Results: {
    "ci": 0.7044,
    "classification_loss": 0.0,
    "cluster_loss": 0.0,
    "mae": 1.2082,
    "mse": 2.3616,
    "multiclassification_loss": 0.0,
    "ortho_loss": 0.0,
    "pearson": 0.5821,
    "regression_loss": 2.361,
    "rm2": 0.3176,
    "rmse": 1.5368,
    "sd": 1.5209,
    "spearman": 0.5765,
    "spectral_loss": 0.0
}
                              
                              
----------------------------------------
Epoch 072 with LR 0.000100: Model Results
----------------------------------------
Train MSE Loss: 0.1297, Train CLS Loss: 0.0000, Train MCLS Loss: 0.0000
Protein Cluster Region Loss - Ortho Loss: 0.0000, Cluster Loss: 0.0000
                              
Validation Results: {
    "ci": 0.71,
    "classification_loss": 0.0,
    "cluster_loss": 0.0,
    "mae": 1.2356,
    "mse": 2.4687,
    "multiclassification_loss": 0.0,
    "ortho_loss": 0.0,
    "pearson": 0.6146,
    "regression_loss": 2.4798,
    "rm2": 0.3268,
    "rmse": 1.5712,
    "sd": 1.4766,
    "spearman": 0.5901,
    "spectral_loss": 0.0
}
                              
Test Results: {
    "ci": 0.7044,
    "classification_loss": 0.0,
    "cluster_loss": 0.0,
    "mae": 1.2082,
    "mse": 2.3616,
    "multiclassification_loss": 0.0,
    "ortho_loss": 0.0,
    "pearson": 0.5821,
    "regression_loss": 2.361,
    "rm2": 0.3176,
    "rmse": 1.5368,
    "sd": 1.5209,
    "spearman": 0.5765,
    "spectral_loss": 0.0
}
                              
                              
----------------------------------------
Epoch 073 with LR 0.000100: Model Results
----------------------------------------
Train MSE Loss: 0.1348, Train CLS Loss: 0.0000, Train MCLS Loss: 0.0000
Protein Cluster Region Loss - Ortho Loss: 0.0000, Cluster Loss: 0.0000
                              
Validation Results: {
    "ci": 0.7083,
    "classification_loss": 0.0,
    "cluster_loss": 0.0,
    "mae": 1.2309,
    "mse": 2.5006,
    "multiclassification_loss": 0.0,
    "ortho_loss": 0.0,
    "pearson": 0.6086,
    "regression_loss": 2.5107,
    "rm2": 0.3136,
    "rmse": 1.5813,
    "sd": 1.4853,
    "spearman": 0.5859,
    "spectral_loss": 0.0
}
                              
Test Results: {
    "ci": 0.7044,
    "classification_loss": 0.0,
    "cluster_loss": 0.0,
    "mae": 1.2082,
    "mse": 2.3616,
    "multiclassification_loss": 0.0,
    "ortho_loss": 0.0,
    "pearson": 0.5821,
    "regression_loss": 2.361,
    "rm2": 0.3176,
    "rmse": 1.5368,
    "sd": 1.5209,
    "spearman": 0.5765,
    "spectral_loss": 0.0
}
                              
                              
----------------------------------------
Epoch 074 with LR 0.000100: Model Results
----------------------------------------
Train MSE Loss: 0.1287, Train CLS Loss: 0.0000, Train MCLS Loss: 0.0000
Protein Cluster Region Loss - Ortho Loss: 0.0000, Cluster Loss: 0.0000
                              
Validation Results: {
    "ci": 0.7138,
    "classification_loss": 0.0,
    "cluster_loss": 0.0,
    "mae": 1.2304,
    "mse": 2.4586,
    "multiclassification_loss": 0.0,
    "ortho_loss": 0.0,
    "pearson": 0.6164,
    "regression_loss": 2.4701,
    "rm2": 0.3321,
    "rmse": 1.568,
    "sd": 1.474,
    "spearman": 0.6002,
    "spectral_loss": 0.0
}
                              
Test Results: {
    "ci": 0.7044,
    "classification_loss": 0.0,
    "cluster_loss": 0.0,
    "mae": 1.2082,
    "mse": 2.3616,
    "multiclassification_loss": 0.0,
    "ortho_loss": 0.0,
    "pearson": 0.5821,
    "regression_loss": 2.361,
    "rm2": 0.3176,
    "rmse": 1.5368,
    "sd": 1.5209,
    "spearman": 0.5765,
    "spectral_loss": 0.0
}
                              
                              
----------------------------------------
Epoch 075 with LR 0.000100: Model Results
----------------------------------------
Train MSE Loss: 0.1259, Train CLS Loss: 0.0000, Train MCLS Loss: 0.0000
Protein Cluster Region Loss - Ortho Loss: 0.0000, Cluster Loss: 0.0000
                              
Validation Results: {
    "ci": 0.7128,
    "classification_loss": 0.0,
    "cluster_loss": 0.0,
    "mae": 1.2204,
    "mse": 2.4867,
    "multiclassification_loss": 0.0,
    "ortho_loss": 0.0,
    "pearson": 0.6009,
    "regression_loss": 2.4937,
    "rm2": 0.294,
    "rmse": 1.5769,
    "sd": 1.4962,
    "spearman": 0.5998,
    "spectral_loss": 0.0
}
                              
Test Results: {
    "ci": 0.7044,
    "classification_loss": 0.0,
    "cluster_loss": 0.0,
    "mae": 1.2082,
    "mse": 2.3616,
    "multiclassification_loss": 0.0,
    "ortho_loss": 0.0,
    "pearson": 0.5821,
    "regression_loss": 2.361,
    "rm2": 0.3176,
    "rmse": 1.5368,
    "sd": 1.5209,
    "spearman": 0.5765,
    "spectral_loss": 0.0
}
                              
                              
----------------------------------------
Epoch 076 with LR 0.000100: Model Results
----------------------------------------
Train MSE Loss: 0.1216, Train CLS Loss: 0.0000, Train MCLS Loss: 0.0000
Protein Cluster Region Loss - Ortho Loss: 0.0000, Cluster Loss: 0.0000
                              
Validation Results: {
    "ci": 0.7112,
    "classification_loss": 0.0,
    "cluster_loss": 0.0,
    "mae": 1.2373,
    "mse": 2.5021,
    "multiclassification_loss": 0.0,
    "ortho_loss": 0.0,
    "pearson": 0.6105,
    "regression_loss": 2.512,
    "rm2": 0.3032,
    "rmse": 1.5818,
    "sd": 1.4826,
    "spearman": 0.5949,
    "spectral_loss": 0.0
}
                              
Test Results: {
    "ci": 0.7044,
    "classification_loss": 0.0,
    "cluster_loss": 0.0,
    "mae": 1.2082,
    "mse": 2.3616,
    "multiclassification_loss": 0.0,
    "ortho_loss": 0.0,
    "pearson": 0.5821,
    "regression_loss": 2.361,
    "rm2": 0.3176,
    "rmse": 1.5368,
    "sd": 1.5209,
    "spearman": 0.5765,
    "spectral_loss": 0.0
}
                              
                              
----------------------------------------
Epoch 077 with LR 0.000100: Model Results
----------------------------------------
Train MSE Loss: 0.1223, Train CLS Loss: 0.0000, Train MCLS Loss: 0.0000
Protein Cluster Region Loss - Ortho Loss: 0.0000, Cluster Loss: 0.0000
                              
Validation Results: {
    "ci": 0.709,
    "classification_loss": 0.0,
    "cluster_loss": 0.0,
    "mae": 1.2323,
    "mse": 2.4703,
    "multiclassification_loss": 0.0,
    "ortho_loss": 0.0,
    "pearson": 0.6012,
    "regression_loss": 2.4778,
    "rm2": 0.3094,
    "rmse": 1.5717,
    "sd": 1.4958,
    "spearman": 0.5892,
    "spectral_loss": 0.0
}
                              
Test Results: {
    "ci": 0.7044,
    "classification_loss": 0.0,
    "cluster_loss": 0.0,
    "mae": 1.2082,
    "mse": 2.3616,
    "multiclassification_loss": 0.0,
    "ortho_loss": 0.0,
    "pearson": 0.5821,
    "regression_loss": 2.361,
    "rm2": 0.3176,
    "rmse": 1.5368,
    "sd": 1.5209,
    "spearman": 0.5765,
    "spectral_loss": 0.0
}
                              
                              
----------------------------------------
Epoch 078 with LR 0.000100: Model Results
----------------------------------------
Train MSE Loss: 0.1220, Train CLS Loss: 0.0000, Train MCLS Loss: 0.0000
Protein Cluster Region Loss - Ortho Loss: 0.0000, Cluster Loss: 0.0000
                              
Validation Results: {
    "ci": 0.7142,
    "classification_loss": 0.0,
    "cluster_loss": 0.0,
    "mae": 1.208,
    "mse": 2.4014,
    "multiclassification_loss": 0.0,
    "ortho_loss": 0.0,
    "pearson": 0.6184,
    "regression_loss": 2.4084,
    "rm2": 0.3225,
    "rmse": 1.5497,
    "sd": 1.4711,
    "spearman": 0.6016,
    "spectral_loss": 0.0
}
                              
Test Results: {
    "ci": 0.7044,
    "classification_loss": 0.0,
    "cluster_loss": 0.0,
    "mae": 1.2082,
    "mse": 2.3616,
    "multiclassification_loss": 0.0,
    "ortho_loss": 0.0,
    "pearson": 0.5821,
    "regression_loss": 2.361,
    "rm2": 0.3176,
    "rmse": 1.5368,
    "sd": 1.5209,
    "spearman": 0.5765,
    "spectral_loss": 0.0
}
                              
                              
----------------------------------------
Epoch 079 with LR 0.000100: Model Results
----------------------------------------
Train MSE Loss: 0.1188, Train CLS Loss: 0.0000, Train MCLS Loss: 0.0000
Protein Cluster Region Loss - Ortho Loss: 0.0000, Cluster Loss: 0.0000
                              
Validation Results: {
    "ci": 0.7199,
    "classification_loss": 0.0,
    "cluster_loss": 0.0,
    "mae": 1.1792,
    "mse": 2.3204,
    "multiclassification_loss": 0.0,
    "ortho_loss": 0.0,
    "pearson": 0.6249,
    "regression_loss": 2.3252,
    "rm2": 0.3291,
    "rmse": 1.5233,
    "sd": 1.4613,
    "spearman": 0.6159,
    "spectral_loss": 0.0
}
                              
Test Results: {
    "ci": 0.7044,
    "classification_loss": 0.0,
    "cluster_loss": 0.0,
    "mae": 1.2082,
    "mse": 2.3616,
    "multiclassification_loss": 0.0,
    "ortho_loss": 0.0,
    "pearson": 0.5821,
    "regression_loss": 2.361,
    "rm2": 0.3176,
    "rmse": 1.5368,
    "sd": 1.5209,
    "spearman": 0.5765,
    "spectral_loss": 0.0
}
                              
                              
----------------------------------------
Epoch 080 with LR 0.000100: Model Results
----------------------------------------
Train MSE Loss: 0.1193, Train CLS Loss: 0.0000, Train MCLS Loss: 0.0000
Protein Cluster Region Loss - Ortho Loss: 0.0000, Cluster Loss: 0.0000
                              
Validation Results: {
    "ci": 0.7154,
    "classification_loss": 0.0,
    "cluster_loss": 0.0,
    "mae": 1.225,
    "mse": 2.461,
    "multiclassification_loss": 0.0,
    "ortho_loss": 0.0,
    "pearson": 0.6141,
    "regression_loss": 2.4697,
    "rm2": 0.3217,
    "rmse": 1.5688,
    "sd": 1.4773,
    "spearman": 0.6044,
    "spectral_loss": 0.0
}
                              
Test Results: {
    "ci": 0.7044,
    "classification_loss": 0.0,
    "cluster_loss": 0.0,
    "mae": 1.2082,
    "mse": 2.3616,
    "multiclassification_loss": 0.0,
    "ortho_loss": 0.0,
    "pearson": 0.5821,
    "regression_loss": 2.361,
    "rm2": 0.3176,
    "rmse": 1.5368,
    "sd": 1.5209,
    "spearman": 0.5765,
    "spectral_loss": 0.0
}
                              
                              
----------------------------------------
Epoch 081 with LR 0.000100: Model Results
----------------------------------------
Train MSE Loss: 0.1166, Train CLS Loss: 0.0000, Train MCLS Loss: 0.0000
Protein Cluster Region Loss - Ortho Loss: 0.0000, Cluster Loss: 0.0000
                              
Validation Results: {
    "ci": 0.7145,
    "classification_loss": 0.0,
    "cluster_loss": 0.0,
    "mae": 1.2118,
    "mse": 2.4505,
    "multiclassification_loss": 0.0,
    "ortho_loss": 0.0,
    "pearson": 0.6129,
    "regression_loss": 2.4561,
    "rm2": 0.3053,
    "rmse": 1.5654,
    "sd": 1.4791,
    "spearman": 0.6032,
    "spectral_loss": 0.0
}
                              
Test Results: {
    "ci": 0.7044,
    "classification_loss": 0.0,
    "cluster_loss": 0.0,
    "mae": 1.2082,
    "mse": 2.3616,
    "multiclassification_loss": 0.0,
    "ortho_loss": 0.0,
    "pearson": 0.5821,
    "regression_loss": 2.361,
    "rm2": 0.3176,
    "rmse": 1.5368,
    "sd": 1.5209,
    "spearman": 0.5765,
    "spectral_loss": 0.0
}
                              
                              
----------------------------------------
Epoch 082 with LR 0.000100: Model Results
----------------------------------------
Train MSE Loss: 0.1130, Train CLS Loss: 0.0000, Train MCLS Loss: 0.0000
Protein Cluster Region Loss - Ortho Loss: 0.0000, Cluster Loss: 0.0000
                              
Validation Results: {
    "ci": 0.7188,
    "classification_loss": 0.0,
    "cluster_loss": 0.0,
    "mae": 1.2009,
    "mse": 2.3973,
    "multiclassification_loss": 0.0,
    "ortho_loss": 0.0,
    "pearson": 0.6172,
    "regression_loss": 2.4064,
    "rm2": 0.3165,
    "rmse": 1.5483,
    "sd": 1.4729,
    "spearman": 0.6147,
    "spectral_loss": 0.0
}
                              
Test Results: {
    "ci": 0.7044,
    "classification_loss": 0.0,
    "cluster_loss": 0.0,
    "mae": 1.2082,
    "mse": 2.3616,
    "multiclassification_loss": 0.0,
    "ortho_loss": 0.0,
    "pearson": 0.5821,
    "regression_loss": 2.361,
    "rm2": 0.3176,
    "rmse": 1.5368,
    "sd": 1.5209,
    "spearman": 0.5765,
    "spectral_loss": 0.0
}
                              
                              
----------------------------------------
Epoch 083 with LR 0.000100: Model Results
----------------------------------------
Train MSE Loss: 0.1132, Train CLS Loss: 0.0000, Train MCLS Loss: 0.0000
Protein Cluster Region Loss - Ortho Loss: 0.0000, Cluster Loss: 0.0000
                              
Validation Results: {
    "ci": 0.717,
    "classification_loss": 0.0,
    "cluster_loss": 0.0,
    "mae": 1.2106,
    "mse": 2.4108,
    "multiclassification_loss": 0.0,
    "ortho_loss": 0.0,
    "pearson": 0.6187,
    "regression_loss": 2.4212,
    "rm2": 0.3209,
    "rmse": 1.5527,
    "sd": 1.4705,
    "spearman": 0.6083,
    "spectral_loss": 0.0
}
                              
Test Results: {
    "ci": 0.7044,
    "classification_loss": 0.0,
    "cluster_loss": 0.0,
    "mae": 1.2082,
    "mse": 2.3616,
    "multiclassification_loss": 0.0,
    "ortho_loss": 0.0,
    "pearson": 0.5821,
    "regression_loss": 2.361,
    "rm2": 0.3176,
    "rmse": 1.5368,
    "sd": 1.5209,
    "spearman": 0.5765,
    "spectral_loss": 0.0
}
                              
                              
----------------------------------------
Epoch 084 with LR 0.000100: Model Results
----------------------------------------
Train MSE Loss: 0.1104, Train CLS Loss: 0.0000, Train MCLS Loss: 0.0000
Protein Cluster Region Loss - Ortho Loss: 0.0000, Cluster Loss: 0.0000
                              
Validation Results: {
    "ci": 0.7163,
    "classification_loss": 0.0,
    "cluster_loss": 0.0,
    "mae": 1.2133,
    "mse": 2.4426,
    "multiclassification_loss": 0.0,
    "ortho_loss": 0.0,
    "pearson": 0.6125,
    "regression_loss": 2.4508,
    "rm2": 0.312,
    "rmse": 1.5629,
    "sd": 1.4796,
    "spearman": 0.6081,
    "spectral_loss": 0.0
}
                              
Test Results: {
    "ci": 0.7044,
    "classification_loss": 0.0,
    "cluster_loss": 0.0,
    "mae": 1.2082,
    "mse": 2.3616,
    "multiclassification_loss": 0.0,
    "ortho_loss": 0.0,
    "pearson": 0.5821,
    "regression_loss": 2.361,
    "rm2": 0.3176,
    "rmse": 1.5368,
    "sd": 1.5209,
    "spearman": 0.5765,
    "spectral_loss": 0.0
}
                              
                              
----------------------------------------
Epoch 085 with LR 0.000100: Model Results
----------------------------------------
Train MSE Loss: 0.1119, Train CLS Loss: 0.0000, Train MCLS Loss: 0.0000
Protein Cluster Region Loss - Ortho Loss: 0.0000, Cluster Loss: 0.0000
                              
Validation Results: {
    "ci": 0.7148,
    "classification_loss": 0.0,
    "cluster_loss": 0.0,
    "mae": 1.2094,
    "mse": 2.4189,
    "multiclassification_loss": 0.0,
    "ortho_loss": 0.0,
    "pearson": 0.6192,
    "regression_loss": 2.4269,
    "rm2": 0.3205,
    "rmse": 1.5553,
    "sd": 1.4698,
    "spearman": 0.6032,
    "spectral_loss": 0.0
}
                              
Test Results: {
    "ci": 0.7044,
    "classification_loss": 0.0,
    "cluster_loss": 0.0,
    "mae": 1.2082,
    "mse": 2.3616,
    "multiclassification_loss": 0.0,
    "ortho_loss": 0.0,
    "pearson": 0.5821,
    "regression_loss": 2.361,
    "rm2": 0.3176,
    "rmse": 1.5368,
    "sd": 1.5209,
    "spearman": 0.5765,
    "spectral_loss": 0.0
}
                              
                              
----------------------------------------
Epoch 086 with LR 0.000100: Model Results
----------------------------------------
Train MSE Loss: 0.1079, Train CLS Loss: 0.0000, Train MCLS Loss: 0.0000
Protein Cluster Region Loss - Ortho Loss: 0.0000, Cluster Loss: 0.0000
                              
Validation Results: {
    "ci": 0.7138,
    "classification_loss": 0.0,
    "cluster_loss": 0.0,
    "mae": 1.2072,
    "mse": 2.4332,
    "multiclassification_loss": 0.0,
    "ortho_loss": 0.0,
    "pearson": 0.6076,
    "regression_loss": 2.443,
    "rm2": 0.3102,
    "rmse": 1.5599,
    "sd": 1.4867,
    "spearman": 0.5998,
    "spectral_loss": 0.0
}
                              
Test Results: {
    "ci": 0.7044,
    "classification_loss": 0.0,
    "cluster_loss": 0.0,
    "mae": 1.2082,
    "mse": 2.3616,
    "multiclassification_loss": 0.0,
    "ortho_loss": 0.0,
    "pearson": 0.5821,
    "regression_loss": 2.361,
    "rm2": 0.3176,
    "rmse": 1.5368,
    "sd": 1.5209,
    "spearman": 0.5765,
    "spectral_loss": 0.0
}
                              
                              
----------------------------------------
Epoch 087 with LR 0.000100: Model Results
----------------------------------------
Train MSE Loss: 0.1084, Train CLS Loss: 0.0000, Train MCLS Loss: 0.0000
Protein Cluster Region Loss - Ortho Loss: 0.0000, Cluster Loss: 0.0000
                              
Validation Results: {
    "ci": 0.713,
    "classification_loss": 0.0,
    "cluster_loss": 0.0,
    "mae": 1.2158,
    "mse": 2.4518,
    "multiclassification_loss": 0.0,
    "ortho_loss": 0.0,
    "pearson": 0.6107,
    "regression_loss": 2.4611,
    "rm2": 0.319,
    "rmse": 1.5658,
    "sd": 1.4822,
    "spearman": 0.5982,
    "spectral_loss": 0.0
}
                              
Test Results: {
    "ci": 0.7044,
    "classification_loss": 0.0,
    "cluster_loss": 0.0,
    "mae": 1.2082,
    "mse": 2.3616,
    "multiclassification_loss": 0.0,
    "ortho_loss": 0.0,
    "pearson": 0.5821,
    "regression_loss": 2.361,
    "rm2": 0.3176,
    "rmse": 1.5368,
    "sd": 1.5209,
    "spearman": 0.5765,
    "spectral_loss": 0.0
}
                              
                              
----------------------------------------
Epoch 088 with LR 0.000100: Model Results
----------------------------------------
Train MSE Loss: 0.1053, Train CLS Loss: 0.0000, Train MCLS Loss: 0.0000
Protein Cluster Region Loss - Ortho Loss: 0.0000, Cluster Loss: 0.0000
                              
Validation Results: {
    "ci": 0.7171,
    "classification_loss": 0.0,
    "cluster_loss": 0.0,
    "mae": 1.1992,
    "mse": 2.3866,
    "multiclassification_loss": 0.0,
    "ortho_loss": 0.0,
    "pearson": 0.6224,
    "regression_loss": 2.3923,
    "rm2": 0.3166,
    "rmse": 1.5449,
    "sd": 1.4651,
    "spearman": 0.6102,
    "spectral_loss": 0.0
}
                              
Test Results: {
    "ci": 0.7044,
    "classification_loss": 0.0,
    "cluster_loss": 0.0,
    "mae": 1.2082,
    "mse": 2.3616,
    "multiclassification_loss": 0.0,
    "ortho_loss": 0.0,
    "pearson": 0.5821,
    "regression_loss": 2.361,
    "rm2": 0.3176,
    "rmse": 1.5368,
    "sd": 1.5209,
    "spearman": 0.5765,
    "spectral_loss": 0.0
}
                              
                              
----------------------------------------
Epoch 089 with LR 0.000100: Model Results
----------------------------------------
Train MSE Loss: 0.1037, Train CLS Loss: 0.0000, Train MCLS Loss: 0.0000
Protein Cluster Region Loss - Ortho Loss: 0.0000, Cluster Loss: 0.0000
                              
Validation Results: {
    "ci": 0.7124,
    "classification_loss": 0.0,
    "cluster_loss": 0.0,
    "mae": 1.2256,
    "mse": 2.4694,
    "multiclassification_loss": 0.0,
    "ortho_loss": 0.0,
    "pearson": 0.6119,
    "regression_loss": 2.4785,
    "rm2": 0.3198,
    "rmse": 1.5714,
    "sd": 1.4806,
    "spearman": 0.5968,
    "spectral_loss": 0.0
}
                              
Test Results: {
    "ci": 0.7044,
    "classification_loss": 0.0,
    "cluster_loss": 0.0,
    "mae": 1.2082,
    "mse": 2.3616,
    "multiclassification_loss": 0.0,
    "ortho_loss": 0.0,
    "pearson": 0.5821,
    "regression_loss": 2.361,
    "rm2": 0.3176,
    "rmse": 1.5368,
    "sd": 1.5209,
    "spearman": 0.5765,
    "spectral_loss": 0.0
}
                              
                              
----------------------------------------
Epoch 090 with LR 0.000100: Model Results
----------------------------------------
Train MSE Loss: 0.1035, Train CLS Loss: 0.0000, Train MCLS Loss: 0.0000
Protein Cluster Region Loss - Ortho Loss: 0.0000, Cluster Loss: 0.0000
                              
Validation Results: {
    "ci": 0.7131,
    "classification_loss": 0.0,
    "cluster_loss": 0.0,
    "mae": 1.2335,
    "mse": 2.472,
    "multiclassification_loss": 0.0,
    "ortho_loss": 0.0,
    "pearson": 0.614,
    "regression_loss": 2.4809,
    "rm2": 0.331,
    "rmse": 1.5723,
    "sd": 1.4775,
    "spearman": 0.5989,
    "spectral_loss": 0.0
}
                              
Test Results: {
    "ci": 0.7044,
    "classification_loss": 0.0,
    "cluster_loss": 0.0,
    "mae": 1.2082,
    "mse": 2.3616,
    "multiclassification_loss": 0.0,
    "ortho_loss": 0.0,
    "pearson": 0.5821,
    "regression_loss": 2.361,
    "rm2": 0.3176,
    "rmse": 1.5368,
    "sd": 1.5209,
    "spearman": 0.5765,
    "spectral_loss": 0.0
}
                              
                              
----------------------------------------
Epoch 091 with LR 0.000100: Model Results
----------------------------------------
Train MSE Loss: 0.1007, Train CLS Loss: 0.0000, Train MCLS Loss: 0.0000
Protein Cluster Region Loss - Ortho Loss: 0.0000, Cluster Loss: 0.0000
                              
Validation Results: {
    "ci": 0.711,
    "classification_loss": 0.0,
    "cluster_loss": 0.0,
    "mae": 1.2286,
    "mse": 2.5011,
    "multiclassification_loss": 0.0,
    "ortho_loss": 0.0,
    "pearson": 0.6064,
    "regression_loss": 2.5117,
    "rm2": 0.2996,
    "rmse": 1.5815,
    "sd": 1.4885,
    "spearman": 0.5945,
    "spectral_loss": 0.0
}
                              
Test Results: {
    "ci": 0.7044,
    "classification_loss": 0.0,
    "cluster_loss": 0.0,
    "mae": 1.2082,
    "mse": 2.3616,
    "multiclassification_loss": 0.0,
    "ortho_loss": 0.0,
    "pearson": 0.5821,
    "regression_loss": 2.361,
    "rm2": 0.3176,
    "rmse": 1.5368,
    "sd": 1.5209,
    "spearman": 0.5765,
    "spectral_loss": 0.0
}
                              
                              
----------------------------------------
Epoch 092 with LR 0.000100: Model Results
----------------------------------------
Train MSE Loss: 0.0974, Train CLS Loss: 0.0000, Train MCLS Loss: 0.0000
Protein Cluster Region Loss - Ortho Loss: 0.0000, Cluster Loss: 0.0000
                              
Validation Results: {
    "ci": 0.7182,
    "classification_loss": 0.0,
    "cluster_loss": 0.0,
    "mae": 1.1915,
    "mse": 2.3706,
    "multiclassification_loss": 0.0,
    "ortho_loss": 0.0,
    "pearson": 0.6196,
    "regression_loss": 2.3769,
    "rm2": 0.3213,
    "rmse": 1.5397,
    "sd": 1.4693,
    "spearman": 0.6126,
    "spectral_loss": 0.0
}
                              
Test Results: {
    "ci": 0.7044,
    "classification_loss": 0.0,
    "cluster_loss": 0.0,
    "mae": 1.2082,
    "mse": 2.3616,
    "multiclassification_loss": 0.0,
    "ortho_loss": 0.0,
    "pearson": 0.5821,
    "regression_loss": 2.361,
    "rm2": 0.3176,
    "rmse": 1.5368,
    "sd": 1.5209,
    "spearman": 0.5765,
    "spectral_loss": 0.0
}
                              
                              
----------------------------------------
Epoch 093 with LR 0.000100: Model Results
----------------------------------------
Train MSE Loss: 0.1001, Train CLS Loss: 0.0000, Train MCLS Loss: 0.0000
Protein Cluster Region Loss - Ortho Loss: 0.0000, Cluster Loss: 0.0000
                              
Validation Results: {
    "ci": 0.7164,
    "classification_loss": 0.0,
    "cluster_loss": 0.0,
    "mae": 1.217,
    "mse": 2.4736,
    "multiclassification_loss": 0.0,
    "ortho_loss": 0.0,
    "pearson": 0.6157,
    "regression_loss": 2.4835,
    "rm2": 0.3119,
    "rmse": 1.5728,
    "sd": 1.475,
    "spearman": 0.6071,
    "spectral_loss": 0.0
}
                              
Test Results: {
    "ci": 0.7044,
    "classification_loss": 0.0,
    "cluster_loss": 0.0,
    "mae": 1.2082,
    "mse": 2.3616,
    "multiclassification_loss": 0.0,
    "ortho_loss": 0.0,
    "pearson": 0.5821,
    "regression_loss": 2.361,
    "rm2": 0.3176,
    "rmse": 1.5368,
    "sd": 1.5209,
    "spearman": 0.5765,
    "spectral_loss": 0.0
}
                              
                              
----------------------------------------
Epoch 094 with LR 0.000100: Model Results
----------------------------------------
Train MSE Loss: 0.1043, Train CLS Loss: 0.0000, Train MCLS Loss: 0.0000
Protein Cluster Region Loss - Ortho Loss: 0.0000, Cluster Loss: 0.0000
                              
Validation Results: {
    "ci": 0.7163,
    "classification_loss": 0.0,
    "cluster_loss": 0.0,
    "mae": 1.1961,
    "mse": 2.3633,
    "multiclassification_loss": 0.0,
    "ortho_loss": 0.0,
    "pearson": 0.6115,
    "regression_loss": 2.3724,
    "rm2": 0.3246,
    "rmse": 1.5373,
    "sd": 1.4811,
    "spearman": 0.6064,
    "spectral_loss": 0.0
}
                              
Test Results: {
    "ci": 0.7044,
    "classification_loss": 0.0,
    "cluster_loss": 0.0,
    "mae": 1.2082,
    "mse": 2.3616,
    "multiclassification_loss": 0.0,
    "ortho_loss": 0.0,
    "pearson": 0.5821,
    "regression_loss": 2.361,
    "rm2": 0.3176,
    "rmse": 1.5368,
    "sd": 1.5209,
    "spearman": 0.5765,
    "spectral_loss": 0.0
}
                              
                              
----------------------------------------
Epoch 095 with LR 0.000100: Model Results
----------------------------------------
Train MSE Loss: 0.1005, Train CLS Loss: 0.0000, Train MCLS Loss: 0.0000
Protein Cluster Region Loss - Ortho Loss: 0.0000, Cluster Loss: 0.0000
                              
Validation Results: {
    "ci": 0.712,
    "classification_loss": 0.0,
    "cluster_loss": 0.0,
    "mae": 1.2157,
    "mse": 2.4651,
    "multiclassification_loss": 0.0,
    "ortho_loss": 0.0,
    "pearson": 0.608,
    "regression_loss": 2.474,
    "rm2": 0.3031,
    "rmse": 1.5701,
    "sd": 1.4861,
    "spearman": 0.5974,
    "spectral_loss": 0.0
}
                              
Test Results: {
    "ci": 0.7044,
    "classification_loss": 0.0,
    "cluster_loss": 0.0,
    "mae": 1.2082,
    "mse": 2.3616,
    "multiclassification_loss": 0.0,
    "ortho_loss": 0.0,
    "pearson": 0.5821,
    "regression_loss": 2.361,
    "rm2": 0.3176,
    "rmse": 1.5368,
    "sd": 1.5209,
    "spearman": 0.5765,
    "spectral_loss": 0.0
}
                              
                              
----------------------------------------
Epoch 096 with LR 0.000100: Model Results
----------------------------------------
Train MSE Loss: 0.0928, Train CLS Loss: 0.0000, Train MCLS Loss: 0.0000
Protein Cluster Region Loss - Ortho Loss: 0.0000, Cluster Loss: 0.0000
                              
Validation Results: {
    "ci": 0.7159,
    "classification_loss": 0.0,
    "cluster_loss": 0.0,
    "mae": 1.2137,
    "mse": 2.465,
    "multiclassification_loss": 0.0,
    "ortho_loss": 0.0,
    "pearson": 0.611,
    "regression_loss": 2.4754,
    "rm2": 0.3059,
    "rmse": 1.57,
    "sd": 1.4819,
    "spearman": 0.6052,
    "spectral_loss": 0.0
}
                              
Test Results: {
    "ci": 0.7044,
    "classification_loss": 0.0,
    "cluster_loss": 0.0,
    "mae": 1.2082,
    "mse": 2.3616,
    "multiclassification_loss": 0.0,
    "ortho_loss": 0.0,
    "pearson": 0.5821,
    "regression_loss": 2.361,
    "rm2": 0.3176,
    "rmse": 1.5368,
    "sd": 1.5209,
    "spearman": 0.5765,
    "spectral_loss": 0.0
}
                              
                              
----------------------------------------
Epoch 097 with LR 0.000100: Model Results
----------------------------------------
Train MSE Loss: 0.0944, Train CLS Loss: 0.0000, Train MCLS Loss: 0.0000
Protein Cluster Region Loss - Ortho Loss: 0.0000, Cluster Loss: 0.0000
                              
Validation Results: {
    "ci": 0.7087,
    "classification_loss": 0.0,
    "cluster_loss": 0.0,
    "mae": 1.2305,
    "mse": 2.4668,
    "multiclassification_loss": 0.0,
    "ortho_loss": 0.0,
    "pearson": 0.5999,
    "regression_loss": 2.4767,
    "rm2": 0.3034,
    "rmse": 1.5706,
    "sd": 1.4977,
    "spearman": 0.5881,
    "spectral_loss": 0.0
}
                              
Test Results: {
    "ci": 0.7044,
    "classification_loss": 0.0,
    "cluster_loss": 0.0,
    "mae": 1.2082,
    "mse": 2.3616,
    "multiclassification_loss": 0.0,
    "ortho_loss": 0.0,
    "pearson": 0.5821,
    "regression_loss": 2.361,
    "rm2": 0.3176,
    "rmse": 1.5368,
    "sd": 1.5209,
    "spearman": 0.5765,
    "spectral_loss": 0.0
}
                              
                              
----------------------------------------
Epoch 098 with LR 0.000100: Model Results
----------------------------------------
Train MSE Loss: 0.0922, Train CLS Loss: 0.0000, Train MCLS Loss: 0.0000
Protein Cluster Region Loss - Ortho Loss: 0.0000, Cluster Loss: 0.0000
                              
Validation Results: {
    "ci": 0.7135,
    "classification_loss": 0.0,
    "cluster_loss": 0.0,
    "mae": 1.2101,
    "mse": 2.428,
    "multiclassification_loss": 0.0,
    "ortho_loss": 0.0,
    "pearson": 0.6134,
    "regression_loss": 2.4373,
    "rm2": 0.314,
    "rmse": 1.5582,
    "sd": 1.4784,
    "spearman": 0.5996,
    "spectral_loss": 0.0
}
                              
Test Results: {
    "ci": 0.7044,
    "classification_loss": 0.0,
    "cluster_loss": 0.0,
    "mae": 1.2082,
    "mse": 2.3616,
    "multiclassification_loss": 0.0,
    "ortho_loss": 0.0,
    "pearson": 0.5821,
    "regression_loss": 2.361,
    "rm2": 0.3176,
    "rmse": 1.5368,
    "sd": 1.5209,
    "spearman": 0.5765,
    "spectral_loss": 0.0
}
                              
                              
----------------------------------------
Epoch 099 with LR 0.000100: Model Results
----------------------------------------
Train MSE Loss: 0.0889, Train CLS Loss: 0.0000, Train MCLS Loss: 0.0000
Protein Cluster Region Loss - Ortho Loss: 0.0000, Cluster Loss: 0.0000
                              
Validation Results: {
    "ci": 0.7135,
    "classification_loss": 0.0,
    "cluster_loss": 0.0,
    "mae": 1.2132,
    "mse": 2.4595,
    "multiclassification_loss": 0.0,
    "ortho_loss": 0.0,
    "pearson": 0.6126,
    "regression_loss": 2.4698,
    "rm2": 0.3064,
    "rmse": 1.5683,
    "sd": 1.4795,
    "spearman": 0.6,
    "spectral_loss": 0.0
}
                              
Test Results: {
    "ci": 0.7044,
    "classification_loss": 0.0,
    "cluster_loss": 0.0,
    "mae": 1.2082,
    "mse": 2.3616,
    "multiclassification_loss": 0.0,
    "ortho_loss": 0.0,
    "pearson": 0.5821,
    "regression_loss": 2.361,
    "rm2": 0.3176,
    "rmse": 1.5368,
    "sd": 1.5209,
    "spearman": 0.5765,
    "spectral_loss": 0.0
}
                              
                              
----------------------------------------
Epoch 100 with LR 0.000100: Model Results
----------------------------------------
Train MSE Loss: 0.0899, Train CLS Loss: 0.0000, Train MCLS Loss: 0.0000
Protein Cluster Region Loss - Ortho Loss: 0.0000, Cluster Loss: 0.0000
                              
Validation Results: {
    "ci": 0.7114,
    "classification_loss": 0.0,
    "cluster_loss": 0.0,
    "mae": 1.2214,
    "mse": 2.4624,
    "multiclassification_loss": 0.0,
    "ortho_loss": 0.0,
    "pearson": 0.6079,
    "regression_loss": 2.4714,
    "rm2": 0.3081,
    "rmse": 1.5692,
    "sd": 1.4863,
    "spearman": 0.5946,
    "spectral_loss": 0.0
}
                              
Test Results: {
    "ci": 0.7044,
    "classification_loss": 0.0,
    "cluster_loss": 0.0,
    "mae": 1.2082,
    "mse": 2.3616,
    "multiclassification_loss": 0.0,
    "ortho_loss": 0.0,
    "pearson": 0.5821,
    "regression_loss": 2.361,
    "rm2": 0.3176,
    "rmse": 1.5368,
    "sd": 1.5209,
    "spearman": 0.5765,
    "spectral_loss": 0.0
}
[best epoch] epoch=2, best_rmse=1.4447, lr_at_best=1.000e-04
                              
                              
----------------------------------------
Epoch 100 with LR 0.000100: Model Results
----------------------------------------
Train MSE Loss: 0.0899, Train CLS Loss: 0.0000, Train MCLS Loss: 0.0000
Protein Cluster Region Loss - Ortho Loss: 0.0000, Cluster Loss: 0.0000
                              
Validation Results: {
    "ci": 0.7114,
    "classification_loss": 0.0,
    "cluster_loss": 0.0,
    "mae": 1.2214,
    "mse": 2.4624,
    "multiclassification_loss": 0.0,
    "ortho_loss": 0.0,
    "pearson": 0.6079,
    "regression_loss": 2.4714,
    "rm2": 0.3081,
    "rmse": 1.5692,
    "sd": 1.4863,
    "spearman": 0.5946,
    "spectral_loss": 0.0
}
                              
Test Results: {
    "ci": 0.7044,
    "classification_loss": 0.0,
    "cluster_loss": 0.0,
    "mae": 1.2082,
    "mse": 2.3616,
    "multiclassification_loss": 0.0,
    "ortho_loss": 0.0,
    "pearson": 0.5821,
    "regression_loss": 2.361,
    "rm2": 0.3176,
    "rmse": 1.5368,
    "sd": 1.5209,
    "spearman": 0.5765,
    "spectral_loss": 0.0
}
Final test metrics: rmse=1.5368, pearson=0.5821, r2_proxy(mse)=2.3616
Done. Predictions: /sc/arion/projects/DiseaseGeneCell/Huang_lab_project/wangcDrugRepoProject/TRACE_Kin_Results_v3/catpred_dataset/catpred_ki_ProteinCLIP_embedding_cold_protein/test_prediction_seed2.csv; checkpoint: /sc/arion/projects/DiseaseGeneCell/Huang_lab_project/wangcDrugRepoProject/TRACE_Kin_Results_v3/catpred_dataset/catpred_ki_ProteinCLIP_embedding_cold_protein/save_model_seed2/model.pt

==========================================
Array task 12/14: OK (catpred_ki_ProteinCLIP_embedding_cold_protein)
==========================================


PS:

Read file <242614933.12.stderr> for stderr output of this job.

