Sender: LSF System <lsfadmin@lg05e14>
Subject: Job 242614934[13]: <trace_kin_v3_s3[1-14]> in cluster <chimera> Done

Job <trace_kin_v3_s3[1-14]> was submitted from host <li04e01> by user <wangc40> in cluster <chimera> at Fri May  8 16:46:45 2026
Job was executed on host(s) <16*lg05e14>, in queue <gpu>, as user <wangc40> in cluster <chimera> at Fri May  8 16:46:48 2026
</hpc/users/wangc40> was used as the home directory.
</sc/arion/projects/DiseaseGeneCell/Huang_lab_project/wangcDrugRepoProject/TRACE-Kin> was used as the working directory.
Started at Fri May  8 16:46:48 2026
Terminated at Fri May  8 18:29:01 2026
Results reported at Fri May  8 18:29:01 2026

Your job looked like:

------------------------------------------------------------
# LSBATCH: User input
#!/bin/bash
#BSUB -J trace_kin_v3_s3[1-14]
#BSUB -P acc_DiseaseGeneCell
#BSUB -q gpu
#BSUB -R h100nvl
#BSUB -gpu num=1
#BSUB -n 16
#BSUB -R "rusage[mem=8000]"
#BSUB -R "span[hosts=1]"
#BSUB -W 48:00
#BSUB -o %J.%I.stdout
#BSUB -eo %J.%I.stderr
#BSUB -L /bin/bash

# =============================================================================
# TRACE-Kin v3 rerun — LSF job array
# =============================================================================
# Submit with:
#     bsub < training/run_v3_array.lsf
#
# Or chain off the smoke test (recommended):
#     bsub -w "done(<SMOKE_JOB_ID>)" < training/run_v3_array.lsf
#
# For the multi-seed ensemble (the paper config), submit additional seeds in
# parallel after the SEED=1 array completes (or alongside, as separate jobs):
#     SEED=2 bsub -J "trace_kin_v3_s2[1-14]" < training/run_v3_array.lsf
#     SEED=3 bsub -J "trace_kin_v3_s3[1-14]" < training/run_v3_array.lsf
# After all seeds finish, analysis/aggregate_results.py averages predictions
# across seeds before computing RMSE.
#
# LSF expands #BSUB -J trace_kin_v3[1-14] into 14 array tasks, each with a
# distinct ${LSB_JOBINDEX} in 1..14. The body looks up the per-index
# (dataset_source, dataset_name, pool_paths) tuple from the inline table below
# and invokes train_trace_kin.py with model_version=v3.
#
# The 14 tasks correspond to:
#   * 12 RF-gap targets (catalytic kinetics where v1 trails RF by 1.4%–8.7%)
#   * 2 Ki preservation guards (where v1 already wins, must not regress)
# =============================================================================

# --- Environment -------------------------------------------------------------
# Match the prologue of the proven-working PSICHIC LSFs verbatim — no
# `set -euo pipefail`. Mount Sinai's /etc/profile.d scripts return non-zero
# in places that aren't real errors, and errexit aborts the job before
# module + conda activation can complete.
ml purge
source ~/.bashrc
module load anaconda3/2024.06
source activate test
module load cuda/12.4.0

(... more ...)
------------------------------------------------------------

Successfully completed.

Resource usage summary:

    CPU time :                                   6118.00 sec.
    Max Memory :                                 3159 MB
    Average Memory :                             3094.32 MB
    Total Requested Memory :                     128000.00 MB
    Delta Memory :                               124841.00 MB
    Max Swap :                                   -
    Max Processes :                              4
    Max Threads :                                19
    Run time :                                   6133 sec.
    Turnaround time :                            6136 sec.

The output (if any) follows:

==========================================
TRACE-Kin v3 array task 13/14
==========================================
Date:        Fri May  8 16:46:51 EDT 2026
Dataset:     /sc/arion/projects/DiseaseGeneCell/Huang_lab_project/drug_discovery/output/data/enzyme_embeddings_dataset/catpred_dataset/catpred_ki_ProteinCLIP_embedding_random
Result:      /sc/arion/projects/DiseaseGeneCell/Huang_lab_project/wangcDrugRepoProject/TRACE_Kin_Results_v3/catpred_dataset/catpred_ki_ProteinCLIP_embedding_random
Config:      training/config_v3.json
Pool CSVs:   (none)
Model:       v3 (dual-head + learned gate)
Epochs:      100, batch=16, seed=3, lr=1e-4
==========================================
Python 3.12.2
Python: /sc/arion/work/wangc40/test-env/envs/test/bin/python
CUDA device: NVIDIA H100 80GB HBM3, sm_90
============================================================
TRACE-Kin training
============================================================
Datafolder:        /sc/arion/projects/DiseaseGeneCell/Huang_lab_project/drug_discovery/output/data/enzyme_embeddings_dataset/catpred_dataset/catpred_ki_ProteinCLIP_embedding_random
Result path:       /sc/arion/projects/DiseaseGeneCell/Huang_lab_project/wangcDrugRepoProject/TRACE_Kin_Results_v3/catpred_dataset/catpred_ki_ProteinCLIP_embedding_random
Config:            training/config_v3.json
Pool train CSVs:   (none)
============================================================
Loading primary train: /sc/arion/projects/DiseaseGeneCell/Huang_lab_project/drug_discovery/output/data/enzyme_embeddings_dataset/catpred_dataset/catpred_ki_ProteinCLIP_embedding_random/train.parquet
Loading primary test: /sc/arion/projects/DiseaseGeneCell/Huang_lab_project/drug_discovery/output/data/enzyme_embeddings_dataset/catpred_dataset/catpred_ki_ProteinCLIP_embedding_random/test.parquet
Loading primary val: /sc/arion/projects/DiseaseGeneCell/Huang_lab_project/drug_discovery/output/data/enzyme_embeddings_dataset/catpred_dataset/catpred_ki_ProteinCLIP_embedding_random/val.parquet
Detected prot_evo_channels = 128
seq2feat: 2829 unique sequences.
model_version: v3, use_swa: False
Reusing protein cache: /sc/arion/projects/DiseaseGeneCell/Huang_lab_project/drug_discovery/output/data/enzyme_embeddings_dataset/catpred_dataset/catpred_ki_ProteinCLIP_embedding_random/protein.pt
Reusing ligand cache: /sc/arion/projects/DiseaseGeneCell/Huang_lab_project/drug_discovery/output/data/enzyme_embeddings_dataset/catpred_dataset/catpred_ki_ProteinCLIP_embedding_random/ligand.pt
WARN: dropping 1 train rows with missing protein/ligand graphs.
loaders ready: train=597 test=75 val=75
Built TraceKinV3 with 6,852,123 parameters
[LR schedule] schedule_lr=False, lrate=0.0001, min_lrate=0, warmup_iters=0, lr_decay_iters=59700, total_iters=59700
Not in terminal, reprint now using normal build-in print function.
                              
                              
----------------------------------------
Epoch 001 with LR 0.000100: Model Results
----------------------------------------
Train MSE Loss: 2.5226, Train CLS Loss: 0.0000, Train MCLS Loss: 0.0000
Protein Cluster Region Loss - Ortho Loss: 0.0000, Cluster Loss: 0.0000
                              
Validation Results: {
    "ci": 0.7461,
    "classification_loss": 0.0,
    "cluster_loss": 0.0,
    "mae": 1.1487,
    "mse": 2.191,
    "multiclassification_loss": 0.0,
    "ortho_loss": 0.0,
    "pearson": 0.677,
    "regression_loss": 2.1841,
    "rm2": 0.4478,
    "rmse": 1.4802,
    "sd": 1.4797,
    "spearman": 0.6759,
    "spectral_loss": 0.0
}
                              
Test Results: {
    "ci": 0.7476,
    "classification_loss": 0.0,
    "cluster_loss": 0.0,
    "mae": 1.1281,
    "mse": 2.1262,
    "multiclassification_loss": 0.0,
    "ortho_loss": 0.0,
    "pearson": 0.6752,
    "regression_loss": 2.1239,
    "rm2": 0.4546,
    "rmse": 1.4581,
    "sd": 1.4585,
    "spearman": 0.6809,
    "spectral_loss": 0.0
}
                              
                              
----------------------------------------
Epoch 002 with LR 0.000100: Model Results
----------------------------------------
Train MSE Loss: 1.7650, Train CLS Loss: 0.0000, Train MCLS Loss: 0.0000
Protein Cluster Region Loss - Ortho Loss: 0.0000, Cluster Loss: 0.0000
                              
Validation Results: {
    "ci": 0.7608,
    "classification_loss": 0.0,
    "cluster_loss": 0.0,
    "mae": 1.0902,
    "mse": 2.0382,
    "multiclassification_loss": 0.0,
    "ortho_loss": 0.0,
    "pearson": 0.7103,
    "regression_loss": 2.0327,
    "rm2": 0.4579,
    "rmse": 1.4277,
    "sd": 1.4151,
    "spearman": 0.7066,
    "spectral_loss": 0.0
}
                              
Test Results: {
    "ci": 0.7585,
    "classification_loss": 0.0,
    "cluster_loss": 0.0,
    "mae": 1.0861,
    "mse": 2.0102,
    "multiclassification_loss": 0.0,
    "ortho_loss": 0.0,
    "pearson": 0.7001,
    "regression_loss": 2.0074,
    "rm2": 0.4591,
    "rmse": 1.4178,
    "sd": 1.412,
    "spearman": 0.701,
    "spectral_loss": 0.0
}
                              
                              
----------------------------------------
Epoch 003 with LR 0.000100: Model Results
----------------------------------------
Train MSE Loss: 1.5153, Train CLS Loss: 0.0000, Train MCLS Loss: 0.0000
Protein Cluster Region Loss - Ortho Loss: 0.0000, Cluster Loss: 0.0000
                              
Validation Results: {
    "ci": 0.7708,
    "classification_loss": 0.0,
    "cluster_loss": 0.0,
    "mae": 1.0381,
    "mse": 1.876,
    "multiclassification_loss": 0.0,
    "ortho_loss": 0.0,
    "pearson": 0.7327,
    "regression_loss": 1.8695,
    "rm2": 0.5223,
    "rmse": 1.3697,
    "sd": 1.3683,
    "spearman": 0.7265,
    "spectral_loss": 0.0
}
                              
Test Results: {
    "ci": 0.7673,
    "classification_loss": 0.0,
    "cluster_loss": 0.0,
    "mae": 1.0423,
    "mse": 1.8889,
    "multiclassification_loss": 0.0,
    "ortho_loss": 0.0,
    "pearson": 0.7193,
    "regression_loss": 1.885,
    "rm2": 0.5133,
    "rmse": 1.3744,
    "sd": 1.3736,
    "spearman": 0.7205,
    "spectral_loss": 0.0
}
                              
                              
----------------------------------------
Epoch 004 with LR 0.000100: Model Results
----------------------------------------
Train MSE Loss: 1.2958, Train CLS Loss: 0.0000, Train MCLS Loss: 0.0000
Protein Cluster Region Loss - Ortho Loss: 0.0000, Cluster Loss: 0.0000
                              
Validation Results: {
    "ci": 0.7715,
    "classification_loss": 0.0,
    "cluster_loss": 0.0,
    "mae": 1.0342,
    "mse": 1.9193,
    "multiclassification_loss": 0.0,
    "ortho_loss": 0.0,
    "pearson": 0.7339,
    "regression_loss": 1.9125,
    "rm2": 0.4755,
    "rmse": 1.3854,
    "sd": 1.3656,
    "spearman": 0.7266,
    "spectral_loss": 0.0
}
                              
Test Results: {
    "ci": 0.7673,
    "classification_loss": 0.0,
    "cluster_loss": 0.0,
    "mae": 1.0423,
    "mse": 1.8889,
    "multiclassification_loss": 0.0,
    "ortho_loss": 0.0,
    "pearson": 0.7193,
    "regression_loss": 1.885,
    "rm2": 0.5133,
    "rmse": 1.3744,
    "sd": 1.3736,
    "spearman": 0.7205,
    "spectral_loss": 0.0
}
                              
                              
----------------------------------------
Epoch 005 with LR 0.000100: Model Results
----------------------------------------
Train MSE Loss: 1.1427, Train CLS Loss: 0.0000, Train MCLS Loss: 0.0000
Protein Cluster Region Loss - Ortho Loss: 0.0000, Cluster Loss: 0.0000
                              
Validation Results: {
    "ci": 0.7769,
    "classification_loss": 0.0,
    "cluster_loss": 0.0,
    "mae": 1.0186,
    "mse": 1.823,
    "multiclassification_loss": 0.0,
    "ortho_loss": 0.0,
    "pearson": 0.7473,
    "regression_loss": 1.8167,
    "rm2": 0.5547,
    "rmse": 1.3502,
    "sd": 1.3359,
    "spearman": 0.7378,
    "spectral_loss": 0.0
}
                              
Test Results: {
    "ci": 0.77,
    "classification_loss": 0.0,
    "cluster_loss": 0.0,
    "mae": 1.0312,
    "mse": 1.9214,
    "multiclassification_loss": 0.0,
    "ortho_loss": 0.0,
    "pearson": 0.7205,
    "regression_loss": 1.9184,
    "rm2": 0.5185,
    "rmse": 1.3862,
    "sd": 1.3712,
    "spearman": 0.7243,
    "spectral_loss": 0.0
}
                              
                              
----------------------------------------
Epoch 006 with LR 0.000100: Model Results
----------------------------------------
Train MSE Loss: 1.0136, Train CLS Loss: 0.0000, Train MCLS Loss: 0.0000
Protein Cluster Region Loss - Ortho Loss: 0.0000, Cluster Loss: 0.0000
                              
Validation Results: {
    "ci": 0.7813,
    "classification_loss": 0.0,
    "cluster_loss": 0.0,
    "mae": 0.9965,
    "mse": 1.7768,
    "multiclassification_loss": 0.0,
    "ortho_loss": 0.0,
    "pearson": 0.7532,
    "regression_loss": 1.7698,
    "rm2": 0.522,
    "rmse": 1.333,
    "sd": 1.3225,
    "spearman": 0.7471,
    "spectral_loss": 0.0
}
                              
Test Results: {
    "ci": 0.7683,
    "classification_loss": 0.0,
    "cluster_loss": 0.0,
    "mae": 1.0354,
    "mse": 1.9183,
    "multiclassification_loss": 0.0,
    "ortho_loss": 0.0,
    "pearson": 0.7181,
    "regression_loss": 1.9207,
    "rm2": 0.4743,
    "rmse": 1.385,
    "sd": 1.3761,
    "spearman": 0.7224,
    "spectral_loss": 0.0
}
                              
                              
----------------------------------------
Epoch 007 with LR 0.000100: Model Results
----------------------------------------
Train MSE Loss: 0.9210, Train CLS Loss: 0.0000, Train MCLS Loss: 0.0000
Protein Cluster Region Loss - Ortho Loss: 0.0000, Cluster Loss: 0.0000
                              
Validation Results: {
    "ci": 0.784,
    "classification_loss": 0.0,
    "cluster_loss": 0.0,
    "mae": 0.9922,
    "mse": 1.7351,
    "multiclassification_loss": 0.0,
    "ortho_loss": 0.0,
    "pearson": 0.7596,
    "regression_loss": 1.728,
    "rm2": 0.561,
    "rmse": 1.3172,
    "sd": 1.3075,
    "spearman": 0.753,
    "spectral_loss": 0.0
}
                              
Test Results: {
    "ci": 0.7734,
    "classification_loss": 0.0,
    "cluster_loss": 0.0,
    "mae": 1.0141,
    "mse": 1.8613,
    "multiclassification_loss": 0.0,
    "ortho_loss": 0.0,
    "pearson": 0.7287,
    "regression_loss": 1.8579,
    "rm2": 0.516,
    "rmse": 1.3643,
    "sd": 1.354,
    "spearman": 0.7315,
    "spectral_loss": 0.0
}
                              
                              
----------------------------------------
Epoch 008 with LR 0.000100: Model Results
----------------------------------------
Train MSE Loss: 0.8296, Train CLS Loss: 0.0000, Train MCLS Loss: 0.0000
Protein Cluster Region Loss - Ortho Loss: 0.0000, Cluster Loss: 0.0000
                              
Validation Results: {
    "ci": 0.7811,
    "classification_loss": 0.0,
    "cluster_loss": 0.0,
    "mae": 0.994,
    "mse": 1.7675,
    "multiclassification_loss": 0.0,
    "ortho_loss": 0.0,
    "pearson": 0.7551,
    "regression_loss": 1.7598,
    "rm2": 0.5239,
    "rmse": 1.3295,
    "sd": 1.3182,
    "spearman": 0.7471,
    "spectral_loss": 0.0
}
                              
Test Results: {
    "ci": 0.7734,
    "classification_loss": 0.0,
    "cluster_loss": 0.0,
    "mae": 1.0141,
    "mse": 1.8613,
    "multiclassification_loss": 0.0,
    "ortho_loss": 0.0,
    "pearson": 0.7287,
    "regression_loss": 1.8579,
    "rm2": 0.516,
    "rmse": 1.3643,
    "sd": 1.354,
    "spearman": 0.7315,
    "spectral_loss": 0.0
}
                              
                              
----------------------------------------
Epoch 009 with LR 0.000100: Model Results
----------------------------------------
Train MSE Loss: 0.7677, Train CLS Loss: 0.0000, Train MCLS Loss: 0.0000
Protein Cluster Region Loss - Ortho Loss: 0.0000, Cluster Loss: 0.0000
                              
Validation Results: {
    "ci": 0.7829,
    "classification_loss": 0.0,
    "cluster_loss": 0.0,
    "mae": 0.9818,
    "mse": 1.7607,
    "multiclassification_loss": 0.0,
    "ortho_loss": 0.0,
    "pearson": 0.7561,
    "regression_loss": 1.752,
    "rm2": 0.5219,
    "rmse": 1.3269,
    "sd": 1.3157,
    "spearman": 0.7495,
    "spectral_loss": 0.0
}
                              
Test Results: {
    "ci": 0.7734,
    "classification_loss": 0.0,
    "cluster_loss": 0.0,
    "mae": 1.0141,
    "mse": 1.8613,
    "multiclassification_loss": 0.0,
    "ortho_loss": 0.0,
    "pearson": 0.7287,
    "regression_loss": 1.8579,
    "rm2": 0.516,
    "rmse": 1.3643,
    "sd": 1.354,
    "spearman": 0.7315,
    "spectral_loss": 0.0
}
                              
                              
----------------------------------------
Epoch 010 with LR 0.000100: Model Results
----------------------------------------
Train MSE Loss: 0.7232, Train CLS Loss: 0.0000, Train MCLS Loss: 0.0000
Protein Cluster Region Loss - Ortho Loss: 0.0000, Cluster Loss: 0.0000
                              
Validation Results: {
    "ci": 0.7829,
    "classification_loss": 0.0,
    "cluster_loss": 0.0,
    "mae": 0.9897,
    "mse": 1.7891,
    "multiclassification_loss": 0.0,
    "ortho_loss": 0.0,
    "pearson": 0.7561,
    "regression_loss": 1.7809,
    "rm2": 0.4984,
    "rmse": 1.3376,
    "sd": 1.3159,
    "spearman": 0.7496,
    "spectral_loss": 0.0
}
                              
Test Results: {
    "ci": 0.7734,
    "classification_loss": 0.0,
    "cluster_loss": 0.0,
    "mae": 1.0141,
    "mse": 1.8613,
    "multiclassification_loss": 0.0,
    "ortho_loss": 0.0,
    "pearson": 0.7287,
    "regression_loss": 1.8579,
    "rm2": 0.516,
    "rmse": 1.3643,
    "sd": 1.354,
    "spearman": 0.7315,
    "spectral_loss": 0.0
}
                              
                              
----------------------------------------
Epoch 011 with LR 0.000100: Model Results
----------------------------------------
Train MSE Loss: 0.6794, Train CLS Loss: 0.0000, Train MCLS Loss: 0.0000
Protein Cluster Region Loss - Ortho Loss: 0.0000, Cluster Loss: 0.0000
                              
Validation Results: {
    "ci": 0.7845,
    "classification_loss": 0.0,
    "cluster_loss": 0.0,
    "mae": 0.9792,
    "mse": 1.7544,
    "multiclassification_loss": 0.0,
    "ortho_loss": 0.0,
    "pearson": 0.7611,
    "regression_loss": 1.7461,
    "rm2": 0.5068,
    "rmse": 1.3245,
    "sd": 1.3041,
    "spearman": 0.7541,
    "spectral_loss": 0.0
}
                              
Test Results: {
    "ci": 0.7734,
    "classification_loss": 0.0,
    "cluster_loss": 0.0,
    "mae": 1.0141,
    "mse": 1.8613,
    "multiclassification_loss": 0.0,
    "ortho_loss": 0.0,
    "pearson": 0.7287,
    "regression_loss": 1.8579,
    "rm2": 0.516,
    "rmse": 1.3643,
    "sd": 1.354,
    "spearman": 0.7315,
    "spectral_loss": 0.0
}
                              
                              
----------------------------------------
Epoch 012 with LR 0.000100: Model Results
----------------------------------------
Train MSE Loss: 0.6432, Train CLS Loss: 0.0000, Train MCLS Loss: 0.0000
Protein Cluster Region Loss - Ortho Loss: 0.0000, Cluster Loss: 0.0000
                              
Validation Results: {
    "ci": 0.7869,
    "classification_loss": 0.0,
    "cluster_loss": 0.0,
    "mae": 0.9794,
    "mse": 1.6987,
    "multiclassification_loss": 0.0,
    "ortho_loss": 0.0,
    "pearson": 0.7681,
    "regression_loss": 1.6906,
    "rm2": 0.5676,
    "rmse": 1.3034,
    "sd": 1.2875,
    "spearman": 0.7586,
    "spectral_loss": 0.0
}
                              
Test Results: {
    "ci": 0.7757,
    "classification_loss": 0.0,
    "cluster_loss": 0.0,
    "mae": 1.0165,
    "mse": 1.8574,
    "multiclassification_loss": 0.0,
    "ortho_loss": 0.0,
    "pearson": 0.7342,
    "regression_loss": 1.8572,
    "rm2": 0.5054,
    "rmse": 1.3629,
    "sd": 1.3425,
    "spearman": 0.7368,
    "spectral_loss": 0.0
}
                              
                              
----------------------------------------
Epoch 013 with LR 0.000100: Model Results
----------------------------------------
Train MSE Loss: 0.6060, Train CLS Loss: 0.0000, Train MCLS Loss: 0.0000
Protein Cluster Region Loss - Ortho Loss: 0.0000, Cluster Loss: 0.0000
                              
Validation Results: {
    "ci": 0.7824,
    "classification_loss": 0.0,
    "cluster_loss": 0.0,
    "mae": 1.0023,
    "mse": 1.8168,
    "multiclassification_loss": 0.0,
    "ortho_loss": 0.0,
    "pearson": 0.7575,
    "regression_loss": 1.8092,
    "rm2": 0.4816,
    "rmse": 1.3479,
    "sd": 1.3126,
    "spearman": 0.7511,
    "spectral_loss": 0.0
}
                              
Test Results: {
    "ci": 0.7757,
    "classification_loss": 0.0,
    "cluster_loss": 0.0,
    "mae": 1.0165,
    "mse": 1.8574,
    "multiclassification_loss": 0.0,
    "ortho_loss": 0.0,
    "pearson": 0.7342,
    "regression_loss": 1.8572,
    "rm2": 0.5054,
    "rmse": 1.3629,
    "sd": 1.3425,
    "spearman": 0.7368,
    "spectral_loss": 0.0
}
                              
                              
----------------------------------------
Epoch 014 with LR 0.000100: Model Results
----------------------------------------
Train MSE Loss: 0.5722, Train CLS Loss: 0.0000, Train MCLS Loss: 0.0000
Protein Cluster Region Loss - Ortho Loss: 0.0000, Cluster Loss: 0.0000
                              
Validation Results: {
    "ci": 0.7887,
    "classification_loss": 0.0,
    "cluster_loss": 0.0,
    "mae": 0.9674,
    "mse": 1.7286,
    "multiclassification_loss": 0.0,
    "ortho_loss": 0.0,
    "pearson": 0.7654,
    "regression_loss": 1.7206,
    "rm2": 0.5125,
    "rmse": 1.3148,
    "sd": 1.2938,
    "spearman": 0.7629,
    "spectral_loss": 0.0
}
                              
Test Results: {
    "ci": 0.7757,
    "classification_loss": 0.0,
    "cluster_loss": 0.0,
    "mae": 1.0165,
    "mse": 1.8574,
    "multiclassification_loss": 0.0,
    "ortho_loss": 0.0,
    "pearson": 0.7342,
    "regression_loss": 1.8572,
    "rm2": 0.5054,
    "rmse": 1.3629,
    "sd": 1.3425,
    "spearman": 0.7368,
    "spectral_loss": 0.0
}
                              
                              
----------------------------------------
Epoch 015 with LR 0.000100: Model Results
----------------------------------------
Train MSE Loss: 0.5497, Train CLS Loss: 0.0000, Train MCLS Loss: 0.0000
Protein Cluster Region Loss - Ortho Loss: 0.0000, Cluster Loss: 0.0000
                              
Validation Results: {
    "ci": 0.7871,
    "classification_loss": 0.0,
    "cluster_loss": 0.0,
    "mae": 0.9791,
    "mse": 1.735,
    "multiclassification_loss": 0.0,
    "ortho_loss": 0.0,
    "pearson": 0.7652,
    "regression_loss": 1.7269,
    "rm2": 0.5089,
    "rmse": 1.3172,
    "sd": 1.2943,
    "spearman": 0.7596,
    "spectral_loss": 0.0
}
                              
Test Results: {
    "ci": 0.7757,
    "classification_loss": 0.0,
    "cluster_loss": 0.0,
    "mae": 1.0165,
    "mse": 1.8574,
    "multiclassification_loss": 0.0,
    "ortho_loss": 0.0,
    "pearson": 0.7342,
    "regression_loss": 1.8572,
    "rm2": 0.5054,
    "rmse": 1.3629,
    "sd": 1.3425,
    "spearman": 0.7368,
    "spectral_loss": 0.0
}
                              
                              
----------------------------------------
Epoch 016 with LR 0.000100: Model Results
----------------------------------------
Train MSE Loss: 0.5224, Train CLS Loss: 0.0000, Train MCLS Loss: 0.0000
Protein Cluster Region Loss - Ortho Loss: 0.0000, Cluster Loss: 0.0000
                              
Validation Results: {
    "ci": 0.789,
    "classification_loss": 0.0,
    "cluster_loss": 0.0,
    "mae": 0.982,
    "mse": 1.7471,
    "multiclassification_loss": 0.0,
    "ortho_loss": 0.0,
    "pearson": 0.7687,
    "regression_loss": 1.7389,
    "rm2": 0.5576,
    "rmse": 1.3218,
    "sd": 1.2859,
    "spearman": 0.7615,
    "spectral_loss": 0.0
}
                              
Test Results: {
    "ci": 0.7757,
    "classification_loss": 0.0,
    "cluster_loss": 0.0,
    "mae": 1.0165,
    "mse": 1.8574,
    "multiclassification_loss": 0.0,
    "ortho_loss": 0.0,
    "pearson": 0.7342,
    "regression_loss": 1.8572,
    "rm2": 0.5054,
    "rmse": 1.3629,
    "sd": 1.3425,
    "spearman": 0.7368,
    "spectral_loss": 0.0
}
                              
                              
----------------------------------------
Epoch 017 with LR 0.000100: Model Results
----------------------------------------
Train MSE Loss: 0.5100, Train CLS Loss: 0.0000, Train MCLS Loss: 0.0000
Protein Cluster Region Loss - Ortho Loss: 0.0000, Cluster Loss: 0.0000
                              
Validation Results: {
    "ci": 0.7891,
    "classification_loss": 0.0,
    "cluster_loss": 0.0,
    "mae": 0.9707,
    "mse": 1.7399,
    "multiclassification_loss": 0.0,
    "ortho_loss": 0.0,
    "pearson": 0.7674,
    "regression_loss": 1.7316,
    "rm2": 0.4999,
    "rmse": 1.3191,
    "sd": 1.2891,
    "spearman": 0.762,
    "spectral_loss": 0.0
}
                              
Test Results: {
    "ci": 0.7757,
    "classification_loss": 0.0,
    "cluster_loss": 0.0,
    "mae": 1.0165,
    "mse": 1.8574,
    "multiclassification_loss": 0.0,
    "ortho_loss": 0.0,
    "pearson": 0.7342,
    "regression_loss": 1.8572,
    "rm2": 0.5054,
    "rmse": 1.3629,
    "sd": 1.3425,
    "spearman": 0.7368,
    "spectral_loss": 0.0
}
                              
                              
----------------------------------------
Epoch 018 with LR 0.000100: Model Results
----------------------------------------
Train MSE Loss: 0.4888, Train CLS Loss: 0.0000, Train MCLS Loss: 0.0000
Protein Cluster Region Loss - Ortho Loss: 0.0000, Cluster Loss: 0.0000
                              
Validation Results: {
    "ci": 0.7914,
    "classification_loss": 0.0,
    "cluster_loss": 0.0,
    "mae": 0.9567,
    "mse": 1.6656,
    "multiclassification_loss": 0.0,
    "ortho_loss": 0.0,
    "pearson": 0.7731,
    "regression_loss": 1.6581,
    "rm2": 0.5479,
    "rmse": 1.2906,
    "sd": 1.2753,
    "spearman": 0.7694,
    "spectral_loss": 0.0
}
                              
Test Results: {
    "ci": 0.7875,
    "classification_loss": 0.0,
    "cluster_loss": 0.0,
    "mae": 0.9646,
    "mse": 1.7486,
    "multiclassification_loss": 0.0,
    "ortho_loss": 0.0,
    "pearson": 0.7519,
    "regression_loss": 1.7512,
    "rm2": 0.5084,
    "rmse": 1.3224,
    "sd": 1.3037,
    "spearman": 0.76,
    "spectral_loss": 0.0
}
                              
                              
----------------------------------------
Epoch 019 with LR 0.000100: Model Results
----------------------------------------
Train MSE Loss: 0.4652, Train CLS Loss: 0.0000, Train MCLS Loss: 0.0000
Protein Cluster Region Loss - Ortho Loss: 0.0000, Cluster Loss: 0.0000
                              
Validation Results: {
    "ci": 0.7915,
    "classification_loss": 0.0,
    "cluster_loss": 0.0,
    "mae": 0.9704,
    "mse": 1.716,
    "multiclassification_loss": 0.0,
    "ortho_loss": 0.0,
    "pearson": 0.7734,
    "regression_loss": 1.708,
    "rm2": 0.5187,
    "rmse": 1.31,
    "sd": 1.2743,
    "spearman": 0.7687,
    "spectral_loss": 0.0
}
                              
Test Results: {
    "ci": 0.7875,
    "classification_loss": 0.0,
    "cluster_loss": 0.0,
    "mae": 0.9646,
    "mse": 1.7486,
    "multiclassification_loss": 0.0,
    "ortho_loss": 0.0,
    "pearson": 0.7519,
    "regression_loss": 1.7512,
    "rm2": 0.5084,
    "rmse": 1.3224,
    "sd": 1.3037,
    "spearman": 0.76,
    "spectral_loss": 0.0
}
                              
                              
----------------------------------------
Epoch 020 with LR 0.000100: Model Results
----------------------------------------
Train MSE Loss: 0.4444, Train CLS Loss: 0.0000, Train MCLS Loss: 0.0000
Protein Cluster Region Loss - Ortho Loss: 0.0000, Cluster Loss: 0.0000
                              
Validation Results: {
    "ci": 0.791,
    "classification_loss": 0.0,
    "cluster_loss": 0.0,
    "mae": 0.9545,
    "mse": 1.6687,
    "multiclassification_loss": 0.0,
    "ortho_loss": 0.0,
    "pearson": 0.7716,
    "regression_loss": 1.661,
    "rm2": 0.5454,
    "rmse": 1.2918,
    "sd": 1.279,
    "spearman": 0.7672,
    "spectral_loss": 0.0
}
                              
Test Results: {
    "ci": 0.7875,
    "classification_loss": 0.0,
    "cluster_loss": 0.0,
    "mae": 0.9646,
    "mse": 1.7486,
    "multiclassification_loss": 0.0,
    "ortho_loss": 0.0,
    "pearson": 0.7519,
    "regression_loss": 1.7512,
    "rm2": 0.5084,
    "rmse": 1.3224,
    "sd": 1.3037,
    "spearman": 0.76,
    "spectral_loss": 0.0
}
                              
                              
----------------------------------------
Epoch 021 with LR 0.000100: Model Results
----------------------------------------
Train MSE Loss: 0.4338, Train CLS Loss: 0.0000, Train MCLS Loss: 0.0000
Protein Cluster Region Loss - Ortho Loss: 0.0000, Cluster Loss: 0.0000
                              
Validation Results: {
    "ci": 0.7915,
    "classification_loss": 0.0,
    "cluster_loss": 0.0,
    "mae": 0.9588,
    "mse": 1.6999,
    "multiclassification_loss": 0.0,
    "ortho_loss": 0.0,
    "pearson": 0.7711,
    "regression_loss": 1.6925,
    "rm2": 0.5148,
    "rmse": 1.3038,
    "sd": 1.2802,
    "spearman": 0.7683,
    "spectral_loss": 0.0
}
                              
Test Results: {
    "ci": 0.7875,
    "classification_loss": 0.0,
    "cluster_loss": 0.0,
    "mae": 0.9646,
    "mse": 1.7486,
    "multiclassification_loss": 0.0,
    "ortho_loss": 0.0,
    "pearson": 0.7519,
    "regression_loss": 1.7512,
    "rm2": 0.5084,
    "rmse": 1.3224,
    "sd": 1.3037,
    "spearman": 0.76,
    "spectral_loss": 0.0
}
                              
                              
----------------------------------------
Epoch 022 with LR 0.000100: Model Results
----------------------------------------
Train MSE Loss: 0.4088, Train CLS Loss: 0.0000, Train MCLS Loss: 0.0000
Protein Cluster Region Loss - Ortho Loss: 0.0000, Cluster Loss: 0.0000
                              
Validation Results: {
    "ci": 0.7927,
    "classification_loss": 0.0,
    "cluster_loss": 0.0,
    "mae": 0.965,
    "mse": 1.7041,
    "multiclassification_loss": 0.0,
    "ortho_loss": 0.0,
    "pearson": 0.7723,
    "regression_loss": 1.6952,
    "rm2": 0.509,
    "rmse": 1.3054,
    "sd": 1.2772,
    "spearman": 0.7693,
    "spectral_loss": 0.0
}
                              
Test Results: {
    "ci": 0.7875,
    "classification_loss": 0.0,
    "cluster_loss": 0.0,
    "mae": 0.9646,
    "mse": 1.7486,
    "multiclassification_loss": 0.0,
    "ortho_loss": 0.0,
    "pearson": 0.7519,
    "regression_loss": 1.7512,
    "rm2": 0.5084,
    "rmse": 1.3224,
    "sd": 1.3037,
    "spearman": 0.76,
    "spectral_loss": 0.0
}
                              
                              
----------------------------------------
Epoch 023 with LR 0.000100: Model Results
----------------------------------------
Train MSE Loss: 0.4082, Train CLS Loss: 0.0000, Train MCLS Loss: 0.0000
Protein Cluster Region Loss - Ortho Loss: 0.0000, Cluster Loss: 0.0000
                              
Validation Results: {
    "ci": 0.7888,
    "classification_loss": 0.0,
    "cluster_loss": 0.0,
    "mae": 1.0062,
    "mse": 1.8056,
    "multiclassification_loss": 0.0,
    "ortho_loss": 0.0,
    "pearson": 0.7696,
    "regression_loss": 1.7989,
    "rm2": 0.5819,
    "rmse": 1.3437,
    "sd": 1.2838,
    "spearman": 0.7626,
    "spectral_loss": 0.0
}
                              
Test Results: {
    "ci": 0.7875,
    "classification_loss": 0.0,
    "cluster_loss": 0.0,
    "mae": 0.9646,
    "mse": 1.7486,
    "multiclassification_loss": 0.0,
    "ortho_loss": 0.0,
    "pearson": 0.7519,
    "regression_loss": 1.7512,
    "rm2": 0.5084,
    "rmse": 1.3224,
    "sd": 1.3037,
    "spearman": 0.76,
    "spectral_loss": 0.0
}
                              
                              
----------------------------------------
Epoch 024 with LR 0.000100: Model Results
----------------------------------------
Train MSE Loss: 0.3927, Train CLS Loss: 0.0000, Train MCLS Loss: 0.0000
Protein Cluster Region Loss - Ortho Loss: 0.0000, Cluster Loss: 0.0000
                              
Validation Results: {
    "ci": 0.795,
    "classification_loss": 0.0,
    "cluster_loss": 0.0,
    "mae": 0.9853,
    "mse": 1.7256,
    "multiclassification_loss": 0.0,
    "ortho_loss": 0.0,
    "pearson": 0.7765,
    "regression_loss": 1.7179,
    "rm2": 0.6024,
    "rmse": 1.3136,
    "sd": 1.2669,
    "spearman": 0.7747,
    "spectral_loss": 0.0
}
                              
Test Results: {
    "ci": 0.7875,
    "classification_loss": 0.0,
    "cluster_loss": 0.0,
    "mae": 0.9646,
    "mse": 1.7486,
    "multiclassification_loss": 0.0,
    "ortho_loss": 0.0,
    "pearson": 0.7519,
    "regression_loss": 1.7512,
    "rm2": 0.5084,
    "rmse": 1.3224,
    "sd": 1.3037,
    "spearman": 0.76,
    "spectral_loss": 0.0
}
                              
                              
----------------------------------------
Epoch 025 with LR 0.000100: Model Results
----------------------------------------
Train MSE Loss: 0.3771, Train CLS Loss: 0.0000, Train MCLS Loss: 0.0000
Protein Cluster Region Loss - Ortho Loss: 0.0000, Cluster Loss: 0.0000
                              
Validation Results: {
    "ci": 0.7928,
    "classification_loss": 0.0,
    "cluster_loss": 0.0,
    "mae": 0.9564,
    "mse": 1.6917,
    "multiclassification_loss": 0.0,
    "ortho_loss": 0.0,
    "pearson": 0.7759,
    "regression_loss": 1.6847,
    "rm2": 0.5615,
    "rmse": 1.3006,
    "sd": 1.2684,
    "spearman": 0.7699,
    "spectral_loss": 0.0
}
                              
Test Results: {
    "ci": 0.7875,
    "classification_loss": 0.0,
    "cluster_loss": 0.0,
    "mae": 0.9646,
    "mse": 1.7486,
    "multiclassification_loss": 0.0,
    "ortho_loss": 0.0,
    "pearson": 0.7519,
    "regression_loss": 1.7512,
    "rm2": 0.5084,
    "rmse": 1.3224,
    "sd": 1.3037,
    "spearman": 0.76,
    "spectral_loss": 0.0
}
                              
                              
----------------------------------------
Epoch 026 with LR 0.000100: Model Results
----------------------------------------
Train MSE Loss: 0.3652, Train CLS Loss: 0.0000, Train MCLS Loss: 0.0000
Protein Cluster Region Loss - Ortho Loss: 0.0000, Cluster Loss: 0.0000
                              
Validation Results: {
    "ci": 0.7919,
    "classification_loss": 0.0,
    "cluster_loss": 0.0,
    "mae": 0.9512,
    "mse": 1.6729,
    "multiclassification_loss": 0.0,
    "ortho_loss": 0.0,
    "pearson": 0.7724,
    "regression_loss": 1.6651,
    "rm2": 0.5292,
    "rmse": 1.2934,
    "sd": 1.277,
    "spearman": 0.7691,
    "spectral_loss": 0.0
}
                              
Test Results: {
    "ci": 0.7875,
    "classification_loss": 0.0,
    "cluster_loss": 0.0,
    "mae": 0.9646,
    "mse": 1.7486,
    "multiclassification_loss": 0.0,
    "ortho_loss": 0.0,
    "pearson": 0.7519,
    "regression_loss": 1.7512,
    "rm2": 0.5084,
    "rmse": 1.3224,
    "sd": 1.3037,
    "spearman": 0.76,
    "spectral_loss": 0.0
}
                              
                              
----------------------------------------
Epoch 027 with LR 0.000100: Model Results
----------------------------------------
Train MSE Loss: 0.3521, Train CLS Loss: 0.0000, Train MCLS Loss: 0.0000
Protein Cluster Region Loss - Ortho Loss: 0.0000, Cluster Loss: 0.0000
                              
Validation Results: {
    "ci": 0.7942,
    "classification_loss": 0.0,
    "cluster_loss": 0.0,
    "mae": 0.9489,
    "mse": 1.663,
    "multiclassification_loss": 0.0,
    "ortho_loss": 0.0,
    "pearson": 0.7772,
    "regression_loss": 1.6557,
    "rm2": 0.5481,
    "rmse": 1.2896,
    "sd": 1.265,
    "spearman": 0.7748,
    "spectral_loss": 0.0
}
                              
Test Results: {
    "ci": 0.7892,
    "classification_loss": 0.0,
    "cluster_loss": 0.0,
    "mae": 0.9665,
    "mse": 1.7648,
    "multiclassification_loss": 0.0,
    "ortho_loss": 0.0,
    "pearson": 0.7539,
    "regression_loss": 1.7657,
    "rm2": 0.5052,
    "rmse": 1.3285,
    "sd": 1.299,
    "spearman": 0.7628,
    "spectral_loss": 0.0
}
                              
                              
----------------------------------------
Epoch 028 with LR 0.000100: Model Results
----------------------------------------
Train MSE Loss: 0.3471, Train CLS Loss: 0.0000, Train MCLS Loss: 0.0000
Protein Cluster Region Loss - Ortho Loss: 0.0000, Cluster Loss: 0.0000
                              
Validation Results: {
    "ci": 0.793,
    "classification_loss": 0.0,
    "cluster_loss": 0.0,
    "mae": 0.952,
    "mse": 1.6778,
    "multiclassification_loss": 0.0,
    "ortho_loss": 0.0,
    "pearson": 0.7763,
    "regression_loss": 1.6715,
    "rm2": 0.5591,
    "rmse": 1.2953,
    "sd": 1.2673,
    "spearman": 0.77,
    "spectral_loss": 0.0
}
                              
Test Results: {
    "ci": 0.7892,
    "classification_loss": 0.0,
    "cluster_loss": 0.0,
    "mae": 0.9665,
    "mse": 1.7648,
    "multiclassification_loss": 0.0,
    "ortho_loss": 0.0,
    "pearson": 0.7539,
    "regression_loss": 1.7657,
    "rm2": 0.5052,
    "rmse": 1.3285,
    "sd": 1.299,
    "spearman": 0.7628,
    "spectral_loss": 0.0
}
                              
                              
----------------------------------------
Epoch 029 with LR 0.000100: Model Results
----------------------------------------
Train MSE Loss: 0.3324, Train CLS Loss: 0.0000, Train MCLS Loss: 0.0000
Protein Cluster Region Loss - Ortho Loss: 0.0000, Cluster Loss: 0.0000
                              
Validation Results: {
    "ci": 0.7912,
    "classification_loss": 0.0,
    "cluster_loss": 0.0,
    "mae": 0.9562,
    "mse": 1.7279,
    "multiclassification_loss": 0.0,
    "ortho_loss": 0.0,
    "pearson": 0.7696,
    "regression_loss": 1.7201,
    "rm2": 0.5094,
    "rmse": 1.3145,
    "sd": 1.2838,
    "spearman": 0.7647,
    "spectral_loss": 0.0
}
                              
Test Results: {
    "ci": 0.7892,
    "classification_loss": 0.0,
    "cluster_loss": 0.0,
    "mae": 0.9665,
    "mse": 1.7648,
    "multiclassification_loss": 0.0,
    "ortho_loss": 0.0,
    "pearson": 0.7539,
    "regression_loss": 1.7657,
    "rm2": 0.5052,
    "rmse": 1.3285,
    "sd": 1.299,
    "spearman": 0.7628,
    "spectral_loss": 0.0
}
                              
                              
----------------------------------------
Epoch 030 with LR 0.000100: Model Results
----------------------------------------
Train MSE Loss: 0.3257, Train CLS Loss: 0.0000, Train MCLS Loss: 0.0000
Protein Cluster Region Loss - Ortho Loss: 0.0000, Cluster Loss: 0.0000
                              
Validation Results: {
    "ci": 0.7926,
    "classification_loss": 0.0,
    "cluster_loss": 0.0,
    "mae": 0.9435,
    "mse": 1.6673,
    "multiclassification_loss": 0.0,
    "ortho_loss": 0.0,
    "pearson": 0.7741,
    "regression_loss": 1.6593,
    "rm2": 0.5318,
    "rmse": 1.2912,
    "sd": 1.2728,
    "spearman": 0.7685,
    "spectral_loss": 0.0
}
                              
Test Results: {
    "ci": 0.7892,
    "classification_loss": 0.0,
    "cluster_loss": 0.0,
    "mae": 0.9665,
    "mse": 1.7648,
    "multiclassification_loss": 0.0,
    "ortho_loss": 0.0,
    "pearson": 0.7539,
    "regression_loss": 1.7657,
    "rm2": 0.5052,
    "rmse": 1.3285,
    "sd": 1.299,
    "spearman": 0.7628,
    "spectral_loss": 0.0
}
                              
                              
----------------------------------------
Epoch 031 with LR 0.000100: Model Results
----------------------------------------
Train MSE Loss: 0.3180, Train CLS Loss: 0.0000, Train MCLS Loss: 0.0000
Protein Cluster Region Loss - Ortho Loss: 0.0000, Cluster Loss: 0.0000
                              
Validation Results: {
    "ci": 0.7932,
    "classification_loss": 0.0,
    "cluster_loss": 0.0,
    "mae": 0.9685,
    "mse": 1.7197,
    "multiclassification_loss": 0.0,
    "ortho_loss": 0.0,
    "pearson": 0.773,
    "regression_loss": 1.7121,
    "rm2": 0.5916,
    "rmse": 1.3114,
    "sd": 1.2754,
    "spearman": 0.769,
    "spectral_loss": 0.0
}
                              
Test Results: {
    "ci": 0.7892,
    "classification_loss": 0.0,
    "cluster_loss": 0.0,
    "mae": 0.9665,
    "mse": 1.7648,
    "multiclassification_loss": 0.0,
    "ortho_loss": 0.0,
    "pearson": 0.7539,
    "regression_loss": 1.7657,
    "rm2": 0.5052,
    "rmse": 1.3285,
    "sd": 1.299,
    "spearman": 0.7628,
    "spectral_loss": 0.0
}
                              
                              
----------------------------------------
Epoch 032 with LR 0.000100: Model Results
----------------------------------------
Train MSE Loss: 0.3066, Train CLS Loss: 0.0000, Train MCLS Loss: 0.0000
Protein Cluster Region Loss - Ortho Loss: 0.0000, Cluster Loss: 0.0000
                              
Validation Results: {
    "ci": 0.792,
    "classification_loss": 0.0,
    "cluster_loss": 0.0,
    "mae": 0.9556,
    "mse": 1.6846,
    "multiclassification_loss": 0.0,
    "ortho_loss": 0.0,
    "pearson": 0.7743,
    "regression_loss": 1.6766,
    "rm2": 0.5266,
    "rmse": 1.2979,
    "sd": 1.2723,
    "spearman": 0.7693,
    "spectral_loss": 0.0
}
                              
Test Results: {
    "ci": 0.7892,
    "classification_loss": 0.0,
    "cluster_loss": 0.0,
    "mae": 0.9665,
    "mse": 1.7648,
    "multiclassification_loss": 0.0,
    "ortho_loss": 0.0,
    "pearson": 0.7539,
    "regression_loss": 1.7657,
    "rm2": 0.5052,
    "rmse": 1.3285,
    "sd": 1.299,
    "spearman": 0.7628,
    "spectral_loss": 0.0
}
                              
                              
----------------------------------------
Epoch 033 with LR 0.000100: Model Results
----------------------------------------
Train MSE Loss: 0.3023, Train CLS Loss: 0.0000, Train MCLS Loss: 0.0000
Protein Cluster Region Loss - Ortho Loss: 0.0000, Cluster Loss: 0.0000
                              
Validation Results: {
    "ci": 0.7926,
    "classification_loss": 0.0,
    "cluster_loss": 0.0,
    "mae": 0.9713,
    "mse": 1.731,
    "multiclassification_loss": 0.0,
    "ortho_loss": 0.0,
    "pearson": 0.7744,
    "regression_loss": 1.7246,
    "rm2": 0.5609,
    "rmse": 1.3157,
    "sd": 1.2719,
    "spearman": 0.7689,
    "spectral_loss": 0.0
}
                              
Test Results: {
    "ci": 0.7892,
    "classification_loss": 0.0,
    "cluster_loss": 0.0,
    "mae": 0.9665,
    "mse": 1.7648,
    "multiclassification_loss": 0.0,
    "ortho_loss": 0.0,
    "pearson": 0.7539,
    "regression_loss": 1.7657,
    "rm2": 0.5052,
    "rmse": 1.3285,
    "sd": 1.299,
    "spearman": 0.7628,
    "spectral_loss": 0.0
}
                              
                              
----------------------------------------
Epoch 034 with LR 0.000100: Model Results
----------------------------------------
Train MSE Loss: 0.2941, Train CLS Loss: 0.0000, Train MCLS Loss: 0.0000
Protein Cluster Region Loss - Ortho Loss: 0.0000, Cluster Loss: 0.0000
                              
Validation Results: {
    "ci": 0.7957,
    "classification_loss": 0.0,
    "cluster_loss": 0.0,
    "mae": 0.9558,
    "mse": 1.6985,
    "multiclassification_loss": 0.0,
    "ortho_loss": 0.0,
    "pearson": 0.7792,
    "regression_loss": 1.6938,
    "rm2": 0.5491,
    "rmse": 1.3033,
    "sd": 1.2602,
    "spearman": 0.7752,
    "spectral_loss": 0.0
}
                              
Test Results: {
    "ci": 0.7892,
    "classification_loss": 0.0,
    "cluster_loss": 0.0,
    "mae": 0.9665,
    "mse": 1.7648,
    "multiclassification_loss": 0.0,
    "ortho_loss": 0.0,
    "pearson": 0.7539,
    "regression_loss": 1.7657,
    "rm2": 0.5052,
    "rmse": 1.3285,
    "sd": 1.299,
    "spearman": 0.7628,
    "spectral_loss": 0.0
}
                              
                              
----------------------------------------
Epoch 035 with LR 0.000100: Model Results
----------------------------------------
Train MSE Loss: 0.2877, Train CLS Loss: 0.0000, Train MCLS Loss: 0.0000
Protein Cluster Region Loss - Ortho Loss: 0.0000, Cluster Loss: 0.0000
                              
Validation Results: {
    "ci": 0.7917,
    "classification_loss": 0.0,
    "cluster_loss": 0.0,
    "mae": 0.9606,
    "mse": 1.7005,
    "multiclassification_loss": 0.0,
    "ortho_loss": 0.0,
    "pearson": 0.7737,
    "regression_loss": 1.6932,
    "rm2": 0.5483,
    "rmse": 1.304,
    "sd": 1.2737,
    "spearman": 0.7676,
    "spectral_loss": 0.0
}
                              
Test Results: {
    "ci": 0.7892,
    "classification_loss": 0.0,
    "cluster_loss": 0.0,
    "mae": 0.9665,
    "mse": 1.7648,
    "multiclassification_loss": 0.0,
    "ortho_loss": 0.0,
    "pearson": 0.7539,
    "regression_loss": 1.7657,
    "rm2": 0.5052,
    "rmse": 1.3285,
    "sd": 1.299,
    "spearman": 0.7628,
    "spectral_loss": 0.0
}
                              
                              
----------------------------------------
Epoch 036 with LR 0.000100: Model Results
----------------------------------------
Train MSE Loss: 0.2790, Train CLS Loss: 0.0000, Train MCLS Loss: 0.0000
Protein Cluster Region Loss - Ortho Loss: 0.0000, Cluster Loss: 0.0000
                              
Validation Results: {
    "ci": 0.7932,
    "classification_loss": 0.0,
    "cluster_loss": 0.0,
    "mae": 0.9547,
    "mse": 1.669,
    "multiclassification_loss": 0.0,
    "ortho_loss": 0.0,
    "pearson": 0.7743,
    "regression_loss": 1.6632,
    "rm2": 0.5785,
    "rmse": 1.2919,
    "sd": 1.2722,
    "spearman": 0.7701,
    "spectral_loss": 0.0
}
                              
Test Results: {
    "ci": 0.7892,
    "classification_loss": 0.0,
    "cluster_loss": 0.0,
    "mae": 0.9665,
    "mse": 1.7648,
    "multiclassification_loss": 0.0,
    "ortho_loss": 0.0,
    "pearson": 0.7539,
    "regression_loss": 1.7657,
    "rm2": 0.5052,
    "rmse": 1.3285,
    "sd": 1.299,
    "spearman": 0.7628,
    "spectral_loss": 0.0
}
                              
                              
----------------------------------------
Epoch 037 with LR 0.000100: Model Results
----------------------------------------
Train MSE Loss: 0.2730, Train CLS Loss: 0.0000, Train MCLS Loss: 0.0000
Protein Cluster Region Loss - Ortho Loss: 0.0000, Cluster Loss: 0.0000
                              
Validation Results: {
    "ci": 0.7941,
    "classification_loss": 0.0,
    "cluster_loss": 0.0,
    "mae": 0.9585,
    "mse": 1.6954,
    "multiclassification_loss": 0.0,
    "ortho_loss": 0.0,
    "pearson": 0.7771,
    "regression_loss": 1.6894,
    "rm2": 0.5567,
    "rmse": 1.3021,
    "sd": 1.2653,
    "spearman": 0.7728,
    "spectral_loss": 0.0
}
                              
Test Results: {
    "ci": 0.7892,
    "classification_loss": 0.0,
    "cluster_loss": 0.0,
    "mae": 0.9665,
    "mse": 1.7648,
    "multiclassification_loss": 0.0,
    "ortho_loss": 0.0,
    "pearson": 0.7539,
    "regression_loss": 1.7657,
    "rm2": 0.5052,
    "rmse": 1.3285,
    "sd": 1.299,
    "spearman": 0.7628,
    "spectral_loss": 0.0
}
                              
                              
----------------------------------------
Epoch 038 with LR 0.000100: Model Results
----------------------------------------
Train MSE Loss: 0.2649, Train CLS Loss: 0.0000, Train MCLS Loss: 0.0000
Protein Cluster Region Loss - Ortho Loss: 0.0000, Cluster Loss: 0.0000
                              
Validation Results: {
    "ci": 0.7924,
    "classification_loss": 0.0,
    "cluster_loss": 0.0,
    "mae": 0.95,
    "mse": 1.6631,
    "multiclassification_loss": 0.0,
    "ortho_loss": 0.0,
    "pearson": 0.7745,
    "regression_loss": 1.6556,
    "rm2": 0.5603,
    "rmse": 1.2896,
    "sd": 1.2716,
    "spearman": 0.7683,
    "spectral_loss": 0.0
}
                              
Test Results: {
    "ci": 0.7892,
    "classification_loss": 0.0,
    "cluster_loss": 0.0,
    "mae": 0.9665,
    "mse": 1.7648,
    "multiclassification_loss": 0.0,
    "ortho_loss": 0.0,
    "pearson": 0.7539,
    "regression_loss": 1.7657,
    "rm2": 0.5052,
    "rmse": 1.3285,
    "sd": 1.299,
    "spearman": 0.7628,
    "spectral_loss": 0.0
}
                              
                              
----------------------------------------
Epoch 039 with LR 0.000100: Model Results
----------------------------------------
Train MSE Loss: 0.2542, Train CLS Loss: 0.0000, Train MCLS Loss: 0.0000
Protein Cluster Region Loss - Ortho Loss: 0.0000, Cluster Loss: 0.0000
                              
Validation Results: {
    "ci": 0.7913,
    "classification_loss": 0.0,
    "cluster_loss": 0.0,
    "mae": 0.9617,
    "mse": 1.7322,
    "multiclassification_loss": 0.0,
    "ortho_loss": 0.0,
    "pearson": 0.7713,
    "regression_loss": 1.7253,
    "rm2": 0.5418,
    "rmse": 1.3161,
    "sd": 1.2795,
    "spearman": 0.7655,
    "spectral_loss": 0.0
}
                              
Test Results: {
    "ci": 0.7892,
    "classification_loss": 0.0,
    "cluster_loss": 0.0,
    "mae": 0.9665,
    "mse": 1.7648,
    "multiclassification_loss": 0.0,
    "ortho_loss": 0.0,
    "pearson": 0.7539,
    "regression_loss": 1.7657,
    "rm2": 0.5052,
    "rmse": 1.3285,
    "sd": 1.299,
    "spearman": 0.7628,
    "spectral_loss": 0.0
}
                              
                              
----------------------------------------
Epoch 040 with LR 0.000100: Model Results
----------------------------------------
Train MSE Loss: 0.2551, Train CLS Loss: 0.0000, Train MCLS Loss: 0.0000
Protein Cluster Region Loss - Ortho Loss: 0.0000, Cluster Loss: 0.0000
                              
Validation Results: {
    "ci": 0.791,
    "classification_loss": 0.0,
    "cluster_loss": 0.0,
    "mae": 0.9525,
    "mse": 1.7002,
    "multiclassification_loss": 0.0,
    "ortho_loss": 0.0,
    "pearson": 0.7713,
    "regression_loss": 1.6924,
    "rm2": 0.536,
    "rmse": 1.3039,
    "sd": 1.2795,
    "spearman": 0.7655,
    "spectral_loss": 0.0
}
                              
Test Results: {
    "ci": 0.7892,
    "classification_loss": 0.0,
    "cluster_loss": 0.0,
    "mae": 0.9665,
    "mse": 1.7648,
    "multiclassification_loss": 0.0,
    "ortho_loss": 0.0,
    "pearson": 0.7539,
    "regression_loss": 1.7657,
    "rm2": 0.5052,
    "rmse": 1.3285,
    "sd": 1.299,
    "spearman": 0.7628,
    "spectral_loss": 0.0
}
                              
                              
----------------------------------------
Epoch 041 with LR 0.000100: Model Results
----------------------------------------
Train MSE Loss: 0.2500, Train CLS Loss: 0.0000, Train MCLS Loss: 0.0000
Protein Cluster Region Loss - Ortho Loss: 0.0000, Cluster Loss: 0.0000
                              
Validation Results: {
    "ci": 0.7943,
    "classification_loss": 0.0,
    "cluster_loss": 0.0,
    "mae": 0.9443,
    "mse": 1.6668,
    "multiclassification_loss": 0.0,
    "ortho_loss": 0.0,
    "pearson": 0.7765,
    "regression_loss": 1.66,
    "rm2": 0.5658,
    "rmse": 1.2911,
    "sd": 1.2668,
    "spearman": 0.772,
    "spectral_loss": 0.0
}
                              
Test Results: {
    "ci": 0.7892,
    "classification_loss": 0.0,
    "cluster_loss": 0.0,
    "mae": 0.9665,
    "mse": 1.7648,
    "multiclassification_loss": 0.0,
    "ortho_loss": 0.0,
    "pearson": 0.7539,
    "regression_loss": 1.7657,
    "rm2": 0.5052,
    "rmse": 1.3285,
    "sd": 1.299,
    "spearman": 0.7628,
    "spectral_loss": 0.0
}
                              
                              
----------------------------------------
Epoch 042 with LR 0.000100: Model Results
----------------------------------------
Train MSE Loss: 0.2463, Train CLS Loss: 0.0000, Train MCLS Loss: 0.0000
Protein Cluster Region Loss - Ortho Loss: 0.0000, Cluster Loss: 0.0000
                              
Validation Results: {
    "ci": 0.7975,
    "classification_loss": 0.0,
    "cluster_loss": 0.0,
    "mae": 0.9372,
    "mse": 1.645,
    "multiclassification_loss": 0.0,
    "ortho_loss": 0.0,
    "pearson": 0.7822,
    "regression_loss": 1.6388,
    "rm2": 0.5606,
    "rmse": 1.2826,
    "sd": 1.2525,
    "spearman": 0.7778,
    "spectral_loss": 0.0
}
                              
Test Results: {
    "ci": 0.7888,
    "classification_loss": 0.0,
    "cluster_loss": 0.0,
    "mae": 0.967,
    "mse": 1.74,
    "multiclassification_loss": 0.0,
    "ortho_loss": 0.0,
    "pearson": 0.7586,
    "regression_loss": 1.7381,
    "rm2": 0.5231,
    "rmse": 1.3191,
    "sd": 1.2882,
    "spearman": 0.7625,
    "spectral_loss": 0.0
}
                              
                              
----------------------------------------
Epoch 043 with LR 0.000100: Model Results
----------------------------------------
Train MSE Loss: 0.2353, Train CLS Loss: 0.0000, Train MCLS Loss: 0.0000
Protein Cluster Region Loss - Ortho Loss: 0.0000, Cluster Loss: 0.0000
                              
Validation Results: {
    "ci": 0.795,
    "classification_loss": 0.0,
    "cluster_loss": 0.0,
    "mae": 0.9357,
    "mse": 1.6494,
    "multiclassification_loss": 0.0,
    "ortho_loss": 0.0,
    "pearson": 0.7796,
    "regression_loss": 1.642,
    "rm2": 0.5411,
    "rmse": 1.2843,
    "sd": 1.2591,
    "spearman": 0.7722,
    "spectral_loss": 0.0
}
                              
Test Results: {
    "ci": 0.7888,
    "classification_loss": 0.0,
    "cluster_loss": 0.0,
    "mae": 0.967,
    "mse": 1.74,
    "multiclassification_loss": 0.0,
    "ortho_loss": 0.0,
    "pearson": 0.7586,
    "regression_loss": 1.7381,
    "rm2": 0.5231,
    "rmse": 1.3191,
    "sd": 1.2882,
    "spearman": 0.7625,
    "spectral_loss": 0.0
}
                              
                              
----------------------------------------
Epoch 044 with LR 0.000100: Model Results
----------------------------------------
Train MSE Loss: 0.2360, Train CLS Loss: 0.0000, Train MCLS Loss: 0.0000
Protein Cluster Region Loss - Ortho Loss: 0.0000, Cluster Loss: 0.0000
                              
Validation Results: {
    "ci": 0.7943,
    "classification_loss": 0.0,
    "cluster_loss": 0.0,
    "mae": 0.9462,
    "mse": 1.6639,
    "multiclassification_loss": 0.0,
    "ortho_loss": 0.0,
    "pearson": 0.777,
    "regression_loss": 1.6568,
    "rm2": 0.5662,
    "rmse": 1.2899,
    "sd": 1.2655,
    "spearman": 0.772,
    "spectral_loss": 0.0
}
                              
Test Results: {
    "ci": 0.7888,
    "classification_loss": 0.0,
    "cluster_loss": 0.0,
    "mae": 0.967,
    "mse": 1.74,
    "multiclassification_loss": 0.0,
    "ortho_loss": 0.0,
    "pearson": 0.7586,
    "regression_loss": 1.7381,
    "rm2": 0.5231,
    "rmse": 1.3191,
    "sd": 1.2882,
    "spearman": 0.7625,
    "spectral_loss": 0.0
}
                              
                              
----------------------------------------
Epoch 045 with LR 0.000100: Model Results
----------------------------------------
Train MSE Loss: 0.2275, Train CLS Loss: 0.0000, Train MCLS Loss: 0.0000
Protein Cluster Region Loss - Ortho Loss: 0.0000, Cluster Loss: 0.0000
                              
Validation Results: {
    "ci": 0.795,
    "classification_loss": 0.0,
    "cluster_loss": 0.0,
    "mae": 0.9378,
    "mse": 1.6556,
    "multiclassification_loss": 0.0,
    "ortho_loss": 0.0,
    "pearson": 0.7773,
    "regression_loss": 1.6479,
    "rm2": 0.5469,
    "rmse": 1.2867,
    "sd": 1.2648,
    "spearman": 0.7735,
    "spectral_loss": 0.0
}
                              
Test Results: {
    "ci": 0.7888,
    "classification_loss": 0.0,
    "cluster_loss": 0.0,
    "mae": 0.967,
    "mse": 1.74,
    "multiclassification_loss": 0.0,
    "ortho_loss": 0.0,
    "pearson": 0.7586,
    "regression_loss": 1.7381,
    "rm2": 0.5231,
    "rmse": 1.3191,
    "sd": 1.2882,
    "spearman": 0.7625,
    "spectral_loss": 0.0
}
                              
                              
----------------------------------------
Epoch 046 with LR 0.000100: Model Results
----------------------------------------
Train MSE Loss: 0.2281, Train CLS Loss: 0.0000, Train MCLS Loss: 0.0000
Protein Cluster Region Loss - Ortho Loss: 0.0000, Cluster Loss: 0.0000
                              
Validation Results: {
    "ci": 0.7963,
    "classification_loss": 0.0,
    "cluster_loss": 0.0,
    "mae": 0.9396,
    "mse": 1.6457,
    "multiclassification_loss": 0.0,
    "ortho_loss": 0.0,
    "pearson": 0.7811,
    "regression_loss": 1.6386,
    "rm2": 0.5772,
    "rmse": 1.2829,
    "sd": 1.2553,
    "spearman": 0.776,
    "spectral_loss": 0.0
}
                              
Test Results: {
    "ci": 0.7888,
    "classification_loss": 0.0,
    "cluster_loss": 0.0,
    "mae": 0.967,
    "mse": 1.74,
    "multiclassification_loss": 0.0,
    "ortho_loss": 0.0,
    "pearson": 0.7586,
    "regression_loss": 1.7381,
    "rm2": 0.5231,
    "rmse": 1.3191,
    "sd": 1.2882,
    "spearman": 0.7625,
    "spectral_loss": 0.0
}
                              
                              
----------------------------------------
Epoch 047 with LR 0.000100: Model Results
----------------------------------------
Train MSE Loss: 0.2209, Train CLS Loss: 0.0000, Train MCLS Loss: 0.0000
Protein Cluster Region Loss - Ortho Loss: 0.0000, Cluster Loss: 0.0000
                              
Validation Results: {
    "ci": 0.7932,
    "classification_loss": 0.0,
    "cluster_loss": 0.0,
    "mae": 0.9444,
    "mse": 1.6892,
    "multiclassification_loss": 0.0,
    "ortho_loss": 0.0,
    "pearson": 0.7736,
    "regression_loss": 1.6822,
    "rm2": 0.5344,
    "rmse": 1.2997,
    "sd": 1.274,
    "spearman": 0.7697,
    "spectral_loss": 0.0
}
                              
Test Results: {
    "ci": 0.7888,
    "classification_loss": 0.0,
    "cluster_loss": 0.0,
    "mae": 0.967,
    "mse": 1.74,
    "multiclassification_loss": 0.0,
    "ortho_loss": 0.0,
    "pearson": 0.7586,
    "regression_loss": 1.7381,
    "rm2": 0.5231,
    "rmse": 1.3191,
    "sd": 1.2882,
    "spearman": 0.7625,
    "spectral_loss": 0.0
}
                              
                              
----------------------------------------
Epoch 048 with LR 0.000100: Model Results
----------------------------------------
Train MSE Loss: 0.2184, Train CLS Loss: 0.0000, Train MCLS Loss: 0.0000
Protein Cluster Region Loss - Ortho Loss: 0.0000, Cluster Loss: 0.0000
                              
Validation Results: {
    "ci": 0.795,
    "classification_loss": 0.0,
    "cluster_loss": 0.0,
    "mae": 0.9865,
    "mse": 1.7665,
    "multiclassification_loss": 0.0,
    "ortho_loss": 0.0,
    "pearson": 0.7791,
    "regression_loss": 1.7611,
    "rm2": 0.5877,
    "rmse": 1.3291,
    "sd": 1.2604,
    "spearman": 0.7739,
    "spectral_loss": 0.0
}
                              
Test Results: {
    "ci": 0.7888,
    "classification_loss": 0.0,
    "cluster_loss": 0.0,
    "mae": 0.967,
    "mse": 1.74,
    "multiclassification_loss": 0.0,
    "ortho_loss": 0.0,
    "pearson": 0.7586,
    "regression_loss": 1.7381,
    "rm2": 0.5231,
    "rmse": 1.3191,
    "sd": 1.2882,
    "spearman": 0.7625,
    "spectral_loss": 0.0
}
                              
                              
----------------------------------------
Epoch 049 with LR 0.000100: Model Results
----------------------------------------
Train MSE Loss: 0.2158, Train CLS Loss: 0.0000, Train MCLS Loss: 0.0000
Protein Cluster Region Loss - Ortho Loss: 0.0000, Cluster Loss: 0.0000
                              
Validation Results: {
    "ci": 0.7951,
    "classification_loss": 0.0,
    "cluster_loss": 0.0,
    "mae": 0.9589,
    "mse": 1.71,
    "multiclassification_loss": 0.0,
    "ortho_loss": 0.0,
    "pearson": 0.7765,
    "regression_loss": 1.7037,
    "rm2": 0.554,
    "rmse": 1.3077,
    "sd": 1.2669,
    "spearman": 0.7739,
    "spectral_loss": 0.0
}
                              
Test Results: {
    "ci": 0.7888,
    "classification_loss": 0.0,
    "cluster_loss": 0.0,
    "mae": 0.967,
    "mse": 1.74,
    "multiclassification_loss": 0.0,
    "ortho_loss": 0.0,
    "pearson": 0.7586,
    "regression_loss": 1.7381,
    "rm2": 0.5231,
    "rmse": 1.3191,
    "sd": 1.2882,
    "spearman": 0.7625,
    "spectral_loss": 0.0
}
                              
                              
----------------------------------------
Epoch 050 with LR 0.000100: Model Results
----------------------------------------
Train MSE Loss: 0.2100, Train CLS Loss: 0.0000, Train MCLS Loss: 0.0000
Protein Cluster Region Loss - Ortho Loss: 0.0000, Cluster Loss: 0.0000
                              
Validation Results: {
    "ci": 0.7943,
    "classification_loss": 0.0,
    "cluster_loss": 0.0,
    "mae": 0.9409,
    "mse": 1.6502,
    "multiclassification_loss": 0.0,
    "ortho_loss": 0.0,
    "pearson": 0.7775,
    "regression_loss": 1.6429,
    "rm2": 0.546,
    "rmse": 1.2846,
    "sd": 1.2644,
    "spearman": 0.772,
    "spectral_loss": 0.0
}
                              
Test Results: {
    "ci": 0.7888,
    "classification_loss": 0.0,
    "cluster_loss": 0.0,
    "mae": 0.967,
    "mse": 1.74,
    "multiclassification_loss": 0.0,
    "ortho_loss": 0.0,
    "pearson": 0.7586,
    "regression_loss": 1.7381,
    "rm2": 0.5231,
    "rmse": 1.3191,
    "sd": 1.2882,
    "spearman": 0.7625,
    "spectral_loss": 0.0
}
                              
                              
----------------------------------------
Epoch 051 with LR 0.000100: Model Results
----------------------------------------
Train MSE Loss: 0.2085, Train CLS Loss: 0.0000, Train MCLS Loss: 0.0000
Protein Cluster Region Loss - Ortho Loss: 0.0000, Cluster Loss: 0.0000
                              
Validation Results: {
    "ci": 0.7944,
    "classification_loss": 0.0,
    "cluster_loss": 0.0,
    "mae": 0.9522,
    "mse": 1.7107,
    "multiclassification_loss": 0.0,
    "ortho_loss": 0.0,
    "pearson": 0.7759,
    "regression_loss": 1.7037,
    "rm2": 0.5319,
    "rmse": 1.3079,
    "sd": 1.2684,
    "spearman": 0.7721,
    "spectral_loss": 0.0
}
                              
Test Results: {
    "ci": 0.7888,
    "classification_loss": 0.0,
    "cluster_loss": 0.0,
    "mae": 0.967,
    "mse": 1.74,
    "multiclassification_loss": 0.0,
    "ortho_loss": 0.0,
    "pearson": 0.7586,
    "regression_loss": 1.7381,
    "rm2": 0.5231,
    "rmse": 1.3191,
    "sd": 1.2882,
    "spearman": 0.7625,
    "spectral_loss": 0.0
}
                              
                              
----------------------------------------
Epoch 052 with LR 0.000100: Model Results
----------------------------------------
Train MSE Loss: 0.2040, Train CLS Loss: 0.0000, Train MCLS Loss: 0.0000
Protein Cluster Region Loss - Ortho Loss: 0.0000, Cluster Loss: 0.0000
                              
Validation Results: {
    "ci": 0.7945,
    "classification_loss": 0.0,
    "cluster_loss": 0.0,
    "mae": 0.9445,
    "mse": 1.6619,
    "multiclassification_loss": 0.0,
    "ortho_loss": 0.0,
    "pearson": 0.7777,
    "regression_loss": 1.6551,
    "rm2": 0.5485,
    "rmse": 1.2891,
    "sd": 1.2638,
    "spearman": 0.7731,
    "spectral_loss": 0.0
}
                              
Test Results: {
    "ci": 0.7888,
    "classification_loss": 0.0,
    "cluster_loss": 0.0,
    "mae": 0.967,
    "mse": 1.74,
    "multiclassification_loss": 0.0,
    "ortho_loss": 0.0,
    "pearson": 0.7586,
    "regression_loss": 1.7381,
    "rm2": 0.5231,
    "rmse": 1.3191,
    "sd": 1.2882,
    "spearman": 0.7625,
    "spectral_loss": 0.0
}
                              
                              
----------------------------------------
Epoch 053 with LR 0.000100: Model Results
----------------------------------------
Train MSE Loss: 0.1999, Train CLS Loss: 0.0000, Train MCLS Loss: 0.0000
Protein Cluster Region Loss - Ortho Loss: 0.0000, Cluster Loss: 0.0000
                              
Validation Results: {
    "ci": 0.796,
    "classification_loss": 0.0,
    "cluster_loss": 0.0,
    "mae": 0.9417,
    "mse": 1.6547,
    "multiclassification_loss": 0.0,
    "ortho_loss": 0.0,
    "pearson": 0.7796,
    "regression_loss": 1.6495,
    "rm2": 0.5802,
    "rmse": 1.2863,
    "sd": 1.2591,
    "spearman": 0.7751,
    "spectral_loss": 0.0
}
                              
Test Results: {
    "ci": 0.7888,
    "classification_loss": 0.0,
    "cluster_loss": 0.0,
    "mae": 0.967,
    "mse": 1.74,
    "multiclassification_loss": 0.0,
    "ortho_loss": 0.0,
    "pearson": 0.7586,
    "regression_loss": 1.7381,
    "rm2": 0.5231,
    "rmse": 1.3191,
    "sd": 1.2882,
    "spearman": 0.7625,
    "spectral_loss": 0.0
}
                              
                              
----------------------------------------
Epoch 054 with LR 0.000100: Model Results
----------------------------------------
Train MSE Loss: 0.1938, Train CLS Loss: 0.0000, Train MCLS Loss: 0.0000
Protein Cluster Region Loss - Ortho Loss: 0.0000, Cluster Loss: 0.0000
                              
Validation Results: {
    "ci": 0.7942,
    "classification_loss": 0.0,
    "cluster_loss": 0.0,
    "mae": 0.9475,
    "mse": 1.6769,
    "multiclassification_loss": 0.0,
    "ortho_loss": 0.0,
    "pearson": 0.7762,
    "regression_loss": 1.6715,
    "rm2": 0.5617,
    "rmse": 1.295,
    "sd": 1.2675,
    "spearman": 0.7721,
    "spectral_loss": 0.0
}
                              
Test Results: {
    "ci": 0.7888,
    "classification_loss": 0.0,
    "cluster_loss": 0.0,
    "mae": 0.967,
    "mse": 1.74,
    "multiclassification_loss": 0.0,
    "ortho_loss": 0.0,
    "pearson": 0.7586,
    "regression_loss": 1.7381,
    "rm2": 0.5231,
    "rmse": 1.3191,
    "sd": 1.2882,
    "spearman": 0.7625,
    "spectral_loss": 0.0
}
                              
                              
----------------------------------------
Epoch 055 with LR 0.000100: Model Results
----------------------------------------
Train MSE Loss: 0.1885, Train CLS Loss: 0.0000, Train MCLS Loss: 0.0000
Protein Cluster Region Loss - Ortho Loss: 0.0000, Cluster Loss: 0.0000
                              
Validation Results: {
    "ci": 0.7945,
    "classification_loss": 0.0,
    "cluster_loss": 0.0,
    "mae": 0.9429,
    "mse": 1.6777,
    "multiclassification_loss": 0.0,
    "ortho_loss": 0.0,
    "pearson": 0.7765,
    "regression_loss": 1.6707,
    "rm2": 0.5515,
    "rmse": 1.2953,
    "sd": 1.2668,
    "spearman": 0.7707,
    "spectral_loss": 0.0
}
                              
Test Results: {
    "ci": 0.7888,
    "classification_loss": 0.0,
    "cluster_loss": 0.0,
    "mae": 0.967,
    "mse": 1.74,
    "multiclassification_loss": 0.0,
    "ortho_loss": 0.0,
    "pearson": 0.7586,
    "regression_loss": 1.7381,
    "rm2": 0.5231,
    "rmse": 1.3191,
    "sd": 1.2882,
    "spearman": 0.7625,
    "spectral_loss": 0.0
}
                              
                              
----------------------------------------
Epoch 056 with LR 0.000100: Model Results
----------------------------------------
Train MSE Loss: 0.1888, Train CLS Loss: 0.0000, Train MCLS Loss: 0.0000
Protein Cluster Region Loss - Ortho Loss: 0.0000, Cluster Loss: 0.0000
                              
Validation Results: {
    "ci": 0.798,
    "classification_loss": 0.0,
    "cluster_loss": 0.0,
    "mae": 0.9312,
    "mse": 1.625,
    "multiclassification_loss": 0.0,
    "ortho_loss": 0.0,
    "pearson": 0.7832,
    "regression_loss": 1.6183,
    "rm2": 0.5763,
    "rmse": 1.2748,
    "sd": 1.2501,
    "spearman": 0.7799,
    "spectral_loss": 0.0
}
                              
Test Results: {
    "ci": 0.7914,
    "classification_loss": 0.0,
    "cluster_loss": 0.0,
    "mae": 0.944,
    "mse": 1.6979,
    "multiclassification_loss": 0.0,
    "ortho_loss": 0.0,
    "pearson": 0.7617,
    "regression_loss": 1.6965,
    "rm2": 0.5405,
    "rmse": 1.3031,
    "sd": 1.2812,
    "spearman": 0.7661,
    "spectral_loss": 0.0
}
                              
                              
----------------------------------------
Epoch 057 with LR 0.000100: Model Results
----------------------------------------
Train MSE Loss: 0.1834, Train CLS Loss: 0.0000, Train MCLS Loss: 0.0000
Protein Cluster Region Loss - Ortho Loss: 0.0000, Cluster Loss: 0.0000
                              
Validation Results: {
    "ci": 0.7948,
    "classification_loss": 0.0,
    "cluster_loss": 0.0,
    "mae": 0.9365,
    "mse": 1.6611,
    "multiclassification_loss": 0.0,
    "ortho_loss": 0.0,
    "pearson": 0.7768,
    "regression_loss": 1.6548,
    "rm2": 0.5545,
    "rmse": 1.2888,
    "sd": 1.2661,
    "spearman": 0.7731,
    "spectral_loss": 0.0
}
                              
Test Results: {
    "ci": 0.7914,
    "classification_loss": 0.0,
    "cluster_loss": 0.0,
    "mae": 0.944,
    "mse": 1.6979,
    "multiclassification_loss": 0.0,
    "ortho_loss": 0.0,
    "pearson": 0.7617,
    "regression_loss": 1.6965,
    "rm2": 0.5405,
    "rmse": 1.3031,
    "sd": 1.2812,
    "spearman": 0.7661,
    "spectral_loss": 0.0
}
                              
                              
----------------------------------------
Epoch 058 with LR 0.000100: Model Results
----------------------------------------
Train MSE Loss: 0.1844, Train CLS Loss: 0.0000, Train MCLS Loss: 0.0000
Protein Cluster Region Loss - Ortho Loss: 0.0000, Cluster Loss: 0.0000
                              
Validation Results: {
    "ci": 0.7987,
    "classification_loss": 0.0,
    "cluster_loss": 0.0,
    "mae": 0.9216,
    "mse": 1.6077,
    "multiclassification_loss": 0.0,
    "ortho_loss": 0.0,
    "pearson": 0.7838,
    "regression_loss": 1.6018,
    "rm2": 0.5556,
    "rmse": 1.2679,
    "sd": 1.2484,
    "spearman": 0.7796,
    "spectral_loss": 0.0
}
                              
Test Results: {
    "ci": 0.7874,
    "classification_loss": 0.0,
    "cluster_loss": 0.0,
    "mae": 0.9515,
    "mse": 1.737,
    "multiclassification_loss": 0.0,
    "ortho_loss": 0.0,
    "pearson": 0.7543,
    "regression_loss": 1.7341,
    "rm2": 0.5091,
    "rmse": 1.3179,
    "sd": 1.2981,
    "spearman": 0.7578,
    "spectral_loss": 0.0
}
                              
                              
----------------------------------------
Epoch 059 with LR 0.000100: Model Results
----------------------------------------
Train MSE Loss: 0.1817, Train CLS Loss: 0.0000, Train MCLS Loss: 0.0000
Protein Cluster Region Loss - Ortho Loss: 0.0000, Cluster Loss: 0.0000
                              
Validation Results: {
    "ci": 0.7942,
    "classification_loss": 0.0,
    "cluster_loss": 0.0,
    "mae": 0.9366,
    "mse": 1.6651,
    "multiclassification_loss": 0.0,
    "ortho_loss": 0.0,
    "pearson": 0.7772,
    "regression_loss": 1.6592,
    "rm2": 0.546,
    "rmse": 1.2904,
    "sd": 1.2652,
    "spearman": 0.7714,
    "spectral_loss": 0.0
}
                              
Test Results: {
    "ci": 0.7874,
    "classification_loss": 0.0,
    "cluster_loss": 0.0,
    "mae": 0.9515,
    "mse": 1.737,
    "multiclassification_loss": 0.0,
    "ortho_loss": 0.0,
    "pearson": 0.7543,
    "regression_loss": 1.7341,
    "rm2": 0.5091,
    "rmse": 1.3179,
    "sd": 1.2981,
    "spearman": 0.7578,
    "spectral_loss": 0.0
}
                              
                              
----------------------------------------
Epoch 060 with LR 0.000100: Model Results
----------------------------------------
Train MSE Loss: 0.1747, Train CLS Loss: 0.0000, Train MCLS Loss: 0.0000
Protein Cluster Region Loss - Ortho Loss: 0.0000, Cluster Loss: 0.0000
                              
Validation Results: {
    "ci": 0.797,
    "classification_loss": 0.0,
    "cluster_loss": 0.0,
    "mae": 0.932,
    "mse": 1.6394,
    "multiclassification_loss": 0.0,
    "ortho_loss": 0.0,
    "pearson": 0.7807,
    "regression_loss": 1.6331,
    "rm2": 0.5532,
    "rmse": 1.2804,
    "sd": 1.2563,
    "spearman": 0.7777,
    "spectral_loss": 0.0
}
                              
Test Results: {
    "ci": 0.7874,
    "classification_loss": 0.0,
    "cluster_loss": 0.0,
    "mae": 0.9515,
    "mse": 1.737,
    "multiclassification_loss": 0.0,
    "ortho_loss": 0.0,
    "pearson": 0.7543,
    "regression_loss": 1.7341,
    "rm2": 0.5091,
    "rmse": 1.3179,
    "sd": 1.2981,
    "spearman": 0.7578,
    "spectral_loss": 0.0
}
                              
                              
----------------------------------------
Epoch 061 with LR 0.000100: Model Results
----------------------------------------
Train MSE Loss: 0.1727, Train CLS Loss: 0.0000, Train MCLS Loss: 0.0000
Protein Cluster Region Loss - Ortho Loss: 0.0000, Cluster Loss: 0.0000
                              
Validation Results: {
    "ci": 0.7949,
    "classification_loss": 0.0,
    "cluster_loss": 0.0,
    "mae": 0.9506,
    "mse": 1.6975,
    "multiclassification_loss": 0.0,
    "ortho_loss": 0.0,
    "pearson": 0.7789,
    "regression_loss": 1.6907,
    "rm2": 0.5096,
    "rmse": 1.3029,
    "sd": 1.2609,
    "spearman": 0.7738,
    "spectral_loss": 0.0
}
                              
Test Results: {
    "ci": 0.7874,
    "classification_loss": 0.0,
    "cluster_loss": 0.0,
    "mae": 0.9515,
    "mse": 1.737,
    "multiclassification_loss": 0.0,
    "ortho_loss": 0.0,
    "pearson": 0.7543,
    "regression_loss": 1.7341,
    "rm2": 0.5091,
    "rmse": 1.3179,
    "sd": 1.2981,
    "spearman": 0.7578,
    "spectral_loss": 0.0
}
                              
                              
----------------------------------------
Epoch 062 with LR 0.000100: Model Results
----------------------------------------
Train MSE Loss: 0.1711, Train CLS Loss: 0.0000, Train MCLS Loss: 0.0000
Protein Cluster Region Loss - Ortho Loss: 0.0000, Cluster Loss: 0.0000
                              
Validation Results: {
    "ci": 0.7948,
    "classification_loss": 0.0,
    "cluster_loss": 0.0,
    "mae": 0.9361,
    "mse": 1.6584,
    "multiclassification_loss": 0.0,
    "ortho_loss": 0.0,
    "pearson": 0.7767,
    "regression_loss": 1.6518,
    "rm2": 0.532,
    "rmse": 1.2878,
    "sd": 1.2663,
    "spearman": 0.7742,
    "spectral_loss": 0.0
}
                              
Test Results: {
    "ci": 0.7874,
    "classification_loss": 0.0,
    "cluster_loss": 0.0,
    "mae": 0.9515,
    "mse": 1.737,
    "multiclassification_loss": 0.0,
    "ortho_loss": 0.0,
    "pearson": 0.7543,
    "regression_loss": 1.7341,
    "rm2": 0.5091,
    "rmse": 1.3179,
    "sd": 1.2981,
    "spearman": 0.7578,
    "spectral_loss": 0.0
}
                              
                              
----------------------------------------
Epoch 063 with LR 0.000100: Model Results
----------------------------------------
Train MSE Loss: 0.1724, Train CLS Loss: 0.0000, Train MCLS Loss: 0.0000
Protein Cluster Region Loss - Ortho Loss: 0.0000, Cluster Loss: 0.0000
                              
Validation Results: {
    "ci": 0.7962,
    "classification_loss": 0.0,
    "cluster_loss": 0.0,
    "mae": 0.9315,
    "mse": 1.6322,
    "multiclassification_loss": 0.0,
    "ortho_loss": 0.0,
    "pearson": 0.7802,
    "regression_loss": 1.6262,
    "rm2": 0.562,
    "rmse": 1.2776,
    "sd": 1.2576,
    "spearman": 0.7765,
    "spectral_loss": 0.0
}
                              
Test Results: {
    "ci": 0.7874,
    "classification_loss": 0.0,
    "cluster_loss": 0.0,
    "mae": 0.9515,
    "mse": 1.737,
    "multiclassification_loss": 0.0,
    "ortho_loss": 0.0,
    "pearson": 0.7543,
    "regression_loss": 1.7341,
    "rm2": 0.5091,
    "rmse": 1.3179,
    "sd": 1.2981,
    "spearman": 0.7578,
    "spectral_loss": 0.0
}
                              
                              
----------------------------------------
Epoch 064 with LR 0.000100: Model Results
----------------------------------------
Train MSE Loss: 0.1649, Train CLS Loss: 0.0000, Train MCLS Loss: 0.0000
Protein Cluster Region Loss - Ortho Loss: 0.0000, Cluster Loss: 0.0000
                              
Validation Results: {
    "ci": 0.797,
    "classification_loss": 0.0,
    "cluster_loss": 0.0,
    "mae": 0.9357,
    "mse": 1.6614,
    "multiclassification_loss": 0.0,
    "ortho_loss": 0.0,
    "pearson": 0.7806,
    "regression_loss": 1.6551,
    "rm2": 0.576,
    "rmse": 1.289,
    "sd": 1.2566,
    "spearman": 0.7761,
    "spectral_loss": 0.0
}
                              
Test Results: {
    "ci": 0.7874,
    "classification_loss": 0.0,
    "cluster_loss": 0.0,
    "mae": 0.9515,
    "mse": 1.737,
    "multiclassification_loss": 0.0,
    "ortho_loss": 0.0,
    "pearson": 0.7543,
    "regression_loss": 1.7341,
    "rm2": 0.5091,
    "rmse": 1.3179,
    "sd": 1.2981,
    "spearman": 0.7578,
    "spectral_loss": 0.0
}
                              
                              
----------------------------------------
Epoch 065 with LR 0.000100: Model Results
----------------------------------------
Train MSE Loss: 0.1607, Train CLS Loss: 0.0000, Train MCLS Loss: 0.0000
Protein Cluster Region Loss - Ortho Loss: 0.0000, Cluster Loss: 0.0000
                              
Validation Results: {
    "ci": 0.7951,
    "classification_loss": 0.0,
    "cluster_loss": 0.0,
    "mae": 0.9487,
    "mse": 1.6744,
    "multiclassification_loss": 0.0,
    "ortho_loss": 0.0,
    "pearson": 0.78,
    "regression_loss": 1.6693,
    "rm2": 0.5708,
    "rmse": 1.294,
    "sd": 1.2582,
    "spearman": 0.7738,
    "spectral_loss": 0.0
}
                              
Test Results: {
    "ci": 0.7874,
    "classification_loss": 0.0,
    "cluster_loss": 0.0,
    "mae": 0.9515,
    "mse": 1.737,
    "multiclassification_loss": 0.0,
    "ortho_loss": 0.0,
    "pearson": 0.7543,
    "regression_loss": 1.7341,
    "rm2": 0.5091,
    "rmse": 1.3179,
    "sd": 1.2981,
    "spearman": 0.7578,
    "spectral_loss": 0.0
}
                              
                              
----------------------------------------
Epoch 066 with LR 0.000100: Model Results
----------------------------------------
Train MSE Loss: 0.1639, Train CLS Loss: 0.0000, Train MCLS Loss: 0.0000
Protein Cluster Region Loss - Ortho Loss: 0.0000, Cluster Loss: 0.0000
                              
Validation Results: {
    "ci": 0.7923,
    "classification_loss": 0.0,
    "cluster_loss": 0.0,
    "mae": 0.948,
    "mse": 1.6898,
    "multiclassification_loss": 0.0,
    "ortho_loss": 0.0,
    "pearson": 0.7738,
    "regression_loss": 1.6832,
    "rm2": 0.5372,
    "rmse": 1.2999,
    "sd": 1.2734,
    "spearman": 0.7683,
    "spectral_loss": 0.0
}
                              
Test Results: {
    "ci": 0.7874,
    "classification_loss": 0.0,
    "cluster_loss": 0.0,
    "mae": 0.9515,
    "mse": 1.737,
    "multiclassification_loss": 0.0,
    "ortho_loss": 0.0,
    "pearson": 0.7543,
    "regression_loss": 1.7341,
    "rm2": 0.5091,
    "rmse": 1.3179,
    "sd": 1.2981,
    "spearman": 0.7578,
    "spectral_loss": 0.0
}
                              
                              
----------------------------------------
Epoch 067 with LR 0.000100: Model Results
----------------------------------------
Train MSE Loss: 0.1584, Train CLS Loss: 0.0000, Train MCLS Loss: 0.0000
Protein Cluster Region Loss - Ortho Loss: 0.0000, Cluster Loss: 0.0000
                              
Validation Results: {
    "ci": 0.7966,
    "classification_loss": 0.0,
    "cluster_loss": 0.0,
    "mae": 0.9322,
    "mse": 1.6314,
    "multiclassification_loss": 0.0,
    "ortho_loss": 0.0,
    "pearson": 0.7819,
    "regression_loss": 1.6252,
    "rm2": 0.5653,
    "rmse": 1.2773,
    "sd": 1.2534,
    "spearman": 0.7765,
    "spectral_loss": 0.0
}
                              
Test Results: {
    "ci": 0.7874,
    "classification_loss": 0.0,
    "cluster_loss": 0.0,
    "mae": 0.9515,
    "mse": 1.737,
    "multiclassification_loss": 0.0,
    "ortho_loss": 0.0,
    "pearson": 0.7543,
    "regression_loss": 1.7341,
    "rm2": 0.5091,
    "rmse": 1.3179,
    "sd": 1.2981,
    "spearman": 0.7578,
    "spectral_loss": 0.0
}
                              
                              
----------------------------------------
Epoch 068 with LR 0.000100: Model Results
----------------------------------------
Train MSE Loss: 0.1559, Train CLS Loss: 0.0000, Train MCLS Loss: 0.0000
Protein Cluster Region Loss - Ortho Loss: 0.0000, Cluster Loss: 0.0000
                              
Validation Results: {
    "ci": 0.7946,
    "classification_loss": 0.0,
    "cluster_loss": 0.0,
    "mae": 0.948,
    "mse": 1.6782,
    "multiclassification_loss": 0.0,
    "ortho_loss": 0.0,
    "pearson": 0.7784,
    "regression_loss": 1.672,
    "rm2": 0.5514,
    "rmse": 1.2955,
    "sd": 1.262,
    "spearman": 0.7723,
    "spectral_loss": 0.0
}
                              
Test Results: {
    "ci": 0.7874,
    "classification_loss": 0.0,
    "cluster_loss": 0.0,
    "mae": 0.9515,
    "mse": 1.737,
    "multiclassification_loss": 0.0,
    "ortho_loss": 0.0,
    "pearson": 0.7543,
    "regression_loss": 1.7341,
    "rm2": 0.5091,
    "rmse": 1.3179,
    "sd": 1.2981,
    "spearman": 0.7578,
    "spectral_loss": 0.0
}
                              
                              
----------------------------------------
Epoch 069 with LR 0.000100: Model Results
----------------------------------------
Train MSE Loss: 0.1539, Train CLS Loss: 0.0000, Train MCLS Loss: 0.0000
Protein Cluster Region Loss - Ortho Loss: 0.0000, Cluster Loss: 0.0000
                              
Validation Results: {
    "ci": 0.7971,
    "classification_loss": 0.0,
    "cluster_loss": 0.0,
    "mae": 0.93,
    "mse": 1.6322,
    "multiclassification_loss": 0.0,
    "ortho_loss": 0.0,
    "pearson": 0.7822,
    "regression_loss": 1.6256,
    "rm2": 0.5553,
    "rmse": 1.2776,
    "sd": 1.2526,
    "spearman": 0.7766,
    "spectral_loss": 0.0
}
                              
Test Results: {
    "ci": 0.7874,
    "classification_loss": 0.0,
    "cluster_loss": 0.0,
    "mae": 0.9515,
    "mse": 1.737,
    "multiclassification_loss": 0.0,
    "ortho_loss": 0.0,
    "pearson": 0.7543,
    "regression_loss": 1.7341,
    "rm2": 0.5091,
    "rmse": 1.3179,
    "sd": 1.2981,
    "spearman": 0.7578,
    "spectral_loss": 0.0
}
                              
                              
----------------------------------------
Epoch 070 with LR 0.000100: Model Results
----------------------------------------
Train MSE Loss: 0.1505, Train CLS Loss: 0.0000, Train MCLS Loss: 0.0000
Protein Cluster Region Loss - Ortho Loss: 0.0000, Cluster Loss: 0.0000
                              
Validation Results: {
    "ci": 0.7967,
    "classification_loss": 0.0,
    "cluster_loss": 0.0,
    "mae": 0.9317,
    "mse": 1.6493,
    "multiclassification_loss": 0.0,
    "ortho_loss": 0.0,
    "pearson": 0.7795,
    "regression_loss": 1.6436,
    "rm2": 0.56,
    "rmse": 1.2843,
    "sd": 1.2594,
    "spearman": 0.7764,
    "spectral_loss": 0.0
}
                              
Test Results: {
    "ci": 0.7874,
    "classification_loss": 0.0,
    "cluster_loss": 0.0,
    "mae": 0.9515,
    "mse": 1.737,
    "multiclassification_loss": 0.0,
    "ortho_loss": 0.0,
    "pearson": 0.7543,
    "regression_loss": 1.7341,
    "rm2": 0.5091,
    "rmse": 1.3179,
    "sd": 1.2981,
    "spearman": 0.7578,
    "spectral_loss": 0.0
}
                              
                              
----------------------------------------
Epoch 071 with LR 0.000100: Model Results
----------------------------------------
Train MSE Loss: 0.1502, Train CLS Loss: 0.0000, Train MCLS Loss: 0.0000
Protein Cluster Region Loss - Ortho Loss: 0.0000, Cluster Loss: 0.0000
                              
Validation Results: {
    "ci": 0.7965,
    "classification_loss": 0.0,
    "cluster_loss": 0.0,
    "mae": 0.9341,
    "mse": 1.6484,
    "multiclassification_loss": 0.0,
    "ortho_loss": 0.0,
    "pearson": 0.7809,
    "regression_loss": 1.6412,
    "rm2": 0.554,
    "rmse": 1.2839,
    "sd": 1.2558,
    "spearman": 0.7759,
    "spectral_loss": 0.0
}
                              
Test Results: {
    "ci": 0.7874,
    "classification_loss": 0.0,
    "cluster_loss": 0.0,
    "mae": 0.9515,
    "mse": 1.737,
    "multiclassification_loss": 0.0,
    "ortho_loss": 0.0,
    "pearson": 0.7543,
    "regression_loss": 1.7341,
    "rm2": 0.5091,
    "rmse": 1.3179,
    "sd": 1.2981,
    "spearman": 0.7578,
    "spectral_loss": 0.0
}
                              
                              
----------------------------------------
Epoch 072 with LR 0.000100: Model Results
----------------------------------------
Train MSE Loss: 0.1485, Train CLS Loss: 0.0000, Train MCLS Loss: 0.0000
Protein Cluster Region Loss - Ortho Loss: 0.0000, Cluster Loss: 0.0000
                              
Validation Results: {
    "ci": 0.7958,
    "classification_loss": 0.0,
    "cluster_loss": 0.0,
    "mae": 0.9396,
    "mse": 1.6627,
    "multiclassification_loss": 0.0,
    "ortho_loss": 0.0,
    "pearson": 0.7805,
    "regression_loss": 1.6566,
    "rm2": 0.5489,
    "rmse": 1.2895,
    "sd": 1.2568,
    "spearman": 0.7754,
    "spectral_loss": 0.0
}
                              
Test Results: {
    "ci": 0.7874,
    "classification_loss": 0.0,
    "cluster_loss": 0.0,
    "mae": 0.9515,
    "mse": 1.737,
    "multiclassification_loss": 0.0,
    "ortho_loss": 0.0,
    "pearson": 0.7543,
    "regression_loss": 1.7341,
    "rm2": 0.5091,
    "rmse": 1.3179,
    "sd": 1.2981,
    "spearman": 0.7578,
    "spectral_loss": 0.0
}
                              
                              
----------------------------------------
Epoch 073 with LR 0.000100: Model Results
----------------------------------------
Train MSE Loss: 0.1460, Train CLS Loss: 0.0000, Train MCLS Loss: 0.0000
Protein Cluster Region Loss - Ortho Loss: 0.0000, Cluster Loss: 0.0000
                              
Validation Results: {
    "ci": 0.7951,
    "classification_loss": 0.0,
    "cluster_loss": 0.0,
    "mae": 0.9324,
    "mse": 1.6353,
    "multiclassification_loss": 0.0,
    "ortho_loss": 0.0,
    "pearson": 0.7796,
    "regression_loss": 1.6293,
    "rm2": 0.5478,
    "rmse": 1.2788,
    "sd": 1.2591,
    "spearman": 0.7736,
    "spectral_loss": 0.0
}
                              
Test Results: {
    "ci": 0.7874,
    "classification_loss": 0.0,
    "cluster_loss": 0.0,
    "mae": 0.9515,
    "mse": 1.737,
    "multiclassification_loss": 0.0,
    "ortho_loss": 0.0,
    "pearson": 0.7543,
    "regression_loss": 1.7341,
    "rm2": 0.5091,
    "rmse": 1.3179,
    "sd": 1.2981,
    "spearman": 0.7578,
    "spectral_loss": 0.0
}
                              
                              
----------------------------------------
Epoch 074 with LR 0.000100: Model Results
----------------------------------------
Train MSE Loss: 0.1411, Train CLS Loss: 0.0000, Train MCLS Loss: 0.0000
Protein Cluster Region Loss - Ortho Loss: 0.0000, Cluster Loss: 0.0000
                              
Validation Results: {
    "ci": 0.7937,
    "classification_loss": 0.0,
    "cluster_loss": 0.0,
    "mae": 0.9396,
    "mse": 1.6699,
    "multiclassification_loss": 0.0,
    "ortho_loss": 0.0,
    "pearson": 0.7769,
    "regression_loss": 1.6633,
    "rm2": 0.5323,
    "rmse": 1.2922,
    "sd": 1.2658,
    "spearman": 0.771,
    "spectral_loss": 0.0
}
                              
Test Results: {
    "ci": 0.7874,
    "classification_loss": 0.0,
    "cluster_loss": 0.0,
    "mae": 0.9515,
    "mse": 1.737,
    "multiclassification_loss": 0.0,
    "ortho_loss": 0.0,
    "pearson": 0.7543,
    "regression_loss": 1.7341,
    "rm2": 0.5091,
    "rmse": 1.3179,
    "sd": 1.2981,
    "spearman": 0.7578,
    "spectral_loss": 0.0
}
                              
                              
----------------------------------------
Epoch 075 with LR 0.000100: Model Results
----------------------------------------
Train MSE Loss: 0.1415, Train CLS Loss: 0.0000, Train MCLS Loss: 0.0000
Protein Cluster Region Loss - Ortho Loss: 0.0000, Cluster Loss: 0.0000
                              
Validation Results: {
    "ci": 0.7979,
    "classification_loss": 0.0,
    "cluster_loss": 0.0,
    "mae": 0.923,
    "mse": 1.6089,
    "multiclassification_loss": 0.0,
    "ortho_loss": 0.0,
    "pearson": 0.7842,
    "regression_loss": 1.6023,
    "rm2": 0.5564,
    "rmse": 1.2684,
    "sd": 1.2474,
    "spearman": 0.7792,
    "spectral_loss": 0.0
}
                              
Test Results: {
    "ci": 0.7874,
    "classification_loss": 0.0,
    "cluster_loss": 0.0,
    "mae": 0.9515,
    "mse": 1.737,
    "multiclassification_loss": 0.0,
    "ortho_loss": 0.0,
    "pearson": 0.7543,
    "regression_loss": 1.7341,
    "rm2": 0.5091,
    "rmse": 1.3179,
    "sd": 1.2981,
    "spearman": 0.7578,
    "spectral_loss": 0.0
}
                              
                              
----------------------------------------
Epoch 076 with LR 0.000100: Model Results
----------------------------------------
Train MSE Loss: 0.1392, Train CLS Loss: 0.0000, Train MCLS Loss: 0.0000
Protein Cluster Region Loss - Ortho Loss: 0.0000, Cluster Loss: 0.0000
                              
Validation Results: {
    "ci": 0.7974,
    "classification_loss": 0.0,
    "cluster_loss": 0.0,
    "mae": 0.9247,
    "mse": 1.6215,
    "multiclassification_loss": 0.0,
    "ortho_loss": 0.0,
    "pearson": 0.7835,
    "regression_loss": 1.6164,
    "rm2": 0.5742,
    "rmse": 1.2734,
    "sd": 1.2493,
    "spearman": 0.7773,
    "spectral_loss": 0.0
}
                              
Test Results: {
    "ci": 0.7874,
    "classification_loss": 0.0,
    "cluster_loss": 0.0,
    "mae": 0.9515,
    "mse": 1.737,
    "multiclassification_loss": 0.0,
    "ortho_loss": 0.0,
    "pearson": 0.7543,
    "regression_loss": 1.7341,
    "rm2": 0.5091,
    "rmse": 1.3179,
    "sd": 1.2981,
    "spearman": 0.7578,
    "spectral_loss": 0.0
}
                              
                              
----------------------------------------
Epoch 077 with LR 0.000100: Model Results
----------------------------------------
Train MSE Loss: 0.1413, Train CLS Loss: 0.0000, Train MCLS Loss: 0.0000
Protein Cluster Region Loss - Ortho Loss: 0.0000, Cluster Loss: 0.0000
                              
Validation Results: {
    "ci": 0.7957,
    "classification_loss": 0.0,
    "cluster_loss": 0.0,
    "mae": 0.9344,
    "mse": 1.6558,
    "multiclassification_loss": 0.0,
    "ortho_loss": 0.0,
    "pearson": 0.7795,
    "regression_loss": 1.6501,
    "rm2": 0.556,
    "rmse": 1.2868,
    "sd": 1.2594,
    "spearman": 0.7745,
    "spectral_loss": 0.0
}
                              
Test Results: {
    "ci": 0.7874,
    "classification_loss": 0.0,
    "cluster_loss": 0.0,
    "mae": 0.9515,
    "mse": 1.737,
    "multiclassification_loss": 0.0,
    "ortho_loss": 0.0,
    "pearson": 0.7543,
    "regression_loss": 1.7341,
    "rm2": 0.5091,
    "rmse": 1.3179,
    "sd": 1.2981,
    "spearman": 0.7578,
    "spectral_loss": 0.0
}
                              
                              
----------------------------------------
Epoch 078 with LR 0.000100: Model Results
----------------------------------------
Train MSE Loss: 0.1366, Train CLS Loss: 0.0000, Train MCLS Loss: 0.0000
Protein Cluster Region Loss - Ortho Loss: 0.0000, Cluster Loss: 0.0000
                              
Validation Results: {
    "ci": 0.7964,
    "classification_loss": 0.0,
    "cluster_loss": 0.0,
    "mae": 0.9445,
    "mse": 1.6775,
    "multiclassification_loss": 0.0,
    "ortho_loss": 0.0,
    "pearson": 0.7811,
    "regression_loss": 1.6719,
    "rm2": 0.567,
    "rmse": 1.2952,
    "sd": 1.2553,
    "spearman": 0.7752,
    "spectral_loss": 0.0
}
                              
Test Results: {
    "ci": 0.7874,
    "classification_loss": 0.0,
    "cluster_loss": 0.0,
    "mae": 0.9515,
    "mse": 1.737,
    "multiclassification_loss": 0.0,
    "ortho_loss": 0.0,
    "pearson": 0.7543,
    "regression_loss": 1.7341,
    "rm2": 0.5091,
    "rmse": 1.3179,
    "sd": 1.2981,
    "spearman": 0.7578,
    "spectral_loss": 0.0
}
                              
                              
----------------------------------------
Epoch 079 with LR 0.000100: Model Results
----------------------------------------
Train MSE Loss: 0.1308, Train CLS Loss: 0.0000, Train MCLS Loss: 0.0000
Protein Cluster Region Loss - Ortho Loss: 0.0000, Cluster Loss: 0.0000
                              
Validation Results: {
    "ci": 0.7965,
    "classification_loss": 0.0,
    "cluster_loss": 0.0,
    "mae": 0.9342,
    "mse": 1.6347,
    "multiclassification_loss": 0.0,
    "ortho_loss": 0.0,
    "pearson": 0.7818,
    "regression_loss": 1.6298,
    "rm2": 0.5788,
    "rmse": 1.2786,
    "sd": 1.2536,
    "spearman": 0.7765,
    "spectral_loss": 0.0
}
                              
Test Results: {
    "ci": 0.7874,
    "classification_loss": 0.0,
    "cluster_loss": 0.0,
    "mae": 0.9515,
    "mse": 1.737,
    "multiclassification_loss": 0.0,
    "ortho_loss": 0.0,
    "pearson": 0.7543,
    "regression_loss": 1.7341,
    "rm2": 0.5091,
    "rmse": 1.3179,
    "sd": 1.2981,
    "spearman": 0.7578,
    "spectral_loss": 0.0
}
                              
                              
----------------------------------------
Epoch 080 with LR 0.000100: Model Results
----------------------------------------
Train MSE Loss: 0.1325, Train CLS Loss: 0.0000, Train MCLS Loss: 0.0000
Protein Cluster Region Loss - Ortho Loss: 0.0000, Cluster Loss: 0.0000
                              
Validation Results: {
    "ci": 0.7956,
    "classification_loss": 0.0,
    "cluster_loss": 0.0,
    "mae": 0.933,
    "mse": 1.6314,
    "multiclassification_loss": 0.0,
    "ortho_loss": 0.0,
    "pearson": 0.781,
    "regression_loss": 1.6261,
    "rm2": 0.5499,
    "rmse": 1.2773,
    "sd": 1.2556,
    "spearman": 0.776,
    "spectral_loss": 0.0
}
                              
Test Results: {
    "ci": 0.7874,
    "classification_loss": 0.0,
    "cluster_loss": 0.0,
    "mae": 0.9515,
    "mse": 1.737,
    "multiclassification_loss": 0.0,
    "ortho_loss": 0.0,
    "pearson": 0.7543,
    "regression_loss": 1.7341,
    "rm2": 0.5091,
    "rmse": 1.3179,
    "sd": 1.2981,
    "spearman": 0.7578,
    "spectral_loss": 0.0
}
                              
                              
----------------------------------------
Epoch 081 with LR 0.000100: Model Results
----------------------------------------
Train MSE Loss: 0.1317, Train CLS Loss: 0.0000, Train MCLS Loss: 0.0000
Protein Cluster Region Loss - Ortho Loss: 0.0000, Cluster Loss: 0.0000
                              
Validation Results: {
    "ci": 0.7961,
    "classification_loss": 0.0,
    "cluster_loss": 0.0,
    "mae": 0.9406,
    "mse": 1.6685,
    "multiclassification_loss": 0.0,
    "ortho_loss": 0.0,
    "pearson": 0.7802,
    "regression_loss": 1.662,
    "rm2": 0.5436,
    "rmse": 1.2917,
    "sd": 1.2576,
    "spearman": 0.7753,
    "spectral_loss": 0.0
}
                              
Test Results: {
    "ci": 0.7874,
    "classification_loss": 0.0,
    "cluster_loss": 0.0,
    "mae": 0.9515,
    "mse": 1.737,
    "multiclassification_loss": 0.0,
    "ortho_loss": 0.0,
    "pearson": 0.7543,
    "regression_loss": 1.7341,
    "rm2": 0.5091,
    "rmse": 1.3179,
    "sd": 1.2981,
    "spearman": 0.7578,
    "spectral_loss": 0.0
}
                              
                              
----------------------------------------
Epoch 082 with LR 0.000100: Model Results
----------------------------------------
Train MSE Loss: 0.1320, Train CLS Loss: 0.0000, Train MCLS Loss: 0.0000
Protein Cluster Region Loss - Ortho Loss: 0.0000, Cluster Loss: 0.0000
                              
Validation Results: {
    "ci": 0.7986,
    "classification_loss": 0.0,
    "cluster_loss": 0.0,
    "mae": 0.9252,
    "mse": 1.6091,
    "multiclassification_loss": 0.0,
    "ortho_loss": 0.0,
    "pearson": 0.7872,
    "regression_loss": 1.6036,
    "rm2": 0.579,
    "rmse": 1.2685,
    "sd": 1.2398,
    "spearman": 0.7802,
    "spectral_loss": 0.0
}
                              
Test Results: {
    "ci": 0.7874,
    "classification_loss": 0.0,
    "cluster_loss": 0.0,
    "mae": 0.9515,
    "mse": 1.737,
    "multiclassification_loss": 0.0,
    "ortho_loss": 0.0,
    "pearson": 0.7543,
    "regression_loss": 1.7341,
    "rm2": 0.5091,
    "rmse": 1.3179,
    "sd": 1.2981,
    "spearman": 0.7578,
    "spectral_loss": 0.0
}
                              
                              
----------------------------------------
Epoch 083 with LR 0.000100: Model Results
----------------------------------------
Train MSE Loss: 0.1349, Train CLS Loss: 0.0000, Train MCLS Loss: 0.0000
Protein Cluster Region Loss - Ortho Loss: 0.0000, Cluster Loss: 0.0000
                              
Validation Results: {
    "ci": 0.796,
    "classification_loss": 0.0,
    "cluster_loss": 0.0,
    "mae": 0.9296,
    "mse": 1.6529,
    "multiclassification_loss": 0.0,
    "ortho_loss": 0.0,
    "pearson": 0.7797,
    "regression_loss": 1.6462,
    "rm2": 0.5474,
    "rmse": 1.2856,
    "sd": 1.259,
    "spearman": 0.7753,
    "spectral_loss": 0.0
}
                              
Test Results: {
    "ci": 0.7874,
    "classification_loss": 0.0,
    "cluster_loss": 0.0,
    "mae": 0.9515,
    "mse": 1.737,
    "multiclassification_loss": 0.0,
    "ortho_loss": 0.0,
    "pearson": 0.7543,
    "regression_loss": 1.7341,
    "rm2": 0.5091,
    "rmse": 1.3179,
    "sd": 1.2981,
    "spearman": 0.7578,
    "spectral_loss": 0.0
}
                              
                              
----------------------------------------
Epoch 084 with LR 0.000100: Model Results
----------------------------------------
Train MSE Loss: 0.1225, Train CLS Loss: 0.0000, Train MCLS Loss: 0.0000
Protein Cluster Region Loss - Ortho Loss: 0.0000, Cluster Loss: 0.0000
                              
Validation Results: {
    "ci": 0.7953,
    "classification_loss": 0.0,
    "cluster_loss": 0.0,
    "mae": 0.9375,
    "mse": 1.6459,
    "multiclassification_loss": 0.0,
    "ortho_loss": 0.0,
    "pearson": 0.7785,
    "regression_loss": 1.6407,
    "rm2": 0.5479,
    "rmse": 1.2829,
    "sd": 1.2617,
    "spearman": 0.7746,
    "spectral_loss": 0.0
}
                              
Test Results: {
    "ci": 0.7874,
    "classification_loss": 0.0,
    "cluster_loss": 0.0,
    "mae": 0.9515,
    "mse": 1.737,
    "multiclassification_loss": 0.0,
    "ortho_loss": 0.0,
    "pearson": 0.7543,
    "regression_loss": 1.7341,
    "rm2": 0.5091,
    "rmse": 1.3179,
    "sd": 1.2981,
    "spearman": 0.7578,
    "spectral_loss": 0.0
}
                              
                              
----------------------------------------
Epoch 085 with LR 0.000100: Model Results
----------------------------------------
Train MSE Loss: 0.1247, Train CLS Loss: 0.0000, Train MCLS Loss: 0.0000
Protein Cluster Region Loss - Ortho Loss: 0.0000, Cluster Loss: 0.0000
                              
Validation Results: {
    "ci": 0.7965,
    "classification_loss": 0.0,
    "cluster_loss": 0.0,
    "mae": 0.9351,
    "mse": 1.6481,
    "multiclassification_loss": 0.0,
    "ortho_loss": 0.0,
    "pearson": 0.7804,
    "regression_loss": 1.6424,
    "rm2": 0.5732,
    "rmse": 1.2838,
    "sd": 1.257,
    "spearman": 0.775,
    "spectral_loss": 0.0
}
                              
Test Results: {
    "ci": 0.7874,
    "classification_loss": 0.0,
    "cluster_loss": 0.0,
    "mae": 0.9515,
    "mse": 1.737,
    "multiclassification_loss": 0.0,
    "ortho_loss": 0.0,
    "pearson": 0.7543,
    "regression_loss": 1.7341,
    "rm2": 0.5091,
    "rmse": 1.3179,
    "sd": 1.2981,
    "spearman": 0.7578,
    "spectral_loss": 0.0
}
                              
                              
----------------------------------------
Epoch 086 with LR 0.000100: Model Results
----------------------------------------
Train MSE Loss: 0.1248, Train CLS Loss: 0.0000, Train MCLS Loss: 0.0000
Protein Cluster Region Loss - Ortho Loss: 0.0000, Cluster Loss: 0.0000
                              
Validation Results: {
    "ci": 0.7982,
    "classification_loss": 0.0,
    "cluster_loss": 0.0,
    "mae": 0.9389,
    "mse": 1.657,
    "multiclassification_loss": 0.0,
    "ortho_loss": 0.0,
    "pearson": 0.7836,
    "regression_loss": 1.6507,
    "rm2": 0.5625,
    "rmse": 1.2872,
    "sd": 1.2491,
    "spearman": 0.7799,
    "spectral_loss": 0.0
}
                              
Test Results: {
    "ci": 0.7874,
    "classification_loss": 0.0,
    "cluster_loss": 0.0,
    "mae": 0.9515,
    "mse": 1.737,
    "multiclassification_loss": 0.0,
    "ortho_loss": 0.0,
    "pearson": 0.7543,
    "regression_loss": 1.7341,
    "rm2": 0.5091,
    "rmse": 1.3179,
    "sd": 1.2981,
    "spearman": 0.7578,
    "spectral_loss": 0.0
}
                              
                              
----------------------------------------
Epoch 087 with LR 0.000100: Model Results
----------------------------------------
Train MSE Loss: 0.1234, Train CLS Loss: 0.0000, Train MCLS Loss: 0.0000
Protein Cluster Region Loss - Ortho Loss: 0.0000, Cluster Loss: 0.0000
                              
Validation Results: {
    "ci": 0.7967,
    "classification_loss": 0.0,
    "cluster_loss": 0.0,
    "mae": 0.9249,
    "mse": 1.6304,
    "multiclassification_loss": 0.0,
    "ortho_loss": 0.0,
    "pearson": 0.7807,
    "regression_loss": 1.6243,
    "rm2": 0.5484,
    "rmse": 1.2769,
    "sd": 1.2563,
    "spearman": 0.776,
    "spectral_loss": 0.0
}
                              
Test Results: {
    "ci": 0.7874,
    "classification_loss": 0.0,
    "cluster_loss": 0.0,
    "mae": 0.9515,
    "mse": 1.737,
    "multiclassification_loss": 0.0,
    "ortho_loss": 0.0,
    "pearson": 0.7543,
    "regression_loss": 1.7341,
    "rm2": 0.5091,
    "rmse": 1.3179,
    "sd": 1.2981,
    "spearman": 0.7578,
    "spectral_loss": 0.0
}
                              
                              
----------------------------------------
Epoch 088 with LR 0.000100: Model Results
----------------------------------------
Train MSE Loss: 0.1204, Train CLS Loss: 0.0000, Train MCLS Loss: 0.0000
Protein Cluster Region Loss - Ortho Loss: 0.0000, Cluster Loss: 0.0000
                              
Validation Results: {
    "ci": 0.7977,
    "classification_loss": 0.0,
    "cluster_loss": 0.0,
    "mae": 0.9277,
    "mse": 1.6456,
    "multiclassification_loss": 0.0,
    "ortho_loss": 0.0,
    "pearson": 0.7812,
    "regression_loss": 1.6401,
    "rm2": 0.5612,
    "rmse": 1.2828,
    "sd": 1.2551,
    "spearman": 0.7773,
    "spectral_loss": 0.0
}
                              
Test Results: {
    "ci": 0.7874,
    "classification_loss": 0.0,
    "cluster_loss": 0.0,
    "mae": 0.9515,
    "mse": 1.737,
    "multiclassification_loss": 0.0,
    "ortho_loss": 0.0,
    "pearson": 0.7543,
    "regression_loss": 1.7341,
    "rm2": 0.5091,
    "rmse": 1.3179,
    "sd": 1.2981,
    "spearman": 0.7578,
    "spectral_loss": 0.0
}
                              
                              
----------------------------------------
Epoch 089 with LR 0.000100: Model Results
----------------------------------------
Train MSE Loss: 0.1181, Train CLS Loss: 0.0000, Train MCLS Loss: 0.0000
Protein Cluster Region Loss - Ortho Loss: 0.0000, Cluster Loss: 0.0000
                              
Validation Results: {
    "ci": 0.7983,
    "classification_loss": 0.0,
    "cluster_loss": 0.0,
    "mae": 0.9248,
    "mse": 1.6278,
    "multiclassification_loss": 0.0,
    "ortho_loss": 0.0,
    "pearson": 0.7822,
    "regression_loss": 1.6226,
    "rm2": 0.5573,
    "rmse": 1.2759,
    "sd": 1.2525,
    "spearman": 0.7788,
    "spectral_loss": 0.0
}
                              
Test Results: {
    "ci": 0.7874,
    "classification_loss": 0.0,
    "cluster_loss": 0.0,
    "mae": 0.9515,
    "mse": 1.737,
    "multiclassification_loss": 0.0,
    "ortho_loss": 0.0,
    "pearson": 0.7543,
    "regression_loss": 1.7341,
    "rm2": 0.5091,
    "rmse": 1.3179,
    "sd": 1.2981,
    "spearman": 0.7578,
    "spectral_loss": 0.0
}
                              
                              
----------------------------------------
Epoch 090 with LR 0.000100: Model Results
----------------------------------------
Train MSE Loss: 0.1184, Train CLS Loss: 0.0000, Train MCLS Loss: 0.0000
Protein Cluster Region Loss - Ortho Loss: 0.0000, Cluster Loss: 0.0000
                              
Validation Results: {
    "ci": 0.796,
    "classification_loss": 0.0,
    "cluster_loss": 0.0,
    "mae": 0.9345,
    "mse": 1.6422,
    "multiclassification_loss": 0.0,
    "ortho_loss": 0.0,
    "pearson": 0.7807,
    "regression_loss": 1.6367,
    "rm2": 0.5773,
    "rmse": 1.2815,
    "sd": 1.2562,
    "spearman": 0.7743,
    "spectral_loss": 0.0
}
                              
Test Results: {
    "ci": 0.7874,
    "classification_loss": 0.0,
    "cluster_loss": 0.0,
    "mae": 0.9515,
    "mse": 1.737,
    "multiclassification_loss": 0.0,
    "ortho_loss": 0.0,
    "pearson": 0.7543,
    "regression_loss": 1.7341,
    "rm2": 0.5091,
    "rmse": 1.3179,
    "sd": 1.2981,
    "spearman": 0.7578,
    "spectral_loss": 0.0
}
                              
                              
----------------------------------------
Epoch 091 with LR 0.000100: Model Results
----------------------------------------
Train MSE Loss: 0.1199, Train CLS Loss: 0.0000, Train MCLS Loss: 0.0000
Protein Cluster Region Loss - Ortho Loss: 0.0000, Cluster Loss: 0.0000
                              
Validation Results: {
    "ci": 0.7962,
    "classification_loss": 0.0,
    "cluster_loss": 0.0,
    "mae": 0.9312,
    "mse": 1.6428,
    "multiclassification_loss": 0.0,
    "ortho_loss": 0.0,
    "pearson": 0.7802,
    "regression_loss": 1.6366,
    "rm2": 0.5481,
    "rmse": 1.2817,
    "sd": 1.2577,
    "spearman": 0.7757,
    "spectral_loss": 0.0
}
                              
Test Results: {
    "ci": 0.7874,
    "classification_loss": 0.0,
    "cluster_loss": 0.0,
    "mae": 0.9515,
    "mse": 1.737,
    "multiclassification_loss": 0.0,
    "ortho_loss": 0.0,
    "pearson": 0.7543,
    "regression_loss": 1.7341,
    "rm2": 0.5091,
    "rmse": 1.3179,
    "sd": 1.2981,
    "spearman": 0.7578,
    "spectral_loss": 0.0
}
                              
                              
----------------------------------------
Epoch 092 with LR 0.000100: Model Results
----------------------------------------
Train MSE Loss: 0.1175, Train CLS Loss: 0.0000, Train MCLS Loss: 0.0000
Protein Cluster Region Loss - Ortho Loss: 0.0000, Cluster Loss: 0.0000
                              
Validation Results: {
    "ci": 0.7959,
    "classification_loss": 0.0,
    "cluster_loss": 0.0,
    "mae": 0.9405,
    "mse": 1.6573,
    "multiclassification_loss": 0.0,
    "ortho_loss": 0.0,
    "pearson": 0.7806,
    "regression_loss": 1.6515,
    "rm2": 0.5617,
    "rmse": 1.2874,
    "sd": 1.2566,
    "spearman": 0.7753,
    "spectral_loss": 0.0
}
                              
Test Results: {
    "ci": 0.7874,
    "classification_loss": 0.0,
    "cluster_loss": 0.0,
    "mae": 0.9515,
    "mse": 1.737,
    "multiclassification_loss": 0.0,
    "ortho_loss": 0.0,
    "pearson": 0.7543,
    "regression_loss": 1.7341,
    "rm2": 0.5091,
    "rmse": 1.3179,
    "sd": 1.2981,
    "spearman": 0.7578,
    "spectral_loss": 0.0
}
                              
                              
----------------------------------------
Epoch 093 with LR 0.000100: Model Results
----------------------------------------
Train MSE Loss: 0.1115, Train CLS Loss: 0.0000, Train MCLS Loss: 0.0000
Protein Cluster Region Loss - Ortho Loss: 0.0000, Cluster Loss: 0.0000
                              
Validation Results: {
    "ci": 0.7959,
    "classification_loss": 0.0,
    "cluster_loss": 0.0,
    "mae": 0.935,
    "mse": 1.6343,
    "multiclassification_loss": 0.0,
    "ortho_loss": 0.0,
    "pearson": 0.7825,
    "regression_loss": 1.6279,
    "rm2": 0.5712,
    "rmse": 1.2784,
    "sd": 1.2517,
    "spearman": 0.7751,
    "spectral_loss": 0.0
}
                              
Test Results: {
    "ci": 0.7874,
    "classification_loss": 0.0,
    "cluster_loss": 0.0,
    "mae": 0.9515,
    "mse": 1.737,
    "multiclassification_loss": 0.0,
    "ortho_loss": 0.0,
    "pearson": 0.7543,
    "regression_loss": 1.7341,
    "rm2": 0.5091,
    "rmse": 1.3179,
    "sd": 1.2981,
    "spearman": 0.7578,
    "spectral_loss": 0.0
}
                              
                              
----------------------------------------
Epoch 094 with LR 0.000100: Model Results
----------------------------------------
Train MSE Loss: 0.1136, Train CLS Loss: 0.0000, Train MCLS Loss: 0.0000
Protein Cluster Region Loss - Ortho Loss: 0.0000, Cluster Loss: 0.0000
                              
Validation Results: {
    "ci": 0.7979,
    "classification_loss": 0.0,
    "cluster_loss": 0.0,
    "mae": 0.9139,
    "mse": 1.5914,
    "multiclassification_loss": 0.0,
    "ortho_loss": 0.0,
    "pearson": 0.784,
    "regression_loss": 1.5849,
    "rm2": 0.5708,
    "rmse": 1.2615,
    "sd": 1.248,
    "spearman": 0.7773,
    "spectral_loss": 0.0
}
                              
Test Results: {
    "ci": 0.7915,
    "classification_loss": 0.0,
    "cluster_loss": 0.0,
    "mae": 0.9255,
    "mse": 1.6776,
    "multiclassification_loss": 0.0,
    "ortho_loss": 0.0,
    "pearson": 0.7606,
    "regression_loss": 1.6768,
    "rm2": 0.5343,
    "rmse": 1.2952,
    "sd": 1.2838,
    "spearman": 0.7647,
    "spectral_loss": 0.0
}
                              
                              
----------------------------------------
Epoch 095 with LR 0.000100: Model Results
----------------------------------------
Train MSE Loss: 0.1114, Train CLS Loss: 0.0000, Train MCLS Loss: 0.0000
Protein Cluster Region Loss - Ortho Loss: 0.0000, Cluster Loss: 0.0000
                              
Validation Results: {
    "ci": 0.7976,
    "classification_loss": 0.0,
    "cluster_loss": 0.0,
    "mae": 0.9287,
    "mse": 1.6299,
    "multiclassification_loss": 0.0,
    "ortho_loss": 0.0,
    "pearson": 0.7826,
    "regression_loss": 1.6235,
    "rm2": 0.5435,
    "rmse": 1.2767,
    "sd": 1.2515,
    "spearman": 0.7785,
    "spectral_loss": 0.0
}
                              
Test Results: {
    "ci": 0.7915,
    "classification_loss": 0.0,
    "cluster_loss": 0.0,
    "mae": 0.9255,
    "mse": 1.6776,
    "multiclassification_loss": 0.0,
    "ortho_loss": 0.0,
    "pearson": 0.7606,
    "regression_loss": 1.6768,
    "rm2": 0.5343,
    "rmse": 1.2952,
    "sd": 1.2838,
    "spearman": 0.7647,
    "spectral_loss": 0.0
}
                              
                              
----------------------------------------
Epoch 096 with LR 0.000100: Model Results
----------------------------------------
Train MSE Loss: 0.1077, Train CLS Loss: 0.0000, Train MCLS Loss: 0.0000
Protein Cluster Region Loss - Ortho Loss: 0.0000, Cluster Loss: 0.0000
                              
Validation Results: {
    "ci": 0.7952,
    "classification_loss": 0.0,
    "cluster_loss": 0.0,
    "mae": 0.9318,
    "mse": 1.6365,
    "multiclassification_loss": 0.0,
    "ortho_loss": 0.0,
    "pearson": 0.779,
    "regression_loss": 1.6295,
    "rm2": 0.5536,
    "rmse": 1.2792,
    "sd": 1.2606,
    "spearman": 0.7728,
    "spectral_loss": 0.0
}
                              
Test Results: {
    "ci": 0.7915,
    "classification_loss": 0.0,
    "cluster_loss": 0.0,
    "mae": 0.9255,
    "mse": 1.6776,
    "multiclassification_loss": 0.0,
    "ortho_loss": 0.0,
    "pearson": 0.7606,
    "regression_loss": 1.6768,
    "rm2": 0.5343,
    "rmse": 1.2952,
    "sd": 1.2838,
    "spearman": 0.7647,
    "spectral_loss": 0.0
}
                              
                              
----------------------------------------
Epoch 097 with LR 0.000100: Model Results
----------------------------------------
Train MSE Loss: 0.1099, Train CLS Loss: 0.0000, Train MCLS Loss: 0.0000
Protein Cluster Region Loss - Ortho Loss: 0.0000, Cluster Loss: 0.0000
                              
Validation Results: {
    "ci": 0.7977,
    "classification_loss": 0.0,
    "cluster_loss": 0.0,
    "mae": 0.9272,
    "mse": 1.6296,
    "multiclassification_loss": 0.0,
    "ortho_loss": 0.0,
    "pearson": 0.7832,
    "regression_loss": 1.6228,
    "rm2": 0.5505,
    "rmse": 1.2766,
    "sd": 1.25,
    "spearman": 0.7785,
    "spectral_loss": 0.0
}
                              
Test Results: {
    "ci": 0.7915,
    "classification_loss": 0.0,
    "cluster_loss": 0.0,
    "mae": 0.9255,
    "mse": 1.6776,
    "multiclassification_loss": 0.0,
    "ortho_loss": 0.0,
    "pearson": 0.7606,
    "regression_loss": 1.6768,
    "rm2": 0.5343,
    "rmse": 1.2952,
    "sd": 1.2838,
    "spearman": 0.7647,
    "spectral_loss": 0.0
}
                              
                              
----------------------------------------
Epoch 098 with LR 0.000100: Model Results
----------------------------------------
Train MSE Loss: 0.1069, Train CLS Loss: 0.0000, Train MCLS Loss: 0.0000
Protein Cluster Region Loss - Ortho Loss: 0.0000, Cluster Loss: 0.0000
                              
Validation Results: {
    "ci": 0.7967,
    "classification_loss": 0.0,
    "cluster_loss": 0.0,
    "mae": 0.9252,
    "mse": 1.6242,
    "multiclassification_loss": 0.0,
    "ortho_loss": 0.0,
    "pearson": 0.7831,
    "regression_loss": 1.6181,
    "rm2": 0.5548,
    "rmse": 1.2744,
    "sd": 1.2502,
    "spearman": 0.7759,
    "spectral_loss": 0.0
}
                              
Test Results: {
    "ci": 0.7915,
    "classification_loss": 0.0,
    "cluster_loss": 0.0,
    "mae": 0.9255,
    "mse": 1.6776,
    "multiclassification_loss": 0.0,
    "ortho_loss": 0.0,
    "pearson": 0.7606,
    "regression_loss": 1.6768,
    "rm2": 0.5343,
    "rmse": 1.2952,
    "sd": 1.2838,
    "spearman": 0.7647,
    "spectral_loss": 0.0
}
                              
                              
----------------------------------------
Epoch 099 with LR 0.000100: Model Results
----------------------------------------
Train MSE Loss: 0.1031, Train CLS Loss: 0.0000, Train MCLS Loss: 0.0000
Protein Cluster Region Loss - Ortho Loss: 0.0000, Cluster Loss: 0.0000
                              
Validation Results: {
    "ci": 0.7944,
    "classification_loss": 0.0,
    "cluster_loss": 0.0,
    "mae": 0.937,
    "mse": 1.6563,
    "multiclassification_loss": 0.0,
    "ortho_loss": 0.0,
    "pearson": 0.7786,
    "regression_loss": 1.6499,
    "rm2": 0.5577,
    "rmse": 1.287,
    "sd": 1.2616,
    "spearman": 0.7717,
    "spectral_loss": 0.0
}
                              
Test Results: {
    "ci": 0.7915,
    "classification_loss": 0.0,
    "cluster_loss": 0.0,
    "mae": 0.9255,
    "mse": 1.6776,
    "multiclassification_loss": 0.0,
    "ortho_loss": 0.0,
    "pearson": 0.7606,
    "regression_loss": 1.6768,
    "rm2": 0.5343,
    "rmse": 1.2952,
    "sd": 1.2838,
    "spearman": 0.7647,
    "spectral_loss": 0.0
}
                              
                              
----------------------------------------
Epoch 100 with LR 0.000100: Model Results
----------------------------------------
Train MSE Loss: 0.1034, Train CLS Loss: 0.0000, Train MCLS Loss: 0.0000
Protein Cluster Region Loss - Ortho Loss: 0.0000, Cluster Loss: 0.0000
                              
Validation Results: {
    "ci": 0.7959,
    "classification_loss": 0.0,
    "cluster_loss": 0.0,
    "mae": 0.9346,
    "mse": 1.6341,
    "multiclassification_loss": 0.0,
    "ortho_loss": 0.0,
    "pearson": 0.7814,
    "regression_loss": 1.6287,
    "rm2": 0.5708,
    "rmse": 1.2783,
    "sd": 1.2547,
    "spearman": 0.7751,
    "spectral_loss": 0.0
}
                              
Test Results: {
    "ci": 0.7915,
    "classification_loss": 0.0,
    "cluster_loss": 0.0,
    "mae": 0.9255,
    "mse": 1.6776,
    "multiclassification_loss": 0.0,
    "ortho_loss": 0.0,
    "pearson": 0.7606,
    "regression_loss": 1.6768,
    "rm2": 0.5343,
    "rmse": 1.2952,
    "sd": 1.2838,
    "spearman": 0.7647,
    "spectral_loss": 0.0
}
[best epoch] epoch=94, best_rmse=1.2615, lr_at_best=1.000e-04
                              
                              
----------------------------------------
Epoch 100 with LR 0.000100: Model Results
----------------------------------------
Train MSE Loss: 0.1034, Train CLS Loss: 0.0000, Train MCLS Loss: 0.0000
Protein Cluster Region Loss - Ortho Loss: 0.0000, Cluster Loss: 0.0000
                              
Validation Results: {
    "ci": 0.7959,
    "classification_loss": 0.0,
    "cluster_loss": 0.0,
    "mae": 0.9346,
    "mse": 1.6341,
    "multiclassification_loss": 0.0,
    "ortho_loss": 0.0,
    "pearson": 0.7814,
    "regression_loss": 1.6287,
    "rm2": 0.5708,
    "rmse": 1.2783,
    "sd": 1.2547,
    "spearman": 0.7751,
    "spectral_loss": 0.0
}
                              
Test Results: {
    "ci": 0.7915,
    "classification_loss": 0.0,
    "cluster_loss": 0.0,
    "mae": 0.9255,
    "mse": 1.6776,
    "multiclassification_loss": 0.0,
    "ortho_loss": 0.0,
    "pearson": 0.7606,
    "regression_loss": 1.6768,
    "rm2": 0.5343,
    "rmse": 1.2952,
    "sd": 1.2838,
    "spearman": 0.7647,
    "spectral_loss": 0.0
}
Final test metrics: rmse=1.2952, pearson=0.7606, r2_proxy(mse)=1.6776
Done. Predictions: /sc/arion/projects/DiseaseGeneCell/Huang_lab_project/wangcDrugRepoProject/TRACE_Kin_Results_v3/catpred_dataset/catpred_ki_ProteinCLIP_embedding_random/test_prediction_seed3.csv; checkpoint: /sc/arion/projects/DiseaseGeneCell/Huang_lab_project/wangcDrugRepoProject/TRACE_Kin_Results_v3/catpred_dataset/catpred_ki_ProteinCLIP_embedding_random/save_model_seed3/model.pt

==========================================
Array task 13/14: OK (catpred_ki_ProteinCLIP_embedding_random)
==========================================


PS:

Read file <242614934.13.stderr> for stderr output of this job.

