Sender: LSF System <lsfadmin@lg02e09>
Subject: Job 242614933[9]: <trace_kin_v3_s2[1-14]> in cluster <chimera> Done

Job <trace_kin_v3_s2[1-14]> was submitted from host <li04e01> by user <wangc40> in cluster <chimera> at Fri May  8 16:46:41 2026
Job was executed on host(s) <16*lg02e09>, in queue <gpu>, as user <wangc40> in cluster <chimera> at Fri May  8 16:46:43 2026
</hpc/users/wangc40> was used as the home directory.
</sc/arion/projects/DiseaseGeneCell/Huang_lab_project/wangcDrugRepoProject/TRACE-Kin> was used as the working directory.
Started at Fri May  8 16:46:43 2026
Terminated at Fri May  8 18:55:19 2026
Results reported at Fri May  8 18:55:19 2026

Your job looked like:

------------------------------------------------------------
# LSBATCH: User input
#!/bin/bash
#BSUB -J trace_kin_v3_s2[1-14]
#BSUB -P acc_DiseaseGeneCell
#BSUB -q gpu
#BSUB -R h100nvl
#BSUB -gpu num=1
#BSUB -n 16
#BSUB -R "rusage[mem=8000]"
#BSUB -R "span[hosts=1]"
#BSUB -W 48:00
#BSUB -o %J.%I.stdout
#BSUB -eo %J.%I.stderr
#BSUB -L /bin/bash

# =============================================================================
# TRACE-Kin v3 rerun — LSF job array
# =============================================================================
# Submit with:
#     bsub < training/run_v3_array.lsf
#
# Or chain off the smoke test (recommended):
#     bsub -w "done(<SMOKE_JOB_ID>)" < training/run_v3_array.lsf
#
# For the multi-seed ensemble (the paper config), submit additional seeds in
# parallel after the SEED=1 array completes (or alongside, as separate jobs):
#     SEED=2 bsub -J "trace_kin_v3_s2[1-14]" < training/run_v3_array.lsf
#     SEED=3 bsub -J "trace_kin_v3_s3[1-14]" < training/run_v3_array.lsf
# After all seeds finish, analysis/aggregate_results.py averages predictions
# across seeds before computing RMSE.
#
# LSF expands #BSUB -J trace_kin_v3[1-14] into 14 array tasks, each with a
# distinct ${LSB_JOBINDEX} in 1..14. The body looks up the per-index
# (dataset_source, dataset_name, pool_paths) tuple from the inline table below
# and invokes train_trace_kin.py with model_version=v3.
#
# The 14 tasks correspond to:
#   * 12 RF-gap targets (catalytic kinetics where v1 trails RF by 1.4%–8.7%)
#   * 2 Ki preservation guards (where v1 already wins, must not regress)
# =============================================================================

# --- Environment -------------------------------------------------------------
# Match the prologue of the proven-working PSICHIC LSFs verbatim — no
# `set -euo pipefail`. Mount Sinai's /etc/profile.d scripts return non-zero
# in places that aren't real errors, and errexit aborts the job before
# module + conda activation can complete.
ml purge
source ~/.bashrc
module load anaconda3/2024.06
source activate test
module load cuda/12.4.0

(... more ...)
------------------------------------------------------------

Successfully completed.

Resource usage summary:

    CPU time :                                   7752.00 sec.
    Max Memory :                                 4527 MB
    Average Memory :                             4310.39 MB
    Total Requested Memory :                     128000.00 MB
    Delta Memory :                               123473.00 MB
    Max Swap :                                   -
    Max Processes :                              4
    Max Threads :                                20
    Run time :                                   7716 sec.
    Turnaround time :                            7718 sec.

The output (if any) follows:

==========================================
TRACE-Kin v3 array task 9/14
==========================================
Date:        Fri May  8 16:46:47 EDT 2026
Dataset:     /sc/arion/projects/DiseaseGeneCell/Huang_lab_project/drug_discovery/output/data/enzyme_embeddings_dataset/EITLEM_dataset/EITLEM_kkm_ProteinCLIP_embedding_random
Result:      /sc/arion/projects/DiseaseGeneCell/Huang_lab_project/wangcDrugRepoProject/TRACE_Kin_Results_v3/EITLEM_dataset/EITLEM_kkm_ProteinCLIP_embedding_random
Config:      training/config_v3.json
Pool CSVs:   (none)
Model:       v3 (dual-head + learned gate)
Epochs:      100, batch=16, seed=2, lr=1e-4
==========================================
Python 3.12.2
Python: /sc/arion/work/wangc40/test-env/envs/test/bin/python
CUDA device: NVIDIA H100 80GB HBM3, sm_90
============================================================
TRACE-Kin training
============================================================
Datafolder:        /sc/arion/projects/DiseaseGeneCell/Huang_lab_project/drug_discovery/output/data/enzyme_embeddings_dataset/EITLEM_dataset/EITLEM_kkm_ProteinCLIP_embedding_random
Result path:       /sc/arion/projects/DiseaseGeneCell/Huang_lab_project/wangcDrugRepoProject/TRACE_Kin_Results_v3/EITLEM_dataset/EITLEM_kkm_ProteinCLIP_embedding_random
Config:            training/config_v3.json
Pool train CSVs:   (none)
============================================================
Loading primary train: /sc/arion/projects/DiseaseGeneCell/Huang_lab_project/drug_discovery/output/data/enzyme_embeddings_dataset/EITLEM_dataset/EITLEM_kkm_ProteinCLIP_embedding_random/train.parquet
Loading primary test: /sc/arion/projects/DiseaseGeneCell/Huang_lab_project/drug_discovery/output/data/enzyme_embeddings_dataset/EITLEM_dataset/EITLEM_kkm_ProteinCLIP_embedding_random/test.parquet
Loading primary val: /sc/arion/projects/DiseaseGeneCell/Huang_lab_project/drug_discovery/output/data/enzyme_embeddings_dataset/EITLEM_dataset/EITLEM_kkm_ProteinCLIP_embedding_random/val.parquet
Detected prot_evo_channels = 128
seq2feat: 6607 unique sequences.
model_version: v3, use_swa: False
Reusing protein cache: /sc/arion/projects/DiseaseGeneCell/Huang_lab_project/drug_discovery/output/data/enzyme_embeddings_dataset/EITLEM_dataset/EITLEM_kkm_ProteinCLIP_embedding_random/protein.pt
Reusing ligand cache: /sc/arion/projects/DiseaseGeneCell/Huang_lab_project/drug_discovery/output/data/enzyme_embeddings_dataset/EITLEM_dataset/EITLEM_kkm_ProteinCLIP_embedding_random/ligand.pt
loaders ready: train=686 test=86 val=86
Built TraceKinV3 with 6,852,123 parameters
[LR schedule] schedule_lr=False, lrate=0.0001, min_lrate=0, warmup_iters=0, lr_decay_iters=68600, total_iters=68600
Not in terminal, reprint now using normal build-in print function.
                              
                              
----------------------------------------
Epoch 001 with LR 0.000100: Model Results
----------------------------------------
Train MSE Loss: 2.8779, Train CLS Loss: 0.0000, Train MCLS Loss: 0.0000
Protein Cluster Region Loss - Ortho Loss: 0.0000, Cluster Loss: 0.0000
                              
Validation Results: {
    "ci": 0.6392,
    "classification_loss": 0.0,
    "cluster_loss": 0.0,
    "mae": 1.3216,
    "mse": 2.7939,
    "multiclassification_loss": 0.0,
    "ortho_loss": 0.0,
    "pearson": 0.3842,
    "regression_loss": 2.788,
    "rm2": 0.1441,
    "rmse": 1.6715,
    "sd": 1.6676,
    "spearman": 0.4041,
    "spectral_loss": 0.0
}
                              
Test Results: {
    "ci": 0.6303,
    "classification_loss": 0.0,
    "cluster_loss": 0.0,
    "mae": 1.3412,
    "mse": 2.9821,
    "multiclassification_loss": 0.0,
    "ortho_loss": 0.0,
    "pearson": 0.3747,
    "regression_loss": 2.983,
    "rm2": 0.1353,
    "rmse": 1.7269,
    "sd": 1.7205,
    "spearman": 0.3824,
    "spectral_loss": 0.0
}
                              
                              
----------------------------------------
Epoch 002 with LR 0.000100: Model Results
----------------------------------------
Train MSE Loss: 2.4782, Train CLS Loss: 0.0000, Train MCLS Loss: 0.0000
Protein Cluster Region Loss - Ortho Loss: 0.0000, Cluster Loss: 0.0000
                              
Validation Results: {
    "ci": 0.6597,
    "classification_loss": 0.0,
    "cluster_loss": 0.0,
    "mae": 1.2666,
    "mse": 2.6355,
    "multiclassification_loss": 0.0,
    "ortho_loss": 0.0,
    "pearson": 0.4411,
    "regression_loss": 2.6293,
    "rm2": 0.1886,
    "rmse": 1.6234,
    "sd": 1.6211,
    "spearman": 0.4593,
    "spectral_loss": 0.0
}
                              
Test Results: {
    "ci": 0.6509,
    "classification_loss": 0.0,
    "cluster_loss": 0.0,
    "mae": 1.3028,
    "mse": 2.7963,
    "multiclassification_loss": 0.0,
    "ortho_loss": 0.0,
    "pearson": 0.4343,
    "regression_loss": 2.7973,
    "rm2": 0.1863,
    "rmse": 1.6722,
    "sd": 1.6716,
    "spearman": 0.4391,
    "spectral_loss": 0.0
}
                              
                              
----------------------------------------
Epoch 003 with LR 0.000100: Model Results
----------------------------------------
Train MSE Loss: 2.2686, Train CLS Loss: 0.0000, Train MCLS Loss: 0.0000
Protein Cluster Region Loss - Ortho Loss: 0.0000, Cluster Loss: 0.0000
                              
Validation Results: {
    "ci": 0.6731,
    "classification_loss": 0.0,
    "cluster_loss": 0.0,
    "mae": 1.2135,
    "mse": 2.5536,
    "multiclassification_loss": 0.0,
    "ortho_loss": 0.0,
    "pearson": 0.4759,
    "regression_loss": 2.5481,
    "rm2": 0.2248,
    "rmse": 1.598,
    "sd": 1.5886,
    "spearman": 0.4948,
    "spectral_loss": 0.0
}
                              
Test Results: {
    "ci": 0.6575,
    "classification_loss": 0.0,
    "cluster_loss": 0.0,
    "mae": 1.2732,
    "mse": 2.7731,
    "multiclassification_loss": 0.0,
    "ortho_loss": 0.0,
    "pearson": 0.4529,
    "regression_loss": 2.7745,
    "rm2": 0.2018,
    "rmse": 1.6653,
    "sd": 1.6545,
    "spearman": 0.4529,
    "spectral_loss": 0.0
}
                              
                              
----------------------------------------
Epoch 004 with LR 0.000100: Model Results
----------------------------------------
Train MSE Loss: 2.1404, Train CLS Loss: 0.0000, Train MCLS Loss: 0.0000
Protein Cluster Region Loss - Ortho Loss: 0.0000, Cluster Loss: 0.0000
                              
Validation Results: {
    "ci": 0.6744,
    "classification_loss": 0.0,
    "cluster_loss": 0.0,
    "mae": 1.2275,
    "mse": 2.5076,
    "multiclassification_loss": 0.0,
    "ortho_loss": 0.0,
    "pearson": 0.4882,
    "regression_loss": 2.5019,
    "rm2": 0.225,
    "rmse": 1.5836,
    "sd": 1.5764,
    "spearman": 0.4982,
    "spectral_loss": 0.0
}
                              
Test Results: {
    "ci": 0.667,
    "classification_loss": 0.0,
    "cluster_loss": 0.0,
    "mae": 1.2641,
    "mse": 2.6639,
    "multiclassification_loss": 0.0,
    "ortho_loss": 0.0,
    "pearson": 0.4828,
    "regression_loss": 2.6647,
    "rm2": 0.2216,
    "rmse": 1.6321,
    "sd": 1.6252,
    "spearman": 0.4786,
    "spectral_loss": 0.0
}
                              
                              
----------------------------------------
Epoch 005 with LR 0.000100: Model Results
----------------------------------------
Train MSE Loss: 2.0255, Train CLS Loss: 0.0000, Train MCLS Loss: 0.0000
Protein Cluster Region Loss - Ortho Loss: 0.0000, Cluster Loss: 0.0000
                              
Validation Results: {
    "ci": 0.6803,
    "classification_loss": 0.0,
    "cluster_loss": 0.0,
    "mae": 1.1963,
    "mse": 2.5465,
    "multiclassification_loss": 0.0,
    "ortho_loss": 0.0,
    "pearson": 0.4959,
    "regression_loss": 2.5405,
    "rm2": 0.2362,
    "rmse": 1.5958,
    "sd": 1.5685,
    "spearman": 0.5108,
    "spectral_loss": 0.0
}
                              
Test Results: {
    "ci": 0.667,
    "classification_loss": 0.0,
    "cluster_loss": 0.0,
    "mae": 1.2641,
    "mse": 2.6639,
    "multiclassification_loss": 0.0,
    "ortho_loss": 0.0,
    "pearson": 0.4828,
    "regression_loss": 2.6647,
    "rm2": 0.2216,
    "rmse": 1.6321,
    "sd": 1.6252,
    "spearman": 0.4786,
    "spectral_loss": 0.0
}
                              
                              
----------------------------------------
Epoch 006 with LR 0.000100: Model Results
----------------------------------------
Train MSE Loss: 1.9384, Train CLS Loss: 0.0000, Train MCLS Loss: 0.0000
Protein Cluster Region Loss - Ortho Loss: 0.0000, Cluster Loss: 0.0000
                              
Validation Results: {
    "ci": 0.6816,
    "classification_loss": 0.0,
    "cluster_loss": 0.0,
    "mae": 1.1849,
    "mse": 2.5444,
    "multiclassification_loss": 0.0,
    "ortho_loss": 0.0,
    "pearson": 0.5067,
    "regression_loss": 2.5385,
    "rm2": 0.2502,
    "rmse": 1.5951,
    "sd": 1.5572,
    "spearman": 0.5129,
    "spectral_loss": 0.0
}
                              
Test Results: {
    "ci": 0.667,
    "classification_loss": 0.0,
    "cluster_loss": 0.0,
    "mae": 1.2641,
    "mse": 2.6639,
    "multiclassification_loss": 0.0,
    "ortho_loss": 0.0,
    "pearson": 0.4828,
    "regression_loss": 2.6647,
    "rm2": 0.2216,
    "rmse": 1.6321,
    "sd": 1.6252,
    "spearman": 0.4786,
    "spectral_loss": 0.0
}
                              
                              
----------------------------------------
Epoch 007 with LR 0.000100: Model Results
----------------------------------------
Train MSE Loss: 1.8613, Train CLS Loss: 0.0000, Train MCLS Loss: 0.0000
Protein Cluster Region Loss - Ortho Loss: 0.0000, Cluster Loss: 0.0000
                              
Validation Results: {
    "ci": 0.6854,
    "classification_loss": 0.0,
    "cluster_loss": 0.0,
    "mae": 1.1748,
    "mse": 2.4157,
    "multiclassification_loss": 0.0,
    "ortho_loss": 0.0,
    "pearson": 0.515,
    "regression_loss": 2.4104,
    "rm2": 0.2548,
    "rmse": 1.5542,
    "sd": 1.5483,
    "spearman": 0.523,
    "spectral_loss": 0.0
}
                              
Test Results: {
    "ci": 0.6815,
    "classification_loss": 0.0,
    "cluster_loss": 0.0,
    "mae": 1.2023,
    "mse": 2.5243,
    "multiclassification_loss": 0.0,
    "ortho_loss": 0.0,
    "pearson": 0.5198,
    "regression_loss": 2.5244,
    "rm2": 0.2611,
    "rmse": 1.5888,
    "sd": 1.5853,
    "spearman": 0.5142,
    "spectral_loss": 0.0
}
                              
                              
----------------------------------------
Epoch 008 with LR 0.000100: Model Results
----------------------------------------
Train MSE Loss: 1.7982, Train CLS Loss: 0.0000, Train MCLS Loss: 0.0000
Protein Cluster Region Loss - Ortho Loss: 0.0000, Cluster Loss: 0.0000
                              
Validation Results: {
    "ci": 0.6876,
    "classification_loss": 0.0,
    "cluster_loss": 0.0,
    "mae": 1.1712,
    "mse": 2.3878,
    "multiclassification_loss": 0.0,
    "ortho_loss": 0.0,
    "pearson": 0.522,
    "regression_loss": 2.3822,
    "rm2": 0.2631,
    "rmse": 1.5453,
    "sd": 1.5406,
    "spearman": 0.5285,
    "spectral_loss": 0.0
}
                              
Test Results: {
    "ci": 0.6826,
    "classification_loss": 0.0,
    "cluster_loss": 0.0,
    "mae": 1.1974,
    "mse": 2.4819,
    "multiclassification_loss": 0.0,
    "ortho_loss": 0.0,
    "pearson": 0.5312,
    "regression_loss": 2.4813,
    "rm2": 0.2714,
    "rmse": 1.5754,
    "sd": 1.5723,
    "spearman": 0.5176,
    "spectral_loss": 0.0
}
                              
                              
----------------------------------------
Epoch 009 with LR 0.000100: Model Results
----------------------------------------
Train MSE Loss: 1.7427, Train CLS Loss: 0.0000, Train MCLS Loss: 0.0000
Protein Cluster Region Loss - Ortho Loss: 0.0000, Cluster Loss: 0.0000
                              
Validation Results: {
    "ci": 0.6909,
    "classification_loss": 0.0,
    "cluster_loss": 0.0,
    "mae": 1.1548,
    "mse": 2.4012,
    "multiclassification_loss": 0.0,
    "ortho_loss": 0.0,
    "pearson": 0.5277,
    "regression_loss": 2.3959,
    "rm2": 0.277,
    "rmse": 1.5496,
    "sd": 1.5342,
    "spearman": 0.5354,
    "spectral_loss": 0.0
}
                              
Test Results: {
    "ci": 0.6826,
    "classification_loss": 0.0,
    "cluster_loss": 0.0,
    "mae": 1.1974,
    "mse": 2.4819,
    "multiclassification_loss": 0.0,
    "ortho_loss": 0.0,
    "pearson": 0.5312,
    "regression_loss": 2.4813,
    "rm2": 0.2714,
    "rmse": 1.5754,
    "sd": 1.5723,
    "spearman": 0.5176,
    "spectral_loss": 0.0
}
                              
                              
----------------------------------------
Epoch 010 with LR 0.000100: Model Results
----------------------------------------
Train MSE Loss: 1.6879, Train CLS Loss: 0.0000, Train MCLS Loss: 0.0000
Protein Cluster Region Loss - Ortho Loss: 0.0000, Cluster Loss: 0.0000
                              
Validation Results: {
    "ci": 0.699,
    "classification_loss": 0.0,
    "cluster_loss": 0.0,
    "mae": 1.1341,
    "mse": 2.3124,
    "multiclassification_loss": 0.0,
    "ortho_loss": 0.0,
    "pearson": 0.5494,
    "regression_loss": 2.3078,
    "rm2": 0.2839,
    "rmse": 1.5207,
    "sd": 1.5092,
    "spearman": 0.5542,
    "spectral_loss": 0.0
}
                              
Test Results: {
    "ci": 0.6857,
    "classification_loss": 0.0,
    "cluster_loss": 0.0,
    "mae": 1.1938,
    "mse": 2.4854,
    "multiclassification_loss": 0.0,
    "ortho_loss": 0.0,
    "pearson": 0.5398,
    "regression_loss": 2.4844,
    "rm2": 0.2714,
    "rmse": 1.5765,
    "sd": 1.5621,
    "spearman": 0.5248,
    "spectral_loss": 0.0
}
                              
                              
----------------------------------------
Epoch 011 with LR 0.000100: Model Results
----------------------------------------
Train MSE Loss: 1.6420, Train CLS Loss: 0.0000, Train MCLS Loss: 0.0000
Protein Cluster Region Loss - Ortho Loss: 0.0000, Cluster Loss: 0.0000
                              
Validation Results: {
    "ci": 0.6949,
    "classification_loss": 0.0,
    "cluster_loss": 0.0,
    "mae": 1.157,
    "mse": 2.343,
    "multiclassification_loss": 0.0,
    "ortho_loss": 0.0,
    "pearson": 0.5426,
    "regression_loss": 2.3387,
    "rm2": 0.2696,
    "rmse": 1.5307,
    "sd": 1.5172,
    "spearman": 0.5441,
    "spectral_loss": 0.0
}
                              
Test Results: {
    "ci": 0.6857,
    "classification_loss": 0.0,
    "cluster_loss": 0.0,
    "mae": 1.1938,
    "mse": 2.4854,
    "multiclassification_loss": 0.0,
    "ortho_loss": 0.0,
    "pearson": 0.5398,
    "regression_loss": 2.4844,
    "rm2": 0.2714,
    "rmse": 1.5765,
    "sd": 1.5621,
    "spearman": 0.5248,
    "spectral_loss": 0.0
}
                              
                              
----------------------------------------
Epoch 012 with LR 0.000100: Model Results
----------------------------------------
Train MSE Loss: 1.5946, Train CLS Loss: 0.0000, Train MCLS Loss: 0.0000
Protein Cluster Region Loss - Ortho Loss: 0.0000, Cluster Loss: 0.0000
                              
Validation Results: {
    "ci": 0.7024,
    "classification_loss": 0.0,
    "cluster_loss": 0.0,
    "mae": 1.119,
    "mse": 2.2774,
    "multiclassification_loss": 0.0,
    "ortho_loss": 0.0,
    "pearson": 0.5578,
    "regression_loss": 2.2721,
    "rm2": 0.3087,
    "rmse": 1.5091,
    "sd": 1.4992,
    "spearman": 0.5632,
    "spectral_loss": 0.0
}
                              
Test Results: {
    "ci": 0.6969,
    "classification_loss": 0.0,
    "cluster_loss": 0.0,
    "mae": 1.1511,
    "mse": 2.3657,
    "multiclassification_loss": 0.0,
    "ortho_loss": 0.0,
    "pearson": 0.5644,
    "regression_loss": 2.3649,
    "rm2": 0.3157,
    "rmse": 1.5381,
    "sd": 1.532,
    "spearman": 0.552,
    "spectral_loss": 0.0
}
                              
                              
----------------------------------------
Epoch 013 with LR 0.000100: Model Results
----------------------------------------
Train MSE Loss: 1.5586, Train CLS Loss: 0.0000, Train MCLS Loss: 0.0000
Protein Cluster Region Loss - Ortho Loss: 0.0000, Cluster Loss: 0.0000
                              
Validation Results: {
    "ci": 0.6999,
    "classification_loss": 0.0,
    "cluster_loss": 0.0,
    "mae": 1.1277,
    "mse": 2.2513,
    "multiclassification_loss": 0.0,
    "ortho_loss": 0.0,
    "pearson": 0.5584,
    "regression_loss": 2.2473,
    "rm2": 0.3042,
    "rmse": 1.5004,
    "sd": 1.4984,
    "spearman": 0.5571,
    "spectral_loss": 0.0
}
                              
Test Results: {
    "ci": 0.6884,
    "classification_loss": 0.0,
    "cluster_loss": 0.0,
    "mae": 1.1761,
    "mse": 2.4223,
    "multiclassification_loss": 0.0,
    "ortho_loss": 0.0,
    "pearson": 0.5476,
    "regression_loss": 2.4207,
    "rm2": 0.289,
    "rmse": 1.5564,
    "sd": 1.5528,
    "spearman": 0.53,
    "spectral_loss": 0.0
}
                              
                              
----------------------------------------
Epoch 014 with LR 0.000100: Model Results
----------------------------------------
Train MSE Loss: 1.5225, Train CLS Loss: 0.0000, Train MCLS Loss: 0.0000
Protein Cluster Region Loss - Ortho Loss: 0.0000, Cluster Loss: 0.0000
                              
Validation Results: {
    "ci": 0.6959,
    "classification_loss": 0.0,
    "cluster_loss": 0.0,
    "mae": 1.1284,
    "mse": 2.3404,
    "multiclassification_loss": 0.0,
    "ortho_loss": 0.0,
    "pearson": 0.5465,
    "regression_loss": 2.3356,
    "rm2": 0.2891,
    "rmse": 1.5298,
    "sd": 1.5127,
    "spearman": 0.5438,
    "spectral_loss": 0.0
}
                              
Test Results: {
    "ci": 0.6884,
    "classification_loss": 0.0,
    "cluster_loss": 0.0,
    "mae": 1.1761,
    "mse": 2.4223,
    "multiclassification_loss": 0.0,
    "ortho_loss": 0.0,
    "pearson": 0.5476,
    "regression_loss": 2.4207,
    "rm2": 0.289,
    "rmse": 1.5564,
    "sd": 1.5528,
    "spearman": 0.53,
    "spectral_loss": 0.0
}
                              
                              
----------------------------------------
Epoch 015 with LR 0.000100: Model Results
----------------------------------------
Train MSE Loss: 1.5040, Train CLS Loss: 0.0000, Train MCLS Loss: 0.0000
Protein Cluster Region Loss - Ortho Loss: 0.0000, Cluster Loss: 0.0000
                              
Validation Results: {
    "ci": 0.7031,
    "classification_loss": 0.0,
    "cluster_loss": 0.0,
    "mae": 1.1245,
    "mse": 2.2841,
    "multiclassification_loss": 0.0,
    "ortho_loss": 0.0,
    "pearson": 0.5592,
    "regression_loss": 2.2792,
    "rm2": 0.295,
    "rmse": 1.5113,
    "sd": 1.4975,
    "spearman": 0.5625,
    "spectral_loss": 0.0
}
                              
Test Results: {
    "ci": 0.6884,
    "classification_loss": 0.0,
    "cluster_loss": 0.0,
    "mae": 1.1761,
    "mse": 2.4223,
    "multiclassification_loss": 0.0,
    "ortho_loss": 0.0,
    "pearson": 0.5476,
    "regression_loss": 2.4207,
    "rm2": 0.289,
    "rmse": 1.5564,
    "sd": 1.5528,
    "spearman": 0.53,
    "spectral_loss": 0.0
}
                              
                              
----------------------------------------
Epoch 016 with LR 0.000100: Model Results
----------------------------------------
Train MSE Loss: 1.4682, Train CLS Loss: 0.0000, Train MCLS Loss: 0.0000
Protein Cluster Region Loss - Ortho Loss: 0.0000, Cluster Loss: 0.0000
                              
Validation Results: {
    "ci": 0.6983,
    "classification_loss": 0.0,
    "cluster_loss": 0.0,
    "mae": 1.1334,
    "mse": 2.3276,
    "multiclassification_loss": 0.0,
    "ortho_loss": 0.0,
    "pearson": 0.5568,
    "regression_loss": 2.3225,
    "rm2": 0.3022,
    "rmse": 1.5257,
    "sd": 1.5004,
    "spearman": 0.5532,
    "spectral_loss": 0.0
}
                              
Test Results: {
    "ci": 0.6884,
    "classification_loss": 0.0,
    "cluster_loss": 0.0,
    "mae": 1.1761,
    "mse": 2.4223,
    "multiclassification_loss": 0.0,
    "ortho_loss": 0.0,
    "pearson": 0.5476,
    "regression_loss": 2.4207,
    "rm2": 0.289,
    "rmse": 1.5564,
    "sd": 1.5528,
    "spearman": 0.53,
    "spectral_loss": 0.0
}
                              
                              
----------------------------------------
Epoch 017 with LR 0.000100: Model Results
----------------------------------------
Train MSE Loss: 1.4403, Train CLS Loss: 0.0000, Train MCLS Loss: 0.0000
Protein Cluster Region Loss - Ortho Loss: 0.0000, Cluster Loss: 0.0000
                              
Validation Results: {
    "ci": 0.7046,
    "classification_loss": 0.0,
    "cluster_loss": 0.0,
    "mae": 1.1094,
    "mse": 2.2755,
    "multiclassification_loss": 0.0,
    "ortho_loss": 0.0,
    "pearson": 0.5681,
    "regression_loss": 2.2705,
    "rm2": 0.3096,
    "rmse": 1.5085,
    "sd": 1.4865,
    "spearman": 0.5684,
    "spectral_loss": 0.0
}
                              
Test Results: {
    "ci": 0.6884,
    "classification_loss": 0.0,
    "cluster_loss": 0.0,
    "mae": 1.1761,
    "mse": 2.4223,
    "multiclassification_loss": 0.0,
    "ortho_loss": 0.0,
    "pearson": 0.5476,
    "regression_loss": 2.4207,
    "rm2": 0.289,
    "rmse": 1.5564,
    "sd": 1.5528,
    "spearman": 0.53,
    "spectral_loss": 0.0
}
                              
                              
----------------------------------------
Epoch 018 with LR 0.000100: Model Results
----------------------------------------
Train MSE Loss: 1.4151, Train CLS Loss: 0.0000, Train MCLS Loss: 0.0000
Protein Cluster Region Loss - Ortho Loss: 0.0000, Cluster Loss: 0.0000
                              
Validation Results: {
    "ci": 0.707,
    "classification_loss": 0.0,
    "cluster_loss": 0.0,
    "mae": 1.1208,
    "mse": 2.2552,
    "multiclassification_loss": 0.0,
    "ortho_loss": 0.0,
    "pearson": 0.5749,
    "regression_loss": 2.2506,
    "rm2": 0.3018,
    "rmse": 1.5017,
    "sd": 1.478,
    "spearman": 0.5734,
    "spectral_loss": 0.0
}
                              
Test Results: {
    "ci": 0.6884,
    "classification_loss": 0.0,
    "cluster_loss": 0.0,
    "mae": 1.1761,
    "mse": 2.4223,
    "multiclassification_loss": 0.0,
    "ortho_loss": 0.0,
    "pearson": 0.5476,
    "regression_loss": 2.4207,
    "rm2": 0.289,
    "rmse": 1.5564,
    "sd": 1.5528,
    "spearman": 0.53,
    "spectral_loss": 0.0
}
                              
                              
----------------------------------------
Epoch 019 with LR 0.000100: Model Results
----------------------------------------
Train MSE Loss: 1.3886, Train CLS Loss: 0.0000, Train MCLS Loss: 0.0000
Protein Cluster Region Loss - Ortho Loss: 0.0000, Cluster Loss: 0.0000
                              
Validation Results: {
    "ci": 0.7136,
    "classification_loss": 0.0,
    "cluster_loss": 0.0,
    "mae": 1.0903,
    "mse": 2.1672,
    "multiclassification_loss": 0.0,
    "ortho_loss": 0.0,
    "pearson": 0.5878,
    "regression_loss": 2.1623,
    "rm2": 0.3298,
    "rmse": 1.4721,
    "sd": 1.4613,
    "spearman": 0.5882,
    "spectral_loss": 0.0
}
                              
Test Results: {
    "ci": 0.7048,
    "classification_loss": 0.0,
    "cluster_loss": 0.0,
    "mae": 1.1342,
    "mse": 2.3046,
    "multiclassification_loss": 0.0,
    "ortho_loss": 0.0,
    "pearson": 0.5829,
    "regression_loss": 2.3028,
    "rm2": 0.3236,
    "rmse": 1.5181,
    "sd": 1.5078,
    "spearman": 0.5698,
    "spectral_loss": 0.0
}
                              
                              
----------------------------------------
Epoch 020 with LR 0.000100: Model Results
----------------------------------------
Train MSE Loss: 1.3707, Train CLS Loss: 0.0000, Train MCLS Loss: 0.0000
Protein Cluster Region Loss - Ortho Loss: 0.0000, Cluster Loss: 0.0000
                              
Validation Results: {
    "ci": 0.7161,
    "classification_loss": 0.0,
    "cluster_loss": 0.0,
    "mae": 1.0801,
    "mse": 2.1704,
    "multiclassification_loss": 0.0,
    "ortho_loss": 0.0,
    "pearson": 0.5892,
    "regression_loss": 2.1656,
    "rm2": 0.3426,
    "rmse": 1.4732,
    "sd": 1.4594,
    "spearman": 0.596,
    "spectral_loss": 0.0
}
                              
Test Results: {
    "ci": 0.7048,
    "classification_loss": 0.0,
    "cluster_loss": 0.0,
    "mae": 1.1342,
    "mse": 2.3046,
    "multiclassification_loss": 0.0,
    "ortho_loss": 0.0,
    "pearson": 0.5829,
    "regression_loss": 2.3028,
    "rm2": 0.3236,
    "rmse": 1.5181,
    "sd": 1.5078,
    "spearman": 0.5698,
    "spectral_loss": 0.0
}
                              
                              
----------------------------------------
Epoch 021 with LR 0.000100: Model Results
----------------------------------------
Train MSE Loss: 1.3439, Train CLS Loss: 0.0000, Train MCLS Loss: 0.0000
Protein Cluster Region Loss - Ortho Loss: 0.0000, Cluster Loss: 0.0000
                              
Validation Results: {
    "ci": 0.7166,
    "classification_loss": 0.0,
    "cluster_loss": 0.0,
    "mae": 1.0815,
    "mse": 2.1513,
    "multiclassification_loss": 0.0,
    "ortho_loss": 0.0,
    "pearson": 0.5947,
    "regression_loss": 2.1467,
    "rm2": 0.3433,
    "rmse": 1.4667,
    "sd": 1.4521,
    "spearman": 0.596,
    "spectral_loss": 0.0
}
                              
Test Results: {
    "ci": 0.7042,
    "classification_loss": 0.0,
    "cluster_loss": 0.0,
    "mae": 1.1353,
    "mse": 2.3157,
    "multiclassification_loss": 0.0,
    "ortho_loss": 0.0,
    "pearson": 0.5847,
    "regression_loss": 2.3138,
    "rm2": 0.3297,
    "rmse": 1.5217,
    "sd": 1.5055,
    "spearman": 0.5696,
    "spectral_loss": 0.0
}
                              
                              
----------------------------------------
Epoch 022 with LR 0.000100: Model Results
----------------------------------------
Train MSE Loss: 1.3253, Train CLS Loss: 0.0000, Train MCLS Loss: 0.0000
Protein Cluster Region Loss - Ortho Loss: 0.0000, Cluster Loss: 0.0000
                              
Validation Results: {
    "ci": 0.7109,
    "classification_loss": 0.0,
    "cluster_loss": 0.0,
    "mae": 1.0899,
    "mse": 2.219,
    "multiclassification_loss": 0.0,
    "ortho_loss": 0.0,
    "pearson": 0.5824,
    "regression_loss": 2.2147,
    "rm2": 0.3375,
    "rmse": 1.4896,
    "sd": 1.4683,
    "spearman": 0.5813,
    "spectral_loss": 0.0
}
                              
Test Results: {
    "ci": 0.7042,
    "classification_loss": 0.0,
    "cluster_loss": 0.0,
    "mae": 1.1353,
    "mse": 2.3157,
    "multiclassification_loss": 0.0,
    "ortho_loss": 0.0,
    "pearson": 0.5847,
    "regression_loss": 2.3138,
    "rm2": 0.3297,
    "rmse": 1.5217,
    "sd": 1.5055,
    "spearman": 0.5696,
    "spectral_loss": 0.0
}
                              
                              
----------------------------------------
Epoch 023 with LR 0.000100: Model Results
----------------------------------------
Train MSE Loss: 1.3093, Train CLS Loss: 0.0000, Train MCLS Loss: 0.0000
Protein Cluster Region Loss - Ortho Loss: 0.0000, Cluster Loss: 0.0000
                              
Validation Results: {
    "ci": 0.715,
    "classification_loss": 0.0,
    "cluster_loss": 0.0,
    "mae": 1.0737,
    "mse": 2.1455,
    "multiclassification_loss": 0.0,
    "ortho_loss": 0.0,
    "pearson": 0.5959,
    "regression_loss": 2.1416,
    "rm2": 0.3372,
    "rmse": 1.4648,
    "sd": 1.4506,
    "spearman": 0.5924,
    "spectral_loss": 0.0
}
                              
Test Results: {
    "ci": 0.7064,
    "classification_loss": 0.0,
    "cluster_loss": 0.0,
    "mae": 1.1251,
    "mse": 2.304,
    "multiclassification_loss": 0.0,
    "ortho_loss": 0.0,
    "pearson": 0.587,
    "regression_loss": 2.3023,
    "rm2": 0.3256,
    "rmse": 1.5179,
    "sd": 1.5023,
    "spearman": 0.5737,
    "spectral_loss": 0.0
}
                              
                              
----------------------------------------
Epoch 024 with LR 0.000100: Model Results
----------------------------------------
Train MSE Loss: 1.2836, Train CLS Loss: 0.0000, Train MCLS Loss: 0.0000
Protein Cluster Region Loss - Ortho Loss: 0.0000, Cluster Loss: 0.0000
                              
Validation Results: {
    "ci": 0.7157,
    "classification_loss": 0.0,
    "cluster_loss": 0.0,
    "mae": 1.0719,
    "mse": 2.1613,
    "multiclassification_loss": 0.0,
    "ortho_loss": 0.0,
    "pearson": 0.5914,
    "regression_loss": 2.158,
    "rm2": 0.3459,
    "rmse": 1.4701,
    "sd": 1.4565,
    "spearman": 0.5931,
    "spectral_loss": 0.0
}
                              
Test Results: {
    "ci": 0.7064,
    "classification_loss": 0.0,
    "cluster_loss": 0.0,
    "mae": 1.1251,
    "mse": 2.304,
    "multiclassification_loss": 0.0,
    "ortho_loss": 0.0,
    "pearson": 0.587,
    "regression_loss": 2.3023,
    "rm2": 0.3256,
    "rmse": 1.5179,
    "sd": 1.5023,
    "spearman": 0.5737,
    "spectral_loss": 0.0
}
                              
                              
----------------------------------------
Epoch 025 with LR 0.000100: Model Results
----------------------------------------
Train MSE Loss: 1.2752, Train CLS Loss: 0.0000, Train MCLS Loss: 0.0000
Protein Cluster Region Loss - Ortho Loss: 0.0000, Cluster Loss: 0.0000
                              
Validation Results: {
    "ci": 0.7182,
    "classification_loss": 0.0,
    "cluster_loss": 0.0,
    "mae": 1.0659,
    "mse": 2.1136,
    "multiclassification_loss": 0.0,
    "ortho_loss": 0.0,
    "pearson": 0.6009,
    "regression_loss": 2.1095,
    "rm2": 0.3607,
    "rmse": 1.4538,
    "sd": 1.4437,
    "spearman": 0.5999,
    "spectral_loss": 0.0
}
                              
Test Results: {
    "ci": 0.7092,
    "classification_loss": 0.0,
    "cluster_loss": 0.0,
    "mae": 1.1145,
    "mse": 2.249,
    "multiclassification_loss": 0.0,
    "ortho_loss": 0.0,
    "pearson": 0.5952,
    "regression_loss": 2.2486,
    "rm2": 0.3514,
    "rmse": 1.4997,
    "sd": 1.4912,
    "spearman": 0.5797,
    "spectral_loss": 0.0
}
                              
                              
----------------------------------------
Epoch 026 with LR 0.000100: Model Results
----------------------------------------
Train MSE Loss: 1.2541, Train CLS Loss: 0.0000, Train MCLS Loss: 0.0000
Protein Cluster Region Loss - Ortho Loss: 0.0000, Cluster Loss: 0.0000
                              
Validation Results: {
    "ci": 0.7168,
    "classification_loss": 0.0,
    "cluster_loss": 0.0,
    "mae": 1.0746,
    "mse": 2.201,
    "multiclassification_loss": 0.0,
    "ortho_loss": 0.0,
    "pearson": 0.595,
    "regression_loss": 2.1967,
    "rm2": 0.3509,
    "rmse": 1.4836,
    "sd": 1.4517,
    "spearman": 0.5964,
    "spectral_loss": 0.0
}
                              
Test Results: {
    "ci": 0.7092,
    "classification_loss": 0.0,
    "cluster_loss": 0.0,
    "mae": 1.1145,
    "mse": 2.249,
    "multiclassification_loss": 0.0,
    "ortho_loss": 0.0,
    "pearson": 0.5952,
    "regression_loss": 2.2486,
    "rm2": 0.3514,
    "rmse": 1.4997,
    "sd": 1.4912,
    "spearman": 0.5797,
    "spectral_loss": 0.0
}
                              
                              
----------------------------------------
Epoch 027 with LR 0.000100: Model Results
----------------------------------------
Train MSE Loss: 1.2407, Train CLS Loss: 0.0000, Train MCLS Loss: 0.0000
Protein Cluster Region Loss - Ortho Loss: 0.0000, Cluster Loss: 0.0000
                              
Validation Results: {
    "ci": 0.7129,
    "classification_loss": 0.0,
    "cluster_loss": 0.0,
    "mae": 1.0922,
    "mse": 2.1741,
    "multiclassification_loss": 0.0,
    "ortho_loss": 0.0,
    "pearson": 0.5912,
    "regression_loss": 2.1697,
    "rm2": 0.3265,
    "rmse": 1.4745,
    "sd": 1.4567,
    "spearman": 0.5867,
    "spectral_loss": 0.0
}
                              
Test Results: {
    "ci": 0.7092,
    "classification_loss": 0.0,
    "cluster_loss": 0.0,
    "mae": 1.1145,
    "mse": 2.249,
    "multiclassification_loss": 0.0,
    "ortho_loss": 0.0,
    "pearson": 0.5952,
    "regression_loss": 2.2486,
    "rm2": 0.3514,
    "rmse": 1.4997,
    "sd": 1.4912,
    "spearman": 0.5797,
    "spectral_loss": 0.0
}
                              
                              
----------------------------------------
Epoch 028 with LR 0.000100: Model Results
----------------------------------------
Train MSE Loss: 1.2246, Train CLS Loss: 0.0000, Train MCLS Loss: 0.0000
Protein Cluster Region Loss - Ortho Loss: 0.0000, Cluster Loss: 0.0000
                              
Validation Results: {
    "ci": 0.7169,
    "classification_loss": 0.0,
    "cluster_loss": 0.0,
    "mae": 1.074,
    "mse": 2.1258,
    "multiclassification_loss": 0.0,
    "ortho_loss": 0.0,
    "pearson": 0.6019,
    "regression_loss": 2.1228,
    "rm2": 0.3493,
    "rmse": 1.458,
    "sd": 1.4424,
    "spearman": 0.5966,
    "spectral_loss": 0.0
}
                              
Test Results: {
    "ci": 0.7092,
    "classification_loss": 0.0,
    "cluster_loss": 0.0,
    "mae": 1.1145,
    "mse": 2.249,
    "multiclassification_loss": 0.0,
    "ortho_loss": 0.0,
    "pearson": 0.5952,
    "regression_loss": 2.2486,
    "rm2": 0.3514,
    "rmse": 1.4997,
    "sd": 1.4912,
    "spearman": 0.5797,
    "spectral_loss": 0.0
}
                              
                              
----------------------------------------
Epoch 029 with LR 0.000100: Model Results
----------------------------------------
Train MSE Loss: 1.2176, Train CLS Loss: 0.0000, Train MCLS Loss: 0.0000
Protein Cluster Region Loss - Ortho Loss: 0.0000, Cluster Loss: 0.0000
                              
Validation Results: {
    "ci": 0.7164,
    "classification_loss": 0.0,
    "cluster_loss": 0.0,
    "mae": 1.0783,
    "mse": 2.1964,
    "multiclassification_loss": 0.0,
    "ortho_loss": 0.0,
    "pearson": 0.5992,
    "regression_loss": 2.1923,
    "rm2": 0.3416,
    "rmse": 1.482,
    "sd": 1.4461,
    "spearman": 0.5948,
    "spectral_loss": 0.0
}
                              
Test Results: {
    "ci": 0.7092,
    "classification_loss": 0.0,
    "cluster_loss": 0.0,
    "mae": 1.1145,
    "mse": 2.249,
    "multiclassification_loss": 0.0,
    "ortho_loss": 0.0,
    "pearson": 0.5952,
    "regression_loss": 2.2486,
    "rm2": 0.3514,
    "rmse": 1.4997,
    "sd": 1.4912,
    "spearman": 0.5797,
    "spectral_loss": 0.0
}
                              
                              
----------------------------------------
Epoch 030 with LR 0.000100: Model Results
----------------------------------------
Train MSE Loss: 1.1939, Train CLS Loss: 0.0000, Train MCLS Loss: 0.0000
Protein Cluster Region Loss - Ortho Loss: 0.0000, Cluster Loss: 0.0000
                              
Validation Results: {
    "ci": 0.7204,
    "classification_loss": 0.0,
    "cluster_loss": 0.0,
    "mae": 1.0614,
    "mse": 2.0983,
    "multiclassification_loss": 0.0,
    "ortho_loss": 0.0,
    "pearson": 0.6066,
    "regression_loss": 2.0946,
    "rm2": 0.3558,
    "rmse": 1.4486,
    "sd": 1.436,
    "spearman": 0.6039,
    "spectral_loss": 0.0
}
                              
Test Results: {
    "ci": 0.7112,
    "classification_loss": 0.0,
    "cluster_loss": 0.0,
    "mae": 1.1141,
    "mse": 2.2536,
    "multiclassification_loss": 0.0,
    "ortho_loss": 0.0,
    "pearson": 0.5986,
    "regression_loss": 2.2537,
    "rm2": 0.3434,
    "rmse": 1.5012,
    "sd": 1.4865,
    "spearman": 0.5858,
    "spectral_loss": 0.0
}
                              
                              
----------------------------------------
Epoch 031 with LR 0.000100: Model Results
----------------------------------------
Train MSE Loss: 1.1837, Train CLS Loss: 0.0000, Train MCLS Loss: 0.0000
Protein Cluster Region Loss - Ortho Loss: 0.0000, Cluster Loss: 0.0000
                              
Validation Results: {
    "ci": 0.7216,
    "classification_loss": 0.0,
    "cluster_loss": 0.0,
    "mae": 1.0644,
    "mse": 2.0763,
    "multiclassification_loss": 0.0,
    "ortho_loss": 0.0,
    "pearson": 0.6108,
    "regression_loss": 2.0729,
    "rm2": 0.3569,
    "rmse": 1.4409,
    "sd": 1.4302,
    "spearman": 0.6085,
    "spectral_loss": 0.0
}
                              
Test Results: {
    "ci": 0.7154,
    "classification_loss": 0.0,
    "cluster_loss": 0.0,
    "mae": 1.1051,
    "mse": 2.2156,
    "multiclassification_loss": 0.0,
    "ortho_loss": 0.0,
    "pearson": 0.6047,
    "regression_loss": 2.2152,
    "rm2": 0.3493,
    "rmse": 1.4885,
    "sd": 1.4779,
    "spearman": 0.5942,
    "spectral_loss": 0.0
}
                              
                              
----------------------------------------
Epoch 032 with LR 0.000100: Model Results
----------------------------------------
Train MSE Loss: 1.1723, Train CLS Loss: 0.0000, Train MCLS Loss: 0.0000
Protein Cluster Region Loss - Ortho Loss: 0.0000, Cluster Loss: 0.0000
                              
Validation Results: {
    "ci": 0.7243,
    "classification_loss": 0.0,
    "cluster_loss": 0.0,
    "mae": 1.056,
    "mse": 2.1251,
    "multiclassification_loss": 0.0,
    "ortho_loss": 0.0,
    "pearson": 0.6072,
    "regression_loss": 2.1217,
    "rm2": 0.3565,
    "rmse": 1.4578,
    "sd": 1.4352,
    "spearman": 0.6129,
    "spectral_loss": 0.0
}
                              
Test Results: {
    "ci": 0.7154,
    "classification_loss": 0.0,
    "cluster_loss": 0.0,
    "mae": 1.1051,
    "mse": 2.2156,
    "multiclassification_loss": 0.0,
    "ortho_loss": 0.0,
    "pearson": 0.6047,
    "regression_loss": 2.2152,
    "rm2": 0.3493,
    "rmse": 1.4885,
    "sd": 1.4779,
    "spearman": 0.5942,
    "spectral_loss": 0.0
}
                              
                              
----------------------------------------
Epoch 033 with LR 0.000100: Model Results
----------------------------------------
Train MSE Loss: 1.1711, Train CLS Loss: 0.0000, Train MCLS Loss: 0.0000
Protein Cluster Region Loss - Ortho Loss: 0.0000, Cluster Loss: 0.0000
                              
Validation Results: {
    "ci": 0.7205,
    "classification_loss": 0.0,
    "cluster_loss": 0.0,
    "mae": 1.0704,
    "mse": 2.1241,
    "multiclassification_loss": 0.0,
    "ortho_loss": 0.0,
    "pearson": 0.6068,
    "regression_loss": 2.1205,
    "rm2": 0.3569,
    "rmse": 1.4574,
    "sd": 1.4357,
    "spearman": 0.6053,
    "spectral_loss": 0.0
}
                              
Test Results: {
    "ci": 0.7154,
    "classification_loss": 0.0,
    "cluster_loss": 0.0,
    "mae": 1.1051,
    "mse": 2.2156,
    "multiclassification_loss": 0.0,
    "ortho_loss": 0.0,
    "pearson": 0.6047,
    "regression_loss": 2.2152,
    "rm2": 0.3493,
    "rmse": 1.4885,
    "sd": 1.4779,
    "spearman": 0.5942,
    "spectral_loss": 0.0
}
                              
                              
----------------------------------------
Epoch 034 with LR 0.000100: Model Results
----------------------------------------
Train MSE Loss: 1.1487, Train CLS Loss: 0.0000, Train MCLS Loss: 0.0000
Protein Cluster Region Loss - Ortho Loss: 0.0000, Cluster Loss: 0.0000
                              
Validation Results: {
    "ci": 0.7217,
    "classification_loss": 0.0,
    "cluster_loss": 0.0,
    "mae": 1.0574,
    "mse": 2.1494,
    "multiclassification_loss": 0.0,
    "ortho_loss": 0.0,
    "pearson": 0.6061,
    "regression_loss": 2.1458,
    "rm2": 0.3622,
    "rmse": 1.4661,
    "sd": 1.4367,
    "spearman": 0.6063,
    "spectral_loss": 0.0
}
                              
Test Results: {
    "ci": 0.7154,
    "classification_loss": 0.0,
    "cluster_loss": 0.0,
    "mae": 1.1051,
    "mse": 2.2156,
    "multiclassification_loss": 0.0,
    "ortho_loss": 0.0,
    "pearson": 0.6047,
    "regression_loss": 2.2152,
    "rm2": 0.3493,
    "rmse": 1.4885,
    "sd": 1.4779,
    "spearman": 0.5942,
    "spectral_loss": 0.0
}
                              
                              
----------------------------------------
Epoch 035 with LR 0.000100: Model Results
----------------------------------------
Train MSE Loss: 1.1427, Train CLS Loss: 0.0000, Train MCLS Loss: 0.0000
Protein Cluster Region Loss - Ortho Loss: 0.0000, Cluster Loss: 0.0000
                              
Validation Results: {
    "ci": 0.7227,
    "classification_loss": 0.0,
    "cluster_loss": 0.0,
    "mae": 1.0564,
    "mse": 2.1249,
    "multiclassification_loss": 0.0,
    "ortho_loss": 0.0,
    "pearson": 0.6089,
    "regression_loss": 2.1216,
    "rm2": 0.355,
    "rmse": 1.4577,
    "sd": 1.4328,
    "spearman": 0.6095,
    "spectral_loss": 0.0
}
                              
Test Results: {
    "ci": 0.7154,
    "classification_loss": 0.0,
    "cluster_loss": 0.0,
    "mae": 1.1051,
    "mse": 2.2156,
    "multiclassification_loss": 0.0,
    "ortho_loss": 0.0,
    "pearson": 0.6047,
    "regression_loss": 2.2152,
    "rm2": 0.3493,
    "rmse": 1.4885,
    "sd": 1.4779,
    "spearman": 0.5942,
    "spectral_loss": 0.0
}
                              
                              
----------------------------------------
Epoch 036 with LR 0.000100: Model Results
----------------------------------------
Train MSE Loss: 1.1339, Train CLS Loss: 0.0000, Train MCLS Loss: 0.0000
Protein Cluster Region Loss - Ortho Loss: 0.0000, Cluster Loss: 0.0000
                              
Validation Results: {
    "ci": 0.7256,
    "classification_loss": 0.0,
    "cluster_loss": 0.0,
    "mae": 1.0532,
    "mse": 2.1042,
    "multiclassification_loss": 0.0,
    "ortho_loss": 0.0,
    "pearson": 0.6129,
    "regression_loss": 2.1023,
    "rm2": 0.3705,
    "rmse": 1.4506,
    "sd": 1.4272,
    "spearman": 0.6165,
    "spectral_loss": 0.0
}
                              
Test Results: {
    "ci": 0.7154,
    "classification_loss": 0.0,
    "cluster_loss": 0.0,
    "mae": 1.1051,
    "mse": 2.2156,
    "multiclassification_loss": 0.0,
    "ortho_loss": 0.0,
    "pearson": 0.6047,
    "regression_loss": 2.2152,
    "rm2": 0.3493,
    "rmse": 1.4885,
    "sd": 1.4779,
    "spearman": 0.5942,
    "spectral_loss": 0.0
}
                              
                              
----------------------------------------
Epoch 037 with LR 0.000100: Model Results
----------------------------------------
Train MSE Loss: 1.1160, Train CLS Loss: 0.0000, Train MCLS Loss: 0.0000
Protein Cluster Region Loss - Ortho Loss: 0.0000, Cluster Loss: 0.0000
                              
Validation Results: {
    "ci": 0.718,
    "classification_loss": 0.0,
    "cluster_loss": 0.0,
    "mae": 1.0747,
    "mse": 2.1821,
    "multiclassification_loss": 0.0,
    "ortho_loss": 0.0,
    "pearson": 0.5984,
    "regression_loss": 2.178,
    "rm2": 0.3469,
    "rmse": 1.4772,
    "sd": 1.4472,
    "spearman": 0.5983,
    "spectral_loss": 0.0
}
                              
Test Results: {
    "ci": 0.7154,
    "classification_loss": 0.0,
    "cluster_loss": 0.0,
    "mae": 1.1051,
    "mse": 2.2156,
    "multiclassification_loss": 0.0,
    "ortho_loss": 0.0,
    "pearson": 0.6047,
    "regression_loss": 2.2152,
    "rm2": 0.3493,
    "rmse": 1.4885,
    "sd": 1.4779,
    "spearman": 0.5942,
    "spectral_loss": 0.0
}
                              
                              
----------------------------------------
Epoch 038 with LR 0.000100: Model Results
----------------------------------------
Train MSE Loss: 1.1191, Train CLS Loss: 0.0000, Train MCLS Loss: 0.0000
Protein Cluster Region Loss - Ortho Loss: 0.0000, Cluster Loss: 0.0000
                              
Validation Results: {
    "ci": 0.7221,
    "classification_loss": 0.0,
    "cluster_loss": 0.0,
    "mae": 1.0641,
    "mse": 2.0967,
    "multiclassification_loss": 0.0,
    "ortho_loss": 0.0,
    "pearson": 0.6105,
    "regression_loss": 2.0931,
    "rm2": 0.3488,
    "rmse": 1.448,
    "sd": 1.4306,
    "spearman": 0.6076,
    "spectral_loss": 0.0
}
                              
Test Results: {
    "ci": 0.7154,
    "classification_loss": 0.0,
    "cluster_loss": 0.0,
    "mae": 1.1051,
    "mse": 2.2156,
    "multiclassification_loss": 0.0,
    "ortho_loss": 0.0,
    "pearson": 0.6047,
    "regression_loss": 2.2152,
    "rm2": 0.3493,
    "rmse": 1.4885,
    "sd": 1.4779,
    "spearman": 0.5942,
    "spectral_loss": 0.0
}
                              
                              
----------------------------------------
Epoch 039 with LR 0.000100: Model Results
----------------------------------------
Train MSE Loss: 1.1092, Train CLS Loss: 0.0000, Train MCLS Loss: 0.0000
Protein Cluster Region Loss - Ortho Loss: 0.0000, Cluster Loss: 0.0000
                              
Validation Results: {
    "ci": 0.7216,
    "classification_loss": 0.0,
    "cluster_loss": 0.0,
    "mae": 1.0694,
    "mse": 2.1707,
    "multiclassification_loss": 0.0,
    "ortho_loss": 0.0,
    "pearson": 0.6112,
    "regression_loss": 2.1674,
    "rm2": 0.3566,
    "rmse": 1.4733,
    "sd": 1.4296,
    "spearman": 0.6065,
    "spectral_loss": 0.0
}
                              
Test Results: {
    "ci": 0.7154,
    "classification_loss": 0.0,
    "cluster_loss": 0.0,
    "mae": 1.1051,
    "mse": 2.2156,
    "multiclassification_loss": 0.0,
    "ortho_loss": 0.0,
    "pearson": 0.6047,
    "regression_loss": 2.2152,
    "rm2": 0.3493,
    "rmse": 1.4885,
    "sd": 1.4779,
    "spearman": 0.5942,
    "spectral_loss": 0.0
}
                              
                              
----------------------------------------
Epoch 040 with LR 0.000100: Model Results
----------------------------------------
Train MSE Loss: 1.0905, Train CLS Loss: 0.0000, Train MCLS Loss: 0.0000
Protein Cluster Region Loss - Ortho Loss: 0.0000, Cluster Loss: 0.0000
                              
Validation Results: {
    "ci": 0.7179,
    "classification_loss": 0.0,
    "cluster_loss": 0.0,
    "mae": 1.0696,
    "mse": 2.1502,
    "multiclassification_loss": 0.0,
    "ortho_loss": 0.0,
    "pearson": 0.6048,
    "regression_loss": 2.1466,
    "rm2": 0.3655,
    "rmse": 1.4663,
    "sd": 1.4385,
    "spearman": 0.5979,
    "spectral_loss": 0.0
}
                              
Test Results: {
    "ci": 0.7154,
    "classification_loss": 0.0,
    "cluster_loss": 0.0,
    "mae": 1.1051,
    "mse": 2.2156,
    "multiclassification_loss": 0.0,
    "ortho_loss": 0.0,
    "pearson": 0.6047,
    "regression_loss": 2.2152,
    "rm2": 0.3493,
    "rmse": 1.4885,
    "sd": 1.4779,
    "spearman": 0.5942,
    "spectral_loss": 0.0
}
                              
                              
----------------------------------------
Epoch 041 with LR 0.000100: Model Results
----------------------------------------
Train MSE Loss: 1.0871, Train CLS Loss: 0.0000, Train MCLS Loss: 0.0000
Protein Cluster Region Loss - Ortho Loss: 0.0000, Cluster Loss: 0.0000
                              
Validation Results: {
    "ci": 0.7268,
    "classification_loss": 0.0,
    "cluster_loss": 0.0,
    "mae": 1.0406,
    "mse": 2.0578,
    "multiclassification_loss": 0.0,
    "ortho_loss": 0.0,
    "pearson": 0.6236,
    "regression_loss": 2.0546,
    "rm2": 0.377,
    "rmse": 1.4345,
    "sd": 1.4121,
    "spearman": 0.6195,
    "spectral_loss": 0.0
}
                              
Test Results: {
    "ci": 0.7233,
    "classification_loss": 0.0,
    "cluster_loss": 0.0,
    "mae": 1.0727,
    "mse": 2.1642,
    "multiclassification_loss": 0.0,
    "ortho_loss": 0.0,
    "pearson": 0.623,
    "regression_loss": 2.1631,
    "rm2": 0.3739,
    "rmse": 1.4711,
    "sd": 1.4515,
    "spearman": 0.6133,
    "spectral_loss": 0.0
}
                              
                              
----------------------------------------
Epoch 042 with LR 0.000100: Model Results
----------------------------------------
Train MSE Loss: 1.0894, Train CLS Loss: 0.0000, Train MCLS Loss: 0.0000
Protein Cluster Region Loss - Ortho Loss: 0.0000, Cluster Loss: 0.0000
                              
Validation Results: {
    "ci": 0.7234,
    "classification_loss": 0.0,
    "cluster_loss": 0.0,
    "mae": 1.0496,
    "mse": 2.0785,
    "multiclassification_loss": 0.0,
    "ortho_loss": 0.0,
    "pearson": 0.6152,
    "regression_loss": 2.0744,
    "rm2": 0.3602,
    "rmse": 1.4417,
    "sd": 1.424,
    "spearman": 0.6112,
    "spectral_loss": 0.0
}
                              
Test Results: {
    "ci": 0.7233,
    "classification_loss": 0.0,
    "cluster_loss": 0.0,
    "mae": 1.0727,
    "mse": 2.1642,
    "multiclassification_loss": 0.0,
    "ortho_loss": 0.0,
    "pearson": 0.623,
    "regression_loss": 2.1631,
    "rm2": 0.3739,
    "rmse": 1.4711,
    "sd": 1.4515,
    "spearman": 0.6133,
    "spectral_loss": 0.0
}
                              
                              
----------------------------------------
Epoch 043 with LR 0.000100: Model Results
----------------------------------------
Train MSE Loss: 1.0661, Train CLS Loss: 0.0000, Train MCLS Loss: 0.0000
Protein Cluster Region Loss - Ortho Loss: 0.0000, Cluster Loss: 0.0000
                              
Validation Results: {
    "ci": 0.72,
    "classification_loss": 0.0,
    "cluster_loss": 0.0,
    "mae": 1.0599,
    "mse": 2.1292,
    "multiclassification_loss": 0.0,
    "ortho_loss": 0.0,
    "pearson": 0.6067,
    "regression_loss": 2.1259,
    "rm2": 0.3576,
    "rmse": 1.4592,
    "sd": 1.4358,
    "spearman": 0.6025,
    "spectral_loss": 0.0
}
                              
Test Results: {
    "ci": 0.7233,
    "classification_loss": 0.0,
    "cluster_loss": 0.0,
    "mae": 1.0727,
    "mse": 2.1642,
    "multiclassification_loss": 0.0,
    "ortho_loss": 0.0,
    "pearson": 0.623,
    "regression_loss": 2.1631,
    "rm2": 0.3739,
    "rmse": 1.4711,
    "sd": 1.4515,
    "spearman": 0.6133,
    "spectral_loss": 0.0
}
                              
                              
----------------------------------------
Epoch 044 with LR 0.000100: Model Results
----------------------------------------
Train MSE Loss: 1.0671, Train CLS Loss: 0.0000, Train MCLS Loss: 0.0000
Protein Cluster Region Loss - Ortho Loss: 0.0000, Cluster Loss: 0.0000
                              
Validation Results: {
    "ci": 0.7248,
    "classification_loss": 0.0,
    "cluster_loss": 0.0,
    "mae": 1.0467,
    "mse": 2.0746,
    "multiclassification_loss": 0.0,
    "ortho_loss": 0.0,
    "pearson": 0.6206,
    "regression_loss": 2.0711,
    "rm2": 0.3598,
    "rmse": 1.4404,
    "sd": 1.4163,
    "spearman": 0.6132,
    "spectral_loss": 0.0
}
                              
Test Results: {
    "ci": 0.7233,
    "classification_loss": 0.0,
    "cluster_loss": 0.0,
    "mae": 1.0727,
    "mse": 2.1642,
    "multiclassification_loss": 0.0,
    "ortho_loss": 0.0,
    "pearson": 0.623,
    "regression_loss": 2.1631,
    "rm2": 0.3739,
    "rmse": 1.4711,
    "sd": 1.4515,
    "spearman": 0.6133,
    "spectral_loss": 0.0
}
                              
                              
----------------------------------------
Epoch 045 with LR 0.000100: Model Results
----------------------------------------
Train MSE Loss: 1.0527, Train CLS Loss: 0.0000, Train MCLS Loss: 0.0000
Protein Cluster Region Loss - Ortho Loss: 0.0000, Cluster Loss: 0.0000
                              
Validation Results: {
    "ci": 0.722,
    "classification_loss": 0.0,
    "cluster_loss": 0.0,
    "mae": 1.0743,
    "mse": 2.1043,
    "multiclassification_loss": 0.0,
    "ortho_loss": 0.0,
    "pearson": 0.6152,
    "regression_loss": 2.1006,
    "rm2": 0.3327,
    "rmse": 1.4506,
    "sd": 1.424,
    "spearman": 0.6084,
    "spectral_loss": 0.0
}
                              
Test Results: {
    "ci": 0.7233,
    "classification_loss": 0.0,
    "cluster_loss": 0.0,
    "mae": 1.0727,
    "mse": 2.1642,
    "multiclassification_loss": 0.0,
    "ortho_loss": 0.0,
    "pearson": 0.623,
    "regression_loss": 2.1631,
    "rm2": 0.3739,
    "rmse": 1.4711,
    "sd": 1.4515,
    "spearman": 0.6133,
    "spectral_loss": 0.0
}
                              
                              
----------------------------------------
Epoch 046 with LR 0.000100: Model Results
----------------------------------------
Train MSE Loss: 1.0481, Train CLS Loss: 0.0000, Train MCLS Loss: 0.0000
Protein Cluster Region Loss - Ortho Loss: 0.0000, Cluster Loss: 0.0000
                              
Validation Results: {
    "ci": 0.7254,
    "classification_loss": 0.0,
    "cluster_loss": 0.0,
    "mae": 1.0447,
    "mse": 2.0324,
    "multiclassification_loss": 0.0,
    "ortho_loss": 0.0,
    "pearson": 0.6238,
    "regression_loss": 2.0284,
    "rm2": 0.3826,
    "rmse": 1.4256,
    "sd": 1.4118,
    "spearman": 0.6165,
    "spectral_loss": 0.0
}
                              
Test Results: {
    "ci": 0.7219,
    "classification_loss": 0.0,
    "cluster_loss": 0.0,
    "mae": 1.076,
    "mse": 2.1575,
    "multiclassification_loss": 0.0,
    "ortho_loss": 0.0,
    "pearson": 0.6193,
    "regression_loss": 2.1572,
    "rm2": 0.3748,
    "rmse": 1.4688,
    "sd": 1.4571,
    "spearman": 0.6093,
    "spectral_loss": 0.0
}
                              
                              
----------------------------------------
Epoch 047 with LR 0.000100: Model Results
----------------------------------------
Train MSE Loss: 1.0429, Train CLS Loss: 0.0000, Train MCLS Loss: 0.0000
Protein Cluster Region Loss - Ortho Loss: 0.0000, Cluster Loss: 0.0000
                              
Validation Results: {
    "ci": 0.728,
    "classification_loss": 0.0,
    "cluster_loss": 0.0,
    "mae": 1.0464,
    "mse": 2.072,
    "multiclassification_loss": 0.0,
    "ortho_loss": 0.0,
    "pearson": 0.6289,
    "regression_loss": 2.0684,
    "rm2": 0.3784,
    "rmse": 1.4395,
    "sd": 1.4044,
    "spearman": 0.6227,
    "spectral_loss": 0.0
}
                              
Test Results: {
    "ci": 0.7219,
    "classification_loss": 0.0,
    "cluster_loss": 0.0,
    "mae": 1.076,
    "mse": 2.1575,
    "multiclassification_loss": 0.0,
    "ortho_loss": 0.0,
    "pearson": 0.6193,
    "regression_loss": 2.1572,
    "rm2": 0.3748,
    "rmse": 1.4688,
    "sd": 1.4571,
    "spearman": 0.6093,
    "spectral_loss": 0.0
}
                              
                              
----------------------------------------
Epoch 048 with LR 0.000100: Model Results
----------------------------------------
Train MSE Loss: 1.0383, Train CLS Loss: 0.0000, Train MCLS Loss: 0.0000
Protein Cluster Region Loss - Ortho Loss: 0.0000, Cluster Loss: 0.0000
                              
Validation Results: {
    "ci": 0.7292,
    "classification_loss": 0.0,
    "cluster_loss": 0.0,
    "mae": 1.0302,
    "mse": 2.0339,
    "multiclassification_loss": 0.0,
    "ortho_loss": 0.0,
    "pearson": 0.6287,
    "regression_loss": 2.0302,
    "rm2": 0.3915,
    "rmse": 1.4261,
    "sd": 1.4046,
    "spearman": 0.6248,
    "spectral_loss": 0.0
}
                              
Test Results: {
    "ci": 0.7219,
    "classification_loss": 0.0,
    "cluster_loss": 0.0,
    "mae": 1.076,
    "mse": 2.1575,
    "multiclassification_loss": 0.0,
    "ortho_loss": 0.0,
    "pearson": 0.6193,
    "regression_loss": 2.1572,
    "rm2": 0.3748,
    "rmse": 1.4688,
    "sd": 1.4571,
    "spearman": 0.6093,
    "spectral_loss": 0.0
}
                              
                              
----------------------------------------
Epoch 049 with LR 0.000100: Model Results
----------------------------------------
Train MSE Loss: 1.0306, Train CLS Loss: 0.0000, Train MCLS Loss: 0.0000
Protein Cluster Region Loss - Ortho Loss: 0.0000, Cluster Loss: 0.0000
                              
Validation Results: {
    "ci": 0.7274,
    "classification_loss": 0.0,
    "cluster_loss": 0.0,
    "mae": 1.0352,
    "mse": 2.0516,
    "multiclassification_loss": 0.0,
    "ortho_loss": 0.0,
    "pearson": 0.6253,
    "regression_loss": 2.0476,
    "rm2": 0.3864,
    "rmse": 1.4323,
    "sd": 1.4096,
    "spearman": 0.621,
    "spectral_loss": 0.0
}
                              
Test Results: {
    "ci": 0.7219,
    "classification_loss": 0.0,
    "cluster_loss": 0.0,
    "mae": 1.076,
    "mse": 2.1575,
    "multiclassification_loss": 0.0,
    "ortho_loss": 0.0,
    "pearson": 0.6193,
    "regression_loss": 2.1572,
    "rm2": 0.3748,
    "rmse": 1.4688,
    "sd": 1.4571,
    "spearman": 0.6093,
    "spectral_loss": 0.0
}
                              
                              
----------------------------------------
Epoch 050 with LR 0.000100: Model Results
----------------------------------------
Train MSE Loss: 1.0280, Train CLS Loss: 0.0000, Train MCLS Loss: 0.0000
Protein Cluster Region Loss - Ortho Loss: 0.0000, Cluster Loss: 0.0000
                              
Validation Results: {
    "ci": 0.7244,
    "classification_loss": 0.0,
    "cluster_loss": 0.0,
    "mae": 1.0476,
    "mse": 2.07,
    "multiclassification_loss": 0.0,
    "ortho_loss": 0.0,
    "pearson": 0.6182,
    "regression_loss": 2.0673,
    "rm2": 0.3582,
    "rmse": 1.4388,
    "sd": 1.4198,
    "spearman": 0.6128,
    "spectral_loss": 0.0
}
                              
Test Results: {
    "ci": 0.7219,
    "classification_loss": 0.0,
    "cluster_loss": 0.0,
    "mae": 1.076,
    "mse": 2.1575,
    "multiclassification_loss": 0.0,
    "ortho_loss": 0.0,
    "pearson": 0.6193,
    "regression_loss": 2.1572,
    "rm2": 0.3748,
    "rmse": 1.4688,
    "sd": 1.4571,
    "spearman": 0.6093,
    "spectral_loss": 0.0
}
                              
                              
----------------------------------------
Epoch 051 with LR 0.000100: Model Results
----------------------------------------
Train MSE Loss: 1.0181, Train CLS Loss: 0.0000, Train MCLS Loss: 0.0000
Protein Cluster Region Loss - Ortho Loss: 0.0000, Cluster Loss: 0.0000
                              
Validation Results: {
    "ci": 0.7245,
    "classification_loss": 0.0,
    "cluster_loss": 0.0,
    "mae": 1.0505,
    "mse": 2.0798,
    "multiclassification_loss": 0.0,
    "ortho_loss": 0.0,
    "pearson": 0.6213,
    "regression_loss": 2.0771,
    "rm2": 0.3765,
    "rmse": 1.4421,
    "sd": 1.4153,
    "spearman": 0.6142,
    "spectral_loss": 0.0
}
                              
Test Results: {
    "ci": 0.7219,
    "classification_loss": 0.0,
    "cluster_loss": 0.0,
    "mae": 1.076,
    "mse": 2.1575,
    "multiclassification_loss": 0.0,
    "ortho_loss": 0.0,
    "pearson": 0.6193,
    "regression_loss": 2.1572,
    "rm2": 0.3748,
    "rmse": 1.4688,
    "sd": 1.4571,
    "spearman": 0.6093,
    "spectral_loss": 0.0
}
                              
                              
----------------------------------------
Epoch 052 with LR 0.000100: Model Results
----------------------------------------
Train MSE Loss: 1.0076, Train CLS Loss: 0.0000, Train MCLS Loss: 0.0000
Protein Cluster Region Loss - Ortho Loss: 0.0000, Cluster Loss: 0.0000
                              
Validation Results: {
    "ci": 0.7249,
    "classification_loss": 0.0,
    "cluster_loss": 0.0,
    "mae": 1.0496,
    "mse": 2.0962,
    "multiclassification_loss": 0.0,
    "ortho_loss": 0.0,
    "pearson": 0.6195,
    "regression_loss": 2.0928,
    "rm2": 0.3699,
    "rmse": 1.4478,
    "sd": 1.418,
    "spearman": 0.6141,
    "spectral_loss": 0.0
}
                              
Test Results: {
    "ci": 0.7219,
    "classification_loss": 0.0,
    "cluster_loss": 0.0,
    "mae": 1.076,
    "mse": 2.1575,
    "multiclassification_loss": 0.0,
    "ortho_loss": 0.0,
    "pearson": 0.6193,
    "regression_loss": 2.1572,
    "rm2": 0.3748,
    "rmse": 1.4688,
    "sd": 1.4571,
    "spearman": 0.6093,
    "spectral_loss": 0.0
}
                              
                              
----------------------------------------
Epoch 053 with LR 0.000100: Model Results
----------------------------------------
Train MSE Loss: 1.0014, Train CLS Loss: 0.0000, Train MCLS Loss: 0.0000
Protein Cluster Region Loss - Ortho Loss: 0.0000, Cluster Loss: 0.0000
                              
Validation Results: {
    "ci": 0.7225,
    "classification_loss": 0.0,
    "cluster_loss": 0.0,
    "mae": 1.0485,
    "mse": 2.1468,
    "multiclassification_loss": 0.0,
    "ortho_loss": 0.0,
    "pearson": 0.6084,
    "regression_loss": 2.1429,
    "rm2": 0.3662,
    "rmse": 1.4652,
    "sd": 1.4335,
    "spearman": 0.6064,
    "spectral_loss": 0.0
}
                              
Test Results: {
    "ci": 0.7219,
    "classification_loss": 0.0,
    "cluster_loss": 0.0,
    "mae": 1.076,
    "mse": 2.1575,
    "multiclassification_loss": 0.0,
    "ortho_loss": 0.0,
    "pearson": 0.6193,
    "regression_loss": 2.1572,
    "rm2": 0.3748,
    "rmse": 1.4688,
    "sd": 1.4571,
    "spearman": 0.6093,
    "spectral_loss": 0.0
}
                              
                              
----------------------------------------
Epoch 054 with LR 0.000100: Model Results
----------------------------------------
Train MSE Loss: 0.9961, Train CLS Loss: 0.0000, Train MCLS Loss: 0.0000
Protein Cluster Region Loss - Ortho Loss: 0.0000, Cluster Loss: 0.0000
                              
Validation Results: {
    "ci": 0.7258,
    "classification_loss": 0.0,
    "cluster_loss": 0.0,
    "mae": 1.0611,
    "mse": 2.1991,
    "multiclassification_loss": 0.0,
    "ortho_loss": 0.0,
    "pearson": 0.619,
    "regression_loss": 2.196,
    "rm2": 0.3766,
    "rmse": 1.4829,
    "sd": 1.4186,
    "spearman": 0.6142,
    "spectral_loss": 0.0
}
                              
Test Results: {
    "ci": 0.7219,
    "classification_loss": 0.0,
    "cluster_loss": 0.0,
    "mae": 1.076,
    "mse": 2.1575,
    "multiclassification_loss": 0.0,
    "ortho_loss": 0.0,
    "pearson": 0.6193,
    "regression_loss": 2.1572,
    "rm2": 0.3748,
    "rmse": 1.4688,
    "sd": 1.4571,
    "spearman": 0.6093,
    "spectral_loss": 0.0
}
                              
                              
----------------------------------------
Epoch 055 with LR 0.000100: Model Results
----------------------------------------
Train MSE Loss: 0.9966, Train CLS Loss: 0.0000, Train MCLS Loss: 0.0000
Protein Cluster Region Loss - Ortho Loss: 0.0000, Cluster Loss: 0.0000
                              
Validation Results: {
    "ci": 0.7294,
    "classification_loss": 0.0,
    "cluster_loss": 0.0,
    "mae": 1.0342,
    "mse": 2.0717,
    "multiclassification_loss": 0.0,
    "ortho_loss": 0.0,
    "pearson": 0.628,
    "regression_loss": 2.0684,
    "rm2": 0.3778,
    "rmse": 1.4394,
    "sd": 1.4056,
    "spearman": 0.6235,
    "spectral_loss": 0.0
}
                              
Test Results: {
    "ci": 0.7219,
    "classification_loss": 0.0,
    "cluster_loss": 0.0,
    "mae": 1.076,
    "mse": 2.1575,
    "multiclassification_loss": 0.0,
    "ortho_loss": 0.0,
    "pearson": 0.6193,
    "regression_loss": 2.1572,
    "rm2": 0.3748,
    "rmse": 1.4688,
    "sd": 1.4571,
    "spearman": 0.6093,
    "spectral_loss": 0.0
}
                              
                              
----------------------------------------
Epoch 056 with LR 0.000100: Model Results
----------------------------------------
Train MSE Loss: 0.9962, Train CLS Loss: 0.0000, Train MCLS Loss: 0.0000
Protein Cluster Region Loss - Ortho Loss: 0.0000, Cluster Loss: 0.0000
                              
Validation Results: {
    "ci": 0.7262,
    "classification_loss": 0.0,
    "cluster_loss": 0.0,
    "mae": 1.0477,
    "mse": 2.0616,
    "multiclassification_loss": 0.0,
    "ortho_loss": 0.0,
    "pearson": 0.6226,
    "regression_loss": 2.0583,
    "rm2": 0.3685,
    "rmse": 1.4358,
    "sd": 1.4134,
    "spearman": 0.6174,
    "spectral_loss": 0.0
}
                              
Test Results: {
    "ci": 0.7219,
    "classification_loss": 0.0,
    "cluster_loss": 0.0,
    "mae": 1.076,
    "mse": 2.1575,
    "multiclassification_loss": 0.0,
    "ortho_loss": 0.0,
    "pearson": 0.6193,
    "regression_loss": 2.1572,
    "rm2": 0.3748,
    "rmse": 1.4688,
    "sd": 1.4571,
    "spearman": 0.6093,
    "spectral_loss": 0.0
}
                              
                              
----------------------------------------
Epoch 057 with LR 0.000100: Model Results
----------------------------------------
Train MSE Loss: 0.9827, Train CLS Loss: 0.0000, Train MCLS Loss: 0.0000
Protein Cluster Region Loss - Ortho Loss: 0.0000, Cluster Loss: 0.0000
                              
Validation Results: {
    "ci": 0.7295,
    "classification_loss": 0.0,
    "cluster_loss": 0.0,
    "mae": 1.0361,
    "mse": 2.0538,
    "multiclassification_loss": 0.0,
    "ortho_loss": 0.0,
    "pearson": 0.6279,
    "regression_loss": 2.0511,
    "rm2": 0.369,
    "rmse": 1.4331,
    "sd": 1.4059,
    "spearman": 0.6236,
    "spectral_loss": 0.0
}
                              
Test Results: {
    "ci": 0.7219,
    "classification_loss": 0.0,
    "cluster_loss": 0.0,
    "mae": 1.076,
    "mse": 2.1575,
    "multiclassification_loss": 0.0,
    "ortho_loss": 0.0,
    "pearson": 0.6193,
    "regression_loss": 2.1572,
    "rm2": 0.3748,
    "rmse": 1.4688,
    "sd": 1.4571,
    "spearman": 0.6093,
    "spectral_loss": 0.0
}
                              
                              
----------------------------------------
Epoch 058 with LR 0.000100: Model Results
----------------------------------------
Train MSE Loss: 0.9798, Train CLS Loss: 0.0000, Train MCLS Loss: 0.0000
Protein Cluster Region Loss - Ortho Loss: 0.0000, Cluster Loss: 0.0000
                              
Validation Results: {
    "ci": 0.725,
    "classification_loss": 0.0,
    "cluster_loss": 0.0,
    "mae": 1.061,
    "mse": 2.0589,
    "multiclassification_loss": 0.0,
    "ortho_loss": 0.0,
    "pearson": 0.6232,
    "regression_loss": 2.0555,
    "rm2": 0.349,
    "rmse": 1.4349,
    "sd": 1.4126,
    "spearman": 0.6152,
    "spectral_loss": 0.0
}
                              
Test Results: {
    "ci": 0.7219,
    "classification_loss": 0.0,
    "cluster_loss": 0.0,
    "mae": 1.076,
    "mse": 2.1575,
    "multiclassification_loss": 0.0,
    "ortho_loss": 0.0,
    "pearson": 0.6193,
    "regression_loss": 2.1572,
    "rm2": 0.3748,
    "rmse": 1.4688,
    "sd": 1.4571,
    "spearman": 0.6093,
    "spectral_loss": 0.0
}
                              
                              
----------------------------------------
Epoch 059 with LR 0.000100: Model Results
----------------------------------------
Train MSE Loss: 0.9791, Train CLS Loss: 0.0000, Train MCLS Loss: 0.0000
Protein Cluster Region Loss - Ortho Loss: 0.0000, Cluster Loss: 0.0000
                              
Validation Results: {
    "ci": 0.7263,
    "classification_loss": 0.0,
    "cluster_loss": 0.0,
    "mae": 1.041,
    "mse": 2.0557,
    "multiclassification_loss": 0.0,
    "ortho_loss": 0.0,
    "pearson": 0.6261,
    "regression_loss": 2.0526,
    "rm2": 0.3896,
    "rmse": 1.4338,
    "sd": 1.4084,
    "spearman": 0.6185,
    "spectral_loss": 0.0
}
                              
Test Results: {
    "ci": 0.7219,
    "classification_loss": 0.0,
    "cluster_loss": 0.0,
    "mae": 1.076,
    "mse": 2.1575,
    "multiclassification_loss": 0.0,
    "ortho_loss": 0.0,
    "pearson": 0.6193,
    "regression_loss": 2.1572,
    "rm2": 0.3748,
    "rmse": 1.4688,
    "sd": 1.4571,
    "spearman": 0.6093,
    "spectral_loss": 0.0
}
                              
                              
----------------------------------------
Epoch 060 with LR 0.000100: Model Results
----------------------------------------
Train MSE Loss: 0.9597, Train CLS Loss: 0.0000, Train MCLS Loss: 0.0000
Protein Cluster Region Loss - Ortho Loss: 0.0000, Cluster Loss: 0.0000
                              
Validation Results: {
    "ci": 0.7241,
    "classification_loss": 0.0,
    "cluster_loss": 0.0,
    "mae": 1.0549,
    "mse": 2.0605,
    "multiclassification_loss": 0.0,
    "ortho_loss": 0.0,
    "pearson": 0.6208,
    "regression_loss": 2.057,
    "rm2": 0.359,
    "rmse": 1.4354,
    "sd": 1.416,
    "spearman": 0.612,
    "spectral_loss": 0.0
}
                              
Test Results: {
    "ci": 0.7219,
    "classification_loss": 0.0,
    "cluster_loss": 0.0,
    "mae": 1.076,
    "mse": 2.1575,
    "multiclassification_loss": 0.0,
    "ortho_loss": 0.0,
    "pearson": 0.6193,
    "regression_loss": 2.1572,
    "rm2": 0.3748,
    "rmse": 1.4688,
    "sd": 1.4571,
    "spearman": 0.6093,
    "spectral_loss": 0.0
}
                              
                              
----------------------------------------
Epoch 061 with LR 0.000100: Model Results
----------------------------------------
Train MSE Loss: 0.9652, Train CLS Loss: 0.0000, Train MCLS Loss: 0.0000
Protein Cluster Region Loss - Ortho Loss: 0.0000, Cluster Loss: 0.0000
                              
Validation Results: {
    "ci": 0.7258,
    "classification_loss": 0.0,
    "cluster_loss": 0.0,
    "mae": 1.0614,
    "mse": 2.177,
    "multiclassification_loss": 0.0,
    "ortho_loss": 0.0,
    "pearson": 0.6209,
    "regression_loss": 2.1734,
    "rm2": 0.375,
    "rmse": 1.4755,
    "sd": 1.4159,
    "spearman": 0.617,
    "spectral_loss": 0.0
}
                              
Test Results: {
    "ci": 0.7219,
    "classification_loss": 0.0,
    "cluster_loss": 0.0,
    "mae": 1.076,
    "mse": 2.1575,
    "multiclassification_loss": 0.0,
    "ortho_loss": 0.0,
    "pearson": 0.6193,
    "regression_loss": 2.1572,
    "rm2": 0.3748,
    "rmse": 1.4688,
    "sd": 1.4571,
    "spearman": 0.6093,
    "spectral_loss": 0.0
}
                              
                              
----------------------------------------
Epoch 062 with LR 0.000100: Model Results
----------------------------------------
Train MSE Loss: 0.9624, Train CLS Loss: 0.0000, Train MCLS Loss: 0.0000
Protein Cluster Region Loss - Ortho Loss: 0.0000, Cluster Loss: 0.0000
                              
Validation Results: {
    "ci": 0.7274,
    "classification_loss": 0.0,
    "cluster_loss": 0.0,
    "mae": 1.0359,
    "mse": 2.0592,
    "multiclassification_loss": 0.0,
    "ortho_loss": 0.0,
    "pearson": 0.6266,
    "regression_loss": 2.0564,
    "rm2": 0.3749,
    "rmse": 1.435,
    "sd": 1.4077,
    "spearman": 0.6175,
    "spectral_loss": 0.0
}
                              
Test Results: {
    "ci": 0.7219,
    "classification_loss": 0.0,
    "cluster_loss": 0.0,
    "mae": 1.076,
    "mse": 2.1575,
    "multiclassification_loss": 0.0,
    "ortho_loss": 0.0,
    "pearson": 0.6193,
    "regression_loss": 2.1572,
    "rm2": 0.3748,
    "rmse": 1.4688,
    "sd": 1.4571,
    "spearman": 0.6093,
    "spectral_loss": 0.0
}
                              
                              
----------------------------------------
Epoch 063 with LR 0.000100: Model Results
----------------------------------------
Train MSE Loss: 0.9538, Train CLS Loss: 0.0000, Train MCLS Loss: 0.0000
Protein Cluster Region Loss - Ortho Loss: 0.0000, Cluster Loss: 0.0000
                              
Validation Results: {
    "ci": 0.7276,
    "classification_loss": 0.0,
    "cluster_loss": 0.0,
    "mae": 1.0515,
    "mse": 2.1181,
    "multiclassification_loss": 0.0,
    "ortho_loss": 0.0,
    "pearson": 0.6279,
    "regression_loss": 2.1149,
    "rm2": 0.3846,
    "rmse": 1.4554,
    "sd": 1.4059,
    "spearman": 0.6204,
    "spectral_loss": 0.0
}
                              
Test Results: {
    "ci": 0.7219,
    "classification_loss": 0.0,
    "cluster_loss": 0.0,
    "mae": 1.076,
    "mse": 2.1575,
    "multiclassification_loss": 0.0,
    "ortho_loss": 0.0,
    "pearson": 0.6193,
    "regression_loss": 2.1572,
    "rm2": 0.3748,
    "rmse": 1.4688,
    "sd": 1.4571,
    "spearman": 0.6093,
    "spectral_loss": 0.0
}
                              
                              
----------------------------------------
Epoch 064 with LR 0.000100: Model Results
----------------------------------------
Train MSE Loss: 0.9402, Train CLS Loss: 0.0000, Train MCLS Loss: 0.0000
Protein Cluster Region Loss - Ortho Loss: 0.0000, Cluster Loss: 0.0000
                              
Validation Results: {
    "ci": 0.7276,
    "classification_loss": 0.0,
    "cluster_loss": 0.0,
    "mae": 1.0367,
    "mse": 2.0478,
    "multiclassification_loss": 0.0,
    "ortho_loss": 0.0,
    "pearson": 0.628,
    "regression_loss": 2.0447,
    "rm2": 0.3686,
    "rmse": 1.431,
    "sd": 1.4056,
    "spearman": 0.6189,
    "spectral_loss": 0.0
}
                              
Test Results: {
    "ci": 0.7219,
    "classification_loss": 0.0,
    "cluster_loss": 0.0,
    "mae": 1.076,
    "mse": 2.1575,
    "multiclassification_loss": 0.0,
    "ortho_loss": 0.0,
    "pearson": 0.6193,
    "regression_loss": 2.1572,
    "rm2": 0.3748,
    "rmse": 1.4688,
    "sd": 1.4571,
    "spearman": 0.6093,
    "spectral_loss": 0.0
}
                              
                              
----------------------------------------
Epoch 065 with LR 0.000100: Model Results
----------------------------------------
Train MSE Loss: 0.9487, Train CLS Loss: 0.0000, Train MCLS Loss: 0.0000
Protein Cluster Region Loss - Ortho Loss: 0.0000, Cluster Loss: 0.0000
                              
Validation Results: {
    "ci": 0.7278,
    "classification_loss": 0.0,
    "cluster_loss": 0.0,
    "mae": 1.0399,
    "mse": 2.0897,
    "multiclassification_loss": 0.0,
    "ortho_loss": 0.0,
    "pearson": 0.624,
    "regression_loss": 2.0861,
    "rm2": 0.3745,
    "rmse": 1.4456,
    "sd": 1.4114,
    "spearman": 0.6187,
    "spectral_loss": 0.0
}
                              
Test Results: {
    "ci": 0.7219,
    "classification_loss": 0.0,
    "cluster_loss": 0.0,
    "mae": 1.076,
    "mse": 2.1575,
    "multiclassification_loss": 0.0,
    "ortho_loss": 0.0,
    "pearson": 0.6193,
    "regression_loss": 2.1572,
    "rm2": 0.3748,
    "rmse": 1.4688,
    "sd": 1.4571,
    "spearman": 0.6093,
    "spectral_loss": 0.0
}
                              
                              
----------------------------------------
Epoch 066 with LR 0.000100: Model Results
----------------------------------------
Train MSE Loss: 0.9337, Train CLS Loss: 0.0000, Train MCLS Loss: 0.0000
Protein Cluster Region Loss - Ortho Loss: 0.0000, Cluster Loss: 0.0000
                              
Validation Results: {
    "ci": 0.7291,
    "classification_loss": 0.0,
    "cluster_loss": 0.0,
    "mae": 1.0293,
    "mse": 2.0093,
    "multiclassification_loss": 0.0,
    "ortho_loss": 0.0,
    "pearson": 0.6322,
    "regression_loss": 2.0054,
    "rm2": 0.3851,
    "rmse": 1.4175,
    "sd": 1.3996,
    "spearman": 0.6215,
    "spectral_loss": 0.0
}
                              
Test Results: {
    "ci": 0.7248,
    "classification_loss": 0.0,
    "cluster_loss": 0.0,
    "mae": 1.0649,
    "mse": 2.1137,
    "multiclassification_loss": 0.0,
    "ortho_loss": 0.0,
    "pearson": 0.6331,
    "regression_loss": 2.1134,
    "rm2": 0.3802,
    "rmse": 1.4538,
    "sd": 1.4365,
    "spearman": 0.6155,
    "spectral_loss": 0.0
}
                              
                              
----------------------------------------
Epoch 067 with LR 0.000100: Model Results
----------------------------------------
Train MSE Loss: 0.9388, Train CLS Loss: 0.0000, Train MCLS Loss: 0.0000
Protein Cluster Region Loss - Ortho Loss: 0.0000, Cluster Loss: 0.0000
                              
Validation Results: {
    "ci": 0.7275,
    "classification_loss": 0.0,
    "cluster_loss": 0.0,
    "mae": 1.056,
    "mse": 2.1643,
    "multiclassification_loss": 0.0,
    "ortho_loss": 0.0,
    "pearson": 0.6222,
    "regression_loss": 2.1613,
    "rm2": 0.3827,
    "rmse": 1.4711,
    "sd": 1.414,
    "spearman": 0.6203,
    "spectral_loss": 0.0
}
                              
Test Results: {
    "ci": 0.7248,
    "classification_loss": 0.0,
    "cluster_loss": 0.0,
    "mae": 1.0649,
    "mse": 2.1137,
    "multiclassification_loss": 0.0,
    "ortho_loss": 0.0,
    "pearson": 0.6331,
    "regression_loss": 2.1134,
    "rm2": 0.3802,
    "rmse": 1.4538,
    "sd": 1.4365,
    "spearman": 0.6155,
    "spectral_loss": 0.0
}
                              
                              
----------------------------------------
Epoch 068 with LR 0.000100: Model Results
----------------------------------------
Train MSE Loss: 0.9355, Train CLS Loss: 0.0000, Train MCLS Loss: 0.0000
Protein Cluster Region Loss - Ortho Loss: 0.0000, Cluster Loss: 0.0000
                              
Validation Results: {
    "ci": 0.7294,
    "classification_loss": 0.0,
    "cluster_loss": 0.0,
    "mae": 1.0307,
    "mse": 2.023,
    "multiclassification_loss": 0.0,
    "ortho_loss": 0.0,
    "pearson": 0.6317,
    "regression_loss": 2.02,
    "rm2": 0.3881,
    "rmse": 1.4223,
    "sd": 1.4003,
    "spearman": 0.6246,
    "spectral_loss": 0.0
}
                              
Test Results: {
    "ci": 0.7248,
    "classification_loss": 0.0,
    "cluster_loss": 0.0,
    "mae": 1.0649,
    "mse": 2.1137,
    "multiclassification_loss": 0.0,
    "ortho_loss": 0.0,
    "pearson": 0.6331,
    "regression_loss": 2.1134,
    "rm2": 0.3802,
    "rmse": 1.4538,
    "sd": 1.4365,
    "spearman": 0.6155,
    "spectral_loss": 0.0
}
                              
                              
----------------------------------------
Epoch 069 with LR 0.000100: Model Results
----------------------------------------
Train MSE Loss: 0.9306, Train CLS Loss: 0.0000, Train MCLS Loss: 0.0000
Protein Cluster Region Loss - Ortho Loss: 0.0000, Cluster Loss: 0.0000
                              
Validation Results: {
    "ci": 0.7274,
    "classification_loss": 0.0,
    "cluster_loss": 0.0,
    "mae": 1.0412,
    "mse": 2.0852,
    "multiclassification_loss": 0.0,
    "ortho_loss": 0.0,
    "pearson": 0.6229,
    "regression_loss": 2.082,
    "rm2": 0.3712,
    "rmse": 1.444,
    "sd": 1.413,
    "spearman": 0.6175,
    "spectral_loss": 0.0
}
                              
Test Results: {
    "ci": 0.7248,
    "classification_loss": 0.0,
    "cluster_loss": 0.0,
    "mae": 1.0649,
    "mse": 2.1137,
    "multiclassification_loss": 0.0,
    "ortho_loss": 0.0,
    "pearson": 0.6331,
    "regression_loss": 2.1134,
    "rm2": 0.3802,
    "rmse": 1.4538,
    "sd": 1.4365,
    "spearman": 0.6155,
    "spectral_loss": 0.0
}
                              
                              
----------------------------------------
Epoch 070 with LR 0.000100: Model Results
----------------------------------------
Train MSE Loss: 0.9288, Train CLS Loss: 0.0000, Train MCLS Loss: 0.0000
Protein Cluster Region Loss - Ortho Loss: 0.0000, Cluster Loss: 0.0000
                              
Validation Results: {
    "ci": 0.7294,
    "classification_loss": 0.0,
    "cluster_loss": 0.0,
    "mae": 1.0358,
    "mse": 2.0524,
    "multiclassification_loss": 0.0,
    "ortho_loss": 0.0,
    "pearson": 0.6312,
    "regression_loss": 2.049,
    "rm2": 0.3933,
    "rmse": 1.4326,
    "sd": 1.401,
    "spearman": 0.6248,
    "spectral_loss": 0.0
}
                              
Test Results: {
    "ci": 0.7248,
    "classification_loss": 0.0,
    "cluster_loss": 0.0,
    "mae": 1.0649,
    "mse": 2.1137,
    "multiclassification_loss": 0.0,
    "ortho_loss": 0.0,
    "pearson": 0.6331,
    "regression_loss": 2.1134,
    "rm2": 0.3802,
    "rmse": 1.4538,
    "sd": 1.4365,
    "spearman": 0.6155,
    "spectral_loss": 0.0
}
                              
                              
----------------------------------------
Epoch 071 with LR 0.000100: Model Results
----------------------------------------
Train MSE Loss: 0.9114, Train CLS Loss: 0.0000, Train MCLS Loss: 0.0000
Protein Cluster Region Loss - Ortho Loss: 0.0000, Cluster Loss: 0.0000
                              
Validation Results: {
    "ci": 0.7214,
    "classification_loss": 0.0,
    "cluster_loss": 0.0,
    "mae": 1.0578,
    "mse": 2.1138,
    "multiclassification_loss": 0.0,
    "ortho_loss": 0.0,
    "pearson": 0.6117,
    "regression_loss": 2.1103,
    "rm2": 0.3502,
    "rmse": 1.4539,
    "sd": 1.429,
    "spearman": 0.6048,
    "spectral_loss": 0.0
}
                              
Test Results: {
    "ci": 0.7248,
    "classification_loss": 0.0,
    "cluster_loss": 0.0,
    "mae": 1.0649,
    "mse": 2.1137,
    "multiclassification_loss": 0.0,
    "ortho_loss": 0.0,
    "pearson": 0.6331,
    "regression_loss": 2.1134,
    "rm2": 0.3802,
    "rmse": 1.4538,
    "sd": 1.4365,
    "spearman": 0.6155,
    "spectral_loss": 0.0
}
                              
                              
----------------------------------------
Epoch 072 with LR 0.000100: Model Results
----------------------------------------
Train MSE Loss: 0.9167, Train CLS Loss: 0.0000, Train MCLS Loss: 0.0000
Protein Cluster Region Loss - Ortho Loss: 0.0000, Cluster Loss: 0.0000
                              
Validation Results: {
    "ci": 0.7318,
    "classification_loss": 0.0,
    "cluster_loss": 0.0,
    "mae": 1.0222,
    "mse": 2.0076,
    "multiclassification_loss": 0.0,
    "ortho_loss": 0.0,
    "pearson": 0.6355,
    "regression_loss": 2.0039,
    "rm2": 0.3812,
    "rmse": 1.4169,
    "sd": 1.3946,
    "spearman": 0.6298,
    "spectral_loss": 0.0
}
                              
Test Results: {
    "ci": 0.7336,
    "classification_loss": 0.0,
    "cluster_loss": 0.0,
    "mae": 1.0478,
    "mse": 2.0686,
    "multiclassification_loss": 0.0,
    "ortho_loss": 0.0,
    "pearson": 0.6441,
    "regression_loss": 2.068,
    "rm2": 0.3849,
    "rmse": 1.4383,
    "sd": 1.4195,
    "spearman": 0.6353,
    "spectral_loss": 0.0
}
                              
                              
----------------------------------------
Epoch 073 with LR 0.000100: Model Results
----------------------------------------
Train MSE Loss: 0.9137, Train CLS Loss: 0.0000, Train MCLS Loss: 0.0000
Protein Cluster Region Loss - Ortho Loss: 0.0000, Cluster Loss: 0.0000
                              
Validation Results: {
    "ci": 0.7269,
    "classification_loss": 0.0,
    "cluster_loss": 0.0,
    "mae": 1.0358,
    "mse": 2.0472,
    "multiclassification_loss": 0.0,
    "ortho_loss": 0.0,
    "pearson": 0.6226,
    "regression_loss": 2.044,
    "rm2": 0.3635,
    "rmse": 1.4308,
    "sd": 1.4135,
    "spearman": 0.6153,
    "spectral_loss": 0.0
}
                              
Test Results: {
    "ci": 0.7336,
    "classification_loss": 0.0,
    "cluster_loss": 0.0,
    "mae": 1.0478,
    "mse": 2.0686,
    "multiclassification_loss": 0.0,
    "ortho_loss": 0.0,
    "pearson": 0.6441,
    "regression_loss": 2.068,
    "rm2": 0.3849,
    "rmse": 1.4383,
    "sd": 1.4195,
    "spearman": 0.6353,
    "spectral_loss": 0.0
}
                              
                              
----------------------------------------
Epoch 074 with LR 0.000100: Model Results
----------------------------------------
Train MSE Loss: 0.9014, Train CLS Loss: 0.0000, Train MCLS Loss: 0.0000
Protein Cluster Region Loss - Ortho Loss: 0.0000, Cluster Loss: 0.0000
                              
Validation Results: {
    "ci": 0.7285,
    "classification_loss": 0.0,
    "cluster_loss": 0.0,
    "mae": 1.0286,
    "mse": 1.9891,
    "multiclassification_loss": 0.0,
    "ortho_loss": 0.0,
    "pearson": 0.6336,
    "regression_loss": 1.9859,
    "rm2": 0.3871,
    "rmse": 1.4103,
    "sd": 1.3974,
    "spearman": 0.6223,
    "spectral_loss": 0.0
}
                              
Test Results: {
    "ci": 0.7296,
    "classification_loss": 0.0,
    "cluster_loss": 0.0,
    "mae": 1.0517,
    "mse": 2.0633,
    "multiclassification_loss": 0.0,
    "ortho_loss": 0.0,
    "pearson": 0.6401,
    "regression_loss": 2.0636,
    "rm2": 0.3919,
    "rmse": 1.4364,
    "sd": 1.4257,
    "spearman": 0.6258,
    "spectral_loss": 0.0
}
                              
                              
----------------------------------------
Epoch 075 with LR 0.000100: Model Results
----------------------------------------
Train MSE Loss: 0.9052, Train CLS Loss: 0.0000, Train MCLS Loss: 0.0000
Protein Cluster Region Loss - Ortho Loss: 0.0000, Cluster Loss: 0.0000
                              
Validation Results: {
    "ci": 0.7321,
    "classification_loss": 0.0,
    "cluster_loss": 0.0,
    "mae": 1.0219,
    "mse": 2.0386,
    "multiclassification_loss": 0.0,
    "ortho_loss": 0.0,
    "pearson": 0.633,
    "regression_loss": 2.0351,
    "rm2": 0.3775,
    "rmse": 1.4278,
    "sd": 1.3983,
    "spearman": 0.6278,
    "spectral_loss": 0.0
}
                              
Test Results: {
    "ci": 0.7296,
    "classification_loss": 0.0,
    "cluster_loss": 0.0,
    "mae": 1.0517,
    "mse": 2.0633,
    "multiclassification_loss": 0.0,
    "ortho_loss": 0.0,
    "pearson": 0.6401,
    "regression_loss": 2.0636,
    "rm2": 0.3919,
    "rmse": 1.4364,
    "sd": 1.4257,
    "spearman": 0.6258,
    "spectral_loss": 0.0
}
                              
                              
----------------------------------------
Epoch 076 with LR 0.000100: Model Results
----------------------------------------
Train MSE Loss: 0.9077, Train CLS Loss: 0.0000, Train MCLS Loss: 0.0000
Protein Cluster Region Loss - Ortho Loss: 0.0000, Cluster Loss: 0.0000
                              
Validation Results: {
    "ci": 0.729,
    "classification_loss": 0.0,
    "cluster_loss": 0.0,
    "mae": 1.0323,
    "mse": 2.057,
    "multiclassification_loss": 0.0,
    "ortho_loss": 0.0,
    "pearson": 0.6296,
    "regression_loss": 2.0536,
    "rm2": 0.3773,
    "rmse": 1.4342,
    "sd": 1.4033,
    "spearman": 0.6235,
    "spectral_loss": 0.0
}
                              
Test Results: {
    "ci": 0.7296,
    "classification_loss": 0.0,
    "cluster_loss": 0.0,
    "mae": 1.0517,
    "mse": 2.0633,
    "multiclassification_loss": 0.0,
    "ortho_loss": 0.0,
    "pearson": 0.6401,
    "regression_loss": 2.0636,
    "rm2": 0.3919,
    "rmse": 1.4364,
    "sd": 1.4257,
    "spearman": 0.6258,
    "spectral_loss": 0.0
}
                              
                              
----------------------------------------
Epoch 077 with LR 0.000100: Model Results
----------------------------------------
Train MSE Loss: 0.8990, Train CLS Loss: 0.0000, Train MCLS Loss: 0.0000
Protein Cluster Region Loss - Ortho Loss: 0.0000, Cluster Loss: 0.0000
                              
Validation Results: {
    "ci": 0.7291,
    "classification_loss": 0.0,
    "cluster_loss": 0.0,
    "mae": 1.0332,
    "mse": 2.0903,
    "multiclassification_loss": 0.0,
    "ortho_loss": 0.0,
    "pearson": 0.6313,
    "regression_loss": 2.087,
    "rm2": 0.3985,
    "rmse": 1.4458,
    "sd": 1.4009,
    "spearman": 0.6227,
    "spectral_loss": 0.0
}
                              
Test Results: {
    "ci": 0.7296,
    "classification_loss": 0.0,
    "cluster_loss": 0.0,
    "mae": 1.0517,
    "mse": 2.0633,
    "multiclassification_loss": 0.0,
    "ortho_loss": 0.0,
    "pearson": 0.6401,
    "regression_loss": 2.0636,
    "rm2": 0.3919,
    "rmse": 1.4364,
    "sd": 1.4257,
    "spearman": 0.6258,
    "spectral_loss": 0.0
}
                              
                              
----------------------------------------
Epoch 078 with LR 0.000100: Model Results
----------------------------------------
Train MSE Loss: 0.8940, Train CLS Loss: 0.0000, Train MCLS Loss: 0.0000
Protein Cluster Region Loss - Ortho Loss: 0.0000, Cluster Loss: 0.0000
                              
Validation Results: {
    "ci": 0.7307,
    "classification_loss": 0.0,
    "cluster_loss": 0.0,
    "mae": 1.0298,
    "mse": 2.0944,
    "multiclassification_loss": 0.0,
    "ortho_loss": 0.0,
    "pearson": 0.6304,
    "regression_loss": 2.0908,
    "rm2": 0.3942,
    "rmse": 1.4472,
    "sd": 1.4022,
    "spearman": 0.6258,
    "spectral_loss": 0.0
}
                              
Test Results: {
    "ci": 0.7296,
    "classification_loss": 0.0,
    "cluster_loss": 0.0,
    "mae": 1.0517,
    "mse": 2.0633,
    "multiclassification_loss": 0.0,
    "ortho_loss": 0.0,
    "pearson": 0.6401,
    "regression_loss": 2.0636,
    "rm2": 0.3919,
    "rmse": 1.4364,
    "sd": 1.4257,
    "spearman": 0.6258,
    "spectral_loss": 0.0
}
                              
                              
----------------------------------------
Epoch 079 with LR 0.000100: Model Results
----------------------------------------
Train MSE Loss: 0.8925, Train CLS Loss: 0.0000, Train MCLS Loss: 0.0000
Protein Cluster Region Loss - Ortho Loss: 0.0000, Cluster Loss: 0.0000
                              
Validation Results: {
    "ci": 0.7315,
    "classification_loss": 0.0,
    "cluster_loss": 0.0,
    "mae": 1.0287,
    "mse": 2.0488,
    "multiclassification_loss": 0.0,
    "ortho_loss": 0.0,
    "pearson": 0.6347,
    "regression_loss": 2.0456,
    "rm2": 0.3956,
    "rmse": 1.4314,
    "sd": 1.3958,
    "spearman": 0.6295,
    "spectral_loss": 0.0
}
                              
Test Results: {
    "ci": 0.7296,
    "classification_loss": 0.0,
    "cluster_loss": 0.0,
    "mae": 1.0517,
    "mse": 2.0633,
    "multiclassification_loss": 0.0,
    "ortho_loss": 0.0,
    "pearson": 0.6401,
    "regression_loss": 2.0636,
    "rm2": 0.3919,
    "rmse": 1.4364,
    "sd": 1.4257,
    "spearman": 0.6258,
    "spectral_loss": 0.0
}
                              
                              
----------------------------------------
Epoch 080 with LR 0.000100: Model Results
----------------------------------------
Train MSE Loss: 0.8887, Train CLS Loss: 0.0000, Train MCLS Loss: 0.0000
Protein Cluster Region Loss - Ortho Loss: 0.0000, Cluster Loss: 0.0000
                              
Validation Results: {
    "ci": 0.7295,
    "classification_loss": 0.0,
    "cluster_loss": 0.0,
    "mae": 1.031,
    "mse": 2.031,
    "multiclassification_loss": 0.0,
    "ortho_loss": 0.0,
    "pearson": 0.6352,
    "regression_loss": 2.0285,
    "rm2": 0.4015,
    "rmse": 1.4251,
    "sd": 1.395,
    "spearman": 0.6249,
    "spectral_loss": 0.0
}
                              
Test Results: {
    "ci": 0.7296,
    "classification_loss": 0.0,
    "cluster_loss": 0.0,
    "mae": 1.0517,
    "mse": 2.0633,
    "multiclassification_loss": 0.0,
    "ortho_loss": 0.0,
    "pearson": 0.6401,
    "regression_loss": 2.0636,
    "rm2": 0.3919,
    "rmse": 1.4364,
    "sd": 1.4257,
    "spearman": 0.6258,
    "spectral_loss": 0.0
}
                              
                              
----------------------------------------
Epoch 081 with LR 0.000100: Model Results
----------------------------------------
Train MSE Loss: 0.8904, Train CLS Loss: 0.0000, Train MCLS Loss: 0.0000
Protein Cluster Region Loss - Ortho Loss: 0.0000, Cluster Loss: 0.0000
                              
Validation Results: {
    "ci": 0.7259,
    "classification_loss": 0.0,
    "cluster_loss": 0.0,
    "mae": 1.0412,
    "mse": 2.066,
    "multiclassification_loss": 0.0,
    "ortho_loss": 0.0,
    "pearson": 0.6263,
    "regression_loss": 2.0628,
    "rm2": 0.3894,
    "rmse": 1.4374,
    "sd": 1.4081,
    "spearman": 0.6153,
    "spectral_loss": 0.0
}
                              
Test Results: {
    "ci": 0.7296,
    "classification_loss": 0.0,
    "cluster_loss": 0.0,
    "mae": 1.0517,
    "mse": 2.0633,
    "multiclassification_loss": 0.0,
    "ortho_loss": 0.0,
    "pearson": 0.6401,
    "regression_loss": 2.0636,
    "rm2": 0.3919,
    "rmse": 1.4364,
    "sd": 1.4257,
    "spearman": 0.6258,
    "spectral_loss": 0.0
}
                              
                              
----------------------------------------
Epoch 082 with LR 0.000100: Model Results
----------------------------------------
Train MSE Loss: 0.8826, Train CLS Loss: 0.0000, Train MCLS Loss: 0.0000
Protein Cluster Region Loss - Ortho Loss: 0.0000, Cluster Loss: 0.0000
                              
Validation Results: {
    "ci": 0.7292,
    "classification_loss": 0.0,
    "cluster_loss": 0.0,
    "mae": 1.0311,
    "mse": 2.0262,
    "multiclassification_loss": 0.0,
    "ortho_loss": 0.0,
    "pearson": 0.6311,
    "regression_loss": 2.0234,
    "rm2": 0.3891,
    "rmse": 1.4235,
    "sd": 1.401,
    "spearman": 0.6236,
    "spectral_loss": 0.0
}
                              
Test Results: {
    "ci": 0.7296,
    "classification_loss": 0.0,
    "cluster_loss": 0.0,
    "mae": 1.0517,
    "mse": 2.0633,
    "multiclassification_loss": 0.0,
    "ortho_loss": 0.0,
    "pearson": 0.6401,
    "regression_loss": 2.0636,
    "rm2": 0.3919,
    "rmse": 1.4364,
    "sd": 1.4257,
    "spearman": 0.6258,
    "spectral_loss": 0.0
}
                              
                              
----------------------------------------
Epoch 083 with LR 0.000100: Model Results
----------------------------------------
Train MSE Loss: 0.8769, Train CLS Loss: 0.0000, Train MCLS Loss: 0.0000
Protein Cluster Region Loss - Ortho Loss: 0.0000, Cluster Loss: 0.0000
                              
Validation Results: {
    "ci": 0.7329,
    "classification_loss": 0.0,
    "cluster_loss": 0.0,
    "mae": 1.0267,
    "mse": 2.0372,
    "multiclassification_loss": 0.0,
    "ortho_loss": 0.0,
    "pearson": 0.6365,
    "regression_loss": 2.0334,
    "rm2": 0.4005,
    "rmse": 1.4273,
    "sd": 1.3931,
    "spearman": 0.6328,
    "spectral_loss": 0.0
}
                              
Test Results: {
    "ci": 0.7296,
    "classification_loss": 0.0,
    "cluster_loss": 0.0,
    "mae": 1.0517,
    "mse": 2.0633,
    "multiclassification_loss": 0.0,
    "ortho_loss": 0.0,
    "pearson": 0.6401,
    "regression_loss": 2.0636,
    "rm2": 0.3919,
    "rmse": 1.4364,
    "sd": 1.4257,
    "spearman": 0.6258,
    "spectral_loss": 0.0
}
                              
                              
----------------------------------------
Epoch 084 with LR 0.000100: Model Results
----------------------------------------
Train MSE Loss: 0.8850, Train CLS Loss: 0.0000, Train MCLS Loss: 0.0000
Protein Cluster Region Loss - Ortho Loss: 0.0000, Cluster Loss: 0.0000
                              
Validation Results: {
    "ci": 0.7281,
    "classification_loss": 0.0,
    "cluster_loss": 0.0,
    "mae": 1.0328,
    "mse": 2.097,
    "multiclassification_loss": 0.0,
    "ortho_loss": 0.0,
    "pearson": 0.6251,
    "regression_loss": 2.0934,
    "rm2": 0.3851,
    "rmse": 1.4481,
    "sd": 1.4098,
    "spearman": 0.6185,
    "spectral_loss": 0.0
}
                              
Test Results: {
    "ci": 0.7296,
    "classification_loss": 0.0,
    "cluster_loss": 0.0,
    "mae": 1.0517,
    "mse": 2.0633,
    "multiclassification_loss": 0.0,
    "ortho_loss": 0.0,
    "pearson": 0.6401,
    "regression_loss": 2.0636,
    "rm2": 0.3919,
    "rmse": 1.4364,
    "sd": 1.4257,
    "spearman": 0.6258,
    "spectral_loss": 0.0
}
                              
                              
----------------------------------------
Epoch 085 with LR 0.000100: Model Results
----------------------------------------
Train MSE Loss: 0.8731, Train CLS Loss: 0.0000, Train MCLS Loss: 0.0000
Protein Cluster Region Loss - Ortho Loss: 0.0000, Cluster Loss: 0.0000
                              
Validation Results: {
    "ci": 0.7261,
    "classification_loss": 0.0,
    "cluster_loss": 0.0,
    "mae": 1.0416,
    "mse": 2.1386,
    "multiclassification_loss": 0.0,
    "ortho_loss": 0.0,
    "pearson": 0.62,
    "regression_loss": 2.1349,
    "rm2": 0.3812,
    "rmse": 1.4624,
    "sd": 1.4172,
    "spearman": 0.614,
    "spectral_loss": 0.0
}
                              
Test Results: {
    "ci": 0.7296,
    "classification_loss": 0.0,
    "cluster_loss": 0.0,
    "mae": 1.0517,
    "mse": 2.0633,
    "multiclassification_loss": 0.0,
    "ortho_loss": 0.0,
    "pearson": 0.6401,
    "regression_loss": 2.0636,
    "rm2": 0.3919,
    "rmse": 1.4364,
    "sd": 1.4257,
    "spearman": 0.6258,
    "spectral_loss": 0.0
}
                              
                              
----------------------------------------
Epoch 086 with LR 0.000100: Model Results
----------------------------------------
Train MSE Loss: 0.8713, Train CLS Loss: 0.0000, Train MCLS Loss: 0.0000
Protein Cluster Region Loss - Ortho Loss: 0.0000, Cluster Loss: 0.0000
                              
Validation Results: {
    "ci": 0.7289,
    "classification_loss": 0.0,
    "cluster_loss": 0.0,
    "mae": 1.0293,
    "mse": 2.0521,
    "multiclassification_loss": 0.0,
    "ortho_loss": 0.0,
    "pearson": 0.6278,
    "regression_loss": 2.0491,
    "rm2": 0.3767,
    "rmse": 1.4325,
    "sd": 1.4059,
    "spearman": 0.622,
    "spectral_loss": 0.0
}
                              
Test Results: {
    "ci": 0.7296,
    "classification_loss": 0.0,
    "cluster_loss": 0.0,
    "mae": 1.0517,
    "mse": 2.0633,
    "multiclassification_loss": 0.0,
    "ortho_loss": 0.0,
    "pearson": 0.6401,
    "regression_loss": 2.0636,
    "rm2": 0.3919,
    "rmse": 1.4364,
    "sd": 1.4257,
    "spearman": 0.6258,
    "spectral_loss": 0.0
}
                              
                              
----------------------------------------
Epoch 087 with LR 0.000100: Model Results
----------------------------------------
Train MSE Loss: 0.8689, Train CLS Loss: 0.0000, Train MCLS Loss: 0.0000
Protein Cluster Region Loss - Ortho Loss: 0.0000, Cluster Loss: 0.0000
                              
Validation Results: {
    "ci": 0.7315,
    "classification_loss": 0.0,
    "cluster_loss": 0.0,
    "mae": 1.0182,
    "mse": 2.0444,
    "multiclassification_loss": 0.0,
    "ortho_loss": 0.0,
    "pearson": 0.6345,
    "regression_loss": 2.0403,
    "rm2": 0.4004,
    "rmse": 1.4298,
    "sd": 1.3961,
    "spearman": 0.6264,
    "spectral_loss": 0.0
}
                              
Test Results: {
    "ci": 0.7296,
    "classification_loss": 0.0,
    "cluster_loss": 0.0,
    "mae": 1.0517,
    "mse": 2.0633,
    "multiclassification_loss": 0.0,
    "ortho_loss": 0.0,
    "pearson": 0.6401,
    "regression_loss": 2.0636,
    "rm2": 0.3919,
    "rmse": 1.4364,
    "sd": 1.4257,
    "spearman": 0.6258,
    "spectral_loss": 0.0
}
                              
                              
----------------------------------------
Epoch 088 with LR 0.000100: Model Results
----------------------------------------
Train MSE Loss: 0.8633, Train CLS Loss: 0.0000, Train MCLS Loss: 0.0000
Protein Cluster Region Loss - Ortho Loss: 0.0000, Cluster Loss: 0.0000
                              
Validation Results: {
    "ci": 0.7251,
    "classification_loss": 0.0,
    "cluster_loss": 0.0,
    "mae": 1.0427,
    "mse": 2.0794,
    "multiclassification_loss": 0.0,
    "ortho_loss": 0.0,
    "pearson": 0.6259,
    "regression_loss": 2.0761,
    "rm2": 0.3917,
    "rmse": 1.442,
    "sd": 1.4087,
    "spearman": 0.6153,
    "spectral_loss": 0.0
}
                              
Test Results: {
    "ci": 0.7296,
    "classification_loss": 0.0,
    "cluster_loss": 0.0,
    "mae": 1.0517,
    "mse": 2.0633,
    "multiclassification_loss": 0.0,
    "ortho_loss": 0.0,
    "pearson": 0.6401,
    "regression_loss": 2.0636,
    "rm2": 0.3919,
    "rmse": 1.4364,
    "sd": 1.4257,
    "spearman": 0.6258,
    "spectral_loss": 0.0
}
                              
                              
----------------------------------------
Epoch 089 with LR 0.000100: Model Results
----------------------------------------
Train MSE Loss: 0.8621, Train CLS Loss: 0.0000, Train MCLS Loss: 0.0000
Protein Cluster Region Loss - Ortho Loss: 0.0000, Cluster Loss: 0.0000
                              
Validation Results: {
    "ci": 0.7322,
    "classification_loss": 0.0,
    "cluster_loss": 0.0,
    "mae": 1.0228,
    "mse": 2.0485,
    "multiclassification_loss": 0.0,
    "ortho_loss": 0.0,
    "pearson": 0.6369,
    "regression_loss": 2.0447,
    "rm2": 0.3985,
    "rmse": 1.4313,
    "sd": 1.3925,
    "spearman": 0.63,
    "spectral_loss": 0.0
}
                              
Test Results: {
    "ci": 0.7296,
    "classification_loss": 0.0,
    "cluster_loss": 0.0,
    "mae": 1.0517,
    "mse": 2.0633,
    "multiclassification_loss": 0.0,
    "ortho_loss": 0.0,
    "pearson": 0.6401,
    "regression_loss": 2.0636,
    "rm2": 0.3919,
    "rmse": 1.4364,
    "sd": 1.4257,
    "spearman": 0.6258,
    "spectral_loss": 0.0
}
                              
                              
----------------------------------------
Epoch 090 with LR 0.000100: Model Results
----------------------------------------
Train MSE Loss: 0.8546, Train CLS Loss: 0.0000, Train MCLS Loss: 0.0000
Protein Cluster Region Loss - Ortho Loss: 0.0000, Cluster Loss: 0.0000
                              
Validation Results: {
    "ci": 0.7318,
    "classification_loss": 0.0,
    "cluster_loss": 0.0,
    "mae": 1.0335,
    "mse": 2.0782,
    "multiclassification_loss": 0.0,
    "ortho_loss": 0.0,
    "pearson": 0.6377,
    "regression_loss": 2.0743,
    "rm2": 0.4042,
    "rmse": 1.4416,
    "sd": 1.3913,
    "spearman": 0.6308,
    "spectral_loss": 0.0
}
                              
Test Results: {
    "ci": 0.7296,
    "classification_loss": 0.0,
    "cluster_loss": 0.0,
    "mae": 1.0517,
    "mse": 2.0633,
    "multiclassification_loss": 0.0,
    "ortho_loss": 0.0,
    "pearson": 0.6401,
    "regression_loss": 2.0636,
    "rm2": 0.3919,
    "rmse": 1.4364,
    "sd": 1.4257,
    "spearman": 0.6258,
    "spectral_loss": 0.0
}
                              
                              
----------------------------------------
Epoch 091 with LR 0.000100: Model Results
----------------------------------------
Train MSE Loss: 0.8579, Train CLS Loss: 0.0000, Train MCLS Loss: 0.0000
Protein Cluster Region Loss - Ortho Loss: 0.0000, Cluster Loss: 0.0000
                              
Validation Results: {
    "ci": 0.7297,
    "classification_loss": 0.0,
    "cluster_loss": 0.0,
    "mae": 1.0291,
    "mse": 2.0684,
    "multiclassification_loss": 0.0,
    "ortho_loss": 0.0,
    "pearson": 0.6272,
    "regression_loss": 2.0651,
    "rm2": 0.372,
    "rmse": 1.4382,
    "sd": 1.4069,
    "spearman": 0.6224,
    "spectral_loss": 0.0
}
                              
Test Results: {
    "ci": 0.7296,
    "classification_loss": 0.0,
    "cluster_loss": 0.0,
    "mae": 1.0517,
    "mse": 2.0633,
    "multiclassification_loss": 0.0,
    "ortho_loss": 0.0,
    "pearson": 0.6401,
    "regression_loss": 2.0636,
    "rm2": 0.3919,
    "rmse": 1.4364,
    "sd": 1.4257,
    "spearman": 0.6258,
    "spectral_loss": 0.0
}
                              
                              
----------------------------------------
Epoch 092 with LR 0.000100: Model Results
----------------------------------------
Train MSE Loss: 0.8513, Train CLS Loss: 0.0000, Train MCLS Loss: 0.0000
Protein Cluster Region Loss - Ortho Loss: 0.0000, Cluster Loss: 0.0000
                              
Validation Results: {
    "ci": 0.728,
    "classification_loss": 0.0,
    "cluster_loss": 0.0,
    "mae": 1.0281,
    "mse": 2.0441,
    "multiclassification_loss": 0.0,
    "ortho_loss": 0.0,
    "pearson": 0.6289,
    "regression_loss": 2.0401,
    "rm2": 0.3718,
    "rmse": 1.4297,
    "sd": 1.4044,
    "spearman": 0.6179,
    "spectral_loss": 0.0
}
                              
Test Results: {
    "ci": 0.7296,
    "classification_loss": 0.0,
    "cluster_loss": 0.0,
    "mae": 1.0517,
    "mse": 2.0633,
    "multiclassification_loss": 0.0,
    "ortho_loss": 0.0,
    "pearson": 0.6401,
    "regression_loss": 2.0636,
    "rm2": 0.3919,
    "rmse": 1.4364,
    "sd": 1.4257,
    "spearman": 0.6258,
    "spectral_loss": 0.0
}
                              
                              
----------------------------------------
Epoch 093 with LR 0.000100: Model Results
----------------------------------------
Train MSE Loss: 0.8524, Train CLS Loss: 0.0000, Train MCLS Loss: 0.0000
Protein Cluster Region Loss - Ortho Loss: 0.0000, Cluster Loss: 0.0000
                              
Validation Results: {
    "ci": 0.7295,
    "classification_loss": 0.0,
    "cluster_loss": 0.0,
    "mae": 1.0321,
    "mse": 2.0457,
    "multiclassification_loss": 0.0,
    "ortho_loss": 0.0,
    "pearson": 0.629,
    "regression_loss": 2.0426,
    "rm2": 0.368,
    "rmse": 1.4303,
    "sd": 1.4041,
    "spearman": 0.6226,
    "spectral_loss": 0.0
}
                              
Test Results: {
    "ci": 0.7296,
    "classification_loss": 0.0,
    "cluster_loss": 0.0,
    "mae": 1.0517,
    "mse": 2.0633,
    "multiclassification_loss": 0.0,
    "ortho_loss": 0.0,
    "pearson": 0.6401,
    "regression_loss": 2.0636,
    "rm2": 0.3919,
    "rmse": 1.4364,
    "sd": 1.4257,
    "spearman": 0.6258,
    "spectral_loss": 0.0
}
                              
                              
----------------------------------------
Epoch 094 with LR 0.000100: Model Results
----------------------------------------
Train MSE Loss: 0.8448, Train CLS Loss: 0.0000, Train MCLS Loss: 0.0000
Protein Cluster Region Loss - Ortho Loss: 0.0000, Cluster Loss: 0.0000
                              
Validation Results: {
    "ci": 0.7299,
    "classification_loss": 0.0,
    "cluster_loss": 0.0,
    "mae": 1.03,
    "mse": 2.0613,
    "multiclassification_loss": 0.0,
    "ortho_loss": 0.0,
    "pearson": 0.6312,
    "regression_loss": 2.0586,
    "rm2": 0.3787,
    "rmse": 1.4357,
    "sd": 1.401,
    "spearman": 0.6247,
    "spectral_loss": 0.0
}
                              
Test Results: {
    "ci": 0.7296,
    "classification_loss": 0.0,
    "cluster_loss": 0.0,
    "mae": 1.0517,
    "mse": 2.0633,
    "multiclassification_loss": 0.0,
    "ortho_loss": 0.0,
    "pearson": 0.6401,
    "regression_loss": 2.0636,
    "rm2": 0.3919,
    "rmse": 1.4364,
    "sd": 1.4257,
    "spearman": 0.6258,
    "spectral_loss": 0.0
}
                              
                              
----------------------------------------
Epoch 095 with LR 0.000100: Model Results
----------------------------------------
Train MSE Loss: 0.8508, Train CLS Loss: 0.0000, Train MCLS Loss: 0.0000
Protein Cluster Region Loss - Ortho Loss: 0.0000, Cluster Loss: 0.0000
                              
Validation Results: {
    "ci": 0.7323,
    "classification_loss": 0.0,
    "cluster_loss": 0.0,
    "mae": 1.0248,
    "mse": 2.0742,
    "multiclassification_loss": 0.0,
    "ortho_loss": 0.0,
    "pearson": 0.6352,
    "regression_loss": 2.0716,
    "rm2": 0.3947,
    "rmse": 1.4402,
    "sd": 1.395,
    "spearman": 0.6304,
    "spectral_loss": 0.0
}
                              
Test Results: {
    "ci": 0.7296,
    "classification_loss": 0.0,
    "cluster_loss": 0.0,
    "mae": 1.0517,
    "mse": 2.0633,
    "multiclassification_loss": 0.0,
    "ortho_loss": 0.0,
    "pearson": 0.6401,
    "regression_loss": 2.0636,
    "rm2": 0.3919,
    "rmse": 1.4364,
    "sd": 1.4257,
    "spearman": 0.6258,
    "spectral_loss": 0.0
}
                              
                              
----------------------------------------
Epoch 096 with LR 0.000100: Model Results
----------------------------------------
Train MSE Loss: 0.8436, Train CLS Loss: 0.0000, Train MCLS Loss: 0.0000
Protein Cluster Region Loss - Ortho Loss: 0.0000, Cluster Loss: 0.0000
                              
Validation Results: {
    "ci": 0.7332,
    "classification_loss": 0.0,
    "cluster_loss": 0.0,
    "mae": 1.0174,
    "mse": 1.9993,
    "multiclassification_loss": 0.0,
    "ortho_loss": 0.0,
    "pearson": 0.6383,
    "regression_loss": 1.9966,
    "rm2": 0.38,
    "rmse": 1.414,
    "sd": 1.3904,
    "spearman": 0.6305,
    "spectral_loss": 0.0
}
                              
Test Results: {
    "ci": 0.7296,
    "classification_loss": 0.0,
    "cluster_loss": 0.0,
    "mae": 1.0517,
    "mse": 2.0633,
    "multiclassification_loss": 0.0,
    "ortho_loss": 0.0,
    "pearson": 0.6401,
    "regression_loss": 2.0636,
    "rm2": 0.3919,
    "rmse": 1.4364,
    "sd": 1.4257,
    "spearman": 0.6258,
    "spectral_loss": 0.0
}
                              
                              
----------------------------------------
Epoch 097 with LR 0.000100: Model Results
----------------------------------------
Train MSE Loss: 0.8383, Train CLS Loss: 0.0000, Train MCLS Loss: 0.0000
Protein Cluster Region Loss - Ortho Loss: 0.0000, Cluster Loss: 0.0000
                              
Validation Results: {
    "ci": 0.7282,
    "classification_loss": 0.0,
    "cluster_loss": 0.0,
    "mae": 1.0359,
    "mse": 2.0713,
    "multiclassification_loss": 0.0,
    "ortho_loss": 0.0,
    "pearson": 0.6331,
    "regression_loss": 2.0686,
    "rm2": 0.3758,
    "rmse": 1.4392,
    "sd": 1.3981,
    "spearman": 0.6206,
    "spectral_loss": 0.0
}
                              
Test Results: {
    "ci": 0.7296,
    "classification_loss": 0.0,
    "cluster_loss": 0.0,
    "mae": 1.0517,
    "mse": 2.0633,
    "multiclassification_loss": 0.0,
    "ortho_loss": 0.0,
    "pearson": 0.6401,
    "regression_loss": 2.0636,
    "rm2": 0.3919,
    "rmse": 1.4364,
    "sd": 1.4257,
    "spearman": 0.6258,
    "spectral_loss": 0.0
}
                              
                              
----------------------------------------
Epoch 098 with LR 0.000100: Model Results
----------------------------------------
Train MSE Loss: 0.8354, Train CLS Loss: 0.0000, Train MCLS Loss: 0.0000
Protein Cluster Region Loss - Ortho Loss: 0.0000, Cluster Loss: 0.0000
                              
Validation Results: {
    "ci": 0.7324,
    "classification_loss": 0.0,
    "cluster_loss": 0.0,
    "mae": 1.0232,
    "mse": 2.0312,
    "multiclassification_loss": 0.0,
    "ortho_loss": 0.0,
    "pearson": 0.6374,
    "regression_loss": 2.0276,
    "rm2": 0.398,
    "rmse": 1.4252,
    "sd": 1.3918,
    "spearman": 0.6307,
    "spectral_loss": 0.0
}
                              
Test Results: {
    "ci": 0.7296,
    "classification_loss": 0.0,
    "cluster_loss": 0.0,
    "mae": 1.0517,
    "mse": 2.0633,
    "multiclassification_loss": 0.0,
    "ortho_loss": 0.0,
    "pearson": 0.6401,
    "regression_loss": 2.0636,
    "rm2": 0.3919,
    "rmse": 1.4364,
    "sd": 1.4257,
    "spearman": 0.6258,
    "spectral_loss": 0.0
}
                              
                              
----------------------------------------
Epoch 099 with LR 0.000100: Model Results
----------------------------------------
Train MSE Loss: 0.8297, Train CLS Loss: 0.0000, Train MCLS Loss: 0.0000
Protein Cluster Region Loss - Ortho Loss: 0.0000, Cluster Loss: 0.0000
                              
Validation Results: {
    "ci": 0.7296,
    "classification_loss": 0.0,
    "cluster_loss": 0.0,
    "mae": 1.0254,
    "mse": 2.0549,
    "multiclassification_loss": 0.0,
    "ortho_loss": 0.0,
    "pearson": 0.6304,
    "regression_loss": 2.0509,
    "rm2": 0.3822,
    "rmse": 1.4335,
    "sd": 1.4022,
    "spearman": 0.6217,
    "spectral_loss": 0.0
}
                              
Test Results: {
    "ci": 0.7296,
    "classification_loss": 0.0,
    "cluster_loss": 0.0,
    "mae": 1.0517,
    "mse": 2.0633,
    "multiclassification_loss": 0.0,
    "ortho_loss": 0.0,
    "pearson": 0.6401,
    "regression_loss": 2.0636,
    "rm2": 0.3919,
    "rmse": 1.4364,
    "sd": 1.4257,
    "spearman": 0.6258,
    "spectral_loss": 0.0
}
                              
                              
----------------------------------------
Epoch 100 with LR 0.000100: Model Results
----------------------------------------
Train MSE Loss: 0.8281, Train CLS Loss: 0.0000, Train MCLS Loss: 0.0000
Protein Cluster Region Loss - Ortho Loss: 0.0000, Cluster Loss: 0.0000
                              
Validation Results: {
    "ci": 0.7321,
    "classification_loss": 0.0,
    "cluster_loss": 0.0,
    "mae": 1.0245,
    "mse": 2.0522,
    "multiclassification_loss": 0.0,
    "ortho_loss": 0.0,
    "pearson": 0.6349,
    "regression_loss": 2.0486,
    "rm2": 0.3836,
    "rmse": 1.4326,
    "sd": 1.3955,
    "spearman": 0.6282,
    "spectral_loss": 0.0
}
                              
Test Results: {
    "ci": 0.7296,
    "classification_loss": 0.0,
    "cluster_loss": 0.0,
    "mae": 1.0517,
    "mse": 2.0633,
    "multiclassification_loss": 0.0,
    "ortho_loss": 0.0,
    "pearson": 0.6401,
    "regression_loss": 2.0636,
    "rm2": 0.3919,
    "rmse": 1.4364,
    "sd": 1.4257,
    "spearman": 0.6258,
    "spectral_loss": 0.0
}
[best epoch] epoch=74, best_rmse=1.4103, lr_at_best=1.000e-04
                              
                              
----------------------------------------
Epoch 100 with LR 0.000100: Model Results
----------------------------------------
Train MSE Loss: 0.8281, Train CLS Loss: 0.0000, Train MCLS Loss: 0.0000
Protein Cluster Region Loss - Ortho Loss: 0.0000, Cluster Loss: 0.0000
                              
Validation Results: {
    "ci": 0.7321,
    "classification_loss": 0.0,
    "cluster_loss": 0.0,
    "mae": 1.0245,
    "mse": 2.0522,
    "multiclassification_loss": 0.0,
    "ortho_loss": 0.0,
    "pearson": 0.6349,
    "regression_loss": 2.0486,
    "rm2": 0.3836,
    "rmse": 1.4326,
    "sd": 1.3955,
    "spearman": 0.6282,
    "spectral_loss": 0.0
}
                              
Test Results: {
    "ci": 0.7296,
    "classification_loss": 0.0,
    "cluster_loss": 0.0,
    "mae": 1.0517,
    "mse": 2.0633,
    "multiclassification_loss": 0.0,
    "ortho_loss": 0.0,
    "pearson": 0.6401,
    "regression_loss": 2.0636,
    "rm2": 0.3919,
    "rmse": 1.4364,
    "sd": 1.4257,
    "spearman": 0.6258,
    "spectral_loss": 0.0
}
Final test metrics: rmse=1.4364, pearson=0.6401, r2_proxy(mse)=2.0633
Done. Predictions: /sc/arion/projects/DiseaseGeneCell/Huang_lab_project/wangcDrugRepoProject/TRACE_Kin_Results_v3/EITLEM_dataset/EITLEM_kkm_ProteinCLIP_embedding_random/test_prediction_seed2.csv; checkpoint: /sc/arion/projects/DiseaseGeneCell/Huang_lab_project/wangcDrugRepoProject/TRACE_Kin_Results_v3/EITLEM_dataset/EITLEM_kkm_ProteinCLIP_embedding_random/save_model_seed2/model.pt

==========================================
Array task 9/14: OK (EITLEM_kkm_ProteinCLIP_embedding_random)
==========================================


PS:

Read file <242614933.9.stderr> for stderr output of this job.

