Sender: LSF System <lsfadmin@lg03e10>
Subject: Job 242654214[10]: <trace_kin_v3_lean_s2[6-11]> in cluster <chimera> Done

Job <trace_kin_v3_lean_s2[6-11]> was submitted from host <li04e03> by user <wangc40> in cluster <chimera> at Sat May  9 10:48:59 2026
Job was executed on host(s) <16*lg03e10>, in queue <gpu>, as user <wangc40> in cluster <chimera> at Sat May  9 10:49:01 2026
</hpc/users/wangc40> was used as the home directory.
</sc/arion/projects/DiseaseGeneCell/Huang_lab_project/wangcDrugRepoProject/TRACE-Kin> was used as the working directory.
Started at Sat May  9 10:49:01 2026
Terminated at Sat May  9 13:00:14 2026
Results reported at Sat May  9 13:00:14 2026

Your job looked like:

------------------------------------------------------------
# LSBATCH: User input
#!/bin/bash
#BSUB -J trace_kin_v3_lean_s2[6-11]
#BSUB -P acc_DiseaseGeneCell
#BSUB -q gpu
#BSUB -R h100nvl
#BSUB -gpu num=1
#BSUB -n 16
#BSUB -R "rusage[mem=8000]"
#BSUB -R "span[hosts=1]"
#BSUB -W 48:00
#BSUB -o %J.%I.stdout
#BSUB -eo %J.%I.stderr
#BSUB -L /bin/bash

# =============================================================================
# TRACE-Kin v3 rerun — LSF job array
# =============================================================================
# Submit with:
#     bsub < training/run_v3_array.lsf
#
# Or chain off the smoke test (recommended):
#     bsub -w "done(<SMOKE_JOB_ID>)" < training/run_v3_array.lsf
#
# For the multi-seed ensemble (the paper config), submit additional seeds in
# parallel after the SEED=1 array completes (or alongside, as separate jobs):
#     SEED=2 bsub -J "trace_kin_v3_s2[1-14]" < training/run_v3_array.lsf
#     SEED=3 bsub -J "trace_kin_v3_s3[1-14]" < training/run_v3_array.lsf
# After all seeds finish, analysis/aggregate_results.py averages predictions
# across seeds before computing RMSE.
#
# LSF expands #BSUB -J trace_kin_v3[1-14] into 14 array tasks, each with a
# distinct ${LSB_JOBINDEX} in 1..14. The body looks up the per-index
# (dataset_source, dataset_name, pool_paths) tuple from the inline table below
# and invokes train_trace_kin.py with model_version=v3.
#
# The 14 tasks correspond to:
#   * 12 RF-gap targets (catalytic kinetics where v1 trails RF by 1.4%–8.7%)
#   * 2 Ki preservation guards (where v1 already wins, must not regress)
# =============================================================================

# --- Environment -------------------------------------------------------------
# Match the prologue of the proven-working PSICHIC LSFs verbatim — no
# `set -euo pipefail`. Mount Sinai's /etc/profile.d scripts return non-zero
# in places that aren't real errors, and errexit aborts the job before
# module + conda activation can complete.
ml purge
source ~/.bashrc
module load anaconda3/2024.06
source activate test
module load cuda/12.4.0

(... more ...)
------------------------------------------------------------

Successfully completed.

Resource usage summary:

    CPU time :                                   8466.00 sec.
    Max Memory :                                 58340 MB
    Average Memory :                             57376.83 MB
    Total Requested Memory :                     128000.00 MB
    Delta Memory :                               69660.00 MB
    Max Swap :                                   -
    Max Processes :                              4
    Max Threads :                                20
    Run time :                                   7873 sec.
    Turnaround time :                            7875 sec.

The output (if any) follows:

==========================================
TRACE-Kin v3 array task 10/14
==========================================
Date:        Sat May  9 10:49:05 EDT 2026
Dataset:     /sc/arion/projects/DiseaseGeneCell/Huang_lab_project/drug_discovery/output/data/enzyme_embeddings_dataset/EITLEM_dataset/EITLEM_kkm_MUTAPLM_embedding_cold_drug
Result:      /sc/arion/projects/DiseaseGeneCell/Huang_lab_project/wangcDrugRepoProject/TRACE_Kin_Results_v3_lean/EITLEM_dataset/EITLEM_kkm_MUTAPLM_embedding_cold_drug
Config:      training/config_v3_gnn_lean.json
Pool CSVs:   (none)
Model:       v3 GATE-LEAN (gate_init_bias=2.0)
Epochs:      100, batch=16, seed=2, lr=1e-4
==========================================
Python 3.12.2
Python: /sc/arion/work/wangc40/test-env/envs/test/bin/python
CUDA device: NVIDIA H100 80GB HBM3, sm_90
============================================================
TRACE-Kin training
============================================================
Datafolder:        /sc/arion/projects/DiseaseGeneCell/Huang_lab_project/drug_discovery/output/data/enzyme_embeddings_dataset/EITLEM_dataset/EITLEM_kkm_MUTAPLM_embedding_cold_drug
Result path:       /sc/arion/projects/DiseaseGeneCell/Huang_lab_project/wangcDrugRepoProject/TRACE_Kin_Results_v3_lean/EITLEM_dataset/EITLEM_kkm_MUTAPLM_embedding_cold_drug
Config:            training/config_v3_gnn_lean.json
Pool train CSVs:   (none)
============================================================
Loading primary train: /sc/arion/projects/DiseaseGeneCell/Huang_lab_project/drug_discovery/output/data/enzyme_embeddings_dataset/EITLEM_dataset/EITLEM_kkm_MUTAPLM_embedding_cold_drug/train.parquet
Loading primary test: /sc/arion/projects/DiseaseGeneCell/Huang_lab_project/drug_discovery/output/data/enzyme_embeddings_dataset/EITLEM_dataset/EITLEM_kkm_MUTAPLM_embedding_cold_drug/test.parquet
Loading primary val: /sc/arion/projects/DiseaseGeneCell/Huang_lab_project/drug_discovery/output/data/enzyme_embeddings_dataset/EITLEM_dataset/EITLEM_kkm_MUTAPLM_embedding_cold_drug/val.parquet
Detected prot_evo_channels = 4096
seq2feat: 6607 unique sequences.
model_version: v3, use_swa: False
Reusing protein cache: /sc/arion/projects/DiseaseGeneCell/Huang_lab_project/drug_discovery/output/data/enzyme_embeddings_dataset/EITLEM_dataset/EITLEM_kkm_MUTAPLM_embedding_cold_drug/protein.pt
Reusing ligand cache: /sc/arion/projects/DiseaseGeneCell/Huang_lab_project/drug_discovery/output/data/enzyme_embeddings_dataset/EITLEM_dataset/EITLEM_kkm_MUTAPLM_embedding_cold_drug/ligand.pt
loaders ready: train=610 test=156 val=93
Built TraceKinV3 with 10,724,891 parameters
[LR schedule] schedule_lr=False, lrate=0.0001, min_lrate=0, warmup_iters=0, lr_decay_iters=61000, total_iters=61000
Not in terminal, reprint now using normal build-in print function.
                              
                              
----------------------------------------
Epoch 001 with LR 0.000100: Model Results
----------------------------------------
Train MSE Loss: 2.6961, Train CLS Loss: 0.0000, Train MCLS Loss: 0.0000
Protein Cluster Region Loss - Ortho Loss: 0.0000, Cluster Loss: 0.0000
                              
Validation Results: {
    "ci": 0.6487,
    "classification_loss": 0.0,
    "cluster_loss": 0.0,
    "mae": 1.2643,
    "mse": 2.5878,
    "multiclassification_loss": 0.0,
    "ortho_loss": 0.0,
    "pearson": 0.4684,
    "regression_loss": 2.5903,
    "rm2": 0.2121,
    "rmse": 1.6087,
    "sd": 1.6045,
    "spearman": 0.4343,
    "spectral_loss": 0.0
}
                              
Test Results: {
    "ci": 0.6275,
    "classification_loss": 0.0,
    "cluster_loss": 0.0,
    "mae": 1.212,
    "mse": 2.3962,
    "multiclassification_loss": 0.0,
    "ortho_loss": 0.0,
    "pearson": 0.3978,
    "regression_loss": 2.3909,
    "rm2": 0.1574,
    "rmse": 1.548,
    "sd": 1.5478,
    "spearman": 0.3693,
    "spectral_loss": 0.0
}
                              
                              
----------------------------------------
Epoch 002 with LR 0.000100: Model Results
----------------------------------------
Train MSE Loss: 2.0278, Train CLS Loss: 0.0000, Train MCLS Loss: 0.0000
Protein Cluster Region Loss - Ortho Loss: 0.0000, Cluster Loss: 0.0000
                              
Validation Results: {
    "ci": 0.6789,
    "classification_loss": 0.0,
    "cluster_loss": 0.0,
    "mae": 1.2146,
    "mse": 2.4272,
    "multiclassification_loss": 0.0,
    "ortho_loss": 0.0,
    "pearson": 0.5313,
    "regression_loss": 2.4372,
    "rm2": 0.2695,
    "rmse": 1.558,
    "sd": 1.5386,
    "spearman": 0.5072,
    "spectral_loss": 0.0
}
                              
Test Results: {
    "ci": 0.6388,
    "classification_loss": 0.0,
    "cluster_loss": 0.0,
    "mae": 1.2107,
    "mse": 2.4267,
    "multiclassification_loss": 0.0,
    "ortho_loss": 0.0,
    "pearson": 0.4398,
    "regression_loss": 2.4214,
    "rm2": 0.1914,
    "rmse": 1.5578,
    "sd": 1.5151,
    "spearman": 0.399,
    "spectral_loss": 0.0
}
                              
                              
----------------------------------------
Epoch 003 with LR 0.000100: Model Results
----------------------------------------
Train MSE Loss: 1.7092, Train CLS Loss: 0.0000, Train MCLS Loss: 0.0000
Protein Cluster Region Loss - Ortho Loss: 0.0000, Cluster Loss: 0.0000
                              
Validation Results: {
    "ci": 0.6847,
    "classification_loss": 0.0,
    "cluster_loss": 0.0,
    "mae": 1.1758,
    "mse": 2.3058,
    "multiclassification_loss": 0.0,
    "ortho_loss": 0.0,
    "pearson": 0.5525,
    "regression_loss": 2.3255,
    "rm2": 0.3035,
    "rmse": 1.5185,
    "sd": 1.5137,
    "spearman": 0.5277,
    "spectral_loss": 0.0
}
                              
Test Results: {
    "ci": 0.6434,
    "classification_loss": 0.0,
    "cluster_loss": 0.0,
    "mae": 1.1784,
    "mse": 2.3157,
    "multiclassification_loss": 0.0,
    "ortho_loss": 0.0,
    "pearson": 0.4578,
    "regression_loss": 2.314,
    "rm2": 0.2058,
    "rmse": 1.5217,
    "sd": 1.4998,
    "spearman": 0.4111,
    "spectral_loss": 0.0
}
                              
                              
----------------------------------------
Epoch 004 with LR 0.000100: Model Results
----------------------------------------
Train MSE Loss: 1.5062, Train CLS Loss: 0.0000, Train MCLS Loss: 0.0000
Protein Cluster Region Loss - Ortho Loss: 0.0000, Cluster Loss: 0.0000
                              
Validation Results: {
    "ci": 0.6999,
    "classification_loss": 0.0,
    "cluster_loss": 0.0,
    "mae": 1.1197,
    "mse": 2.171,
    "multiclassification_loss": 0.0,
    "ortho_loss": 0.0,
    "pearson": 0.5861,
    "regression_loss": 2.2087,
    "rm2": 0.3341,
    "rmse": 1.4734,
    "sd": 1.4714,
    "spearman": 0.5609,
    "spectral_loss": 0.0
}
                              
Test Results: {
    "ci": 0.6587,
    "classification_loss": 0.0,
    "cluster_loss": 0.0,
    "mae": 1.1444,
    "mse": 2.2017,
    "multiclassification_loss": 0.0,
    "ortho_loss": 0.0,
    "pearson": 0.4977,
    "regression_loss": 2.2,
    "rm2": 0.2346,
    "rmse": 1.4838,
    "sd": 1.4632,
    "spearman": 0.4518,
    "spectral_loss": 0.0
}
                              
                              
----------------------------------------
Epoch 005 with LR 0.000100: Model Results
----------------------------------------
Train MSE Loss: 1.3629, Train CLS Loss: 0.0000, Train MCLS Loss: 0.0000
Protein Cluster Region Loss - Ortho Loss: 0.0000, Cluster Loss: 0.0000
                              
Validation Results: {
    "ci": 0.6961,
    "classification_loss": 0.0,
    "cluster_loss": 0.0,
    "mae": 1.1485,
    "mse": 2.2466,
    "multiclassification_loss": 0.0,
    "ortho_loss": 0.0,
    "pearson": 0.574,
    "regression_loss": 2.2936,
    "rm2": 0.3226,
    "rmse": 1.4989,
    "sd": 1.4871,
    "spearman": 0.5518,
    "spectral_loss": 0.0
}
                              
Test Results: {
    "ci": 0.6587,
    "classification_loss": 0.0,
    "cluster_loss": 0.0,
    "mae": 1.1444,
    "mse": 2.2017,
    "multiclassification_loss": 0.0,
    "ortho_loss": 0.0,
    "pearson": 0.4977,
    "regression_loss": 2.2,
    "rm2": 0.2346,
    "rmse": 1.4838,
    "sd": 1.4632,
    "spearman": 0.4518,
    "spectral_loss": 0.0
}
                              
                              
----------------------------------------
Epoch 006 with LR 0.000100: Model Results
----------------------------------------
Train MSE Loss: 1.2691, Train CLS Loss: 0.0000, Train MCLS Loss: 0.0000
Protein Cluster Region Loss - Ortho Loss: 0.0000, Cluster Loss: 0.0000
                              
Validation Results: {
    "ci": 0.69,
    "classification_loss": 0.0,
    "cluster_loss": 0.0,
    "mae": 1.1515,
    "mse": 2.2451,
    "multiclassification_loss": 0.0,
    "ortho_loss": 0.0,
    "pearson": 0.5675,
    "regression_loss": 2.2671,
    "rm2": 0.3083,
    "rmse": 1.4984,
    "sd": 1.4953,
    "spearman": 0.5364,
    "spectral_loss": 0.0
}
                              
Test Results: {
    "ci": 0.6587,
    "classification_loss": 0.0,
    "cluster_loss": 0.0,
    "mae": 1.1444,
    "mse": 2.2017,
    "multiclassification_loss": 0.0,
    "ortho_loss": 0.0,
    "pearson": 0.4977,
    "regression_loss": 2.2,
    "rm2": 0.2346,
    "rmse": 1.4838,
    "sd": 1.4632,
    "spearman": 0.4518,
    "spectral_loss": 0.0
}
                              
                              
----------------------------------------
Epoch 007 with LR 0.000100: Model Results
----------------------------------------
Train MSE Loss: 1.2002, Train CLS Loss: 0.0000, Train MCLS Loss: 0.0000
Protein Cluster Region Loss - Ortho Loss: 0.0000, Cluster Loss: 0.0000
                              
Validation Results: {
    "ci": 0.6925,
    "classification_loss": 0.0,
    "cluster_loss": 0.0,
    "mae": 1.245,
    "mse": 2.5498,
    "multiclassification_loss": 0.0,
    "ortho_loss": 0.0,
    "pearson": 0.5795,
    "regression_loss": 2.6094,
    "rm2": 0.2544,
    "rmse": 1.5968,
    "sd": 1.4801,
    "spearman": 0.5434,
    "spectral_loss": 0.0
}
                              
Test Results: {
    "ci": 0.6587,
    "classification_loss": 0.0,
    "cluster_loss": 0.0,
    "mae": 1.1444,
    "mse": 2.2017,
    "multiclassification_loss": 0.0,
    "ortho_loss": 0.0,
    "pearson": 0.4977,
    "regression_loss": 2.2,
    "rm2": 0.2346,
    "rmse": 1.4838,
    "sd": 1.4632,
    "spearman": 0.4518,
    "spectral_loss": 0.0
}
                              
                              
----------------------------------------
Epoch 008 with LR 0.000100: Model Results
----------------------------------------
Train MSE Loss: 1.1461, Train CLS Loss: 0.0000, Train MCLS Loss: 0.0000
Protein Cluster Region Loss - Ortho Loss: 0.0000, Cluster Loss: 0.0000
                              
Validation Results: {
    "ci": 0.7081,
    "classification_loss": 0.0,
    "cluster_loss": 0.0,
    "mae": 1.1019,
    "mse": 2.1176,
    "multiclassification_loss": 0.0,
    "ortho_loss": 0.0,
    "pearson": 0.6054,
    "regression_loss": 2.151,
    "rm2": 0.3403,
    "rmse": 1.4552,
    "sd": 1.4455,
    "spearman": 0.5824,
    "spectral_loss": 0.0
}
                              
Test Results: {
    "ci": 0.6622,
    "classification_loss": 0.0,
    "cluster_loss": 0.0,
    "mae": 1.1454,
    "mse": 2.2126,
    "multiclassification_loss": 0.0,
    "ortho_loss": 0.0,
    "pearson": 0.513,
    "regression_loss": 2.2108,
    "rm2": 0.2376,
    "rmse": 1.4875,
    "sd": 1.4481,
    "spearman": 0.4612,
    "spectral_loss": 0.0
}
                              
                              
----------------------------------------
Epoch 009 with LR 0.000100: Model Results
----------------------------------------
Train MSE Loss: 1.0832, Train CLS Loss: 0.0000, Train MCLS Loss: 0.0000
Protein Cluster Region Loss - Ortho Loss: 0.0000, Cluster Loss: 0.0000
                              
Validation Results: {
    "ci": 0.7149,
    "classification_loss": 0.0,
    "cluster_loss": 0.0,
    "mae": 1.1145,
    "mse": 2.2013,
    "multiclassification_loss": 0.0,
    "ortho_loss": 0.0,
    "pearson": 0.6118,
    "regression_loss": 2.2202,
    "rm2": 0.3631,
    "rmse": 1.4837,
    "sd": 1.4365,
    "spearman": 0.5996,
    "spectral_loss": 0.0
}
                              
Test Results: {
    "ci": 0.6622,
    "classification_loss": 0.0,
    "cluster_loss": 0.0,
    "mae": 1.1454,
    "mse": 2.2126,
    "multiclassification_loss": 0.0,
    "ortho_loss": 0.0,
    "pearson": 0.513,
    "regression_loss": 2.2108,
    "rm2": 0.2376,
    "rmse": 1.4875,
    "sd": 1.4481,
    "spearman": 0.4612,
    "spectral_loss": 0.0
}
                              
                              
----------------------------------------
Epoch 010 with LR 0.000100: Model Results
----------------------------------------
Train MSE Loss: 1.0402, Train CLS Loss: 0.0000, Train MCLS Loss: 0.0000
Protein Cluster Region Loss - Ortho Loss: 0.0000, Cluster Loss: 0.0000
                              
Validation Results: {
    "ci": 0.6908,
    "classification_loss": 0.0,
    "cluster_loss": 0.0,
    "mae": 1.1531,
    "mse": 2.3166,
    "multiclassification_loss": 0.0,
    "ortho_loss": 0.0,
    "pearson": 0.5659,
    "regression_loss": 2.3431,
    "rm2": 0.2842,
    "rmse": 1.522,
    "sd": 1.4973,
    "spearman": 0.5372,
    "spectral_loss": 0.0
}
                              
Test Results: {
    "ci": 0.6622,
    "classification_loss": 0.0,
    "cluster_loss": 0.0,
    "mae": 1.1454,
    "mse": 2.2126,
    "multiclassification_loss": 0.0,
    "ortho_loss": 0.0,
    "pearson": 0.513,
    "regression_loss": 2.2108,
    "rm2": 0.2376,
    "rmse": 1.4875,
    "sd": 1.4481,
    "spearman": 0.4612,
    "spectral_loss": 0.0
}
                              
                              
----------------------------------------
Epoch 011 with LR 0.000100: Model Results
----------------------------------------
Train MSE Loss: 0.9954, Train CLS Loss: 0.0000, Train MCLS Loss: 0.0000
Protein Cluster Region Loss - Ortho Loss: 0.0000, Cluster Loss: 0.0000
                              
Validation Results: {
    "ci": 0.6948,
    "classification_loss": 0.0,
    "cluster_loss": 0.0,
    "mae": 1.1411,
    "mse": 2.266,
    "multiclassification_loss": 0.0,
    "ortho_loss": 0.0,
    "pearson": 0.5775,
    "regression_loss": 2.2608,
    "rm2": 0.3324,
    "rmse": 1.5053,
    "sd": 1.4826,
    "spearman": 0.5472,
    "spectral_loss": 0.0
}
                              
Test Results: {
    "ci": 0.6622,
    "classification_loss": 0.0,
    "cluster_loss": 0.0,
    "mae": 1.1454,
    "mse": 2.2126,
    "multiclassification_loss": 0.0,
    "ortho_loss": 0.0,
    "pearson": 0.513,
    "regression_loss": 2.2108,
    "rm2": 0.2376,
    "rmse": 1.4875,
    "sd": 1.4481,
    "spearman": 0.4612,
    "spectral_loss": 0.0
}
                              
                              
----------------------------------------
Epoch 012 with LR 0.000100: Model Results
----------------------------------------
Train MSE Loss: 0.9564, Train CLS Loss: 0.0000, Train MCLS Loss: 0.0000
Protein Cluster Region Loss - Ortho Loss: 0.0000, Cluster Loss: 0.0000
                              
Validation Results: {
    "ci": 0.7014,
    "classification_loss": 0.0,
    "cluster_loss": 0.0,
    "mae": 1.1152,
    "mse": 2.2119,
    "multiclassification_loss": 0.0,
    "ortho_loss": 0.0,
    "pearson": 0.6011,
    "regression_loss": 2.2326,
    "rm2": 0.3464,
    "rmse": 1.4873,
    "sd": 1.4514,
    "spearman": 0.5631,
    "spectral_loss": 0.0
}
                              
Test Results: {
    "ci": 0.6622,
    "classification_loss": 0.0,
    "cluster_loss": 0.0,
    "mae": 1.1454,
    "mse": 2.2126,
    "multiclassification_loss": 0.0,
    "ortho_loss": 0.0,
    "pearson": 0.513,
    "regression_loss": 2.2108,
    "rm2": 0.2376,
    "rmse": 1.4875,
    "sd": 1.4481,
    "spearman": 0.4612,
    "spectral_loss": 0.0
}
                              
                              
----------------------------------------
Epoch 013 with LR 0.000100: Model Results
----------------------------------------
Train MSE Loss: 0.9422, Train CLS Loss: 0.0000, Train MCLS Loss: 0.0000
Protein Cluster Region Loss - Ortho Loss: 0.0000, Cluster Loss: 0.0000
                              
Validation Results: {
    "ci": 0.7015,
    "classification_loss": 0.0,
    "cluster_loss": 0.0,
    "mae": 1.1315,
    "mse": 2.2413,
    "multiclassification_loss": 0.0,
    "ortho_loss": 0.0,
    "pearson": 0.5937,
    "regression_loss": 2.2652,
    "rm2": 0.3053,
    "rmse": 1.4971,
    "sd": 1.4613,
    "spearman": 0.5659,
    "spectral_loss": 0.0
}
                              
Test Results: {
    "ci": 0.6622,
    "classification_loss": 0.0,
    "cluster_loss": 0.0,
    "mae": 1.1454,
    "mse": 2.2126,
    "multiclassification_loss": 0.0,
    "ortho_loss": 0.0,
    "pearson": 0.513,
    "regression_loss": 2.2108,
    "rm2": 0.2376,
    "rmse": 1.4875,
    "sd": 1.4481,
    "spearman": 0.4612,
    "spectral_loss": 0.0
}
                              
                              
----------------------------------------
Epoch 014 with LR 0.000100: Model Results
----------------------------------------
Train MSE Loss: 0.9065, Train CLS Loss: 0.0000, Train MCLS Loss: 0.0000
Protein Cluster Region Loss - Ortho Loss: 0.0000, Cluster Loss: 0.0000
                              
Validation Results: {
    "ci": 0.707,
    "classification_loss": 0.0,
    "cluster_loss": 0.0,
    "mae": 1.1149,
    "mse": 2.1671,
    "multiclassification_loss": 0.0,
    "ortho_loss": 0.0,
    "pearson": 0.5988,
    "regression_loss": 2.2022,
    "rm2": 0.3205,
    "rmse": 1.4721,
    "sd": 1.4546,
    "spearman": 0.5782,
    "spectral_loss": 0.0
}
                              
Test Results: {
    "ci": 0.6622,
    "classification_loss": 0.0,
    "cluster_loss": 0.0,
    "mae": 1.1454,
    "mse": 2.2126,
    "multiclassification_loss": 0.0,
    "ortho_loss": 0.0,
    "pearson": 0.513,
    "regression_loss": 2.2108,
    "rm2": 0.2376,
    "rmse": 1.4875,
    "sd": 1.4481,
    "spearman": 0.4612,
    "spectral_loss": 0.0
}
                              
                              
----------------------------------------
Epoch 015 with LR 0.000100: Model Results
----------------------------------------
Train MSE Loss: 0.8917, Train CLS Loss: 0.0000, Train MCLS Loss: 0.0000
Protein Cluster Region Loss - Ortho Loss: 0.0000, Cluster Loss: 0.0000
                              
Validation Results: {
    "ci": 0.7046,
    "classification_loss": 0.0,
    "cluster_loss": 0.0,
    "mae": 1.1113,
    "mse": 2.1498,
    "multiclassification_loss": 0.0,
    "ortho_loss": 0.0,
    "pearson": 0.5999,
    "regression_loss": 2.1624,
    "rm2": 0.3285,
    "rmse": 1.4662,
    "sd": 1.453,
    "spearman": 0.574,
    "spectral_loss": 0.0
}
                              
Test Results: {
    "ci": 0.6622,
    "classification_loss": 0.0,
    "cluster_loss": 0.0,
    "mae": 1.1454,
    "mse": 2.2126,
    "multiclassification_loss": 0.0,
    "ortho_loss": 0.0,
    "pearson": 0.513,
    "regression_loss": 2.2108,
    "rm2": 0.2376,
    "rmse": 1.4875,
    "sd": 1.4481,
    "spearman": 0.4612,
    "spectral_loss": 0.0
}
                              
                              
----------------------------------------
Epoch 016 with LR 0.000100: Model Results
----------------------------------------
Train MSE Loss: 0.8706, Train CLS Loss: 0.0000, Train MCLS Loss: 0.0000
Protein Cluster Region Loss - Ortho Loss: 0.0000, Cluster Loss: 0.0000
                              
Validation Results: {
    "ci": 0.7055,
    "classification_loss": 0.0,
    "cluster_loss": 0.0,
    "mae": 1.099,
    "mse": 2.1804,
    "multiclassification_loss": 0.0,
    "ortho_loss": 0.0,
    "pearson": 0.6021,
    "regression_loss": 2.2102,
    "rm2": 0.3202,
    "rmse": 1.4766,
    "sd": 1.4499,
    "spearman": 0.5716,
    "spectral_loss": 0.0
}
                              
Test Results: {
    "ci": 0.6622,
    "classification_loss": 0.0,
    "cluster_loss": 0.0,
    "mae": 1.1454,
    "mse": 2.2126,
    "multiclassification_loss": 0.0,
    "ortho_loss": 0.0,
    "pearson": 0.513,
    "regression_loss": 2.2108,
    "rm2": 0.2376,
    "rmse": 1.4875,
    "sd": 1.4481,
    "spearman": 0.4612,
    "spectral_loss": 0.0
}
                              
                              
----------------------------------------
Epoch 017 with LR 0.000100: Model Results
----------------------------------------
Train MSE Loss: 0.8462, Train CLS Loss: 0.0000, Train MCLS Loss: 0.0000
Protein Cluster Region Loss - Ortho Loss: 0.0000, Cluster Loss: 0.0000
                              
Validation Results: {
    "ci": 0.7099,
    "classification_loss": 0.0,
    "cluster_loss": 0.0,
    "mae": 1.0886,
    "mse": 2.1362,
    "multiclassification_loss": 0.0,
    "ortho_loss": 0.0,
    "pearson": 0.6119,
    "regression_loss": 2.1734,
    "rm2": 0.3529,
    "rmse": 1.4616,
    "sd": 1.4364,
    "spearman": 0.5857,
    "spectral_loss": 0.0
}
                              
Test Results: {
    "ci": 0.6622,
    "classification_loss": 0.0,
    "cluster_loss": 0.0,
    "mae": 1.1454,
    "mse": 2.2126,
    "multiclassification_loss": 0.0,
    "ortho_loss": 0.0,
    "pearson": 0.513,
    "regression_loss": 2.2108,
    "rm2": 0.2376,
    "rmse": 1.4875,
    "sd": 1.4481,
    "spearman": 0.4612,
    "spectral_loss": 0.0
}
                              
                              
----------------------------------------
Epoch 018 with LR 0.000100: Model Results
----------------------------------------
Train MSE Loss: 0.8341, Train CLS Loss: 0.0000, Train MCLS Loss: 0.0000
Protein Cluster Region Loss - Ortho Loss: 0.0000, Cluster Loss: 0.0000
                              
Validation Results: {
    "ci": 0.7118,
    "classification_loss": 0.0,
    "cluster_loss": 0.0,
    "mae": 1.0871,
    "mse": 2.1033,
    "multiclassification_loss": 0.0,
    "ortho_loss": 0.0,
    "pearson": 0.6181,
    "regression_loss": 2.1496,
    "rm2": 0.3362,
    "rmse": 1.4503,
    "sd": 1.4276,
    "spearman": 0.5889,
    "spectral_loss": 0.0
}
                              
Test Results: {
    "ci": 0.6671,
    "classification_loss": 0.0,
    "cluster_loss": 0.0,
    "mae": 1.1445,
    "mse": 2.2293,
    "multiclassification_loss": 0.0,
    "ortho_loss": 0.0,
    "pearson": 0.5214,
    "regression_loss": 2.2254,
    "rm2": 0.2353,
    "rmse": 1.4931,
    "sd": 1.4395,
    "spearman": 0.4731,
    "spectral_loss": 0.0
}
                              
                              
----------------------------------------
Epoch 019 with LR 0.000100: Model Results
----------------------------------------
Train MSE Loss: 0.8184, Train CLS Loss: 0.0000, Train MCLS Loss: 0.0000
Protein Cluster Region Loss - Ortho Loss: 0.0000, Cluster Loss: 0.0000
                              
Validation Results: {
    "ci": 0.7015,
    "classification_loss": 0.0,
    "cluster_loss": 0.0,
    "mae": 1.1036,
    "mse": 2.1833,
    "multiclassification_loss": 0.0,
    "ortho_loss": 0.0,
    "pearson": 0.5964,
    "regression_loss": 2.1889,
    "rm2": 0.3346,
    "rmse": 1.4776,
    "sd": 1.4577,
    "spearman": 0.5607,
    "spectral_loss": 0.0
}
                              
Test Results: {
    "ci": 0.6671,
    "classification_loss": 0.0,
    "cluster_loss": 0.0,
    "mae": 1.1445,
    "mse": 2.2293,
    "multiclassification_loss": 0.0,
    "ortho_loss": 0.0,
    "pearson": 0.5214,
    "regression_loss": 2.2254,
    "rm2": 0.2353,
    "rmse": 1.4931,
    "sd": 1.4395,
    "spearman": 0.4731,
    "spectral_loss": 0.0
}
                              
                              
----------------------------------------
Epoch 020 with LR 0.000100: Model Results
----------------------------------------
Train MSE Loss: 0.7972, Train CLS Loss: 0.0000, Train MCLS Loss: 0.0000
Protein Cluster Region Loss - Ortho Loss: 0.0000, Cluster Loss: 0.0000
                              
Validation Results: {
    "ci": 0.7144,
    "classification_loss": 0.0,
    "cluster_loss": 0.0,
    "mae": 1.0848,
    "mse": 2.1172,
    "multiclassification_loss": 0.0,
    "ortho_loss": 0.0,
    "pearson": 0.6108,
    "regression_loss": 2.1478,
    "rm2": 0.3373,
    "rmse": 1.4551,
    "sd": 1.4379,
    "spearman": 0.5945,
    "spectral_loss": 0.0
}
                              
Test Results: {
    "ci": 0.6671,
    "classification_loss": 0.0,
    "cluster_loss": 0.0,
    "mae": 1.1445,
    "mse": 2.2293,
    "multiclassification_loss": 0.0,
    "ortho_loss": 0.0,
    "pearson": 0.5214,
    "regression_loss": 2.2254,
    "rm2": 0.2353,
    "rmse": 1.4931,
    "sd": 1.4395,
    "spearman": 0.4731,
    "spectral_loss": 0.0
}
                              
                              
----------------------------------------
Epoch 021 with LR 0.000100: Model Results
----------------------------------------
Train MSE Loss: 0.7898, Train CLS Loss: 0.0000, Train MCLS Loss: 0.0000
Protein Cluster Region Loss - Ortho Loss: 0.0000, Cluster Loss: 0.0000
                              
Validation Results: {
    "ci": 0.7055,
    "classification_loss": 0.0,
    "cluster_loss": 0.0,
    "mae": 1.1121,
    "mse": 2.2195,
    "multiclassification_loss": 0.0,
    "ortho_loss": 0.0,
    "pearson": 0.5883,
    "regression_loss": 2.2339,
    "rm2": 0.3287,
    "rmse": 1.4898,
    "sd": 1.4685,
    "spearman": 0.574,
    "spectral_loss": 0.0
}
                              
Test Results: {
    "ci": 0.6671,
    "classification_loss": 0.0,
    "cluster_loss": 0.0,
    "mae": 1.1445,
    "mse": 2.2293,
    "multiclassification_loss": 0.0,
    "ortho_loss": 0.0,
    "pearson": 0.5214,
    "regression_loss": 2.2254,
    "rm2": 0.2353,
    "rmse": 1.4931,
    "sd": 1.4395,
    "spearman": 0.4731,
    "spectral_loss": 0.0
}
                              
                              
----------------------------------------
Epoch 022 with LR 0.000100: Model Results
----------------------------------------
Train MSE Loss: 0.7789, Train CLS Loss: 0.0000, Train MCLS Loss: 0.0000
Protein Cluster Region Loss - Ortho Loss: 0.0000, Cluster Loss: 0.0000
                              
Validation Results: {
    "ci": 0.6975,
    "classification_loss": 0.0,
    "cluster_loss": 0.0,
    "mae": 1.1461,
    "mse": 2.3395,
    "multiclassification_loss": 0.0,
    "ortho_loss": 0.0,
    "pearson": 0.5753,
    "regression_loss": 2.3552,
    "rm2": 0.293,
    "rmse": 1.5295,
    "sd": 1.4854,
    "spearman": 0.5529,
    "spectral_loss": 0.0
}
                              
Test Results: {
    "ci": 0.6671,
    "classification_loss": 0.0,
    "cluster_loss": 0.0,
    "mae": 1.1445,
    "mse": 2.2293,
    "multiclassification_loss": 0.0,
    "ortho_loss": 0.0,
    "pearson": 0.5214,
    "regression_loss": 2.2254,
    "rm2": 0.2353,
    "rmse": 1.4931,
    "sd": 1.4395,
    "spearman": 0.4731,
    "spectral_loss": 0.0
}
                              
                              
----------------------------------------
Epoch 023 with LR 0.000100: Model Results
----------------------------------------
Train MSE Loss: 0.7715, Train CLS Loss: 0.0000, Train MCLS Loss: 0.0000
Protein Cluster Region Loss - Ortho Loss: 0.0000, Cluster Loss: 0.0000
                              
Validation Results: {
    "ci": 0.7099,
    "classification_loss": 0.0,
    "cluster_loss": 0.0,
    "mae": 1.0966,
    "mse": 2.1715,
    "multiclassification_loss": 0.0,
    "ortho_loss": 0.0,
    "pearson": 0.6101,
    "regression_loss": 2.1918,
    "rm2": 0.3268,
    "rmse": 1.4736,
    "sd": 1.4388,
    "spearman": 0.5838,
    "spectral_loss": 0.0
}
                              
Test Results: {
    "ci": 0.6671,
    "classification_loss": 0.0,
    "cluster_loss": 0.0,
    "mae": 1.1445,
    "mse": 2.2293,
    "multiclassification_loss": 0.0,
    "ortho_loss": 0.0,
    "pearson": 0.5214,
    "regression_loss": 2.2254,
    "rm2": 0.2353,
    "rmse": 1.4931,
    "sd": 1.4395,
    "spearman": 0.4731,
    "spectral_loss": 0.0
}
                              
                              
----------------------------------------
Epoch 024 with LR 0.000100: Model Results
----------------------------------------
Train MSE Loss: 0.7421, Train CLS Loss: 0.0000, Train MCLS Loss: 0.0000
Protein Cluster Region Loss - Ortho Loss: 0.0000, Cluster Loss: 0.0000
                              
Validation Results: {
    "ci": 0.7136,
    "classification_loss": 0.0,
    "cluster_loss": 0.0,
    "mae": 1.0751,
    "mse": 2.0931,
    "multiclassification_loss": 0.0,
    "ortho_loss": 0.0,
    "pearson": 0.622,
    "regression_loss": 2.1292,
    "rm2": 0.3549,
    "rmse": 1.4468,
    "sd": 1.4219,
    "spearman": 0.5927,
    "spectral_loss": 0.0
}
                              
Test Results: {
    "ci": 0.6673,
    "classification_loss": 0.0,
    "cluster_loss": 0.0,
    "mae": 1.1334,
    "mse": 2.2671,
    "multiclassification_loss": 0.0,
    "ortho_loss": 0.0,
    "pearson": 0.5224,
    "regression_loss": 2.2666,
    "rm2": 0.2496,
    "rmse": 1.5057,
    "sd": 1.4385,
    "spearman": 0.4708,
    "spectral_loss": 0.0
}
                              
                              
----------------------------------------
Epoch 025 with LR 0.000100: Model Results
----------------------------------------
Train MSE Loss: 0.7329, Train CLS Loss: 0.0000, Train MCLS Loss: 0.0000
Protein Cluster Region Loss - Ortho Loss: 0.0000, Cluster Loss: 0.0000
                              
Validation Results: {
    "ci": 0.7066,
    "classification_loss": 0.0,
    "cluster_loss": 0.0,
    "mae": 1.106,
    "mse": 2.1976,
    "multiclassification_loss": 0.0,
    "ortho_loss": 0.0,
    "pearson": 0.5976,
    "regression_loss": 2.2239,
    "rm2": 0.3445,
    "rmse": 1.4824,
    "sd": 1.4562,
    "spearman": 0.5746,
    "spectral_loss": 0.0
}
                              
Test Results: {
    "ci": 0.6673,
    "classification_loss": 0.0,
    "cluster_loss": 0.0,
    "mae": 1.1334,
    "mse": 2.2671,
    "multiclassification_loss": 0.0,
    "ortho_loss": 0.0,
    "pearson": 0.5224,
    "regression_loss": 2.2666,
    "rm2": 0.2496,
    "rmse": 1.5057,
    "sd": 1.4385,
    "spearman": 0.4708,
    "spectral_loss": 0.0
}
                              
                              
----------------------------------------
Epoch 026 with LR 0.000100: Model Results
----------------------------------------
Train MSE Loss: 0.7270, Train CLS Loss: 0.0000, Train MCLS Loss: 0.0000
Protein Cluster Region Loss - Ortho Loss: 0.0000, Cluster Loss: 0.0000
                              
Validation Results: {
    "ci": 0.7036,
    "classification_loss": 0.0,
    "cluster_loss": 0.0,
    "mae": 1.1138,
    "mse": 2.1893,
    "multiclassification_loss": 0.0,
    "ortho_loss": 0.0,
    "pearson": 0.5974,
    "regression_loss": 2.2174,
    "rm2": 0.3282,
    "rmse": 1.4796,
    "sd": 1.4564,
    "spearman": 0.5707,
    "spectral_loss": 0.0
}
                              
Test Results: {
    "ci": 0.6673,
    "classification_loss": 0.0,
    "cluster_loss": 0.0,
    "mae": 1.1334,
    "mse": 2.2671,
    "multiclassification_loss": 0.0,
    "ortho_loss": 0.0,
    "pearson": 0.5224,
    "regression_loss": 2.2666,
    "rm2": 0.2496,
    "rmse": 1.5057,
    "sd": 1.4385,
    "spearman": 0.4708,
    "spectral_loss": 0.0
}
                              
                              
----------------------------------------
Epoch 027 with LR 0.000100: Model Results
----------------------------------------
Train MSE Loss: 0.7131, Train CLS Loss: 0.0000, Train MCLS Loss: 0.0000
Protein Cluster Region Loss - Ortho Loss: 0.0000, Cluster Loss: 0.0000
                              
Validation Results: {
    "ci": 0.7107,
    "classification_loss": 0.0,
    "cluster_loss": 0.0,
    "mae": 1.1076,
    "mse": 2.1779,
    "multiclassification_loss": 0.0,
    "ortho_loss": 0.0,
    "pearson": 0.6073,
    "regression_loss": 2.229,
    "rm2": 0.3685,
    "rmse": 1.4758,
    "sd": 1.4428,
    "spearman": 0.5868,
    "spectral_loss": 0.0
}
                              
Test Results: {
    "ci": 0.6673,
    "classification_loss": 0.0,
    "cluster_loss": 0.0,
    "mae": 1.1334,
    "mse": 2.2671,
    "multiclassification_loss": 0.0,
    "ortho_loss": 0.0,
    "pearson": 0.5224,
    "regression_loss": 2.2666,
    "rm2": 0.2496,
    "rmse": 1.5057,
    "sd": 1.4385,
    "spearman": 0.4708,
    "spectral_loss": 0.0
}
                              
                              
----------------------------------------
Epoch 028 with LR 0.000100: Model Results
----------------------------------------
Train MSE Loss: 0.7125, Train CLS Loss: 0.0000, Train MCLS Loss: 0.0000
Protein Cluster Region Loss - Ortho Loss: 0.0000, Cluster Loss: 0.0000
                              
Validation Results: {
    "ci": 0.7156,
    "classification_loss": 0.0,
    "cluster_loss": 0.0,
    "mae": 1.083,
    "mse": 2.1226,
    "multiclassification_loss": 0.0,
    "ortho_loss": 0.0,
    "pearson": 0.6172,
    "regression_loss": 2.1413,
    "rm2": 0.3557,
    "rmse": 1.4569,
    "sd": 1.4288,
    "spearman": 0.5971,
    "spectral_loss": 0.0
}
                              
Test Results: {
    "ci": 0.6673,
    "classification_loss": 0.0,
    "cluster_loss": 0.0,
    "mae": 1.1334,
    "mse": 2.2671,
    "multiclassification_loss": 0.0,
    "ortho_loss": 0.0,
    "pearson": 0.5224,
    "regression_loss": 2.2666,
    "rm2": 0.2496,
    "rmse": 1.5057,
    "sd": 1.4385,
    "spearman": 0.4708,
    "spectral_loss": 0.0
}
                              
                              
----------------------------------------
Epoch 029 with LR 0.000100: Model Results
----------------------------------------
Train MSE Loss: 0.6980, Train CLS Loss: 0.0000, Train MCLS Loss: 0.0000
Protein Cluster Region Loss - Ortho Loss: 0.0000, Cluster Loss: 0.0000
                              
Validation Results: {
    "ci": 0.7205,
    "classification_loss": 0.0,
    "cluster_loss": 0.0,
    "mae": 1.0764,
    "mse": 2.1226,
    "multiclassification_loss": 0.0,
    "ortho_loss": 0.0,
    "pearson": 0.6302,
    "regression_loss": 2.1829,
    "rm2": 0.3345,
    "rmse": 1.4569,
    "sd": 1.41,
    "spearman": 0.6111,
    "spectral_loss": 0.0
}
                              
Test Results: {
    "ci": 0.6673,
    "classification_loss": 0.0,
    "cluster_loss": 0.0,
    "mae": 1.1334,
    "mse": 2.2671,
    "multiclassification_loss": 0.0,
    "ortho_loss": 0.0,
    "pearson": 0.5224,
    "regression_loss": 2.2666,
    "rm2": 0.2496,
    "rmse": 1.5057,
    "sd": 1.4385,
    "spearman": 0.4708,
    "spectral_loss": 0.0
}
                              
                              
----------------------------------------
Epoch 030 with LR 0.000100: Model Results
----------------------------------------
Train MSE Loss: 0.6861, Train CLS Loss: 0.0000, Train MCLS Loss: 0.0000
Protein Cluster Region Loss - Ortho Loss: 0.0000, Cluster Loss: 0.0000
                              
Validation Results: {
    "ci": 0.7112,
    "classification_loss": 0.0,
    "cluster_loss": 0.0,
    "mae": 1.0898,
    "mse": 2.1445,
    "multiclassification_loss": 0.0,
    "ortho_loss": 0.0,
    "pearson": 0.6061,
    "regression_loss": 2.1657,
    "rm2": 0.3334,
    "rmse": 1.4644,
    "sd": 1.4445,
    "spearman": 0.5857,
    "spectral_loss": 0.0
}
                              
Test Results: {
    "ci": 0.6673,
    "classification_loss": 0.0,
    "cluster_loss": 0.0,
    "mae": 1.1334,
    "mse": 2.2671,
    "multiclassification_loss": 0.0,
    "ortho_loss": 0.0,
    "pearson": 0.5224,
    "regression_loss": 2.2666,
    "rm2": 0.2496,
    "rmse": 1.5057,
    "sd": 1.4385,
    "spearman": 0.4708,
    "spectral_loss": 0.0
}
                              
                              
----------------------------------------
Epoch 031 with LR 0.000100: Model Results
----------------------------------------
Train MSE Loss: 0.6832, Train CLS Loss: 0.0000, Train MCLS Loss: 0.0000
Protein Cluster Region Loss - Ortho Loss: 0.0000, Cluster Loss: 0.0000
                              
Validation Results: {
    "ci": 0.7154,
    "classification_loss": 0.0,
    "cluster_loss": 0.0,
    "mae": 1.0678,
    "mse": 2.0437,
    "multiclassification_loss": 0.0,
    "ortho_loss": 0.0,
    "pearson": 0.6227,
    "regression_loss": 2.0767,
    "rm2": 0.373,
    "rmse": 1.4296,
    "sd": 1.421,
    "spearman": 0.5991,
    "spectral_loss": 0.0
}
                              
Test Results: {
    "ci": 0.6742,
    "classification_loss": 0.0,
    "cluster_loss": 0.0,
    "mae": 1.1081,
    "mse": 2.1381,
    "multiclassification_loss": 0.0,
    "ortho_loss": 0.0,
    "pearson": 0.5352,
    "regression_loss": 2.1375,
    "rm2": 0.2686,
    "rmse": 1.4622,
    "sd": 1.425,
    "spearman": 0.4906,
    "spectral_loss": 0.0
}
                              
                              
----------------------------------------
Epoch 032 with LR 0.000100: Model Results
----------------------------------------
Train MSE Loss: 0.6634, Train CLS Loss: 0.0000, Train MCLS Loss: 0.0000
Protein Cluster Region Loss - Ortho Loss: 0.0000, Cluster Loss: 0.0000
                              
Validation Results: {
    "ci": 0.7112,
    "classification_loss": 0.0,
    "cluster_loss": 0.0,
    "mae": 1.0844,
    "mse": 2.1369,
    "multiclassification_loss": 0.0,
    "ortho_loss": 0.0,
    "pearson": 0.6117,
    "regression_loss": 2.1684,
    "rm2": 0.3288,
    "rmse": 1.4618,
    "sd": 1.4367,
    "spearman": 0.5844,
    "spectral_loss": 0.0
}
                              
Test Results: {
    "ci": 0.6742,
    "classification_loss": 0.0,
    "cluster_loss": 0.0,
    "mae": 1.1081,
    "mse": 2.1381,
    "multiclassification_loss": 0.0,
    "ortho_loss": 0.0,
    "pearson": 0.5352,
    "regression_loss": 2.1375,
    "rm2": 0.2686,
    "rmse": 1.4622,
    "sd": 1.425,
    "spearman": 0.4906,
    "spectral_loss": 0.0
}
                              
                              
----------------------------------------
Epoch 033 with LR 0.000100: Model Results
----------------------------------------
Train MSE Loss: 0.6574, Train CLS Loss: 0.0000, Train MCLS Loss: 0.0000
Protein Cluster Region Loss - Ortho Loss: 0.0000, Cluster Loss: 0.0000
                              
Validation Results: {
    "ci": 0.7118,
    "classification_loss": 0.0,
    "cluster_loss": 0.0,
    "mae": 1.0766,
    "mse": 2.0908,
    "multiclassification_loss": 0.0,
    "ortho_loss": 0.0,
    "pearson": 0.6205,
    "regression_loss": 2.1305,
    "rm2": 0.3578,
    "rmse": 1.446,
    "sd": 1.4241,
    "spearman": 0.5868,
    "spectral_loss": 0.0
}
                              
Test Results: {
    "ci": 0.6742,
    "classification_loss": 0.0,
    "cluster_loss": 0.0,
    "mae": 1.1081,
    "mse": 2.1381,
    "multiclassification_loss": 0.0,
    "ortho_loss": 0.0,
    "pearson": 0.5352,
    "regression_loss": 2.1375,
    "rm2": 0.2686,
    "rmse": 1.4622,
    "sd": 1.425,
    "spearman": 0.4906,
    "spectral_loss": 0.0
}
                              
                              
----------------------------------------
Epoch 034 with LR 0.000100: Model Results
----------------------------------------
Train MSE Loss: 0.6517, Train CLS Loss: 0.0000, Train MCLS Loss: 0.0000
Protein Cluster Region Loss - Ortho Loss: 0.0000, Cluster Loss: 0.0000
                              
Validation Results: {
    "ci": 0.7215,
    "classification_loss": 0.0,
    "cluster_loss": 0.0,
    "mae": 1.0645,
    "mse": 2.047,
    "multiclassification_loss": 0.0,
    "ortho_loss": 0.0,
    "pearson": 0.6309,
    "regression_loss": 2.1119,
    "rm2": 0.3766,
    "rmse": 1.4307,
    "sd": 1.409,
    "spearman": 0.6124,
    "spectral_loss": 0.0
}
                              
Test Results: {
    "ci": 0.6742,
    "classification_loss": 0.0,
    "cluster_loss": 0.0,
    "mae": 1.1081,
    "mse": 2.1381,
    "multiclassification_loss": 0.0,
    "ortho_loss": 0.0,
    "pearson": 0.5352,
    "regression_loss": 2.1375,
    "rm2": 0.2686,
    "rmse": 1.4622,
    "sd": 1.425,
    "spearman": 0.4906,
    "spectral_loss": 0.0
}
                              
                              
----------------------------------------
Epoch 035 with LR 0.000100: Model Results
----------------------------------------
Train MSE Loss: 0.6361, Train CLS Loss: 0.0000, Train MCLS Loss: 0.0000
Protein Cluster Region Loss - Ortho Loss: 0.0000, Cluster Loss: 0.0000
                              
Validation Results: {
    "ci": 0.7086,
    "classification_loss": 0.0,
    "cluster_loss": 0.0,
    "mae": 1.0789,
    "mse": 2.1394,
    "multiclassification_loss": 0.0,
    "ortho_loss": 0.0,
    "pearson": 0.6049,
    "regression_loss": 2.1729,
    "rm2": 0.3371,
    "rmse": 1.4627,
    "sd": 1.4462,
    "spearman": 0.5765,
    "spectral_loss": 0.0
}
                              
Test Results: {
    "ci": 0.6742,
    "classification_loss": 0.0,
    "cluster_loss": 0.0,
    "mae": 1.1081,
    "mse": 2.1381,
    "multiclassification_loss": 0.0,
    "ortho_loss": 0.0,
    "pearson": 0.5352,
    "regression_loss": 2.1375,
    "rm2": 0.2686,
    "rmse": 1.4622,
    "sd": 1.425,
    "spearman": 0.4906,
    "spectral_loss": 0.0
}
                              
                              
----------------------------------------
Epoch 036 with LR 0.000100: Model Results
----------------------------------------
Train MSE Loss: 0.6368, Train CLS Loss: 0.0000, Train MCLS Loss: 0.0000
Protein Cluster Region Loss - Ortho Loss: 0.0000, Cluster Loss: 0.0000
                              
Validation Results: {
    "ci": 0.7116,
    "classification_loss": 0.0,
    "cluster_loss": 0.0,
    "mae": 1.094,
    "mse": 2.1462,
    "multiclassification_loss": 0.0,
    "ortho_loss": 0.0,
    "pearson": 0.6098,
    "regression_loss": 2.2057,
    "rm2": 0.3293,
    "rmse": 1.465,
    "sd": 1.4393,
    "spearman": 0.5893,
    "spectral_loss": 0.0
}
                              
Test Results: {
    "ci": 0.6742,
    "classification_loss": 0.0,
    "cluster_loss": 0.0,
    "mae": 1.1081,
    "mse": 2.1381,
    "multiclassification_loss": 0.0,
    "ortho_loss": 0.0,
    "pearson": 0.5352,
    "regression_loss": 2.1375,
    "rm2": 0.2686,
    "rmse": 1.4622,
    "sd": 1.425,
    "spearman": 0.4906,
    "spectral_loss": 0.0
}
                              
                              
----------------------------------------
Epoch 037 with LR 0.000100: Model Results
----------------------------------------
Train MSE Loss: 0.6276, Train CLS Loss: 0.0000, Train MCLS Loss: 0.0000
Protein Cluster Region Loss - Ortho Loss: 0.0000, Cluster Loss: 0.0000
                              
Validation Results: {
    "ci": 0.7064,
    "classification_loss": 0.0,
    "cluster_loss": 0.0,
    "mae": 1.0945,
    "mse": 2.1607,
    "multiclassification_loss": 0.0,
    "ortho_loss": 0.0,
    "pearson": 0.6065,
    "regression_loss": 2.2047,
    "rm2": 0.347,
    "rmse": 1.4699,
    "sd": 1.4439,
    "spearman": 0.5723,
    "spectral_loss": 0.0
}
                              
Test Results: {
    "ci": 0.6742,
    "classification_loss": 0.0,
    "cluster_loss": 0.0,
    "mae": 1.1081,
    "mse": 2.1381,
    "multiclassification_loss": 0.0,
    "ortho_loss": 0.0,
    "pearson": 0.5352,
    "regression_loss": 2.1375,
    "rm2": 0.2686,
    "rmse": 1.4622,
    "sd": 1.425,
    "spearman": 0.4906,
    "spectral_loss": 0.0
}
                              
                              
----------------------------------------
Epoch 038 with LR 0.000100: Model Results
----------------------------------------
Train MSE Loss: 0.6220, Train CLS Loss: 0.0000, Train MCLS Loss: 0.0000
Protein Cluster Region Loss - Ortho Loss: 0.0000, Cluster Loss: 0.0000
                              
Validation Results: {
    "ci": 0.7148,
    "classification_loss": 0.0,
    "cluster_loss": 0.0,
    "mae": 1.0959,
    "mse": 2.1958,
    "multiclassification_loss": 0.0,
    "ortho_loss": 0.0,
    "pearson": 0.6121,
    "regression_loss": 2.2245,
    "rm2": 0.326,
    "rmse": 1.4818,
    "sd": 1.4361,
    "spearman": 0.595,
    "spectral_loss": 0.0
}
                              
Test Results: {
    "ci": 0.6742,
    "classification_loss": 0.0,
    "cluster_loss": 0.0,
    "mae": 1.1081,
    "mse": 2.1381,
    "multiclassification_loss": 0.0,
    "ortho_loss": 0.0,
    "pearson": 0.5352,
    "regression_loss": 2.1375,
    "rm2": 0.2686,
    "rmse": 1.4622,
    "sd": 1.425,
    "spearman": 0.4906,
    "spectral_loss": 0.0
}
                              
                              
----------------------------------------
Epoch 039 with LR 0.000100: Model Results
----------------------------------------
Train MSE Loss: 0.6117, Train CLS Loss: 0.0000, Train MCLS Loss: 0.0000
Protein Cluster Region Loss - Ortho Loss: 0.0000, Cluster Loss: 0.0000
                              
Validation Results: {
    "ci": 0.7145,
    "classification_loss": 0.0,
    "cluster_loss": 0.0,
    "mae": 1.0744,
    "mse": 2.0947,
    "multiclassification_loss": 0.0,
    "ortho_loss": 0.0,
    "pearson": 0.6251,
    "regression_loss": 2.1283,
    "rm2": 0.3496,
    "rmse": 1.4473,
    "sd": 1.4175,
    "spearman": 0.5956,
    "spectral_loss": 0.0
}
                              
Test Results: {
    "ci": 0.6742,
    "classification_loss": 0.0,
    "cluster_loss": 0.0,
    "mae": 1.1081,
    "mse": 2.1381,
    "multiclassification_loss": 0.0,
    "ortho_loss": 0.0,
    "pearson": 0.5352,
    "regression_loss": 2.1375,
    "rm2": 0.2686,
    "rmse": 1.4622,
    "sd": 1.425,
    "spearman": 0.4906,
    "spectral_loss": 0.0
}
                              
                              
----------------------------------------
Epoch 040 with LR 0.000100: Model Results
----------------------------------------
Train MSE Loss: 0.6124, Train CLS Loss: 0.0000, Train MCLS Loss: 0.0000
Protein Cluster Region Loss - Ortho Loss: 0.0000, Cluster Loss: 0.0000
                              
Validation Results: {
    "ci": 0.7155,
    "classification_loss": 0.0,
    "cluster_loss": 0.0,
    "mae": 1.0806,
    "mse": 2.1092,
    "multiclassification_loss": 0.0,
    "ortho_loss": 0.0,
    "pearson": 0.6207,
    "regression_loss": 2.1524,
    "rm2": 0.3388,
    "rmse": 1.4523,
    "sd": 1.4238,
    "spearman": 0.5962,
    "spectral_loss": 0.0
}
                              
Test Results: {
    "ci": 0.6742,
    "classification_loss": 0.0,
    "cluster_loss": 0.0,
    "mae": 1.1081,
    "mse": 2.1381,
    "multiclassification_loss": 0.0,
    "ortho_loss": 0.0,
    "pearson": 0.5352,
    "regression_loss": 2.1375,
    "rm2": 0.2686,
    "rmse": 1.4622,
    "sd": 1.425,
    "spearman": 0.4906,
    "spectral_loss": 0.0
}
                              
                              
----------------------------------------
Epoch 041 with LR 0.000100: Model Results
----------------------------------------
Train MSE Loss: 0.6037, Train CLS Loss: 0.0000, Train MCLS Loss: 0.0000
Protein Cluster Region Loss - Ortho Loss: 0.0000, Cluster Loss: 0.0000
                              
Validation Results: {
    "ci": 0.7191,
    "classification_loss": 0.0,
    "cluster_loss": 0.0,
    "mae": 1.0569,
    "mse": 2.0624,
    "multiclassification_loss": 0.0,
    "ortho_loss": 0.0,
    "pearson": 0.627,
    "regression_loss": 2.1197,
    "rm2": 0.3517,
    "rmse": 1.4361,
    "sd": 1.4147,
    "spearman": 0.6032,
    "spectral_loss": 0.0
}
                              
Test Results: {
    "ci": 0.6742,
    "classification_loss": 0.0,
    "cluster_loss": 0.0,
    "mae": 1.1081,
    "mse": 2.1381,
    "multiclassification_loss": 0.0,
    "ortho_loss": 0.0,
    "pearson": 0.5352,
    "regression_loss": 2.1375,
    "rm2": 0.2686,
    "rmse": 1.4622,
    "sd": 1.425,
    "spearman": 0.4906,
    "spectral_loss": 0.0
}
                              
                              
----------------------------------------
Epoch 042 with LR 0.000100: Model Results
----------------------------------------
Train MSE Loss: 0.5924, Train CLS Loss: 0.0000, Train MCLS Loss: 0.0000
Protein Cluster Region Loss - Ortho Loss: 0.0000, Cluster Loss: 0.0000
                              
Validation Results: {
    "ci": 0.71,
    "classification_loss": 0.0,
    "cluster_loss": 0.0,
    "mae": 1.1229,
    "mse": 2.2522,
    "multiclassification_loss": 0.0,
    "ortho_loss": 0.0,
    "pearson": 0.6049,
    "regression_loss": 2.2559,
    "rm2": 0.3594,
    "rmse": 1.5007,
    "sd": 1.4461,
    "spearman": 0.5823,
    "spectral_loss": 0.0
}
                              
Test Results: {
    "ci": 0.6742,
    "classification_loss": 0.0,
    "cluster_loss": 0.0,
    "mae": 1.1081,
    "mse": 2.1381,
    "multiclassification_loss": 0.0,
    "ortho_loss": 0.0,
    "pearson": 0.5352,
    "regression_loss": 2.1375,
    "rm2": 0.2686,
    "rmse": 1.4622,
    "sd": 1.425,
    "spearman": 0.4906,
    "spectral_loss": 0.0
}
                              
                              
----------------------------------------
Epoch 043 with LR 0.000100: Model Results
----------------------------------------
Train MSE Loss: 0.5930, Train CLS Loss: 0.0000, Train MCLS Loss: 0.0000
Protein Cluster Region Loss - Ortho Loss: 0.0000, Cluster Loss: 0.0000
                              
Validation Results: {
    "ci": 0.7171,
    "classification_loss": 0.0,
    "cluster_loss": 0.0,
    "mae": 1.0705,
    "mse": 2.0661,
    "multiclassification_loss": 0.0,
    "ortho_loss": 0.0,
    "pearson": 0.6247,
    "regression_loss": 2.0967,
    "rm2": 0.3525,
    "rmse": 1.4374,
    "sd": 1.4181,
    "spearman": 0.6023,
    "spectral_loss": 0.0
}
                              
Test Results: {
    "ci": 0.6742,
    "classification_loss": 0.0,
    "cluster_loss": 0.0,
    "mae": 1.1081,
    "mse": 2.1381,
    "multiclassification_loss": 0.0,
    "ortho_loss": 0.0,
    "pearson": 0.5352,
    "regression_loss": 2.1375,
    "rm2": 0.2686,
    "rmse": 1.4622,
    "sd": 1.425,
    "spearman": 0.4906,
    "spectral_loss": 0.0
}
                              
                              
----------------------------------------
Epoch 044 with LR 0.000100: Model Results
----------------------------------------
Train MSE Loss: 0.5871, Train CLS Loss: 0.0000, Train MCLS Loss: 0.0000
Protein Cluster Region Loss - Ortho Loss: 0.0000, Cluster Loss: 0.0000
                              
Validation Results: {
    "ci": 0.7158,
    "classification_loss": 0.0,
    "cluster_loss": 0.0,
    "mae": 1.0822,
    "mse": 2.1454,
    "multiclassification_loss": 0.0,
    "ortho_loss": 0.0,
    "pearson": 0.616,
    "regression_loss": 2.1849,
    "rm2": 0.3311,
    "rmse": 1.4647,
    "sd": 1.4306,
    "spearman": 0.5967,
    "spectral_loss": 0.0
}
                              
Test Results: {
    "ci": 0.6742,
    "classification_loss": 0.0,
    "cluster_loss": 0.0,
    "mae": 1.1081,
    "mse": 2.1381,
    "multiclassification_loss": 0.0,
    "ortho_loss": 0.0,
    "pearson": 0.5352,
    "regression_loss": 2.1375,
    "rm2": 0.2686,
    "rmse": 1.4622,
    "sd": 1.425,
    "spearman": 0.4906,
    "spectral_loss": 0.0
}
                              
                              
----------------------------------------
Epoch 045 with LR 0.000100: Model Results
----------------------------------------
Train MSE Loss: 0.5728, Train CLS Loss: 0.0000, Train MCLS Loss: 0.0000
Protein Cluster Region Loss - Ortho Loss: 0.0000, Cluster Loss: 0.0000
                              
Validation Results: {
    "ci": 0.7168,
    "classification_loss": 0.0,
    "cluster_loss": 0.0,
    "mae": 1.0759,
    "mse": 2.1275,
    "multiclassification_loss": 0.0,
    "ortho_loss": 0.0,
    "pearson": 0.6212,
    "regression_loss": 2.1678,
    "rm2": 0.3314,
    "rmse": 1.4586,
    "sd": 1.4231,
    "spearman": 0.5989,
    "spectral_loss": 0.0
}
                              
Test Results: {
    "ci": 0.6742,
    "classification_loss": 0.0,
    "cluster_loss": 0.0,
    "mae": 1.1081,
    "mse": 2.1381,
    "multiclassification_loss": 0.0,
    "ortho_loss": 0.0,
    "pearson": 0.5352,
    "regression_loss": 2.1375,
    "rm2": 0.2686,
    "rmse": 1.4622,
    "sd": 1.425,
    "spearman": 0.4906,
    "spectral_loss": 0.0
}
                              
                              
----------------------------------------
Epoch 046 with LR 0.000100: Model Results
----------------------------------------
Train MSE Loss: 0.5711, Train CLS Loss: 0.0000, Train MCLS Loss: 0.0000
Protein Cluster Region Loss - Ortho Loss: 0.0000, Cluster Loss: 0.0000
                              
Validation Results: {
    "ci": 0.7127,
    "classification_loss": 0.0,
    "cluster_loss": 0.0,
    "mae": 1.0853,
    "mse": 2.092,
    "multiclassification_loss": 0.0,
    "ortho_loss": 0.0,
    "pearson": 0.617,
    "regression_loss": 2.1362,
    "rm2": 0.3563,
    "rmse": 1.4464,
    "sd": 1.4292,
    "spearman": 0.5921,
    "spectral_loss": 0.0
}
                              
Test Results: {
    "ci": 0.6742,
    "classification_loss": 0.0,
    "cluster_loss": 0.0,
    "mae": 1.1081,
    "mse": 2.1381,
    "multiclassification_loss": 0.0,
    "ortho_loss": 0.0,
    "pearson": 0.5352,
    "regression_loss": 2.1375,
    "rm2": 0.2686,
    "rmse": 1.4622,
    "sd": 1.425,
    "spearman": 0.4906,
    "spectral_loss": 0.0
}
                              
                              
----------------------------------------
Epoch 047 with LR 0.000100: Model Results
----------------------------------------
Train MSE Loss: 0.5650, Train CLS Loss: 0.0000, Train MCLS Loss: 0.0000
Protein Cluster Region Loss - Ortho Loss: 0.0000, Cluster Loss: 0.0000
                              
Validation Results: {
    "ci": 0.7199,
    "classification_loss": 0.0,
    "cluster_loss": 0.0,
    "mae": 1.0729,
    "mse": 2.0702,
    "multiclassification_loss": 0.0,
    "ortho_loss": 0.0,
    "pearson": 0.63,
    "regression_loss": 2.1022,
    "rm2": 0.3918,
    "rmse": 1.4388,
    "sd": 1.4103,
    "spearman": 0.6071,
    "spectral_loss": 0.0
}
                              
Test Results: {
    "ci": 0.6742,
    "classification_loss": 0.0,
    "cluster_loss": 0.0,
    "mae": 1.1081,
    "mse": 2.1381,
    "multiclassification_loss": 0.0,
    "ortho_loss": 0.0,
    "pearson": 0.5352,
    "regression_loss": 2.1375,
    "rm2": 0.2686,
    "rmse": 1.4622,
    "sd": 1.425,
    "spearman": 0.4906,
    "spectral_loss": 0.0
}
                              
                              
----------------------------------------
Epoch 048 with LR 0.000100: Model Results
----------------------------------------
Train MSE Loss: 0.5665, Train CLS Loss: 0.0000, Train MCLS Loss: 0.0000
Protein Cluster Region Loss - Ortho Loss: 0.0000, Cluster Loss: 0.0000
                              
Validation Results: {
    "ci": 0.7153,
    "classification_loss": 0.0,
    "cluster_loss": 0.0,
    "mae": 1.0857,
    "mse": 2.1475,
    "multiclassification_loss": 0.0,
    "ortho_loss": 0.0,
    "pearson": 0.6208,
    "regression_loss": 2.1806,
    "rm2": 0.3239,
    "rmse": 1.4654,
    "sd": 1.4238,
    "spearman": 0.5952,
    "spectral_loss": 0.0
}
                              
Test Results: {
    "ci": 0.6742,
    "classification_loss": 0.0,
    "cluster_loss": 0.0,
    "mae": 1.1081,
    "mse": 2.1381,
    "multiclassification_loss": 0.0,
    "ortho_loss": 0.0,
    "pearson": 0.5352,
    "regression_loss": 2.1375,
    "rm2": 0.2686,
    "rmse": 1.4622,
    "sd": 1.425,
    "spearman": 0.4906,
    "spectral_loss": 0.0
}
                              
                              
----------------------------------------
Epoch 049 with LR 0.000100: Model Results
----------------------------------------
Train MSE Loss: 0.5571, Train CLS Loss: 0.0000, Train MCLS Loss: 0.0000
Protein Cluster Region Loss - Ortho Loss: 0.0000, Cluster Loss: 0.0000
                              
Validation Results: {
    "ci": 0.7219,
    "classification_loss": 0.0,
    "cluster_loss": 0.0,
    "mae": 1.0534,
    "mse": 2.044,
    "multiclassification_loss": 0.0,
    "ortho_loss": 0.0,
    "pearson": 0.6343,
    "regression_loss": 2.0943,
    "rm2": 0.3658,
    "rmse": 1.4297,
    "sd": 1.404,
    "spearman": 0.6121,
    "spectral_loss": 0.0
}
                              
Test Results: {
    "ci": 0.6742,
    "classification_loss": 0.0,
    "cluster_loss": 0.0,
    "mae": 1.1081,
    "mse": 2.1381,
    "multiclassification_loss": 0.0,
    "ortho_loss": 0.0,
    "pearson": 0.5352,
    "regression_loss": 2.1375,
    "rm2": 0.2686,
    "rmse": 1.4622,
    "sd": 1.425,
    "spearman": 0.4906,
    "spectral_loss": 0.0
}
                              
                              
----------------------------------------
Epoch 050 with LR 0.000100: Model Results
----------------------------------------
Train MSE Loss: 0.5482, Train CLS Loss: 0.0000, Train MCLS Loss: 0.0000
Protein Cluster Region Loss - Ortho Loss: 0.0000, Cluster Loss: 0.0000
                              
Validation Results: {
    "ci": 0.7153,
    "classification_loss": 0.0,
    "cluster_loss": 0.0,
    "mae": 1.0737,
    "mse": 2.0642,
    "multiclassification_loss": 0.0,
    "ortho_loss": 0.0,
    "pearson": 0.6225,
    "regression_loss": 2.0881,
    "rm2": 0.3672,
    "rmse": 1.4367,
    "sd": 1.4213,
    "spearman": 0.5963,
    "spectral_loss": 0.0
}
                              
Test Results: {
    "ci": 0.6742,
    "classification_loss": 0.0,
    "cluster_loss": 0.0,
    "mae": 1.1081,
    "mse": 2.1381,
    "multiclassification_loss": 0.0,
    "ortho_loss": 0.0,
    "pearson": 0.5352,
    "regression_loss": 2.1375,
    "rm2": 0.2686,
    "rmse": 1.4622,
    "sd": 1.425,
    "spearman": 0.4906,
    "spectral_loss": 0.0
}
                              
                              
----------------------------------------
Epoch 051 with LR 0.000100: Model Results
----------------------------------------
Train MSE Loss: 0.5471, Train CLS Loss: 0.0000, Train MCLS Loss: 0.0000
Protein Cluster Region Loss - Ortho Loss: 0.0000, Cluster Loss: 0.0000
                              
Validation Results: {
    "ci": 0.7247,
    "classification_loss": 0.0,
    "cluster_loss": 0.0,
    "mae": 1.0648,
    "mse": 2.0509,
    "multiclassification_loss": 0.0,
    "ortho_loss": 0.0,
    "pearson": 0.6337,
    "regression_loss": 2.0776,
    "rm2": 0.3907,
    "rmse": 1.4321,
    "sd": 1.4049,
    "spearman": 0.6206,
    "spectral_loss": 0.0
}
                              
Test Results: {
    "ci": 0.6742,
    "classification_loss": 0.0,
    "cluster_loss": 0.0,
    "mae": 1.1081,
    "mse": 2.1381,
    "multiclassification_loss": 0.0,
    "ortho_loss": 0.0,
    "pearson": 0.5352,
    "regression_loss": 2.1375,
    "rm2": 0.2686,
    "rmse": 1.4622,
    "sd": 1.425,
    "spearman": 0.4906,
    "spectral_loss": 0.0
}
                              
                              
----------------------------------------
Epoch 052 with LR 0.000100: Model Results
----------------------------------------
Train MSE Loss: 0.5352, Train CLS Loss: 0.0000, Train MCLS Loss: 0.0000
Protein Cluster Region Loss - Ortho Loss: 0.0000, Cluster Loss: 0.0000
                              
Validation Results: {
    "ci": 0.7162,
    "classification_loss": 0.0,
    "cluster_loss": 0.0,
    "mae": 1.0793,
    "mse": 2.1043,
    "multiclassification_loss": 0.0,
    "ortho_loss": 0.0,
    "pearson": 0.6206,
    "regression_loss": 2.1348,
    "rm2": 0.3629,
    "rmse": 1.4506,
    "sd": 1.424,
    "spearman": 0.6004,
    "spectral_loss": 0.0
}
                              
Test Results: {
    "ci": 0.6742,
    "classification_loss": 0.0,
    "cluster_loss": 0.0,
    "mae": 1.1081,
    "mse": 2.1381,
    "multiclassification_loss": 0.0,
    "ortho_loss": 0.0,
    "pearson": 0.5352,
    "regression_loss": 2.1375,
    "rm2": 0.2686,
    "rmse": 1.4622,
    "sd": 1.425,
    "spearman": 0.4906,
    "spectral_loss": 0.0
}
                              
                              
----------------------------------------
Epoch 053 with LR 0.000100: Model Results
----------------------------------------
Train MSE Loss: 0.5336, Train CLS Loss: 0.0000, Train MCLS Loss: 0.0000
Protein Cluster Region Loss - Ortho Loss: 0.0000, Cluster Loss: 0.0000
                              
Validation Results: {
    "ci": 0.7177,
    "classification_loss": 0.0,
    "cluster_loss": 0.0,
    "mae": 1.0615,
    "mse": 2.0409,
    "multiclassification_loss": 0.0,
    "ortho_loss": 0.0,
    "pearson": 0.6267,
    "regression_loss": 2.0877,
    "rm2": 0.3569,
    "rmse": 1.4286,
    "sd": 1.4152,
    "spearman": 0.6014,
    "spectral_loss": 0.0
}
                              
Test Results: {
    "ci": 0.6735,
    "classification_loss": 0.0,
    "cluster_loss": 0.0,
    "mae": 1.1231,
    "mse": 2.1905,
    "multiclassification_loss": 0.0,
    "ortho_loss": 0.0,
    "pearson": 0.5331,
    "regression_loss": 2.1859,
    "rm2": 0.2497,
    "rmse": 1.48,
    "sd": 1.4273,
    "spearman": 0.4895,
    "spectral_loss": 0.0
}
                              
                              
----------------------------------------
Epoch 054 with LR 0.000100: Model Results
----------------------------------------
Train MSE Loss: 0.5242, Train CLS Loss: 0.0000, Train MCLS Loss: 0.0000
Protein Cluster Region Loss - Ortho Loss: 0.0000, Cluster Loss: 0.0000
                              
Validation Results: {
    "ci": 0.714,
    "classification_loss": 0.0,
    "cluster_loss": 0.0,
    "mae": 1.0755,
    "mse": 2.0815,
    "multiclassification_loss": 0.0,
    "ortho_loss": 0.0,
    "pearson": 0.617,
    "regression_loss": 2.121,
    "rm2": 0.3533,
    "rmse": 1.4427,
    "sd": 1.4292,
    "spearman": 0.5946,
    "spectral_loss": 0.0
}
                              
Test Results: {
    "ci": 0.6735,
    "classification_loss": 0.0,
    "cluster_loss": 0.0,
    "mae": 1.1231,
    "mse": 2.1905,
    "multiclassification_loss": 0.0,
    "ortho_loss": 0.0,
    "pearson": 0.5331,
    "regression_loss": 2.1859,
    "rm2": 0.2497,
    "rmse": 1.48,
    "sd": 1.4273,
    "spearman": 0.4895,
    "spectral_loss": 0.0
}
                              
                              
----------------------------------------
Epoch 055 with LR 0.000100: Model Results
----------------------------------------
Train MSE Loss: 0.5263, Train CLS Loss: 0.0000, Train MCLS Loss: 0.0000
Protein Cluster Region Loss - Ortho Loss: 0.0000, Cluster Loss: 0.0000
                              
Validation Results: {
    "ci": 0.7132,
    "classification_loss": 0.0,
    "cluster_loss": 0.0,
    "mae": 1.0851,
    "mse": 2.1398,
    "multiclassification_loss": 0.0,
    "ortho_loss": 0.0,
    "pearson": 0.6131,
    "regression_loss": 2.1811,
    "rm2": 0.3306,
    "rmse": 1.4628,
    "sd": 1.4348,
    "spearman": 0.5911,
    "spectral_loss": 0.0
}
                              
Test Results: {
    "ci": 0.6735,
    "classification_loss": 0.0,
    "cluster_loss": 0.0,
    "mae": 1.1231,
    "mse": 2.1905,
    "multiclassification_loss": 0.0,
    "ortho_loss": 0.0,
    "pearson": 0.5331,
    "regression_loss": 2.1859,
    "rm2": 0.2497,
    "rmse": 1.48,
    "sd": 1.4273,
    "spearman": 0.4895,
    "spectral_loss": 0.0
}
                              
                              
----------------------------------------
Epoch 056 with LR 0.000100: Model Results
----------------------------------------
Train MSE Loss: 0.5124, Train CLS Loss: 0.0000, Train MCLS Loss: 0.0000
Protein Cluster Region Loss - Ortho Loss: 0.0000, Cluster Loss: 0.0000
                              
Validation Results: {
    "ci": 0.7188,
    "classification_loss": 0.0,
    "cluster_loss": 0.0,
    "mae": 1.0734,
    "mse": 2.0838,
    "multiclassification_loss": 0.0,
    "ortho_loss": 0.0,
    "pearson": 0.6265,
    "regression_loss": 2.1312,
    "rm2": 0.3601,
    "rmse": 1.4435,
    "sd": 1.4156,
    "spearman": 0.6058,
    "spectral_loss": 0.0
}
                              
Test Results: {
    "ci": 0.6735,
    "classification_loss": 0.0,
    "cluster_loss": 0.0,
    "mae": 1.1231,
    "mse": 2.1905,
    "multiclassification_loss": 0.0,
    "ortho_loss": 0.0,
    "pearson": 0.5331,
    "regression_loss": 2.1859,
    "rm2": 0.2497,
    "rmse": 1.48,
    "sd": 1.4273,
    "spearman": 0.4895,
    "spectral_loss": 0.0
}
                              
                              
----------------------------------------
Epoch 057 with LR 0.000100: Model Results
----------------------------------------
Train MSE Loss: 0.5178, Train CLS Loss: 0.0000, Train MCLS Loss: 0.0000
Protein Cluster Region Loss - Ortho Loss: 0.0000, Cluster Loss: 0.0000
                              
Validation Results: {
    "ci": 0.7194,
    "classification_loss": 0.0,
    "cluster_loss": 0.0,
    "mae": 1.0795,
    "mse": 2.113,
    "multiclassification_loss": 0.0,
    "ortho_loss": 0.0,
    "pearson": 0.6283,
    "regression_loss": 2.1611,
    "rm2": 0.3497,
    "rmse": 1.4536,
    "sd": 1.4128,
    "spearman": 0.6068,
    "spectral_loss": 0.0
}
                              
Test Results: {
    "ci": 0.6735,
    "classification_loss": 0.0,
    "cluster_loss": 0.0,
    "mae": 1.1231,
    "mse": 2.1905,
    "multiclassification_loss": 0.0,
    "ortho_loss": 0.0,
    "pearson": 0.5331,
    "regression_loss": 2.1859,
    "rm2": 0.2497,
    "rmse": 1.48,
    "sd": 1.4273,
    "spearman": 0.4895,
    "spectral_loss": 0.0
}
                              
                              
----------------------------------------
Epoch 058 with LR 0.000100: Model Results
----------------------------------------
Train MSE Loss: 0.5123, Train CLS Loss: 0.0000, Train MCLS Loss: 0.0000
Protein Cluster Region Loss - Ortho Loss: 0.0000, Cluster Loss: 0.0000
                              
Validation Results: {
    "ci": 0.7195,
    "classification_loss": 0.0,
    "cluster_loss": 0.0,
    "mae": 1.06,
    "mse": 2.0641,
    "multiclassification_loss": 0.0,
    "ortho_loss": 0.0,
    "pearson": 0.625,
    "regression_loss": 2.1147,
    "rm2": 0.3485,
    "rmse": 1.4367,
    "sd": 1.4176,
    "spearman": 0.6041,
    "spectral_loss": 0.0
}
                              
Test Results: {
    "ci": 0.6735,
    "classification_loss": 0.0,
    "cluster_loss": 0.0,
    "mae": 1.1231,
    "mse": 2.1905,
    "multiclassification_loss": 0.0,
    "ortho_loss": 0.0,
    "pearson": 0.5331,
    "regression_loss": 2.1859,
    "rm2": 0.2497,
    "rmse": 1.48,
    "sd": 1.4273,
    "spearman": 0.4895,
    "spectral_loss": 0.0
}
                              
                              
----------------------------------------
Epoch 059 with LR 0.000100: Model Results
----------------------------------------
Train MSE Loss: 0.5073, Train CLS Loss: 0.0000, Train MCLS Loss: 0.0000
Protein Cluster Region Loss - Ortho Loss: 0.0000, Cluster Loss: 0.0000
                              
Validation Results: {
    "ci": 0.7214,
    "classification_loss": 0.0,
    "cluster_loss": 0.0,
    "mae": 1.0804,
    "mse": 2.1298,
    "multiclassification_loss": 0.0,
    "ortho_loss": 0.0,
    "pearson": 0.6312,
    "regression_loss": 2.1998,
    "rm2": 0.3266,
    "rmse": 1.4594,
    "sd": 1.4085,
    "spearman": 0.6096,
    "spectral_loss": 0.0
}
                              
Test Results: {
    "ci": 0.6735,
    "classification_loss": 0.0,
    "cluster_loss": 0.0,
    "mae": 1.1231,
    "mse": 2.1905,
    "multiclassification_loss": 0.0,
    "ortho_loss": 0.0,
    "pearson": 0.5331,
    "regression_loss": 2.1859,
    "rm2": 0.2497,
    "rmse": 1.48,
    "sd": 1.4273,
    "spearman": 0.4895,
    "spectral_loss": 0.0
}
                              
                              
----------------------------------------
Epoch 060 with LR 0.000100: Model Results
----------------------------------------
Train MSE Loss: 0.4928, Train CLS Loss: 0.0000, Train MCLS Loss: 0.0000
Protein Cluster Region Loss - Ortho Loss: 0.0000, Cluster Loss: 0.0000
                              
Validation Results: {
    "ci": 0.72,
    "classification_loss": 0.0,
    "cluster_loss": 0.0,
    "mae": 1.0644,
    "mse": 2.0647,
    "multiclassification_loss": 0.0,
    "ortho_loss": 0.0,
    "pearson": 0.6284,
    "regression_loss": 2.1009,
    "rm2": 0.3657,
    "rmse": 1.4369,
    "sd": 1.4127,
    "spearman": 0.609,
    "spectral_loss": 0.0
}
                              
Test Results: {
    "ci": 0.6735,
    "classification_loss": 0.0,
    "cluster_loss": 0.0,
    "mae": 1.1231,
    "mse": 2.1905,
    "multiclassification_loss": 0.0,
    "ortho_loss": 0.0,
    "pearson": 0.5331,
    "regression_loss": 2.1859,
    "rm2": 0.2497,
    "rmse": 1.48,
    "sd": 1.4273,
    "spearman": 0.4895,
    "spectral_loss": 0.0
}
                              
                              
----------------------------------------
Epoch 061 with LR 0.000100: Model Results
----------------------------------------
Train MSE Loss: 0.4952, Train CLS Loss: 0.0000, Train MCLS Loss: 0.0000
Protein Cluster Region Loss - Ortho Loss: 0.0000, Cluster Loss: 0.0000
                              
Validation Results: {
    "ci": 0.7159,
    "classification_loss": 0.0,
    "cluster_loss": 0.0,
    "mae": 1.0895,
    "mse": 2.1253,
    "multiclassification_loss": 0.0,
    "ortho_loss": 0.0,
    "pearson": 0.618,
    "regression_loss": 2.17,
    "rm2": 0.3652,
    "rmse": 1.4579,
    "sd": 1.4277,
    "spearman": 0.5974,
    "spectral_loss": 0.0
}
                              
Test Results: {
    "ci": 0.6735,
    "classification_loss": 0.0,
    "cluster_loss": 0.0,
    "mae": 1.1231,
    "mse": 2.1905,
    "multiclassification_loss": 0.0,
    "ortho_loss": 0.0,
    "pearson": 0.5331,
    "regression_loss": 2.1859,
    "rm2": 0.2497,
    "rmse": 1.48,
    "sd": 1.4273,
    "spearman": 0.4895,
    "spectral_loss": 0.0
}
                              
                              
----------------------------------------
Epoch 062 with LR 0.000100: Model Results
----------------------------------------
Train MSE Loss: 0.4836, Train CLS Loss: 0.0000, Train MCLS Loss: 0.0000
Protein Cluster Region Loss - Ortho Loss: 0.0000, Cluster Loss: 0.0000
                              
Validation Results: {
    "ci": 0.7205,
    "classification_loss": 0.0,
    "cluster_loss": 0.0,
    "mae": 1.0694,
    "mse": 2.0753,
    "multiclassification_loss": 0.0,
    "ortho_loss": 0.0,
    "pearson": 0.6307,
    "regression_loss": 2.1321,
    "rm2": 0.3514,
    "rmse": 1.4406,
    "sd": 1.4093,
    "spearman": 0.6074,
    "spectral_loss": 0.0
}
                              
Test Results: {
    "ci": 0.6735,
    "classification_loss": 0.0,
    "cluster_loss": 0.0,
    "mae": 1.1231,
    "mse": 2.1905,
    "multiclassification_loss": 0.0,
    "ortho_loss": 0.0,
    "pearson": 0.5331,
    "regression_loss": 2.1859,
    "rm2": 0.2497,
    "rmse": 1.48,
    "sd": 1.4273,
    "spearman": 0.4895,
    "spectral_loss": 0.0
}
                              
                              
----------------------------------------
Epoch 063 with LR 0.000100: Model Results
----------------------------------------
Train MSE Loss: 0.4872, Train CLS Loss: 0.0000, Train MCLS Loss: 0.0000
Protein Cluster Region Loss - Ortho Loss: 0.0000, Cluster Loss: 0.0000
                              
Validation Results: {
    "ci": 0.7164,
    "classification_loss": 0.0,
    "cluster_loss": 0.0,
    "mae": 1.0767,
    "mse": 2.1156,
    "multiclassification_loss": 0.0,
    "ortho_loss": 0.0,
    "pearson": 0.614,
    "regression_loss": 2.1708,
    "rm2": 0.3377,
    "rmse": 1.4545,
    "sd": 1.4335,
    "spearman": 0.5969,
    "spectral_loss": 0.0
}
                              
Test Results: {
    "ci": 0.6735,
    "classification_loss": 0.0,
    "cluster_loss": 0.0,
    "mae": 1.1231,
    "mse": 2.1905,
    "multiclassification_loss": 0.0,
    "ortho_loss": 0.0,
    "pearson": 0.5331,
    "regression_loss": 2.1859,
    "rm2": 0.2497,
    "rmse": 1.48,
    "sd": 1.4273,
    "spearman": 0.4895,
    "spectral_loss": 0.0
}
                              
                              
----------------------------------------
Epoch 064 with LR 0.000100: Model Results
----------------------------------------
Train MSE Loss: 0.4826, Train CLS Loss: 0.0000, Train MCLS Loss: 0.0000
Protein Cluster Region Loss - Ortho Loss: 0.0000, Cluster Loss: 0.0000
                              
Validation Results: {
    "ci": 0.7237,
    "classification_loss": 0.0,
    "cluster_loss": 0.0,
    "mae": 1.0496,
    "mse": 2.0076,
    "multiclassification_loss": 0.0,
    "ortho_loss": 0.0,
    "pearson": 0.6412,
    "regression_loss": 2.0711,
    "rm2": 0.3717,
    "rmse": 1.4169,
    "sd": 1.3937,
    "spearman": 0.6165,
    "spectral_loss": 0.0
}
                              
Test Results: {
    "ci": 0.678,
    "classification_loss": 0.0,
    "cluster_loss": 0.0,
    "mae": 1.1203,
    "mse": 2.1873,
    "multiclassification_loss": 0.0,
    "ortho_loss": 0.0,
    "pearson": 0.5469,
    "regression_loss": 2.1835,
    "rm2": 0.2666,
    "rmse": 1.479,
    "sd": 1.4123,
    "spearman": 0.5017,
    "spectral_loss": 0.0
}
                              
                              
----------------------------------------
Epoch 065 with LR 0.000100: Model Results
----------------------------------------
Train MSE Loss: 0.4863, Train CLS Loss: 0.0000, Train MCLS Loss: 0.0000
Protein Cluster Region Loss - Ortho Loss: 0.0000, Cluster Loss: 0.0000
                              
Validation Results: {
    "ci": 0.7134,
    "classification_loss": 0.0,
    "cluster_loss": 0.0,
    "mae": 1.0895,
    "mse": 2.136,
    "multiclassification_loss": 0.0,
    "ortho_loss": 0.0,
    "pearson": 0.6188,
    "regression_loss": 2.198,
    "rm2": 0.3431,
    "rmse": 1.4615,
    "sd": 1.4266,
    "spearman": 0.5923,
    "spectral_loss": 0.0
}
                              
Test Results: {
    "ci": 0.678,
    "classification_loss": 0.0,
    "cluster_loss": 0.0,
    "mae": 1.1203,
    "mse": 2.1873,
    "multiclassification_loss": 0.0,
    "ortho_loss": 0.0,
    "pearson": 0.5469,
    "regression_loss": 2.1835,
    "rm2": 0.2666,
    "rmse": 1.479,
    "sd": 1.4123,
    "spearman": 0.5017,
    "spectral_loss": 0.0
}
                              
                              
----------------------------------------
Epoch 066 with LR 0.000100: Model Results
----------------------------------------
Train MSE Loss: 0.4816, Train CLS Loss: 0.0000, Train MCLS Loss: 0.0000
Protein Cluster Region Loss - Ortho Loss: 0.0000, Cluster Loss: 0.0000
                              
Validation Results: {
    "ci": 0.7169,
    "classification_loss": 0.0,
    "cluster_loss": 0.0,
    "mae": 1.0765,
    "mse": 2.1123,
    "multiclassification_loss": 0.0,
    "ortho_loss": 0.0,
    "pearson": 0.6229,
    "regression_loss": 2.1649,
    "rm2": 0.362,
    "rmse": 1.4534,
    "sd": 1.4207,
    "spearman": 0.5989,
    "spectral_loss": 0.0
}
                              
Test Results: {
    "ci": 0.678,
    "classification_loss": 0.0,
    "cluster_loss": 0.0,
    "mae": 1.1203,
    "mse": 2.1873,
    "multiclassification_loss": 0.0,
    "ortho_loss": 0.0,
    "pearson": 0.5469,
    "regression_loss": 2.1835,
    "rm2": 0.2666,
    "rmse": 1.479,
    "sd": 1.4123,
    "spearman": 0.5017,
    "spectral_loss": 0.0
}
                              
                              
----------------------------------------
Epoch 067 with LR 0.000100: Model Results
----------------------------------------
Train MSE Loss: 0.4732, Train CLS Loss: 0.0000, Train MCLS Loss: 0.0000
Protein Cluster Region Loss - Ortho Loss: 0.0000, Cluster Loss: 0.0000
                              
Validation Results: {
    "ci": 0.714,
    "classification_loss": 0.0,
    "cluster_loss": 0.0,
    "mae": 1.0858,
    "mse": 2.1316,
    "multiclassification_loss": 0.0,
    "ortho_loss": 0.0,
    "pearson": 0.6127,
    "regression_loss": 2.1694,
    "rm2": 0.3526,
    "rmse": 1.46,
    "sd": 1.4352,
    "spearman": 0.5937,
    "spectral_loss": 0.0
}
                              
Test Results: {
    "ci": 0.678,
    "classification_loss": 0.0,
    "cluster_loss": 0.0,
    "mae": 1.1203,
    "mse": 2.1873,
    "multiclassification_loss": 0.0,
    "ortho_loss": 0.0,
    "pearson": 0.5469,
    "regression_loss": 2.1835,
    "rm2": 0.2666,
    "rmse": 1.479,
    "sd": 1.4123,
    "spearman": 0.5017,
    "spectral_loss": 0.0
}
                              
                              
----------------------------------------
Epoch 068 with LR 0.000100: Model Results
----------------------------------------
Train MSE Loss: 0.4639, Train CLS Loss: 0.0000, Train MCLS Loss: 0.0000
Protein Cluster Region Loss - Ortho Loss: 0.0000, Cluster Loss: 0.0000
                              
Validation Results: {
    "ci": 0.718,
    "classification_loss": 0.0,
    "cluster_loss": 0.0,
    "mae": 1.0687,
    "mse": 2.0478,
    "multiclassification_loss": 0.0,
    "ortho_loss": 0.0,
    "pearson": 0.6312,
    "regression_loss": 2.1261,
    "rm2": 0.3657,
    "rmse": 1.431,
    "sd": 1.4086,
    "spearman": 0.6048,
    "spectral_loss": 0.0
}
                              
Test Results: {
    "ci": 0.678,
    "classification_loss": 0.0,
    "cluster_loss": 0.0,
    "mae": 1.1203,
    "mse": 2.1873,
    "multiclassification_loss": 0.0,
    "ortho_loss": 0.0,
    "pearson": 0.5469,
    "regression_loss": 2.1835,
    "rm2": 0.2666,
    "rmse": 1.479,
    "sd": 1.4123,
    "spearman": 0.5017,
    "spectral_loss": 0.0
}
                              
                              
----------------------------------------
Epoch 069 with LR 0.000100: Model Results
----------------------------------------
Train MSE Loss: 0.4589, Train CLS Loss: 0.0000, Train MCLS Loss: 0.0000
Protein Cluster Region Loss - Ortho Loss: 0.0000, Cluster Loss: 0.0000
                              
Validation Results: {
    "ci": 0.71,
    "classification_loss": 0.0,
    "cluster_loss": 0.0,
    "mae": 1.0983,
    "mse": 2.1576,
    "multiclassification_loss": 0.0,
    "ortho_loss": 0.0,
    "pearson": 0.6069,
    "regression_loss": 2.1996,
    "rm2": 0.3342,
    "rmse": 1.4689,
    "sd": 1.4434,
    "spearman": 0.5842,
    "spectral_loss": 0.0
}
                              
Test Results: {
    "ci": 0.678,
    "classification_loss": 0.0,
    "cluster_loss": 0.0,
    "mae": 1.1203,
    "mse": 2.1873,
    "multiclassification_loss": 0.0,
    "ortho_loss": 0.0,
    "pearson": 0.5469,
    "regression_loss": 2.1835,
    "rm2": 0.2666,
    "rmse": 1.479,
    "sd": 1.4123,
    "spearman": 0.5017,
    "spectral_loss": 0.0
}
                              
                              
----------------------------------------
Epoch 070 with LR 0.000100: Model Results
----------------------------------------
Train MSE Loss: 0.4601, Train CLS Loss: 0.0000, Train MCLS Loss: 0.0000
Protein Cluster Region Loss - Ortho Loss: 0.0000, Cluster Loss: 0.0000
                              
Validation Results: {
    "ci": 0.7176,
    "classification_loss": 0.0,
    "cluster_loss": 0.0,
    "mae": 1.0855,
    "mse": 2.1868,
    "multiclassification_loss": 0.0,
    "ortho_loss": 0.0,
    "pearson": 0.6195,
    "regression_loss": 2.2467,
    "rm2": 0.3392,
    "rmse": 1.4788,
    "sd": 1.4256,
    "spearman": 0.5985,
    "spectral_loss": 0.0
}
                              
Test Results: {
    "ci": 0.678,
    "classification_loss": 0.0,
    "cluster_loss": 0.0,
    "mae": 1.1203,
    "mse": 2.1873,
    "multiclassification_loss": 0.0,
    "ortho_loss": 0.0,
    "pearson": 0.5469,
    "regression_loss": 2.1835,
    "rm2": 0.2666,
    "rmse": 1.479,
    "sd": 1.4123,
    "spearman": 0.5017,
    "spectral_loss": 0.0
}
                              
                              
----------------------------------------
Epoch 071 with LR 0.000100: Model Results
----------------------------------------
Train MSE Loss: 0.4592, Train CLS Loss: 0.0000, Train MCLS Loss: 0.0000
Protein Cluster Region Loss - Ortho Loss: 0.0000, Cluster Loss: 0.0000
                              
Validation Results: {
    "ci": 0.7169,
    "classification_loss": 0.0,
    "cluster_loss": 0.0,
    "mae": 1.0687,
    "mse": 2.0722,
    "multiclassification_loss": 0.0,
    "ortho_loss": 0.0,
    "pearson": 0.6213,
    "regression_loss": 2.1329,
    "rm2": 0.3518,
    "rmse": 1.4395,
    "sd": 1.4231,
    "spearman": 0.5982,
    "spectral_loss": 0.0
}
                              
Test Results: {
    "ci": 0.678,
    "classification_loss": 0.0,
    "cluster_loss": 0.0,
    "mae": 1.1203,
    "mse": 2.1873,
    "multiclassification_loss": 0.0,
    "ortho_loss": 0.0,
    "pearson": 0.5469,
    "regression_loss": 2.1835,
    "rm2": 0.2666,
    "rmse": 1.479,
    "sd": 1.4123,
    "spearman": 0.5017,
    "spectral_loss": 0.0
}
                              
                              
----------------------------------------
Epoch 072 with LR 0.000100: Model Results
----------------------------------------
Train MSE Loss: 0.4555, Train CLS Loss: 0.0000, Train MCLS Loss: 0.0000
Protein Cluster Region Loss - Ortho Loss: 0.0000, Cluster Loss: 0.0000
                              
Validation Results: {
    "ci": 0.7138,
    "classification_loss": 0.0,
    "cluster_loss": 0.0,
    "mae": 1.0723,
    "mse": 2.0884,
    "multiclassification_loss": 0.0,
    "ortho_loss": 0.0,
    "pearson": 0.6194,
    "regression_loss": 2.1625,
    "rm2": 0.357,
    "rmse": 1.4451,
    "sd": 1.4257,
    "spearman": 0.5923,
    "spectral_loss": 0.0
}
                              
Test Results: {
    "ci": 0.678,
    "classification_loss": 0.0,
    "cluster_loss": 0.0,
    "mae": 1.1203,
    "mse": 2.1873,
    "multiclassification_loss": 0.0,
    "ortho_loss": 0.0,
    "pearson": 0.5469,
    "regression_loss": 2.1835,
    "rm2": 0.2666,
    "rmse": 1.479,
    "sd": 1.4123,
    "spearman": 0.5017,
    "spectral_loss": 0.0
}
                              
                              
----------------------------------------
Epoch 073 with LR 0.000100: Model Results
----------------------------------------
Train MSE Loss: 0.4455, Train CLS Loss: 0.0000, Train MCLS Loss: 0.0000
Protein Cluster Region Loss - Ortho Loss: 0.0000, Cluster Loss: 0.0000
                              
Validation Results: {
    "ci": 0.7175,
    "classification_loss": 0.0,
    "cluster_loss": 0.0,
    "mae": 1.083,
    "mse": 2.155,
    "multiclassification_loss": 0.0,
    "ortho_loss": 0.0,
    "pearson": 0.6218,
    "regression_loss": 2.2128,
    "rm2": 0.3358,
    "rmse": 1.468,
    "sd": 1.4223,
    "spearman": 0.6005,
    "spectral_loss": 0.0
}
                              
Test Results: {
    "ci": 0.678,
    "classification_loss": 0.0,
    "cluster_loss": 0.0,
    "mae": 1.1203,
    "mse": 2.1873,
    "multiclassification_loss": 0.0,
    "ortho_loss": 0.0,
    "pearson": 0.5469,
    "regression_loss": 2.1835,
    "rm2": 0.2666,
    "rmse": 1.479,
    "sd": 1.4123,
    "spearman": 0.5017,
    "spectral_loss": 0.0
}
                              
                              
----------------------------------------
Epoch 074 with LR 0.000100: Model Results
----------------------------------------
Train MSE Loss: 0.4439, Train CLS Loss: 0.0000, Train MCLS Loss: 0.0000
Protein Cluster Region Loss - Ortho Loss: 0.0000, Cluster Loss: 0.0000
                              
Validation Results: {
    "ci": 0.7198,
    "classification_loss": 0.0,
    "cluster_loss": 0.0,
    "mae": 1.0721,
    "mse": 2.0943,
    "multiclassification_loss": 0.0,
    "ortho_loss": 0.0,
    "pearson": 0.6305,
    "regression_loss": 2.1664,
    "rm2": 0.3462,
    "rmse": 1.4472,
    "sd": 1.4095,
    "spearman": 0.6069,
    "spectral_loss": 0.0
}
                              
Test Results: {
    "ci": 0.678,
    "classification_loss": 0.0,
    "cluster_loss": 0.0,
    "mae": 1.1203,
    "mse": 2.1873,
    "multiclassification_loss": 0.0,
    "ortho_loss": 0.0,
    "pearson": 0.5469,
    "regression_loss": 2.1835,
    "rm2": 0.2666,
    "rmse": 1.479,
    "sd": 1.4123,
    "spearman": 0.5017,
    "spectral_loss": 0.0
}
                              
                              
----------------------------------------
Epoch 075 with LR 0.000100: Model Results
----------------------------------------
Train MSE Loss: 0.4372, Train CLS Loss: 0.0000, Train MCLS Loss: 0.0000
Protein Cluster Region Loss - Ortho Loss: 0.0000, Cluster Loss: 0.0000
                              
Validation Results: {
    "ci": 0.7093,
    "classification_loss": 0.0,
    "cluster_loss": 0.0,
    "mae": 1.0785,
    "mse": 2.1472,
    "multiclassification_loss": 0.0,
    "ortho_loss": 0.0,
    "pearson": 0.6054,
    "regression_loss": 2.1994,
    "rm2": 0.3449,
    "rmse": 1.4653,
    "sd": 1.4455,
    "spearman": 0.5754,
    "spectral_loss": 0.0
}
                              
Test Results: {
    "ci": 0.678,
    "classification_loss": 0.0,
    "cluster_loss": 0.0,
    "mae": 1.1203,
    "mse": 2.1873,
    "multiclassification_loss": 0.0,
    "ortho_loss": 0.0,
    "pearson": 0.5469,
    "regression_loss": 2.1835,
    "rm2": 0.2666,
    "rmse": 1.479,
    "sd": 1.4123,
    "spearman": 0.5017,
    "spectral_loss": 0.0
}
                              
                              
----------------------------------------
Epoch 076 with LR 0.000100: Model Results
----------------------------------------
Train MSE Loss: 0.4367, Train CLS Loss: 0.0000, Train MCLS Loss: 0.0000
Protein Cluster Region Loss - Ortho Loss: 0.0000, Cluster Loss: 0.0000
                              
Validation Results: {
    "ci": 0.7172,
    "classification_loss": 0.0,
    "cluster_loss": 0.0,
    "mae": 1.074,
    "mse": 2.1321,
    "multiclassification_loss": 0.0,
    "ortho_loss": 0.0,
    "pearson": 0.6203,
    "regression_loss": 2.1958,
    "rm2": 0.3385,
    "rmse": 1.4602,
    "sd": 1.4244,
    "spearman": 0.5981,
    "spectral_loss": 0.0
}
                              
Test Results: {
    "ci": 0.678,
    "classification_loss": 0.0,
    "cluster_loss": 0.0,
    "mae": 1.1203,
    "mse": 2.1873,
    "multiclassification_loss": 0.0,
    "ortho_loss": 0.0,
    "pearson": 0.5469,
    "regression_loss": 2.1835,
    "rm2": 0.2666,
    "rmse": 1.479,
    "sd": 1.4123,
    "spearman": 0.5017,
    "spectral_loss": 0.0
}
                              
                              
----------------------------------------
Epoch 077 with LR 0.000100: Model Results
----------------------------------------
Train MSE Loss: 0.4347, Train CLS Loss: 0.0000, Train MCLS Loss: 0.0000
Protein Cluster Region Loss - Ortho Loss: 0.0000, Cluster Loss: 0.0000
                              
Validation Results: {
    "ci": 0.719,
    "classification_loss": 0.0,
    "cluster_loss": 0.0,
    "mae": 1.0598,
    "mse": 2.0345,
    "multiclassification_loss": 0.0,
    "ortho_loss": 0.0,
    "pearson": 0.6336,
    "regression_loss": 2.0647,
    "rm2": 0.3802,
    "rmse": 1.4263,
    "sd": 1.405,
    "spearman": 0.6041,
    "spectral_loss": 0.0
}
                              
Test Results: {
    "ci": 0.678,
    "classification_loss": 0.0,
    "cluster_loss": 0.0,
    "mae": 1.1203,
    "mse": 2.1873,
    "multiclassification_loss": 0.0,
    "ortho_loss": 0.0,
    "pearson": 0.5469,
    "regression_loss": 2.1835,
    "rm2": 0.2666,
    "rmse": 1.479,
    "sd": 1.4123,
    "spearman": 0.5017,
    "spectral_loss": 0.0
}
                              
                              
----------------------------------------
Epoch 078 with LR 0.000100: Model Results
----------------------------------------
Train MSE Loss: 0.4268, Train CLS Loss: 0.0000, Train MCLS Loss: 0.0000
Protein Cluster Region Loss - Ortho Loss: 0.0000, Cluster Loss: 0.0000
                              
Validation Results: {
    "ci": 0.7179,
    "classification_loss": 0.0,
    "cluster_loss": 0.0,
    "mae": 1.0593,
    "mse": 2.0244,
    "multiclassification_loss": 0.0,
    "ortho_loss": 0.0,
    "pearson": 0.6321,
    "regression_loss": 2.0616,
    "rm2": 0.3744,
    "rmse": 1.4228,
    "sd": 1.4073,
    "spearman": 0.6007,
    "spectral_loss": 0.0
}
                              
Test Results: {
    "ci": 0.678,
    "classification_loss": 0.0,
    "cluster_loss": 0.0,
    "mae": 1.1203,
    "mse": 2.1873,
    "multiclassification_loss": 0.0,
    "ortho_loss": 0.0,
    "pearson": 0.5469,
    "regression_loss": 2.1835,
    "rm2": 0.2666,
    "rmse": 1.479,
    "sd": 1.4123,
    "spearman": 0.5017,
    "spectral_loss": 0.0
}
                              
                              
----------------------------------------
Epoch 079 with LR 0.000100: Model Results
----------------------------------------
Train MSE Loss: 0.4223, Train CLS Loss: 0.0000, Train MCLS Loss: 0.0000
Protein Cluster Region Loss - Ortho Loss: 0.0000, Cluster Loss: 0.0000
                              
Validation Results: {
    "ci": 0.7201,
    "classification_loss": 0.0,
    "cluster_loss": 0.0,
    "mae": 1.0751,
    "mse": 2.1037,
    "multiclassification_loss": 0.0,
    "ortho_loss": 0.0,
    "pearson": 0.631,
    "regression_loss": 2.1803,
    "rm2": 0.334,
    "rmse": 1.4504,
    "sd": 1.4088,
    "spearman": 0.6053,
    "spectral_loss": 0.0
}
                              
Test Results: {
    "ci": 0.678,
    "classification_loss": 0.0,
    "cluster_loss": 0.0,
    "mae": 1.1203,
    "mse": 2.1873,
    "multiclassification_loss": 0.0,
    "ortho_loss": 0.0,
    "pearson": 0.5469,
    "regression_loss": 2.1835,
    "rm2": 0.2666,
    "rmse": 1.479,
    "sd": 1.4123,
    "spearman": 0.5017,
    "spectral_loss": 0.0
}
                              
                              
----------------------------------------
Epoch 080 with LR 0.000100: Model Results
----------------------------------------
Train MSE Loss: 0.4281, Train CLS Loss: 0.0000, Train MCLS Loss: 0.0000
Protein Cluster Region Loss - Ortho Loss: 0.0000, Cluster Loss: 0.0000
                              
Validation Results: {
    "ci": 0.7147,
    "classification_loss": 0.0,
    "cluster_loss": 0.0,
    "mae": 1.0862,
    "mse": 2.163,
    "multiclassification_loss": 0.0,
    "ortho_loss": 0.0,
    "pearson": 0.6144,
    "regression_loss": 2.1895,
    "rm2": 0.3659,
    "rmse": 1.4707,
    "sd": 1.4329,
    "spearman": 0.5919,
    "spectral_loss": 0.0
}
                              
Test Results: {
    "ci": 0.678,
    "classification_loss": 0.0,
    "cluster_loss": 0.0,
    "mae": 1.1203,
    "mse": 2.1873,
    "multiclassification_loss": 0.0,
    "ortho_loss": 0.0,
    "pearson": 0.5469,
    "regression_loss": 2.1835,
    "rm2": 0.2666,
    "rmse": 1.479,
    "sd": 1.4123,
    "spearman": 0.5017,
    "spectral_loss": 0.0
}
                              
                              
----------------------------------------
Epoch 081 with LR 0.000100: Model Results
----------------------------------------
Train MSE Loss: 0.4272, Train CLS Loss: 0.0000, Train MCLS Loss: 0.0000
Protein Cluster Region Loss - Ortho Loss: 0.0000, Cluster Loss: 0.0000
                              
Validation Results: {
    "ci": 0.7245,
    "classification_loss": 0.0,
    "cluster_loss": 0.0,
    "mae": 1.0603,
    "mse": 2.0579,
    "multiclassification_loss": 0.0,
    "ortho_loss": 0.0,
    "pearson": 0.6333,
    "regression_loss": 2.1322,
    "rm2": 0.348,
    "rmse": 1.4345,
    "sd": 1.4054,
    "spearman": 0.6155,
    "spectral_loss": 0.0
}
                              
Test Results: {
    "ci": 0.678,
    "classification_loss": 0.0,
    "cluster_loss": 0.0,
    "mae": 1.1203,
    "mse": 2.1873,
    "multiclassification_loss": 0.0,
    "ortho_loss": 0.0,
    "pearson": 0.5469,
    "regression_loss": 2.1835,
    "rm2": 0.2666,
    "rmse": 1.479,
    "sd": 1.4123,
    "spearman": 0.5017,
    "spectral_loss": 0.0
}
                              
                              
----------------------------------------
Epoch 082 with LR 0.000100: Model Results
----------------------------------------
Train MSE Loss: 0.4085, Train CLS Loss: 0.0000, Train MCLS Loss: 0.0000
Protein Cluster Region Loss - Ortho Loss: 0.0000, Cluster Loss: 0.0000
                              
Validation Results: {
    "ci": 0.721,
    "classification_loss": 0.0,
    "cluster_loss": 0.0,
    "mae": 1.0563,
    "mse": 2.0498,
    "multiclassification_loss": 0.0,
    "ortho_loss": 0.0,
    "pearson": 0.6336,
    "regression_loss": 2.1145,
    "rm2": 0.3669,
    "rmse": 1.4317,
    "sd": 1.405,
    "spearman": 0.6075,
    "spectral_loss": 0.0
}
                              
Test Results: {
    "ci": 0.678,
    "classification_loss": 0.0,
    "cluster_loss": 0.0,
    "mae": 1.1203,
    "mse": 2.1873,
    "multiclassification_loss": 0.0,
    "ortho_loss": 0.0,
    "pearson": 0.5469,
    "regression_loss": 2.1835,
    "rm2": 0.2666,
    "rmse": 1.479,
    "sd": 1.4123,
    "spearman": 0.5017,
    "spectral_loss": 0.0
}
                              
                              
----------------------------------------
Epoch 083 with LR 0.000100: Model Results
----------------------------------------
Train MSE Loss: 0.4179, Train CLS Loss: 0.0000, Train MCLS Loss: 0.0000
Protein Cluster Region Loss - Ortho Loss: 0.0000, Cluster Loss: 0.0000
                              
Validation Results: {
    "ci": 0.7229,
    "classification_loss": 0.0,
    "cluster_loss": 0.0,
    "mae": 1.0499,
    "mse": 1.9951,
    "multiclassification_loss": 0.0,
    "ortho_loss": 0.0,
    "pearson": 0.6366,
    "regression_loss": 2.0575,
    "rm2": 0.3755,
    "rmse": 1.4125,
    "sd": 1.4006,
    "spearman": 0.6125,
    "spectral_loss": 0.0
}
                              
Test Results: {
    "ci": 0.6708,
    "classification_loss": 0.0,
    "cluster_loss": 0.0,
    "mae": 1.1339,
    "mse": 2.2341,
    "multiclassification_loss": 0.0,
    "ortho_loss": 0.0,
    "pearson": 0.5251,
    "regression_loss": 2.2299,
    "rm2": 0.248,
    "rmse": 1.4947,
    "sd": 1.4357,
    "spearman": 0.483,
    "spectral_loss": 0.0
}
                              
                              
----------------------------------------
Epoch 084 with LR 0.000100: Model Results
----------------------------------------
Train MSE Loss: 0.4103, Train CLS Loss: 0.0000, Train MCLS Loss: 0.0000
Protein Cluster Region Loss - Ortho Loss: 0.0000, Cluster Loss: 0.0000
                              
Validation Results: {
    "ci": 0.7245,
    "classification_loss": 0.0,
    "cluster_loss": 0.0,
    "mae": 1.0674,
    "mse": 2.056,
    "multiclassification_loss": 0.0,
    "ortho_loss": 0.0,
    "pearson": 0.6346,
    "regression_loss": 2.1067,
    "rm2": 0.3534,
    "rmse": 1.4339,
    "sd": 1.4036,
    "spearman": 0.6173,
    "spectral_loss": 0.0
}
                              
Test Results: {
    "ci": 0.6708,
    "classification_loss": 0.0,
    "cluster_loss": 0.0,
    "mae": 1.1339,
    "mse": 2.2341,
    "multiclassification_loss": 0.0,
    "ortho_loss": 0.0,
    "pearson": 0.5251,
    "regression_loss": 2.2299,
    "rm2": 0.248,
    "rmse": 1.4947,
    "sd": 1.4357,
    "spearman": 0.483,
    "spectral_loss": 0.0
}
                              
                              
----------------------------------------
Epoch 085 with LR 0.000100: Model Results
----------------------------------------
Train MSE Loss: 0.4094, Train CLS Loss: 0.0000, Train MCLS Loss: 0.0000
Protein Cluster Region Loss - Ortho Loss: 0.0000, Cluster Loss: 0.0000
                              
Validation Results: {
    "ci": 0.7306,
    "classification_loss": 0.0,
    "cluster_loss": 0.0,
    "mae": 1.0357,
    "mse": 1.954,
    "multiclassification_loss": 0.0,
    "ortho_loss": 0.0,
    "pearson": 0.6474,
    "regression_loss": 2.0231,
    "rm2": 0.3799,
    "rmse": 1.3978,
    "sd": 1.3841,
    "spearman": 0.631,
    "spectral_loss": 0.0
}
                              
Test Results: {
    "ci": 0.6787,
    "classification_loss": 0.0,
    "cluster_loss": 0.0,
    "mae": 1.1103,
    "mse": 2.1275,
    "multiclassification_loss": 0.0,
    "ortho_loss": 0.0,
    "pearson": 0.549,
    "regression_loss": 2.1239,
    "rm2": 0.2669,
    "rmse": 1.4586,
    "sd": 1.41,
    "spearman": 0.5042,
    "spectral_loss": 0.0
}
                              
                              
----------------------------------------
Epoch 086 with LR 0.000100: Model Results
----------------------------------------
Train MSE Loss: 0.4056, Train CLS Loss: 0.0000, Train MCLS Loss: 0.0000
Protein Cluster Region Loss - Ortho Loss: 0.0000, Cluster Loss: 0.0000
                              
Validation Results: {
    "ci": 0.7235,
    "classification_loss": 0.0,
    "cluster_loss": 0.0,
    "mae": 1.0585,
    "mse": 2.0508,
    "multiclassification_loss": 0.0,
    "ortho_loss": 0.0,
    "pearson": 0.6352,
    "regression_loss": 2.1187,
    "rm2": 0.361,
    "rmse": 1.4321,
    "sd": 1.4026,
    "spearman": 0.6142,
    "spectral_loss": 0.0
}
                              
Test Results: {
    "ci": 0.6787,
    "classification_loss": 0.0,
    "cluster_loss": 0.0,
    "mae": 1.1103,
    "mse": 2.1275,
    "multiclassification_loss": 0.0,
    "ortho_loss": 0.0,
    "pearson": 0.549,
    "regression_loss": 2.1239,
    "rm2": 0.2669,
    "rmse": 1.4586,
    "sd": 1.41,
    "spearman": 0.5042,
    "spectral_loss": 0.0
}
                              
                              
----------------------------------------
Epoch 087 with LR 0.000100: Model Results
----------------------------------------
Train MSE Loss: 0.3997, Train CLS Loss: 0.0000, Train MCLS Loss: 0.0000
Protein Cluster Region Loss - Ortho Loss: 0.0000, Cluster Loss: 0.0000
                              
Validation Results: {
    "ci": 0.7245,
    "classification_loss": 0.0,
    "cluster_loss": 0.0,
    "mae": 1.0525,
    "mse": 2.0059,
    "multiclassification_loss": 0.0,
    "ortho_loss": 0.0,
    "pearson": 0.6421,
    "regression_loss": 2.082,
    "rm2": 0.3632,
    "rmse": 1.4163,
    "sd": 1.3923,
    "spearman": 0.6187,
    "spectral_loss": 0.0
}
                              
Test Results: {
    "ci": 0.6787,
    "classification_loss": 0.0,
    "cluster_loss": 0.0,
    "mae": 1.1103,
    "mse": 2.1275,
    "multiclassification_loss": 0.0,
    "ortho_loss": 0.0,
    "pearson": 0.549,
    "regression_loss": 2.1239,
    "rm2": 0.2669,
    "rmse": 1.4586,
    "sd": 1.41,
    "spearman": 0.5042,
    "spectral_loss": 0.0
}
                              
                              
----------------------------------------
Epoch 088 with LR 0.000100: Model Results
----------------------------------------
Train MSE Loss: 0.4026, Train CLS Loss: 0.0000, Train MCLS Loss: 0.0000
Protein Cluster Region Loss - Ortho Loss: 0.0000, Cluster Loss: 0.0000
                              
Validation Results: {
    "ci": 0.7212,
    "classification_loss": 0.0,
    "cluster_loss": 0.0,
    "mae": 1.0641,
    "mse": 2.0253,
    "multiclassification_loss": 0.0,
    "ortho_loss": 0.0,
    "pearson": 0.6354,
    "regression_loss": 2.0819,
    "rm2": 0.3847,
    "rmse": 1.4231,
    "sd": 1.4023,
    "spearman": 0.61,
    "spectral_loss": 0.0
}
                              
Test Results: {
    "ci": 0.6787,
    "classification_loss": 0.0,
    "cluster_loss": 0.0,
    "mae": 1.1103,
    "mse": 2.1275,
    "multiclassification_loss": 0.0,
    "ortho_loss": 0.0,
    "pearson": 0.549,
    "regression_loss": 2.1239,
    "rm2": 0.2669,
    "rmse": 1.4586,
    "sd": 1.41,
    "spearman": 0.5042,
    "spectral_loss": 0.0
}
                              
                              
----------------------------------------
Epoch 089 with LR 0.000100: Model Results
----------------------------------------
Train MSE Loss: 0.4050, Train CLS Loss: 0.0000, Train MCLS Loss: 0.0000
Protein Cluster Region Loss - Ortho Loss: 0.0000, Cluster Loss: 0.0000
                              
Validation Results: {
    "ci": 0.724,
    "classification_loss": 0.0,
    "cluster_loss": 0.0,
    "mae": 1.0502,
    "mse": 2.0429,
    "multiclassification_loss": 0.0,
    "ortho_loss": 0.0,
    "pearson": 0.6343,
    "regression_loss": 2.1019,
    "rm2": 0.3691,
    "rmse": 1.4293,
    "sd": 1.404,
    "spearman": 0.6129,
    "spectral_loss": 0.0
}
                              
Test Results: {
    "ci": 0.6787,
    "classification_loss": 0.0,
    "cluster_loss": 0.0,
    "mae": 1.1103,
    "mse": 2.1275,
    "multiclassification_loss": 0.0,
    "ortho_loss": 0.0,
    "pearson": 0.549,
    "regression_loss": 2.1239,
    "rm2": 0.2669,
    "rmse": 1.4586,
    "sd": 1.41,
    "spearman": 0.5042,
    "spectral_loss": 0.0
}
                              
                              
----------------------------------------
Epoch 090 with LR 0.000100: Model Results
----------------------------------------
Train MSE Loss: 0.3947, Train CLS Loss: 0.0000, Train MCLS Loss: 0.0000
Protein Cluster Region Loss - Ortho Loss: 0.0000, Cluster Loss: 0.0000
                              
Validation Results: {
    "ci": 0.7149,
    "classification_loss": 0.0,
    "cluster_loss": 0.0,
    "mae": 1.0776,
    "mse": 2.1363,
    "multiclassification_loss": 0.0,
    "ortho_loss": 0.0,
    "pearson": 0.6191,
    "regression_loss": 2.1641,
    "rm2": 0.3612,
    "rmse": 1.4616,
    "sd": 1.4262,
    "spearman": 0.5912,
    "spectral_loss": 0.0
}
                              
Test Results: {
    "ci": 0.6787,
    "classification_loss": 0.0,
    "cluster_loss": 0.0,
    "mae": 1.1103,
    "mse": 2.1275,
    "multiclassification_loss": 0.0,
    "ortho_loss": 0.0,
    "pearson": 0.549,
    "regression_loss": 2.1239,
    "rm2": 0.2669,
    "rmse": 1.4586,
    "sd": 1.41,
    "spearman": 0.5042,
    "spectral_loss": 0.0
}
                              
                              
----------------------------------------
Epoch 091 with LR 0.000100: Model Results
----------------------------------------
Train MSE Loss: 0.3904, Train CLS Loss: 0.0000, Train MCLS Loss: 0.0000
Protein Cluster Region Loss - Ortho Loss: 0.0000, Cluster Loss: 0.0000
                              
Validation Results: {
    "ci": 0.7285,
    "classification_loss": 0.0,
    "cluster_loss": 0.0,
    "mae": 1.0421,
    "mse": 1.9948,
    "multiclassification_loss": 0.0,
    "ortho_loss": 0.0,
    "pearson": 0.6447,
    "regression_loss": 2.0607,
    "rm2": 0.3783,
    "rmse": 1.4124,
    "sd": 1.3882,
    "spearman": 0.6259,
    "spectral_loss": 0.0
}
                              
Test Results: {
    "ci": 0.6787,
    "classification_loss": 0.0,
    "cluster_loss": 0.0,
    "mae": 1.1103,
    "mse": 2.1275,
    "multiclassification_loss": 0.0,
    "ortho_loss": 0.0,
    "pearson": 0.549,
    "regression_loss": 2.1239,
    "rm2": 0.2669,
    "rmse": 1.4586,
    "sd": 1.41,
    "spearman": 0.5042,
    "spectral_loss": 0.0
}
                              
                              
----------------------------------------
Epoch 092 with LR 0.000100: Model Results
----------------------------------------
Train MSE Loss: 0.3862, Train CLS Loss: 0.0000, Train MCLS Loss: 0.0000
Protein Cluster Region Loss - Ortho Loss: 0.0000, Cluster Loss: 0.0000
                              
Validation Results: {
    "ci": 0.726,
    "classification_loss": 0.0,
    "cluster_loss": 0.0,
    "mae": 1.0443,
    "mse": 1.9801,
    "multiclassification_loss": 0.0,
    "ortho_loss": 0.0,
    "pearson": 0.6432,
    "regression_loss": 2.0293,
    "rm2": 0.3858,
    "rmse": 1.4072,
    "sd": 1.3905,
    "spearman": 0.6198,
    "spectral_loss": 0.0
}
                              
Test Results: {
    "ci": 0.6787,
    "classification_loss": 0.0,
    "cluster_loss": 0.0,
    "mae": 1.1103,
    "mse": 2.1275,
    "multiclassification_loss": 0.0,
    "ortho_loss": 0.0,
    "pearson": 0.549,
    "regression_loss": 2.1239,
    "rm2": 0.2669,
    "rmse": 1.4586,
    "sd": 1.41,
    "spearman": 0.5042,
    "spectral_loss": 0.0
}
                              
                              
----------------------------------------
Epoch 093 with LR 0.000100: Model Results
----------------------------------------
Train MSE Loss: 0.3887, Train CLS Loss: 0.0000, Train MCLS Loss: 0.0000
Protein Cluster Region Loss - Ortho Loss: 0.0000, Cluster Loss: 0.0000
                              
Validation Results: {
    "ci": 0.7175,
    "classification_loss": 0.0,
    "cluster_loss": 0.0,
    "mae": 1.0568,
    "mse": 2.0062,
    "multiclassification_loss": 0.0,
    "ortho_loss": 0.0,
    "pearson": 0.6337,
    "regression_loss": 2.0546,
    "rm2": 0.3745,
    "rmse": 1.4164,
    "sd": 1.4049,
    "spearman": 0.5991,
    "spectral_loss": 0.0
}
                              
Test Results: {
    "ci": 0.6787,
    "classification_loss": 0.0,
    "cluster_loss": 0.0,
    "mae": 1.1103,
    "mse": 2.1275,
    "multiclassification_loss": 0.0,
    "ortho_loss": 0.0,
    "pearson": 0.549,
    "regression_loss": 2.1239,
    "rm2": 0.2669,
    "rmse": 1.4586,
    "sd": 1.41,
    "spearman": 0.5042,
    "spectral_loss": 0.0
}
                              
                              
----------------------------------------
Epoch 094 with LR 0.000100: Model Results
----------------------------------------
Train MSE Loss: 0.3773, Train CLS Loss: 0.0000, Train MCLS Loss: 0.0000
Protein Cluster Region Loss - Ortho Loss: 0.0000, Cluster Loss: 0.0000
                              
Validation Results: {
    "ci": 0.7183,
    "classification_loss": 0.0,
    "cluster_loss": 0.0,
    "mae": 1.0747,
    "mse": 2.1063,
    "multiclassification_loss": 0.0,
    "ortho_loss": 0.0,
    "pearson": 0.631,
    "regression_loss": 2.1828,
    "rm2": 0.347,
    "rmse": 1.4513,
    "sd": 1.4089,
    "spearman": 0.5995,
    "spectral_loss": 0.0
}
                              
Test Results: {
    "ci": 0.6787,
    "classification_loss": 0.0,
    "cluster_loss": 0.0,
    "mae": 1.1103,
    "mse": 2.1275,
    "multiclassification_loss": 0.0,
    "ortho_loss": 0.0,
    "pearson": 0.549,
    "regression_loss": 2.1239,
    "rm2": 0.2669,
    "rmse": 1.4586,
    "sd": 1.41,
    "spearman": 0.5042,
    "spectral_loss": 0.0
}
                              
                              
----------------------------------------
Epoch 095 with LR 0.000100: Model Results
----------------------------------------
Train MSE Loss: 0.3809, Train CLS Loss: 0.0000, Train MCLS Loss: 0.0000
Protein Cluster Region Loss - Ortho Loss: 0.0000, Cluster Loss: 0.0000
                              
Validation Results: {
    "ci": 0.7234,
    "classification_loss": 0.0,
    "cluster_loss": 0.0,
    "mae": 1.0581,
    "mse": 2.0592,
    "multiclassification_loss": 0.0,
    "ortho_loss": 0.0,
    "pearson": 0.6309,
    "regression_loss": 2.1133,
    "rm2": 0.364,
    "rmse": 1.435,
    "sd": 1.409,
    "spearman": 0.6119,
    "spectral_loss": 0.0
}
                              
Test Results: {
    "ci": 0.6787,
    "classification_loss": 0.0,
    "cluster_loss": 0.0,
    "mae": 1.1103,
    "mse": 2.1275,
    "multiclassification_loss": 0.0,
    "ortho_loss": 0.0,
    "pearson": 0.549,
    "regression_loss": 2.1239,
    "rm2": 0.2669,
    "rmse": 1.4586,
    "sd": 1.41,
    "spearman": 0.5042,
    "spectral_loss": 0.0
}
                              
                              
----------------------------------------
Epoch 096 with LR 0.000100: Model Results
----------------------------------------
Train MSE Loss: 0.3795, Train CLS Loss: 0.0000, Train MCLS Loss: 0.0000
Protein Cluster Region Loss - Ortho Loss: 0.0000, Cluster Loss: 0.0000
                              
Validation Results: {
    "ci": 0.7102,
    "classification_loss": 0.0,
    "cluster_loss": 0.0,
    "mae": 1.0953,
    "mse": 2.2455,
    "multiclassification_loss": 0.0,
    "ortho_loss": 0.0,
    "pearson": 0.6047,
    "regression_loss": 2.2947,
    "rm2": 0.3356,
    "rmse": 1.4985,
    "sd": 1.4464,
    "spearman": 0.5758,
    "spectral_loss": 0.0
}
                              
Test Results: {
    "ci": 0.6787,
    "classification_loss": 0.0,
    "cluster_loss": 0.0,
    "mae": 1.1103,
    "mse": 2.1275,
    "multiclassification_loss": 0.0,
    "ortho_loss": 0.0,
    "pearson": 0.549,
    "regression_loss": 2.1239,
    "rm2": 0.2669,
    "rmse": 1.4586,
    "sd": 1.41,
    "spearman": 0.5042,
    "spectral_loss": 0.0
}
                              
                              
----------------------------------------
Epoch 097 with LR 0.000100: Model Results
----------------------------------------
Train MSE Loss: 0.3778, Train CLS Loss: 0.0000, Train MCLS Loss: 0.0000
Protein Cluster Region Loss - Ortho Loss: 0.0000, Cluster Loss: 0.0000
                              
Validation Results: {
    "ci": 0.7255,
    "classification_loss": 0.0,
    "cluster_loss": 0.0,
    "mae": 1.0558,
    "mse": 2.0407,
    "multiclassification_loss": 0.0,
    "ortho_loss": 0.0,
    "pearson": 0.6342,
    "regression_loss": 2.1024,
    "rm2": 0.3519,
    "rmse": 1.4285,
    "sd": 1.4042,
    "spearman": 0.6159,
    "spectral_loss": 0.0
}
                              
Test Results: {
    "ci": 0.6787,
    "classification_loss": 0.0,
    "cluster_loss": 0.0,
    "mae": 1.1103,
    "mse": 2.1275,
    "multiclassification_loss": 0.0,
    "ortho_loss": 0.0,
    "pearson": 0.549,
    "regression_loss": 2.1239,
    "rm2": 0.2669,
    "rmse": 1.4586,
    "sd": 1.41,
    "spearman": 0.5042,
    "spectral_loss": 0.0
}
                              
                              
----------------------------------------
Epoch 098 with LR 0.000100: Model Results
----------------------------------------
Train MSE Loss: 0.3690, Train CLS Loss: 0.0000, Train MCLS Loss: 0.0000
Protein Cluster Region Loss - Ortho Loss: 0.0000, Cluster Loss: 0.0000
                              
Validation Results: {
    "ci": 0.7208,
    "classification_loss": 0.0,
    "cluster_loss": 0.0,
    "mae": 1.065,
    "mse": 2.0573,
    "multiclassification_loss": 0.0,
    "ortho_loss": 0.0,
    "pearson": 0.6327,
    "regression_loss": 2.1267,
    "rm2": 0.3533,
    "rmse": 1.4343,
    "sd": 1.4064,
    "spearman": 0.6072,
    "spectral_loss": 0.0
}
                              
Test Results: {
    "ci": 0.6787,
    "classification_loss": 0.0,
    "cluster_loss": 0.0,
    "mae": 1.1103,
    "mse": 2.1275,
    "multiclassification_loss": 0.0,
    "ortho_loss": 0.0,
    "pearson": 0.549,
    "regression_loss": 2.1239,
    "rm2": 0.2669,
    "rmse": 1.4586,
    "sd": 1.41,
    "spearman": 0.5042,
    "spectral_loss": 0.0
}
                              
                              
----------------------------------------
Epoch 099 with LR 0.000100: Model Results
----------------------------------------
Train MSE Loss: 0.3706, Train CLS Loss: 0.0000, Train MCLS Loss: 0.0000
Protein Cluster Region Loss - Ortho Loss: 0.0000, Cluster Loss: 0.0000
                              
Validation Results: {
    "ci": 0.7174,
    "classification_loss": 0.0,
    "cluster_loss": 0.0,
    "mae": 1.0549,
    "mse": 2.0695,
    "multiclassification_loss": 0.0,
    "ortho_loss": 0.0,
    "pearson": 0.6258,
    "regression_loss": 2.1437,
    "rm2": 0.3607,
    "rmse": 1.4386,
    "sd": 1.4166,
    "spearman": 0.5961,
    "spectral_loss": 0.0
}
                              
Test Results: {
    "ci": 0.6787,
    "classification_loss": 0.0,
    "cluster_loss": 0.0,
    "mae": 1.1103,
    "mse": 2.1275,
    "multiclassification_loss": 0.0,
    "ortho_loss": 0.0,
    "pearson": 0.549,
    "regression_loss": 2.1239,
    "rm2": 0.2669,
    "rmse": 1.4586,
    "sd": 1.41,
    "spearman": 0.5042,
    "spectral_loss": 0.0
}
                              
                              
----------------------------------------
Epoch 100 with LR 0.000100: Model Results
----------------------------------------
Train MSE Loss: 0.3687, Train CLS Loss: 0.0000, Train MCLS Loss: 0.0000
Protein Cluster Region Loss - Ortho Loss: 0.0000, Cluster Loss: 0.0000
                              
Validation Results: {
    "ci": 0.715,
    "classification_loss": 0.0,
    "cluster_loss": 0.0,
    "mae": 1.0785,
    "mse": 2.1161,
    "multiclassification_loss": 0.0,
    "ortho_loss": 0.0,
    "pearson": 0.6146,
    "regression_loss": 2.1725,
    "rm2": 0.3373,
    "rmse": 1.4547,
    "sd": 1.4325,
    "spearman": 0.5916,
    "spectral_loss": 0.0
}
                              
Test Results: {
    "ci": 0.6787,
    "classification_loss": 0.0,
    "cluster_loss": 0.0,
    "mae": 1.1103,
    "mse": 2.1275,
    "multiclassification_loss": 0.0,
    "ortho_loss": 0.0,
    "pearson": 0.549,
    "regression_loss": 2.1239,
    "rm2": 0.2669,
    "rmse": 1.4586,
    "sd": 1.41,
    "spearman": 0.5042,
    "spectral_loss": 0.0
}
[best epoch] epoch=85, best_rmse=1.3978, lr_at_best=1.000e-04
                              
                              
----------------------------------------
Epoch 100 with LR 0.000100: Model Results
----------------------------------------
Train MSE Loss: 0.3687, Train CLS Loss: 0.0000, Train MCLS Loss: 0.0000
Protein Cluster Region Loss - Ortho Loss: 0.0000, Cluster Loss: 0.0000
                              
Validation Results: {
    "ci": 0.715,
    "classification_loss": 0.0,
    "cluster_loss": 0.0,
    "mae": 1.0785,
    "mse": 2.1161,
    "multiclassification_loss": 0.0,
    "ortho_loss": 0.0,
    "pearson": 0.6146,
    "regression_loss": 2.1725,
    "rm2": 0.3373,
    "rmse": 1.4547,
    "sd": 1.4325,
    "spearman": 0.5916,
    "spectral_loss": 0.0
}
                              
Test Results: {
    "ci": 0.6787,
    "classification_loss": 0.0,
    "cluster_loss": 0.0,
    "mae": 1.1103,
    "mse": 2.1275,
    "multiclassification_loss": 0.0,
    "ortho_loss": 0.0,
    "pearson": 0.549,
    "regression_loss": 2.1239,
    "rm2": 0.2669,
    "rmse": 1.4586,
    "sd": 1.41,
    "spearman": 0.5042,
    "spectral_loss": 0.0
}
Final test metrics: rmse=1.4586, pearson=0.5490, r2_proxy(mse)=2.1275
Done. Predictions: /sc/arion/projects/DiseaseGeneCell/Huang_lab_project/wangcDrugRepoProject/TRACE_Kin_Results_v3_lean/EITLEM_dataset/EITLEM_kkm_MUTAPLM_embedding_cold_drug/test_prediction_seed2.csv; checkpoint: /sc/arion/projects/DiseaseGeneCell/Huang_lab_project/wangcDrugRepoProject/TRACE_Kin_Results_v3_lean/EITLEM_dataset/EITLEM_kkm_MUTAPLM_embedding_cold_drug/save_model_seed2/model.pt

==========================================
Array task 10/14: OK (EITLEM_kkm_MUTAPLM_embedding_cold_drug)
==========================================


PS:

Read file <242654214.10.stderr> for stderr output of this job.

