Sender: LSF System <lsfadmin@lg03e01>
Subject: Job 242654214[6]: <trace_kin_v3_lean_s2[6-11]> in cluster <chimera> Done

Job <trace_kin_v3_lean_s2[6-11]> was submitted from host <li04e03> by user <wangc40> in cluster <chimera> at Sat May  9 10:48:59 2026
Job was executed on host(s) <16*lg03e01>, in queue <gpu>, as user <wangc40> in cluster <chimera> at Sat May  9 10:49:01 2026
</hpc/users/wangc40> was used as the home directory.
</sc/arion/projects/DiseaseGeneCell/Huang_lab_project/wangcDrugRepoProject/TRACE-Kin> was used as the working directory.
Started at Sat May  9 10:49:01 2026
Terminated at Sat May  9 13:46:14 2026
Results reported at Sat May  9 13:46:14 2026

Your job looked like:

------------------------------------------------------------
# LSBATCH: User input
#!/bin/bash
#BSUB -J trace_kin_v3_lean_s2[6-11]
#BSUB -P acc_DiseaseGeneCell
#BSUB -q gpu
#BSUB -R h100nvl
#BSUB -gpu num=1
#BSUB -n 16
#BSUB -R "rusage[mem=8000]"
#BSUB -R "span[hosts=1]"
#BSUB -W 48:00
#BSUB -o %J.%I.stdout
#BSUB -eo %J.%I.stderr
#BSUB -L /bin/bash

# =============================================================================
# TRACE-Kin v3 rerun — LSF job array
# =============================================================================
# Submit with:
#     bsub < training/run_v3_array.lsf
#
# Or chain off the smoke test (recommended):
#     bsub -w "done(<SMOKE_JOB_ID>)" < training/run_v3_array.lsf
#
# For the multi-seed ensemble (the paper config), submit additional seeds in
# parallel after the SEED=1 array completes (or alongside, as separate jobs):
#     SEED=2 bsub -J "trace_kin_v3_s2[1-14]" < training/run_v3_array.lsf
#     SEED=3 bsub -J "trace_kin_v3_s3[1-14]" < training/run_v3_array.lsf
# After all seeds finish, analysis/aggregate_results.py averages predictions
# across seeds before computing RMSE.
#
# LSF expands #BSUB -J trace_kin_v3[1-14] into 14 array tasks, each with a
# distinct ${LSB_JOBINDEX} in 1..14. The body looks up the per-index
# (dataset_source, dataset_name, pool_paths) tuple from the inline table below
# and invokes train_trace_kin.py with model_version=v3.
#
# The 14 tasks correspond to:
#   * 12 RF-gap targets (catalytic kinetics where v1 trails RF by 1.4%–8.7%)
#   * 2 Ki preservation guards (where v1 already wins, must not regress)
# =============================================================================

# --- Environment -------------------------------------------------------------
# Match the prologue of the proven-working PSICHIC LSFs verbatim — no
# `set -euo pipefail`. Mount Sinai's /etc/profile.d scripts return non-zero
# in places that aren't real errors, and errexit aborts the job before
# module + conda activation can complete.
ml purge
source ~/.bashrc
module load anaconda3/2024.06
source activate test
module load cuda/12.4.0

(... more ...)
------------------------------------------------------------

Successfully completed.

Resource usage summary:

    CPU time :                                   11377.00 sec.
    Max Memory :                                 68797 MB
    Average Memory :                             67963.30 MB
    Total Requested Memory :                     128000.00 MB
    Delta Memory :                               59203.00 MB
    Max Swap :                                   -
    Max Processes :                              4
    Max Threads :                                21
    Run time :                                   10633 sec.
    Turnaround time :                            10635 sec.

The output (if any) follows:

==========================================
TRACE-Kin v3 array task 6/14
==========================================
Date:        Sat May  9 10:49:04 EDT 2026
Dataset:     /sc/arion/projects/DiseaseGeneCell/Huang_lab_project/drug_discovery/output/data/enzyme_embeddings_dataset/inhouse_dataset/inhouse_Kd_MUTAPLM_embedding_random
Result:      /sc/arion/projects/DiseaseGeneCell/Huang_lab_project/wangcDrugRepoProject/TRACE_Kin_Results_v3_lean/inhouse_dataset/inhouse_Kd_MUTAPLM_embedding_random
Config:      training/config_v3_gnn_lean.json
Pool CSVs:   (none)
Model:       v3 GATE-LEAN (gate_init_bias=2.0)
Epochs:      100, batch=16, seed=2, lr=1e-4
==========================================
Python 3.12.2
Python: /sc/arion/work/wangc40/test-env/envs/test/bin/python
CUDA device: NVIDIA H100 80GB HBM3, sm_90
============================================================
TRACE-Kin training
============================================================
Datafolder:        /sc/arion/projects/DiseaseGeneCell/Huang_lab_project/drug_discovery/output/data/enzyme_embeddings_dataset/inhouse_dataset/inhouse_Kd_MUTAPLM_embedding_random
Result path:       /sc/arion/projects/DiseaseGeneCell/Huang_lab_project/wangcDrugRepoProject/TRACE_Kin_Results_v3_lean/inhouse_dataset/inhouse_Kd_MUTAPLM_embedding_random
Config:            training/config_v3_gnn_lean.json
Pool train CSVs:   (none)
============================================================
Loading primary train: /sc/arion/projects/DiseaseGeneCell/Huang_lab_project/drug_discovery/output/data/enzyme_embeddings_dataset/inhouse_dataset/inhouse_Kd_MUTAPLM_embedding_random/train.parquet
Loading primary test: /sc/arion/projects/DiseaseGeneCell/Huang_lab_project/drug_discovery/output/data/enzyme_embeddings_dataset/inhouse_dataset/inhouse_Kd_MUTAPLM_embedding_random/test.parquet
Loading primary val: /sc/arion/projects/DiseaseGeneCell/Huang_lab_project/drug_discovery/output/data/enzyme_embeddings_dataset/inhouse_dataset/inhouse_Kd_MUTAPLM_embedding_random/val.parquet
Detected prot_evo_channels = 4096
seq2feat: 7857 unique sequences.
model_version: v3, use_swa: False
Reusing protein cache: /sc/arion/projects/DiseaseGeneCell/Huang_lab_project/drug_discovery/output/data/enzyme_embeddings_dataset/inhouse_dataset/inhouse_Kd_MUTAPLM_embedding_random/protein.pt
Reusing ligand cache: /sc/arion/projects/DiseaseGeneCell/Huang_lab_project/drug_discovery/output/data/enzyme_embeddings_dataset/inhouse_dataset/inhouse_Kd_MUTAPLM_embedding_random/ligand.pt
loaders ready: train=851 test=107 val=107
Built TraceKinV3 with 10,724,891 parameters
[LR schedule] schedule_lr=False, lrate=0.0001, min_lrate=0, warmup_iters=0, lr_decay_iters=85100, total_iters=85100
Not in terminal, reprint now using normal build-in print function.
                              
                              
----------------------------------------
Epoch 001 with LR 0.000100: Model Results
----------------------------------------
Train MSE Loss: 1.7556, Train CLS Loss: 0.0000, Train MCLS Loss: 0.0000
Protein Cluster Region Loss - Ortho Loss: 0.0000, Cluster Loss: 0.0000
                              
Validation Results: {
    "ci": 0.7069,
    "classification_loss": 0.0,
    "cluster_loss": 0.0,
    "mae": 0.9532,
    "mse": 1.6181,
    "multiclassification_loss": 0.0,
    "ortho_loss": 0.0,
    "pearson": 0.5753,
    "regression_loss": 1.6208,
    "rm2": 0.2987,
    "rmse": 1.272,
    "sd": 1.2555,
    "spearman": 0.581,
    "spectral_loss": 0.0
}
                              
Test Results: {
    "ci": 0.7121,
    "classification_loss": 0.0,
    "cluster_loss": 0.0,
    "mae": 0.9299,
    "mse": 1.4525,
    "multiclassification_loss": 0.0,
    "ortho_loss": 0.0,
    "pearson": 0.603,
    "regression_loss": 1.4448,
    "rm2": 0.3241,
    "rmse": 1.2052,
    "sd": 1.1842,
    "spearman": 0.5937,
    "spectral_loss": 0.0
}
                              
                              
----------------------------------------
Epoch 002 with LR 0.000100: Model Results
----------------------------------------
Train MSE Loss: 1.3565, Train CLS Loss: 0.0000, Train MCLS Loss: 0.0000
Protein Cluster Region Loss - Ortho Loss: 0.0000, Cluster Loss: 0.0000
                              
Validation Results: {
    "ci": 0.7358,
    "classification_loss": 0.0,
    "cluster_loss": 0.0,
    "mae": 0.8718,
    "mse": 1.412,
    "multiclassification_loss": 0.0,
    "ortho_loss": 0.0,
    "pearson": 0.6415,
    "regression_loss": 1.4256,
    "rm2": 0.3724,
    "rmse": 1.1883,
    "sd": 1.1775,
    "spearman": 0.6519,
    "spectral_loss": 0.0
}
                              
Test Results: {
    "ci": 0.7383,
    "classification_loss": 0.0,
    "cluster_loss": 0.0,
    "mae": 0.8441,
    "mse": 1.2559,
    "multiclassification_loss": 0.0,
    "ortho_loss": 0.0,
    "pearson": 0.6613,
    "regression_loss": 1.2498,
    "rm2": 0.4019,
    "rmse": 1.1206,
    "sd": 1.1135,
    "spearman": 0.6567,
    "spectral_loss": 0.0
}
                              
                              
----------------------------------------
Epoch 003 with LR 0.000100: Model Results
----------------------------------------
Train MSE Loss: 1.1786, Train CLS Loss: 0.0000, Train MCLS Loss: 0.0000
Protein Cluster Region Loss - Ortho Loss: 0.0000, Cluster Loss: 0.0000
                              
Validation Results: {
    "ci": 0.748,
    "classification_loss": 0.0,
    "cluster_loss": 0.0,
    "mae": 0.8422,
    "mse": 1.3042,
    "multiclassification_loss": 0.0,
    "ortho_loss": 0.0,
    "pearson": 0.6722,
    "regression_loss": 1.3074,
    "rm2": 0.4394,
    "rmse": 1.142,
    "sd": 1.1364,
    "spearman": 0.6753,
    "spectral_loss": 0.0
}
                              
Test Results: {
    "ci": 0.7511,
    "classification_loss": 0.0,
    "cluster_loss": 0.0,
    "mae": 0.8241,
    "mse": 1.1736,
    "multiclassification_loss": 0.0,
    "ortho_loss": 0.0,
    "pearson": 0.6876,
    "regression_loss": 1.168,
    "rm2": 0.4555,
    "rmse": 1.0833,
    "sd": 1.0778,
    "spearman": 0.6845,
    "spectral_loss": 0.0
}
                              
                              
----------------------------------------
Epoch 004 with LR 0.000100: Model Results
----------------------------------------
Train MSE Loss: 1.0712, Train CLS Loss: 0.0000, Train MCLS Loss: 0.0000
Protein Cluster Region Loss - Ortho Loss: 0.0000, Cluster Loss: 0.0000
                              
Validation Results: {
    "ci": 0.7614,
    "classification_loss": 0.0,
    "cluster_loss": 0.0,
    "mae": 0.8088,
    "mse": 1.2173,
    "multiclassification_loss": 0.0,
    "ortho_loss": 0.0,
    "pearson": 0.7025,
    "regression_loss": 1.2229,
    "rm2": 0.4925,
    "rmse": 1.1033,
    "sd": 1.0925,
    "spearman": 0.7059,
    "spectral_loss": 0.0
}
                              
Test Results: {
    "ci": 0.7575,
    "classification_loss": 0.0,
    "cluster_loss": 0.0,
    "mae": 0.8099,
    "mse": 1.144,
    "multiclassification_loss": 0.0,
    "ortho_loss": 0.0,
    "pearson": 0.6982,
    "regression_loss": 1.1414,
    "rm2": 0.4788,
    "rmse": 1.0696,
    "sd": 1.0627,
    "spearman": 0.6962,
    "spectral_loss": 0.0
}
                              
                              
----------------------------------------
Epoch 005 with LR 0.000100: Model Results
----------------------------------------
Train MSE Loss: 0.9935, Train CLS Loss: 0.0000, Train MCLS Loss: 0.0000
Protein Cluster Region Loss - Ortho Loss: 0.0000, Cluster Loss: 0.0000
                              
Validation Results: {
    "ci": 0.7594,
    "classification_loss": 0.0,
    "cluster_loss": 0.0,
    "mae": 0.8212,
    "mse": 1.2456,
    "multiclassification_loss": 0.0,
    "ortho_loss": 0.0,
    "pearson": 0.698,
    "regression_loss": 1.2556,
    "rm2": 0.4637,
    "rmse": 1.1161,
    "sd": 1.0991,
    "spearman": 0.6988,
    "spectral_loss": 0.0
}
                              
Test Results: {
    "ci": 0.7575,
    "classification_loss": 0.0,
    "cluster_loss": 0.0,
    "mae": 0.8099,
    "mse": 1.144,
    "multiclassification_loss": 0.0,
    "ortho_loss": 0.0,
    "pearson": 0.6982,
    "regression_loss": 1.1414,
    "rm2": 0.4788,
    "rmse": 1.0696,
    "sd": 1.0627,
    "spearman": 0.6962,
    "spectral_loss": 0.0
}
                              
                              
----------------------------------------
Epoch 006 with LR 0.000100: Model Results
----------------------------------------
Train MSE Loss: 0.9547, Train CLS Loss: 0.0000, Train MCLS Loss: 0.0000
Protein Cluster Region Loss - Ortho Loss: 0.0000, Cluster Loss: 0.0000
                              
Validation Results: {
    "ci": 0.7644,
    "classification_loss": 0.0,
    "cluster_loss": 0.0,
    "mae": 0.7861,
    "mse": 1.2201,
    "multiclassification_loss": 0.0,
    "ortho_loss": 0.0,
    "pearson": 0.7049,
    "regression_loss": 1.2278,
    "rm2": 0.4445,
    "rmse": 1.1046,
    "sd": 1.0888,
    "spearman": 0.7108,
    "spectral_loss": 0.0
}
                              
Test Results: {
    "ci": 0.7575,
    "classification_loss": 0.0,
    "cluster_loss": 0.0,
    "mae": 0.8099,
    "mse": 1.144,
    "multiclassification_loss": 0.0,
    "ortho_loss": 0.0,
    "pearson": 0.6982,
    "regression_loss": 1.1414,
    "rm2": 0.4788,
    "rmse": 1.0696,
    "sd": 1.0627,
    "spearman": 0.6962,
    "spectral_loss": 0.0
}
                              
                              
----------------------------------------
Epoch 007 with LR 0.000100: Model Results
----------------------------------------
Train MSE Loss: 0.9166, Train CLS Loss: 0.0000, Train MCLS Loss: 0.0000
Protein Cluster Region Loss - Ortho Loss: 0.0000, Cluster Loss: 0.0000
                              
Validation Results: {
    "ci": 0.7674,
    "classification_loss": 0.0,
    "cluster_loss": 0.0,
    "mae": 0.774,
    "mse": 1.1708,
    "multiclassification_loss": 0.0,
    "ortho_loss": 0.0,
    "pearson": 0.7109,
    "regression_loss": 1.1738,
    "rm2": 0.495,
    "rmse": 1.082,
    "sd": 1.0795,
    "spearman": 0.7138,
    "spectral_loss": 0.0
}
                              
Test Results: {
    "ci": 0.7643,
    "classification_loss": 0.0,
    "cluster_loss": 0.0,
    "mae": 0.7728,
    "mse": 1.0926,
    "multiclassification_loss": 0.0,
    "ortho_loss": 0.0,
    "pearson": 0.7109,
    "regression_loss": 1.0881,
    "rm2": 0.4874,
    "rmse": 1.0453,
    "sd": 1.0439,
    "spearman": 0.7107,
    "spectral_loss": 0.0
}
                              
                              
----------------------------------------
Epoch 008 with LR 0.000100: Model Results
----------------------------------------
Train MSE Loss: 0.8743, Train CLS Loss: 0.0000, Train MCLS Loss: 0.0000
Protein Cluster Region Loss - Ortho Loss: 0.0000, Cluster Loss: 0.0000
                              
Validation Results: {
    "ci": 0.7685,
    "classification_loss": 0.0,
    "cluster_loss": 0.0,
    "mae": 0.7612,
    "mse": 1.1578,
    "multiclassification_loss": 0.0,
    "ortho_loss": 0.0,
    "pearson": 0.7157,
    "regression_loss": 1.1652,
    "rm2": 0.4958,
    "rmse": 1.076,
    "sd": 1.072,
    "spearman": 0.7184,
    "spectral_loss": 0.0
}
                              
Test Results: {
    "ci": 0.7674,
    "classification_loss": 0.0,
    "cluster_loss": 0.0,
    "mae": 0.7653,
    "mse": 1.0954,
    "multiclassification_loss": 0.0,
    "ortho_loss": 0.0,
    "pearson": 0.7132,
    "regression_loss": 1.0918,
    "rm2": 0.499,
    "rmse": 1.0466,
    "sd": 1.0406,
    "spearman": 0.7174,
    "spectral_loss": 0.0
}
                              
                              
----------------------------------------
Epoch 009 with LR 0.000100: Model Results
----------------------------------------
Train MSE Loss: 0.8480, Train CLS Loss: 0.0000, Train MCLS Loss: 0.0000
Protein Cluster Region Loss - Ortho Loss: 0.0000, Cluster Loss: 0.0000
                              
Validation Results: {
    "ci": 0.768,
    "classification_loss": 0.0,
    "cluster_loss": 0.0,
    "mae": 0.7658,
    "mse": 1.1747,
    "multiclassification_loss": 0.0,
    "ortho_loss": 0.0,
    "pearson": 0.7115,
    "regression_loss": 1.1766,
    "rm2": 0.4784,
    "rmse": 1.0838,
    "sd": 1.0786,
    "spearman": 0.7142,
    "spectral_loss": 0.0
}
                              
Test Results: {
    "ci": 0.7674,
    "classification_loss": 0.0,
    "cluster_loss": 0.0,
    "mae": 0.7653,
    "mse": 1.0954,
    "multiclassification_loss": 0.0,
    "ortho_loss": 0.0,
    "pearson": 0.7132,
    "regression_loss": 1.0918,
    "rm2": 0.499,
    "rmse": 1.0466,
    "sd": 1.0406,
    "spearman": 0.7174,
    "spectral_loss": 0.0
}
                              
                              
----------------------------------------
Epoch 010 with LR 0.000100: Model Results
----------------------------------------
Train MSE Loss: 0.8324, Train CLS Loss: 0.0000, Train MCLS Loss: 0.0000
Protein Cluster Region Loss - Ortho Loss: 0.0000, Cluster Loss: 0.0000
                              
Validation Results: {
    "ci": 0.7702,
    "classification_loss": 0.0,
    "cluster_loss": 0.0,
    "mae": 0.76,
    "mse": 1.1641,
    "multiclassification_loss": 0.0,
    "ortho_loss": 0.0,
    "pearson": 0.7171,
    "regression_loss": 1.1663,
    "rm2": 0.4871,
    "rmse": 1.0789,
    "sd": 1.0699,
    "spearman": 0.7204,
    "spectral_loss": 0.0
}
                              
Test Results: {
    "ci": 0.7674,
    "classification_loss": 0.0,
    "cluster_loss": 0.0,
    "mae": 0.7653,
    "mse": 1.0954,
    "multiclassification_loss": 0.0,
    "ortho_loss": 0.0,
    "pearson": 0.7132,
    "regression_loss": 1.0918,
    "rm2": 0.499,
    "rmse": 1.0466,
    "sd": 1.0406,
    "spearman": 0.7174,
    "spectral_loss": 0.0
}
                              
                              
----------------------------------------
Epoch 011 with LR 0.000100: Model Results
----------------------------------------
Train MSE Loss: 0.8066, Train CLS Loss: 0.0000, Train MCLS Loss: 0.0000
Protein Cluster Region Loss - Ortho Loss: 0.0000, Cluster Loss: 0.0000
                              
Validation Results: {
    "ci": 0.7715,
    "classification_loss": 0.0,
    "cluster_loss": 0.0,
    "mae": 0.7717,
    "mse": 1.174,
    "multiclassification_loss": 0.0,
    "ortho_loss": 0.0,
    "pearson": 0.7161,
    "regression_loss": 1.1767,
    "rm2": 0.4579,
    "rmse": 1.0835,
    "sd": 1.0714,
    "spearman": 0.7212,
    "spectral_loss": 0.0
}
                              
Test Results: {
    "ci": 0.7674,
    "classification_loss": 0.0,
    "cluster_loss": 0.0,
    "mae": 0.7653,
    "mse": 1.0954,
    "multiclassification_loss": 0.0,
    "ortho_loss": 0.0,
    "pearson": 0.7132,
    "regression_loss": 1.0918,
    "rm2": 0.499,
    "rmse": 1.0466,
    "sd": 1.0406,
    "spearman": 0.7174,
    "spectral_loss": 0.0
}
                              
                              
----------------------------------------
Epoch 012 with LR 0.000100: Model Results
----------------------------------------
Train MSE Loss: 0.7839, Train CLS Loss: 0.0000, Train MCLS Loss: 0.0000
Protein Cluster Region Loss - Ortho Loss: 0.0000, Cluster Loss: 0.0000
                              
Validation Results: {
    "ci": 0.7666,
    "classification_loss": 0.0,
    "cluster_loss": 0.0,
    "mae": 0.7651,
    "mse": 1.1723,
    "multiclassification_loss": 0.0,
    "ortho_loss": 0.0,
    "pearson": 0.7118,
    "regression_loss": 1.1744,
    "rm2": 0.4839,
    "rmse": 1.0827,
    "sd": 1.0781,
    "spearman": 0.7105,
    "spectral_loss": 0.0
}
                              
Test Results: {
    "ci": 0.7674,
    "classification_loss": 0.0,
    "cluster_loss": 0.0,
    "mae": 0.7653,
    "mse": 1.0954,
    "multiclassification_loss": 0.0,
    "ortho_loss": 0.0,
    "pearson": 0.7132,
    "regression_loss": 1.0918,
    "rm2": 0.499,
    "rmse": 1.0466,
    "sd": 1.0406,
    "spearman": 0.7174,
    "spectral_loss": 0.0
}
                              
                              
----------------------------------------
Epoch 013 with LR 0.000100: Model Results
----------------------------------------
Train MSE Loss: 0.7733, Train CLS Loss: 0.0000, Train MCLS Loss: 0.0000
Protein Cluster Region Loss - Ortho Loss: 0.0000, Cluster Loss: 0.0000
                              
Validation Results: {
    "ci": 0.7675,
    "classification_loss": 0.0,
    "cluster_loss": 0.0,
    "mae": 0.7698,
    "mse": 1.1823,
    "multiclassification_loss": 0.0,
    "ortho_loss": 0.0,
    "pearson": 0.7096,
    "regression_loss": 1.1809,
    "rm2": 0.484,
    "rmse": 1.0873,
    "sd": 1.0816,
    "spearman": 0.7145,
    "spectral_loss": 0.0
}
                              
Test Results: {
    "ci": 0.7674,
    "classification_loss": 0.0,
    "cluster_loss": 0.0,
    "mae": 0.7653,
    "mse": 1.0954,
    "multiclassification_loss": 0.0,
    "ortho_loss": 0.0,
    "pearson": 0.7132,
    "regression_loss": 1.0918,
    "rm2": 0.499,
    "rmse": 1.0466,
    "sd": 1.0406,
    "spearman": 0.7174,
    "spectral_loss": 0.0
}
                              
                              
----------------------------------------
Epoch 014 with LR 0.000100: Model Results
----------------------------------------
Train MSE Loss: 0.7529, Train CLS Loss: 0.0000, Train MCLS Loss: 0.0000
Protein Cluster Region Loss - Ortho Loss: 0.0000, Cluster Loss: 0.0000
                              
Validation Results: {
    "ci": 0.7713,
    "classification_loss": 0.0,
    "cluster_loss": 0.0,
    "mae": 0.7557,
    "mse": 1.1637,
    "multiclassification_loss": 0.0,
    "ortho_loss": 0.0,
    "pearson": 0.7147,
    "regression_loss": 1.1622,
    "rm2": 0.4782,
    "rmse": 1.0787,
    "sd": 1.0737,
    "spearman": 0.7196,
    "spectral_loss": 0.0
}
                              
Test Results: {
    "ci": 0.7674,
    "classification_loss": 0.0,
    "cluster_loss": 0.0,
    "mae": 0.7653,
    "mse": 1.0954,
    "multiclassification_loss": 0.0,
    "ortho_loss": 0.0,
    "pearson": 0.7132,
    "regression_loss": 1.0918,
    "rm2": 0.499,
    "rmse": 1.0466,
    "sd": 1.0406,
    "spearman": 0.7174,
    "spectral_loss": 0.0
}
                              
                              
----------------------------------------
Epoch 015 with LR 0.000100: Model Results
----------------------------------------
Train MSE Loss: 0.7426, Train CLS Loss: 0.0000, Train MCLS Loss: 0.0000
Protein Cluster Region Loss - Ortho Loss: 0.0000, Cluster Loss: 0.0000
                              
Validation Results: {
    "ci": 0.7745,
    "classification_loss": 0.0,
    "cluster_loss": 0.0,
    "mae": 0.7461,
    "mse": 1.1346,
    "multiclassification_loss": 0.0,
    "ortho_loss": 0.0,
    "pearson": 0.7249,
    "regression_loss": 1.1372,
    "rm2": 0.5169,
    "rmse": 1.0652,
    "sd": 1.0574,
    "spearman": 0.7297,
    "spectral_loss": 0.0
}
                              
Test Results: {
    "ci": 0.7717,
    "classification_loss": 0.0,
    "cluster_loss": 0.0,
    "mae": 0.7409,
    "mse": 1.0768,
    "multiclassification_loss": 0.0,
    "ortho_loss": 0.0,
    "pearson": 0.7239,
    "regression_loss": 1.0734,
    "rm2": 0.5019,
    "rmse": 1.0377,
    "sd": 1.0241,
    "spearman": 0.7233,
    "spectral_loss": 0.0
}
                              
                              
----------------------------------------
Epoch 016 with LR 0.000100: Model Results
----------------------------------------
Train MSE Loss: 0.7265, Train CLS Loss: 0.0000, Train MCLS Loss: 0.0000
Protein Cluster Region Loss - Ortho Loss: 0.0000, Cluster Loss: 0.0000
                              
Validation Results: {
    "ci": 0.7752,
    "classification_loss": 0.0,
    "cluster_loss": 0.0,
    "mae": 0.7473,
    "mse": 1.1304,
    "multiclassification_loss": 0.0,
    "ortho_loss": 0.0,
    "pearson": 0.7228,
    "regression_loss": 1.1306,
    "rm2": 0.496,
    "rmse": 1.0632,
    "sd": 1.0607,
    "spearman": 0.7304,
    "spectral_loss": 0.0
}
                              
Test Results: {
    "ci": 0.7726,
    "classification_loss": 0.0,
    "cluster_loss": 0.0,
    "mae": 0.7444,
    "mse": 1.0669,
    "multiclassification_loss": 0.0,
    "ortho_loss": 0.0,
    "pearson": 0.7217,
    "regression_loss": 1.063,
    "rm2": 0.4873,
    "rmse": 1.0329,
    "sd": 1.0275,
    "spearman": 0.725,
    "spectral_loss": 0.0
}
                              
                              
----------------------------------------
Epoch 017 with LR 0.000100: Model Results
----------------------------------------
Train MSE Loss: 0.7153, Train CLS Loss: 0.0000, Train MCLS Loss: 0.0000
Protein Cluster Region Loss - Ortho Loss: 0.0000, Cluster Loss: 0.0000
                              
Validation Results: {
    "ci": 0.7765,
    "classification_loss": 0.0,
    "cluster_loss": 0.0,
    "mae": 0.7431,
    "mse": 1.1186,
    "multiclassification_loss": 0.0,
    "ortho_loss": 0.0,
    "pearson": 0.727,
    "regression_loss": 1.117,
    "rm2": 0.5192,
    "rmse": 1.0577,
    "sd": 1.0539,
    "spearman": 0.7329,
    "spectral_loss": 0.0
}
                              
Test Results: {
    "ci": 0.7712,
    "classification_loss": 0.0,
    "cluster_loss": 0.0,
    "mae": 0.7462,
    "mse": 1.094,
    "multiclassification_loss": 0.0,
    "ortho_loss": 0.0,
    "pearson": 0.7178,
    "regression_loss": 1.0889,
    "rm2": 0.4997,
    "rmse": 1.0459,
    "sd": 1.0335,
    "spearman": 0.7216,
    "spectral_loss": 0.0
}
                              
                              
----------------------------------------
Epoch 018 with LR 0.000100: Model Results
----------------------------------------
Train MSE Loss: 0.7096, Train CLS Loss: 0.0000, Train MCLS Loss: 0.0000
Protein Cluster Region Loss - Ortho Loss: 0.0000, Cluster Loss: 0.0000
                              
Validation Results: {
    "ci": 0.7789,
    "classification_loss": 0.0,
    "cluster_loss": 0.0,
    "mae": 0.7409,
    "mse": 1.1293,
    "multiclassification_loss": 0.0,
    "ortho_loss": 0.0,
    "pearson": 0.7298,
    "regression_loss": 1.1282,
    "rm2": 0.5194,
    "rmse": 1.0627,
    "sd": 1.0493,
    "spearman": 0.7374,
    "spectral_loss": 0.0
}
                              
Test Results: {
    "ci": 0.7712,
    "classification_loss": 0.0,
    "cluster_loss": 0.0,
    "mae": 0.7462,
    "mse": 1.094,
    "multiclassification_loss": 0.0,
    "ortho_loss": 0.0,
    "pearson": 0.7178,
    "regression_loss": 1.0889,
    "rm2": 0.4997,
    "rmse": 1.0459,
    "sd": 1.0335,
    "spearman": 0.7216,
    "spectral_loss": 0.0
}
                              
                              
----------------------------------------
Epoch 019 with LR 0.000100: Model Results
----------------------------------------
Train MSE Loss: 0.7005, Train CLS Loss: 0.0000, Train MCLS Loss: 0.0000
Protein Cluster Region Loss - Ortho Loss: 0.0000, Cluster Loss: 0.0000
                              
Validation Results: {
    "ci": 0.7765,
    "classification_loss": 0.0,
    "cluster_loss": 0.0,
    "mae": 0.7411,
    "mse": 1.1189,
    "multiclassification_loss": 0.0,
    "ortho_loss": 0.0,
    "pearson": 0.7291,
    "regression_loss": 1.1217,
    "rm2": 0.4931,
    "rmse": 1.0578,
    "sd": 1.0506,
    "spearman": 0.7318,
    "spectral_loss": 0.0
}
                              
Test Results: {
    "ci": 0.7712,
    "classification_loss": 0.0,
    "cluster_loss": 0.0,
    "mae": 0.7462,
    "mse": 1.094,
    "multiclassification_loss": 0.0,
    "ortho_loss": 0.0,
    "pearson": 0.7178,
    "regression_loss": 1.0889,
    "rm2": 0.4997,
    "rmse": 1.0459,
    "sd": 1.0335,
    "spearman": 0.7216,
    "spectral_loss": 0.0
}
                              
                              
----------------------------------------
Epoch 020 with LR 0.000100: Model Results
----------------------------------------
Train MSE Loss: 0.6922, Train CLS Loss: 0.0000, Train MCLS Loss: 0.0000
Protein Cluster Region Loss - Ortho Loss: 0.0000, Cluster Loss: 0.0000
                              
Validation Results: {
    "ci": 0.7766,
    "classification_loss": 0.0,
    "cluster_loss": 0.0,
    "mae": 0.7432,
    "mse": 1.1251,
    "multiclassification_loss": 0.0,
    "ortho_loss": 0.0,
    "pearson": 0.7238,
    "regression_loss": 1.1264,
    "rm2": 0.5186,
    "rmse": 1.0607,
    "sd": 1.0592,
    "spearman": 0.7325,
    "spectral_loss": 0.0
}
                              
Test Results: {
    "ci": 0.7712,
    "classification_loss": 0.0,
    "cluster_loss": 0.0,
    "mae": 0.7462,
    "mse": 1.094,
    "multiclassification_loss": 0.0,
    "ortho_loss": 0.0,
    "pearson": 0.7178,
    "regression_loss": 1.0889,
    "rm2": 0.4997,
    "rmse": 1.0459,
    "sd": 1.0335,
    "spearman": 0.7216,
    "spectral_loss": 0.0
}
                              
                              
----------------------------------------
Epoch 021 with LR 0.000100: Model Results
----------------------------------------
Train MSE Loss: 0.6795, Train CLS Loss: 0.0000, Train MCLS Loss: 0.0000
Protein Cluster Region Loss - Ortho Loss: 0.0000, Cluster Loss: 0.0000
                              
Validation Results: {
    "ci": 0.7784,
    "classification_loss": 0.0,
    "cluster_loss": 0.0,
    "mae": 0.7363,
    "mse": 1.1245,
    "multiclassification_loss": 0.0,
    "ortho_loss": 0.0,
    "pearson": 0.7289,
    "regression_loss": 1.1264,
    "rm2": 0.521,
    "rmse": 1.0604,
    "sd": 1.0509,
    "spearman": 0.7375,
    "spectral_loss": 0.0
}
                              
Test Results: {
    "ci": 0.7712,
    "classification_loss": 0.0,
    "cluster_loss": 0.0,
    "mae": 0.7462,
    "mse": 1.094,
    "multiclassification_loss": 0.0,
    "ortho_loss": 0.0,
    "pearson": 0.7178,
    "regression_loss": 1.0889,
    "rm2": 0.4997,
    "rmse": 1.0459,
    "sd": 1.0335,
    "spearman": 0.7216,
    "spectral_loss": 0.0
}
                              
                              
----------------------------------------
Epoch 022 with LR 0.000100: Model Results
----------------------------------------
Train MSE Loss: 0.6719, Train CLS Loss: 0.0000, Train MCLS Loss: 0.0000
Protein Cluster Region Loss - Ortho Loss: 0.0000, Cluster Loss: 0.0000
                              
Validation Results: {
    "ci": 0.7746,
    "classification_loss": 0.0,
    "cluster_loss": 0.0,
    "mae": 0.7466,
    "mse": 1.1419,
    "multiclassification_loss": 0.0,
    "ortho_loss": 0.0,
    "pearson": 0.7217,
    "regression_loss": 1.1435,
    "rm2": 0.5143,
    "rmse": 1.0686,
    "sd": 1.0625,
    "spearman": 0.7288,
    "spectral_loss": 0.0
}
                              
Test Results: {
    "ci": 0.7712,
    "classification_loss": 0.0,
    "cluster_loss": 0.0,
    "mae": 0.7462,
    "mse": 1.094,
    "multiclassification_loss": 0.0,
    "ortho_loss": 0.0,
    "pearson": 0.7178,
    "regression_loss": 1.0889,
    "rm2": 0.4997,
    "rmse": 1.0459,
    "sd": 1.0335,
    "spearman": 0.7216,
    "spectral_loss": 0.0
}
                              
                              
----------------------------------------
Epoch 023 with LR 0.000100: Model Results
----------------------------------------
Train MSE Loss: 0.6642, Train CLS Loss: 0.0000, Train MCLS Loss: 0.0000
Protein Cluster Region Loss - Ortho Loss: 0.0000, Cluster Loss: 0.0000
                              
Validation Results: {
    "ci": 0.7781,
    "classification_loss": 0.0,
    "cluster_loss": 0.0,
    "mae": 0.7383,
    "mse": 1.1281,
    "multiclassification_loss": 0.0,
    "ortho_loss": 0.0,
    "pearson": 0.7275,
    "regression_loss": 1.125,
    "rm2": 0.5094,
    "rmse": 1.0621,
    "sd": 1.0532,
    "spearman": 0.7355,
    "spectral_loss": 0.0
}
                              
Test Results: {
    "ci": 0.7712,
    "classification_loss": 0.0,
    "cluster_loss": 0.0,
    "mae": 0.7462,
    "mse": 1.094,
    "multiclassification_loss": 0.0,
    "ortho_loss": 0.0,
    "pearson": 0.7178,
    "regression_loss": 1.0889,
    "rm2": 0.4997,
    "rmse": 1.0459,
    "sd": 1.0335,
    "spearman": 0.7216,
    "spectral_loss": 0.0
}
                              
                              
----------------------------------------
Epoch 024 with LR 0.000100: Model Results
----------------------------------------
Train MSE Loss: 0.6549, Train CLS Loss: 0.0000, Train MCLS Loss: 0.0000
Protein Cluster Region Loss - Ortho Loss: 0.0000, Cluster Loss: 0.0000
                              
Validation Results: {
    "ci": 0.7809,
    "classification_loss": 0.0,
    "cluster_loss": 0.0,
    "mae": 0.7289,
    "mse": 1.1178,
    "multiclassification_loss": 0.0,
    "ortho_loss": 0.0,
    "pearson": 0.7308,
    "regression_loss": 1.1142,
    "rm2": 0.5252,
    "rmse": 1.0573,
    "sd": 1.0477,
    "spearman": 0.7392,
    "spectral_loss": 0.0
}
                              
Test Results: {
    "ci": 0.7763,
    "classification_loss": 0.0,
    "cluster_loss": 0.0,
    "mae": 0.7318,
    "mse": 1.0792,
    "multiclassification_loss": 0.0,
    "ortho_loss": 0.0,
    "pearson": 0.7268,
    "regression_loss": 1.0742,
    "rm2": 0.5132,
    "rmse": 1.0388,
    "sd": 1.0195,
    "spearman": 0.7331,
    "spectral_loss": 0.0
}
                              
                              
----------------------------------------
Epoch 025 with LR 0.000100: Model Results
----------------------------------------
Train MSE Loss: 0.6516, Train CLS Loss: 0.0000, Train MCLS Loss: 0.0000
Protein Cluster Region Loss - Ortho Loss: 0.0000, Cluster Loss: 0.0000
                              
Validation Results: {
    "ci": 0.7786,
    "classification_loss": 0.0,
    "cluster_loss": 0.0,
    "mae": 0.7316,
    "mse": 1.1024,
    "multiclassification_loss": 0.0,
    "ortho_loss": 0.0,
    "pearson": 0.7293,
    "regression_loss": 1.1036,
    "rm2": 0.53,
    "rmse": 1.05,
    "sd": 1.0501,
    "spearman": 0.7356,
    "spectral_loss": 0.0
}
                              
Test Results: {
    "ci": 0.7736,
    "classification_loss": 0.0,
    "cluster_loss": 0.0,
    "mae": 0.7367,
    "mse": 1.0578,
    "multiclassification_loss": 0.0,
    "ortho_loss": 0.0,
    "pearson": 0.7225,
    "regression_loss": 1.056,
    "rm2": 0.5144,
    "rmse": 1.0285,
    "sd": 1.0263,
    "spearman": 0.7266,
    "spectral_loss": 0.0
}
                              
                              
----------------------------------------
Epoch 026 with LR 0.000100: Model Results
----------------------------------------
Train MSE Loss: 0.6393, Train CLS Loss: 0.0000, Train MCLS Loss: 0.0000
Protein Cluster Region Loss - Ortho Loss: 0.0000, Cluster Loss: 0.0000
                              
Validation Results: {
    "ci": 0.7785,
    "classification_loss": 0.0,
    "cluster_loss": 0.0,
    "mae": 0.7381,
    "mse": 1.1139,
    "multiclassification_loss": 0.0,
    "ortho_loss": 0.0,
    "pearson": 0.7282,
    "regression_loss": 1.1131,
    "rm2": 0.4998,
    "rmse": 1.0554,
    "sd": 1.0521,
    "spearman": 0.7323,
    "spectral_loss": 0.0
}
                              
Test Results: {
    "ci": 0.7736,
    "classification_loss": 0.0,
    "cluster_loss": 0.0,
    "mae": 0.7367,
    "mse": 1.0578,
    "multiclassification_loss": 0.0,
    "ortho_loss": 0.0,
    "pearson": 0.7225,
    "regression_loss": 1.056,
    "rm2": 0.5144,
    "rmse": 1.0285,
    "sd": 1.0263,
    "spearman": 0.7266,
    "spectral_loss": 0.0
}
                              
                              
----------------------------------------
Epoch 027 with LR 0.000100: Model Results
----------------------------------------
Train MSE Loss: 0.6335, Train CLS Loss: 0.0000, Train MCLS Loss: 0.0000
Protein Cluster Region Loss - Ortho Loss: 0.0000, Cluster Loss: 0.0000
                              
Validation Results: {
    "ci": 0.7767,
    "classification_loss": 0.0,
    "cluster_loss": 0.0,
    "mae": 0.7437,
    "mse": 1.1471,
    "multiclassification_loss": 0.0,
    "ortho_loss": 0.0,
    "pearson": 0.7237,
    "regression_loss": 1.1446,
    "rm2": 0.5089,
    "rmse": 1.071,
    "sd": 1.0593,
    "spearman": 0.7303,
    "spectral_loss": 0.0
}
                              
Test Results: {
    "ci": 0.7736,
    "classification_loss": 0.0,
    "cluster_loss": 0.0,
    "mae": 0.7367,
    "mse": 1.0578,
    "multiclassification_loss": 0.0,
    "ortho_loss": 0.0,
    "pearson": 0.7225,
    "regression_loss": 1.056,
    "rm2": 0.5144,
    "rmse": 1.0285,
    "sd": 1.0263,
    "spearman": 0.7266,
    "spectral_loss": 0.0
}
                              
                              
----------------------------------------
Epoch 028 with LR 0.000100: Model Results
----------------------------------------
Train MSE Loss: 0.6286, Train CLS Loss: 0.0000, Train MCLS Loss: 0.0000
Protein Cluster Region Loss - Ortho Loss: 0.0000, Cluster Loss: 0.0000
                              
Validation Results: {
    "ci": 0.7803,
    "classification_loss": 0.0,
    "cluster_loss": 0.0,
    "mae": 0.7255,
    "mse": 1.1045,
    "multiclassification_loss": 0.0,
    "ortho_loss": 0.0,
    "pearson": 0.7305,
    "regression_loss": 1.1032,
    "rm2": 0.5228,
    "rmse": 1.0509,
    "sd": 1.0483,
    "spearman": 0.7378,
    "spectral_loss": 0.0
}
                              
Test Results: {
    "ci": 0.7736,
    "classification_loss": 0.0,
    "cluster_loss": 0.0,
    "mae": 0.7367,
    "mse": 1.0578,
    "multiclassification_loss": 0.0,
    "ortho_loss": 0.0,
    "pearson": 0.7225,
    "regression_loss": 1.056,
    "rm2": 0.5144,
    "rmse": 1.0285,
    "sd": 1.0263,
    "spearman": 0.7266,
    "spectral_loss": 0.0
}
                              
                              
----------------------------------------
Epoch 029 with LR 0.000100: Model Results
----------------------------------------
Train MSE Loss: 0.6212, Train CLS Loss: 0.0000, Train MCLS Loss: 0.0000
Protein Cluster Region Loss - Ortho Loss: 0.0000, Cluster Loss: 0.0000
                              
Validation Results: {
    "ci": 0.7778,
    "classification_loss": 0.0,
    "cluster_loss": 0.0,
    "mae": 0.7409,
    "mse": 1.1608,
    "multiclassification_loss": 0.0,
    "ortho_loss": 0.0,
    "pearson": 0.7229,
    "regression_loss": 1.1569,
    "rm2": 0.5008,
    "rmse": 1.0774,
    "sd": 1.0605,
    "spearman": 0.7318,
    "spectral_loss": 0.0
}
                              
Test Results: {
    "ci": 0.7736,
    "classification_loss": 0.0,
    "cluster_loss": 0.0,
    "mae": 0.7367,
    "mse": 1.0578,
    "multiclassification_loss": 0.0,
    "ortho_loss": 0.0,
    "pearson": 0.7225,
    "regression_loss": 1.056,
    "rm2": 0.5144,
    "rmse": 1.0285,
    "sd": 1.0263,
    "spearman": 0.7266,
    "spectral_loss": 0.0
}
                              
                              
----------------------------------------
Epoch 030 with LR 0.000100: Model Results
----------------------------------------
Train MSE Loss: 0.6165, Train CLS Loss: 0.0000, Train MCLS Loss: 0.0000
Protein Cluster Region Loss - Ortho Loss: 0.0000, Cluster Loss: 0.0000
                              
Validation Results: {
    "ci": 0.7811,
    "classification_loss": 0.0,
    "cluster_loss": 0.0,
    "mae": 0.7194,
    "mse": 1.0944,
    "multiclassification_loss": 0.0,
    "ortho_loss": 0.0,
    "pearson": 0.7329,
    "regression_loss": 1.0908,
    "rm2": 0.5318,
    "rmse": 1.0461,
    "sd": 1.0444,
    "spearman": 0.7398,
    "spectral_loss": 0.0
}
                              
Test Results: {
    "ci": 0.7732,
    "classification_loss": 0.0,
    "cluster_loss": 0.0,
    "mae": 0.732,
    "mse": 1.073,
    "multiclassification_loss": 0.0,
    "ortho_loss": 0.0,
    "pearson": 0.7214,
    "regression_loss": 1.0691,
    "rm2": 0.5162,
    "rmse": 1.0359,
    "sd": 1.028,
    "spearman": 0.7251,
    "spectral_loss": 0.0
}
                              
                              
----------------------------------------
Epoch 031 with LR 0.000100: Model Results
----------------------------------------
Train MSE Loss: 0.6104, Train CLS Loss: 0.0000, Train MCLS Loss: 0.0000
Protein Cluster Region Loss - Ortho Loss: 0.0000, Cluster Loss: 0.0000
                              
Validation Results: {
    "ci": 0.7784,
    "classification_loss": 0.0,
    "cluster_loss": 0.0,
    "mae": 0.7365,
    "mse": 1.1633,
    "multiclassification_loss": 0.0,
    "ortho_loss": 0.0,
    "pearson": 0.7205,
    "regression_loss": 1.1594,
    "rm2": 0.4796,
    "rmse": 1.0785,
    "sd": 1.0644,
    "spearman": 0.7307,
    "spectral_loss": 0.0
}
                              
Test Results: {
    "ci": 0.7732,
    "classification_loss": 0.0,
    "cluster_loss": 0.0,
    "mae": 0.732,
    "mse": 1.073,
    "multiclassification_loss": 0.0,
    "ortho_loss": 0.0,
    "pearson": 0.7214,
    "regression_loss": 1.0691,
    "rm2": 0.5162,
    "rmse": 1.0359,
    "sd": 1.028,
    "spearman": 0.7251,
    "spectral_loss": 0.0
}
                              
                              
----------------------------------------
Epoch 032 with LR 0.000100: Model Results
----------------------------------------
Train MSE Loss: 0.6062, Train CLS Loss: 0.0000, Train MCLS Loss: 0.0000
Protein Cluster Region Loss - Ortho Loss: 0.0000, Cluster Loss: 0.0000
                              
Validation Results: {
    "ci": 0.7824,
    "classification_loss": 0.0,
    "cluster_loss": 0.0,
    "mae": 0.7284,
    "mse": 1.1086,
    "multiclassification_loss": 0.0,
    "ortho_loss": 0.0,
    "pearson": 0.7353,
    "regression_loss": 1.1064,
    "rm2": 0.5336,
    "rmse": 1.0529,
    "sd": 1.0403,
    "spearman": 0.7427,
    "spectral_loss": 0.0
}
                              
Test Results: {
    "ci": 0.7732,
    "classification_loss": 0.0,
    "cluster_loss": 0.0,
    "mae": 0.732,
    "mse": 1.073,
    "multiclassification_loss": 0.0,
    "ortho_loss": 0.0,
    "pearson": 0.7214,
    "regression_loss": 1.0691,
    "rm2": 0.5162,
    "rmse": 1.0359,
    "sd": 1.028,
    "spearman": 0.7251,
    "spectral_loss": 0.0
}
                              
                              
----------------------------------------
Epoch 033 with LR 0.000100: Model Results
----------------------------------------
Train MSE Loss: 0.5988, Train CLS Loss: 0.0000, Train MCLS Loss: 0.0000
Protein Cluster Region Loss - Ortho Loss: 0.0000, Cluster Loss: 0.0000
                              
Validation Results: {
    "ci": 0.7785,
    "classification_loss": 0.0,
    "cluster_loss": 0.0,
    "mae": 0.737,
    "mse": 1.1323,
    "multiclassification_loss": 0.0,
    "ortho_loss": 0.0,
    "pearson": 0.7252,
    "regression_loss": 1.1283,
    "rm2": 0.4892,
    "rmse": 1.0641,
    "sd": 1.0568,
    "spearman": 0.7311,
    "spectral_loss": 0.0
}
                              
Test Results: {
    "ci": 0.7732,
    "classification_loss": 0.0,
    "cluster_loss": 0.0,
    "mae": 0.732,
    "mse": 1.073,
    "multiclassification_loss": 0.0,
    "ortho_loss": 0.0,
    "pearson": 0.7214,
    "regression_loss": 1.0691,
    "rm2": 0.5162,
    "rmse": 1.0359,
    "sd": 1.028,
    "spearman": 0.7251,
    "spectral_loss": 0.0
}
                              
                              
----------------------------------------
Epoch 034 with LR 0.000100: Model Results
----------------------------------------
Train MSE Loss: 0.5885, Train CLS Loss: 0.0000, Train MCLS Loss: 0.0000
Protein Cluster Region Loss - Ortho Loss: 0.0000, Cluster Loss: 0.0000
                              
Validation Results: {
    "ci": 0.7805,
    "classification_loss": 0.0,
    "cluster_loss": 0.0,
    "mae": 0.739,
    "mse": 1.1607,
    "multiclassification_loss": 0.0,
    "ortho_loss": 0.0,
    "pearson": 0.7272,
    "regression_loss": 1.1579,
    "rm2": 0.5182,
    "rmse": 1.0773,
    "sd": 1.0536,
    "spearman": 0.7372,
    "spectral_loss": 0.0
}
                              
Test Results: {
    "ci": 0.7732,
    "classification_loss": 0.0,
    "cluster_loss": 0.0,
    "mae": 0.732,
    "mse": 1.073,
    "multiclassification_loss": 0.0,
    "ortho_loss": 0.0,
    "pearson": 0.7214,
    "regression_loss": 1.0691,
    "rm2": 0.5162,
    "rmse": 1.0359,
    "sd": 1.028,
    "spearman": 0.7251,
    "spectral_loss": 0.0
}
                              
                              
----------------------------------------
Epoch 035 with LR 0.000100: Model Results
----------------------------------------
Train MSE Loss: 0.5835, Train CLS Loss: 0.0000, Train MCLS Loss: 0.0000
Protein Cluster Region Loss - Ortho Loss: 0.0000, Cluster Loss: 0.0000
                              
Validation Results: {
    "ci": 0.7803,
    "classification_loss": 0.0,
    "cluster_loss": 0.0,
    "mae": 0.728,
    "mse": 1.1261,
    "multiclassification_loss": 0.0,
    "ortho_loss": 0.0,
    "pearson": 0.7275,
    "regression_loss": 1.1241,
    "rm2": 0.5237,
    "rmse": 1.0612,
    "sd": 1.0531,
    "spearman": 0.7375,
    "spectral_loss": 0.0
}
                              
Test Results: {
    "ci": 0.7732,
    "classification_loss": 0.0,
    "cluster_loss": 0.0,
    "mae": 0.732,
    "mse": 1.073,
    "multiclassification_loss": 0.0,
    "ortho_loss": 0.0,
    "pearson": 0.7214,
    "regression_loss": 1.0691,
    "rm2": 0.5162,
    "rmse": 1.0359,
    "sd": 1.028,
    "spearman": 0.7251,
    "spectral_loss": 0.0
}
                              
                              
----------------------------------------
Epoch 036 with LR 0.000100: Model Results
----------------------------------------
Train MSE Loss: 0.5749, Train CLS Loss: 0.0000, Train MCLS Loss: 0.0000
Protein Cluster Region Loss - Ortho Loss: 0.0000, Cluster Loss: 0.0000
                              
Validation Results: {
    "ci": 0.7809,
    "classification_loss": 0.0,
    "cluster_loss": 0.0,
    "mae": 0.7293,
    "mse": 1.0931,
    "multiclassification_loss": 0.0,
    "ortho_loss": 0.0,
    "pearson": 0.7329,
    "regression_loss": 1.0918,
    "rm2": 0.5203,
    "rmse": 1.0455,
    "sd": 1.0442,
    "spearman": 0.7394,
    "spectral_loss": 0.0
}
                              
Test Results: {
    "ci": 0.7793,
    "classification_loss": 0.0,
    "cluster_loss": 0.0,
    "mae": 0.7159,
    "mse": 1.0305,
    "multiclassification_loss": 0.0,
    "ortho_loss": 0.0,
    "pearson": 0.7327,
    "regression_loss": 1.0258,
    "rm2": 0.5161,
    "rmse": 1.0151,
    "sd": 1.0102,
    "spearman": 0.7368,
    "spectral_loss": 0.0
}
                              
                              
----------------------------------------
Epoch 037 with LR 0.000100: Model Results
----------------------------------------
Train MSE Loss: 0.5734, Train CLS Loss: 0.0000, Train MCLS Loss: 0.0000
Protein Cluster Region Loss - Ortho Loss: 0.0000, Cluster Loss: 0.0000
                              
Validation Results: {
    "ci": 0.783,
    "classification_loss": 0.0,
    "cluster_loss": 0.0,
    "mae": 0.7379,
    "mse": 1.1207,
    "multiclassification_loss": 0.0,
    "ortho_loss": 0.0,
    "pearson": 0.7297,
    "regression_loss": 1.1192,
    "rm2": 0.4825,
    "rmse": 1.0586,
    "sd": 1.0496,
    "spearman": 0.7414,
    "spectral_loss": 0.0
}
                              
Test Results: {
    "ci": 0.7793,
    "classification_loss": 0.0,
    "cluster_loss": 0.0,
    "mae": 0.7159,
    "mse": 1.0305,
    "multiclassification_loss": 0.0,
    "ortho_loss": 0.0,
    "pearson": 0.7327,
    "regression_loss": 1.0258,
    "rm2": 0.5161,
    "rmse": 1.0151,
    "sd": 1.0102,
    "spearman": 0.7368,
    "spectral_loss": 0.0
}
                              
                              
----------------------------------------
Epoch 038 with LR 0.000100: Model Results
----------------------------------------
Train MSE Loss: 0.5648, Train CLS Loss: 0.0000, Train MCLS Loss: 0.0000
Protein Cluster Region Loss - Ortho Loss: 0.0000, Cluster Loss: 0.0000
                              
Validation Results: {
    "ci": 0.784,
    "classification_loss": 0.0,
    "cluster_loss": 0.0,
    "mae": 0.7189,
    "mse": 1.1029,
    "multiclassification_loss": 0.0,
    "ortho_loss": 0.0,
    "pearson": 0.7326,
    "regression_loss": 1.1002,
    "rm2": 0.5163,
    "rmse": 1.0502,
    "sd": 1.0448,
    "spearman": 0.7433,
    "spectral_loss": 0.0
}
                              
Test Results: {
    "ci": 0.7793,
    "classification_loss": 0.0,
    "cluster_loss": 0.0,
    "mae": 0.7159,
    "mse": 1.0305,
    "multiclassification_loss": 0.0,
    "ortho_loss": 0.0,
    "pearson": 0.7327,
    "regression_loss": 1.0258,
    "rm2": 0.5161,
    "rmse": 1.0151,
    "sd": 1.0102,
    "spearman": 0.7368,
    "spectral_loss": 0.0
}
                              
                              
----------------------------------------
Epoch 039 with LR 0.000100: Model Results
----------------------------------------
Train MSE Loss: 0.5699, Train CLS Loss: 0.0000, Train MCLS Loss: 0.0000
Protein Cluster Region Loss - Ortho Loss: 0.0000, Cluster Loss: 0.0000
                              
Validation Results: {
    "ci": 0.7791,
    "classification_loss": 0.0,
    "cluster_loss": 0.0,
    "mae": 0.738,
    "mse": 1.15,
    "multiclassification_loss": 0.0,
    "ortho_loss": 0.0,
    "pearson": 0.7234,
    "regression_loss": 1.1506,
    "rm2": 0.5174,
    "rmse": 1.0724,
    "sd": 1.0598,
    "spearman": 0.7357,
    "spectral_loss": 0.0
}
                              
Test Results: {
    "ci": 0.7793,
    "classification_loss": 0.0,
    "cluster_loss": 0.0,
    "mae": 0.7159,
    "mse": 1.0305,
    "multiclassification_loss": 0.0,
    "ortho_loss": 0.0,
    "pearson": 0.7327,
    "regression_loss": 1.0258,
    "rm2": 0.5161,
    "rmse": 1.0151,
    "sd": 1.0102,
    "spearman": 0.7368,
    "spectral_loss": 0.0
}
                              
                              
----------------------------------------
Epoch 040 with LR 0.000100: Model Results
----------------------------------------
Train MSE Loss: 0.5595, Train CLS Loss: 0.0000, Train MCLS Loss: 0.0000
Protein Cluster Region Loss - Ortho Loss: 0.0000, Cluster Loss: 0.0000
                              
Validation Results: {
    "ci": 0.7838,
    "classification_loss": 0.0,
    "cluster_loss": 0.0,
    "mae": 0.7226,
    "mse": 1.1102,
    "multiclassification_loss": 0.0,
    "ortho_loss": 0.0,
    "pearson": 0.7307,
    "regression_loss": 1.1069,
    "rm2": 0.5074,
    "rmse": 1.0536,
    "sd": 1.048,
    "spearman": 0.7431,
    "spectral_loss": 0.0
}
                              
Test Results: {
    "ci": 0.7793,
    "classification_loss": 0.0,
    "cluster_loss": 0.0,
    "mae": 0.7159,
    "mse": 1.0305,
    "multiclassification_loss": 0.0,
    "ortho_loss": 0.0,
    "pearson": 0.7327,
    "regression_loss": 1.0258,
    "rm2": 0.5161,
    "rmse": 1.0151,
    "sd": 1.0102,
    "spearman": 0.7368,
    "spectral_loss": 0.0
}
                              
                              
----------------------------------------
Epoch 041 with LR 0.000100: Model Results
----------------------------------------
Train MSE Loss: 0.5568, Train CLS Loss: 0.0000, Train MCLS Loss: 0.0000
Protein Cluster Region Loss - Ortho Loss: 0.0000, Cluster Loss: 0.0000
                              
Validation Results: {
    "ci": 0.7814,
    "classification_loss": 0.0,
    "cluster_loss": 0.0,
    "mae": 0.7243,
    "mse": 1.0893,
    "multiclassification_loss": 0.0,
    "ortho_loss": 0.0,
    "pearson": 0.7343,
    "regression_loss": 1.0885,
    "rm2": 0.5258,
    "rmse": 1.0437,
    "sd": 1.042,
    "spearman": 0.7401,
    "spectral_loss": 0.0
}
                              
Test Results: {
    "ci": 0.7748,
    "classification_loss": 0.0,
    "cluster_loss": 0.0,
    "mae": 0.7309,
    "mse": 1.0715,
    "multiclassification_loss": 0.0,
    "ortho_loss": 0.0,
    "pearson": 0.7224,
    "regression_loss": 1.0673,
    "rm2": 0.505,
    "rmse": 1.0351,
    "sd": 1.0265,
    "spearman": 0.728,
    "spectral_loss": 0.0
}
                              
                              
----------------------------------------
Epoch 042 with LR 0.000100: Model Results
----------------------------------------
Train MSE Loss: 0.5521, Train CLS Loss: 0.0000, Train MCLS Loss: 0.0000
Protein Cluster Region Loss - Ortho Loss: 0.0000, Cluster Loss: 0.0000
                              
Validation Results: {
    "ci": 0.7807,
    "classification_loss": 0.0,
    "cluster_loss": 0.0,
    "mae": 0.7392,
    "mse": 1.144,
    "multiclassification_loss": 0.0,
    "ortho_loss": 0.0,
    "pearson": 0.7259,
    "regression_loss": 1.1422,
    "rm2": 0.4716,
    "rmse": 1.0696,
    "sd": 1.0558,
    "spearman": 0.7362,
    "spectral_loss": 0.0
}
                              
Test Results: {
    "ci": 0.7748,
    "classification_loss": 0.0,
    "cluster_loss": 0.0,
    "mae": 0.7309,
    "mse": 1.0715,
    "multiclassification_loss": 0.0,
    "ortho_loss": 0.0,
    "pearson": 0.7224,
    "regression_loss": 1.0673,
    "rm2": 0.505,
    "rmse": 1.0351,
    "sd": 1.0265,
    "spearman": 0.728,
    "spectral_loss": 0.0
}
                              
                              
----------------------------------------
Epoch 043 with LR 0.000100: Model Results
----------------------------------------
Train MSE Loss: 0.5465, Train CLS Loss: 0.0000, Train MCLS Loss: 0.0000
Protein Cluster Region Loss - Ortho Loss: 0.0000, Cluster Loss: 0.0000
                              
Validation Results: {
    "ci": 0.781,
    "classification_loss": 0.0,
    "cluster_loss": 0.0,
    "mae": 0.73,
    "mse": 1.1229,
    "multiclassification_loss": 0.0,
    "ortho_loss": 0.0,
    "pearson": 0.7278,
    "regression_loss": 1.12,
    "rm2": 0.5031,
    "rmse": 1.0597,
    "sd": 1.0527,
    "spearman": 0.7375,
    "spectral_loss": 0.0
}
                              
Test Results: {
    "ci": 0.7748,
    "classification_loss": 0.0,
    "cluster_loss": 0.0,
    "mae": 0.7309,
    "mse": 1.0715,
    "multiclassification_loss": 0.0,
    "ortho_loss": 0.0,
    "pearson": 0.7224,
    "regression_loss": 1.0673,
    "rm2": 0.505,
    "rmse": 1.0351,
    "sd": 1.0265,
    "spearman": 0.728,
    "spectral_loss": 0.0
}
                              
                              
----------------------------------------
Epoch 044 with LR 0.000100: Model Results
----------------------------------------
Train MSE Loss: 0.5393, Train CLS Loss: 0.0000, Train MCLS Loss: 0.0000
Protein Cluster Region Loss - Ortho Loss: 0.0000, Cluster Loss: 0.0000
                              
Validation Results: {
    "ci": 0.7798,
    "classification_loss": 0.0,
    "cluster_loss": 0.0,
    "mae": 0.7466,
    "mse": 1.1522,
    "multiclassification_loss": 0.0,
    "ortho_loss": 0.0,
    "pearson": 0.7266,
    "regression_loss": 1.1503,
    "rm2": 0.4729,
    "rmse": 1.0734,
    "sd": 1.0546,
    "spearman": 0.737,
    "spectral_loss": 0.0
}
                              
Test Results: {
    "ci": 0.7748,
    "classification_loss": 0.0,
    "cluster_loss": 0.0,
    "mae": 0.7309,
    "mse": 1.0715,
    "multiclassification_loss": 0.0,
    "ortho_loss": 0.0,
    "pearson": 0.7224,
    "regression_loss": 1.0673,
    "rm2": 0.505,
    "rmse": 1.0351,
    "sd": 1.0265,
    "spearman": 0.728,
    "spectral_loss": 0.0
}
                              
                              
----------------------------------------
Epoch 045 with LR 0.000100: Model Results
----------------------------------------
Train MSE Loss: 0.5366, Train CLS Loss: 0.0000, Train MCLS Loss: 0.0000
Protein Cluster Region Loss - Ortho Loss: 0.0000, Cluster Loss: 0.0000
                              
Validation Results: {
    "ci": 0.7846,
    "classification_loss": 0.0,
    "cluster_loss": 0.0,
    "mae": 0.7212,
    "mse": 1.1102,
    "multiclassification_loss": 0.0,
    "ortho_loss": 0.0,
    "pearson": 0.7307,
    "regression_loss": 1.1062,
    "rm2": 0.5107,
    "rmse": 1.0537,
    "sd": 1.048,
    "spearman": 0.7438,
    "spectral_loss": 0.0
}
                              
Test Results: {
    "ci": 0.7748,
    "classification_loss": 0.0,
    "cluster_loss": 0.0,
    "mae": 0.7309,
    "mse": 1.0715,
    "multiclassification_loss": 0.0,
    "ortho_loss": 0.0,
    "pearson": 0.7224,
    "regression_loss": 1.0673,
    "rm2": 0.505,
    "rmse": 1.0351,
    "sd": 1.0265,
    "spearman": 0.728,
    "spectral_loss": 0.0
}
                              
                              
----------------------------------------
Epoch 046 with LR 0.000100: Model Results
----------------------------------------
Train MSE Loss: 0.5306, Train CLS Loss: 0.0000, Train MCLS Loss: 0.0000
Protein Cluster Region Loss - Ortho Loss: 0.0000, Cluster Loss: 0.0000
                              
Validation Results: {
    "ci": 0.7847,
    "classification_loss": 0.0,
    "cluster_loss": 0.0,
    "mae": 0.7219,
    "mse": 1.111,
    "multiclassification_loss": 0.0,
    "ortho_loss": 0.0,
    "pearson": 0.7364,
    "regression_loss": 1.1081,
    "rm2": 0.5307,
    "rmse": 1.054,
    "sd": 1.0386,
    "spearman": 0.7459,
    "spectral_loss": 0.0
}
                              
Test Results: {
    "ci": 0.7748,
    "classification_loss": 0.0,
    "cluster_loss": 0.0,
    "mae": 0.7309,
    "mse": 1.0715,
    "multiclassification_loss": 0.0,
    "ortho_loss": 0.0,
    "pearson": 0.7224,
    "regression_loss": 1.0673,
    "rm2": 0.505,
    "rmse": 1.0351,
    "sd": 1.0265,
    "spearman": 0.728,
    "spectral_loss": 0.0
}
                              
                              
----------------------------------------
Epoch 047 with LR 0.000100: Model Results
----------------------------------------
Train MSE Loss: 0.5262, Train CLS Loss: 0.0000, Train MCLS Loss: 0.0000
Protein Cluster Region Loss - Ortho Loss: 0.0000, Cluster Loss: 0.0000
                              
Validation Results: {
    "ci": 0.7822,
    "classification_loss": 0.0,
    "cluster_loss": 0.0,
    "mae": 0.7543,
    "mse": 1.185,
    "multiclassification_loss": 0.0,
    "ortho_loss": 0.0,
    "pearson": 0.7294,
    "regression_loss": 1.1828,
    "rm2": 0.5155,
    "rmse": 1.0886,
    "sd": 1.05,
    "spearman": 0.7415,
    "spectral_loss": 0.0
}
                              
Test Results: {
    "ci": 0.7748,
    "classification_loss": 0.0,
    "cluster_loss": 0.0,
    "mae": 0.7309,
    "mse": 1.0715,
    "multiclassification_loss": 0.0,
    "ortho_loss": 0.0,
    "pearson": 0.7224,
    "regression_loss": 1.0673,
    "rm2": 0.505,
    "rmse": 1.0351,
    "sd": 1.0265,
    "spearman": 0.728,
    "spectral_loss": 0.0
}
                              
                              
----------------------------------------
Epoch 048 with LR 0.000100: Model Results
----------------------------------------
Train MSE Loss: 0.5249, Train CLS Loss: 0.0000, Train MCLS Loss: 0.0000
Protein Cluster Region Loss - Ortho Loss: 0.0000, Cluster Loss: 0.0000
                              
Validation Results: {
    "ci": 0.7842,
    "classification_loss": 0.0,
    "cluster_loss": 0.0,
    "mae": 0.7254,
    "mse": 1.1339,
    "multiclassification_loss": 0.0,
    "ortho_loss": 0.0,
    "pearson": 0.731,
    "regression_loss": 1.1292,
    "rm2": 0.5223,
    "rmse": 1.0648,
    "sd": 1.0475,
    "spearman": 0.7433,
    "spectral_loss": 0.0
}
                              
Test Results: {
    "ci": 0.7748,
    "classification_loss": 0.0,
    "cluster_loss": 0.0,
    "mae": 0.7309,
    "mse": 1.0715,
    "multiclassification_loss": 0.0,
    "ortho_loss": 0.0,
    "pearson": 0.7224,
    "regression_loss": 1.0673,
    "rm2": 0.505,
    "rmse": 1.0351,
    "sd": 1.0265,
    "spearman": 0.728,
    "spectral_loss": 0.0
}
                              
                              
----------------------------------------
Epoch 049 with LR 0.000100: Model Results
----------------------------------------
Train MSE Loss: 0.5150, Train CLS Loss: 0.0000, Train MCLS Loss: 0.0000
Protein Cluster Region Loss - Ortho Loss: 0.0000, Cluster Loss: 0.0000
                              
Validation Results: {
    "ci": 0.7842,
    "classification_loss": 0.0,
    "cluster_loss": 0.0,
    "mae": 0.7216,
    "mse": 1.1154,
    "multiclassification_loss": 0.0,
    "ortho_loss": 0.0,
    "pearson": 0.7312,
    "regression_loss": 1.1166,
    "rm2": 0.5184,
    "rmse": 1.0561,
    "sd": 1.047,
    "spearman": 0.7455,
    "spectral_loss": 0.0
}
                              
Test Results: {
    "ci": 0.7748,
    "classification_loss": 0.0,
    "cluster_loss": 0.0,
    "mae": 0.7309,
    "mse": 1.0715,
    "multiclassification_loss": 0.0,
    "ortho_loss": 0.0,
    "pearson": 0.7224,
    "regression_loss": 1.0673,
    "rm2": 0.505,
    "rmse": 1.0351,
    "sd": 1.0265,
    "spearman": 0.728,
    "spectral_loss": 0.0
}
                              
                              
----------------------------------------
Epoch 050 with LR 0.000100: Model Results
----------------------------------------
Train MSE Loss: 0.5122, Train CLS Loss: 0.0000, Train MCLS Loss: 0.0000
Protein Cluster Region Loss - Ortho Loss: 0.0000, Cluster Loss: 0.0000
                              
Validation Results: {
    "ci": 0.7809,
    "classification_loss": 0.0,
    "cluster_loss": 0.0,
    "mae": 0.7324,
    "mse": 1.1142,
    "multiclassification_loss": 0.0,
    "ortho_loss": 0.0,
    "pearson": 0.7269,
    "regression_loss": 1.1117,
    "rm2": 0.51,
    "rmse": 1.0556,
    "sd": 1.0542,
    "spearman": 0.7392,
    "spectral_loss": 0.0
}
                              
Test Results: {
    "ci": 0.7748,
    "classification_loss": 0.0,
    "cluster_loss": 0.0,
    "mae": 0.7309,
    "mse": 1.0715,
    "multiclassification_loss": 0.0,
    "ortho_loss": 0.0,
    "pearson": 0.7224,
    "regression_loss": 1.0673,
    "rm2": 0.505,
    "rmse": 1.0351,
    "sd": 1.0265,
    "spearman": 0.728,
    "spectral_loss": 0.0
}
                              
                              
----------------------------------------
Epoch 051 with LR 0.000100: Model Results
----------------------------------------
Train MSE Loss: 0.5135, Train CLS Loss: 0.0000, Train MCLS Loss: 0.0000
Protein Cluster Region Loss - Ortho Loss: 0.0000, Cluster Loss: 0.0000
                              
Validation Results: {
    "ci": 0.7841,
    "classification_loss": 0.0,
    "cluster_loss": 0.0,
    "mae": 0.7212,
    "mse": 1.1179,
    "multiclassification_loss": 0.0,
    "ortho_loss": 0.0,
    "pearson": 0.7326,
    "regression_loss": 1.1162,
    "rm2": 0.532,
    "rmse": 1.0573,
    "sd": 1.0448,
    "spearman": 0.7447,
    "spectral_loss": 0.0
}
                              
Test Results: {
    "ci": 0.7748,
    "classification_loss": 0.0,
    "cluster_loss": 0.0,
    "mae": 0.7309,
    "mse": 1.0715,
    "multiclassification_loss": 0.0,
    "ortho_loss": 0.0,
    "pearson": 0.7224,
    "regression_loss": 1.0673,
    "rm2": 0.505,
    "rmse": 1.0351,
    "sd": 1.0265,
    "spearman": 0.728,
    "spectral_loss": 0.0
}
                              
                              
----------------------------------------
Epoch 052 with LR 0.000100: Model Results
----------------------------------------
Train MSE Loss: 0.5042, Train CLS Loss: 0.0000, Train MCLS Loss: 0.0000
Protein Cluster Region Loss - Ortho Loss: 0.0000, Cluster Loss: 0.0000
                              
Validation Results: {
    "ci": 0.7799,
    "classification_loss": 0.0,
    "cluster_loss": 0.0,
    "mae": 0.7595,
    "mse": 1.1738,
    "multiclassification_loss": 0.0,
    "ortho_loss": 0.0,
    "pearson": 0.7248,
    "regression_loss": 1.1684,
    "rm2": 0.4459,
    "rmse": 1.0834,
    "sd": 1.0576,
    "spearman": 0.7339,
    "spectral_loss": 0.0
}
                              
Test Results: {
    "ci": 0.7748,
    "classification_loss": 0.0,
    "cluster_loss": 0.0,
    "mae": 0.7309,
    "mse": 1.0715,
    "multiclassification_loss": 0.0,
    "ortho_loss": 0.0,
    "pearson": 0.7224,
    "regression_loss": 1.0673,
    "rm2": 0.505,
    "rmse": 1.0351,
    "sd": 1.0265,
    "spearman": 0.728,
    "spectral_loss": 0.0
}
                              
                              
----------------------------------------
Epoch 053 with LR 0.000100: Model Results
----------------------------------------
Train MSE Loss: 0.5037, Train CLS Loss: 0.0000, Train MCLS Loss: 0.0000
Protein Cluster Region Loss - Ortho Loss: 0.0000, Cluster Loss: 0.0000
                              
Validation Results: {
    "ci": 0.7844,
    "classification_loss": 0.0,
    "cluster_loss": 0.0,
    "mae": 0.7367,
    "mse": 1.1537,
    "multiclassification_loss": 0.0,
    "ortho_loss": 0.0,
    "pearson": 0.7329,
    "regression_loss": 1.1527,
    "rm2": 0.5152,
    "rmse": 1.0741,
    "sd": 1.0443,
    "spearman": 0.7463,
    "spectral_loss": 0.0
}
                              
Test Results: {
    "ci": 0.7748,
    "classification_loss": 0.0,
    "cluster_loss": 0.0,
    "mae": 0.7309,
    "mse": 1.0715,
    "multiclassification_loss": 0.0,
    "ortho_loss": 0.0,
    "pearson": 0.7224,
    "regression_loss": 1.0673,
    "rm2": 0.505,
    "rmse": 1.0351,
    "sd": 1.0265,
    "spearman": 0.728,
    "spectral_loss": 0.0
}
                              
                              
----------------------------------------
Epoch 054 with LR 0.000100: Model Results
----------------------------------------
Train MSE Loss: 0.4995, Train CLS Loss: 0.0000, Train MCLS Loss: 0.0000
Protein Cluster Region Loss - Ortho Loss: 0.0000, Cluster Loss: 0.0000
                              
Validation Results: {
    "ci": 0.7808,
    "classification_loss": 0.0,
    "cluster_loss": 0.0,
    "mae": 0.7322,
    "mse": 1.1331,
    "multiclassification_loss": 0.0,
    "ortho_loss": 0.0,
    "pearson": 0.7245,
    "regression_loss": 1.1295,
    "rm2": 0.4866,
    "rmse": 1.0645,
    "sd": 1.058,
    "spearman": 0.7361,
    "spectral_loss": 0.0
}
                              
Test Results: {
    "ci": 0.7748,
    "classification_loss": 0.0,
    "cluster_loss": 0.0,
    "mae": 0.7309,
    "mse": 1.0715,
    "multiclassification_loss": 0.0,
    "ortho_loss": 0.0,
    "pearson": 0.7224,
    "regression_loss": 1.0673,
    "rm2": 0.505,
    "rmse": 1.0351,
    "sd": 1.0265,
    "spearman": 0.728,
    "spectral_loss": 0.0
}
                              
                              
----------------------------------------
Epoch 055 with LR 0.000100: Model Results
----------------------------------------
Train MSE Loss: 0.4927, Train CLS Loss: 0.0000, Train MCLS Loss: 0.0000
Protein Cluster Region Loss - Ortho Loss: 0.0000, Cluster Loss: 0.0000
                              
Validation Results: {
    "ci": 0.7847,
    "classification_loss": 0.0,
    "cluster_loss": 0.0,
    "mae": 0.7228,
    "mse": 1.1045,
    "multiclassification_loss": 0.0,
    "ortho_loss": 0.0,
    "pearson": 0.7312,
    "regression_loss": 1.1049,
    "rm2": 0.5213,
    "rmse": 1.051,
    "sd": 1.0471,
    "spearman": 0.7462,
    "spectral_loss": 0.0
}
                              
Test Results: {
    "ci": 0.7748,
    "classification_loss": 0.0,
    "cluster_loss": 0.0,
    "mae": 0.7309,
    "mse": 1.0715,
    "multiclassification_loss": 0.0,
    "ortho_loss": 0.0,
    "pearson": 0.7224,
    "regression_loss": 1.0673,
    "rm2": 0.505,
    "rmse": 1.0351,
    "sd": 1.0265,
    "spearman": 0.728,
    "spectral_loss": 0.0
}
                              
                              
----------------------------------------
Epoch 056 with LR 0.000100: Model Results
----------------------------------------
Train MSE Loss: 0.4942, Train CLS Loss: 0.0000, Train MCLS Loss: 0.0000
Protein Cluster Region Loss - Ortho Loss: 0.0000, Cluster Loss: 0.0000
                              
Validation Results: {
    "ci": 0.7833,
    "classification_loss": 0.0,
    "cluster_loss": 0.0,
    "mae": 0.7319,
    "mse": 1.1279,
    "multiclassification_loss": 0.0,
    "ortho_loss": 0.0,
    "pearson": 0.7318,
    "regression_loss": 1.1247,
    "rm2": 0.4839,
    "rmse": 1.062,
    "sd": 1.0461,
    "spearman": 0.7435,
    "spectral_loss": 0.0
}
                              
Test Results: {
    "ci": 0.7748,
    "classification_loss": 0.0,
    "cluster_loss": 0.0,
    "mae": 0.7309,
    "mse": 1.0715,
    "multiclassification_loss": 0.0,
    "ortho_loss": 0.0,
    "pearson": 0.7224,
    "regression_loss": 1.0673,
    "rm2": 0.505,
    "rmse": 1.0351,
    "sd": 1.0265,
    "spearman": 0.728,
    "spectral_loss": 0.0
}
                              
                              
----------------------------------------
Epoch 057 with LR 0.000100: Model Results
----------------------------------------
Train MSE Loss: 0.4837, Train CLS Loss: 0.0000, Train MCLS Loss: 0.0000
Protein Cluster Region Loss - Ortho Loss: 0.0000, Cluster Loss: 0.0000
                              
Validation Results: {
    "ci": 0.7818,
    "classification_loss": 0.0,
    "cluster_loss": 0.0,
    "mae": 0.7256,
    "mse": 1.1257,
    "multiclassification_loss": 0.0,
    "ortho_loss": 0.0,
    "pearson": 0.7287,
    "regression_loss": 1.1253,
    "rm2": 0.524,
    "rmse": 1.061,
    "sd": 1.0511,
    "spearman": 0.7407,
    "spectral_loss": 0.0
}
                              
Test Results: {
    "ci": 0.7748,
    "classification_loss": 0.0,
    "cluster_loss": 0.0,
    "mae": 0.7309,
    "mse": 1.0715,
    "multiclassification_loss": 0.0,
    "ortho_loss": 0.0,
    "pearson": 0.7224,
    "regression_loss": 1.0673,
    "rm2": 0.505,
    "rmse": 1.0351,
    "sd": 1.0265,
    "spearman": 0.728,
    "spectral_loss": 0.0
}
                              
                              
----------------------------------------
Epoch 058 with LR 0.000100: Model Results
----------------------------------------
Train MSE Loss: 0.4796, Train CLS Loss: 0.0000, Train MCLS Loss: 0.0000
Protein Cluster Region Loss - Ortho Loss: 0.0000, Cluster Loss: 0.0000
                              
Validation Results: {
    "ci": 0.7849,
    "classification_loss": 0.0,
    "cluster_loss": 0.0,
    "mae": 0.7181,
    "mse": 1.1151,
    "multiclassification_loss": 0.0,
    "ortho_loss": 0.0,
    "pearson": 0.7326,
    "regression_loss": 1.1118,
    "rm2": 0.51,
    "rmse": 1.056,
    "sd": 1.0448,
    "spearman": 0.7446,
    "spectral_loss": 0.0
}
                              
Test Results: {
    "ci": 0.7748,
    "classification_loss": 0.0,
    "cluster_loss": 0.0,
    "mae": 0.7309,
    "mse": 1.0715,
    "multiclassification_loss": 0.0,
    "ortho_loss": 0.0,
    "pearson": 0.7224,
    "regression_loss": 1.0673,
    "rm2": 0.505,
    "rmse": 1.0351,
    "sd": 1.0265,
    "spearman": 0.728,
    "spectral_loss": 0.0
}
                              
                              
----------------------------------------
Epoch 059 with LR 0.000100: Model Results
----------------------------------------
Train MSE Loss: 0.4818, Train CLS Loss: 0.0000, Train MCLS Loss: 0.0000
Protein Cluster Region Loss - Ortho Loss: 0.0000, Cluster Loss: 0.0000
                              
Validation Results: {
    "ci": 0.786,
    "classification_loss": 0.0,
    "cluster_loss": 0.0,
    "mae": 0.7215,
    "mse": 1.0874,
    "multiclassification_loss": 0.0,
    "ortho_loss": 0.0,
    "pearson": 0.7369,
    "regression_loss": 1.0852,
    "rm2": 0.51,
    "rmse": 1.0428,
    "sd": 1.0377,
    "spearman": 0.747,
    "spectral_loss": 0.0
}
                              
Test Results: {
    "ci": 0.7802,
    "classification_loss": 0.0,
    "cluster_loss": 0.0,
    "mae": 0.709,
    "mse": 1.0304,
    "multiclassification_loss": 0.0,
    "ortho_loss": 0.0,
    "pearson": 0.735,
    "regression_loss": 1.0269,
    "rm2": 0.5078,
    "rmse": 1.0151,
    "sd": 1.0066,
    "spearman": 0.7371,
    "spectral_loss": 0.0
}
                              
                              
----------------------------------------
Epoch 060 with LR 0.000100: Model Results
----------------------------------------
Train MSE Loss: 0.4795, Train CLS Loss: 0.0000, Train MCLS Loss: 0.0000
Protein Cluster Region Loss - Ortho Loss: 0.0000, Cluster Loss: 0.0000
                              
Validation Results: {
    "ci": 0.7818,
    "classification_loss": 0.0,
    "cluster_loss": 0.0,
    "mae": 0.7263,
    "mse": 1.1238,
    "multiclassification_loss": 0.0,
    "ortho_loss": 0.0,
    "pearson": 0.7272,
    "regression_loss": 1.1225,
    "rm2": 0.5159,
    "rmse": 1.0601,
    "sd": 1.0536,
    "spearman": 0.7389,
    "spectral_loss": 0.0
}
                              
Test Results: {
    "ci": 0.7802,
    "classification_loss": 0.0,
    "cluster_loss": 0.0,
    "mae": 0.709,
    "mse": 1.0304,
    "multiclassification_loss": 0.0,
    "ortho_loss": 0.0,
    "pearson": 0.735,
    "regression_loss": 1.0269,
    "rm2": 0.5078,
    "rmse": 1.0151,
    "sd": 1.0066,
    "spearman": 0.7371,
    "spectral_loss": 0.0
}
                              
                              
----------------------------------------
Epoch 061 with LR 0.000100: Model Results
----------------------------------------
Train MSE Loss: 0.4712, Train CLS Loss: 0.0000, Train MCLS Loss: 0.0000
Protein Cluster Region Loss - Ortho Loss: 0.0000, Cluster Loss: 0.0000
                              
Validation Results: {
    "ci": 0.786,
    "classification_loss": 0.0,
    "cluster_loss": 0.0,
    "mae": 0.7187,
    "mse": 1.1218,
    "multiclassification_loss": 0.0,
    "ortho_loss": 0.0,
    "pearson": 0.7308,
    "regression_loss": 1.1176,
    "rm2": 0.5123,
    "rmse": 1.0591,
    "sd": 1.0478,
    "spearman": 0.7484,
    "spectral_loss": 0.0
}
                              
Test Results: {
    "ci": 0.7802,
    "classification_loss": 0.0,
    "cluster_loss": 0.0,
    "mae": 0.709,
    "mse": 1.0304,
    "multiclassification_loss": 0.0,
    "ortho_loss": 0.0,
    "pearson": 0.735,
    "regression_loss": 1.0269,
    "rm2": 0.5078,
    "rmse": 1.0151,
    "sd": 1.0066,
    "spearman": 0.7371,
    "spectral_loss": 0.0
}
                              
                              
----------------------------------------
Epoch 062 with LR 0.000100: Model Results
----------------------------------------
Train MSE Loss: 0.4746, Train CLS Loss: 0.0000, Train MCLS Loss: 0.0000
Protein Cluster Region Loss - Ortho Loss: 0.0000, Cluster Loss: 0.0000
                              
Validation Results: {
    "ci": 0.7856,
    "classification_loss": 0.0,
    "cluster_loss": 0.0,
    "mae": 0.7198,
    "mse": 1.1271,
    "multiclassification_loss": 0.0,
    "ortho_loss": 0.0,
    "pearson": 0.7333,
    "regression_loss": 1.1248,
    "rm2": 0.5235,
    "rmse": 1.0617,
    "sd": 1.0437,
    "spearman": 0.7467,
    "spectral_loss": 0.0
}
                              
Test Results: {
    "ci": 0.7802,
    "classification_loss": 0.0,
    "cluster_loss": 0.0,
    "mae": 0.709,
    "mse": 1.0304,
    "multiclassification_loss": 0.0,
    "ortho_loss": 0.0,
    "pearson": 0.735,
    "regression_loss": 1.0269,
    "rm2": 0.5078,
    "rmse": 1.0151,
    "sd": 1.0066,
    "spearman": 0.7371,
    "spectral_loss": 0.0
}
                              
                              
----------------------------------------
Epoch 063 with LR 0.000100: Model Results
----------------------------------------
Train MSE Loss: 0.4688, Train CLS Loss: 0.0000, Train MCLS Loss: 0.0000
Protein Cluster Region Loss - Ortho Loss: 0.0000, Cluster Loss: 0.0000
                              
Validation Results: {
    "ci": 0.7836,
    "classification_loss": 0.0,
    "cluster_loss": 0.0,
    "mae": 0.7186,
    "mse": 1.1193,
    "multiclassification_loss": 0.0,
    "ortho_loss": 0.0,
    "pearson": 0.7293,
    "regression_loss": 1.1171,
    "rm2": 0.528,
    "rmse": 1.058,
    "sd": 1.0503,
    "spearman": 0.742,
    "spectral_loss": 0.0
}
                              
Test Results: {
    "ci": 0.7802,
    "classification_loss": 0.0,
    "cluster_loss": 0.0,
    "mae": 0.709,
    "mse": 1.0304,
    "multiclassification_loss": 0.0,
    "ortho_loss": 0.0,
    "pearson": 0.735,
    "regression_loss": 1.0269,
    "rm2": 0.5078,
    "rmse": 1.0151,
    "sd": 1.0066,
    "spearman": 0.7371,
    "spectral_loss": 0.0
}
                              
                              
----------------------------------------
Epoch 064 with LR 0.000100: Model Results
----------------------------------------
Train MSE Loss: 0.4651, Train CLS Loss: 0.0000, Train MCLS Loss: 0.0000
Protein Cluster Region Loss - Ortho Loss: 0.0000, Cluster Loss: 0.0000
                              
Validation Results: {
    "ci": 0.7856,
    "classification_loss": 0.0,
    "cluster_loss": 0.0,
    "mae": 0.732,
    "mse": 1.1273,
    "multiclassification_loss": 0.0,
    "ortho_loss": 0.0,
    "pearson": 0.7321,
    "regression_loss": 1.1227,
    "rm2": 0.4843,
    "rmse": 1.0618,
    "sd": 1.0456,
    "spearman": 0.7473,
    "spectral_loss": 0.0
}
                              
Test Results: {
    "ci": 0.7802,
    "classification_loss": 0.0,
    "cluster_loss": 0.0,
    "mae": 0.709,
    "mse": 1.0304,
    "multiclassification_loss": 0.0,
    "ortho_loss": 0.0,
    "pearson": 0.735,
    "regression_loss": 1.0269,
    "rm2": 0.5078,
    "rmse": 1.0151,
    "sd": 1.0066,
    "spearman": 0.7371,
    "spectral_loss": 0.0
}
                              
                              
----------------------------------------
Epoch 065 with LR 0.000100: Model Results
----------------------------------------
Train MSE Loss: 0.4654, Train CLS Loss: 0.0000, Train MCLS Loss: 0.0000
Protein Cluster Region Loss - Ortho Loss: 0.0000, Cluster Loss: 0.0000
                              
Validation Results: {
    "ci": 0.7839,
    "classification_loss": 0.0,
    "cluster_loss": 0.0,
    "mae": 0.7222,
    "mse": 1.1399,
    "multiclassification_loss": 0.0,
    "ortho_loss": 0.0,
    "pearson": 0.7253,
    "regression_loss": 1.1354,
    "rm2": 0.5174,
    "rmse": 1.0677,
    "sd": 1.0568,
    "spearman": 0.7448,
    "spectral_loss": 0.0
}
                              
Test Results: {
    "ci": 0.7802,
    "classification_loss": 0.0,
    "cluster_loss": 0.0,
    "mae": 0.709,
    "mse": 1.0304,
    "multiclassification_loss": 0.0,
    "ortho_loss": 0.0,
    "pearson": 0.735,
    "regression_loss": 1.0269,
    "rm2": 0.5078,
    "rmse": 1.0151,
    "sd": 1.0066,
    "spearman": 0.7371,
    "spectral_loss": 0.0
}
                              
                              
----------------------------------------
Epoch 066 with LR 0.000100: Model Results
----------------------------------------
Train MSE Loss: 0.4599, Train CLS Loss: 0.0000, Train MCLS Loss: 0.0000
Protein Cluster Region Loss - Ortho Loss: 0.0000, Cluster Loss: 0.0000
                              
Validation Results: {
    "ci": 0.7854,
    "classification_loss": 0.0,
    "cluster_loss": 0.0,
    "mae": 0.7181,
    "mse": 1.1342,
    "multiclassification_loss": 0.0,
    "ortho_loss": 0.0,
    "pearson": 0.7283,
    "regression_loss": 1.1307,
    "rm2": 0.5264,
    "rmse": 1.065,
    "sd": 1.0518,
    "spearman": 0.7467,
    "spectral_loss": 0.0
}
                              
Test Results: {
    "ci": 0.7802,
    "classification_loss": 0.0,
    "cluster_loss": 0.0,
    "mae": 0.709,
    "mse": 1.0304,
    "multiclassification_loss": 0.0,
    "ortho_loss": 0.0,
    "pearson": 0.735,
    "regression_loss": 1.0269,
    "rm2": 0.5078,
    "rmse": 1.0151,
    "sd": 1.0066,
    "spearman": 0.7371,
    "spectral_loss": 0.0
}
                              
                              
----------------------------------------
Epoch 067 with LR 0.000100: Model Results
----------------------------------------
Train MSE Loss: 0.4564, Train CLS Loss: 0.0000, Train MCLS Loss: 0.0000
Protein Cluster Region Loss - Ortho Loss: 0.0000, Cluster Loss: 0.0000
                              
Validation Results: {
    "ci": 0.7872,
    "classification_loss": 0.0,
    "cluster_loss": 0.0,
    "mae": 0.7126,
    "mse": 1.1048,
    "multiclassification_loss": 0.0,
    "ortho_loss": 0.0,
    "pearson": 0.7358,
    "regression_loss": 1.1028,
    "rm2": 0.5336,
    "rmse": 1.0511,
    "sd": 1.0395,
    "spearman": 0.7501,
    "spectral_loss": 0.0
}
                              
Test Results: {
    "ci": 0.7802,
    "classification_loss": 0.0,
    "cluster_loss": 0.0,
    "mae": 0.709,
    "mse": 1.0304,
    "multiclassification_loss": 0.0,
    "ortho_loss": 0.0,
    "pearson": 0.735,
    "regression_loss": 1.0269,
    "rm2": 0.5078,
    "rmse": 1.0151,
    "sd": 1.0066,
    "spearman": 0.7371,
    "spectral_loss": 0.0
}
                              
                              
----------------------------------------
Epoch 068 with LR 0.000100: Model Results
----------------------------------------
Train MSE Loss: 0.4499, Train CLS Loss: 0.0000, Train MCLS Loss: 0.0000
Protein Cluster Region Loss - Ortho Loss: 0.0000, Cluster Loss: 0.0000
                              
Validation Results: {
    "ci": 0.7859,
    "classification_loss": 0.0,
    "cluster_loss": 0.0,
    "mae": 0.717,
    "mse": 1.1254,
    "multiclassification_loss": 0.0,
    "ortho_loss": 0.0,
    "pearson": 0.7301,
    "regression_loss": 1.1215,
    "rm2": 0.5305,
    "rmse": 1.0608,
    "sd": 1.0489,
    "spearman": 0.7469,
    "spectral_loss": 0.0
}
                              
Test Results: {
    "ci": 0.7802,
    "classification_loss": 0.0,
    "cluster_loss": 0.0,
    "mae": 0.709,
    "mse": 1.0304,
    "multiclassification_loss": 0.0,
    "ortho_loss": 0.0,
    "pearson": 0.735,
    "regression_loss": 1.0269,
    "rm2": 0.5078,
    "rmse": 1.0151,
    "sd": 1.0066,
    "spearman": 0.7371,
    "spectral_loss": 0.0
}
                              
                              
----------------------------------------
Epoch 069 with LR 0.000100: Model Results
----------------------------------------
Train MSE Loss: 0.4507, Train CLS Loss: 0.0000, Train MCLS Loss: 0.0000
Protein Cluster Region Loss - Ortho Loss: 0.0000, Cluster Loss: 0.0000
                              
Validation Results: {
    "ci": 0.7837,
    "classification_loss": 0.0,
    "cluster_loss": 0.0,
    "mae": 0.7354,
    "mse": 1.1163,
    "multiclassification_loss": 0.0,
    "ortho_loss": 0.0,
    "pearson": 0.7314,
    "regression_loss": 1.1139,
    "rm2": 0.4839,
    "rmse": 1.0565,
    "sd": 1.0467,
    "spearman": 0.7436,
    "spectral_loss": 0.0
}
                              
Test Results: {
    "ci": 0.7802,
    "classification_loss": 0.0,
    "cluster_loss": 0.0,
    "mae": 0.709,
    "mse": 1.0304,
    "multiclassification_loss": 0.0,
    "ortho_loss": 0.0,
    "pearson": 0.735,
    "regression_loss": 1.0269,
    "rm2": 0.5078,
    "rmse": 1.0151,
    "sd": 1.0066,
    "spearman": 0.7371,
    "spectral_loss": 0.0
}
                              
                              
----------------------------------------
Epoch 070 with LR 0.000100: Model Results
----------------------------------------
Train MSE Loss: 0.4478, Train CLS Loss: 0.0000, Train MCLS Loss: 0.0000
Protein Cluster Region Loss - Ortho Loss: 0.0000, Cluster Loss: 0.0000
                              
Validation Results: {
    "ci": 0.7877,
    "classification_loss": 0.0,
    "cluster_loss": 0.0,
    "mae": 0.7091,
    "mse": 1.095,
    "multiclassification_loss": 0.0,
    "ortho_loss": 0.0,
    "pearson": 0.7347,
    "regression_loss": 1.094,
    "rm2": 0.5373,
    "rmse": 1.0464,
    "sd": 1.0412,
    "spearman": 0.7502,
    "spectral_loss": 0.0
}
                              
Test Results: {
    "ci": 0.7802,
    "classification_loss": 0.0,
    "cluster_loss": 0.0,
    "mae": 0.709,
    "mse": 1.0304,
    "multiclassification_loss": 0.0,
    "ortho_loss": 0.0,
    "pearson": 0.735,
    "regression_loss": 1.0269,
    "rm2": 0.5078,
    "rmse": 1.0151,
    "sd": 1.0066,
    "spearman": 0.7371,
    "spectral_loss": 0.0
}
                              
                              
----------------------------------------
Epoch 071 with LR 0.000100: Model Results
----------------------------------------
Train MSE Loss: 0.4414, Train CLS Loss: 0.0000, Train MCLS Loss: 0.0000
Protein Cluster Region Loss - Ortho Loss: 0.0000, Cluster Loss: 0.0000
                              
Validation Results: {
    "ci": 0.788,
    "classification_loss": 0.0,
    "cluster_loss": 0.0,
    "mae": 0.7078,
    "mse": 1.0926,
    "multiclassification_loss": 0.0,
    "ortho_loss": 0.0,
    "pearson": 0.7371,
    "regression_loss": 1.0913,
    "rm2": 0.526,
    "rmse": 1.0453,
    "sd": 1.0373,
    "spearman": 0.7515,
    "spectral_loss": 0.0
}
                              
Test Results: {
    "ci": 0.7802,
    "classification_loss": 0.0,
    "cluster_loss": 0.0,
    "mae": 0.709,
    "mse": 1.0304,
    "multiclassification_loss": 0.0,
    "ortho_loss": 0.0,
    "pearson": 0.735,
    "regression_loss": 1.0269,
    "rm2": 0.5078,
    "rmse": 1.0151,
    "sd": 1.0066,
    "spearman": 0.7371,
    "spectral_loss": 0.0
}
                              
                              
----------------------------------------
Epoch 072 with LR 0.000100: Model Results
----------------------------------------
Train MSE Loss: 0.4414, Train CLS Loss: 0.0000, Train MCLS Loss: 0.0000
Protein Cluster Region Loss - Ortho Loss: 0.0000, Cluster Loss: 0.0000
                              
Validation Results: {
    "ci": 0.7867,
    "classification_loss": 0.0,
    "cluster_loss": 0.0,
    "mae": 0.7224,
    "mse": 1.1283,
    "multiclassification_loss": 0.0,
    "ortho_loss": 0.0,
    "pearson": 0.7343,
    "regression_loss": 1.1251,
    "rm2": 0.4887,
    "rmse": 1.0622,
    "sd": 1.0419,
    "spearman": 0.7479,
    "spectral_loss": 0.0
}
                              
Test Results: {
    "ci": 0.7802,
    "classification_loss": 0.0,
    "cluster_loss": 0.0,
    "mae": 0.709,
    "mse": 1.0304,
    "multiclassification_loss": 0.0,
    "ortho_loss": 0.0,
    "pearson": 0.735,
    "regression_loss": 1.0269,
    "rm2": 0.5078,
    "rmse": 1.0151,
    "sd": 1.0066,
    "spearman": 0.7371,
    "spectral_loss": 0.0
}
                              
                              
----------------------------------------
Epoch 073 with LR 0.000100: Model Results
----------------------------------------
Train MSE Loss: 0.4385, Train CLS Loss: 0.0000, Train MCLS Loss: 0.0000
Protein Cluster Region Loss - Ortho Loss: 0.0000, Cluster Loss: 0.0000
                              
Validation Results: {
    "ci": 0.7847,
    "classification_loss": 0.0,
    "cluster_loss": 0.0,
    "mae": 0.7312,
    "mse": 1.1569,
    "multiclassification_loss": 0.0,
    "ortho_loss": 0.0,
    "pearson": 0.7275,
    "regression_loss": 1.1513,
    "rm2": 0.4968,
    "rmse": 1.0756,
    "sd": 1.0531,
    "spearman": 0.7447,
    "spectral_loss": 0.0
}
                              
Test Results: {
    "ci": 0.7802,
    "classification_loss": 0.0,
    "cluster_loss": 0.0,
    "mae": 0.709,
    "mse": 1.0304,
    "multiclassification_loss": 0.0,
    "ortho_loss": 0.0,
    "pearson": 0.735,
    "regression_loss": 1.0269,
    "rm2": 0.5078,
    "rmse": 1.0151,
    "sd": 1.0066,
    "spearman": 0.7371,
    "spectral_loss": 0.0
}
                              
                              
----------------------------------------
Epoch 074 with LR 0.000100: Model Results
----------------------------------------
Train MSE Loss: 0.4362, Train CLS Loss: 0.0000, Train MCLS Loss: 0.0000
Protein Cluster Region Loss - Ortho Loss: 0.0000, Cluster Loss: 0.0000
                              
Validation Results: {
    "ci": 0.7832,
    "classification_loss": 0.0,
    "cluster_loss": 0.0,
    "mae": 0.7354,
    "mse": 1.175,
    "multiclassification_loss": 0.0,
    "ortho_loss": 0.0,
    "pearson": 0.7254,
    "regression_loss": 1.1716,
    "rm2": 0.5179,
    "rmse": 1.084,
    "sd": 1.0566,
    "spearman": 0.7412,
    "spectral_loss": 0.0
}
                              
Test Results: {
    "ci": 0.7802,
    "classification_loss": 0.0,
    "cluster_loss": 0.0,
    "mae": 0.709,
    "mse": 1.0304,
    "multiclassification_loss": 0.0,
    "ortho_loss": 0.0,
    "pearson": 0.735,
    "regression_loss": 1.0269,
    "rm2": 0.5078,
    "rmse": 1.0151,
    "sd": 1.0066,
    "spearman": 0.7371,
    "spectral_loss": 0.0
}
                              
                              
----------------------------------------
Epoch 075 with LR 0.000100: Model Results
----------------------------------------
Train MSE Loss: 0.4276, Train CLS Loss: 0.0000, Train MCLS Loss: 0.0000
Protein Cluster Region Loss - Ortho Loss: 0.0000, Cluster Loss: 0.0000
                              
Validation Results: {
    "ci": 0.7881,
    "classification_loss": 0.0,
    "cluster_loss": 0.0,
    "mae": 0.7136,
    "mse": 1.0994,
    "multiclassification_loss": 0.0,
    "ortho_loss": 0.0,
    "pearson": 0.7342,
    "regression_loss": 1.0988,
    "rm2": 0.5076,
    "rmse": 1.0485,
    "sd": 1.0421,
    "spearman": 0.7521,
    "spectral_loss": 0.0
}
                              
Test Results: {
    "ci": 0.7802,
    "classification_loss": 0.0,
    "cluster_loss": 0.0,
    "mae": 0.709,
    "mse": 1.0304,
    "multiclassification_loss": 0.0,
    "ortho_loss": 0.0,
    "pearson": 0.735,
    "regression_loss": 1.0269,
    "rm2": 0.5078,
    "rmse": 1.0151,
    "sd": 1.0066,
    "spearman": 0.7371,
    "spectral_loss": 0.0
}
                              
                              
----------------------------------------
Epoch 076 with LR 0.000100: Model Results
----------------------------------------
Train MSE Loss: 0.4345, Train CLS Loss: 0.0000, Train MCLS Loss: 0.0000
Protein Cluster Region Loss - Ortho Loss: 0.0000, Cluster Loss: 0.0000
                              
Validation Results: {
    "ci": 0.7825,
    "classification_loss": 0.0,
    "cluster_loss": 0.0,
    "mae": 0.7394,
    "mse": 1.1514,
    "multiclassification_loss": 0.0,
    "ortho_loss": 0.0,
    "pearson": 0.7257,
    "regression_loss": 1.1471,
    "rm2": 0.4794,
    "rmse": 1.073,
    "sd": 1.0561,
    "spearman": 0.7405,
    "spectral_loss": 0.0
}
                              
Test Results: {
    "ci": 0.7802,
    "classification_loss": 0.0,
    "cluster_loss": 0.0,
    "mae": 0.709,
    "mse": 1.0304,
    "multiclassification_loss": 0.0,
    "ortho_loss": 0.0,
    "pearson": 0.735,
    "regression_loss": 1.0269,
    "rm2": 0.5078,
    "rmse": 1.0151,
    "sd": 1.0066,
    "spearman": 0.7371,
    "spectral_loss": 0.0
}
                              
                              
----------------------------------------
Epoch 077 with LR 0.000100: Model Results
----------------------------------------
Train MSE Loss: 0.4334, Train CLS Loss: 0.0000, Train MCLS Loss: 0.0000
Protein Cluster Region Loss - Ortho Loss: 0.0000, Cluster Loss: 0.0000
                              
Validation Results: {
    "ci": 0.7846,
    "classification_loss": 0.0,
    "cluster_loss": 0.0,
    "mae": 0.7186,
    "mse": 1.1113,
    "multiclassification_loss": 0.0,
    "ortho_loss": 0.0,
    "pearson": 0.7357,
    "regression_loss": 1.1111,
    "rm2": 0.5163,
    "rmse": 1.0542,
    "sd": 1.0396,
    "spearman": 0.7442,
    "spectral_loss": 0.0
}
                              
Test Results: {
    "ci": 0.7802,
    "classification_loss": 0.0,
    "cluster_loss": 0.0,
    "mae": 0.709,
    "mse": 1.0304,
    "multiclassification_loss": 0.0,
    "ortho_loss": 0.0,
    "pearson": 0.735,
    "regression_loss": 1.0269,
    "rm2": 0.5078,
    "rmse": 1.0151,
    "sd": 1.0066,
    "spearman": 0.7371,
    "spectral_loss": 0.0
}
                              
                              
----------------------------------------
Epoch 078 with LR 0.000100: Model Results
----------------------------------------
Train MSE Loss: 0.4221, Train CLS Loss: 0.0000, Train MCLS Loss: 0.0000
Protein Cluster Region Loss - Ortho Loss: 0.0000, Cluster Loss: 0.0000
                              
Validation Results: {
    "ci": 0.7876,
    "classification_loss": 0.0,
    "cluster_loss": 0.0,
    "mae": 0.7126,
    "mse": 1.0917,
    "multiclassification_loss": 0.0,
    "ortho_loss": 0.0,
    "pearson": 0.7325,
    "regression_loss": 1.0912,
    "rm2": 0.5363,
    "rmse": 1.0449,
    "sd": 1.0449,
    "spearman": 0.7504,
    "spectral_loss": 0.0
}
                              
Test Results: {
    "ci": 0.7802,
    "classification_loss": 0.0,
    "cluster_loss": 0.0,
    "mae": 0.709,
    "mse": 1.0304,
    "multiclassification_loss": 0.0,
    "ortho_loss": 0.0,
    "pearson": 0.735,
    "regression_loss": 1.0269,
    "rm2": 0.5078,
    "rmse": 1.0151,
    "sd": 1.0066,
    "spearman": 0.7371,
    "spectral_loss": 0.0
}
                              
                              
----------------------------------------
Epoch 079 with LR 0.000100: Model Results
----------------------------------------
Train MSE Loss: 0.4230, Train CLS Loss: 0.0000, Train MCLS Loss: 0.0000
Protein Cluster Region Loss - Ortho Loss: 0.0000, Cluster Loss: 0.0000
                              
Validation Results: {
    "ci": 0.7872,
    "classification_loss": 0.0,
    "cluster_loss": 0.0,
    "mae": 0.7212,
    "mse": 1.1319,
    "multiclassification_loss": 0.0,
    "ortho_loss": 0.0,
    "pearson": 0.7297,
    "regression_loss": 1.1285,
    "rm2": 0.5082,
    "rmse": 1.0639,
    "sd": 1.0495,
    "spearman": 0.751,
    "spectral_loss": 0.0
}
                              
Test Results: {
    "ci": 0.7802,
    "classification_loss": 0.0,
    "cluster_loss": 0.0,
    "mae": 0.709,
    "mse": 1.0304,
    "multiclassification_loss": 0.0,
    "ortho_loss": 0.0,
    "pearson": 0.735,
    "regression_loss": 1.0269,
    "rm2": 0.5078,
    "rmse": 1.0151,
    "sd": 1.0066,
    "spearman": 0.7371,
    "spectral_loss": 0.0
}
                              
                              
----------------------------------------
Epoch 080 with LR 0.000100: Model Results
----------------------------------------
Train MSE Loss: 0.4172, Train CLS Loss: 0.0000, Train MCLS Loss: 0.0000
Protein Cluster Region Loss - Ortho Loss: 0.0000, Cluster Loss: 0.0000
                              
Validation Results: {
    "ci": 0.7833,
    "classification_loss": 0.0,
    "cluster_loss": 0.0,
    "mae": 0.7283,
    "mse": 1.1207,
    "multiclassification_loss": 0.0,
    "ortho_loss": 0.0,
    "pearson": 0.7318,
    "regression_loss": 1.1179,
    "rm2": 0.5312,
    "rmse": 1.0586,
    "sd": 1.0461,
    "spearman": 0.7445,
    "spectral_loss": 0.0
}
                              
Test Results: {
    "ci": 0.7802,
    "classification_loss": 0.0,
    "cluster_loss": 0.0,
    "mae": 0.709,
    "mse": 1.0304,
    "multiclassification_loss": 0.0,
    "ortho_loss": 0.0,
    "pearson": 0.735,
    "regression_loss": 1.0269,
    "rm2": 0.5078,
    "rmse": 1.0151,
    "sd": 1.0066,
    "spearman": 0.7371,
    "spectral_loss": 0.0
}
                              
                              
----------------------------------------
Epoch 081 with LR 0.000100: Model Results
----------------------------------------
Train MSE Loss: 0.4219, Train CLS Loss: 0.0000, Train MCLS Loss: 0.0000
Protein Cluster Region Loss - Ortho Loss: 0.0000, Cluster Loss: 0.0000
                              
Validation Results: {
    "ci": 0.7881,
    "classification_loss": 0.0,
    "cluster_loss": 0.0,
    "mae": 0.7126,
    "mse": 1.1005,
    "multiclassification_loss": 0.0,
    "ortho_loss": 0.0,
    "pearson": 0.7352,
    "regression_loss": 1.0978,
    "rm2": 0.5218,
    "rmse": 1.0491,
    "sd": 1.0404,
    "spearman": 0.752,
    "spectral_loss": 0.0
}
                              
Test Results: {
    "ci": 0.7802,
    "classification_loss": 0.0,
    "cluster_loss": 0.0,
    "mae": 0.709,
    "mse": 1.0304,
    "multiclassification_loss": 0.0,
    "ortho_loss": 0.0,
    "pearson": 0.735,
    "regression_loss": 1.0269,
    "rm2": 0.5078,
    "rmse": 1.0151,
    "sd": 1.0066,
    "spearman": 0.7371,
    "spectral_loss": 0.0
}
                              
                              
----------------------------------------
Epoch 082 with LR 0.000100: Model Results
----------------------------------------
Train MSE Loss: 0.4159, Train CLS Loss: 0.0000, Train MCLS Loss: 0.0000
Protein Cluster Region Loss - Ortho Loss: 0.0000, Cluster Loss: 0.0000
                              
Validation Results: {
    "ci": 0.7851,
    "classification_loss": 0.0,
    "cluster_loss": 0.0,
    "mae": 0.7246,
    "mse": 1.156,
    "multiclassification_loss": 0.0,
    "ortho_loss": 0.0,
    "pearson": 0.728,
    "regression_loss": 1.1513,
    "rm2": 0.484,
    "rmse": 1.0752,
    "sd": 1.0523,
    "spearman": 0.7464,
    "spectral_loss": 0.0
}
                              
Test Results: {
    "ci": 0.7802,
    "classification_loss": 0.0,
    "cluster_loss": 0.0,
    "mae": 0.709,
    "mse": 1.0304,
    "multiclassification_loss": 0.0,
    "ortho_loss": 0.0,
    "pearson": 0.735,
    "regression_loss": 1.0269,
    "rm2": 0.5078,
    "rmse": 1.0151,
    "sd": 1.0066,
    "spearman": 0.7371,
    "spectral_loss": 0.0
}
                              
                              
----------------------------------------
Epoch 083 with LR 0.000100: Model Results
----------------------------------------
Train MSE Loss: 0.4158, Train CLS Loss: 0.0000, Train MCLS Loss: 0.0000
Protein Cluster Region Loss - Ortho Loss: 0.0000, Cluster Loss: 0.0000
                              
Validation Results: {
    "ci": 0.7859,
    "classification_loss": 0.0,
    "cluster_loss": 0.0,
    "mae": 0.7208,
    "mse": 1.1298,
    "multiclassification_loss": 0.0,
    "ortho_loss": 0.0,
    "pearson": 0.7287,
    "regression_loss": 1.1259,
    "rm2": 0.4872,
    "rmse": 1.0629,
    "sd": 1.0513,
    "spearman": 0.7471,
    "spectral_loss": 0.0
}
                              
Test Results: {
    "ci": 0.7802,
    "classification_loss": 0.0,
    "cluster_loss": 0.0,
    "mae": 0.709,
    "mse": 1.0304,
    "multiclassification_loss": 0.0,
    "ortho_loss": 0.0,
    "pearson": 0.735,
    "regression_loss": 1.0269,
    "rm2": 0.5078,
    "rmse": 1.0151,
    "sd": 1.0066,
    "spearman": 0.7371,
    "spectral_loss": 0.0
}
                              
                              
----------------------------------------
Epoch 084 with LR 0.000100: Model Results
----------------------------------------
Train MSE Loss: 0.4092, Train CLS Loss: 0.0000, Train MCLS Loss: 0.0000
Protein Cluster Region Loss - Ortho Loss: 0.0000, Cluster Loss: 0.0000
                              
Validation Results: {
    "ci": 0.7894,
    "classification_loss": 0.0,
    "cluster_loss": 0.0,
    "mae": 0.7104,
    "mse": 1.1261,
    "multiclassification_loss": 0.0,
    "ortho_loss": 0.0,
    "pearson": 0.7352,
    "regression_loss": 1.1213,
    "rm2": 0.5143,
    "rmse": 1.0612,
    "sd": 1.0404,
    "spearman": 0.753,
    "spectral_loss": 0.0
}
                              
Test Results: {
    "ci": 0.7802,
    "classification_loss": 0.0,
    "cluster_loss": 0.0,
    "mae": 0.709,
    "mse": 1.0304,
    "multiclassification_loss": 0.0,
    "ortho_loss": 0.0,
    "pearson": 0.735,
    "regression_loss": 1.0269,
    "rm2": 0.5078,
    "rmse": 1.0151,
    "sd": 1.0066,
    "spearman": 0.7371,
    "spectral_loss": 0.0
}
                              
                              
----------------------------------------
Epoch 085 with LR 0.000100: Model Results
----------------------------------------
Train MSE Loss: 0.4102, Train CLS Loss: 0.0000, Train MCLS Loss: 0.0000
Protein Cluster Region Loss - Ortho Loss: 0.0000, Cluster Loss: 0.0000
                              
Validation Results: {
    "ci": 0.7843,
    "classification_loss": 0.0,
    "cluster_loss": 0.0,
    "mae": 0.7239,
    "mse": 1.1393,
    "multiclassification_loss": 0.0,
    "ortho_loss": 0.0,
    "pearson": 0.7293,
    "regression_loss": 1.1342,
    "rm2": 0.5084,
    "rmse": 1.0674,
    "sd": 1.0503,
    "spearman": 0.7429,
    "spectral_loss": 0.0
}
                              
Test Results: {
    "ci": 0.7802,
    "classification_loss": 0.0,
    "cluster_loss": 0.0,
    "mae": 0.709,
    "mse": 1.0304,
    "multiclassification_loss": 0.0,
    "ortho_loss": 0.0,
    "pearson": 0.735,
    "regression_loss": 1.0269,
    "rm2": 0.5078,
    "rmse": 1.0151,
    "sd": 1.0066,
    "spearman": 0.7371,
    "spectral_loss": 0.0
}
                              
                              
----------------------------------------
Epoch 086 with LR 0.000100: Model Results
----------------------------------------
Train MSE Loss: 0.4102, Train CLS Loss: 0.0000, Train MCLS Loss: 0.0000
Protein Cluster Region Loss - Ortho Loss: 0.0000, Cluster Loss: 0.0000
                              
Validation Results: {
    "ci": 0.7902,
    "classification_loss": 0.0,
    "cluster_loss": 0.0,
    "mae": 0.7007,
    "mse": 1.0804,
    "multiclassification_loss": 0.0,
    "ortho_loss": 0.0,
    "pearson": 0.7399,
    "regression_loss": 1.0766,
    "rm2": 0.5281,
    "rmse": 1.0394,
    "sd": 1.0326,
    "spearman": 0.7553,
    "spectral_loss": 0.0
}
                              
Test Results: {
    "ci": 0.7845,
    "classification_loss": 0.0,
    "cluster_loss": 0.0,
    "mae": 0.6952,
    "mse": 1.0413,
    "multiclassification_loss": 0.0,
    "ortho_loss": 0.0,
    "pearson": 0.736,
    "regression_loss": 1.0366,
    "rm2": 0.5133,
    "rmse": 1.0205,
    "sd": 1.0049,
    "spearman": 0.7435,
    "spectral_loss": 0.0
}
                              
                              
----------------------------------------
Epoch 087 with LR 0.000100: Model Results
----------------------------------------
Train MSE Loss: 0.4077, Train CLS Loss: 0.0000, Train MCLS Loss: 0.0000
Protein Cluster Region Loss - Ortho Loss: 0.0000, Cluster Loss: 0.0000
                              
Validation Results: {
    "ci": 0.7892,
    "classification_loss": 0.0,
    "cluster_loss": 0.0,
    "mae": 0.709,
    "mse": 1.0946,
    "multiclassification_loss": 0.0,
    "ortho_loss": 0.0,
    "pearson": 0.7363,
    "regression_loss": 1.0934,
    "rm2": 0.5414,
    "rmse": 1.0462,
    "sd": 1.0387,
    "spearman": 0.753,
    "spectral_loss": 0.0
}
                              
Test Results: {
    "ci": 0.7845,
    "classification_loss": 0.0,
    "cluster_loss": 0.0,
    "mae": 0.6952,
    "mse": 1.0413,
    "multiclassification_loss": 0.0,
    "ortho_loss": 0.0,
    "pearson": 0.736,
    "regression_loss": 1.0366,
    "rm2": 0.5133,
    "rmse": 1.0205,
    "sd": 1.0049,
    "spearman": 0.7435,
    "spectral_loss": 0.0
}
                              
                              
----------------------------------------
Epoch 088 with LR 0.000100: Model Results
----------------------------------------
Train MSE Loss: 0.3988, Train CLS Loss: 0.0000, Train MCLS Loss: 0.0000
Protein Cluster Region Loss - Ortho Loss: 0.0000, Cluster Loss: 0.0000
                              
Validation Results: {
    "ci": 0.7897,
    "classification_loss": 0.0,
    "cluster_loss": 0.0,
    "mae": 0.7013,
    "mse": 1.1009,
    "multiclassification_loss": 0.0,
    "ortho_loss": 0.0,
    "pearson": 0.7371,
    "regression_loss": 1.0965,
    "rm2": 0.5316,
    "rmse": 1.0492,
    "sd": 1.0373,
    "spearman": 0.753,
    "spectral_loss": 0.0
}
                              
Test Results: {
    "ci": 0.7845,
    "classification_loss": 0.0,
    "cluster_loss": 0.0,
    "mae": 0.6952,
    "mse": 1.0413,
    "multiclassification_loss": 0.0,
    "ortho_loss": 0.0,
    "pearson": 0.736,
    "regression_loss": 1.0366,
    "rm2": 0.5133,
    "rmse": 1.0205,
    "sd": 1.0049,
    "spearman": 0.7435,
    "spectral_loss": 0.0
}
                              
                              
----------------------------------------
Epoch 089 with LR 0.000100: Model Results
----------------------------------------
Train MSE Loss: 0.4020, Train CLS Loss: 0.0000, Train MCLS Loss: 0.0000
Protein Cluster Region Loss - Ortho Loss: 0.0000, Cluster Loss: 0.0000
                              
Validation Results: {
    "ci": 0.7878,
    "classification_loss": 0.0,
    "cluster_loss": 0.0,
    "mae": 0.7138,
    "mse": 1.105,
    "multiclassification_loss": 0.0,
    "ortho_loss": 0.0,
    "pearson": 0.738,
    "regression_loss": 1.1011,
    "rm2": 0.516,
    "rmse": 1.0512,
    "sd": 1.0359,
    "spearman": 0.7523,
    "spectral_loss": 0.0
}
                              
Test Results: {
    "ci": 0.7845,
    "classification_loss": 0.0,
    "cluster_loss": 0.0,
    "mae": 0.6952,
    "mse": 1.0413,
    "multiclassification_loss": 0.0,
    "ortho_loss": 0.0,
    "pearson": 0.736,
    "regression_loss": 1.0366,
    "rm2": 0.5133,
    "rmse": 1.0205,
    "sd": 1.0049,
    "spearman": 0.7435,
    "spectral_loss": 0.0
}
                              
                              
----------------------------------------
Epoch 090 with LR 0.000100: Model Results
----------------------------------------
Train MSE Loss: 0.3983, Train CLS Loss: 0.0000, Train MCLS Loss: 0.0000
Protein Cluster Region Loss - Ortho Loss: 0.0000, Cluster Loss: 0.0000
                              
Validation Results: {
    "ci": 0.7859,
    "classification_loss": 0.0,
    "cluster_loss": 0.0,
    "mae": 0.7273,
    "mse": 1.1214,
    "multiclassification_loss": 0.0,
    "ortho_loss": 0.0,
    "pearson": 0.7307,
    "regression_loss": 1.1185,
    "rm2": 0.4843,
    "rmse": 1.059,
    "sd": 1.048,
    "spearman": 0.7476,
    "spectral_loss": 0.0
}
                              
Test Results: {
    "ci": 0.7845,
    "classification_loss": 0.0,
    "cluster_loss": 0.0,
    "mae": 0.6952,
    "mse": 1.0413,
    "multiclassification_loss": 0.0,
    "ortho_loss": 0.0,
    "pearson": 0.736,
    "regression_loss": 1.0366,
    "rm2": 0.5133,
    "rmse": 1.0205,
    "sd": 1.0049,
    "spearman": 0.7435,
    "spectral_loss": 0.0
}
                              
                              
----------------------------------------
Epoch 091 with LR 0.000100: Model Results
----------------------------------------
Train MSE Loss: 0.3965, Train CLS Loss: 0.0000, Train MCLS Loss: 0.0000
Protein Cluster Region Loss - Ortho Loss: 0.0000, Cluster Loss: 0.0000
                              
Validation Results: {
    "ci": 0.7868,
    "classification_loss": 0.0,
    "cluster_loss": 0.0,
    "mae": 0.711,
    "mse": 1.1045,
    "multiclassification_loss": 0.0,
    "ortho_loss": 0.0,
    "pearson": 0.7332,
    "regression_loss": 1.1004,
    "rm2": 0.5197,
    "rmse": 1.0509,
    "sd": 1.0437,
    "spearman": 0.749,
    "spectral_loss": 0.0
}
                              
Test Results: {
    "ci": 0.7845,
    "classification_loss": 0.0,
    "cluster_loss": 0.0,
    "mae": 0.6952,
    "mse": 1.0413,
    "multiclassification_loss": 0.0,
    "ortho_loss": 0.0,
    "pearson": 0.736,
    "regression_loss": 1.0366,
    "rm2": 0.5133,
    "rmse": 1.0205,
    "sd": 1.0049,
    "spearman": 0.7435,
    "spectral_loss": 0.0
}
                              
                              
----------------------------------------
Epoch 092 with LR 0.000100: Model Results
----------------------------------------
Train MSE Loss: 0.3959, Train CLS Loss: 0.0000, Train MCLS Loss: 0.0000
Protein Cluster Region Loss - Ortho Loss: 0.0000, Cluster Loss: 0.0000
                              
Validation Results: {
    "ci": 0.7883,
    "classification_loss": 0.0,
    "cluster_loss": 0.0,
    "mae": 0.7113,
    "mse": 1.1146,
    "multiclassification_loss": 0.0,
    "ortho_loss": 0.0,
    "pearson": 0.7359,
    "regression_loss": 1.1112,
    "rm2": 0.5168,
    "rmse": 1.0557,
    "sd": 1.0392,
    "spearman": 0.7528,
    "spectral_loss": 0.0
}
                              
Test Results: {
    "ci": 0.7845,
    "classification_loss": 0.0,
    "cluster_loss": 0.0,
    "mae": 0.6952,
    "mse": 1.0413,
    "multiclassification_loss": 0.0,
    "ortho_loss": 0.0,
    "pearson": 0.736,
    "regression_loss": 1.0366,
    "rm2": 0.5133,
    "rmse": 1.0205,
    "sd": 1.0049,
    "spearman": 0.7435,
    "spectral_loss": 0.0
}
                              
                              
----------------------------------------
Epoch 093 with LR 0.000100: Model Results
----------------------------------------
Train MSE Loss: 0.3903, Train CLS Loss: 0.0000, Train MCLS Loss: 0.0000
Protein Cluster Region Loss - Ortho Loss: 0.0000, Cluster Loss: 0.0000
                              
Validation Results: {
    "ci": 0.7843,
    "classification_loss": 0.0,
    "cluster_loss": 0.0,
    "mae": 0.7188,
    "mse": 1.126,
    "multiclassification_loss": 0.0,
    "ortho_loss": 0.0,
    "pearson": 0.7315,
    "regression_loss": 1.1232,
    "rm2": 0.5239,
    "rmse": 1.0611,
    "sd": 1.0467,
    "spearman": 0.744,
    "spectral_loss": 0.0
}
                              
Test Results: {
    "ci": 0.7845,
    "classification_loss": 0.0,
    "cluster_loss": 0.0,
    "mae": 0.6952,
    "mse": 1.0413,
    "multiclassification_loss": 0.0,
    "ortho_loss": 0.0,
    "pearson": 0.736,
    "regression_loss": 1.0366,
    "rm2": 0.5133,
    "rmse": 1.0205,
    "sd": 1.0049,
    "spearman": 0.7435,
    "spectral_loss": 0.0
}
                              
                              
----------------------------------------
Epoch 094 with LR 0.000100: Model Results
----------------------------------------
Train MSE Loss: 0.3880, Train CLS Loss: 0.0000, Train MCLS Loss: 0.0000
Protein Cluster Region Loss - Ortho Loss: 0.0000, Cluster Loss: 0.0000
                              
Validation Results: {
    "ci": 0.7883,
    "classification_loss": 0.0,
    "cluster_loss": 0.0,
    "mae": 0.7184,
    "mse": 1.1266,
    "multiclassification_loss": 0.0,
    "ortho_loss": 0.0,
    "pearson": 0.7341,
    "regression_loss": 1.1225,
    "rm2": 0.5062,
    "rmse": 1.0614,
    "sd": 1.0424,
    "spearman": 0.7531,
    "spectral_loss": 0.0
}
                              
Test Results: {
    "ci": 0.7845,
    "classification_loss": 0.0,
    "cluster_loss": 0.0,
    "mae": 0.6952,
    "mse": 1.0413,
    "multiclassification_loss": 0.0,
    "ortho_loss": 0.0,
    "pearson": 0.736,
    "regression_loss": 1.0366,
    "rm2": 0.5133,
    "rmse": 1.0205,
    "sd": 1.0049,
    "spearman": 0.7435,
    "spectral_loss": 0.0
}
                              
                              
----------------------------------------
Epoch 095 with LR 0.000100: Model Results
----------------------------------------
Train MSE Loss: 0.3907, Train CLS Loss: 0.0000, Train MCLS Loss: 0.0000
Protein Cluster Region Loss - Ortho Loss: 0.0000, Cluster Loss: 0.0000
                              
Validation Results: {
    "ci": 0.7851,
    "classification_loss": 0.0,
    "cluster_loss": 0.0,
    "mae": 0.7411,
    "mse": 1.1697,
    "multiclassification_loss": 0.0,
    "ortho_loss": 0.0,
    "pearson": 0.728,
    "regression_loss": 1.1644,
    "rm2": 0.4579,
    "rmse": 1.0815,
    "sd": 1.0523,
    "spearman": 0.7446,
    "spectral_loss": 0.0
}
                              
Test Results: {
    "ci": 0.7845,
    "classification_loss": 0.0,
    "cluster_loss": 0.0,
    "mae": 0.6952,
    "mse": 1.0413,
    "multiclassification_loss": 0.0,
    "ortho_loss": 0.0,
    "pearson": 0.736,
    "regression_loss": 1.0366,
    "rm2": 0.5133,
    "rmse": 1.0205,
    "sd": 1.0049,
    "spearman": 0.7435,
    "spectral_loss": 0.0
}
                              
                              
----------------------------------------
Epoch 096 with LR 0.000100: Model Results
----------------------------------------
Train MSE Loss: 0.3922, Train CLS Loss: 0.0000, Train MCLS Loss: 0.0000
Protein Cluster Region Loss - Ortho Loss: 0.0000, Cluster Loss: 0.0000
                              
Validation Results: {
    "ci": 0.7908,
    "classification_loss": 0.0,
    "cluster_loss": 0.0,
    "mae": 0.7104,
    "mse": 1.1181,
    "multiclassification_loss": 0.0,
    "ortho_loss": 0.0,
    "pearson": 0.7375,
    "regression_loss": 1.1139,
    "rm2": 0.5039,
    "rmse": 1.0574,
    "sd": 1.0366,
    "spearman": 0.7576,
    "spectral_loss": 0.0
}
                              
Test Results: {
    "ci": 0.7845,
    "classification_loss": 0.0,
    "cluster_loss": 0.0,
    "mae": 0.6952,
    "mse": 1.0413,
    "multiclassification_loss": 0.0,
    "ortho_loss": 0.0,
    "pearson": 0.736,
    "regression_loss": 1.0366,
    "rm2": 0.5133,
    "rmse": 1.0205,
    "sd": 1.0049,
    "spearman": 0.7435,
    "spectral_loss": 0.0
}
                              
                              
----------------------------------------
Epoch 097 with LR 0.000100: Model Results
----------------------------------------
Train MSE Loss: 0.3812, Train CLS Loss: 0.0000, Train MCLS Loss: 0.0000
Protein Cluster Region Loss - Ortho Loss: 0.0000, Cluster Loss: 0.0000
                              
Validation Results: {
    "ci": 0.7909,
    "classification_loss": 0.0,
    "cluster_loss": 0.0,
    "mae": 0.6928,
    "mse": 1.0767,
    "multiclassification_loss": 0.0,
    "ortho_loss": 0.0,
    "pearson": 0.7403,
    "regression_loss": 1.0718,
    "rm2": 0.547,
    "rmse": 1.0377,
    "sd": 1.0319,
    "spearman": 0.7562,
    "spectral_loss": 0.0
}
                              
Test Results: {
    "ci": 0.7791,
    "classification_loss": 0.0,
    "cluster_loss": 0.0,
    "mae": 0.7123,
    "mse": 1.0849,
    "multiclassification_loss": 0.0,
    "ortho_loss": 0.0,
    "pearson": 0.7231,
    "regression_loss": 1.0813,
    "rm2": 0.5151,
    "rmse": 1.0416,
    "sd": 1.0254,
    "spearman": 0.7305,
    "spectral_loss": 0.0
}
                              
                              
----------------------------------------
Epoch 098 with LR 0.000100: Model Results
----------------------------------------
Train MSE Loss: 0.3804, Train CLS Loss: 0.0000, Train MCLS Loss: 0.0000
Protein Cluster Region Loss - Ortho Loss: 0.0000, Cluster Loss: 0.0000
                              
Validation Results: {
    "ci": 0.7852,
    "classification_loss": 0.0,
    "cluster_loss": 0.0,
    "mae": 0.7134,
    "mse": 1.1134,
    "multiclassification_loss": 0.0,
    "ortho_loss": 0.0,
    "pearson": 0.7319,
    "regression_loss": 1.1101,
    "rm2": 0.5132,
    "rmse": 1.0552,
    "sd": 1.0459,
    "spearman": 0.7466,
    "spectral_loss": 0.0
}
                              
Test Results: {
    "ci": 0.7791,
    "classification_loss": 0.0,
    "cluster_loss": 0.0,
    "mae": 0.7123,
    "mse": 1.0849,
    "multiclassification_loss": 0.0,
    "ortho_loss": 0.0,
    "pearson": 0.7231,
    "regression_loss": 1.0813,
    "rm2": 0.5151,
    "rmse": 1.0416,
    "sd": 1.0254,
    "spearman": 0.7305,
    "spectral_loss": 0.0
}
                              
                              
----------------------------------------
Epoch 099 with LR 0.000100: Model Results
----------------------------------------
Train MSE Loss: 0.3791, Train CLS Loss: 0.0000, Train MCLS Loss: 0.0000
Protein Cluster Region Loss - Ortho Loss: 0.0000, Cluster Loss: 0.0000
                              
Validation Results: {
    "ci": 0.7887,
    "classification_loss": 0.0,
    "cluster_loss": 0.0,
    "mae": 0.7278,
    "mse": 1.1315,
    "multiclassification_loss": 0.0,
    "ortho_loss": 0.0,
    "pearson": 0.7324,
    "regression_loss": 1.127,
    "rm2": 0.4705,
    "rmse": 1.0637,
    "sd": 1.0451,
    "spearman": 0.7524,
    "spectral_loss": 0.0
}
                              
Test Results: {
    "ci": 0.7791,
    "classification_loss": 0.0,
    "cluster_loss": 0.0,
    "mae": 0.7123,
    "mse": 1.0849,
    "multiclassification_loss": 0.0,
    "ortho_loss": 0.0,
    "pearson": 0.7231,
    "regression_loss": 1.0813,
    "rm2": 0.5151,
    "rmse": 1.0416,
    "sd": 1.0254,
    "spearman": 0.7305,
    "spectral_loss": 0.0
}
                              
                              
----------------------------------------
Epoch 100 with LR 0.000100: Model Results
----------------------------------------
Train MSE Loss: 0.3800, Train CLS Loss: 0.0000, Train MCLS Loss: 0.0000
Protein Cluster Region Loss - Ortho Loss: 0.0000, Cluster Loss: 0.0000
                              
Validation Results: {
    "ci": 0.7892,
    "classification_loss": 0.0,
    "cluster_loss": 0.0,
    "mae": 0.7034,
    "mse": 1.0876,
    "multiclassification_loss": 0.0,
    "ortho_loss": 0.0,
    "pearson": 0.7399,
    "regression_loss": 1.0881,
    "rm2": 0.547,
    "rmse": 1.0429,
    "sd": 1.0326,
    "spearman": 0.755,
    "spectral_loss": 0.0
}
                              
Test Results: {
    "ci": 0.7791,
    "classification_loss": 0.0,
    "cluster_loss": 0.0,
    "mae": 0.7123,
    "mse": 1.0849,
    "multiclassification_loss": 0.0,
    "ortho_loss": 0.0,
    "pearson": 0.7231,
    "regression_loss": 1.0813,
    "rm2": 0.5151,
    "rmse": 1.0416,
    "sd": 1.0254,
    "spearman": 0.7305,
    "spectral_loss": 0.0
}
[best epoch] epoch=97, best_rmse=1.0377, lr_at_best=1.000e-04
                              
                              
----------------------------------------
Epoch 100 with LR 0.000100: Model Results
----------------------------------------
Train MSE Loss: 0.3800, Train CLS Loss: 0.0000, Train MCLS Loss: 0.0000
Protein Cluster Region Loss - Ortho Loss: 0.0000, Cluster Loss: 0.0000
                              
Validation Results: {
    "ci": 0.7892,
    "classification_loss": 0.0,
    "cluster_loss": 0.0,
    "mae": 0.7034,
    "mse": 1.0876,
    "multiclassification_loss": 0.0,
    "ortho_loss": 0.0,
    "pearson": 0.7399,
    "regression_loss": 1.0881,
    "rm2": 0.547,
    "rmse": 1.0429,
    "sd": 1.0326,
    "spearman": 0.755,
    "spectral_loss": 0.0
}
                              
Test Results: {
    "ci": 0.7791,
    "classification_loss": 0.0,
    "cluster_loss": 0.0,
    "mae": 0.7123,
    "mse": 1.0849,
    "multiclassification_loss": 0.0,
    "ortho_loss": 0.0,
    "pearson": 0.7231,
    "regression_loss": 1.0813,
    "rm2": 0.5151,
    "rmse": 1.0416,
    "sd": 1.0254,
    "spearman": 0.7305,
    "spectral_loss": 0.0
}
Final test metrics: rmse=1.0416, pearson=0.7231, r2_proxy(mse)=1.0849
Done. Predictions: /sc/arion/projects/DiseaseGeneCell/Huang_lab_project/wangcDrugRepoProject/TRACE_Kin_Results_v3_lean/inhouse_dataset/inhouse_Kd_MUTAPLM_embedding_random/test_prediction_seed2.csv; checkpoint: /sc/arion/projects/DiseaseGeneCell/Huang_lab_project/wangcDrugRepoProject/TRACE_Kin_Results_v3_lean/inhouse_dataset/inhouse_Kd_MUTAPLM_embedding_random/save_model_seed2/model.pt

==========================================
Array task 6/14: OK (inhouse_Kd_MUTAPLM_embedding_random)
==========================================


PS:

Read file <242654214.6.stderr> for stderr output of this job.

