Sender: LSF System <lsfadmin@lg05e07>
Subject: Job 242614933[1]: <trace_kin_v3_s2[1-14]> in cluster <chimera> Done

Job <trace_kin_v3_s2[1-14]> was submitted from host <li04e01> by user <wangc40> in cluster <chimera> at Fri May  8 16:46:41 2026
Job was executed on host(s) <16*lg05e07>, in queue <gpu>, as user <wangc40> in cluster <chimera> at Fri May  8 16:46:43 2026
</hpc/users/wangc40> was used as the home directory.
</sc/arion/projects/DiseaseGeneCell/Huang_lab_project/wangcDrugRepoProject/TRACE-Kin> was used as the working directory.
Started at Fri May  8 16:46:43 2026
Terminated at Sat May  9 08:41:35 2026
Results reported at Sat May  9 08:41:35 2026

Your job looked like:

------------------------------------------------------------
# LSBATCH: User input
#!/bin/bash
#BSUB -J trace_kin_v3_s2[1-14]
#BSUB -P acc_DiseaseGeneCell
#BSUB -q gpu
#BSUB -R h100nvl
#BSUB -gpu num=1
#BSUB -n 16
#BSUB -R "rusage[mem=8000]"
#BSUB -R "span[hosts=1]"
#BSUB -W 48:00
#BSUB -o %J.%I.stdout
#BSUB -eo %J.%I.stderr
#BSUB -L /bin/bash

# =============================================================================
# TRACE-Kin v3 rerun — LSF job array
# =============================================================================
# Submit with:
#     bsub < training/run_v3_array.lsf
#
# Or chain off the smoke test (recommended):
#     bsub -w "done(<SMOKE_JOB_ID>)" < training/run_v3_array.lsf
#
# For the multi-seed ensemble (the paper config), submit additional seeds in
# parallel after the SEED=1 array completes (or alongside, as separate jobs):
#     SEED=2 bsub -J "trace_kin_v3_s2[1-14]" < training/run_v3_array.lsf
#     SEED=3 bsub -J "trace_kin_v3_s3[1-14]" < training/run_v3_array.lsf
# After all seeds finish, analysis/aggregate_results.py averages predictions
# across seeds before computing RMSE.
#
# LSF expands #BSUB -J trace_kin_v3[1-14] into 14 array tasks, each with a
# distinct ${LSB_JOBINDEX} in 1..14. The body looks up the per-index
# (dataset_source, dataset_name, pool_paths) tuple from the inline table below
# and invokes train_trace_kin.py with model_version=v3.
#
# The 14 tasks correspond to:
#   * 12 RF-gap targets (catalytic kinetics where v1 trails RF by 1.4%–8.7%)
#   * 2 Ki preservation guards (where v1 already wins, must not regress)
# =============================================================================

# --- Environment -------------------------------------------------------------
# Match the prologue of the proven-working PSICHIC LSFs verbatim — no
# `set -euo pipefail`. Mount Sinai's /etc/profile.d scripts return non-zero
# in places that aren't real errors, and errexit aborts the job before
# module + conda activation can complete.
ml purge
source ~/.bashrc
module load anaconda3/2024.06
source activate test
module load cuda/12.4.0

(... more ...)
------------------------------------------------------------

Successfully completed.

Resource usage summary:

    CPU time :                                   58932.00 sec.
    Max Memory :                                 68835 MB
    Average Memory :                             68510.35 MB
    Total Requested Memory :                     128000.00 MB
    Delta Memory :                               59165.00 MB
    Max Swap :                                   -
    Max Processes :                              4
    Max Threads :                                21
    Run time :                                   57292 sec.
    Turnaround time :                            57294 sec.

The output (if any) follows:

==========================================
TRACE-Kin v3 array task 1/14
==========================================
Date:        Fri May  8 16:46:47 EDT 2026
Dataset:     /sc/arion/projects/DiseaseGeneCell/Huang_lab_project/drug_discovery/output/data/enzyme_embeddings_dataset/EITLEM_dataset/EITLEM_km_ESMv1_embedding_random
Result:      /sc/arion/projects/DiseaseGeneCell/Huang_lab_project/wangcDrugRepoProject/TRACE_Kin_Results_v3/EITLEM_dataset/EITLEM_km_ESMv1_embedding_random
Config:      training/config_v3.json
Pool CSVs:   /sc/arion/projects/DiseaseGeneCell/Huang_lab_project/drug_discovery/output/data/enzyme_embeddings_dataset/MPEK_dataset/MPEK_km_ESMv1_embedding_random,/sc/arion/projects/DiseaseGeneCell/Huang_lab_project/drug_discovery/output/data/enzyme_embeddings_dataset/catpred_dataset/catpred_km_ESMv1_embedding_random
Model:       v3 (dual-head + learned gate)
Epochs:      100, batch=16, seed=2, lr=1e-4
==========================================
Python 3.12.2
Python: /sc/arion/work/wangc40/test-env/envs/test/bin/python
CUDA device: NVIDIA H100 80GB HBM3, sm_90
============================================================
TRACE-Kin training
============================================================
Datafolder:        /sc/arion/projects/DiseaseGeneCell/Huang_lab_project/drug_discovery/output/data/enzyme_embeddings_dataset/EITLEM_dataset/EITLEM_km_ESMv1_embedding_random
Result path:       /sc/arion/projects/DiseaseGeneCell/Huang_lab_project/wangcDrugRepoProject/TRACE_Kin_Results_v3/EITLEM_dataset/EITLEM_km_ESMv1_embedding_random
Config:            training/config_v3.json
Pool train CSVs:   /sc/arion/projects/DiseaseGeneCell/Huang_lab_project/drug_discovery/output/data/enzyme_embeddings_dataset/MPEK_dataset/MPEK_km_ESMv1_embedding_random,/sc/arion/projects/DiseaseGeneCell/Huang_lab_project/drug_discovery/output/data/enzyme_embeddings_dataset/catpred_dataset/catpred_km_ESMv1_embedding_random
============================================================
Loading primary train: /sc/arion/projects/DiseaseGeneCell/Huang_lab_project/drug_discovery/output/data/enzyme_embeddings_dataset/EITLEM_dataset/EITLEM_km_ESMv1_embedding_random/train.parquet
Loading primary test: /sc/arion/projects/DiseaseGeneCell/Huang_lab_project/drug_discovery/output/data/enzyme_embeddings_dataset/EITLEM_dataset/EITLEM_km_ESMv1_embedding_random/test.parquet
Loading primary val: /sc/arion/projects/DiseaseGeneCell/Huang_lab_project/drug_discovery/output/data/enzyme_embeddings_dataset/EITLEM_dataset/EITLEM_km_ESMv1_embedding_random/val.parquet
Pooling additional train from: /sc/arion/projects/DiseaseGeneCell/Huang_lab_project/drug_discovery/output/data/enzyme_embeddings_dataset/MPEK_dataset/MPEK_km_ESMv1_embedding_random/train.parquet
Pooling additional train from: /sc/arion/projects/DiseaseGeneCell/Huang_lab_project/drug_discovery/output/data/enzyme_embeddings_dataset/catpred_dataset/catpred_km_ESMv1_embedding_random/train.parquet
Pooled training set: 23456 -> 76063 rows from 2 extra dataset(s).
Detected prot_evo_channels = 1280
seq2feat: 22376 unique sequences.
model_version: v3, use_swa: False
Reusing protein cache: /sc/arion/projects/DiseaseGeneCell/Huang_lab_project/drug_discovery/output/data/enzyme_embeddings_dataset/EITLEM_dataset/EITLEM_km_ESMv1_embedding_random/protein.pt
Reusing ligand cache: /sc/arion/projects/DiseaseGeneCell/Huang_lab_project/drug_discovery/output/data/enzyme_embeddings_dataset/EITLEM_dataset/EITLEM_km_ESMv1_embedding_random/ligand.pt
loaders ready: train=4754 test=184 val=184
Built TraceKinV3 with 7,976,475 parameters
[LR schedule] schedule_lr=False, lrate=0.0001, min_lrate=0, warmup_iters=0, lr_decay_iters=475400, total_iters=475400
Not in terminal, reprint now using normal build-in print function.
                              
                              
----------------------------------------
Epoch 001 with LR 0.000100: Model Results
----------------------------------------
Train MSE Loss: 0.9537, Train CLS Loss: 0.0000, Train MCLS Loss: 0.0000
Protein Cluster Region Loss - Ortho Loss: 0.0000, Cluster Loss: 0.0000
                              
Validation Results: {
    "ci": 0.7614,
    "classification_loss": 0.0,
    "cluster_loss": 0.0,
    "mae": 0.7178,
    "mse": 0.8695,
    "multiclassification_loss": 0.0,
    "ortho_loss": 0.0,
    "pearson": 0.7076,
    "regression_loss": 0.8796,
    "rm2": 0.4418,
    "rmse": 0.9325,
    "sd": 0.9068,
    "spearman": 0.7125,
    "spectral_loss": 0.0
}
                              
Test Results: {
    "ci": 0.7667,
    "classification_loss": 0.0,
    "cluster_loss": 0.0,
    "mae": 0.7063,
    "mse": 0.8689,
    "multiclassification_loss": 0.0,
    "ortho_loss": 0.0,
    "pearson": 0.7165,
    "regression_loss": 0.8682,
    "rm2": 0.4514,
    "rmse": 0.9322,
    "sd": 0.9108,
    "spearman": 0.7211,
    "spectral_loss": 0.0
}
                              
                              
----------------------------------------
Epoch 002 with LR 0.000100: Model Results
----------------------------------------
Train MSE Loss: 0.7466, Train CLS Loss: 0.0000, Train MCLS Loss: 0.0000
Protein Cluster Region Loss - Ortho Loss: 0.0000, Cluster Loss: 0.0000
                              
Validation Results: {
    "ci": 0.7836,
    "classification_loss": 0.0,
    "cluster_loss": 0.0,
    "mae": 0.6411,
    "mse": 0.7319,
    "multiclassification_loss": 0.0,
    "ortho_loss": 0.0,
    "pearson": 0.751,
    "regression_loss": 0.7407,
    "rm2": 0.5133,
    "rmse": 0.8555,
    "sd": 0.8474,
    "spearman": 0.7552,
    "spectral_loss": 0.0
}
                              
Test Results: {
    "ci": 0.7845,
    "classification_loss": 0.0,
    "cluster_loss": 0.0,
    "mae": 0.6429,
    "mse": 0.742,
    "multiclassification_loss": 0.0,
    "ortho_loss": 0.0,
    "pearson": 0.7575,
    "regression_loss": 0.7435,
    "rm2": 0.5256,
    "rmse": 0.8614,
    "sd": 0.8524,
    "spearman": 0.7568,
    "spectral_loss": 0.0
}
                              
                              
----------------------------------------
Epoch 003 with LR 0.000100: Model Results
----------------------------------------
Train MSE Loss: 0.6423, Train CLS Loss: 0.0000, Train MCLS Loss: 0.0000
Protein Cluster Region Loss - Ortho Loss: 0.0000, Cluster Loss: 0.0000
                              
Validation Results: {
    "ci": 0.8015,
    "classification_loss": 0.0,
    "cluster_loss": 0.0,
    "mae": 0.5982,
    "mse": 0.6517,
    "multiclassification_loss": 0.0,
    "ortho_loss": 0.0,
    "pearson": 0.7817,
    "regression_loss": 0.657,
    "rm2": 0.5553,
    "rmse": 0.8073,
    "sd": 0.8004,
    "spearman": 0.79,
    "spectral_loss": 0.0
}
                              
Test Results: {
    "ci": 0.8002,
    "classification_loss": 0.0,
    "cluster_loss": 0.0,
    "mae": 0.6026,
    "mse": 0.6575,
    "multiclassification_loss": 0.0,
    "ortho_loss": 0.0,
    "pearson": 0.7882,
    "regression_loss": 0.6587,
    "rm2": 0.5633,
    "rmse": 0.8109,
    "sd": 0.8035,
    "spearman": 0.7862,
    "spectral_loss": 0.0
}
                              
                              
----------------------------------------
Epoch 004 with LR 0.000100: Model Results
----------------------------------------
Train MSE Loss: 0.5746, Train CLS Loss: 0.0000, Train MCLS Loss: 0.0000
Protein Cluster Region Loss - Ortho Loss: 0.0000, Cluster Loss: 0.0000
                              
Validation Results: {
    "ci": 0.8072,
    "classification_loss": 0.0,
    "cluster_loss": 0.0,
    "mae": 0.5721,
    "mse": 0.6119,
    "multiclassification_loss": 0.0,
    "ortho_loss": 0.0,
    "pearson": 0.7936,
    "regression_loss": 0.6162,
    "rm2": 0.6023,
    "rmse": 0.7822,
    "sd": 0.7807,
    "spearman": 0.8003,
    "spectral_loss": 0.0
}
                              
Test Results: {
    "ci": 0.8073,
    "classification_loss": 0.0,
    "cluster_loss": 0.0,
    "mae": 0.5731,
    "mse": 0.6111,
    "multiclassification_loss": 0.0,
    "ortho_loss": 0.0,
    "pearson": 0.8018,
    "regression_loss": 0.6117,
    "rm2": 0.6147,
    "rmse": 0.7817,
    "sd": 0.7802,
    "spearman": 0.7977,
    "spectral_loss": 0.0
}
                              
                              
----------------------------------------
Epoch 005 with LR 0.000100: Model Results
----------------------------------------
Train MSE Loss: 0.5236, Train CLS Loss: 0.0000, Train MCLS Loss: 0.0000
Protein Cluster Region Loss - Ortho Loss: 0.0000, Cluster Loss: 0.0000
                              
Validation Results: {
    "ci": 0.8122,
    "classification_loss": 0.0,
    "cluster_loss": 0.0,
    "mae": 0.5581,
    "mse": 0.5849,
    "multiclassification_loss": 0.0,
    "ortho_loss": 0.0,
    "pearson": 0.8038,
    "regression_loss": 0.5861,
    "rm2": 0.6213,
    "rmse": 0.7648,
    "sd": 0.7635,
    "spearman": 0.8092,
    "spectral_loss": 0.0
}
                              
Test Results: {
    "ci": 0.8079,
    "classification_loss": 0.0,
    "cluster_loss": 0.0,
    "mae": 0.5667,
    "mse": 0.597,
    "multiclassification_loss": 0.0,
    "ortho_loss": 0.0,
    "pearson": 0.8066,
    "regression_loss": 0.5974,
    "rm2": 0.6296,
    "rmse": 0.7727,
    "sd": 0.7718,
    "spearman": 0.799,
    "spectral_loss": 0.0
}
                              
                              
----------------------------------------
Epoch 006 with LR 0.000100: Model Results
----------------------------------------
Train MSE Loss: 0.4840, Train CLS Loss: 0.0000, Train MCLS Loss: 0.0000
Protein Cluster Region Loss - Ortho Loss: 0.0000, Cluster Loss: 0.0000
                              
Validation Results: {
    "ci": 0.8135,
    "classification_loss": 0.0,
    "cluster_loss": 0.0,
    "mae": 0.5538,
    "mse": 0.575,
    "multiclassification_loss": 0.0,
    "ortho_loss": 0.0,
    "pearson": 0.8075,
    "regression_loss": 0.5766,
    "rm2": 0.627,
    "rmse": 0.7583,
    "sd": 0.757,
    "spearman": 0.8116,
    "spectral_loss": 0.0
}
                              
Test Results: {
    "ci": 0.8147,
    "classification_loss": 0.0,
    "cluster_loss": 0.0,
    "mae": 0.5521,
    "mse": 0.5689,
    "multiclassification_loss": 0.0,
    "ortho_loss": 0.0,
    "pearson": 0.8171,
    "regression_loss": 0.5689,
    "rm2": 0.6378,
    "rmse": 0.7543,
    "sd": 0.7527,
    "spearman": 0.8106,
    "spectral_loss": 0.0
}
                              
                              
----------------------------------------
Epoch 007 with LR 0.000100: Model Results
----------------------------------------
Train MSE Loss: 0.4501, Train CLS Loss: 0.0000, Train MCLS Loss: 0.0000
Protein Cluster Region Loss - Ortho Loss: 0.0000, Cluster Loss: 0.0000
                              
Validation Results: {
    "ci": 0.8217,
    "classification_loss": 0.0,
    "cluster_loss": 0.0,
    "mae": 0.5256,
    "mse": 0.5389,
    "multiclassification_loss": 0.0,
    "ortho_loss": 0.0,
    "pearson": 0.8219,
    "regression_loss": 0.5382,
    "rm2": 0.6638,
    "rmse": 0.7341,
    "sd": 0.7311,
    "spearman": 0.8247,
    "spectral_loss": 0.0
}
                              
Test Results: {
    "ci": 0.8179,
    "classification_loss": 0.0,
    "cluster_loss": 0.0,
    "mae": 0.5398,
    "mse": 0.5459,
    "multiclassification_loss": 0.0,
    "ortho_loss": 0.0,
    "pearson": 0.826,
    "regression_loss": 0.5465,
    "rm2": 0.672,
    "rmse": 0.7389,
    "sd": 0.7359,
    "spearman": 0.8165,
    "spectral_loss": 0.0
}
                              
                              
----------------------------------------
Epoch 008 with LR 0.000100: Model Results
----------------------------------------
Train MSE Loss: 0.4223, Train CLS Loss: 0.0000, Train MCLS Loss: 0.0000
Protein Cluster Region Loss - Ortho Loss: 0.0000, Cluster Loss: 0.0000
                              
Validation Results: {
    "ci": 0.8238,
    "classification_loss": 0.0,
    "cluster_loss": 0.0,
    "mae": 0.5224,
    "mse": 0.5304,
    "multiclassification_loss": 0.0,
    "ortho_loss": 0.0,
    "pearson": 0.8249,
    "regression_loss": 0.5304,
    "rm2": 0.6735,
    "rmse": 0.7283,
    "sd": 0.7255,
    "spearman": 0.828,
    "spectral_loss": 0.0
}
                              
Test Results: {
    "ci": 0.821,
    "classification_loss": 0.0,
    "cluster_loss": 0.0,
    "mae": 0.5308,
    "mse": 0.526,
    "multiclassification_loss": 0.0,
    "ortho_loss": 0.0,
    "pearson": 0.8327,
    "regression_loss": 0.5264,
    "rm2": 0.6911,
    "rmse": 0.7253,
    "sd": 0.723,
    "spearman": 0.8222,
    "spectral_loss": 0.0
}
                              
                              
----------------------------------------
Epoch 009 with LR 0.000100: Model Results
----------------------------------------
Train MSE Loss: 0.3993, Train CLS Loss: 0.0000, Train MCLS Loss: 0.0000
Protein Cluster Region Loss - Ortho Loss: 0.0000, Cluster Loss: 0.0000
                              
Validation Results: {
    "ci": 0.8225,
    "classification_loss": 0.0,
    "cluster_loss": 0.0,
    "mae": 0.5285,
    "mse": 0.5397,
    "multiclassification_loss": 0.0,
    "ortho_loss": 0.0,
    "pearson": 0.8232,
    "regression_loss": 0.5391,
    "rm2": 0.644,
    "rmse": 0.7346,
    "sd": 0.7287,
    "spearman": 0.8264,
    "spectral_loss": 0.0
}
                              
Test Results: {
    "ci": 0.821,
    "classification_loss": 0.0,
    "cluster_loss": 0.0,
    "mae": 0.5308,
    "mse": 0.526,
    "multiclassification_loss": 0.0,
    "ortho_loss": 0.0,
    "pearson": 0.8327,
    "regression_loss": 0.5264,
    "rm2": 0.6911,
    "rmse": 0.7253,
    "sd": 0.723,
    "spearman": 0.8222,
    "spectral_loss": 0.0
}
                              
                              
----------------------------------------
Epoch 010 with LR 0.000100: Model Results
----------------------------------------
Train MSE Loss: 0.3791, Train CLS Loss: 0.0000, Train MCLS Loss: 0.0000
Protein Cluster Region Loss - Ortho Loss: 0.0000, Cluster Loss: 0.0000
                              
Validation Results: {
    "ci": 0.8277,
    "classification_loss": 0.0,
    "cluster_loss": 0.0,
    "mae": 0.512,
    "mse": 0.5168,
    "multiclassification_loss": 0.0,
    "ortho_loss": 0.0,
    "pearson": 0.8308,
    "regression_loss": 0.5164,
    "rm2": 0.6537,
    "rmse": 0.7189,
    "sd": 0.7142,
    "spearman": 0.8348,
    "spectral_loss": 0.0
}
                              
Test Results: {
    "ci": 0.8255,
    "classification_loss": 0.0,
    "cluster_loss": 0.0,
    "mae": 0.5196,
    "mse": 0.5242,
    "multiclassification_loss": 0.0,
    "ortho_loss": 0.0,
    "pearson": 0.8347,
    "regression_loss": 0.5239,
    "rm2": 0.6578,
    "rmse": 0.724,
    "sd": 0.7191,
    "spearman": 0.827,
    "spectral_loss": 0.0
}
                              
                              
----------------------------------------
Epoch 011 with LR 0.000100: Model Results
----------------------------------------
Train MSE Loss: 0.3637, Train CLS Loss: 0.0000, Train MCLS Loss: 0.0000
Protein Cluster Region Loss - Ortho Loss: 0.0000, Cluster Loss: 0.0000
                              
Validation Results: {
    "ci": 0.8314,
    "classification_loss": 0.0,
    "cluster_loss": 0.0,
    "mae": 0.5084,
    "mse": 0.5068,
    "multiclassification_loss": 0.0,
    "ortho_loss": 0.0,
    "pearson": 0.8364,
    "regression_loss": 0.5062,
    "rm2": 0.662,
    "rmse": 0.7119,
    "sd": 0.7034,
    "spearman": 0.8417,
    "spectral_loss": 0.0
}
                              
Test Results: {
    "ci": 0.8296,
    "classification_loss": 0.0,
    "cluster_loss": 0.0,
    "mae": 0.5091,
    "mse": 0.5038,
    "multiclassification_loss": 0.0,
    "ortho_loss": 0.0,
    "pearson": 0.8431,
    "regression_loss": 0.5043,
    "rm2": 0.6698,
    "rmse": 0.7098,
    "sd": 0.702,
    "spearman": 0.8336,
    "spectral_loss": 0.0
}
                              
                              
----------------------------------------
Epoch 012 with LR 0.000100: Model Results
----------------------------------------
Train MSE Loss: 0.3473, Train CLS Loss: 0.0000, Train MCLS Loss: 0.0000
Protein Cluster Region Loss - Ortho Loss: 0.0000, Cluster Loss: 0.0000
                              
Validation Results: {
    "ci": 0.833,
    "classification_loss": 0.0,
    "cluster_loss": 0.0,
    "mae": 0.5155,
    "mse": 0.5219,
    "multiclassification_loss": 0.0,
    "ortho_loss": 0.0,
    "pearson": 0.8389,
    "regression_loss": 0.5207,
    "rm2": 0.6384,
    "rmse": 0.7225,
    "sd": 0.6986,
    "spearman": 0.8432,
    "spectral_loss": 0.0
}
                              
Test Results: {
    "ci": 0.8296,
    "classification_loss": 0.0,
    "cluster_loss": 0.0,
    "mae": 0.5091,
    "mse": 0.5038,
    "multiclassification_loss": 0.0,
    "ortho_loss": 0.0,
    "pearson": 0.8431,
    "regression_loss": 0.5043,
    "rm2": 0.6698,
    "rmse": 0.7098,
    "sd": 0.702,
    "spearman": 0.8336,
    "spectral_loss": 0.0
}
                              
                              
----------------------------------------
Epoch 013 with LR 0.000100: Model Results
----------------------------------------
Train MSE Loss: 0.3353, Train CLS Loss: 0.0000, Train MCLS Loss: 0.0000
Protein Cluster Region Loss - Ortho Loss: 0.0000, Cluster Loss: 0.0000
                              
Validation Results: {
    "ci": 0.8347,
    "classification_loss": 0.0,
    "cluster_loss": 0.0,
    "mae": 0.4904,
    "mse": 0.4824,
    "multiclassification_loss": 0.0,
    "ortho_loss": 0.0,
    "pearson": 0.8413,
    "regression_loss": 0.4814,
    "rm2": 0.7058,
    "rmse": 0.6946,
    "sd": 0.6937,
    "spearman": 0.8459,
    "spectral_loss": 0.0
}
                              
Test Results: {
    "ci": 0.8344,
    "classification_loss": 0.0,
    "cluster_loss": 0.0,
    "mae": 0.4896,
    "mse": 0.4802,
    "multiclassification_loss": 0.0,
    "ortho_loss": 0.0,
    "pearson": 0.8478,
    "regression_loss": 0.48,
    "rm2": 0.7161,
    "rmse": 0.693,
    "sd": 0.6923,
    "spearman": 0.84,
    "spectral_loss": 0.0
}
                              
                              
----------------------------------------
Epoch 014 with LR 0.000100: Model Results
----------------------------------------
Train MSE Loss: 0.3224, Train CLS Loss: 0.0000, Train MCLS Loss: 0.0000
Protein Cluster Region Loss - Ortho Loss: 0.0000, Cluster Loss: 0.0000
                              
Validation Results: {
    "ci": 0.8355,
    "classification_loss": 0.0,
    "cluster_loss": 0.0,
    "mae": 0.4963,
    "mse": 0.4996,
    "multiclassification_loss": 0.0,
    "ortho_loss": 0.0,
    "pearson": 0.8408,
    "regression_loss": 0.4995,
    "rm2": 0.7058,
    "rmse": 0.7068,
    "sd": 0.6947,
    "spearman": 0.8461,
    "spectral_loss": 0.0
}
                              
Test Results: {
    "ci": 0.8344,
    "classification_loss": 0.0,
    "cluster_loss": 0.0,
    "mae": 0.4896,
    "mse": 0.4802,
    "multiclassification_loss": 0.0,
    "ortho_loss": 0.0,
    "pearson": 0.8478,
    "regression_loss": 0.48,
    "rm2": 0.7161,
    "rmse": 0.693,
    "sd": 0.6923,
    "spearman": 0.84,
    "spectral_loss": 0.0
}
                              
                              
----------------------------------------
Epoch 015 with LR 0.000100: Model Results
----------------------------------------
Train MSE Loss: 0.3138, Train CLS Loss: 0.0000, Train MCLS Loss: 0.0000
Protein Cluster Region Loss - Ortho Loss: 0.0000, Cluster Loss: 0.0000
                              
Validation Results: {
    "ci": 0.8351,
    "classification_loss": 0.0,
    "cluster_loss": 0.0,
    "mae": 0.4871,
    "mse": 0.4855,
    "multiclassification_loss": 0.0,
    "ortho_loss": 0.0,
    "pearson": 0.8411,
    "regression_loss": 0.485,
    "rm2": 0.707,
    "rmse": 0.6968,
    "sd": 0.6941,
    "spearman": 0.845,
    "spectral_loss": 0.0
}
                              
Test Results: {
    "ci": 0.8344,
    "classification_loss": 0.0,
    "cluster_loss": 0.0,
    "mae": 0.4896,
    "mse": 0.4802,
    "multiclassification_loss": 0.0,
    "ortho_loss": 0.0,
    "pearson": 0.8478,
    "regression_loss": 0.48,
    "rm2": 0.7161,
    "rmse": 0.693,
    "sd": 0.6923,
    "spearman": 0.84,
    "spectral_loss": 0.0
}
                              
                              
----------------------------------------
Epoch 016 with LR 0.000100: Model Results
----------------------------------------
Train MSE Loss: 0.3043, Train CLS Loss: 0.0000, Train MCLS Loss: 0.0000
Protein Cluster Region Loss - Ortho Loss: 0.0000, Cluster Loss: 0.0000
                              
Validation Results: {
    "ci": 0.839,
    "classification_loss": 0.0,
    "cluster_loss": 0.0,
    "mae": 0.4891,
    "mse": 0.4856,
    "multiclassification_loss": 0.0,
    "ortho_loss": 0.0,
    "pearson": 0.8468,
    "regression_loss": 0.4852,
    "rm2": 0.6658,
    "rmse": 0.6968,
    "sd": 0.6825,
    "spearman": 0.8525,
    "spectral_loss": 0.0
}
                              
Test Results: {
    "ci": 0.8344,
    "classification_loss": 0.0,
    "cluster_loss": 0.0,
    "mae": 0.4896,
    "mse": 0.4802,
    "multiclassification_loss": 0.0,
    "ortho_loss": 0.0,
    "pearson": 0.8478,
    "regression_loss": 0.48,
    "rm2": 0.7161,
    "rmse": 0.693,
    "sd": 0.6923,
    "spearman": 0.84,
    "spectral_loss": 0.0
}
                              
                              
----------------------------------------
Epoch 017 with LR 0.000100: Model Results
----------------------------------------
Train MSE Loss: 0.2949, Train CLS Loss: 0.0000, Train MCLS Loss: 0.0000
Protein Cluster Region Loss - Ortho Loss: 0.0000, Cluster Loss: 0.0000
                              
Validation Results: {
    "ci": 0.8385,
    "classification_loss": 0.0,
    "cluster_loss": 0.0,
    "mae": 0.4827,
    "mse": 0.4824,
    "multiclassification_loss": 0.0,
    "ortho_loss": 0.0,
    "pearson": 0.8443,
    "regression_loss": 0.4813,
    "rm2": 0.6584,
    "rmse": 0.6945,
    "sd": 0.6878,
    "spearman": 0.8501,
    "spectral_loss": 0.0
}
                              
Test Results: {
    "ci": 0.8361,
    "classification_loss": 0.0,
    "cluster_loss": 0.0,
    "mae": 0.4898,
    "mse": 0.4771,
    "multiclassification_loss": 0.0,
    "ortho_loss": 0.0,
    "pearson": 0.8518,
    "regression_loss": 0.4767,
    "rm2": 0.672,
    "rmse": 0.6907,
    "sd": 0.6839,
    "spearman": 0.8435,
    "spectral_loss": 0.0
}
                              
                              
----------------------------------------
Epoch 018 with LR 0.000100: Model Results
----------------------------------------
Train MSE Loss: 0.2886, Train CLS Loss: 0.0000, Train MCLS Loss: 0.0000
Protein Cluster Region Loss - Ortho Loss: 0.0000, Cluster Loss: 0.0000
                              
Validation Results: {
    "ci": 0.8405,
    "classification_loss": 0.0,
    "cluster_loss": 0.0,
    "mae": 0.4704,
    "mse": 0.462,
    "multiclassification_loss": 0.0,
    "ortho_loss": 0.0,
    "pearson": 0.8488,
    "regression_loss": 0.4612,
    "rm2": 0.7194,
    "rmse": 0.6797,
    "sd": 0.6784,
    "spearman": 0.8533,
    "spectral_loss": 0.0
}
                              
Test Results: {
    "ci": 0.8392,
    "classification_loss": 0.0,
    "cluster_loss": 0.0,
    "mae": 0.4728,
    "mse": 0.4556,
    "multiclassification_loss": 0.0,
    "ortho_loss": 0.0,
    "pearson": 0.8565,
    "regression_loss": 0.4551,
    "rm2": 0.7324,
    "rmse": 0.675,
    "sd": 0.6739,
    "spearman": 0.8477,
    "spectral_loss": 0.0
}
                              
                              
----------------------------------------
Epoch 019 with LR 0.000100: Model Results
----------------------------------------
Train MSE Loss: 0.2809, Train CLS Loss: 0.0000, Train MCLS Loss: 0.0000
Protein Cluster Region Loss - Ortho Loss: 0.0000, Cluster Loss: 0.0000
                              
Validation Results: {
    "ci": 0.8418,
    "classification_loss": 0.0,
    "cluster_loss": 0.0,
    "mae": 0.4747,
    "mse": 0.4673,
    "multiclassification_loss": 0.0,
    "ortho_loss": 0.0,
    "pearson": 0.8508,
    "regression_loss": 0.4658,
    "rm2": 0.7111,
    "rmse": 0.6836,
    "sd": 0.6743,
    "spearman": 0.8564,
    "spectral_loss": 0.0
}
                              
Test Results: {
    "ci": 0.8392,
    "classification_loss": 0.0,
    "cluster_loss": 0.0,
    "mae": 0.4728,
    "mse": 0.4556,
    "multiclassification_loss": 0.0,
    "ortho_loss": 0.0,
    "pearson": 0.8565,
    "regression_loss": 0.4551,
    "rm2": 0.7324,
    "rmse": 0.675,
    "sd": 0.6739,
    "spearman": 0.8477,
    "spectral_loss": 0.0
}
                              
                              
----------------------------------------
Epoch 020 with LR 0.000100: Model Results
----------------------------------------
Train MSE Loss: 0.2760, Train CLS Loss: 0.0000, Train MCLS Loss: 0.0000
Protein Cluster Region Loss - Ortho Loss: 0.0000, Cluster Loss: 0.0000
                              
Validation Results: {
    "ci": 0.8406,
    "classification_loss": 0.0,
    "cluster_loss": 0.0,
    "mae": 0.4796,
    "mse": 0.4802,
    "multiclassification_loss": 0.0,
    "ortho_loss": 0.0,
    "pearson": 0.8473,
    "regression_loss": 0.4796,
    "rm2": 0.6862,
    "rmse": 0.693,
    "sd": 0.6815,
    "spearman": 0.8527,
    "spectral_loss": 0.0
}
                              
Test Results: {
    "ci": 0.8392,
    "classification_loss": 0.0,
    "cluster_loss": 0.0,
    "mae": 0.4728,
    "mse": 0.4556,
    "multiclassification_loss": 0.0,
    "ortho_loss": 0.0,
    "pearson": 0.8565,
    "regression_loss": 0.4551,
    "rm2": 0.7324,
    "rmse": 0.675,
    "sd": 0.6739,
    "spearman": 0.8477,
    "spectral_loss": 0.0
}
                              
                              
----------------------------------------
Epoch 021 with LR 0.000100: Model Results
----------------------------------------
Train MSE Loss: 0.2692, Train CLS Loss: 0.0000, Train MCLS Loss: 0.0000
Protein Cluster Region Loss - Ortho Loss: 0.0000, Cluster Loss: 0.0000
                              
Validation Results: {
    "ci": 0.8427,
    "classification_loss": 0.0,
    "cluster_loss": 0.0,
    "mae": 0.4682,
    "mse": 0.4629,
    "multiclassification_loss": 0.0,
    "ortho_loss": 0.0,
    "pearson": 0.8517,
    "regression_loss": 0.4621,
    "rm2": 0.6941,
    "rmse": 0.6803,
    "sd": 0.6724,
    "spearman": 0.8563,
    "spectral_loss": 0.0
}
                              
Test Results: {
    "ci": 0.8392,
    "classification_loss": 0.0,
    "cluster_loss": 0.0,
    "mae": 0.4728,
    "mse": 0.4556,
    "multiclassification_loss": 0.0,
    "ortho_loss": 0.0,
    "pearson": 0.8565,
    "regression_loss": 0.4551,
    "rm2": 0.7324,
    "rmse": 0.675,
    "sd": 0.6739,
    "spearman": 0.8477,
    "spectral_loss": 0.0
}
                              
                              
----------------------------------------
Epoch 022 with LR 0.000100: Model Results
----------------------------------------
Train MSE Loss: 0.2631, Train CLS Loss: 0.0000, Train MCLS Loss: 0.0000
Protein Cluster Region Loss - Ortho Loss: 0.0000, Cluster Loss: 0.0000
                              
Validation Results: {
    "ci": 0.8441,
    "classification_loss": 0.0,
    "cluster_loss": 0.0,
    "mae": 0.4638,
    "mse": 0.4601,
    "multiclassification_loss": 0.0,
    "ortho_loss": 0.0,
    "pearson": 0.852,
    "regression_loss": 0.459,
    "rm2": 0.7032,
    "rmse": 0.6783,
    "sd": 0.6719,
    "spearman": 0.858,
    "spectral_loss": 0.0
}
                              
Test Results: {
    "ci": 0.8395,
    "classification_loss": 0.0,
    "cluster_loss": 0.0,
    "mae": 0.4714,
    "mse": 0.464,
    "multiclassification_loss": 0.0,
    "ortho_loss": 0.0,
    "pearson": 0.8563,
    "regression_loss": 0.4637,
    "rm2": 0.7128,
    "rmse": 0.6812,
    "sd": 0.6743,
    "spearman": 0.8468,
    "spectral_loss": 0.0
}
                              
                              
----------------------------------------
Epoch 023 with LR 0.000100: Model Results
----------------------------------------
Train MSE Loss: 0.2572, Train CLS Loss: 0.0000, Train MCLS Loss: 0.0000
Protein Cluster Region Loss - Ortho Loss: 0.0000, Cluster Loss: 0.0000
                              
Validation Results: {
    "ci": 0.8434,
    "classification_loss": 0.0,
    "cluster_loss": 0.0,
    "mae": 0.4688,
    "mse": 0.4627,
    "multiclassification_loss": 0.0,
    "ortho_loss": 0.0,
    "pearson": 0.8521,
    "regression_loss": 0.4615,
    "rm2": 0.6905,
    "rmse": 0.6802,
    "sd": 0.6717,
    "spearman": 0.8573,
    "spectral_loss": 0.0
}
                              
Test Results: {
    "ci": 0.8395,
    "classification_loss": 0.0,
    "cluster_loss": 0.0,
    "mae": 0.4714,
    "mse": 0.464,
    "multiclassification_loss": 0.0,
    "ortho_loss": 0.0,
    "pearson": 0.8563,
    "regression_loss": 0.4637,
    "rm2": 0.7128,
    "rmse": 0.6812,
    "sd": 0.6743,
    "spearman": 0.8468,
    "spectral_loss": 0.0
}
                              
                              
----------------------------------------
Epoch 024 with LR 0.000100: Model Results
----------------------------------------
Train MSE Loss: 0.2544, Train CLS Loss: 0.0000, Train MCLS Loss: 0.0000
Protein Cluster Region Loss - Ortho Loss: 0.0000, Cluster Loss: 0.0000
                              
Validation Results: {
    "ci": 0.8454,
    "classification_loss": 0.0,
    "cluster_loss": 0.0,
    "mae": 0.4587,
    "mse": 0.4514,
    "multiclassification_loss": 0.0,
    "ortho_loss": 0.0,
    "pearson": 0.854,
    "regression_loss": 0.4507,
    "rm2": 0.7163,
    "rmse": 0.6719,
    "sd": 0.6677,
    "spearman": 0.8604,
    "spectral_loss": 0.0
}
                              
Test Results: {
    "ci": 0.843,
    "classification_loss": 0.0,
    "cluster_loss": 0.0,
    "mae": 0.4598,
    "mse": 0.4443,
    "multiclassification_loss": 0.0,
    "ortho_loss": 0.0,
    "pearson": 0.8611,
    "regression_loss": 0.4438,
    "rm2": 0.7302,
    "rmse": 0.6665,
    "sd": 0.6638,
    "spearman": 0.8526,
    "spectral_loss": 0.0
}
                              
                              
----------------------------------------
Epoch 025 with LR 0.000100: Model Results
----------------------------------------
Train MSE Loss: 0.2490, Train CLS Loss: 0.0000, Train MCLS Loss: 0.0000
Protein Cluster Region Loss - Ortho Loss: 0.0000, Cluster Loss: 0.0000
                              
Validation Results: {
    "ci": 0.8452,
    "classification_loss": 0.0,
    "cluster_loss": 0.0,
    "mae": 0.4574,
    "mse": 0.4541,
    "multiclassification_loss": 0.0,
    "ortho_loss": 0.0,
    "pearson": 0.8532,
    "regression_loss": 0.4531,
    "rm2": 0.7279,
    "rmse": 0.6739,
    "sd": 0.6693,
    "spearman": 0.8597,
    "spectral_loss": 0.0
}
                              
Test Results: {
    "ci": 0.843,
    "classification_loss": 0.0,
    "cluster_loss": 0.0,
    "mae": 0.4598,
    "mse": 0.4443,
    "multiclassification_loss": 0.0,
    "ortho_loss": 0.0,
    "pearson": 0.8611,
    "regression_loss": 0.4438,
    "rm2": 0.7302,
    "rmse": 0.6665,
    "sd": 0.6638,
    "spearman": 0.8526,
    "spectral_loss": 0.0
}
                              
                              
----------------------------------------
Epoch 026 with LR 0.000100: Model Results
----------------------------------------
Train MSE Loss: 0.2453, Train CLS Loss: 0.0000, Train MCLS Loss: 0.0000
Protein Cluster Region Loss - Ortho Loss: 0.0000, Cluster Loss: 0.0000
                              
Validation Results: {
    "ci": 0.8453,
    "classification_loss": 0.0,
    "cluster_loss": 0.0,
    "mae": 0.4584,
    "mse": 0.4463,
    "multiclassification_loss": 0.0,
    "ortho_loss": 0.0,
    "pearson": 0.8566,
    "regression_loss": 0.4457,
    "rm2": 0.7208,
    "rmse": 0.668,
    "sd": 0.6622,
    "spearman": 0.861,
    "spectral_loss": 0.0
}
                              
Test Results: {
    "ci": 0.844,
    "classification_loss": 0.0,
    "cluster_loss": 0.0,
    "mae": 0.4605,
    "mse": 0.4501,
    "multiclassification_loss": 0.0,
    "ortho_loss": 0.0,
    "pearson": 0.8604,
    "regression_loss": 0.4496,
    "rm2": 0.7251,
    "rmse": 0.6709,
    "sd": 0.6654,
    "spearman": 0.8543,
    "spectral_loss": 0.0
}
                              
                              
----------------------------------------
Epoch 027 with LR 0.000100: Model Results
----------------------------------------
Train MSE Loss: 0.2410, Train CLS Loss: 0.0000, Train MCLS Loss: 0.0000
Protein Cluster Region Loss - Ortho Loss: 0.0000, Cluster Loss: 0.0000
                              
Validation Results: {
    "ci": 0.8468,
    "classification_loss": 0.0,
    "cluster_loss": 0.0,
    "mae": 0.459,
    "mse": 0.4456,
    "multiclassification_loss": 0.0,
    "ortho_loss": 0.0,
    "pearson": 0.856,
    "regression_loss": 0.445,
    "rm2": 0.6966,
    "rmse": 0.6676,
    "sd": 0.6635,
    "spearman": 0.8635,
    "spectral_loss": 0.0
}
                              
Test Results: {
    "ci": 0.8459,
    "classification_loss": 0.0,
    "cluster_loss": 0.0,
    "mae": 0.455,
    "mse": 0.4356,
    "multiclassification_loss": 0.0,
    "ortho_loss": 0.0,
    "pearson": 0.864,
    "regression_loss": 0.4351,
    "rm2": 0.7172,
    "rmse": 0.66,
    "sd": 0.6574,
    "spearman": 0.8585,
    "spectral_loss": 0.0
}
                              
                              
----------------------------------------
Epoch 028 with LR 0.000100: Model Results
----------------------------------------
Train MSE Loss: 0.2380, Train CLS Loss: 0.0000, Train MCLS Loss: 0.0000
Protein Cluster Region Loss - Ortho Loss: 0.0000, Cluster Loss: 0.0000
                              
Validation Results: {
    "ci": 0.8451,
    "classification_loss": 0.0,
    "cluster_loss": 0.0,
    "mae": 0.457,
    "mse": 0.4508,
    "multiclassification_loss": 0.0,
    "ortho_loss": 0.0,
    "pearson": 0.8544,
    "regression_loss": 0.4498,
    "rm2": 0.7188,
    "rmse": 0.6714,
    "sd": 0.6669,
    "spearman": 0.8597,
    "spectral_loss": 0.0
}
                              
Test Results: {
    "ci": 0.8459,
    "classification_loss": 0.0,
    "cluster_loss": 0.0,
    "mae": 0.455,
    "mse": 0.4356,
    "multiclassification_loss": 0.0,
    "ortho_loss": 0.0,
    "pearson": 0.864,
    "regression_loss": 0.4351,
    "rm2": 0.7172,
    "rmse": 0.66,
    "sd": 0.6574,
    "spearman": 0.8585,
    "spectral_loss": 0.0
}
                              
                              
----------------------------------------
Epoch 029 with LR 0.000100: Model Results
----------------------------------------
Train MSE Loss: 0.2336, Train CLS Loss: 0.0000, Train MCLS Loss: 0.0000
Protein Cluster Region Loss - Ortho Loss: 0.0000, Cluster Loss: 0.0000
                              
Validation Results: {
    "ci": 0.8492,
    "classification_loss": 0.0,
    "cluster_loss": 0.0,
    "mae": 0.4474,
    "mse": 0.4342,
    "multiclassification_loss": 0.0,
    "ortho_loss": 0.0,
    "pearson": 0.8603,
    "regression_loss": 0.4331,
    "rm2": 0.7064,
    "rmse": 0.6589,
    "sd": 0.6543,
    "spearman": 0.866,
    "spectral_loss": 0.0
}
                              
Test Results: {
    "ci": 0.8472,
    "classification_loss": 0.0,
    "cluster_loss": 0.0,
    "mae": 0.4497,
    "mse": 0.4309,
    "multiclassification_loss": 0.0,
    "ortho_loss": 0.0,
    "pearson": 0.8658,
    "regression_loss": 0.4303,
    "rm2": 0.723,
    "rmse": 0.6564,
    "sd": 0.6532,
    "spearman": 0.8587,
    "spectral_loss": 0.0
}
                              
                              
----------------------------------------
Epoch 030 with LR 0.000100: Model Results
----------------------------------------
Train MSE Loss: 0.2313, Train CLS Loss: 0.0000, Train MCLS Loss: 0.0000
Protein Cluster Region Loss - Ortho Loss: 0.0000, Cluster Loss: 0.0000
                              
Validation Results: {
    "ci": 0.8471,
    "classification_loss": 0.0,
    "cluster_loss": 0.0,
    "mae": 0.4507,
    "mse": 0.447,
    "multiclassification_loss": 0.0,
    "ortho_loss": 0.0,
    "pearson": 0.8555,
    "regression_loss": 0.4458,
    "rm2": 0.7077,
    "rmse": 0.6686,
    "sd": 0.6645,
    "spearman": 0.8622,
    "spectral_loss": 0.0
}
                              
Test Results: {
    "ci": 0.8472,
    "classification_loss": 0.0,
    "cluster_loss": 0.0,
    "mae": 0.4497,
    "mse": 0.4309,
    "multiclassification_loss": 0.0,
    "ortho_loss": 0.0,
    "pearson": 0.8658,
    "regression_loss": 0.4303,
    "rm2": 0.723,
    "rmse": 0.6564,
    "sd": 0.6532,
    "spearman": 0.8587,
    "spectral_loss": 0.0
}
                              
                              
----------------------------------------
Epoch 031 with LR 0.000100: Model Results
----------------------------------------
Train MSE Loss: 0.2279, Train CLS Loss: 0.0000, Train MCLS Loss: 0.0000
Protein Cluster Region Loss - Ortho Loss: 0.0000, Cluster Loss: 0.0000
                              
Validation Results: {
    "ci": 0.8479,
    "classification_loss": 0.0,
    "cluster_loss": 0.0,
    "mae": 0.4504,
    "mse": 0.4463,
    "multiclassification_loss": 0.0,
    "ortho_loss": 0.0,
    "pearson": 0.8573,
    "regression_loss": 0.4453,
    "rm2": 0.7296,
    "rmse": 0.6681,
    "sd": 0.6607,
    "spearman": 0.8628,
    "spectral_loss": 0.0
}
                              
Test Results: {
    "ci": 0.8472,
    "classification_loss": 0.0,
    "cluster_loss": 0.0,
    "mae": 0.4497,
    "mse": 0.4309,
    "multiclassification_loss": 0.0,
    "ortho_loss": 0.0,
    "pearson": 0.8658,
    "regression_loss": 0.4303,
    "rm2": 0.723,
    "rmse": 0.6564,
    "sd": 0.6532,
    "spearman": 0.8587,
    "spectral_loss": 0.0
}
                              
                              
----------------------------------------
Epoch 032 with LR 0.000100: Model Results
----------------------------------------
Train MSE Loss: 0.2244, Train CLS Loss: 0.0000, Train MCLS Loss: 0.0000
Protein Cluster Region Loss - Ortho Loss: 0.0000, Cluster Loss: 0.0000
                              
Validation Results: {
    "ci": 0.8479,
    "classification_loss": 0.0,
    "cluster_loss": 0.0,
    "mae": 0.45,
    "mse": 0.4411,
    "multiclassification_loss": 0.0,
    "ortho_loss": 0.0,
    "pearson": 0.8576,
    "regression_loss": 0.4399,
    "rm2": 0.6935,
    "rmse": 0.6641,
    "sd": 0.6601,
    "spearman": 0.8626,
    "spectral_loss": 0.0
}
                              
Test Results: {
    "ci": 0.8472,
    "classification_loss": 0.0,
    "cluster_loss": 0.0,
    "mae": 0.4497,
    "mse": 0.4309,
    "multiclassification_loss": 0.0,
    "ortho_loss": 0.0,
    "pearson": 0.8658,
    "regression_loss": 0.4303,
    "rm2": 0.723,
    "rmse": 0.6564,
    "sd": 0.6532,
    "spearman": 0.8587,
    "spectral_loss": 0.0
}
                              
                              
----------------------------------------
Epoch 033 with LR 0.000100: Model Results
----------------------------------------
Train MSE Loss: 0.2224, Train CLS Loss: 0.0000, Train MCLS Loss: 0.0000
Protein Cluster Region Loss - Ortho Loss: 0.0000, Cluster Loss: 0.0000
                              
Validation Results: {
    "ci": 0.8484,
    "classification_loss": 0.0,
    "cluster_loss": 0.0,
    "mae": 0.4503,
    "mse": 0.4401,
    "multiclassification_loss": 0.0,
    "ortho_loss": 0.0,
    "pearson": 0.8583,
    "regression_loss": 0.4389,
    "rm2": 0.7095,
    "rmse": 0.6634,
    "sd": 0.6584,
    "spearman": 0.8646,
    "spectral_loss": 0.0
}
                              
Test Results: {
    "ci": 0.8472,
    "classification_loss": 0.0,
    "cluster_loss": 0.0,
    "mae": 0.4497,
    "mse": 0.4309,
    "multiclassification_loss": 0.0,
    "ortho_loss": 0.0,
    "pearson": 0.8658,
    "regression_loss": 0.4303,
    "rm2": 0.723,
    "rmse": 0.6564,
    "sd": 0.6532,
    "spearman": 0.8587,
    "spectral_loss": 0.0
}
                              
                              
----------------------------------------
Epoch 034 with LR 0.000100: Model Results
----------------------------------------
Train MSE Loss: 0.2190, Train CLS Loss: 0.0000, Train MCLS Loss: 0.0000
Protein Cluster Region Loss - Ortho Loss: 0.0000, Cluster Loss: 0.0000
                              
Validation Results: {
    "ci": 0.8483,
    "classification_loss": 0.0,
    "cluster_loss": 0.0,
    "mae": 0.4489,
    "mse": 0.443,
    "multiclassification_loss": 0.0,
    "ortho_loss": 0.0,
    "pearson": 0.8581,
    "regression_loss": 0.4417,
    "rm2": 0.7294,
    "rmse": 0.6656,
    "sd": 0.659,
    "spearman": 0.8634,
    "spectral_loss": 0.0
}
                              
Test Results: {
    "ci": 0.8472,
    "classification_loss": 0.0,
    "cluster_loss": 0.0,
    "mae": 0.4497,
    "mse": 0.4309,
    "multiclassification_loss": 0.0,
    "ortho_loss": 0.0,
    "pearson": 0.8658,
    "regression_loss": 0.4303,
    "rm2": 0.723,
    "rmse": 0.6564,
    "sd": 0.6532,
    "spearman": 0.8587,
    "spectral_loss": 0.0
}
                              
                              
----------------------------------------
Epoch 035 with LR 0.000100: Model Results
----------------------------------------
Train MSE Loss: 0.2167, Train CLS Loss: 0.0000, Train MCLS Loss: 0.0000
Protein Cluster Region Loss - Ortho Loss: 0.0000, Cluster Loss: 0.0000
                              
Validation Results: {
    "ci": 0.8491,
    "classification_loss": 0.0,
    "cluster_loss": 0.0,
    "mae": 0.4421,
    "mse": 0.4376,
    "multiclassification_loss": 0.0,
    "ortho_loss": 0.0,
    "pearson": 0.858,
    "regression_loss": 0.4365,
    "rm2": 0.7226,
    "rmse": 0.6615,
    "sd": 0.6592,
    "spearman": 0.8642,
    "spectral_loss": 0.0
}
                              
Test Results: {
    "ci": 0.8472,
    "classification_loss": 0.0,
    "cluster_loss": 0.0,
    "mae": 0.4497,
    "mse": 0.4309,
    "multiclassification_loss": 0.0,
    "ortho_loss": 0.0,
    "pearson": 0.8658,
    "regression_loss": 0.4303,
    "rm2": 0.723,
    "rmse": 0.6564,
    "sd": 0.6532,
    "spearman": 0.8587,
    "spectral_loss": 0.0
}
                              
                              
----------------------------------------
Epoch 036 with LR 0.000100: Model Results
----------------------------------------
Train MSE Loss: 0.2144, Train CLS Loss: 0.0000, Train MCLS Loss: 0.0000
Protein Cluster Region Loss - Ortho Loss: 0.0000, Cluster Loss: 0.0000
                              
Validation Results: {
    "ci": 0.85,
    "classification_loss": 0.0,
    "cluster_loss": 0.0,
    "mae": 0.4466,
    "mse": 0.4469,
    "multiclassification_loss": 0.0,
    "ortho_loss": 0.0,
    "pearson": 0.8589,
    "regression_loss": 0.4455,
    "rm2": 0.7229,
    "rmse": 0.6685,
    "sd": 0.6573,
    "spearman": 0.866,
    "spectral_loss": 0.0
}
                              
Test Results: {
    "ci": 0.8472,
    "classification_loss": 0.0,
    "cluster_loss": 0.0,
    "mae": 0.4497,
    "mse": 0.4309,
    "multiclassification_loss": 0.0,
    "ortho_loss": 0.0,
    "pearson": 0.8658,
    "regression_loss": 0.4303,
    "rm2": 0.723,
    "rmse": 0.6564,
    "sd": 0.6532,
    "spearman": 0.8587,
    "spectral_loss": 0.0
}
                              
                              
----------------------------------------
Epoch 037 with LR 0.000100: Model Results
----------------------------------------
Train MSE Loss: 0.2119, Train CLS Loss: 0.0000, Train MCLS Loss: 0.0000
Protein Cluster Region Loss - Ortho Loss: 0.0000, Cluster Loss: 0.0000
                              
Validation Results: {
    "ci": 0.8514,
    "classification_loss": 0.0,
    "cluster_loss": 0.0,
    "mae": 0.4382,
    "mse": 0.4263,
    "multiclassification_loss": 0.0,
    "ortho_loss": 0.0,
    "pearson": 0.8626,
    "regression_loss": 0.4253,
    "rm2": 0.7323,
    "rmse": 0.6529,
    "sd": 0.6492,
    "spearman": 0.8688,
    "spectral_loss": 0.0
}
                              
Test Results: {
    "ci": 0.8504,
    "classification_loss": 0.0,
    "cluster_loss": 0.0,
    "mae": 0.4364,
    "mse": 0.4224,
    "multiclassification_loss": 0.0,
    "ortho_loss": 0.0,
    "pearson": 0.8687,
    "regression_loss": 0.4219,
    "rm2": 0.7446,
    "rmse": 0.65,
    "sd": 0.6466,
    "spearman": 0.8628,
    "spectral_loss": 0.0
}
                              
                              
----------------------------------------
Epoch 038 with LR 0.000100: Model Results
----------------------------------------
Train MSE Loss: 0.2094, Train CLS Loss: 0.0000, Train MCLS Loss: 0.0000
Protein Cluster Region Loss - Ortho Loss: 0.0000, Cluster Loss: 0.0000
                              
Validation Results: {
    "ci": 0.85,
    "classification_loss": 0.0,
    "cluster_loss": 0.0,
    "mae": 0.4396,
    "mse": 0.4311,
    "multiclassification_loss": 0.0,
    "ortho_loss": 0.0,
    "pearson": 0.8602,
    "regression_loss": 0.4303,
    "rm2": 0.7361,
    "rmse": 0.6566,
    "sd": 0.6544,
    "spearman": 0.8663,
    "spectral_loss": 0.0
}
                              
Test Results: {
    "ci": 0.8504,
    "classification_loss": 0.0,
    "cluster_loss": 0.0,
    "mae": 0.4364,
    "mse": 0.4224,
    "multiclassification_loss": 0.0,
    "ortho_loss": 0.0,
    "pearson": 0.8687,
    "regression_loss": 0.4219,
    "rm2": 0.7446,
    "rmse": 0.65,
    "sd": 0.6466,
    "spearman": 0.8628,
    "spectral_loss": 0.0
}
                              
                              
----------------------------------------
Epoch 039 with LR 0.000100: Model Results
----------------------------------------
Train MSE Loss: 0.2068, Train CLS Loss: 0.0000, Train MCLS Loss: 0.0000
Protein Cluster Region Loss - Ortho Loss: 0.0000, Cluster Loss: 0.0000
                              
Validation Results: {
    "ci": 0.8516,
    "classification_loss": 0.0,
    "cluster_loss": 0.0,
    "mae": 0.4407,
    "mse": 0.4299,
    "multiclassification_loss": 0.0,
    "ortho_loss": 0.0,
    "pearson": 0.8617,
    "regression_loss": 0.4287,
    "rm2": 0.7418,
    "rmse": 0.6557,
    "sd": 0.6511,
    "spearman": 0.8692,
    "spectral_loss": 0.0
}
                              
Test Results: {
    "ci": 0.8504,
    "classification_loss": 0.0,
    "cluster_loss": 0.0,
    "mae": 0.4364,
    "mse": 0.4224,
    "multiclassification_loss": 0.0,
    "ortho_loss": 0.0,
    "pearson": 0.8687,
    "regression_loss": 0.4219,
    "rm2": 0.7446,
    "rmse": 0.65,
    "sd": 0.6466,
    "spearman": 0.8628,
    "spectral_loss": 0.0
}
                              
                              
----------------------------------------
Epoch 040 with LR 0.000100: Model Results
----------------------------------------
Train MSE Loss: 0.2048, Train CLS Loss: 0.0000, Train MCLS Loss: 0.0000
Protein Cluster Region Loss - Ortho Loss: 0.0000, Cluster Loss: 0.0000
                              
Validation Results: {
    "ci": 0.8495,
    "classification_loss": 0.0,
    "cluster_loss": 0.0,
    "mae": 0.4424,
    "mse": 0.4353,
    "multiclassification_loss": 0.0,
    "ortho_loss": 0.0,
    "pearson": 0.8592,
    "regression_loss": 0.4342,
    "rm2": 0.7284,
    "rmse": 0.6598,
    "sd": 0.6565,
    "spearman": 0.8653,
    "spectral_loss": 0.0
}
                              
Test Results: {
    "ci": 0.8504,
    "classification_loss": 0.0,
    "cluster_loss": 0.0,
    "mae": 0.4364,
    "mse": 0.4224,
    "multiclassification_loss": 0.0,
    "ortho_loss": 0.0,
    "pearson": 0.8687,
    "regression_loss": 0.4219,
    "rm2": 0.7446,
    "rmse": 0.65,
    "sd": 0.6466,
    "spearman": 0.8628,
    "spectral_loss": 0.0
}
                              
                              
----------------------------------------
Epoch 041 with LR 0.000100: Model Results
----------------------------------------
Train MSE Loss: 0.2026, Train CLS Loss: 0.0000, Train MCLS Loss: 0.0000
Protein Cluster Region Loss - Ortho Loss: 0.0000, Cluster Loss: 0.0000
                              
Validation Results: {
    "ci": 0.8523,
    "classification_loss": 0.0,
    "cluster_loss": 0.0,
    "mae": 0.438,
    "mse": 0.4341,
    "multiclassification_loss": 0.0,
    "ortho_loss": 0.0,
    "pearson": 0.862,
    "regression_loss": 0.4329,
    "rm2": 0.7171,
    "rmse": 0.6589,
    "sd": 0.6506,
    "spearman": 0.8696,
    "spectral_loss": 0.0
}
                              
Test Results: {
    "ci": 0.8504,
    "classification_loss": 0.0,
    "cluster_loss": 0.0,
    "mae": 0.4364,
    "mse": 0.4224,
    "multiclassification_loss": 0.0,
    "ortho_loss": 0.0,
    "pearson": 0.8687,
    "regression_loss": 0.4219,
    "rm2": 0.7446,
    "rmse": 0.65,
    "sd": 0.6466,
    "spearman": 0.8628,
    "spectral_loss": 0.0
}
                              
                              
----------------------------------------
Epoch 042 with LR 0.000100: Model Results
----------------------------------------
Train MSE Loss: 0.2017, Train CLS Loss: 0.0000, Train MCLS Loss: 0.0000
Protein Cluster Region Loss - Ortho Loss: 0.0000, Cluster Loss: 0.0000
                              
Validation Results: {
    "ci": 0.8534,
    "classification_loss": 0.0,
    "cluster_loss": 0.0,
    "mae": 0.4291,
    "mse": 0.422,
    "multiclassification_loss": 0.0,
    "ortho_loss": 0.0,
    "pearson": 0.8636,
    "regression_loss": 0.4206,
    "rm2": 0.7371,
    "rmse": 0.6496,
    "sd": 0.647,
    "spearman": 0.8701,
    "spectral_loss": 0.0
}
                              
Test Results: {
    "ci": 0.8496,
    "classification_loss": 0.0,
    "cluster_loss": 0.0,
    "mae": 0.4401,
    "mse": 0.4272,
    "multiclassification_loss": 0.0,
    "ortho_loss": 0.0,
    "pearson": 0.8672,
    "regression_loss": 0.4266,
    "rm2": 0.7477,
    "rmse": 0.6536,
    "sd": 0.6501,
    "spearman": 0.8607,
    "spectral_loss": 0.0
}
                              
                              
----------------------------------------
Epoch 043 with LR 0.000100: Model Results
----------------------------------------
Train MSE Loss: 0.1997, Train CLS Loss: 0.0000, Train MCLS Loss: 0.0000
Protein Cluster Region Loss - Ortho Loss: 0.0000, Cluster Loss: 0.0000
                              
Validation Results: {
    "ci": 0.8507,
    "classification_loss": 0.0,
    "cluster_loss": 0.0,
    "mae": 0.4369,
    "mse": 0.4295,
    "multiclassification_loss": 0.0,
    "ortho_loss": 0.0,
    "pearson": 0.8611,
    "regression_loss": 0.4279,
    "rm2": 0.737,
    "rmse": 0.6553,
    "sd": 0.6526,
    "spearman": 0.8668,
    "spectral_loss": 0.0
}
                              
Test Results: {
    "ci": 0.8496,
    "classification_loss": 0.0,
    "cluster_loss": 0.0,
    "mae": 0.4401,
    "mse": 0.4272,
    "multiclassification_loss": 0.0,
    "ortho_loss": 0.0,
    "pearson": 0.8672,
    "regression_loss": 0.4266,
    "rm2": 0.7477,
    "rmse": 0.6536,
    "sd": 0.6501,
    "spearman": 0.8607,
    "spectral_loss": 0.0
}
                              
                              
----------------------------------------
Epoch 044 with LR 0.000100: Model Results
----------------------------------------
Train MSE Loss: 0.1972, Train CLS Loss: 0.0000, Train MCLS Loss: 0.0000
Protein Cluster Region Loss - Ortho Loss: 0.0000, Cluster Loss: 0.0000
                              
Validation Results: {
    "ci": 0.853,
    "classification_loss": 0.0,
    "cluster_loss": 0.0,
    "mae": 0.4321,
    "mse": 0.4207,
    "multiclassification_loss": 0.0,
    "ortho_loss": 0.0,
    "pearson": 0.8645,
    "regression_loss": 0.4192,
    "rm2": 0.7381,
    "rmse": 0.6486,
    "sd": 0.645,
    "spearman": 0.8703,
    "spectral_loss": 0.0
}
                              
Test Results: {
    "ci": 0.8496,
    "classification_loss": 0.0,
    "cluster_loss": 0.0,
    "mae": 0.4415,
    "mse": 0.4272,
    "multiclassification_loss": 0.0,
    "ortho_loss": 0.0,
    "pearson": 0.8671,
    "regression_loss": 0.4265,
    "rm2": 0.7377,
    "rmse": 0.6536,
    "sd": 0.6503,
    "spearman": 0.8609,
    "spectral_loss": 0.0
}
                              
                              
----------------------------------------
Epoch 045 with LR 0.000100: Model Results
----------------------------------------
Train MSE Loss: 0.1960, Train CLS Loss: 0.0000, Train MCLS Loss: 0.0000
Protein Cluster Region Loss - Ortho Loss: 0.0000, Cluster Loss: 0.0000
                              
Validation Results: {
    "ci": 0.8519,
    "classification_loss": 0.0,
    "cluster_loss": 0.0,
    "mae": 0.4359,
    "mse": 0.4291,
    "multiclassification_loss": 0.0,
    "ortho_loss": 0.0,
    "pearson": 0.8621,
    "regression_loss": 0.4279,
    "rm2": 0.7128,
    "rmse": 0.655,
    "sd": 0.6502,
    "spearman": 0.8682,
    "spectral_loss": 0.0
}
                              
Test Results: {
    "ci": 0.8496,
    "classification_loss": 0.0,
    "cluster_loss": 0.0,
    "mae": 0.4415,
    "mse": 0.4272,
    "multiclassification_loss": 0.0,
    "ortho_loss": 0.0,
    "pearson": 0.8671,
    "regression_loss": 0.4265,
    "rm2": 0.7377,
    "rmse": 0.6536,
    "sd": 0.6503,
    "spearman": 0.8609,
    "spectral_loss": 0.0
}
                              
                              
----------------------------------------
Epoch 046 with LR 0.000100: Model Results
----------------------------------------
Train MSE Loss: 0.1941, Train CLS Loss: 0.0000, Train MCLS Loss: 0.0000
Protein Cluster Region Loss - Ortho Loss: 0.0000, Cluster Loss: 0.0000
                              
Validation Results: {
    "ci": 0.8542,
    "classification_loss": 0.0,
    "cluster_loss": 0.0,
    "mae": 0.4296,
    "mse": 0.42,
    "multiclassification_loss": 0.0,
    "ortho_loss": 0.0,
    "pearson": 0.8657,
    "regression_loss": 0.4186,
    "rm2": 0.7417,
    "rmse": 0.648,
    "sd": 0.6425,
    "spearman": 0.872,
    "spectral_loss": 0.0
}
                              
Test Results: {
    "ci": 0.852,
    "classification_loss": 0.0,
    "cluster_loss": 0.0,
    "mae": 0.4362,
    "mse": 0.4239,
    "multiclassification_loss": 0.0,
    "ortho_loss": 0.0,
    "pearson": 0.8693,
    "regression_loss": 0.4232,
    "rm2": 0.7421,
    "rmse": 0.6511,
    "sd": 0.6454,
    "spearman": 0.864,
    "spectral_loss": 0.0
}
                              
                              
----------------------------------------
Epoch 047 with LR 0.000100: Model Results
----------------------------------------
Train MSE Loss: 0.1929, Train CLS Loss: 0.0000, Train MCLS Loss: 0.0000
Protein Cluster Region Loss - Ortho Loss: 0.0000, Cluster Loss: 0.0000
                              
Validation Results: {
    "ci": 0.8531,
    "classification_loss": 0.0,
    "cluster_loss": 0.0,
    "mae": 0.4336,
    "mse": 0.4274,
    "multiclassification_loss": 0.0,
    "ortho_loss": 0.0,
    "pearson": 0.8615,
    "regression_loss": 0.426,
    "rm2": 0.7225,
    "rmse": 0.6538,
    "sd": 0.6515,
    "spearman": 0.8698,
    "spectral_loss": 0.0
}
                              
Test Results: {
    "ci": 0.852,
    "classification_loss": 0.0,
    "cluster_loss": 0.0,
    "mae": 0.4362,
    "mse": 0.4239,
    "multiclassification_loss": 0.0,
    "ortho_loss": 0.0,
    "pearson": 0.8693,
    "regression_loss": 0.4232,
    "rm2": 0.7421,
    "rmse": 0.6511,
    "sd": 0.6454,
    "spearman": 0.864,
    "spectral_loss": 0.0
}
                              
                              
----------------------------------------
Epoch 048 with LR 0.000100: Model Results
----------------------------------------
Train MSE Loss: 0.1906, Train CLS Loss: 0.0000, Train MCLS Loss: 0.0000
Protein Cluster Region Loss - Ortho Loss: 0.0000, Cluster Loss: 0.0000
                              
Validation Results: {
    "ci": 0.8537,
    "classification_loss": 0.0,
    "cluster_loss": 0.0,
    "mae": 0.4273,
    "mse": 0.4212,
    "multiclassification_loss": 0.0,
    "ortho_loss": 0.0,
    "pearson": 0.8635,
    "regression_loss": 0.4198,
    "rm2": 0.7383,
    "rmse": 0.649,
    "sd": 0.6471,
    "spearman": 0.8701,
    "spectral_loss": 0.0
}
                              
Test Results: {
    "ci": 0.852,
    "classification_loss": 0.0,
    "cluster_loss": 0.0,
    "mae": 0.4362,
    "mse": 0.4239,
    "multiclassification_loss": 0.0,
    "ortho_loss": 0.0,
    "pearson": 0.8693,
    "regression_loss": 0.4232,
    "rm2": 0.7421,
    "rmse": 0.6511,
    "sd": 0.6454,
    "spearman": 0.864,
    "spectral_loss": 0.0
}
                              
                              
----------------------------------------
Epoch 049 with LR 0.000100: Model Results
----------------------------------------
Train MSE Loss: 0.1894, Train CLS Loss: 0.0000, Train MCLS Loss: 0.0000
Protein Cluster Region Loss - Ortho Loss: 0.0000, Cluster Loss: 0.0000
                              
Validation Results: {
    "ci": 0.8531,
    "classification_loss": 0.0,
    "cluster_loss": 0.0,
    "mae": 0.431,
    "mse": 0.4245,
    "multiclassification_loss": 0.0,
    "ortho_loss": 0.0,
    "pearson": 0.8643,
    "regression_loss": 0.4231,
    "rm2": 0.746,
    "rmse": 0.6515,
    "sd": 0.6454,
    "spearman": 0.8705,
    "spectral_loss": 0.0
}
                              
Test Results: {
    "ci": 0.852,
    "classification_loss": 0.0,
    "cluster_loss": 0.0,
    "mae": 0.4362,
    "mse": 0.4239,
    "multiclassification_loss": 0.0,
    "ortho_loss": 0.0,
    "pearson": 0.8693,
    "regression_loss": 0.4232,
    "rm2": 0.7421,
    "rmse": 0.6511,
    "sd": 0.6454,
    "spearman": 0.864,
    "spectral_loss": 0.0
}
                              
                              
----------------------------------------
Epoch 050 with LR 0.000100: Model Results
----------------------------------------
Train MSE Loss: 0.1881, Train CLS Loss: 0.0000, Train MCLS Loss: 0.0000
Protein Cluster Region Loss - Ortho Loss: 0.0000, Cluster Loss: 0.0000
                              
Validation Results: {
    "ci": 0.8524,
    "classification_loss": 0.0,
    "cluster_loss": 0.0,
    "mae": 0.4342,
    "mse": 0.4273,
    "multiclassification_loss": 0.0,
    "ortho_loss": 0.0,
    "pearson": 0.8638,
    "regression_loss": 0.4258,
    "rm2": 0.727,
    "rmse": 0.6537,
    "sd": 0.6466,
    "spearman": 0.87,
    "spectral_loss": 0.0
}
                              
Test Results: {
    "ci": 0.852,
    "classification_loss": 0.0,
    "cluster_loss": 0.0,
    "mae": 0.4362,
    "mse": 0.4239,
    "multiclassification_loss": 0.0,
    "ortho_loss": 0.0,
    "pearson": 0.8693,
    "regression_loss": 0.4232,
    "rm2": 0.7421,
    "rmse": 0.6511,
    "sd": 0.6454,
    "spearman": 0.864,
    "spectral_loss": 0.0
}
                              
                              
----------------------------------------
Epoch 051 with LR 0.000100: Model Results
----------------------------------------
Train MSE Loss: 0.1863, Train CLS Loss: 0.0000, Train MCLS Loss: 0.0000
Protein Cluster Region Loss - Ortho Loss: 0.0000, Cluster Loss: 0.0000
                              
Validation Results: {
    "ci": 0.8525,
    "classification_loss": 0.0,
    "cluster_loss": 0.0,
    "mae": 0.4314,
    "mse": 0.4231,
    "multiclassification_loss": 0.0,
    "ortho_loss": 0.0,
    "pearson": 0.8638,
    "regression_loss": 0.4217,
    "rm2": 0.738,
    "rmse": 0.6504,
    "sd": 0.6465,
    "spearman": 0.8697,
    "spectral_loss": 0.0
}
                              
Test Results: {
    "ci": 0.852,
    "classification_loss": 0.0,
    "cluster_loss": 0.0,
    "mae": 0.4362,
    "mse": 0.4239,
    "multiclassification_loss": 0.0,
    "ortho_loss": 0.0,
    "pearson": 0.8693,
    "regression_loss": 0.4232,
    "rm2": 0.7421,
    "rmse": 0.6511,
    "sd": 0.6454,
    "spearman": 0.864,
    "spectral_loss": 0.0
}
                              
                              
----------------------------------------
Epoch 052 with LR 0.000100: Model Results
----------------------------------------
Train MSE Loss: 0.1851, Train CLS Loss: 0.0000, Train MCLS Loss: 0.0000
Protein Cluster Region Loss - Ortho Loss: 0.0000, Cluster Loss: 0.0000
                              
Validation Results: {
    "ci": 0.8554,
    "classification_loss": 0.0,
    "cluster_loss": 0.0,
    "mae": 0.4258,
    "mse": 0.4225,
    "multiclassification_loss": 0.0,
    "ortho_loss": 0.0,
    "pearson": 0.865,
    "regression_loss": 0.4215,
    "rm2": 0.7288,
    "rmse": 0.65,
    "sd": 0.644,
    "spearman": 0.8734,
    "spectral_loss": 0.0
}
                              
Test Results: {
    "ci": 0.852,
    "classification_loss": 0.0,
    "cluster_loss": 0.0,
    "mae": 0.4362,
    "mse": 0.4239,
    "multiclassification_loss": 0.0,
    "ortho_loss": 0.0,
    "pearson": 0.8693,
    "regression_loss": 0.4232,
    "rm2": 0.7421,
    "rmse": 0.6511,
    "sd": 0.6454,
    "spearman": 0.864,
    "spectral_loss": 0.0
}
                              
                              
----------------------------------------
Epoch 053 with LR 0.000100: Model Results
----------------------------------------
Train MSE Loss: 0.1840, Train CLS Loss: 0.0000, Train MCLS Loss: 0.0000
Protein Cluster Region Loss - Ortho Loss: 0.0000, Cluster Loss: 0.0000
                              
Validation Results: {
    "ci": 0.8537,
    "classification_loss": 0.0,
    "cluster_loss": 0.0,
    "mae": 0.439,
    "mse": 0.4399,
    "multiclassification_loss": 0.0,
    "ortho_loss": 0.0,
    "pearson": 0.8642,
    "regression_loss": 0.4387,
    "rm2": 0.7286,
    "rmse": 0.6632,
    "sd": 0.6456,
    "spearman": 0.8702,
    "spectral_loss": 0.0
}
                              
Test Results: {
    "ci": 0.852,
    "classification_loss": 0.0,
    "cluster_loss": 0.0,
    "mae": 0.4362,
    "mse": 0.4239,
    "multiclassification_loss": 0.0,
    "ortho_loss": 0.0,
    "pearson": 0.8693,
    "regression_loss": 0.4232,
    "rm2": 0.7421,
    "rmse": 0.6511,
    "sd": 0.6454,
    "spearman": 0.864,
    "spectral_loss": 0.0
}
                              
                              
----------------------------------------
Epoch 054 with LR 0.000100: Model Results
----------------------------------------
Train MSE Loss: 0.1829, Train CLS Loss: 0.0000, Train MCLS Loss: 0.0000
Protein Cluster Region Loss - Ortho Loss: 0.0000, Cluster Loss: 0.0000
                              
Validation Results: {
    "ci": 0.8538,
    "classification_loss": 0.0,
    "cluster_loss": 0.0,
    "mae": 0.4287,
    "mse": 0.4217,
    "multiclassification_loss": 0.0,
    "ortho_loss": 0.0,
    "pearson": 0.8635,
    "regression_loss": 0.4203,
    "rm2": 0.7434,
    "rmse": 0.6494,
    "sd": 0.6472,
    "spearman": 0.8706,
    "spectral_loss": 0.0
}
                              
Test Results: {
    "ci": 0.852,
    "classification_loss": 0.0,
    "cluster_loss": 0.0,
    "mae": 0.4362,
    "mse": 0.4239,
    "multiclassification_loss": 0.0,
    "ortho_loss": 0.0,
    "pearson": 0.8693,
    "regression_loss": 0.4232,
    "rm2": 0.7421,
    "rmse": 0.6511,
    "sd": 0.6454,
    "spearman": 0.864,
    "spectral_loss": 0.0
}
                              
                              
----------------------------------------
Epoch 055 with LR 0.000100: Model Results
----------------------------------------
Train MSE Loss: 0.1815, Train CLS Loss: 0.0000, Train MCLS Loss: 0.0000
Protein Cluster Region Loss - Ortho Loss: 0.0000, Cluster Loss: 0.0000
                              
Validation Results: {
    "ci": 0.8546,
    "classification_loss": 0.0,
    "cluster_loss": 0.0,
    "mae": 0.4245,
    "mse": 0.4164,
    "multiclassification_loss": 0.0,
    "ortho_loss": 0.0,
    "pearson": 0.866,
    "regression_loss": 0.4151,
    "rm2": 0.7389,
    "rmse": 0.6453,
    "sd": 0.6416,
    "spearman": 0.8715,
    "spectral_loss": 0.0
}
                              
Test Results: {
    "ci": 0.8547,
    "classification_loss": 0.0,
    "cluster_loss": 0.0,
    "mae": 0.4229,
    "mse": 0.4161,
    "multiclassification_loss": 0.0,
    "ortho_loss": 0.0,
    "pearson": 0.8706,
    "regression_loss": 0.415,
    "rm2": 0.75,
    "rmse": 0.6451,
    "sd": 0.6423,
    "spearman": 0.8669,
    "spectral_loss": 0.0
}
                              
                              
----------------------------------------
Epoch 056 with LR 0.000100: Model Results
----------------------------------------
Train MSE Loss: 0.1804, Train CLS Loss: 0.0000, Train MCLS Loss: 0.0000
Protein Cluster Region Loss - Ortho Loss: 0.0000, Cluster Loss: 0.0000
                              
Validation Results: {
    "ci": 0.8565,
    "classification_loss": 0.0,
    "cluster_loss": 0.0,
    "mae": 0.4238,
    "mse": 0.4111,
    "multiclassification_loss": 0.0,
    "ortho_loss": 0.0,
    "pearson": 0.8666,
    "regression_loss": 0.41,
    "rm2": 0.7345,
    "rmse": 0.6412,
    "sd": 0.6403,
    "spearman": 0.8745,
    "spectral_loss": 0.0
}
                              
Test Results: {
    "ci": 0.8542,
    "classification_loss": 0.0,
    "cluster_loss": 0.0,
    "mae": 0.4274,
    "mse": 0.4112,
    "multiclassification_loss": 0.0,
    "ortho_loss": 0.0,
    "pearson": 0.8712,
    "regression_loss": 0.4107,
    "rm2": 0.7462,
    "rmse": 0.6413,
    "sd": 0.6409,
    "spearman": 0.8671,
    "spectral_loss": 0.0
}
                              
                              
----------------------------------------
Epoch 057 with LR 0.000100: Model Results
----------------------------------------
Train MSE Loss: 0.1802, Train CLS Loss: 0.0000, Train MCLS Loss: 0.0000
Protein Cluster Region Loss - Ortho Loss: 0.0000, Cluster Loss: 0.0000
                              
Validation Results: {
    "ci": 0.8541,
    "classification_loss": 0.0,
    "cluster_loss": 0.0,
    "mae": 0.4309,
    "mse": 0.4347,
    "multiclassification_loss": 0.0,
    "ortho_loss": 0.0,
    "pearson": 0.8642,
    "regression_loss": 0.4335,
    "rm2": 0.7379,
    "rmse": 0.6593,
    "sd": 0.6457,
    "spearman": 0.8706,
    "spectral_loss": 0.0
}
                              
Test Results: {
    "ci": 0.8542,
    "classification_loss": 0.0,
    "cluster_loss": 0.0,
    "mae": 0.4274,
    "mse": 0.4112,
    "multiclassification_loss": 0.0,
    "ortho_loss": 0.0,
    "pearson": 0.8712,
    "regression_loss": 0.4107,
    "rm2": 0.7462,
    "rmse": 0.6413,
    "sd": 0.6409,
    "spearman": 0.8671,
    "spectral_loss": 0.0
}
                              
                              
----------------------------------------
Epoch 058 with LR 0.000100: Model Results
----------------------------------------
Train MSE Loss: 0.1778, Train CLS Loss: 0.0000, Train MCLS Loss: 0.0000
Protein Cluster Region Loss - Ortho Loss: 0.0000, Cluster Loss: 0.0000
                              
Validation Results: {
    "ci": 0.8532,
    "classification_loss": 0.0,
    "cluster_loss": 0.0,
    "mae": 0.4363,
    "mse": 0.43,
    "multiclassification_loss": 0.0,
    "ortho_loss": 0.0,
    "pearson": 0.8648,
    "regression_loss": 0.4287,
    "rm2": 0.7302,
    "rmse": 0.6557,
    "sd": 0.6444,
    "spearman": 0.8702,
    "spectral_loss": 0.0
}
                              
Test Results: {
    "ci": 0.8542,
    "classification_loss": 0.0,
    "cluster_loss": 0.0,
    "mae": 0.4274,
    "mse": 0.4112,
    "multiclassification_loss": 0.0,
    "ortho_loss": 0.0,
    "pearson": 0.8712,
    "regression_loss": 0.4107,
    "rm2": 0.7462,
    "rmse": 0.6413,
    "sd": 0.6409,
    "spearman": 0.8671,
    "spectral_loss": 0.0
}
                              
                              
----------------------------------------
Epoch 059 with LR 0.000100: Model Results
----------------------------------------
Train MSE Loss: 0.1770, Train CLS Loss: 0.0000, Train MCLS Loss: 0.0000
Protein Cluster Region Loss - Ortho Loss: 0.0000, Cluster Loss: 0.0000
                              
Validation Results: {
    "ci": 0.8569,
    "classification_loss": 0.0,
    "cluster_loss": 0.0,
    "mae": 0.4201,
    "mse": 0.414,
    "multiclassification_loss": 0.0,
    "ortho_loss": 0.0,
    "pearson": 0.8683,
    "regression_loss": 0.4129,
    "rm2": 0.7454,
    "rmse": 0.6434,
    "sd": 0.6366,
    "spearman": 0.8742,
    "spectral_loss": 0.0
}
                              
Test Results: {
    "ci": 0.8542,
    "classification_loss": 0.0,
    "cluster_loss": 0.0,
    "mae": 0.4274,
    "mse": 0.4112,
    "multiclassification_loss": 0.0,
    "ortho_loss": 0.0,
    "pearson": 0.8712,
    "regression_loss": 0.4107,
    "rm2": 0.7462,
    "rmse": 0.6413,
    "sd": 0.6409,
    "spearman": 0.8671,
    "spectral_loss": 0.0
}
                              
                              
----------------------------------------
Epoch 060 with LR 0.000100: Model Results
----------------------------------------
Train MSE Loss: 0.1769, Train CLS Loss: 0.0000, Train MCLS Loss: 0.0000
Protein Cluster Region Loss - Ortho Loss: 0.0000, Cluster Loss: 0.0000
                              
Validation Results: {
    "ci": 0.8544,
    "classification_loss": 0.0,
    "cluster_loss": 0.0,
    "mae": 0.4289,
    "mse": 0.4229,
    "multiclassification_loss": 0.0,
    "ortho_loss": 0.0,
    "pearson": 0.8661,
    "regression_loss": 0.4215,
    "rm2": 0.7338,
    "rmse": 0.6503,
    "sd": 0.6415,
    "spearman": 0.8716,
    "spectral_loss": 0.0
}
                              
Test Results: {
    "ci": 0.8542,
    "classification_loss": 0.0,
    "cluster_loss": 0.0,
    "mae": 0.4274,
    "mse": 0.4112,
    "multiclassification_loss": 0.0,
    "ortho_loss": 0.0,
    "pearson": 0.8712,
    "regression_loss": 0.4107,
    "rm2": 0.7462,
    "rmse": 0.6413,
    "sd": 0.6409,
    "spearman": 0.8671,
    "spectral_loss": 0.0
}
                              
                              
----------------------------------------
Epoch 061 with LR 0.000100: Model Results
----------------------------------------
Train MSE Loss: 0.1760, Train CLS Loss: 0.0000, Train MCLS Loss: 0.0000
Protein Cluster Region Loss - Ortho Loss: 0.0000, Cluster Loss: 0.0000
                              
Validation Results: {
    "ci": 0.8554,
    "classification_loss": 0.0,
    "cluster_loss": 0.0,
    "mae": 0.4248,
    "mse": 0.4231,
    "multiclassification_loss": 0.0,
    "ortho_loss": 0.0,
    "pearson": 0.8657,
    "regression_loss": 0.4217,
    "rm2": 0.7326,
    "rmse": 0.6504,
    "sd": 0.6424,
    "spearman": 0.8732,
    "spectral_loss": 0.0
}
                              
Test Results: {
    "ci": 0.8542,
    "classification_loss": 0.0,
    "cluster_loss": 0.0,
    "mae": 0.4274,
    "mse": 0.4112,
    "multiclassification_loss": 0.0,
    "ortho_loss": 0.0,
    "pearson": 0.8712,
    "regression_loss": 0.4107,
    "rm2": 0.7462,
    "rmse": 0.6413,
    "sd": 0.6409,
    "spearman": 0.8671,
    "spectral_loss": 0.0
}
                              
                              
----------------------------------------
Epoch 062 with LR 0.000100: Model Results
----------------------------------------
Train MSE Loss: 0.1743, Train CLS Loss: 0.0000, Train MCLS Loss: 0.0000
Protein Cluster Region Loss - Ortho Loss: 0.0000, Cluster Loss: 0.0000
                              
Validation Results: {
    "ci": 0.856,
    "classification_loss": 0.0,
    "cluster_loss": 0.0,
    "mae": 0.4224,
    "mse": 0.4188,
    "multiclassification_loss": 0.0,
    "ortho_loss": 0.0,
    "pearson": 0.8679,
    "regression_loss": 0.4176,
    "rm2": 0.7509,
    "rmse": 0.6471,
    "sd": 0.6374,
    "spearman": 0.8733,
    "spectral_loss": 0.0
}
                              
Test Results: {
    "ci": 0.8542,
    "classification_loss": 0.0,
    "cluster_loss": 0.0,
    "mae": 0.4274,
    "mse": 0.4112,
    "multiclassification_loss": 0.0,
    "ortho_loss": 0.0,
    "pearson": 0.8712,
    "regression_loss": 0.4107,
    "rm2": 0.7462,
    "rmse": 0.6413,
    "sd": 0.6409,
    "spearman": 0.8671,
    "spectral_loss": 0.0
}
                              
                              
----------------------------------------
Epoch 063 with LR 0.000100: Model Results
----------------------------------------
Train MSE Loss: 0.1731, Train CLS Loss: 0.0000, Train MCLS Loss: 0.0000
Protein Cluster Region Loss - Ortho Loss: 0.0000, Cluster Loss: 0.0000
                              
Validation Results: {
    "ci": 0.8538,
    "classification_loss": 0.0,
    "cluster_loss": 0.0,
    "mae": 0.4307,
    "mse": 0.4268,
    "multiclassification_loss": 0.0,
    "ortho_loss": 0.0,
    "pearson": 0.8638,
    "regression_loss": 0.4253,
    "rm2": 0.7151,
    "rmse": 0.6533,
    "sd": 0.6465,
    "spearman": 0.8698,
    "spectral_loss": 0.0
}
                              
Test Results: {
    "ci": 0.8542,
    "classification_loss": 0.0,
    "cluster_loss": 0.0,
    "mae": 0.4274,
    "mse": 0.4112,
    "multiclassification_loss": 0.0,
    "ortho_loss": 0.0,
    "pearson": 0.8712,
    "regression_loss": 0.4107,
    "rm2": 0.7462,
    "rmse": 0.6413,
    "sd": 0.6409,
    "spearman": 0.8671,
    "spectral_loss": 0.0
}
                              
                              
----------------------------------------
Epoch 064 with LR 0.000100: Model Results
----------------------------------------
Train MSE Loss: 0.1719, Train CLS Loss: 0.0000, Train MCLS Loss: 0.0000
Protein Cluster Region Loss - Ortho Loss: 0.0000, Cluster Loss: 0.0000
                              
Validation Results: {
    "ci": 0.8557,
    "classification_loss": 0.0,
    "cluster_loss": 0.0,
    "mae": 0.424,
    "mse": 0.4254,
    "multiclassification_loss": 0.0,
    "ortho_loss": 0.0,
    "pearson": 0.8655,
    "regression_loss": 0.4241,
    "rm2": 0.7424,
    "rmse": 0.6522,
    "sd": 0.6428,
    "spearman": 0.8724,
    "spectral_loss": 0.0
}
                              
Test Results: {
    "ci": 0.8542,
    "classification_loss": 0.0,
    "cluster_loss": 0.0,
    "mae": 0.4274,
    "mse": 0.4112,
    "multiclassification_loss": 0.0,
    "ortho_loss": 0.0,
    "pearson": 0.8712,
    "regression_loss": 0.4107,
    "rm2": 0.7462,
    "rmse": 0.6413,
    "sd": 0.6409,
    "spearman": 0.8671,
    "spectral_loss": 0.0
}
                              
                              
----------------------------------------
Epoch 065 with LR 0.000100: Model Results
----------------------------------------
Train MSE Loss: 0.1714, Train CLS Loss: 0.0000, Train MCLS Loss: 0.0000
Protein Cluster Region Loss - Ortho Loss: 0.0000, Cluster Loss: 0.0000
                              
Validation Results: {
    "ci": 0.8553,
    "classification_loss": 0.0,
    "cluster_loss": 0.0,
    "mae": 0.4227,
    "mse": 0.4177,
    "multiclassification_loss": 0.0,
    "ortho_loss": 0.0,
    "pearson": 0.865,
    "regression_loss": 0.4164,
    "rm2": 0.7227,
    "rmse": 0.6463,
    "sd": 0.644,
    "spearman": 0.8713,
    "spectral_loss": 0.0
}
                              
Test Results: {
    "ci": 0.8542,
    "classification_loss": 0.0,
    "cluster_loss": 0.0,
    "mae": 0.4274,
    "mse": 0.4112,
    "multiclassification_loss": 0.0,
    "ortho_loss": 0.0,
    "pearson": 0.8712,
    "regression_loss": 0.4107,
    "rm2": 0.7462,
    "rmse": 0.6413,
    "sd": 0.6409,
    "spearman": 0.8671,
    "spectral_loss": 0.0
}
                              
                              
----------------------------------------
Epoch 066 with LR 0.000100: Model Results
----------------------------------------
Train MSE Loss: 0.1707, Train CLS Loss: 0.0000, Train MCLS Loss: 0.0000
Protein Cluster Region Loss - Ortho Loss: 0.0000, Cluster Loss: 0.0000
                              
Validation Results: {
    "ci": 0.8552,
    "classification_loss": 0.0,
    "cluster_loss": 0.0,
    "mae": 0.4254,
    "mse": 0.4203,
    "multiclassification_loss": 0.0,
    "ortho_loss": 0.0,
    "pearson": 0.8659,
    "regression_loss": 0.4191,
    "rm2": 0.7307,
    "rmse": 0.6483,
    "sd": 0.642,
    "spearman": 0.8721,
    "spectral_loss": 0.0
}
                              
Test Results: {
    "ci": 0.8542,
    "classification_loss": 0.0,
    "cluster_loss": 0.0,
    "mae": 0.4274,
    "mse": 0.4112,
    "multiclassification_loss": 0.0,
    "ortho_loss": 0.0,
    "pearson": 0.8712,
    "regression_loss": 0.4107,
    "rm2": 0.7462,
    "rmse": 0.6413,
    "sd": 0.6409,
    "spearman": 0.8671,
    "spectral_loss": 0.0
}
                              
                              
----------------------------------------
Epoch 067 with LR 0.000100: Model Results
----------------------------------------
Train MSE Loss: 0.1700, Train CLS Loss: 0.0000, Train MCLS Loss: 0.0000
Protein Cluster Region Loss - Ortho Loss: 0.0000, Cluster Loss: 0.0000
                              
Validation Results: {
    "ci": 0.857,
    "classification_loss": 0.0,
    "cluster_loss": 0.0,
    "mae": 0.4178,
    "mse": 0.4139,
    "multiclassification_loss": 0.0,
    "ortho_loss": 0.0,
    "pearson": 0.868,
    "regression_loss": 0.4127,
    "rm2": 0.7222,
    "rmse": 0.6433,
    "sd": 0.6371,
    "spearman": 0.8742,
    "spectral_loss": 0.0
}
                              
Test Results: {
    "ci": 0.8542,
    "classification_loss": 0.0,
    "cluster_loss": 0.0,
    "mae": 0.4274,
    "mse": 0.4112,
    "multiclassification_loss": 0.0,
    "ortho_loss": 0.0,
    "pearson": 0.8712,
    "regression_loss": 0.4107,
    "rm2": 0.7462,
    "rmse": 0.6413,
    "sd": 0.6409,
    "spearman": 0.8671,
    "spectral_loss": 0.0
}
                              
                              
----------------------------------------
Epoch 068 with LR 0.000100: Model Results
----------------------------------------
Train MSE Loss: 0.1693, Train CLS Loss: 0.0000, Train MCLS Loss: 0.0000
Protein Cluster Region Loss - Ortho Loss: 0.0000, Cluster Loss: 0.0000
                              
Validation Results: {
    "ci": 0.856,
    "classification_loss": 0.0,
    "cluster_loss": 0.0,
    "mae": 0.421,
    "mse": 0.4207,
    "multiclassification_loss": 0.0,
    "ortho_loss": 0.0,
    "pearson": 0.8654,
    "regression_loss": 0.4192,
    "rm2": 0.7242,
    "rmse": 0.6486,
    "sd": 0.6429,
    "spearman": 0.8727,
    "spectral_loss": 0.0
}
                              
Test Results: {
    "ci": 0.8542,
    "classification_loss": 0.0,
    "cluster_loss": 0.0,
    "mae": 0.4274,
    "mse": 0.4112,
    "multiclassification_loss": 0.0,
    "ortho_loss": 0.0,
    "pearson": 0.8712,
    "regression_loss": 0.4107,
    "rm2": 0.7462,
    "rmse": 0.6413,
    "sd": 0.6409,
    "spearman": 0.8671,
    "spectral_loss": 0.0
}
                              
                              
----------------------------------------
Epoch 069 with LR 0.000100: Model Results
----------------------------------------
Train MSE Loss: 0.1677, Train CLS Loss: 0.0000, Train MCLS Loss: 0.0000
Protein Cluster Region Loss - Ortho Loss: 0.0000, Cluster Loss: 0.0000
                              
Validation Results: {
    "ci": 0.8554,
    "classification_loss": 0.0,
    "cluster_loss": 0.0,
    "mae": 0.4226,
    "mse": 0.4137,
    "multiclassification_loss": 0.0,
    "ortho_loss": 0.0,
    "pearson": 0.866,
    "regression_loss": 0.4125,
    "rm2": 0.7383,
    "rmse": 0.6432,
    "sd": 0.6417,
    "spearman": 0.8719,
    "spectral_loss": 0.0
}
                              
Test Results: {
    "ci": 0.8542,
    "classification_loss": 0.0,
    "cluster_loss": 0.0,
    "mae": 0.4274,
    "mse": 0.4112,
    "multiclassification_loss": 0.0,
    "ortho_loss": 0.0,
    "pearson": 0.8712,
    "regression_loss": 0.4107,
    "rm2": 0.7462,
    "rmse": 0.6413,
    "sd": 0.6409,
    "spearman": 0.8671,
    "spectral_loss": 0.0
}
                              
                              
----------------------------------------
Epoch 070 with LR 0.000100: Model Results
----------------------------------------
Train MSE Loss: 0.1671, Train CLS Loss: 0.0000, Train MCLS Loss: 0.0000
Protein Cluster Region Loss - Ortho Loss: 0.0000, Cluster Loss: 0.0000
                              
Validation Results: {
    "ci": 0.8573,
    "classification_loss": 0.0,
    "cluster_loss": 0.0,
    "mae": 0.418,
    "mse": 0.4082,
    "multiclassification_loss": 0.0,
    "ortho_loss": 0.0,
    "pearson": 0.8688,
    "regression_loss": 0.4071,
    "rm2": 0.7258,
    "rmse": 0.6389,
    "sd": 0.6354,
    "spearman": 0.875,
    "spectral_loss": 0.0
}
                              
Test Results: {
    "ci": 0.8568,
    "classification_loss": 0.0,
    "cluster_loss": 0.0,
    "mae": 0.4177,
    "mse": 0.4052,
    "multiclassification_loss": 0.0,
    "ortho_loss": 0.0,
    "pearson": 0.8739,
    "regression_loss": 0.4038,
    "rm2": 0.7405,
    "rmse": 0.6365,
    "sd": 0.6346,
    "spearman": 0.8697,
    "spectral_loss": 0.0
}
                              
                              
----------------------------------------
Epoch 071 with LR 0.000100: Model Results
----------------------------------------
Train MSE Loss: 0.1666, Train CLS Loss: 0.0000, Train MCLS Loss: 0.0000
Protein Cluster Region Loss - Ortho Loss: 0.0000, Cluster Loss: 0.0000
                              
Validation Results: {
    "ci": 0.857,
    "classification_loss": 0.0,
    "cluster_loss": 0.0,
    "mae": 0.4182,
    "mse": 0.4176,
    "multiclassification_loss": 0.0,
    "ortho_loss": 0.0,
    "pearson": 0.8675,
    "regression_loss": 0.4163,
    "rm2": 0.743,
    "rmse": 0.6462,
    "sd": 0.6383,
    "spearman": 0.874,
    "spectral_loss": 0.0
}
                              
Test Results: {
    "ci": 0.8568,
    "classification_loss": 0.0,
    "cluster_loss": 0.0,
    "mae": 0.4177,
    "mse": 0.4052,
    "multiclassification_loss": 0.0,
    "ortho_loss": 0.0,
    "pearson": 0.8739,
    "regression_loss": 0.4038,
    "rm2": 0.7405,
    "rmse": 0.6365,
    "sd": 0.6346,
    "spearman": 0.8697,
    "spectral_loss": 0.0
}
                              
                              
----------------------------------------
Epoch 072 with LR 0.000100: Model Results
----------------------------------------
Train MSE Loss: 0.1651, Train CLS Loss: 0.0000, Train MCLS Loss: 0.0000
Protein Cluster Region Loss - Ortho Loss: 0.0000, Cluster Loss: 0.0000
                              
Validation Results: {
    "ci": 0.8536,
    "classification_loss": 0.0,
    "cluster_loss": 0.0,
    "mae": 0.4271,
    "mse": 0.4203,
    "multiclassification_loss": 0.0,
    "ortho_loss": 0.0,
    "pearson": 0.8645,
    "regression_loss": 0.4191,
    "rm2": 0.7252,
    "rmse": 0.6483,
    "sd": 0.645,
    "spearman": 0.8702,
    "spectral_loss": 0.0
}
                              
Test Results: {
    "ci": 0.8568,
    "classification_loss": 0.0,
    "cluster_loss": 0.0,
    "mae": 0.4177,
    "mse": 0.4052,
    "multiclassification_loss": 0.0,
    "ortho_loss": 0.0,
    "pearson": 0.8739,
    "regression_loss": 0.4038,
    "rm2": 0.7405,
    "rmse": 0.6365,
    "sd": 0.6346,
    "spearman": 0.8697,
    "spectral_loss": 0.0
}
                              
                              
----------------------------------------
Epoch 073 with LR 0.000100: Model Results
----------------------------------------
Train MSE Loss: 0.1651, Train CLS Loss: 0.0000, Train MCLS Loss: 0.0000
Protein Cluster Region Loss - Ortho Loss: 0.0000, Cluster Loss: 0.0000
                              
Validation Results: {
    "ci": 0.8542,
    "classification_loss": 0.0,
    "cluster_loss": 0.0,
    "mae": 0.4271,
    "mse": 0.4284,
    "multiclassification_loss": 0.0,
    "ortho_loss": 0.0,
    "pearson": 0.8648,
    "regression_loss": 0.4271,
    "rm2": 0.7376,
    "rmse": 0.6545,
    "sd": 0.6444,
    "spearman": 0.8702,
    "spectral_loss": 0.0
}
                              
Test Results: {
    "ci": 0.8568,
    "classification_loss": 0.0,
    "cluster_loss": 0.0,
    "mae": 0.4177,
    "mse": 0.4052,
    "multiclassification_loss": 0.0,
    "ortho_loss": 0.0,
    "pearson": 0.8739,
    "regression_loss": 0.4038,
    "rm2": 0.7405,
    "rmse": 0.6365,
    "sd": 0.6346,
    "spearman": 0.8697,
    "spectral_loss": 0.0
}
                              
                              
----------------------------------------
Epoch 074 with LR 0.000100: Model Results
----------------------------------------
Train MSE Loss: 0.1641, Train CLS Loss: 0.0000, Train MCLS Loss: 0.0000
Protein Cluster Region Loss - Ortho Loss: 0.0000, Cluster Loss: 0.0000
                              
Validation Results: {
    "ci": 0.8564,
    "classification_loss": 0.0,
    "cluster_loss": 0.0,
    "mae": 0.4225,
    "mse": 0.4208,
    "multiclassification_loss": 0.0,
    "ortho_loss": 0.0,
    "pearson": 0.8657,
    "regression_loss": 0.4196,
    "rm2": 0.7063,
    "rmse": 0.6487,
    "sd": 0.6423,
    "spearman": 0.873,
    "spectral_loss": 0.0
}
                              
Test Results: {
    "ci": 0.8568,
    "classification_loss": 0.0,
    "cluster_loss": 0.0,
    "mae": 0.4177,
    "mse": 0.4052,
    "multiclassification_loss": 0.0,
    "ortho_loss": 0.0,
    "pearson": 0.8739,
    "regression_loss": 0.4038,
    "rm2": 0.7405,
    "rmse": 0.6365,
    "sd": 0.6346,
    "spearman": 0.8697,
    "spectral_loss": 0.0
}
                              
                              
----------------------------------------
Epoch 075 with LR 0.000100: Model Results
----------------------------------------
Train MSE Loss: 0.1633, Train CLS Loss: 0.0000, Train MCLS Loss: 0.0000
Protein Cluster Region Loss - Ortho Loss: 0.0000, Cluster Loss: 0.0000
                              
Validation Results: {
    "ci": 0.8554,
    "classification_loss": 0.0,
    "cluster_loss": 0.0,
    "mae": 0.4222,
    "mse": 0.4212,
    "multiclassification_loss": 0.0,
    "ortho_loss": 0.0,
    "pearson": 0.8648,
    "regression_loss": 0.4199,
    "rm2": 0.7168,
    "rmse": 0.649,
    "sd": 0.6445,
    "spearman": 0.8715,
    "spectral_loss": 0.0
}
                              
Test Results: {
    "ci": 0.8568,
    "classification_loss": 0.0,
    "cluster_loss": 0.0,
    "mae": 0.4177,
    "mse": 0.4052,
    "multiclassification_loss": 0.0,
    "ortho_loss": 0.0,
    "pearson": 0.8739,
    "regression_loss": 0.4038,
    "rm2": 0.7405,
    "rmse": 0.6365,
    "sd": 0.6346,
    "spearman": 0.8697,
    "spectral_loss": 0.0
}
                              
                              
----------------------------------------
Epoch 076 with LR 0.000100: Model Results
----------------------------------------
Train MSE Loss: 0.1623, Train CLS Loss: 0.0000, Train MCLS Loss: 0.0000
Protein Cluster Region Loss - Ortho Loss: 0.0000, Cluster Loss: 0.0000
                              
Validation Results: {
    "ci": 0.8558,
    "classification_loss": 0.0,
    "cluster_loss": 0.0,
    "mae": 0.4156,
    "mse": 0.4195,
    "multiclassification_loss": 0.0,
    "ortho_loss": 0.0,
    "pearson": 0.8654,
    "regression_loss": 0.4183,
    "rm2": 0.7364,
    "rmse": 0.6477,
    "sd": 0.643,
    "spearman": 0.8707,
    "spectral_loss": 0.0
}
                              
Test Results: {
    "ci": 0.8568,
    "classification_loss": 0.0,
    "cluster_loss": 0.0,
    "mae": 0.4177,
    "mse": 0.4052,
    "multiclassification_loss": 0.0,
    "ortho_loss": 0.0,
    "pearson": 0.8739,
    "regression_loss": 0.4038,
    "rm2": 0.7405,
    "rmse": 0.6365,
    "sd": 0.6346,
    "spearman": 0.8697,
    "spectral_loss": 0.0
}
                              
                              
----------------------------------------
Epoch 077 with LR 0.000100: Model Results
----------------------------------------
Train MSE Loss: 0.1620, Train CLS Loss: 0.0000, Train MCLS Loss: 0.0000
Protein Cluster Region Loss - Ortho Loss: 0.0000, Cluster Loss: 0.0000
                              
Validation Results: {
    "ci": 0.8552,
    "classification_loss": 0.0,
    "cluster_loss": 0.0,
    "mae": 0.4226,
    "mse": 0.4245,
    "multiclassification_loss": 0.0,
    "ortho_loss": 0.0,
    "pearson": 0.8643,
    "regression_loss": 0.4233,
    "rm2": 0.7314,
    "rmse": 0.6515,
    "sd": 0.6454,
    "spearman": 0.8715,
    "spectral_loss": 0.0
}
                              
Test Results: {
    "ci": 0.8568,
    "classification_loss": 0.0,
    "cluster_loss": 0.0,
    "mae": 0.4177,
    "mse": 0.4052,
    "multiclassification_loss": 0.0,
    "ortho_loss": 0.0,
    "pearson": 0.8739,
    "regression_loss": 0.4038,
    "rm2": 0.7405,
    "rmse": 0.6365,
    "sd": 0.6346,
    "spearman": 0.8697,
    "spectral_loss": 0.0
}
                              
                              
----------------------------------------
Epoch 078 with LR 0.000100: Model Results
----------------------------------------
Train MSE Loss: 0.1610, Train CLS Loss: 0.0000, Train MCLS Loss: 0.0000
Protein Cluster Region Loss - Ortho Loss: 0.0000, Cluster Loss: 0.0000
                              
Validation Results: {
    "ci": 0.8557,
    "classification_loss": 0.0,
    "cluster_loss": 0.0,
    "mae": 0.4201,
    "mse": 0.4207,
    "multiclassification_loss": 0.0,
    "ortho_loss": 0.0,
    "pearson": 0.8661,
    "regression_loss": 0.4195,
    "rm2": 0.7495,
    "rmse": 0.6487,
    "sd": 0.6416,
    "spearman": 0.8719,
    "spectral_loss": 0.0
}
                              
Test Results: {
    "ci": 0.8568,
    "classification_loss": 0.0,
    "cluster_loss": 0.0,
    "mae": 0.4177,
    "mse": 0.4052,
    "multiclassification_loss": 0.0,
    "ortho_loss": 0.0,
    "pearson": 0.8739,
    "regression_loss": 0.4038,
    "rm2": 0.7405,
    "rmse": 0.6365,
    "sd": 0.6346,
    "spearman": 0.8697,
    "spectral_loss": 0.0
}
                              
                              
----------------------------------------
Epoch 079 with LR 0.000100: Model Results
----------------------------------------
Train MSE Loss: 0.1603, Train CLS Loss: 0.0000, Train MCLS Loss: 0.0000
Protein Cluster Region Loss - Ortho Loss: 0.0000, Cluster Loss: 0.0000
                              
Validation Results: {
    "ci": 0.8575,
    "classification_loss": 0.0,
    "cluster_loss": 0.0,
    "mae": 0.4173,
    "mse": 0.4126,
    "multiclassification_loss": 0.0,
    "ortho_loss": 0.0,
    "pearson": 0.8692,
    "regression_loss": 0.4113,
    "rm2": 0.7389,
    "rmse": 0.6423,
    "sd": 0.6346,
    "spearman": 0.8755,
    "spectral_loss": 0.0
}
                              
Test Results: {
    "ci": 0.8568,
    "classification_loss": 0.0,
    "cluster_loss": 0.0,
    "mae": 0.4177,
    "mse": 0.4052,
    "multiclassification_loss": 0.0,
    "ortho_loss": 0.0,
    "pearson": 0.8739,
    "regression_loss": 0.4038,
    "rm2": 0.7405,
    "rmse": 0.6365,
    "sd": 0.6346,
    "spearman": 0.8697,
    "spectral_loss": 0.0
}
                              
                              
----------------------------------------
Epoch 080 with LR 0.000100: Model Results
----------------------------------------
Train MSE Loss: 0.1605, Train CLS Loss: 0.0000, Train MCLS Loss: 0.0000
Protein Cluster Region Loss - Ortho Loss: 0.0000, Cluster Loss: 0.0000
                              
Validation Results: {
    "ci": 0.8575,
    "classification_loss": 0.0,
    "cluster_loss": 0.0,
    "mae": 0.416,
    "mse": 0.407,
    "multiclassification_loss": 0.0,
    "ortho_loss": 0.0,
    "pearson": 0.8698,
    "regression_loss": 0.4058,
    "rm2": 0.7372,
    "rmse": 0.638,
    "sd": 0.6333,
    "spearman": 0.8755,
    "spectral_loss": 0.0
}
                              
Test Results: {
    "ci": 0.858,
    "classification_loss": 0.0,
    "cluster_loss": 0.0,
    "mae": 0.4124,
    "mse": 0.4009,
    "multiclassification_loss": 0.0,
    "ortho_loss": 0.0,
    "pearson": 0.8757,
    "regression_loss": 0.3997,
    "rm2": 0.7528,
    "rmse": 0.6332,
    "sd": 0.6304,
    "spearman": 0.872,
    "spectral_loss": 0.0
}
                              
                              
----------------------------------------
Epoch 081 with LR 0.000100: Model Results
----------------------------------------
Train MSE Loss: 0.1593, Train CLS Loss: 0.0000, Train MCLS Loss: 0.0000
Protein Cluster Region Loss - Ortho Loss: 0.0000, Cluster Loss: 0.0000
                              
Validation Results: {
    "ci": 0.8562,
    "classification_loss": 0.0,
    "cluster_loss": 0.0,
    "mae": 0.4198,
    "mse": 0.4155,
    "multiclassification_loss": 0.0,
    "ortho_loss": 0.0,
    "pearson": 0.8681,
    "regression_loss": 0.4143,
    "rm2": 0.7329,
    "rmse": 0.6446,
    "sd": 0.637,
    "spearman": 0.8736,
    "spectral_loss": 0.0
}
                              
Test Results: {
    "ci": 0.858,
    "classification_loss": 0.0,
    "cluster_loss": 0.0,
    "mae": 0.4124,
    "mse": 0.4009,
    "multiclassification_loss": 0.0,
    "ortho_loss": 0.0,
    "pearson": 0.8757,
    "regression_loss": 0.3997,
    "rm2": 0.7528,
    "rmse": 0.6332,
    "sd": 0.6304,
    "spearman": 0.872,
    "spectral_loss": 0.0
}
                              
                              
----------------------------------------
Epoch 082 with LR 0.000100: Model Results
----------------------------------------
Train MSE Loss: 0.1585, Train CLS Loss: 0.0000, Train MCLS Loss: 0.0000
Protein Cluster Region Loss - Ortho Loss: 0.0000, Cluster Loss: 0.0000
                              
Validation Results: {
    "ci": 0.8575,
    "classification_loss": 0.0,
    "cluster_loss": 0.0,
    "mae": 0.4131,
    "mse": 0.4126,
    "multiclassification_loss": 0.0,
    "ortho_loss": 0.0,
    "pearson": 0.8678,
    "regression_loss": 0.4115,
    "rm2": 0.7499,
    "rmse": 0.6423,
    "sd": 0.6377,
    "spearman": 0.8746,
    "spectral_loss": 0.0
}
                              
Test Results: {
    "ci": 0.858,
    "classification_loss": 0.0,
    "cluster_loss": 0.0,
    "mae": 0.4124,
    "mse": 0.4009,
    "multiclassification_loss": 0.0,
    "ortho_loss": 0.0,
    "pearson": 0.8757,
    "regression_loss": 0.3997,
    "rm2": 0.7528,
    "rmse": 0.6332,
    "sd": 0.6304,
    "spearman": 0.872,
    "spectral_loss": 0.0
}
                              
                              
----------------------------------------
Epoch 083 with LR 0.000100: Model Results
----------------------------------------
Train MSE Loss: 0.1581, Train CLS Loss: 0.0000, Train MCLS Loss: 0.0000
Protein Cluster Region Loss - Ortho Loss: 0.0000, Cluster Loss: 0.0000
                              
Validation Results: {
    "ci": 0.8565,
    "classification_loss": 0.0,
    "cluster_loss": 0.0,
    "mae": 0.4209,
    "mse": 0.4213,
    "multiclassification_loss": 0.0,
    "ortho_loss": 0.0,
    "pearson": 0.8674,
    "regression_loss": 0.4202,
    "rm2": 0.7369,
    "rmse": 0.6491,
    "sd": 0.6387,
    "spearman": 0.8734,
    "spectral_loss": 0.0
}
                              
Test Results: {
    "ci": 0.858,
    "classification_loss": 0.0,
    "cluster_loss": 0.0,
    "mae": 0.4124,
    "mse": 0.4009,
    "multiclassification_loss": 0.0,
    "ortho_loss": 0.0,
    "pearson": 0.8757,
    "regression_loss": 0.3997,
    "rm2": 0.7528,
    "rmse": 0.6332,
    "sd": 0.6304,
    "spearman": 0.872,
    "spectral_loss": 0.0
}
                              
                              
----------------------------------------
Epoch 084 with LR 0.000100: Model Results
----------------------------------------
Train MSE Loss: 0.1575, Train CLS Loss: 0.0000, Train MCLS Loss: 0.0000
Protein Cluster Region Loss - Ortho Loss: 0.0000, Cluster Loss: 0.0000
                              
Validation Results: {
    "ci": 0.8569,
    "classification_loss": 0.0,
    "cluster_loss": 0.0,
    "mae": 0.4168,
    "mse": 0.4146,
    "multiclassification_loss": 0.0,
    "ortho_loss": 0.0,
    "pearson": 0.8674,
    "regression_loss": 0.4132,
    "rm2": 0.7249,
    "rmse": 0.6439,
    "sd": 0.6385,
    "spearman": 0.8735,
    "spectral_loss": 0.0
}
                              
Test Results: {
    "ci": 0.858,
    "classification_loss": 0.0,
    "cluster_loss": 0.0,
    "mae": 0.4124,
    "mse": 0.4009,
    "multiclassification_loss": 0.0,
    "ortho_loss": 0.0,
    "pearson": 0.8757,
    "regression_loss": 0.3997,
    "rm2": 0.7528,
    "rmse": 0.6332,
    "sd": 0.6304,
    "spearman": 0.872,
    "spectral_loss": 0.0
}
                              
                              
----------------------------------------
Epoch 085 with LR 0.000100: Model Results
----------------------------------------
Train MSE Loss: 0.1564, Train CLS Loss: 0.0000, Train MCLS Loss: 0.0000
Protein Cluster Region Loss - Ortho Loss: 0.0000, Cluster Loss: 0.0000
                              
Validation Results: {
    "ci": 0.8576,
    "classification_loss": 0.0,
    "cluster_loss": 0.0,
    "mae": 0.4168,
    "mse": 0.4162,
    "multiclassification_loss": 0.0,
    "ortho_loss": 0.0,
    "pearson": 0.8678,
    "regression_loss": 0.4148,
    "rm2": 0.7329,
    "rmse": 0.6452,
    "sd": 0.6377,
    "spearman": 0.8745,
    "spectral_loss": 0.0
}
                              
Test Results: {
    "ci": 0.858,
    "classification_loss": 0.0,
    "cluster_loss": 0.0,
    "mae": 0.4124,
    "mse": 0.4009,
    "multiclassification_loss": 0.0,
    "ortho_loss": 0.0,
    "pearson": 0.8757,
    "regression_loss": 0.3997,
    "rm2": 0.7528,
    "rmse": 0.6332,
    "sd": 0.6304,
    "spearman": 0.872,
    "spectral_loss": 0.0
}
                              
                              
----------------------------------------
Epoch 086 with LR 0.000100: Model Results
----------------------------------------
Train MSE Loss: 0.1567, Train CLS Loss: 0.0000, Train MCLS Loss: 0.0000
Protein Cluster Region Loss - Ortho Loss: 0.0000, Cluster Loss: 0.0000
                              
Validation Results: {
    "ci": 0.8582,
    "classification_loss": 0.0,
    "cluster_loss": 0.0,
    "mae": 0.4133,
    "mse": 0.4148,
    "multiclassification_loss": 0.0,
    "ortho_loss": 0.0,
    "pearson": 0.8674,
    "regression_loss": 0.4136,
    "rm2": 0.735,
    "rmse": 0.644,
    "sd": 0.6385,
    "spearman": 0.8752,
    "spectral_loss": 0.0
}
                              
Test Results: {
    "ci": 0.858,
    "classification_loss": 0.0,
    "cluster_loss": 0.0,
    "mae": 0.4124,
    "mse": 0.4009,
    "multiclassification_loss": 0.0,
    "ortho_loss": 0.0,
    "pearson": 0.8757,
    "regression_loss": 0.3997,
    "rm2": 0.7528,
    "rmse": 0.6332,
    "sd": 0.6304,
    "spearman": 0.872,
    "spectral_loss": 0.0
}
                              
                              
----------------------------------------
Epoch 087 with LR 0.000100: Model Results
----------------------------------------
Train MSE Loss: 0.1558, Train CLS Loss: 0.0000, Train MCLS Loss: 0.0000
Protein Cluster Region Loss - Ortho Loss: 0.0000, Cluster Loss: 0.0000
                              
Validation Results: {
    "ci": 0.8577,
    "classification_loss": 0.0,
    "cluster_loss": 0.0,
    "mae": 0.4118,
    "mse": 0.4078,
    "multiclassification_loss": 0.0,
    "ortho_loss": 0.0,
    "pearson": 0.8694,
    "regression_loss": 0.4063,
    "rm2": 0.7557,
    "rmse": 0.6386,
    "sd": 0.6342,
    "spearman": 0.8753,
    "spectral_loss": 0.0
}
                              
Test Results: {
    "ci": 0.858,
    "classification_loss": 0.0,
    "cluster_loss": 0.0,
    "mae": 0.4124,
    "mse": 0.4009,
    "multiclassification_loss": 0.0,
    "ortho_loss": 0.0,
    "pearson": 0.8757,
    "regression_loss": 0.3997,
    "rm2": 0.7528,
    "rmse": 0.6332,
    "sd": 0.6304,
    "spearman": 0.872,
    "spectral_loss": 0.0
}
                              
                              
----------------------------------------
Epoch 088 with LR 0.000100: Model Results
----------------------------------------
Train MSE Loss: 0.1551, Train CLS Loss: 0.0000, Train MCLS Loss: 0.0000
Protein Cluster Region Loss - Ortho Loss: 0.0000, Cluster Loss: 0.0000
                              
Validation Results: {
    "ci": 0.8563,
    "classification_loss": 0.0,
    "cluster_loss": 0.0,
    "mae": 0.4183,
    "mse": 0.4215,
    "multiclassification_loss": 0.0,
    "ortho_loss": 0.0,
    "pearson": 0.8656,
    "regression_loss": 0.4201,
    "rm2": 0.7375,
    "rmse": 0.6492,
    "sd": 0.6426,
    "spearman": 0.8722,
    "spectral_loss": 0.0
}
                              
Test Results: {
    "ci": 0.858,
    "classification_loss": 0.0,
    "cluster_loss": 0.0,
    "mae": 0.4124,
    "mse": 0.4009,
    "multiclassification_loss": 0.0,
    "ortho_loss": 0.0,
    "pearson": 0.8757,
    "regression_loss": 0.3997,
    "rm2": 0.7528,
    "rmse": 0.6332,
    "sd": 0.6304,
    "spearman": 0.872,
    "spectral_loss": 0.0
}
                              
                              
----------------------------------------
Epoch 089 with LR 0.000100: Model Results
----------------------------------------
Train MSE Loss: 0.1553, Train CLS Loss: 0.0000, Train MCLS Loss: 0.0000
Protein Cluster Region Loss - Ortho Loss: 0.0000, Cluster Loss: 0.0000
                              
Validation Results: {
    "ci": 0.8577,
    "classification_loss": 0.0,
    "cluster_loss": 0.0,
    "mae": 0.415,
    "mse": 0.4176,
    "multiclassification_loss": 0.0,
    "ortho_loss": 0.0,
    "pearson": 0.8682,
    "regression_loss": 0.4164,
    "rm2": 0.737,
    "rmse": 0.6462,
    "sd": 0.6369,
    "spearman": 0.8745,
    "spectral_loss": 0.0
}
                              
Test Results: {
    "ci": 0.858,
    "classification_loss": 0.0,
    "cluster_loss": 0.0,
    "mae": 0.4124,
    "mse": 0.4009,
    "multiclassification_loss": 0.0,
    "ortho_loss": 0.0,
    "pearson": 0.8757,
    "regression_loss": 0.3997,
    "rm2": 0.7528,
    "rmse": 0.6332,
    "sd": 0.6304,
    "spearman": 0.872,
    "spectral_loss": 0.0
}
                              
                              
----------------------------------------
Epoch 090 with LR 0.000100: Model Results
----------------------------------------
Train MSE Loss: 0.1541, Train CLS Loss: 0.0000, Train MCLS Loss: 0.0000
Protein Cluster Region Loss - Ortho Loss: 0.0000, Cluster Loss: 0.0000
                              
Validation Results: {
    "ci": 0.8577,
    "classification_loss": 0.0,
    "cluster_loss": 0.0,
    "mae": 0.4155,
    "mse": 0.4173,
    "multiclassification_loss": 0.0,
    "ortho_loss": 0.0,
    "pearson": 0.8675,
    "regression_loss": 0.4161,
    "rm2": 0.7408,
    "rmse": 0.646,
    "sd": 0.6383,
    "spearman": 0.8742,
    "spectral_loss": 0.0
}
                              
Test Results: {
    "ci": 0.858,
    "classification_loss": 0.0,
    "cluster_loss": 0.0,
    "mae": 0.4124,
    "mse": 0.4009,
    "multiclassification_loss": 0.0,
    "ortho_loss": 0.0,
    "pearson": 0.8757,
    "regression_loss": 0.3997,
    "rm2": 0.7528,
    "rmse": 0.6332,
    "sd": 0.6304,
    "spearman": 0.872,
    "spectral_loss": 0.0
}
                              
                              
----------------------------------------
Epoch 091 with LR 0.000100: Model Results
----------------------------------------
Train MSE Loss: 0.1542, Train CLS Loss: 0.0000, Train MCLS Loss: 0.0000
Protein Cluster Region Loss - Ortho Loss: 0.0000, Cluster Loss: 0.0000
                              
Validation Results: {
    "ci": 0.8556,
    "classification_loss": 0.0,
    "cluster_loss": 0.0,
    "mae": 0.4173,
    "mse": 0.4162,
    "multiclassification_loss": 0.0,
    "ortho_loss": 0.0,
    "pearson": 0.8655,
    "regression_loss": 0.4149,
    "rm2": 0.7317,
    "rmse": 0.6452,
    "sd": 0.6428,
    "spearman": 0.8708,
    "spectral_loss": 0.0
}
                              
Test Results: {
    "ci": 0.858,
    "classification_loss": 0.0,
    "cluster_loss": 0.0,
    "mae": 0.4124,
    "mse": 0.4009,
    "multiclassification_loss": 0.0,
    "ortho_loss": 0.0,
    "pearson": 0.8757,
    "regression_loss": 0.3997,
    "rm2": 0.7528,
    "rmse": 0.6332,
    "sd": 0.6304,
    "spearman": 0.872,
    "spectral_loss": 0.0
}
                              
                              
----------------------------------------
Epoch 092 with LR 0.000100: Model Results
----------------------------------------
Train MSE Loss: 0.1528, Train CLS Loss: 0.0000, Train MCLS Loss: 0.0000
Protein Cluster Region Loss - Ortho Loss: 0.0000, Cluster Loss: 0.0000
                              
Validation Results: {
    "ci": 0.8573,
    "classification_loss": 0.0,
    "cluster_loss": 0.0,
    "mae": 0.4145,
    "mse": 0.4113,
    "multiclassification_loss": 0.0,
    "ortho_loss": 0.0,
    "pearson": 0.8682,
    "regression_loss": 0.4101,
    "rm2": 0.7483,
    "rmse": 0.6414,
    "sd": 0.6367,
    "spearman": 0.8745,
    "spectral_loss": 0.0
}
                              
Test Results: {
    "ci": 0.858,
    "classification_loss": 0.0,
    "cluster_loss": 0.0,
    "mae": 0.4124,
    "mse": 0.4009,
    "multiclassification_loss": 0.0,
    "ortho_loss": 0.0,
    "pearson": 0.8757,
    "regression_loss": 0.3997,
    "rm2": 0.7528,
    "rmse": 0.6332,
    "sd": 0.6304,
    "spearman": 0.872,
    "spectral_loss": 0.0
}
                              
                              
----------------------------------------
Epoch 093 with LR 0.000100: Model Results
----------------------------------------
Train MSE Loss: 0.1535, Train CLS Loss: 0.0000, Train MCLS Loss: 0.0000
Protein Cluster Region Loss - Ortho Loss: 0.0000, Cluster Loss: 0.0000
                              
Validation Results: {
    "ci": 0.8572,
    "classification_loss": 0.0,
    "cluster_loss": 0.0,
    "mae": 0.4157,
    "mse": 0.4145,
    "multiclassification_loss": 0.0,
    "ortho_loss": 0.0,
    "pearson": 0.8675,
    "regression_loss": 0.4133,
    "rm2": 0.7261,
    "rmse": 0.6438,
    "sd": 0.6384,
    "spearman": 0.8736,
    "spectral_loss": 0.0
}
                              
Test Results: {
    "ci": 0.858,
    "classification_loss": 0.0,
    "cluster_loss": 0.0,
    "mae": 0.4124,
    "mse": 0.4009,
    "multiclassification_loss": 0.0,
    "ortho_loss": 0.0,
    "pearson": 0.8757,
    "regression_loss": 0.3997,
    "rm2": 0.7528,
    "rmse": 0.6332,
    "sd": 0.6304,
    "spearman": 0.872,
    "spectral_loss": 0.0
}
                              
                              
----------------------------------------
Epoch 094 with LR 0.000100: Model Results
----------------------------------------
Train MSE Loss: 0.1521, Train CLS Loss: 0.0000, Train MCLS Loss: 0.0000
Protein Cluster Region Loss - Ortho Loss: 0.0000, Cluster Loss: 0.0000
                              
Validation Results: {
    "ci": 0.8569,
    "classification_loss": 0.0,
    "cluster_loss": 0.0,
    "mae": 0.4156,
    "mse": 0.4139,
    "multiclassification_loss": 0.0,
    "ortho_loss": 0.0,
    "pearson": 0.8672,
    "regression_loss": 0.4125,
    "rm2": 0.7379,
    "rmse": 0.6434,
    "sd": 0.6391,
    "spearman": 0.8733,
    "spectral_loss": 0.0
}
                              
Test Results: {
    "ci": 0.858,
    "classification_loss": 0.0,
    "cluster_loss": 0.0,
    "mae": 0.4124,
    "mse": 0.4009,
    "multiclassification_loss": 0.0,
    "ortho_loss": 0.0,
    "pearson": 0.8757,
    "regression_loss": 0.3997,
    "rm2": 0.7528,
    "rmse": 0.6332,
    "sd": 0.6304,
    "spearman": 0.872,
    "spectral_loss": 0.0
}
                              
                              
----------------------------------------
Epoch 095 with LR 0.000100: Model Results
----------------------------------------
Train MSE Loss: 0.1521, Train CLS Loss: 0.0000, Train MCLS Loss: 0.0000
Protein Cluster Region Loss - Ortho Loss: 0.0000, Cluster Loss: 0.0000
                              
Validation Results: {
    "ci": 0.8565,
    "classification_loss": 0.0,
    "cluster_loss": 0.0,
    "mae": 0.4171,
    "mse": 0.4155,
    "multiclassification_loss": 0.0,
    "ortho_loss": 0.0,
    "pearson": 0.8669,
    "regression_loss": 0.4144,
    "rm2": 0.739,
    "rmse": 0.6446,
    "sd": 0.6397,
    "spearman": 0.8729,
    "spectral_loss": 0.0
}
                              
Test Results: {
    "ci": 0.858,
    "classification_loss": 0.0,
    "cluster_loss": 0.0,
    "mae": 0.4124,
    "mse": 0.4009,
    "multiclassification_loss": 0.0,
    "ortho_loss": 0.0,
    "pearson": 0.8757,
    "regression_loss": 0.3997,
    "rm2": 0.7528,
    "rmse": 0.6332,
    "sd": 0.6304,
    "spearman": 0.872,
    "spectral_loss": 0.0
}
                              
                              
----------------------------------------
Epoch 096 with LR 0.000100: Model Results
----------------------------------------
Train MSE Loss: 0.1514, Train CLS Loss: 0.0000, Train MCLS Loss: 0.0000
Protein Cluster Region Loss - Ortho Loss: 0.0000, Cluster Loss: 0.0000
                              
Validation Results: {
    "ci": 0.8585,
    "classification_loss": 0.0,
    "cluster_loss": 0.0,
    "mae": 0.4118,
    "mse": 0.4102,
    "multiclassification_loss": 0.0,
    "ortho_loss": 0.0,
    "pearson": 0.8698,
    "regression_loss": 0.4093,
    "rm2": 0.7336,
    "rmse": 0.6405,
    "sd": 0.6333,
    "spearman": 0.8756,
    "spectral_loss": 0.0
}
                              
Test Results: {
    "ci": 0.858,
    "classification_loss": 0.0,
    "cluster_loss": 0.0,
    "mae": 0.4124,
    "mse": 0.4009,
    "multiclassification_loss": 0.0,
    "ortho_loss": 0.0,
    "pearson": 0.8757,
    "regression_loss": 0.3997,
    "rm2": 0.7528,
    "rmse": 0.6332,
    "sd": 0.6304,
    "spearman": 0.872,
    "spectral_loss": 0.0
}
                              
                              
----------------------------------------
Epoch 097 with LR 0.000100: Model Results
----------------------------------------
Train MSE Loss: 0.1508, Train CLS Loss: 0.0000, Train MCLS Loss: 0.0000
Protein Cluster Region Loss - Ortho Loss: 0.0000, Cluster Loss: 0.0000
                              
Validation Results: {
    "ci": 0.8574,
    "classification_loss": 0.0,
    "cluster_loss": 0.0,
    "mae": 0.4147,
    "mse": 0.4128,
    "multiclassification_loss": 0.0,
    "ortho_loss": 0.0,
    "pearson": 0.8686,
    "regression_loss": 0.4116,
    "rm2": 0.7341,
    "rmse": 0.6425,
    "sd": 0.636,
    "spearman": 0.874,
    "spectral_loss": 0.0
}
                              
Test Results: {
    "ci": 0.858,
    "classification_loss": 0.0,
    "cluster_loss": 0.0,
    "mae": 0.4124,
    "mse": 0.4009,
    "multiclassification_loss": 0.0,
    "ortho_loss": 0.0,
    "pearson": 0.8757,
    "regression_loss": 0.3997,
    "rm2": 0.7528,
    "rmse": 0.6332,
    "sd": 0.6304,
    "spearman": 0.872,
    "spectral_loss": 0.0
}
                              
                              
----------------------------------------
Epoch 098 with LR 0.000100: Model Results
----------------------------------------
Train MSE Loss: 0.1504, Train CLS Loss: 0.0000, Train MCLS Loss: 0.0000
Protein Cluster Region Loss - Ortho Loss: 0.0000, Cluster Loss: 0.0000
                              
Validation Results: {
    "ci": 0.8578,
    "classification_loss": 0.0,
    "cluster_loss": 0.0,
    "mae": 0.415,
    "mse": 0.4154,
    "multiclassification_loss": 0.0,
    "ortho_loss": 0.0,
    "pearson": 0.8685,
    "regression_loss": 0.4142,
    "rm2": 0.716,
    "rmse": 0.6445,
    "sd": 0.6361,
    "spearman": 0.875,
    "spectral_loss": 0.0
}
                              
Test Results: {
    "ci": 0.858,
    "classification_loss": 0.0,
    "cluster_loss": 0.0,
    "mae": 0.4124,
    "mse": 0.4009,
    "multiclassification_loss": 0.0,
    "ortho_loss": 0.0,
    "pearson": 0.8757,
    "regression_loss": 0.3997,
    "rm2": 0.7528,
    "rmse": 0.6332,
    "sd": 0.6304,
    "spearman": 0.872,
    "spectral_loss": 0.0
}
                              
                              
----------------------------------------
Epoch 099 with LR 0.000100: Model Results
----------------------------------------
Train MSE Loss: 0.1492, Train CLS Loss: 0.0000, Train MCLS Loss: 0.0000
Protein Cluster Region Loss - Ortho Loss: 0.0000, Cluster Loss: 0.0000
                              
Validation Results: {
    "ci": 0.8571,
    "classification_loss": 0.0,
    "cluster_loss": 0.0,
    "mae": 0.4123,
    "mse": 0.416,
    "multiclassification_loss": 0.0,
    "ortho_loss": 0.0,
    "pearson": 0.8676,
    "regression_loss": 0.4148,
    "rm2": 0.7477,
    "rmse": 0.645,
    "sd": 0.6382,
    "spearman": 0.8729,
    "spectral_loss": 0.0
}
                              
Test Results: {
    "ci": 0.858,
    "classification_loss": 0.0,
    "cluster_loss": 0.0,
    "mae": 0.4124,
    "mse": 0.4009,
    "multiclassification_loss": 0.0,
    "ortho_loss": 0.0,
    "pearson": 0.8757,
    "regression_loss": 0.3997,
    "rm2": 0.7528,
    "rmse": 0.6332,
    "sd": 0.6304,
    "spearman": 0.872,
    "spectral_loss": 0.0
}
                              
                              
----------------------------------------
Epoch 100 with LR 0.000100: Model Results
----------------------------------------
Train MSE Loss: 0.1496, Train CLS Loss: 0.0000, Train MCLS Loss: 0.0000
Protein Cluster Region Loss - Ortho Loss: 0.0000, Cluster Loss: 0.0000
                              
Validation Results: {
    "ci": 0.8569,
    "classification_loss": 0.0,
    "cluster_loss": 0.0,
    "mae": 0.4149,
    "mse": 0.4117,
    "multiclassification_loss": 0.0,
    "ortho_loss": 0.0,
    "pearson": 0.8675,
    "regression_loss": 0.4103,
    "rm2": 0.7415,
    "rmse": 0.6417,
    "sd": 0.6384,
    "spearman": 0.8731,
    "spectral_loss": 0.0
}
                              
Test Results: {
    "ci": 0.858,
    "classification_loss": 0.0,
    "cluster_loss": 0.0,
    "mae": 0.4124,
    "mse": 0.4009,
    "multiclassification_loss": 0.0,
    "ortho_loss": 0.0,
    "pearson": 0.8757,
    "regression_loss": 0.3997,
    "rm2": 0.7528,
    "rmse": 0.6332,
    "sd": 0.6304,
    "spearman": 0.872,
    "spectral_loss": 0.0
}
[best epoch] epoch=80, best_rmse=0.638, lr_at_best=1.000e-04
                              
                              
----------------------------------------
Epoch 100 with LR 0.000100: Model Results
----------------------------------------
Train MSE Loss: 0.1496, Train CLS Loss: 0.0000, Train MCLS Loss: 0.0000
Protein Cluster Region Loss - Ortho Loss: 0.0000, Cluster Loss: 0.0000
                              
Validation Results: {
    "ci": 0.8569,
    "classification_loss": 0.0,
    "cluster_loss": 0.0,
    "mae": 0.4149,
    "mse": 0.4117,
    "multiclassification_loss": 0.0,
    "ortho_loss": 0.0,
    "pearson": 0.8675,
    "regression_loss": 0.4103,
    "rm2": 0.7415,
    "rmse": 0.6417,
    "sd": 0.6384,
    "spearman": 0.8731,
    "spectral_loss": 0.0
}
                              
Test Results: {
    "ci": 0.858,
    "classification_loss": 0.0,
    "cluster_loss": 0.0,
    "mae": 0.4124,
    "mse": 0.4009,
    "multiclassification_loss": 0.0,
    "ortho_loss": 0.0,
    "pearson": 0.8757,
    "regression_loss": 0.3997,
    "rm2": 0.7528,
    "rmse": 0.6332,
    "sd": 0.6304,
    "spearman": 0.872,
    "spectral_loss": 0.0
}
Final test metrics: rmse=0.6332, pearson=0.8757, r2_proxy(mse)=0.4009
Done. Predictions: /sc/arion/projects/DiseaseGeneCell/Huang_lab_project/wangcDrugRepoProject/TRACE_Kin_Results_v3/EITLEM_dataset/EITLEM_km_ESMv1_embedding_random/test_prediction_seed2.csv; checkpoint: /sc/arion/projects/DiseaseGeneCell/Huang_lab_project/wangcDrugRepoProject/TRACE_Kin_Results_v3/EITLEM_dataset/EITLEM_km_ESMv1_embedding_random/save_model_seed2/model.pt

==========================================
Array task 1/14: OK (EITLEM_km_ESMv1_embedding_random)
==========================================


PS:

Read file <242614933.1.stderr> for stderr output of this job.

