Sender: LSF System <lsfadmin@lg02e05>
Subject: Job 242602764[11]: <trace_kin_v3_s2[1-14]> in cluster <chimera> Done

Job <trace_kin_v3_s2[1-14]> was submitted from host <li04e01> by user <wangc40> in cluster <chimera> at Fri May  8 14:22:30 2026
Job was executed on host(s) <16*lg02e05>, in queue <gpu>, as user <wangc40> in cluster <chimera> at Fri May  8 14:23:00 2026
</hpc/users/wangc40> was used as the home directory.
</sc/arion/projects/DiseaseGeneCell/Huang_lab_project/wangcDrugRepoProject/TRACE-Kin> was used as the working directory.
Started at Fri May  8 14:23:00 2026
Terminated at Fri May  8 16:14:17 2026
Results reported at Fri May  8 16:14:17 2026

Your job looked like:

------------------------------------------------------------
# LSBATCH: User input
#!/bin/bash
#BSUB -J trace_kin_v3[1-14]
#BSUB -P acc_DiseaseGeneCell
#BSUB -q gpu
#BSUB -R h100nvl
#BSUB -gpu num=1
#BSUB -n 16
#BSUB -R "rusage[mem=8000]"
#BSUB -R "span[hosts=1]"
#BSUB -W 48:00
#BSUB -o %J.%I.stdout
#BSUB -eo %J.%I.stderr
#BSUB -L /bin/bash

# =============================================================================
# TRACE-Kin v3 rerun — LSF job array
# =============================================================================
# Submit with:
#     bsub < training/run_v3_array.lsf
#
# Or chain off the smoke test (recommended):
#     bsub -w "done(<SMOKE_JOB_ID>)" < training/run_v3_array.lsf
#
# For the multi-seed ensemble (the paper config), submit additional seeds in
# parallel after the SEED=1 array completes (or alongside, as separate jobs):
#     SEED=2 bsub -J "trace_kin_v3_s2[1-14]" < training/run_v3_array.lsf
#     SEED=3 bsub -J "trace_kin_v3_s3[1-14]" < training/run_v3_array.lsf
# After all seeds finish, analysis/aggregate_results.py averages predictions
# across seeds before computing RMSE.
#
# LSF expands #BSUB -J trace_kin_v3[1-14] into 14 array tasks, each with a
# distinct ${LSB_JOBINDEX} in 1..14. The body looks up the per-index
# (dataset_source, dataset_name, pool_paths) tuple from the inline table below
# and invokes train_trace_kin.py with model_version=v3.
#
# The 14 tasks correspond to:
#   * 12 RF-gap targets (catalytic kinetics where v1 trails RF by 1.4%–8.7%)
#   * 2 Ki preservation guards (where v1 already wins, must not regress)
# =============================================================================

# --- Environment -------------------------------------------------------------
# Match the prologue of the proven-working PSICHIC LSFs verbatim — no
# `set -euo pipefail`. Mount Sinai's /etc/profile.d scripts return non-zero
# in places that aren't real errors, and errexit aborts the job before
# module + conda activation can complete.
ml purge
source ~/.bashrc
module load anaconda3/2024.06
source activate test
module load cuda/12.4.0

(... more ...)
------------------------------------------------------------

Successfully completed.

Resource usage summary:

    CPU time :                                   6616.00 sec.
    Max Memory :                                 6323 MB
    Average Memory :                             6075.68 MB
    Total Requested Memory :                     128000.00 MB
    Delta Memory :                               121677.00 MB
    Max Swap :                                   -
    Max Processes :                              4
    Max Threads :                                19
    Run time :                                   6677 sec.
    Turnaround time :                            6707 sec.

The output (if any) follows:

==========================================
TRACE-Kin v3 array task 11/14
==========================================
Date:        Fri May  8 14:23:03 EDT 2026
Dataset:     /sc/arion/projects/DiseaseGeneCell/Huang_lab_project/drug_discovery/output/data/enzyme_embeddings_dataset/EITLEM_dataset/EITLEM_kkm_ProteinCLIP_embedding_cold_protein
Result:      /sc/arion/projects/DiseaseGeneCell/Huang_lab_project/wangcDrugRepoProject/TRACE_Kin_Results_v3/EITLEM_dataset/EITLEM_kkm_ProteinCLIP_embedding_cold_protein
Config:      training/config_v3.json
Pool CSVs:   (none)
Model:       v3 (dual-head + learned gate)
Epochs:      100, batch=16, seed=1, lr=1e-4
==========================================
Python 3.12.2
Python: /sc/arion/work/wangc40/test-env/envs/test/bin/python
CUDA device: NVIDIA H100 80GB HBM3, sm_90
============================================================
TRACE-Kin training
============================================================
Datafolder:        /sc/arion/projects/DiseaseGeneCell/Huang_lab_project/drug_discovery/output/data/enzyme_embeddings_dataset/EITLEM_dataset/EITLEM_kkm_ProteinCLIP_embedding_cold_protein
Result path:       /sc/arion/projects/DiseaseGeneCell/Huang_lab_project/wangcDrugRepoProject/TRACE_Kin_Results_v3/EITLEM_dataset/EITLEM_kkm_ProteinCLIP_embedding_cold_protein
Config:            training/config_v3.json
Pool train CSVs:   (none)
============================================================
Loading primary train: /sc/arion/projects/DiseaseGeneCell/Huang_lab_project/drug_discovery/output/data/enzyme_embeddings_dataset/EITLEM_dataset/EITLEM_kkm_ProteinCLIP_embedding_cold_protein/train.parquet
Loading primary test: /sc/arion/projects/DiseaseGeneCell/Huang_lab_project/drug_discovery/output/data/enzyme_embeddings_dataset/EITLEM_dataset/EITLEM_kkm_ProteinCLIP_embedding_cold_protein/test.parquet
Loading primary val: /sc/arion/projects/DiseaseGeneCell/Huang_lab_project/drug_discovery/output/data/enzyme_embeddings_dataset/EITLEM_dataset/EITLEM_kkm_ProteinCLIP_embedding_cold_protein/val.parquet
Detected prot_evo_channels = 128
seq2feat: 6607 unique sequences.
model_version: v3, use_swa: False
Building protein graphs from scratch (this can be slow)...
U, B, O, or 0 in Sequence
U, B, O, or 0 in Sequence
U, B, O, or 0 in Sequence
U, B, O, or 0 in Sequence
U, B, O, or 0 in Sequence
U, B, O, or 0 in Sequence
Building ligand graphs from scratch...
loaders ready: train=599 test=171 val=88
Computing PNA degrees from training data...
Built TraceKinV3 with 6,852,123 parameters
[LR schedule] schedule_lr=False, lrate=0.0001, min_lrate=0, warmup_iters=0, lr_decay_iters=59900, total_iters=59900
Not in terminal, reprint now using normal build-in print function.
                              
                              
----------------------------------------
Epoch 001 with LR 0.000100: Model Results
----------------------------------------
Train MSE Loss: 2.9248, Train CLS Loss: 0.0000, Train MCLS Loss: 0.0000
Protein Cluster Region Loss - Ortho Loss: 0.0000, Cluster Loss: 0.0000
                              
Validation Results: {
    "ci": 0.6211,
    "classification_loss": 0.0,
    "cluster_loss": 0.0,
    "mae": 1.2843,
    "mse": 2.6619,
    "multiclassification_loss": 0.0,
    "ortho_loss": 0.0,
    "pearson": 0.3462,
    "regression_loss": 2.6637,
    "rm2": 0.1182,
    "rmse": 1.6315,
    "sd": 1.6267,
    "spearman": 0.357,
    "spectral_loss": 0.0
}
                              
Test Results: {
    "ci": 0.6011,
    "classification_loss": 0.0,
    "cluster_loss": 0.0,
    "mae": 1.3075,
    "mse": 2.827,
    "multiclassification_loss": 0.0,
    "ortho_loss": 0.0,
    "pearson": 0.2963,
    "regression_loss": 2.82,
    "rm2": 0.0867,
    "rmse": 1.6814,
    "sd": 1.6572,
    "spearman": 0.2981,
    "spectral_loss": 0.0
}
                              
                              
----------------------------------------
Epoch 002 with LR 0.000100: Model Results
----------------------------------------
Train MSE Loss: 2.5349, Train CLS Loss: 0.0000, Train MCLS Loss: 0.0000
Protein Cluster Region Loss - Ortho Loss: 0.0000, Cluster Loss: 0.0000
                              
Validation Results: {
    "ci": 0.6446,
    "classification_loss": 0.0,
    "cluster_loss": 0.0,
    "mae": 1.2541,
    "mse": 2.5262,
    "multiclassification_loss": 0.0,
    "ortho_loss": 0.0,
    "pearson": 0.4136,
    "regression_loss": 2.5269,
    "rm2": 0.1621,
    "rmse": 1.5894,
    "sd": 1.5787,
    "spearman": 0.4236,
    "spectral_loss": 0.0
}
                              
Test Results: {
    "ci": 0.6196,
    "classification_loss": 0.0,
    "cluster_loss": 0.0,
    "mae": 1.2747,
    "mse": 2.6701,
    "multiclassification_loss": 0.0,
    "ortho_loss": 0.0,
    "pearson": 0.3501,
    "regression_loss": 2.6625,
    "rm2": 0.1171,
    "rmse": 1.634,
    "sd": 1.6253,
    "spearman": 0.3513,
    "spectral_loss": 0.0
}
                              
                              
----------------------------------------
Epoch 003 with LR 0.000100: Model Results
----------------------------------------
Train MSE Loss: 2.3182, Train CLS Loss: 0.0000, Train MCLS Loss: 0.0000
Protein Cluster Region Loss - Ortho Loss: 0.0000, Cluster Loss: 0.0000
                              
Validation Results: {
    "ci": 0.6485,
    "classification_loss": 0.0,
    "cluster_loss": 0.0,
    "mae": 1.2399,
    "mse": 2.5464,
    "multiclassification_loss": 0.0,
    "ortho_loss": 0.0,
    "pearson": 0.4206,
    "regression_loss": 2.5471,
    "rm2": 0.1619,
    "rmse": 1.5957,
    "sd": 1.5732,
    "spearman": 0.4355,
    "spectral_loss": 0.0
}
                              
Test Results: {
    "ci": 0.6196,
    "classification_loss": 0.0,
    "cluster_loss": 0.0,
    "mae": 1.2747,
    "mse": 2.6701,
    "multiclassification_loss": 0.0,
    "ortho_loss": 0.0,
    "pearson": 0.3501,
    "regression_loss": 2.6625,
    "rm2": 0.1171,
    "rmse": 1.634,
    "sd": 1.6253,
    "spearman": 0.3513,
    "spectral_loss": 0.0
}
                              
                              
----------------------------------------
Epoch 004 with LR 0.000100: Model Results
----------------------------------------
Train MSE Loss: 2.1331, Train CLS Loss: 0.0000, Train MCLS Loss: 0.0000
Protein Cluster Region Loss - Ortho Loss: 0.0000, Cluster Loss: 0.0000
                              
Validation Results: {
    "ci": 0.6572,
    "classification_loss": 0.0,
    "cluster_loss": 0.0,
    "mae": 1.2518,
    "mse": 2.6014,
    "multiclassification_loss": 0.0,
    "ortho_loss": 0.0,
    "pearson": 0.4414,
    "regression_loss": 2.6019,
    "rm2": 0.1674,
    "rmse": 1.6129,
    "sd": 1.556,
    "spearman": 0.4553,
    "spectral_loss": 0.0
}
                              
Test Results: {
    "ci": 0.6196,
    "classification_loss": 0.0,
    "cluster_loss": 0.0,
    "mae": 1.2747,
    "mse": 2.6701,
    "multiclassification_loss": 0.0,
    "ortho_loss": 0.0,
    "pearson": 0.3501,
    "regression_loss": 2.6625,
    "rm2": 0.1171,
    "rmse": 1.634,
    "sd": 1.6253,
    "spearman": 0.3513,
    "spectral_loss": 0.0
}
                              
                              
----------------------------------------
Epoch 005 with LR 0.000100: Model Results
----------------------------------------
Train MSE Loss: 1.9796, Train CLS Loss: 0.0000, Train MCLS Loss: 0.0000
Protein Cluster Region Loss - Ortho Loss: 0.0000, Cluster Loss: 0.0000
                              
Validation Results: {
    "ci": 0.6575,
    "classification_loss": 0.0,
    "cluster_loss": 0.0,
    "mae": 1.2026,
    "mse": 2.4962,
    "multiclassification_loss": 0.0,
    "ortho_loss": 0.0,
    "pearson": 0.4431,
    "regression_loss": 2.4968,
    "rm2": 0.1827,
    "rmse": 1.5799,
    "sd": 1.5545,
    "spearman": 0.4567,
    "spectral_loss": 0.0
}
                              
Test Results: {
    "ci": 0.6449,
    "classification_loss": 0.0,
    "cluster_loss": 0.0,
    "mae": 1.2274,
    "mse": 2.5594,
    "multiclassification_loss": 0.0,
    "ortho_loss": 0.0,
    "pearson": 0.4289,
    "regression_loss": 2.553,
    "rm2": 0.1755,
    "rmse": 1.5998,
    "sd": 1.5674,
    "spearman": 0.4183,
    "spectral_loss": 0.0
}
                              
                              
----------------------------------------
Epoch 006 with LR 0.000100: Model Results
----------------------------------------
Train MSE Loss: 1.8478, Train CLS Loss: 0.0000, Train MCLS Loss: 0.0000
Protein Cluster Region Loss - Ortho Loss: 0.0000, Cluster Loss: 0.0000
                              
Validation Results: {
    "ci": 0.654,
    "classification_loss": 0.0,
    "cluster_loss": 0.0,
    "mae": 1.2341,
    "mse": 2.6266,
    "multiclassification_loss": 0.0,
    "ortho_loss": 0.0,
    "pearson": 0.4281,
    "regression_loss": 2.628,
    "rm2": 0.1681,
    "rmse": 1.6207,
    "sd": 1.567,
    "spearman": 0.4454,
    "spectral_loss": 0.0
}
                              
Test Results: {
    "ci": 0.6449,
    "classification_loss": 0.0,
    "cluster_loss": 0.0,
    "mae": 1.2274,
    "mse": 2.5594,
    "multiclassification_loss": 0.0,
    "ortho_loss": 0.0,
    "pearson": 0.4289,
    "regression_loss": 2.553,
    "rm2": 0.1755,
    "rmse": 1.5998,
    "sd": 1.5674,
    "spearman": 0.4183,
    "spectral_loss": 0.0
}
                              
                              
----------------------------------------
Epoch 007 with LR 0.000100: Model Results
----------------------------------------
Train MSE Loss: 1.7350, Train CLS Loss: 0.0000, Train MCLS Loss: 0.0000
Protein Cluster Region Loss - Ortho Loss: 0.0000, Cluster Loss: 0.0000
                              
Validation Results: {
    "ci": 0.6731,
    "classification_loss": 0.0,
    "cluster_loss": 0.0,
    "mae": 1.1704,
    "mse": 2.4292,
    "multiclassification_loss": 0.0,
    "ortho_loss": 0.0,
    "pearson": 0.476,
    "regression_loss": 2.4293,
    "rm2": 0.2069,
    "rmse": 1.5586,
    "sd": 1.5249,
    "spearman": 0.4935,
    "spectral_loss": 0.0
}
                              
Test Results: {
    "ci": 0.6583,
    "classification_loss": 0.0,
    "cluster_loss": 0.0,
    "mae": 1.1929,
    "mse": 2.4731,
    "multiclassification_loss": 0.0,
    "ortho_loss": 0.0,
    "pearson": 0.4657,
    "regression_loss": 2.4662,
    "rm2": 0.2035,
    "rmse": 1.5726,
    "sd": 1.5355,
    "spearman": 0.4506,
    "spectral_loss": 0.0
}
                              
                              
----------------------------------------
Epoch 008 with LR 0.000100: Model Results
----------------------------------------
Train MSE Loss: 1.6263, Train CLS Loss: 0.0000, Train MCLS Loss: 0.0000
Protein Cluster Region Loss - Ortho Loss: 0.0000, Cluster Loss: 0.0000
                              
Validation Results: {
    "ci": 0.6758,
    "classification_loss": 0.0,
    "cluster_loss": 0.0,
    "mae": 1.1616,
    "mse": 2.4015,
    "multiclassification_loss": 0.0,
    "ortho_loss": 0.0,
    "pearson": 0.4859,
    "regression_loss": 2.4012,
    "rm2": 0.2147,
    "rmse": 1.5497,
    "sd": 1.5155,
    "spearman": 0.5017,
    "spectral_loss": 0.0
}
                              
Test Results: {
    "ci": 0.6637,
    "classification_loss": 0.0,
    "cluster_loss": 0.0,
    "mae": 1.1753,
    "mse": 2.4462,
    "multiclassification_loss": 0.0,
    "ortho_loss": 0.0,
    "pearson": 0.4796,
    "regression_loss": 2.4392,
    "rm2": 0.215,
    "rmse": 1.564,
    "sd": 1.5225,
    "spearman": 0.4642,
    "spectral_loss": 0.0
}
                              
                              
----------------------------------------
Epoch 009 with LR 0.000100: Model Results
----------------------------------------
Train MSE Loss: 1.5102, Train CLS Loss: 0.0000, Train MCLS Loss: 0.0000
Protein Cluster Region Loss - Ortho Loss: 0.0000, Cluster Loss: 0.0000
                              
Validation Results: {
    "ci": 0.6726,
    "classification_loss": 0.0,
    "cluster_loss": 0.0,
    "mae": 1.1657,
    "mse": 2.4444,
    "multiclassification_loss": 0.0,
    "ortho_loss": 0.0,
    "pearson": 0.4766,
    "regression_loss": 2.4448,
    "rm2": 0.2115,
    "rmse": 1.5635,
    "sd": 1.5244,
    "spearman": 0.4926,
    "spectral_loss": 0.0
}
                              
Test Results: {
    "ci": 0.6637,
    "classification_loss": 0.0,
    "cluster_loss": 0.0,
    "mae": 1.1753,
    "mse": 2.4462,
    "multiclassification_loss": 0.0,
    "ortho_loss": 0.0,
    "pearson": 0.4796,
    "regression_loss": 2.4392,
    "rm2": 0.215,
    "rmse": 1.564,
    "sd": 1.5225,
    "spearman": 0.4642,
    "spectral_loss": 0.0
}
                              
                              
----------------------------------------
Epoch 010 with LR 0.000100: Model Results
----------------------------------------
Train MSE Loss: 1.4340, Train CLS Loss: 0.0000, Train MCLS Loss: 0.0000
Protein Cluster Region Loss - Ortho Loss: 0.0000, Cluster Loss: 0.0000
                              
Validation Results: {
    "ci": 0.6752,
    "classification_loss": 0.0,
    "cluster_loss": 0.0,
    "mae": 1.1589,
    "mse": 2.4614,
    "multiclassification_loss": 0.0,
    "ortho_loss": 0.0,
    "pearson": 0.4745,
    "regression_loss": 2.4616,
    "rm2": 0.2142,
    "rmse": 1.5689,
    "sd": 1.5263,
    "spearman": 0.4965,
    "spectral_loss": 0.0
}
                              
Test Results: {
    "ci": 0.6637,
    "classification_loss": 0.0,
    "cluster_loss": 0.0,
    "mae": 1.1753,
    "mse": 2.4462,
    "multiclassification_loss": 0.0,
    "ortho_loss": 0.0,
    "pearson": 0.4796,
    "regression_loss": 2.4392,
    "rm2": 0.215,
    "rmse": 1.564,
    "sd": 1.5225,
    "spearman": 0.4642,
    "spectral_loss": 0.0
}
                              
                              
----------------------------------------
Epoch 011 with LR 0.000100: Model Results
----------------------------------------
Train MSE Loss: 1.3815, Train CLS Loss: 0.0000, Train MCLS Loss: 0.0000
Protein Cluster Region Loss - Ortho Loss: 0.0000, Cluster Loss: 0.0000
                              
Validation Results: {
    "ci": 0.6748,
    "classification_loss": 0.0,
    "cluster_loss": 0.0,
    "mae": 1.1862,
    "mse": 2.4896,
    "multiclassification_loss": 0.0,
    "ortho_loss": 0.0,
    "pearson": 0.4719,
    "regression_loss": 2.4894,
    "rm2": 0.2065,
    "rmse": 1.5778,
    "sd": 1.5288,
    "spearman": 0.4984,
    "spectral_loss": 0.0
}
                              
Test Results: {
    "ci": 0.6637,
    "classification_loss": 0.0,
    "cluster_loss": 0.0,
    "mae": 1.1753,
    "mse": 2.4462,
    "multiclassification_loss": 0.0,
    "ortho_loss": 0.0,
    "pearson": 0.4796,
    "regression_loss": 2.4392,
    "rm2": 0.215,
    "rmse": 1.564,
    "sd": 1.5225,
    "spearman": 0.4642,
    "spectral_loss": 0.0
}
                              
                              
----------------------------------------
Epoch 012 with LR 0.000100: Model Results
----------------------------------------
Train MSE Loss: 1.3158, Train CLS Loss: 0.0000, Train MCLS Loss: 0.0000
Protein Cluster Region Loss - Ortho Loss: 0.0000, Cluster Loss: 0.0000
                              
Validation Results: {
    "ci": 0.6732,
    "classification_loss": 0.0,
    "cluster_loss": 0.0,
    "mae": 1.2081,
    "mse": 2.6766,
    "multiclassification_loss": 0.0,
    "ortho_loss": 0.0,
    "pearson": 0.4651,
    "regression_loss": 2.6765,
    "rm2": 0.1958,
    "rmse": 1.636,
    "sd": 1.535,
    "spearman": 0.4911,
    "spectral_loss": 0.0
}
                              
Test Results: {
    "ci": 0.6637,
    "classification_loss": 0.0,
    "cluster_loss": 0.0,
    "mae": 1.1753,
    "mse": 2.4462,
    "multiclassification_loss": 0.0,
    "ortho_loss": 0.0,
    "pearson": 0.4796,
    "regression_loss": 2.4392,
    "rm2": 0.215,
    "rmse": 1.564,
    "sd": 1.5225,
    "spearman": 0.4642,
    "spectral_loss": 0.0
}
                              
                              
----------------------------------------
Epoch 013 with LR 0.000100: Model Results
----------------------------------------
Train MSE Loss: 1.2506, Train CLS Loss: 0.0000, Train MCLS Loss: 0.0000
Protein Cluster Region Loss - Ortho Loss: 0.0000, Cluster Loss: 0.0000
                              
Validation Results: {
    "ci": 0.6777,
    "classification_loss": 0.0,
    "cluster_loss": 0.0,
    "mae": 1.174,
    "mse": 2.5348,
    "multiclassification_loss": 0.0,
    "ortho_loss": 0.0,
    "pearson": 0.4797,
    "regression_loss": 2.5347,
    "rm2": 0.2097,
    "rmse": 1.5921,
    "sd": 1.5214,
    "spearman": 0.5025,
    "spectral_loss": 0.0
}
                              
Test Results: {
    "ci": 0.6637,
    "classification_loss": 0.0,
    "cluster_loss": 0.0,
    "mae": 1.1753,
    "mse": 2.4462,
    "multiclassification_loss": 0.0,
    "ortho_loss": 0.0,
    "pearson": 0.4796,
    "regression_loss": 2.4392,
    "rm2": 0.215,
    "rmse": 1.564,
    "sd": 1.5225,
    "spearman": 0.4642,
    "spectral_loss": 0.0
}
                              
                              
----------------------------------------
Epoch 014 with LR 0.000100: Model Results
----------------------------------------
Train MSE Loss: 1.2084, Train CLS Loss: 0.0000, Train MCLS Loss: 0.0000
Protein Cluster Region Loss - Ortho Loss: 0.0000, Cluster Loss: 0.0000
                              
Validation Results: {
    "ci": 0.6689,
    "classification_loss": 0.0,
    "cluster_loss": 0.0,
    "mae": 1.1934,
    "mse": 2.6314,
    "multiclassification_loss": 0.0,
    "ortho_loss": 0.0,
    "pearson": 0.4561,
    "regression_loss": 2.6311,
    "rm2": 0.1815,
    "rmse": 1.6221,
    "sd": 1.5431,
    "spearman": 0.4767,
    "spectral_loss": 0.0
}
                              
Test Results: {
    "ci": 0.6637,
    "classification_loss": 0.0,
    "cluster_loss": 0.0,
    "mae": 1.1753,
    "mse": 2.4462,
    "multiclassification_loss": 0.0,
    "ortho_loss": 0.0,
    "pearson": 0.4796,
    "regression_loss": 2.4392,
    "rm2": 0.215,
    "rmse": 1.564,
    "sd": 1.5225,
    "spearman": 0.4642,
    "spectral_loss": 0.0
}
                              
                              
----------------------------------------
Epoch 015 with LR 0.000100: Model Results
----------------------------------------
Train MSE Loss: 1.1596, Train CLS Loss: 0.0000, Train MCLS Loss: 0.0000
Protein Cluster Region Loss - Ortho Loss: 0.0000, Cluster Loss: 0.0000
                              
Validation Results: {
    "ci": 0.6725,
    "classification_loss": 0.0,
    "cluster_loss": 0.0,
    "mae": 1.1782,
    "mse": 2.5556,
    "multiclassification_loss": 0.0,
    "ortho_loss": 0.0,
    "pearson": 0.4647,
    "regression_loss": 2.556,
    "rm2": 0.2012,
    "rmse": 1.5986,
    "sd": 1.5354,
    "spearman": 0.4876,
    "spectral_loss": 0.0
}
                              
Test Results: {
    "ci": 0.6637,
    "classification_loss": 0.0,
    "cluster_loss": 0.0,
    "mae": 1.1753,
    "mse": 2.4462,
    "multiclassification_loss": 0.0,
    "ortho_loss": 0.0,
    "pearson": 0.4796,
    "regression_loss": 2.4392,
    "rm2": 0.215,
    "rmse": 1.564,
    "sd": 1.5225,
    "spearman": 0.4642,
    "spectral_loss": 0.0
}
                              
                              
----------------------------------------
Epoch 016 with LR 0.000100: Model Results
----------------------------------------
Train MSE Loss: 1.1063, Train CLS Loss: 0.0000, Train MCLS Loss: 0.0000
Protein Cluster Region Loss - Ortho Loss: 0.0000, Cluster Loss: 0.0000
                              
Validation Results: {
    "ci": 0.6835,
    "classification_loss": 0.0,
    "cluster_loss": 0.0,
    "mae": 1.1346,
    "mse": 2.3825,
    "multiclassification_loss": 0.0,
    "ortho_loss": 0.0,
    "pearson": 0.4911,
    "regression_loss": 2.3823,
    "rm2": 0.2208,
    "rmse": 1.5435,
    "sd": 1.5105,
    "spearman": 0.5155,
    "spectral_loss": 0.0
}
                              
Test Results: {
    "ci": 0.6788,
    "classification_loss": 0.0,
    "cluster_loss": 0.0,
    "mae": 1.1308,
    "mse": 2.3196,
    "multiclassification_loss": 0.0,
    "ortho_loss": 0.0,
    "pearson": 0.5177,
    "regression_loss": 2.3135,
    "rm2": 0.2507,
    "rmse": 1.523,
    "sd": 1.4845,
    "spearman": 0.5007,
    "spectral_loss": 0.0
}
                              
                              
----------------------------------------
Epoch 017 with LR 0.000100: Model Results
----------------------------------------
Train MSE Loss: 1.0902, Train CLS Loss: 0.0000, Train MCLS Loss: 0.0000
Protein Cluster Region Loss - Ortho Loss: 0.0000, Cluster Loss: 0.0000
                              
Validation Results: {
    "ci": 0.6692,
    "classification_loss": 0.0,
    "cluster_loss": 0.0,
    "mae": 1.1936,
    "mse": 2.6407,
    "multiclassification_loss": 0.0,
    "ortho_loss": 0.0,
    "pearson": 0.4564,
    "regression_loss": 2.641,
    "rm2": 0.1948,
    "rmse": 1.625,
    "sd": 1.5428,
    "spearman": 0.4741,
    "spectral_loss": 0.0
}
                              
Test Results: {
    "ci": 0.6788,
    "classification_loss": 0.0,
    "cluster_loss": 0.0,
    "mae": 1.1308,
    "mse": 2.3196,
    "multiclassification_loss": 0.0,
    "ortho_loss": 0.0,
    "pearson": 0.5177,
    "regression_loss": 2.3135,
    "rm2": 0.2507,
    "rmse": 1.523,
    "sd": 1.4845,
    "spearman": 0.5007,
    "spectral_loss": 0.0
}
                              
                              
----------------------------------------
Epoch 018 with LR 0.000100: Model Results
----------------------------------------
Train MSE Loss: 1.0541, Train CLS Loss: 0.0000, Train MCLS Loss: 0.0000
Protein Cluster Region Loss - Ortho Loss: 0.0000, Cluster Loss: 0.0000
                              
Validation Results: {
    "ci": 0.6689,
    "classification_loss": 0.0,
    "cluster_loss": 0.0,
    "mae": 1.2154,
    "mse": 2.7862,
    "multiclassification_loss": 0.0,
    "ortho_loss": 0.0,
    "pearson": 0.427,
    "regression_loss": 2.7866,
    "rm2": 0.1654,
    "rmse": 1.6692,
    "sd": 1.568,
    "spearman": 0.4732,
    "spectral_loss": 0.0
}
                              
Test Results: {
    "ci": 0.6788,
    "classification_loss": 0.0,
    "cluster_loss": 0.0,
    "mae": 1.1308,
    "mse": 2.3196,
    "multiclassification_loss": 0.0,
    "ortho_loss": 0.0,
    "pearson": 0.5177,
    "regression_loss": 2.3135,
    "rm2": 0.2507,
    "rmse": 1.523,
    "sd": 1.4845,
    "spearman": 0.5007,
    "spectral_loss": 0.0
}
                              
                              
----------------------------------------
Epoch 019 with LR 0.000100: Model Results
----------------------------------------
Train MSE Loss: 1.0242, Train CLS Loss: 0.0000, Train MCLS Loss: 0.0000
Protein Cluster Region Loss - Ortho Loss: 0.0000, Cluster Loss: 0.0000
                              
Validation Results: {
    "ci": 0.678,
    "classification_loss": 0.0,
    "cluster_loss": 0.0,
    "mae": 1.1758,
    "mse": 2.5688,
    "multiclassification_loss": 0.0,
    "ortho_loss": 0.0,
    "pearson": 0.4748,
    "regression_loss": 2.5681,
    "rm2": 0.1958,
    "rmse": 1.6028,
    "sd": 1.5261,
    "spearman": 0.5,
    "spectral_loss": 0.0
}
                              
Test Results: {
    "ci": 0.6788,
    "classification_loss": 0.0,
    "cluster_loss": 0.0,
    "mae": 1.1308,
    "mse": 2.3196,
    "multiclassification_loss": 0.0,
    "ortho_loss": 0.0,
    "pearson": 0.5177,
    "regression_loss": 2.3135,
    "rm2": 0.2507,
    "rmse": 1.523,
    "sd": 1.4845,
    "spearman": 0.5007,
    "spectral_loss": 0.0
}
                              
                              
----------------------------------------
Epoch 020 with LR 0.000100: Model Results
----------------------------------------
Train MSE Loss: 0.9960, Train CLS Loss: 0.0000, Train MCLS Loss: 0.0000
Protein Cluster Region Loss - Ortho Loss: 0.0000, Cluster Loss: 0.0000
                              
Validation Results: {
    "ci": 0.6761,
    "classification_loss": 0.0,
    "cluster_loss": 0.0,
    "mae": 1.1708,
    "mse": 2.5151,
    "multiclassification_loss": 0.0,
    "ortho_loss": 0.0,
    "pearson": 0.4741,
    "regression_loss": 2.5149,
    "rm2": 0.1975,
    "rmse": 1.5859,
    "sd": 1.5267,
    "spearman": 0.4948,
    "spectral_loss": 0.0
}
                              
Test Results: {
    "ci": 0.6788,
    "classification_loss": 0.0,
    "cluster_loss": 0.0,
    "mae": 1.1308,
    "mse": 2.3196,
    "multiclassification_loss": 0.0,
    "ortho_loss": 0.0,
    "pearson": 0.5177,
    "regression_loss": 2.3135,
    "rm2": 0.2507,
    "rmse": 1.523,
    "sd": 1.4845,
    "spearman": 0.5007,
    "spectral_loss": 0.0
}
                              
                              
----------------------------------------
Epoch 021 with LR 0.000100: Model Results
----------------------------------------
Train MSE Loss: 0.9763, Train CLS Loss: 0.0000, Train MCLS Loss: 0.0000
Protein Cluster Region Loss - Ortho Loss: 0.0000, Cluster Loss: 0.0000
                              
Validation Results: {
    "ci": 0.6682,
    "classification_loss": 0.0,
    "cluster_loss": 0.0,
    "mae": 1.1885,
    "mse": 2.6507,
    "multiclassification_loss": 0.0,
    "ortho_loss": 0.0,
    "pearson": 0.4449,
    "regression_loss": 2.6503,
    "rm2": 0.1801,
    "rmse": 1.6281,
    "sd": 1.553,
    "spearman": 0.4723,
    "spectral_loss": 0.0
}
                              
Test Results: {
    "ci": 0.6788,
    "classification_loss": 0.0,
    "cluster_loss": 0.0,
    "mae": 1.1308,
    "mse": 2.3196,
    "multiclassification_loss": 0.0,
    "ortho_loss": 0.0,
    "pearson": 0.5177,
    "regression_loss": 2.3135,
    "rm2": 0.2507,
    "rmse": 1.523,
    "sd": 1.4845,
    "spearman": 0.5007,
    "spectral_loss": 0.0
}
                              
                              
----------------------------------------
Epoch 022 with LR 0.000100: Model Results
----------------------------------------
Train MSE Loss: 0.9415, Train CLS Loss: 0.0000, Train MCLS Loss: 0.0000
Protein Cluster Region Loss - Ortho Loss: 0.0000, Cluster Loss: 0.0000
                              
Validation Results: {
    "ci": 0.6745,
    "classification_loss": 0.0,
    "cluster_loss": 0.0,
    "mae": 1.2016,
    "mse": 2.7953,
    "multiclassification_loss": 0.0,
    "ortho_loss": 0.0,
    "pearson": 0.4477,
    "regression_loss": 2.7947,
    "rm2": 0.171,
    "rmse": 1.6719,
    "sd": 1.5505,
    "spearman": 0.4844,
    "spectral_loss": 0.0
}
                              
Test Results: {
    "ci": 0.6788,
    "classification_loss": 0.0,
    "cluster_loss": 0.0,
    "mae": 1.1308,
    "mse": 2.3196,
    "multiclassification_loss": 0.0,
    "ortho_loss": 0.0,
    "pearson": 0.5177,
    "regression_loss": 2.3135,
    "rm2": 0.2507,
    "rmse": 1.523,
    "sd": 1.4845,
    "spearman": 0.5007,
    "spectral_loss": 0.0
}
                              
                              
----------------------------------------
Epoch 023 with LR 0.000100: Model Results
----------------------------------------
Train MSE Loss: 0.9290, Train CLS Loss: 0.0000, Train MCLS Loss: 0.0000
Protein Cluster Region Loss - Ortho Loss: 0.0000, Cluster Loss: 0.0000
                              
Validation Results: {
    "ci": 0.6654,
    "classification_loss": 0.0,
    "cluster_loss": 0.0,
    "mae": 1.2294,
    "mse": 2.8162,
    "multiclassification_loss": 0.0,
    "ortho_loss": 0.0,
    "pearson": 0.4423,
    "regression_loss": 2.8153,
    "rm2": 0.1716,
    "rmse": 1.6782,
    "sd": 1.5551,
    "spearman": 0.4623,
    "spectral_loss": 0.0
}
                              
Test Results: {
    "ci": 0.6788,
    "classification_loss": 0.0,
    "cluster_loss": 0.0,
    "mae": 1.1308,
    "mse": 2.3196,
    "multiclassification_loss": 0.0,
    "ortho_loss": 0.0,
    "pearson": 0.5177,
    "regression_loss": 2.3135,
    "rm2": 0.2507,
    "rmse": 1.523,
    "sd": 1.4845,
    "spearman": 0.5007,
    "spectral_loss": 0.0
}
                              
                              
----------------------------------------
Epoch 024 with LR 0.000100: Model Results
----------------------------------------
Train MSE Loss: 0.9082, Train CLS Loss: 0.0000, Train MCLS Loss: 0.0000
Protein Cluster Region Loss - Ortho Loss: 0.0000, Cluster Loss: 0.0000
                              
Validation Results: {
    "ci": 0.6719,
    "classification_loss": 0.0,
    "cluster_loss": 0.0,
    "mae": 1.1985,
    "mse": 2.7151,
    "multiclassification_loss": 0.0,
    "ortho_loss": 0.0,
    "pearson": 0.4534,
    "regression_loss": 2.7141,
    "rm2": 0.1805,
    "rmse": 1.6478,
    "sd": 1.5455,
    "spearman": 0.4808,
    "spectral_loss": 0.0
}
                              
Test Results: {
    "ci": 0.6788,
    "classification_loss": 0.0,
    "cluster_loss": 0.0,
    "mae": 1.1308,
    "mse": 2.3196,
    "multiclassification_loss": 0.0,
    "ortho_loss": 0.0,
    "pearson": 0.5177,
    "regression_loss": 2.3135,
    "rm2": 0.2507,
    "rmse": 1.523,
    "sd": 1.4845,
    "spearman": 0.5007,
    "spectral_loss": 0.0
}
                              
                              
----------------------------------------
Epoch 025 with LR 0.000100: Model Results
----------------------------------------
Train MSE Loss: 0.8924, Train CLS Loss: 0.0000, Train MCLS Loss: 0.0000
Protein Cluster Region Loss - Ortho Loss: 0.0000, Cluster Loss: 0.0000
                              
Validation Results: {
    "ci": 0.6732,
    "classification_loss": 0.0,
    "cluster_loss": 0.0,
    "mae": 1.1906,
    "mse": 2.6822,
    "multiclassification_loss": 0.0,
    "ortho_loss": 0.0,
    "pearson": 0.4472,
    "regression_loss": 2.6814,
    "rm2": 0.1752,
    "rmse": 1.6378,
    "sd": 1.551,
    "spearman": 0.4845,
    "spectral_loss": 0.0
}
                              
Test Results: {
    "ci": 0.6788,
    "classification_loss": 0.0,
    "cluster_loss": 0.0,
    "mae": 1.1308,
    "mse": 2.3196,
    "multiclassification_loss": 0.0,
    "ortho_loss": 0.0,
    "pearson": 0.5177,
    "regression_loss": 2.3135,
    "rm2": 0.2507,
    "rmse": 1.523,
    "sd": 1.4845,
    "spearman": 0.5007,
    "spectral_loss": 0.0
}
                              
                              
----------------------------------------
Epoch 026 with LR 0.000100: Model Results
----------------------------------------
Train MSE Loss: 0.8722, Train CLS Loss: 0.0000, Train MCLS Loss: 0.0000
Protein Cluster Region Loss - Ortho Loss: 0.0000, Cluster Loss: 0.0000
                              
Validation Results: {
    "ci": 0.6757,
    "classification_loss": 0.0,
    "cluster_loss": 0.0,
    "mae": 1.2015,
    "mse": 2.7627,
    "multiclassification_loss": 0.0,
    "ortho_loss": 0.0,
    "pearson": 0.4473,
    "regression_loss": 2.7619,
    "rm2": 0.1749,
    "rmse": 1.6621,
    "sd": 1.5509,
    "spearman": 0.4896,
    "spectral_loss": 0.0
}
                              
Test Results: {
    "ci": 0.6788,
    "classification_loss": 0.0,
    "cluster_loss": 0.0,
    "mae": 1.1308,
    "mse": 2.3196,
    "multiclassification_loss": 0.0,
    "ortho_loss": 0.0,
    "pearson": 0.5177,
    "regression_loss": 2.3135,
    "rm2": 0.2507,
    "rmse": 1.523,
    "sd": 1.4845,
    "spearman": 0.5007,
    "spectral_loss": 0.0
}
                              
                              
----------------------------------------
Epoch 027 with LR 0.000100: Model Results
----------------------------------------
Train MSE Loss: 0.8523, Train CLS Loss: 0.0000, Train MCLS Loss: 0.0000
Protein Cluster Region Loss - Ortho Loss: 0.0000, Cluster Loss: 0.0000
                              
Validation Results: {
    "ci": 0.6703,
    "classification_loss": 0.0,
    "cluster_loss": 0.0,
    "mae": 1.2026,
    "mse": 2.7009,
    "multiclassification_loss": 0.0,
    "ortho_loss": 0.0,
    "pearson": 0.4507,
    "regression_loss": 2.6997,
    "rm2": 0.1767,
    "rmse": 1.6434,
    "sd": 1.5479,
    "spearman": 0.4781,
    "spectral_loss": 0.0
}
                              
Test Results: {
    "ci": 0.6788,
    "classification_loss": 0.0,
    "cluster_loss": 0.0,
    "mae": 1.1308,
    "mse": 2.3196,
    "multiclassification_loss": 0.0,
    "ortho_loss": 0.0,
    "pearson": 0.5177,
    "regression_loss": 2.3135,
    "rm2": 0.2507,
    "rmse": 1.523,
    "sd": 1.4845,
    "spearman": 0.5007,
    "spectral_loss": 0.0
}
                              
                              
----------------------------------------
Epoch 028 with LR 0.000100: Model Results
----------------------------------------
Train MSE Loss: 0.8494, Train CLS Loss: 0.0000, Train MCLS Loss: 0.0000
Protein Cluster Region Loss - Ortho Loss: 0.0000, Cluster Loss: 0.0000
                              
Validation Results: {
    "ci": 0.6695,
    "classification_loss": 0.0,
    "cluster_loss": 0.0,
    "mae": 1.2101,
    "mse": 2.7412,
    "multiclassification_loss": 0.0,
    "ortho_loss": 0.0,
    "pearson": 0.4433,
    "regression_loss": 2.7404,
    "rm2": 0.1764,
    "rmse": 1.6557,
    "sd": 1.5543,
    "spearman": 0.4726,
    "spectral_loss": 0.0
}
                              
Test Results: {
    "ci": 0.6788,
    "classification_loss": 0.0,
    "cluster_loss": 0.0,
    "mae": 1.1308,
    "mse": 2.3196,
    "multiclassification_loss": 0.0,
    "ortho_loss": 0.0,
    "pearson": 0.5177,
    "regression_loss": 2.3135,
    "rm2": 0.2507,
    "rmse": 1.523,
    "sd": 1.4845,
    "spearman": 0.5007,
    "spectral_loss": 0.0
}
                              
                              
----------------------------------------
Epoch 029 with LR 0.000100: Model Results
----------------------------------------
Train MSE Loss: 0.8284, Train CLS Loss: 0.0000, Train MCLS Loss: 0.0000
Protein Cluster Region Loss - Ortho Loss: 0.0000, Cluster Loss: 0.0000
                              
Validation Results: {
    "ci": 0.6681,
    "classification_loss": 0.0,
    "cluster_loss": 0.0,
    "mae": 1.1982,
    "mse": 2.7114,
    "multiclassification_loss": 0.0,
    "ortho_loss": 0.0,
    "pearson": 0.4446,
    "regression_loss": 2.7113,
    "rm2": 0.1756,
    "rmse": 1.6466,
    "sd": 1.5531,
    "spearman": 0.4708,
    "spectral_loss": 0.0
}
                              
Test Results: {
    "ci": 0.6788,
    "classification_loss": 0.0,
    "cluster_loss": 0.0,
    "mae": 1.1308,
    "mse": 2.3196,
    "multiclassification_loss": 0.0,
    "ortho_loss": 0.0,
    "pearson": 0.5177,
    "regression_loss": 2.3135,
    "rm2": 0.2507,
    "rmse": 1.523,
    "sd": 1.4845,
    "spearman": 0.5007,
    "spectral_loss": 0.0
}
                              
                              
----------------------------------------
Epoch 030 with LR 0.000100: Model Results
----------------------------------------
Train MSE Loss: 0.8058, Train CLS Loss: 0.0000, Train MCLS Loss: 0.0000
Protein Cluster Region Loss - Ortho Loss: 0.0000, Cluster Loss: 0.0000
                              
Validation Results: {
    "ci": 0.6738,
    "classification_loss": 0.0,
    "cluster_loss": 0.0,
    "mae": 1.1983,
    "mse": 2.7488,
    "multiclassification_loss": 0.0,
    "ortho_loss": 0.0,
    "pearson": 0.4466,
    "regression_loss": 2.7479,
    "rm2": 0.1684,
    "rmse": 1.6579,
    "sd": 1.5515,
    "spearman": 0.4826,
    "spectral_loss": 0.0
}
                              
Test Results: {
    "ci": 0.6788,
    "classification_loss": 0.0,
    "cluster_loss": 0.0,
    "mae": 1.1308,
    "mse": 2.3196,
    "multiclassification_loss": 0.0,
    "ortho_loss": 0.0,
    "pearson": 0.5177,
    "regression_loss": 2.3135,
    "rm2": 0.2507,
    "rmse": 1.523,
    "sd": 1.4845,
    "spearman": 0.5007,
    "spectral_loss": 0.0
}
                              
                              
----------------------------------------
Epoch 031 with LR 0.000100: Model Results
----------------------------------------
Train MSE Loss: 0.7882, Train CLS Loss: 0.0000, Train MCLS Loss: 0.0000
Protein Cluster Region Loss - Ortho Loss: 0.0000, Cluster Loss: 0.0000
                              
Validation Results: {
    "ci": 0.6741,
    "classification_loss": 0.0,
    "cluster_loss": 0.0,
    "mae": 1.1847,
    "mse": 2.7278,
    "multiclassification_loss": 0.0,
    "ortho_loss": 0.0,
    "pearson": 0.441,
    "regression_loss": 2.7272,
    "rm2": 0.1748,
    "rmse": 1.6516,
    "sd": 1.5563,
    "spearman": 0.482,
    "spectral_loss": 0.0
}
                              
Test Results: {
    "ci": 0.6788,
    "classification_loss": 0.0,
    "cluster_loss": 0.0,
    "mae": 1.1308,
    "mse": 2.3196,
    "multiclassification_loss": 0.0,
    "ortho_loss": 0.0,
    "pearson": 0.5177,
    "regression_loss": 2.3135,
    "rm2": 0.2507,
    "rmse": 1.523,
    "sd": 1.4845,
    "spearman": 0.5007,
    "spectral_loss": 0.0
}
                              
                              
----------------------------------------
Epoch 032 with LR 0.000100: Model Results
----------------------------------------
Train MSE Loss: 0.7765, Train CLS Loss: 0.0000, Train MCLS Loss: 0.0000
Protein Cluster Region Loss - Ortho Loss: 0.0000, Cluster Loss: 0.0000
                              
Validation Results: {
    "ci": 0.6674,
    "classification_loss": 0.0,
    "cluster_loss": 0.0,
    "mae": 1.2206,
    "mse": 2.8478,
    "multiclassification_loss": 0.0,
    "ortho_loss": 0.0,
    "pearson": 0.4272,
    "regression_loss": 2.8475,
    "rm2": 0.161,
    "rmse": 1.6875,
    "sd": 1.5678,
    "spearman": 0.4654,
    "spectral_loss": 0.0
}
                              
Test Results: {
    "ci": 0.6788,
    "classification_loss": 0.0,
    "cluster_loss": 0.0,
    "mae": 1.1308,
    "mse": 2.3196,
    "multiclassification_loss": 0.0,
    "ortho_loss": 0.0,
    "pearson": 0.5177,
    "regression_loss": 2.3135,
    "rm2": 0.2507,
    "rmse": 1.523,
    "sd": 1.4845,
    "spearman": 0.5007,
    "spectral_loss": 0.0
}
                              
                              
----------------------------------------
Epoch 033 with LR 0.000100: Model Results
----------------------------------------
Train MSE Loss: 0.7588, Train CLS Loss: 0.0000, Train MCLS Loss: 0.0000
Protein Cluster Region Loss - Ortho Loss: 0.0000, Cluster Loss: 0.0000
                              
Validation Results: {
    "ci": 0.6681,
    "classification_loss": 0.0,
    "cluster_loss": 0.0,
    "mae": 1.2041,
    "mse": 2.7168,
    "multiclassification_loss": 0.0,
    "ortho_loss": 0.0,
    "pearson": 0.4391,
    "regression_loss": 2.7159,
    "rm2": 0.1751,
    "rmse": 1.6483,
    "sd": 1.5578,
    "spearman": 0.4681,
    "spectral_loss": 0.0
}
                              
Test Results: {
    "ci": 0.6788,
    "classification_loss": 0.0,
    "cluster_loss": 0.0,
    "mae": 1.1308,
    "mse": 2.3196,
    "multiclassification_loss": 0.0,
    "ortho_loss": 0.0,
    "pearson": 0.5177,
    "regression_loss": 2.3135,
    "rm2": 0.2507,
    "rmse": 1.523,
    "sd": 1.4845,
    "spearman": 0.5007,
    "spectral_loss": 0.0
}
                              
                              
----------------------------------------
Epoch 034 with LR 0.000100: Model Results
----------------------------------------
Train MSE Loss: 0.7454, Train CLS Loss: 0.0000, Train MCLS Loss: 0.0000
Protein Cluster Region Loss - Ortho Loss: 0.0000, Cluster Loss: 0.0000
                              
Validation Results: {
    "ci": 0.6654,
    "classification_loss": 0.0,
    "cluster_loss": 0.0,
    "mae": 1.2236,
    "mse": 2.7966,
    "multiclassification_loss": 0.0,
    "ortho_loss": 0.0,
    "pearson": 0.4394,
    "regression_loss": 2.7961,
    "rm2": 0.1671,
    "rmse": 1.6723,
    "sd": 1.5576,
    "spearman": 0.4648,
    "spectral_loss": 0.0
}
                              
Test Results: {
    "ci": 0.6788,
    "classification_loss": 0.0,
    "cluster_loss": 0.0,
    "mae": 1.1308,
    "mse": 2.3196,
    "multiclassification_loss": 0.0,
    "ortho_loss": 0.0,
    "pearson": 0.5177,
    "regression_loss": 2.3135,
    "rm2": 0.2507,
    "rmse": 1.523,
    "sd": 1.4845,
    "spearman": 0.5007,
    "spectral_loss": 0.0
}
                              
                              
----------------------------------------
Epoch 035 with LR 0.000100: Model Results
----------------------------------------
Train MSE Loss: 0.7381, Train CLS Loss: 0.0000, Train MCLS Loss: 0.0000
Protein Cluster Region Loss - Ortho Loss: 0.0000, Cluster Loss: 0.0000
                              
Validation Results: {
    "ci": 0.6866,
    "classification_loss": 0.0,
    "cluster_loss": 0.0,
    "mae": 1.1528,
    "mse": 2.5605,
    "multiclassification_loss": 0.0,
    "ortho_loss": 0.0,
    "pearson": 0.4847,
    "regression_loss": 2.5599,
    "rm2": 0.2068,
    "rmse": 1.6002,
    "sd": 1.5167,
    "spearman": 0.5167,
    "spectral_loss": 0.0
}
                              
Test Results: {
    "ci": 0.6788,
    "classification_loss": 0.0,
    "cluster_loss": 0.0,
    "mae": 1.1308,
    "mse": 2.3196,
    "multiclassification_loss": 0.0,
    "ortho_loss": 0.0,
    "pearson": 0.5177,
    "regression_loss": 2.3135,
    "rm2": 0.2507,
    "rmse": 1.523,
    "sd": 1.4845,
    "spearman": 0.5007,
    "spectral_loss": 0.0
}
                              
                              
----------------------------------------
Epoch 036 with LR 0.000100: Model Results
----------------------------------------
Train MSE Loss: 0.7367, Train CLS Loss: 0.0000, Train MCLS Loss: 0.0000
Protein Cluster Region Loss - Ortho Loss: 0.0000, Cluster Loss: 0.0000
                              
Validation Results: {
    "ci": 0.6758,
    "classification_loss": 0.0,
    "cluster_loss": 0.0,
    "mae": 1.1902,
    "mse": 2.6783,
    "multiclassification_loss": 0.0,
    "ortho_loss": 0.0,
    "pearson": 0.4584,
    "regression_loss": 2.6779,
    "rm2": 0.187,
    "rmse": 1.6366,
    "sd": 1.541,
    "spearman": 0.4888,
    "spectral_loss": 0.0
}
                              
Test Results: {
    "ci": 0.6788,
    "classification_loss": 0.0,
    "cluster_loss": 0.0,
    "mae": 1.1308,
    "mse": 2.3196,
    "multiclassification_loss": 0.0,
    "ortho_loss": 0.0,
    "pearson": 0.5177,
    "regression_loss": 2.3135,
    "rm2": 0.2507,
    "rmse": 1.523,
    "sd": 1.4845,
    "spearman": 0.5007,
    "spectral_loss": 0.0
}
                              
                              
----------------------------------------
Epoch 037 with LR 0.000100: Model Results
----------------------------------------
Train MSE Loss: 0.7347, Train CLS Loss: 0.0000, Train MCLS Loss: 0.0000
Protein Cluster Region Loss - Ortho Loss: 0.0000, Cluster Loss: 0.0000
                              
Validation Results: {
    "ci": 0.6747,
    "classification_loss": 0.0,
    "cluster_loss": 0.0,
    "mae": 1.2187,
    "mse": 2.9554,
    "multiclassification_loss": 0.0,
    "ortho_loss": 0.0,
    "pearson": 0.4399,
    "regression_loss": 2.9547,
    "rm2": 0.1682,
    "rmse": 1.7191,
    "sd": 1.5572,
    "spearman": 0.4824,
    "spectral_loss": 0.0
}
                              
Test Results: {
    "ci": 0.6788,
    "classification_loss": 0.0,
    "cluster_loss": 0.0,
    "mae": 1.1308,
    "mse": 2.3196,
    "multiclassification_loss": 0.0,
    "ortho_loss": 0.0,
    "pearson": 0.5177,
    "regression_loss": 2.3135,
    "rm2": 0.2507,
    "rmse": 1.523,
    "sd": 1.4845,
    "spearman": 0.5007,
    "spectral_loss": 0.0
}
                              
                              
----------------------------------------
Epoch 038 with LR 0.000100: Model Results
----------------------------------------
Train MSE Loss: 0.7124, Train CLS Loss: 0.0000, Train MCLS Loss: 0.0000
Protein Cluster Region Loss - Ortho Loss: 0.0000, Cluster Loss: 0.0000
                              
Validation Results: {
    "ci": 0.6691,
    "classification_loss": 0.0,
    "cluster_loss": 0.0,
    "mae": 1.2506,
    "mse": 3.0541,
    "multiclassification_loss": 0.0,
    "ortho_loss": 0.0,
    "pearson": 0.4343,
    "regression_loss": 3.0529,
    "rm2": 0.1623,
    "rmse": 1.7476,
    "sd": 1.5619,
    "spearman": 0.4692,
    "spectral_loss": 0.0
}
                              
Test Results: {
    "ci": 0.6788,
    "classification_loss": 0.0,
    "cluster_loss": 0.0,
    "mae": 1.1308,
    "mse": 2.3196,
    "multiclassification_loss": 0.0,
    "ortho_loss": 0.0,
    "pearson": 0.5177,
    "regression_loss": 2.3135,
    "rm2": 0.2507,
    "rmse": 1.523,
    "sd": 1.4845,
    "spearman": 0.5007,
    "spectral_loss": 0.0
}
                              
                              
----------------------------------------
Epoch 039 with LR 0.000100: Model Results
----------------------------------------
Train MSE Loss: 0.7036, Train CLS Loss: 0.0000, Train MCLS Loss: 0.0000
Protein Cluster Region Loss - Ortho Loss: 0.0000, Cluster Loss: 0.0000
                              
Validation Results: {
    "ci": 0.6814,
    "classification_loss": 0.0,
    "cluster_loss": 0.0,
    "mae": 1.1678,
    "mse": 2.6214,
    "multiclassification_loss": 0.0,
    "ortho_loss": 0.0,
    "pearson": 0.4788,
    "regression_loss": 2.6208,
    "rm2": 0.2086,
    "rmse": 1.6191,
    "sd": 1.5223,
    "spearman": 0.5032,
    "spectral_loss": 0.0
}
                              
Test Results: {
    "ci": 0.6788,
    "classification_loss": 0.0,
    "cluster_loss": 0.0,
    "mae": 1.1308,
    "mse": 2.3196,
    "multiclassification_loss": 0.0,
    "ortho_loss": 0.0,
    "pearson": 0.5177,
    "regression_loss": 2.3135,
    "rm2": 0.2507,
    "rmse": 1.523,
    "sd": 1.4845,
    "spearman": 0.5007,
    "spectral_loss": 0.0
}
                              
                              
----------------------------------------
Epoch 040 with LR 0.000100: Model Results
----------------------------------------
Train MSE Loss: 0.6934, Train CLS Loss: 0.0000, Train MCLS Loss: 0.0000
Protein Cluster Region Loss - Ortho Loss: 0.0000, Cluster Loss: 0.0000
                              
Validation Results: {
    "ci": 0.6714,
    "classification_loss": 0.0,
    "cluster_loss": 0.0,
    "mae": 1.236,
    "mse": 2.9752,
    "multiclassification_loss": 0.0,
    "ortho_loss": 0.0,
    "pearson": 0.4296,
    "regression_loss": 2.9747,
    "rm2": 0.1591,
    "rmse": 1.7249,
    "sd": 1.5659,
    "spearman": 0.4759,
    "spectral_loss": 0.0
}
                              
Test Results: {
    "ci": 0.6788,
    "classification_loss": 0.0,
    "cluster_loss": 0.0,
    "mae": 1.1308,
    "mse": 2.3196,
    "multiclassification_loss": 0.0,
    "ortho_loss": 0.0,
    "pearson": 0.5177,
    "regression_loss": 2.3135,
    "rm2": 0.2507,
    "rmse": 1.523,
    "sd": 1.4845,
    "spearman": 0.5007,
    "spectral_loss": 0.0
}
                              
                              
----------------------------------------
Epoch 041 with LR 0.000100: Model Results
----------------------------------------
Train MSE Loss: 0.6795, Train CLS Loss: 0.0000, Train MCLS Loss: 0.0000
Protein Cluster Region Loss - Ortho Loss: 0.0000, Cluster Loss: 0.0000
                              
Validation Results: {
    "ci": 0.6757,
    "classification_loss": 0.0,
    "cluster_loss": 0.0,
    "mae": 1.1965,
    "mse": 2.7442,
    "multiclassification_loss": 0.0,
    "ortho_loss": 0.0,
    "pearson": 0.4577,
    "regression_loss": 2.744,
    "rm2": 0.1902,
    "rmse": 1.6566,
    "sd": 1.5417,
    "spearman": 0.4861,
    "spectral_loss": 0.0
}
                              
Test Results: {
    "ci": 0.6788,
    "classification_loss": 0.0,
    "cluster_loss": 0.0,
    "mae": 1.1308,
    "mse": 2.3196,
    "multiclassification_loss": 0.0,
    "ortho_loss": 0.0,
    "pearson": 0.5177,
    "regression_loss": 2.3135,
    "rm2": 0.2507,
    "rmse": 1.523,
    "sd": 1.4845,
    "spearman": 0.5007,
    "spectral_loss": 0.0
}
                              
                              
----------------------------------------
Epoch 042 with LR 0.000100: Model Results
----------------------------------------
Train MSE Loss: 0.6734, Train CLS Loss: 0.0000, Train MCLS Loss: 0.0000
Protein Cluster Region Loss - Ortho Loss: 0.0000, Cluster Loss: 0.0000
                              
Validation Results: {
    "ci": 0.6618,
    "classification_loss": 0.0,
    "cluster_loss": 0.0,
    "mae": 1.2288,
    "mse": 2.8309,
    "multiclassification_loss": 0.0,
    "ortho_loss": 0.0,
    "pearson": 0.4301,
    "regression_loss": 2.8304,
    "rm2": 0.1653,
    "rmse": 1.6825,
    "sd": 1.5654,
    "spearman": 0.4499,
    "spectral_loss": 0.0
}
                              
Test Results: {
    "ci": 0.6788,
    "classification_loss": 0.0,
    "cluster_loss": 0.0,
    "mae": 1.1308,
    "mse": 2.3196,
    "multiclassification_loss": 0.0,
    "ortho_loss": 0.0,
    "pearson": 0.5177,
    "regression_loss": 2.3135,
    "rm2": 0.2507,
    "rmse": 1.523,
    "sd": 1.4845,
    "spearman": 0.5007,
    "spectral_loss": 0.0
}
                              
                              
----------------------------------------
Epoch 043 with LR 0.000100: Model Results
----------------------------------------
Train MSE Loss: 0.6619, Train CLS Loss: 0.0000, Train MCLS Loss: 0.0000
Protein Cluster Region Loss - Ortho Loss: 0.0000, Cluster Loss: 0.0000
                              
Validation Results: {
    "ci": 0.6647,
    "classification_loss": 0.0,
    "cluster_loss": 0.0,
    "mae": 1.2319,
    "mse": 2.8792,
    "multiclassification_loss": 0.0,
    "ortho_loss": 0.0,
    "pearson": 0.437,
    "regression_loss": 2.8785,
    "rm2": 0.1665,
    "rmse": 1.6968,
    "sd": 1.5597,
    "spearman": 0.4578,
    "spectral_loss": 0.0
}
                              
Test Results: {
    "ci": 0.6788,
    "classification_loss": 0.0,
    "cluster_loss": 0.0,
    "mae": 1.1308,
    "mse": 2.3196,
    "multiclassification_loss": 0.0,
    "ortho_loss": 0.0,
    "pearson": 0.5177,
    "regression_loss": 2.3135,
    "rm2": 0.2507,
    "rmse": 1.523,
    "sd": 1.4845,
    "spearman": 0.5007,
    "spectral_loss": 0.0
}
                              
                              
----------------------------------------
Epoch 044 with LR 0.000100: Model Results
----------------------------------------
Train MSE Loss: 0.6492, Train CLS Loss: 0.0000, Train MCLS Loss: 0.0000
Protein Cluster Region Loss - Ortho Loss: 0.0000, Cluster Loss: 0.0000
                              
Validation Results: {
    "ci": 0.6739,
    "classification_loss": 0.0,
    "cluster_loss": 0.0,
    "mae": 1.1998,
    "mse": 2.7804,
    "multiclassification_loss": 0.0,
    "ortho_loss": 0.0,
    "pearson": 0.4473,
    "regression_loss": 2.7799,
    "rm2": 0.1754,
    "rmse": 1.6675,
    "sd": 1.5508,
    "spearman": 0.482,
    "spectral_loss": 0.0
}
                              
Test Results: {
    "ci": 0.6788,
    "classification_loss": 0.0,
    "cluster_loss": 0.0,
    "mae": 1.1308,
    "mse": 2.3196,
    "multiclassification_loss": 0.0,
    "ortho_loss": 0.0,
    "pearson": 0.5177,
    "regression_loss": 2.3135,
    "rm2": 0.2507,
    "rmse": 1.523,
    "sd": 1.4845,
    "spearman": 0.5007,
    "spectral_loss": 0.0
}
                              
                              
----------------------------------------
Epoch 045 with LR 0.000100: Model Results
----------------------------------------
Train MSE Loss: 0.6445, Train CLS Loss: 0.0000, Train MCLS Loss: 0.0000
Protein Cluster Region Loss - Ortho Loss: 0.0000, Cluster Loss: 0.0000
                              
Validation Results: {
    "ci": 0.6769,
    "classification_loss": 0.0,
    "cluster_loss": 0.0,
    "mae": 1.1915,
    "mse": 2.719,
    "multiclassification_loss": 0.0,
    "ortho_loss": 0.0,
    "pearson": 0.467,
    "regression_loss": 2.7187,
    "rm2": 0.1949,
    "rmse": 1.6489,
    "sd": 1.5333,
    "spearman": 0.491,
    "spectral_loss": 0.0
}
                              
Test Results: {
    "ci": 0.6788,
    "classification_loss": 0.0,
    "cluster_loss": 0.0,
    "mae": 1.1308,
    "mse": 2.3196,
    "multiclassification_loss": 0.0,
    "ortho_loss": 0.0,
    "pearson": 0.5177,
    "regression_loss": 2.3135,
    "rm2": 0.2507,
    "rmse": 1.523,
    "sd": 1.4845,
    "spearman": 0.5007,
    "spectral_loss": 0.0
}
                              
                              
----------------------------------------
Epoch 046 with LR 0.000100: Model Results
----------------------------------------
Train MSE Loss: 0.6334, Train CLS Loss: 0.0000, Train MCLS Loss: 0.0000
Protein Cluster Region Loss - Ortho Loss: 0.0000, Cluster Loss: 0.0000
                              
Validation Results: {
    "ci": 0.671,
    "classification_loss": 0.0,
    "cluster_loss": 0.0,
    "mae": 1.2169,
    "mse": 2.784,
    "multiclassification_loss": 0.0,
    "ortho_loss": 0.0,
    "pearson": 0.4493,
    "regression_loss": 2.7831,
    "rm2": 0.1781,
    "rmse": 1.6685,
    "sd": 1.5491,
    "spearman": 0.4751,
    "spectral_loss": 0.0
}
                              
Test Results: {
    "ci": 0.6788,
    "classification_loss": 0.0,
    "cluster_loss": 0.0,
    "mae": 1.1308,
    "mse": 2.3196,
    "multiclassification_loss": 0.0,
    "ortho_loss": 0.0,
    "pearson": 0.5177,
    "regression_loss": 2.3135,
    "rm2": 0.2507,
    "rmse": 1.523,
    "sd": 1.4845,
    "spearman": 0.5007,
    "spectral_loss": 0.0
}
                              
                              
----------------------------------------
Epoch 047 with LR 0.000100: Model Results
----------------------------------------
Train MSE Loss: 0.6260, Train CLS Loss: 0.0000, Train MCLS Loss: 0.0000
Protein Cluster Region Loss - Ortho Loss: 0.0000, Cluster Loss: 0.0000
                              
Validation Results: {
    "ci": 0.6754,
    "classification_loss": 0.0,
    "cluster_loss": 0.0,
    "mae": 1.2299,
    "mse": 3.0027,
    "multiclassification_loss": 0.0,
    "ortho_loss": 0.0,
    "pearson": 0.4345,
    "regression_loss": 3.0016,
    "rm2": 0.1642,
    "rmse": 1.7328,
    "sd": 1.5617,
    "spearman": 0.4835,
    "spectral_loss": 0.0
}
                              
Test Results: {
    "ci": 0.6788,
    "classification_loss": 0.0,
    "cluster_loss": 0.0,
    "mae": 1.1308,
    "mse": 2.3196,
    "multiclassification_loss": 0.0,
    "ortho_loss": 0.0,
    "pearson": 0.5177,
    "regression_loss": 2.3135,
    "rm2": 0.2507,
    "rmse": 1.523,
    "sd": 1.4845,
    "spearman": 0.5007,
    "spectral_loss": 0.0
}
                              
                              
----------------------------------------
Epoch 048 with LR 0.000100: Model Results
----------------------------------------
Train MSE Loss: 0.6189, Train CLS Loss: 0.0000, Train MCLS Loss: 0.0000
Protein Cluster Region Loss - Ortho Loss: 0.0000, Cluster Loss: 0.0000
                              
Validation Results: {
    "ci": 0.6689,
    "classification_loss": 0.0,
    "cluster_loss": 0.0,
    "mae": 1.2214,
    "mse": 2.8735,
    "multiclassification_loss": 0.0,
    "ortho_loss": 0.0,
    "pearson": 0.4395,
    "regression_loss": 2.8729,
    "rm2": 0.1684,
    "rmse": 1.6951,
    "sd": 1.5575,
    "spearman": 0.469,
    "spectral_loss": 0.0
}
                              
Test Results: {
    "ci": 0.6788,
    "classification_loss": 0.0,
    "cluster_loss": 0.0,
    "mae": 1.1308,
    "mse": 2.3196,
    "multiclassification_loss": 0.0,
    "ortho_loss": 0.0,
    "pearson": 0.5177,
    "regression_loss": 2.3135,
    "rm2": 0.2507,
    "rmse": 1.523,
    "sd": 1.4845,
    "spearman": 0.5007,
    "spectral_loss": 0.0
}
                              
                              
----------------------------------------
Epoch 049 with LR 0.000100: Model Results
----------------------------------------
Train MSE Loss: 0.6088, Train CLS Loss: 0.0000, Train MCLS Loss: 0.0000
Protein Cluster Region Loss - Ortho Loss: 0.0000, Cluster Loss: 0.0000
                              
Validation Results: {
    "ci": 0.6691,
    "classification_loss": 0.0,
    "cluster_loss": 0.0,
    "mae": 1.2054,
    "mse": 2.7654,
    "multiclassification_loss": 0.0,
    "ortho_loss": 0.0,
    "pearson": 0.4438,
    "regression_loss": 2.7649,
    "rm2": 0.1781,
    "rmse": 1.6629,
    "sd": 1.5538,
    "spearman": 0.4703,
    "spectral_loss": 0.0
}
                              
Test Results: {
    "ci": 0.6788,
    "classification_loss": 0.0,
    "cluster_loss": 0.0,
    "mae": 1.1308,
    "mse": 2.3196,
    "multiclassification_loss": 0.0,
    "ortho_loss": 0.0,
    "pearson": 0.5177,
    "regression_loss": 2.3135,
    "rm2": 0.2507,
    "rmse": 1.523,
    "sd": 1.4845,
    "spearman": 0.5007,
    "spectral_loss": 0.0
}
                              
                              
----------------------------------------
Epoch 050 with LR 0.000100: Model Results
----------------------------------------
Train MSE Loss: 0.5902, Train CLS Loss: 0.0000, Train MCLS Loss: 0.0000
Protein Cluster Region Loss - Ortho Loss: 0.0000, Cluster Loss: 0.0000
                              
Validation Results: {
    "ci": 0.6661,
    "classification_loss": 0.0,
    "cluster_loss": 0.0,
    "mae": 1.2209,
    "mse": 2.8372,
    "multiclassification_loss": 0.0,
    "ortho_loss": 0.0,
    "pearson": 0.4379,
    "regression_loss": 2.8363,
    "rm2": 0.1655,
    "rmse": 1.6844,
    "sd": 1.5589,
    "spearman": 0.4615,
    "spectral_loss": 0.0
}
                              
Test Results: {
    "ci": 0.6788,
    "classification_loss": 0.0,
    "cluster_loss": 0.0,
    "mae": 1.1308,
    "mse": 2.3196,
    "multiclassification_loss": 0.0,
    "ortho_loss": 0.0,
    "pearson": 0.5177,
    "regression_loss": 2.3135,
    "rm2": 0.2507,
    "rmse": 1.523,
    "sd": 1.4845,
    "spearman": 0.5007,
    "spectral_loss": 0.0
}
                              
                              
----------------------------------------
Epoch 051 with LR 0.000100: Model Results
----------------------------------------
Train MSE Loss: 0.5873, Train CLS Loss: 0.0000, Train MCLS Loss: 0.0000
Protein Cluster Region Loss - Ortho Loss: 0.0000, Cluster Loss: 0.0000
                              
Validation Results: {
    "ci": 0.6627,
    "classification_loss": 0.0,
    "cluster_loss": 0.0,
    "mae": 1.2653,
    "mse": 3.0523,
    "multiclassification_loss": 0.0,
    "ortho_loss": 0.0,
    "pearson": 0.4265,
    "regression_loss": 3.0511,
    "rm2": 0.1587,
    "rmse": 1.7471,
    "sd": 1.5683,
    "spearman": 0.4542,
    "spectral_loss": 0.0
}
                              
Test Results: {
    "ci": 0.6788,
    "classification_loss": 0.0,
    "cluster_loss": 0.0,
    "mae": 1.1308,
    "mse": 2.3196,
    "multiclassification_loss": 0.0,
    "ortho_loss": 0.0,
    "pearson": 0.5177,
    "regression_loss": 2.3135,
    "rm2": 0.2507,
    "rmse": 1.523,
    "sd": 1.4845,
    "spearman": 0.5007,
    "spectral_loss": 0.0
}
                              
                              
----------------------------------------
Epoch 052 with LR 0.000100: Model Results
----------------------------------------
Train MSE Loss: 0.5736, Train CLS Loss: 0.0000, Train MCLS Loss: 0.0000
Protein Cluster Region Loss - Ortho Loss: 0.0000, Cluster Loss: 0.0000
                              
Validation Results: {
    "ci": 0.6726,
    "classification_loss": 0.0,
    "cluster_loss": 0.0,
    "mae": 1.2223,
    "mse": 2.8078,
    "multiclassification_loss": 0.0,
    "ortho_loss": 0.0,
    "pearson": 0.4507,
    "regression_loss": 2.8067,
    "rm2": 0.173,
    "rmse": 1.6756,
    "sd": 1.5479,
    "spearman": 0.4815,
    "spectral_loss": 0.0
}
                              
Test Results: {
    "ci": 0.6788,
    "classification_loss": 0.0,
    "cluster_loss": 0.0,
    "mae": 1.1308,
    "mse": 2.3196,
    "multiclassification_loss": 0.0,
    "ortho_loss": 0.0,
    "pearson": 0.5177,
    "regression_loss": 2.3135,
    "rm2": 0.2507,
    "rmse": 1.523,
    "sd": 1.4845,
    "spearman": 0.5007,
    "spectral_loss": 0.0
}
                              
                              
----------------------------------------
Epoch 053 with LR 0.000100: Model Results
----------------------------------------
Train MSE Loss: 0.5624, Train CLS Loss: 0.0000, Train MCLS Loss: 0.0000
Protein Cluster Region Loss - Ortho Loss: 0.0000, Cluster Loss: 0.0000
                              
Validation Results: {
    "ci": 0.6714,
    "classification_loss": 0.0,
    "cluster_loss": 0.0,
    "mae": 1.2153,
    "mse": 2.7749,
    "multiclassification_loss": 0.0,
    "ortho_loss": 0.0,
    "pearson": 0.4535,
    "regression_loss": 2.774,
    "rm2": 0.1857,
    "rmse": 1.6658,
    "sd": 1.5454,
    "spearman": 0.4773,
    "spectral_loss": 0.0
}
                              
Test Results: {
    "ci": 0.6788,
    "classification_loss": 0.0,
    "cluster_loss": 0.0,
    "mae": 1.1308,
    "mse": 2.3196,
    "multiclassification_loss": 0.0,
    "ortho_loss": 0.0,
    "pearson": 0.5177,
    "regression_loss": 2.3135,
    "rm2": 0.2507,
    "rmse": 1.523,
    "sd": 1.4845,
    "spearman": 0.5007,
    "spectral_loss": 0.0
}
                              
                              
----------------------------------------
Epoch 054 with LR 0.000100: Model Results
----------------------------------------
Train MSE Loss: 0.5649, Train CLS Loss: 0.0000, Train MCLS Loss: 0.0000
Protein Cluster Region Loss - Ortho Loss: 0.0000, Cluster Loss: 0.0000
                              
Validation Results: {
    "ci": 0.6758,
    "classification_loss": 0.0,
    "cluster_loss": 0.0,
    "mae": 1.1927,
    "mse": 2.7312,
    "multiclassification_loss": 0.0,
    "ortho_loss": 0.0,
    "pearson": 0.4619,
    "regression_loss": 2.7303,
    "rm2": 0.1874,
    "rmse": 1.6526,
    "sd": 1.538,
    "spearman": 0.4874,
    "spectral_loss": 0.0
}
                              
Test Results: {
    "ci": 0.6788,
    "classification_loss": 0.0,
    "cluster_loss": 0.0,
    "mae": 1.1308,
    "mse": 2.3196,
    "multiclassification_loss": 0.0,
    "ortho_loss": 0.0,
    "pearson": 0.5177,
    "regression_loss": 2.3135,
    "rm2": 0.2507,
    "rmse": 1.523,
    "sd": 1.4845,
    "spearman": 0.5007,
    "spectral_loss": 0.0
}
                              
                              
----------------------------------------
Epoch 055 with LR 0.000100: Model Results
----------------------------------------
Train MSE Loss: 0.5598, Train CLS Loss: 0.0000, Train MCLS Loss: 0.0000
Protein Cluster Region Loss - Ortho Loss: 0.0000, Cluster Loss: 0.0000
                              
Validation Results: {
    "ci": 0.6681,
    "classification_loss": 0.0,
    "cluster_loss": 0.0,
    "mae": 1.211,
    "mse": 2.8121,
    "multiclassification_loss": 0.0,
    "ortho_loss": 0.0,
    "pearson": 0.4411,
    "regression_loss": 2.8117,
    "rm2": 0.1732,
    "rmse": 1.6769,
    "sd": 1.5562,
    "spearman": 0.4683,
    "spectral_loss": 0.0
}
                              
Test Results: {
    "ci": 0.6788,
    "classification_loss": 0.0,
    "cluster_loss": 0.0,
    "mae": 1.1308,
    "mse": 2.3196,
    "multiclassification_loss": 0.0,
    "ortho_loss": 0.0,
    "pearson": 0.5177,
    "regression_loss": 2.3135,
    "rm2": 0.2507,
    "rmse": 1.523,
    "sd": 1.4845,
    "spearman": 0.5007,
    "spectral_loss": 0.0
}
                              
                              
----------------------------------------
Epoch 056 with LR 0.000100: Model Results
----------------------------------------
Train MSE Loss: 0.5475, Train CLS Loss: 0.0000, Train MCLS Loss: 0.0000
Protein Cluster Region Loss - Ortho Loss: 0.0000, Cluster Loss: 0.0000
                              
Validation Results: {
    "ci": 0.6797,
    "classification_loss": 0.0,
    "cluster_loss": 0.0,
    "mae": 1.1902,
    "mse": 2.6635,
    "multiclassification_loss": 0.0,
    "ortho_loss": 0.0,
    "pearson": 0.4797,
    "regression_loss": 2.6625,
    "rm2": 0.2004,
    "rmse": 1.632,
    "sd": 1.5215,
    "spearman": 0.4992,
    "spectral_loss": 0.0
}
                              
Test Results: {
    "ci": 0.6788,
    "classification_loss": 0.0,
    "cluster_loss": 0.0,
    "mae": 1.1308,
    "mse": 2.3196,
    "multiclassification_loss": 0.0,
    "ortho_loss": 0.0,
    "pearson": 0.5177,
    "regression_loss": 2.3135,
    "rm2": 0.2507,
    "rmse": 1.523,
    "sd": 1.4845,
    "spearman": 0.5007,
    "spectral_loss": 0.0
}
                              
                              
----------------------------------------
Epoch 057 with LR 0.000100: Model Results
----------------------------------------
Train MSE Loss: 0.5223, Train CLS Loss: 0.0000, Train MCLS Loss: 0.0000
Protein Cluster Region Loss - Ortho Loss: 0.0000, Cluster Loss: 0.0000
                              
Validation Results: {
    "ci": 0.6707,
    "classification_loss": 0.0,
    "cluster_loss": 0.0,
    "mae": 1.2262,
    "mse": 2.9145,
    "multiclassification_loss": 0.0,
    "ortho_loss": 0.0,
    "pearson": 0.438,
    "regression_loss": 2.9136,
    "rm2": 0.1697,
    "rmse": 1.7072,
    "sd": 1.5588,
    "spearman": 0.4739,
    "spectral_loss": 0.0
}
                              
Test Results: {
    "ci": 0.6788,
    "classification_loss": 0.0,
    "cluster_loss": 0.0,
    "mae": 1.1308,
    "mse": 2.3196,
    "multiclassification_loss": 0.0,
    "ortho_loss": 0.0,
    "pearson": 0.5177,
    "regression_loss": 2.3135,
    "rm2": 0.2507,
    "rmse": 1.523,
    "sd": 1.4845,
    "spearman": 0.5007,
    "spectral_loss": 0.0
}
                              
                              
----------------------------------------
Epoch 058 with LR 0.000100: Model Results
----------------------------------------
Train MSE Loss: 0.5285, Train CLS Loss: 0.0000, Train MCLS Loss: 0.0000
Protein Cluster Region Loss - Ortho Loss: 0.0000, Cluster Loss: 0.0000
                              
Validation Results: {
    "ci": 0.6676,
    "classification_loss": 0.0,
    "cluster_loss": 0.0,
    "mae": 1.2306,
    "mse": 2.8643,
    "multiclassification_loss": 0.0,
    "ortho_loss": 0.0,
    "pearson": 0.446,
    "regression_loss": 2.8637,
    "rm2": 0.1734,
    "rmse": 1.6924,
    "sd": 1.5519,
    "spearman": 0.4668,
    "spectral_loss": 0.0
}
                              
Test Results: {
    "ci": 0.6788,
    "classification_loss": 0.0,
    "cluster_loss": 0.0,
    "mae": 1.1308,
    "mse": 2.3196,
    "multiclassification_loss": 0.0,
    "ortho_loss": 0.0,
    "pearson": 0.5177,
    "regression_loss": 2.3135,
    "rm2": 0.2507,
    "rmse": 1.523,
    "sd": 1.4845,
    "spearman": 0.5007,
    "spectral_loss": 0.0
}
                              
                              
----------------------------------------
Epoch 059 with LR 0.000100: Model Results
----------------------------------------
Train MSE Loss: 0.5108, Train CLS Loss: 0.0000, Train MCLS Loss: 0.0000
Protein Cluster Region Loss - Ortho Loss: 0.0000, Cluster Loss: 0.0000
                              
Validation Results: {
    "ci": 0.6695,
    "classification_loss": 0.0,
    "cluster_loss": 0.0,
    "mae": 1.2295,
    "mse": 2.8862,
    "multiclassification_loss": 0.0,
    "ortho_loss": 0.0,
    "pearson": 0.4527,
    "regression_loss": 2.8854,
    "rm2": 0.1782,
    "rmse": 1.6989,
    "sd": 1.5461,
    "spearman": 0.471,
    "spectral_loss": 0.0
}
                              
Test Results: {
    "ci": 0.6788,
    "classification_loss": 0.0,
    "cluster_loss": 0.0,
    "mae": 1.1308,
    "mse": 2.3196,
    "multiclassification_loss": 0.0,
    "ortho_loss": 0.0,
    "pearson": 0.5177,
    "regression_loss": 2.3135,
    "rm2": 0.2507,
    "rmse": 1.523,
    "sd": 1.4845,
    "spearman": 0.5007,
    "spectral_loss": 0.0
}
                              
                              
----------------------------------------
Epoch 060 with LR 0.000100: Model Results
----------------------------------------
Train MSE Loss: 0.5065, Train CLS Loss: 0.0000, Train MCLS Loss: 0.0000
Protein Cluster Region Loss - Ortho Loss: 0.0000, Cluster Loss: 0.0000
                              
Validation Results: {
    "ci": 0.6754,
    "classification_loss": 0.0,
    "cluster_loss": 0.0,
    "mae": 1.2282,
    "mse": 3.0095,
    "multiclassification_loss": 0.0,
    "ortho_loss": 0.0,
    "pearson": 0.4426,
    "regression_loss": 3.0087,
    "rm2": 0.1677,
    "rmse": 1.7348,
    "sd": 1.5549,
    "spearman": 0.4847,
    "spectral_loss": 0.0
}
                              
Test Results: {
    "ci": 0.6788,
    "classification_loss": 0.0,
    "cluster_loss": 0.0,
    "mae": 1.1308,
    "mse": 2.3196,
    "multiclassification_loss": 0.0,
    "ortho_loss": 0.0,
    "pearson": 0.5177,
    "regression_loss": 2.3135,
    "rm2": 0.2507,
    "rmse": 1.523,
    "sd": 1.4845,
    "spearman": 0.5007,
    "spectral_loss": 0.0
}
                              
                              
----------------------------------------
Epoch 061 with LR 0.000100: Model Results
----------------------------------------
Train MSE Loss: 0.5021, Train CLS Loss: 0.0000, Train MCLS Loss: 0.0000
Protein Cluster Region Loss - Ortho Loss: 0.0000, Cluster Loss: 0.0000
                              
Validation Results: {
    "ci": 0.6709,
    "classification_loss": 0.0,
    "cluster_loss": 0.0,
    "mae": 1.2204,
    "mse": 2.7936,
    "multiclassification_loss": 0.0,
    "ortho_loss": 0.0,
    "pearson": 0.458,
    "regression_loss": 2.7929,
    "rm2": 0.1841,
    "rmse": 1.6714,
    "sd": 1.5415,
    "spearman": 0.4769,
    "spectral_loss": 0.0
}
                              
Test Results: {
    "ci": 0.6788,
    "classification_loss": 0.0,
    "cluster_loss": 0.0,
    "mae": 1.1308,
    "mse": 2.3196,
    "multiclassification_loss": 0.0,
    "ortho_loss": 0.0,
    "pearson": 0.5177,
    "regression_loss": 2.3135,
    "rm2": 0.2507,
    "rmse": 1.523,
    "sd": 1.4845,
    "spearman": 0.5007,
    "spectral_loss": 0.0
}
                              
                              
----------------------------------------
Epoch 062 with LR 0.000100: Model Results
----------------------------------------
Train MSE Loss: 0.5121, Train CLS Loss: 0.0000, Train MCLS Loss: 0.0000
Protein Cluster Region Loss - Ortho Loss: 0.0000, Cluster Loss: 0.0000
                              
Validation Results: {
    "ci": 0.6777,
    "classification_loss": 0.0,
    "cluster_loss": 0.0,
    "mae": 1.1788,
    "mse": 2.7127,
    "multiclassification_loss": 0.0,
    "ortho_loss": 0.0,
    "pearson": 0.4626,
    "regression_loss": 2.7122,
    "rm2": 0.1881,
    "rmse": 1.647,
    "sd": 1.5373,
    "spearman": 0.4911,
    "spectral_loss": 0.0
}
                              
Test Results: {
    "ci": 0.6788,
    "classification_loss": 0.0,
    "cluster_loss": 0.0,
    "mae": 1.1308,
    "mse": 2.3196,
    "multiclassification_loss": 0.0,
    "ortho_loss": 0.0,
    "pearson": 0.5177,
    "regression_loss": 2.3135,
    "rm2": 0.2507,
    "rmse": 1.523,
    "sd": 1.4845,
    "spearman": 0.5007,
    "spectral_loss": 0.0
}
                              
                              
----------------------------------------
Epoch 063 with LR 0.000100: Model Results
----------------------------------------
Train MSE Loss: 0.4805, Train CLS Loss: 0.0000, Train MCLS Loss: 0.0000
Protein Cluster Region Loss - Ortho Loss: 0.0000, Cluster Loss: 0.0000
                              
Validation Results: {
    "ci": 0.6763,
    "classification_loss": 0.0,
    "cluster_loss": 0.0,
    "mae": 1.1944,
    "mse": 2.7339,
    "multiclassification_loss": 0.0,
    "ortho_loss": 0.0,
    "pearson": 0.4648,
    "regression_loss": 2.7335,
    "rm2": 0.1895,
    "rmse": 1.6534,
    "sd": 1.5353,
    "spearman": 0.4889,
    "spectral_loss": 0.0
}
                              
Test Results: {
    "ci": 0.6788,
    "classification_loss": 0.0,
    "cluster_loss": 0.0,
    "mae": 1.1308,
    "mse": 2.3196,
    "multiclassification_loss": 0.0,
    "ortho_loss": 0.0,
    "pearson": 0.5177,
    "regression_loss": 2.3135,
    "rm2": 0.2507,
    "rmse": 1.523,
    "sd": 1.4845,
    "spearman": 0.5007,
    "spectral_loss": 0.0
}
                              
                              
----------------------------------------
Epoch 064 with LR 0.000100: Model Results
----------------------------------------
Train MSE Loss: 0.4716, Train CLS Loss: 0.0000, Train MCLS Loss: 0.0000
Protein Cluster Region Loss - Ortho Loss: 0.0000, Cluster Loss: 0.0000
                              
Validation Results: {
    "ci": 0.6804,
    "classification_loss": 0.0,
    "cluster_loss": 0.0,
    "mae": 1.1809,
    "mse": 2.6028,
    "multiclassification_loss": 0.0,
    "ortho_loss": 0.0,
    "pearson": 0.492,
    "regression_loss": 2.6023,
    "rm2": 0.2091,
    "rmse": 1.6133,
    "sd": 1.5096,
    "spearman": 0.4996,
    "spectral_loss": 0.0
}
                              
Test Results: {
    "ci": 0.6788,
    "classification_loss": 0.0,
    "cluster_loss": 0.0,
    "mae": 1.1308,
    "mse": 2.3196,
    "multiclassification_loss": 0.0,
    "ortho_loss": 0.0,
    "pearson": 0.5177,
    "regression_loss": 2.3135,
    "rm2": 0.2507,
    "rmse": 1.523,
    "sd": 1.4845,
    "spearman": 0.5007,
    "spectral_loss": 0.0
}
                              
                              
----------------------------------------
Epoch 065 with LR 0.000100: Model Results
----------------------------------------
Train MSE Loss: 0.4571, Train CLS Loss: 0.0000, Train MCLS Loss: 0.0000
Protein Cluster Region Loss - Ortho Loss: 0.0000, Cluster Loss: 0.0000
                              
Validation Results: {
    "ci": 0.6771,
    "classification_loss": 0.0,
    "cluster_loss": 0.0,
    "mae": 1.1902,
    "mse": 2.6808,
    "multiclassification_loss": 0.0,
    "ortho_loss": 0.0,
    "pearson": 0.484,
    "regression_loss": 2.6803,
    "rm2": 0.2055,
    "rmse": 1.6373,
    "sd": 1.5174,
    "spearman": 0.4923,
    "spectral_loss": 0.0
}
                              
Test Results: {
    "ci": 0.6788,
    "classification_loss": 0.0,
    "cluster_loss": 0.0,
    "mae": 1.1308,
    "mse": 2.3196,
    "multiclassification_loss": 0.0,
    "ortho_loss": 0.0,
    "pearson": 0.5177,
    "regression_loss": 2.3135,
    "rm2": 0.2507,
    "rmse": 1.523,
    "sd": 1.4845,
    "spearman": 0.5007,
    "spectral_loss": 0.0
}
                              
                              
----------------------------------------
Epoch 066 with LR 0.000100: Model Results
----------------------------------------
Train MSE Loss: 0.4628, Train CLS Loss: 0.0000, Train MCLS Loss: 0.0000
Protein Cluster Region Loss - Ortho Loss: 0.0000, Cluster Loss: 0.0000
                              
Validation Results: {
    "ci": 0.6736,
    "classification_loss": 0.0,
    "cluster_loss": 0.0,
    "mae": 1.1969,
    "mse": 2.6947,
    "multiclassification_loss": 0.0,
    "ortho_loss": 0.0,
    "pearson": 0.4672,
    "regression_loss": 2.6945,
    "rm2": 0.1925,
    "rmse": 1.6416,
    "sd": 1.5331,
    "spearman": 0.4829,
    "spectral_loss": 0.0
}
                              
Test Results: {
    "ci": 0.6788,
    "classification_loss": 0.0,
    "cluster_loss": 0.0,
    "mae": 1.1308,
    "mse": 2.3196,
    "multiclassification_loss": 0.0,
    "ortho_loss": 0.0,
    "pearson": 0.5177,
    "regression_loss": 2.3135,
    "rm2": 0.2507,
    "rmse": 1.523,
    "sd": 1.4845,
    "spearman": 0.5007,
    "spectral_loss": 0.0
}
                              
                              
----------------------------------------
Epoch 067 with LR 0.000100: Model Results
----------------------------------------
Train MSE Loss: 0.4487, Train CLS Loss: 0.0000, Train MCLS Loss: 0.0000
Protein Cluster Region Loss - Ortho Loss: 0.0000, Cluster Loss: 0.0000
                              
Validation Results: {
    "ci": 0.6843,
    "classification_loss": 0.0,
    "cluster_loss": 0.0,
    "mae": 1.1691,
    "mse": 2.6108,
    "multiclassification_loss": 0.0,
    "ortho_loss": 0.0,
    "pearson": 0.489,
    "regression_loss": 2.6107,
    "rm2": 0.2098,
    "rmse": 1.6158,
    "sd": 1.5125,
    "spearman": 0.5104,
    "spectral_loss": 0.0
}
                              
Test Results: {
    "ci": 0.6788,
    "classification_loss": 0.0,
    "cluster_loss": 0.0,
    "mae": 1.1308,
    "mse": 2.3196,
    "multiclassification_loss": 0.0,
    "ortho_loss": 0.0,
    "pearson": 0.5177,
    "regression_loss": 2.3135,
    "rm2": 0.2507,
    "rmse": 1.523,
    "sd": 1.4845,
    "spearman": 0.5007,
    "spectral_loss": 0.0
}
                              
                              
----------------------------------------
Epoch 068 with LR 0.000100: Model Results
----------------------------------------
Train MSE Loss: 0.4411, Train CLS Loss: 0.0000, Train MCLS Loss: 0.0000
Protein Cluster Region Loss - Ortho Loss: 0.0000, Cluster Loss: 0.0000
                              
Validation Results: {
    "ci": 0.6781,
    "classification_loss": 0.0,
    "cluster_loss": 0.0,
    "mae": 1.1862,
    "mse": 2.6872,
    "multiclassification_loss": 0.0,
    "ortho_loss": 0.0,
    "pearson": 0.4788,
    "regression_loss": 2.6863,
    "rm2": 0.1972,
    "rmse": 1.6393,
    "sd": 1.5223,
    "spearman": 0.4931,
    "spectral_loss": 0.0
}
                              
Test Results: {
    "ci": 0.6788,
    "classification_loss": 0.0,
    "cluster_loss": 0.0,
    "mae": 1.1308,
    "mse": 2.3196,
    "multiclassification_loss": 0.0,
    "ortho_loss": 0.0,
    "pearson": 0.5177,
    "regression_loss": 2.3135,
    "rm2": 0.2507,
    "rmse": 1.523,
    "sd": 1.4845,
    "spearman": 0.5007,
    "spectral_loss": 0.0
}
                              
                              
----------------------------------------
Epoch 069 with LR 0.000100: Model Results
----------------------------------------
Train MSE Loss: 0.4269, Train CLS Loss: 0.0000, Train MCLS Loss: 0.0000
Protein Cluster Region Loss - Ortho Loss: 0.0000, Cluster Loss: 0.0000
                              
Validation Results: {
    "ci": 0.6798,
    "classification_loss": 0.0,
    "cluster_loss": 0.0,
    "mae": 1.1977,
    "mse": 2.7523,
    "multiclassification_loss": 0.0,
    "ortho_loss": 0.0,
    "pearson": 0.4731,
    "regression_loss": 2.7517,
    "rm2": 0.1919,
    "rmse": 1.659,
    "sd": 1.5277,
    "spearman": 0.4984,
    "spectral_loss": 0.0
}
                              
Test Results: {
    "ci": 0.6788,
    "classification_loss": 0.0,
    "cluster_loss": 0.0,
    "mae": 1.1308,
    "mse": 2.3196,
    "multiclassification_loss": 0.0,
    "ortho_loss": 0.0,
    "pearson": 0.5177,
    "regression_loss": 2.3135,
    "rm2": 0.2507,
    "rmse": 1.523,
    "sd": 1.4845,
    "spearman": 0.5007,
    "spectral_loss": 0.0
}
                              
                              
----------------------------------------
Epoch 070 with LR 0.000100: Model Results
----------------------------------------
Train MSE Loss: 0.4304, Train CLS Loss: 0.0000, Train MCLS Loss: 0.0000
Protein Cluster Region Loss - Ortho Loss: 0.0000, Cluster Loss: 0.0000
                              
Validation Results: {
    "ci": 0.674,
    "classification_loss": 0.0,
    "cluster_loss": 0.0,
    "mae": 1.2095,
    "mse": 2.8153,
    "multiclassification_loss": 0.0,
    "ortho_loss": 0.0,
    "pearson": 0.4657,
    "regression_loss": 2.8144,
    "rm2": 0.1898,
    "rmse": 1.6779,
    "sd": 1.5345,
    "spearman": 0.4834,
    "spectral_loss": 0.0
}
                              
Test Results: {
    "ci": 0.6788,
    "classification_loss": 0.0,
    "cluster_loss": 0.0,
    "mae": 1.1308,
    "mse": 2.3196,
    "multiclassification_loss": 0.0,
    "ortho_loss": 0.0,
    "pearson": 0.5177,
    "regression_loss": 2.3135,
    "rm2": 0.2507,
    "rmse": 1.523,
    "sd": 1.4845,
    "spearman": 0.5007,
    "spectral_loss": 0.0
}
                              
                              
----------------------------------------
Epoch 071 with LR 0.000100: Model Results
----------------------------------------
Train MSE Loss: 0.4239, Train CLS Loss: 0.0000, Train MCLS Loss: 0.0000
Protein Cluster Region Loss - Ortho Loss: 0.0000, Cluster Loss: 0.0000
                              
Validation Results: {
    "ci": 0.6732,
    "classification_loss": 0.0,
    "cluster_loss": 0.0,
    "mae": 1.2138,
    "mse": 2.8578,
    "multiclassification_loss": 0.0,
    "ortho_loss": 0.0,
    "pearson": 0.4548,
    "regression_loss": 2.8571,
    "rm2": 0.1794,
    "rmse": 1.6905,
    "sd": 1.5442,
    "spearman": 0.4816,
    "spectral_loss": 0.0
}
                              
Test Results: {
    "ci": 0.6788,
    "classification_loss": 0.0,
    "cluster_loss": 0.0,
    "mae": 1.1308,
    "mse": 2.3196,
    "multiclassification_loss": 0.0,
    "ortho_loss": 0.0,
    "pearson": 0.5177,
    "regression_loss": 2.3135,
    "rm2": 0.2507,
    "rmse": 1.523,
    "sd": 1.4845,
    "spearman": 0.5007,
    "spectral_loss": 0.0
}
                              
                              
----------------------------------------
Epoch 072 with LR 0.000100: Model Results
----------------------------------------
Train MSE Loss: 0.4255, Train CLS Loss: 0.0000, Train MCLS Loss: 0.0000
Protein Cluster Region Loss - Ortho Loss: 0.0000, Cluster Loss: 0.0000
                              
Validation Results: {
    "ci": 0.6791,
    "classification_loss": 0.0,
    "cluster_loss": 0.0,
    "mae": 1.1969,
    "mse": 2.723,
    "multiclassification_loss": 0.0,
    "ortho_loss": 0.0,
    "pearson": 0.4721,
    "regression_loss": 2.7225,
    "rm2": 0.1973,
    "rmse": 1.6502,
    "sd": 1.5286,
    "spearman": 0.499,
    "spectral_loss": 0.0
}
                              
Test Results: {
    "ci": 0.6788,
    "classification_loss": 0.0,
    "cluster_loss": 0.0,
    "mae": 1.1308,
    "mse": 2.3196,
    "multiclassification_loss": 0.0,
    "ortho_loss": 0.0,
    "pearson": 0.5177,
    "regression_loss": 2.3135,
    "rm2": 0.2507,
    "rmse": 1.523,
    "sd": 1.4845,
    "spearman": 0.5007,
    "spectral_loss": 0.0
}
                              
                              
----------------------------------------
Epoch 073 with LR 0.000100: Model Results
----------------------------------------
Train MSE Loss: 0.4099, Train CLS Loss: 0.0000, Train MCLS Loss: 0.0000
Protein Cluster Region Loss - Ortho Loss: 0.0000, Cluster Loss: 0.0000
                              
Validation Results: {
    "ci": 0.6793,
    "classification_loss": 0.0,
    "cluster_loss": 0.0,
    "mae": 1.2063,
    "mse": 2.7738,
    "multiclassification_loss": 0.0,
    "ortho_loss": 0.0,
    "pearson": 0.4873,
    "regression_loss": 2.7731,
    "rm2": 0.2026,
    "rmse": 1.6655,
    "sd": 1.5142,
    "spearman": 0.4992,
    "spectral_loss": 0.0
}
                              
Test Results: {
    "ci": 0.6788,
    "classification_loss": 0.0,
    "cluster_loss": 0.0,
    "mae": 1.1308,
    "mse": 2.3196,
    "multiclassification_loss": 0.0,
    "ortho_loss": 0.0,
    "pearson": 0.5177,
    "regression_loss": 2.3135,
    "rm2": 0.2507,
    "rmse": 1.523,
    "sd": 1.4845,
    "spearman": 0.5007,
    "spectral_loss": 0.0
}
                              
                              
----------------------------------------
Epoch 074 with LR 0.000100: Model Results
----------------------------------------
Train MSE Loss: 0.4001, Train CLS Loss: 0.0000, Train MCLS Loss: 0.0000
Protein Cluster Region Loss - Ortho Loss: 0.0000, Cluster Loss: 0.0000
                              
Validation Results: {
    "ci": 0.6885,
    "classification_loss": 0.0,
    "cluster_loss": 0.0,
    "mae": 1.1767,
    "mse": 2.6403,
    "multiclassification_loss": 0.0,
    "ortho_loss": 0.0,
    "pearson": 0.5055,
    "regression_loss": 2.6396,
    "rm2": 0.2154,
    "rmse": 1.6249,
    "sd": 1.4961,
    "spearman": 0.5238,
    "spectral_loss": 0.0
}
                              
Test Results: {
    "ci": 0.6788,
    "classification_loss": 0.0,
    "cluster_loss": 0.0,
    "mae": 1.1308,
    "mse": 2.3196,
    "multiclassification_loss": 0.0,
    "ortho_loss": 0.0,
    "pearson": 0.5177,
    "regression_loss": 2.3135,
    "rm2": 0.2507,
    "rmse": 1.523,
    "sd": 1.4845,
    "spearman": 0.5007,
    "spectral_loss": 0.0
}
                              
                              
----------------------------------------
Epoch 075 with LR 0.000100: Model Results
----------------------------------------
Train MSE Loss: 0.4026, Train CLS Loss: 0.0000, Train MCLS Loss: 0.0000
Protein Cluster Region Loss - Ortho Loss: 0.0000, Cluster Loss: 0.0000
                              
Validation Results: {
    "ci": 0.678,
    "classification_loss": 0.0,
    "cluster_loss": 0.0,
    "mae": 1.1863,
    "mse": 2.6508,
    "multiclassification_loss": 0.0,
    "ortho_loss": 0.0,
    "pearson": 0.4932,
    "regression_loss": 2.6501,
    "rm2": 0.2048,
    "rmse": 1.6281,
    "sd": 1.5085,
    "spearman": 0.4952,
    "spectral_loss": 0.0
}
                              
Test Results: {
    "ci": 0.6788,
    "classification_loss": 0.0,
    "cluster_loss": 0.0,
    "mae": 1.1308,
    "mse": 2.3196,
    "multiclassification_loss": 0.0,
    "ortho_loss": 0.0,
    "pearson": 0.5177,
    "regression_loss": 2.3135,
    "rm2": 0.2507,
    "rmse": 1.523,
    "sd": 1.4845,
    "spearman": 0.5007,
    "spectral_loss": 0.0
}
                              
                              
----------------------------------------
Epoch 076 with LR 0.000100: Model Results
----------------------------------------
Train MSE Loss: 0.3885, Train CLS Loss: 0.0000, Train MCLS Loss: 0.0000
Protein Cluster Region Loss - Ortho Loss: 0.0000, Cluster Loss: 0.0000
                              
Validation Results: {
    "ci": 0.6752,
    "classification_loss": 0.0,
    "cluster_loss": 0.0,
    "mae": 1.2069,
    "mse": 2.7108,
    "multiclassification_loss": 0.0,
    "ortho_loss": 0.0,
    "pearson": 0.4847,
    "regression_loss": 2.7105,
    "rm2": 0.2069,
    "rmse": 1.6464,
    "sd": 1.5166,
    "spearman": 0.4889,
    "spectral_loss": 0.0
}
                              
Test Results: {
    "ci": 0.6788,
    "classification_loss": 0.0,
    "cluster_loss": 0.0,
    "mae": 1.1308,
    "mse": 2.3196,
    "multiclassification_loss": 0.0,
    "ortho_loss": 0.0,
    "pearson": 0.5177,
    "regression_loss": 2.3135,
    "rm2": 0.2507,
    "rmse": 1.523,
    "sd": 1.4845,
    "spearman": 0.5007,
    "spectral_loss": 0.0
}
                              
                              
----------------------------------------
Epoch 077 with LR 0.000100: Model Results
----------------------------------------
Train MSE Loss: 0.3985, Train CLS Loss: 0.0000, Train MCLS Loss: 0.0000
Protein Cluster Region Loss - Ortho Loss: 0.0000, Cluster Loss: 0.0000
                              
Validation Results: {
    "ci": 0.6775,
    "classification_loss": 0.0,
    "cluster_loss": 0.0,
    "mae": 1.1898,
    "mse": 2.6909,
    "multiclassification_loss": 0.0,
    "ortho_loss": 0.0,
    "pearson": 0.4836,
    "regression_loss": 2.69,
    "rm2": 0.2028,
    "rmse": 1.6404,
    "sd": 1.5177,
    "spearman": 0.4949,
    "spectral_loss": 0.0
}
                              
Test Results: {
    "ci": 0.6788,
    "classification_loss": 0.0,
    "cluster_loss": 0.0,
    "mae": 1.1308,
    "mse": 2.3196,
    "multiclassification_loss": 0.0,
    "ortho_loss": 0.0,
    "pearson": 0.5177,
    "regression_loss": 2.3135,
    "rm2": 0.2507,
    "rmse": 1.523,
    "sd": 1.4845,
    "spearman": 0.5007,
    "spectral_loss": 0.0
}
                              
                              
----------------------------------------
Epoch 078 with LR 0.000100: Model Results
----------------------------------------
Train MSE Loss: 0.3905, Train CLS Loss: 0.0000, Train MCLS Loss: 0.0000
Protein Cluster Region Loss - Ortho Loss: 0.0000, Cluster Loss: 0.0000
                              
Validation Results: {
    "ci": 0.6733,
    "classification_loss": 0.0,
    "cluster_loss": 0.0,
    "mae": 1.2268,
    "mse": 2.8079,
    "multiclassification_loss": 0.0,
    "ortho_loss": 0.0,
    "pearson": 0.4748,
    "regression_loss": 2.8069,
    "rm2": 0.1902,
    "rmse": 1.6757,
    "sd": 1.5261,
    "spearman": 0.4846,
    "spectral_loss": 0.0
}
                              
Test Results: {
    "ci": 0.6788,
    "classification_loss": 0.0,
    "cluster_loss": 0.0,
    "mae": 1.1308,
    "mse": 2.3196,
    "multiclassification_loss": 0.0,
    "ortho_loss": 0.0,
    "pearson": 0.5177,
    "regression_loss": 2.3135,
    "rm2": 0.2507,
    "rmse": 1.523,
    "sd": 1.4845,
    "spearman": 0.5007,
    "spectral_loss": 0.0
}
                              
                              
----------------------------------------
Epoch 079 with LR 0.000100: Model Results
----------------------------------------
Train MSE Loss: 0.3713, Train CLS Loss: 0.0000, Train MCLS Loss: 0.0000
Protein Cluster Region Loss - Ortho Loss: 0.0000, Cluster Loss: 0.0000
                              
Validation Results: {
    "ci": 0.681,
    "classification_loss": 0.0,
    "cluster_loss": 0.0,
    "mae": 1.1961,
    "mse": 2.7659,
    "multiclassification_loss": 0.0,
    "ortho_loss": 0.0,
    "pearson": 0.4806,
    "regression_loss": 2.7656,
    "rm2": 0.1988,
    "rmse": 1.6631,
    "sd": 1.5206,
    "spearman": 0.5044,
    "spectral_loss": 0.0
}
                              
Test Results: {
    "ci": 0.6788,
    "classification_loss": 0.0,
    "cluster_loss": 0.0,
    "mae": 1.1308,
    "mse": 2.3196,
    "multiclassification_loss": 0.0,
    "ortho_loss": 0.0,
    "pearson": 0.5177,
    "regression_loss": 2.3135,
    "rm2": 0.2507,
    "rmse": 1.523,
    "sd": 1.4845,
    "spearman": 0.5007,
    "spectral_loss": 0.0
}
                              
                              
----------------------------------------
Epoch 080 with LR 0.000100: Model Results
----------------------------------------
Train MSE Loss: 0.3761, Train CLS Loss: 0.0000, Train MCLS Loss: 0.0000
Protein Cluster Region Loss - Ortho Loss: 0.0000, Cluster Loss: 0.0000
                              
Validation Results: {
    "ci": 0.6781,
    "classification_loss": 0.0,
    "cluster_loss": 0.0,
    "mae": 1.1973,
    "mse": 2.7147,
    "multiclassification_loss": 0.0,
    "ortho_loss": 0.0,
    "pearson": 0.4944,
    "regression_loss": 2.7142,
    "rm2": 0.2081,
    "rmse": 1.6476,
    "sd": 1.5072,
    "spearman": 0.4932,
    "spectral_loss": 0.0
}
                              
Test Results: {
    "ci": 0.6788,
    "classification_loss": 0.0,
    "cluster_loss": 0.0,
    "mae": 1.1308,
    "mse": 2.3196,
    "multiclassification_loss": 0.0,
    "ortho_loss": 0.0,
    "pearson": 0.5177,
    "regression_loss": 2.3135,
    "rm2": 0.2507,
    "rmse": 1.523,
    "sd": 1.4845,
    "spearman": 0.5007,
    "spectral_loss": 0.0
}
                              
                              
----------------------------------------
Epoch 081 with LR 0.000100: Model Results
----------------------------------------
Train MSE Loss: 0.3622, Train CLS Loss: 0.0000, Train MCLS Loss: 0.0000
Protein Cluster Region Loss - Ortho Loss: 0.0000, Cluster Loss: 0.0000
                              
Validation Results: {
    "ci": 0.6734,
    "classification_loss": 0.0,
    "cluster_loss": 0.0,
    "mae": 1.2076,
    "mse": 2.7386,
    "multiclassification_loss": 0.0,
    "ortho_loss": 0.0,
    "pearson": 0.4739,
    "regression_loss": 2.7379,
    "rm2": 0.1991,
    "rmse": 1.6549,
    "sd": 1.5269,
    "spearman": 0.4864,
    "spectral_loss": 0.0
}
                              
Test Results: {
    "ci": 0.6788,
    "classification_loss": 0.0,
    "cluster_loss": 0.0,
    "mae": 1.1308,
    "mse": 2.3196,
    "multiclassification_loss": 0.0,
    "ortho_loss": 0.0,
    "pearson": 0.5177,
    "regression_loss": 2.3135,
    "rm2": 0.2507,
    "rmse": 1.523,
    "sd": 1.4845,
    "spearman": 0.5007,
    "spectral_loss": 0.0
}
                              
                              
----------------------------------------
Epoch 082 with LR 0.000100: Model Results
----------------------------------------
Train MSE Loss: 0.3578, Train CLS Loss: 0.0000, Train MCLS Loss: 0.0000
Protein Cluster Region Loss - Ortho Loss: 0.0000, Cluster Loss: 0.0000
                              
Validation Results: {
    "ci": 0.6809,
    "classification_loss": 0.0,
    "cluster_loss": 0.0,
    "mae": 1.1966,
    "mse": 2.7057,
    "multiclassification_loss": 0.0,
    "ortho_loss": 0.0,
    "pearson": 0.4912,
    "regression_loss": 2.7051,
    "rm2": 0.2105,
    "rmse": 1.6449,
    "sd": 1.5104,
    "spearman": 0.5026,
    "spectral_loss": 0.0
}
                              
Test Results: {
    "ci": 0.6788,
    "classification_loss": 0.0,
    "cluster_loss": 0.0,
    "mae": 1.1308,
    "mse": 2.3196,
    "multiclassification_loss": 0.0,
    "ortho_loss": 0.0,
    "pearson": 0.5177,
    "regression_loss": 2.3135,
    "rm2": 0.2507,
    "rmse": 1.523,
    "sd": 1.4845,
    "spearman": 0.5007,
    "spectral_loss": 0.0
}
                              
                              
----------------------------------------
Epoch 083 with LR 0.000100: Model Results
----------------------------------------
Train MSE Loss: 0.3628, Train CLS Loss: 0.0000, Train MCLS Loss: 0.0000
Protein Cluster Region Loss - Ortho Loss: 0.0000, Cluster Loss: 0.0000
                              
Validation Results: {
    "ci": 0.6747,
    "classification_loss": 0.0,
    "cluster_loss": 0.0,
    "mae": 1.227,
    "mse": 2.9204,
    "multiclassification_loss": 0.0,
    "ortho_loss": 0.0,
    "pearson": 0.4646,
    "regression_loss": 2.9197,
    "rm2": 0.1866,
    "rmse": 1.7089,
    "sd": 1.5355,
    "spearman": 0.4859,
    "spectral_loss": 0.0
}
                              
Test Results: {
    "ci": 0.6788,
    "classification_loss": 0.0,
    "cluster_loss": 0.0,
    "mae": 1.1308,
    "mse": 2.3196,
    "multiclassification_loss": 0.0,
    "ortho_loss": 0.0,
    "pearson": 0.5177,
    "regression_loss": 2.3135,
    "rm2": 0.2507,
    "rmse": 1.523,
    "sd": 1.4845,
    "spearman": 0.5007,
    "spectral_loss": 0.0
}
                              
                              
----------------------------------------
Epoch 084 with LR 0.000100: Model Results
----------------------------------------
Train MSE Loss: 0.3493, Train CLS Loss: 0.0000, Train MCLS Loss: 0.0000
Protein Cluster Region Loss - Ortho Loss: 0.0000, Cluster Loss: 0.0000
                              
Validation Results: {
    "ci": 0.6718,
    "classification_loss": 0.0,
    "cluster_loss": 0.0,
    "mae": 1.2162,
    "mse": 2.8344,
    "multiclassification_loss": 0.0,
    "ortho_loss": 0.0,
    "pearson": 0.4604,
    "regression_loss": 2.8341,
    "rm2": 0.1866,
    "rmse": 1.6836,
    "sd": 1.5393,
    "spearman": 0.4791,
    "spectral_loss": 0.0
}
                              
Test Results: {
    "ci": 0.6788,
    "classification_loss": 0.0,
    "cluster_loss": 0.0,
    "mae": 1.1308,
    "mse": 2.3196,
    "multiclassification_loss": 0.0,
    "ortho_loss": 0.0,
    "pearson": 0.5177,
    "regression_loss": 2.3135,
    "rm2": 0.2507,
    "rmse": 1.523,
    "sd": 1.4845,
    "spearman": 0.5007,
    "spectral_loss": 0.0
}
                              
                              
----------------------------------------
Epoch 085 with LR 0.000100: Model Results
----------------------------------------
Train MSE Loss: 0.3465, Train CLS Loss: 0.0000, Train MCLS Loss: 0.0000
Protein Cluster Region Loss - Ortho Loss: 0.0000, Cluster Loss: 0.0000
                              
Validation Results: {
    "ci": 0.6831,
    "classification_loss": 0.0,
    "cluster_loss": 0.0,
    "mae": 1.1883,
    "mse": 2.7107,
    "multiclassification_loss": 0.0,
    "ortho_loss": 0.0,
    "pearson": 0.4882,
    "regression_loss": 2.7103,
    "rm2": 0.2048,
    "rmse": 1.6464,
    "sd": 1.5133,
    "spearman": 0.5082,
    "spectral_loss": 0.0
}
                              
Test Results: {
    "ci": 0.6788,
    "classification_loss": 0.0,
    "cluster_loss": 0.0,
    "mae": 1.1308,
    "mse": 2.3196,
    "multiclassification_loss": 0.0,
    "ortho_loss": 0.0,
    "pearson": 0.5177,
    "regression_loss": 2.3135,
    "rm2": 0.2507,
    "rmse": 1.523,
    "sd": 1.4845,
    "spearman": 0.5007,
    "spectral_loss": 0.0
}
                              
                              
----------------------------------------
Epoch 086 with LR 0.000100: Model Results
----------------------------------------
Train MSE Loss: 0.3429, Train CLS Loss: 0.0000, Train MCLS Loss: 0.0000
Protein Cluster Region Loss - Ortho Loss: 0.0000, Cluster Loss: 0.0000
                              
Validation Results: {
    "ci": 0.676,
    "classification_loss": 0.0,
    "cluster_loss": 0.0,
    "mae": 1.2159,
    "mse": 2.7745,
    "multiclassification_loss": 0.0,
    "ortho_loss": 0.0,
    "pearson": 0.4825,
    "regression_loss": 2.774,
    "rm2": 0.203,
    "rmse": 1.6657,
    "sd": 1.5188,
    "spearman": 0.4927,
    "spectral_loss": 0.0
}
                              
Test Results: {
    "ci": 0.6788,
    "classification_loss": 0.0,
    "cluster_loss": 0.0,
    "mae": 1.1308,
    "mse": 2.3196,
    "multiclassification_loss": 0.0,
    "ortho_loss": 0.0,
    "pearson": 0.5177,
    "regression_loss": 2.3135,
    "rm2": 0.2507,
    "rmse": 1.523,
    "sd": 1.4845,
    "spearman": 0.5007,
    "spectral_loss": 0.0
}
                              
                              
----------------------------------------
Epoch 087 with LR 0.000100: Model Results
----------------------------------------
Train MSE Loss: 0.3417, Train CLS Loss: 0.0000, Train MCLS Loss: 0.0000
Protein Cluster Region Loss - Ortho Loss: 0.0000, Cluster Loss: 0.0000
                              
Validation Results: {
    "ci": 0.679,
    "classification_loss": 0.0,
    "cluster_loss": 0.0,
    "mae": 1.1838,
    "mse": 2.6721,
    "multiclassification_loss": 0.0,
    "ortho_loss": 0.0,
    "pearson": 0.4927,
    "regression_loss": 2.6715,
    "rm2": 0.2131,
    "rmse": 1.6347,
    "sd": 1.5089,
    "spearman": 0.4954,
    "spectral_loss": 0.0
}
                              
Test Results: {
    "ci": 0.6788,
    "classification_loss": 0.0,
    "cluster_loss": 0.0,
    "mae": 1.1308,
    "mse": 2.3196,
    "multiclassification_loss": 0.0,
    "ortho_loss": 0.0,
    "pearson": 0.5177,
    "regression_loss": 2.3135,
    "rm2": 0.2507,
    "rmse": 1.523,
    "sd": 1.4845,
    "spearman": 0.5007,
    "spectral_loss": 0.0
}
                              
                              
----------------------------------------
Epoch 088 with LR 0.000100: Model Results
----------------------------------------
Train MSE Loss: 0.3357, Train CLS Loss: 0.0000, Train MCLS Loss: 0.0000
Protein Cluster Region Loss - Ortho Loss: 0.0000, Cluster Loss: 0.0000
                              
Validation Results: {
    "ci": 0.6766,
    "classification_loss": 0.0,
    "cluster_loss": 0.0,
    "mae": 1.2198,
    "mse": 2.8871,
    "multiclassification_loss": 0.0,
    "ortho_loss": 0.0,
    "pearson": 0.4763,
    "regression_loss": 2.8865,
    "rm2": 0.1957,
    "rmse": 1.6992,
    "sd": 1.5247,
    "spearman": 0.4903,
    "spectral_loss": 0.0
}
                              
Test Results: {
    "ci": 0.6788,
    "classification_loss": 0.0,
    "cluster_loss": 0.0,
    "mae": 1.1308,
    "mse": 2.3196,
    "multiclassification_loss": 0.0,
    "ortho_loss": 0.0,
    "pearson": 0.5177,
    "regression_loss": 2.3135,
    "rm2": 0.2507,
    "rmse": 1.523,
    "sd": 1.4845,
    "spearman": 0.5007,
    "spectral_loss": 0.0
}
                              
                              
----------------------------------------
Epoch 089 with LR 0.000100: Model Results
----------------------------------------
Train MSE Loss: 0.3324, Train CLS Loss: 0.0000, Train MCLS Loss: 0.0000
Protein Cluster Region Loss - Ortho Loss: 0.0000, Cluster Loss: 0.0000
                              
Validation Results: {
    "ci": 0.6734,
    "classification_loss": 0.0,
    "cluster_loss": 0.0,
    "mae": 1.2283,
    "mse": 2.8562,
    "multiclassification_loss": 0.0,
    "ortho_loss": 0.0,
    "pearson": 0.4766,
    "regression_loss": 2.8554,
    "rm2": 0.1974,
    "rmse": 1.69,
    "sd": 1.5243,
    "spearman": 0.4813,
    "spectral_loss": 0.0
}
                              
Test Results: {
    "ci": 0.6788,
    "classification_loss": 0.0,
    "cluster_loss": 0.0,
    "mae": 1.1308,
    "mse": 2.3196,
    "multiclassification_loss": 0.0,
    "ortho_loss": 0.0,
    "pearson": 0.5177,
    "regression_loss": 2.3135,
    "rm2": 0.2507,
    "rmse": 1.523,
    "sd": 1.4845,
    "spearman": 0.5007,
    "spectral_loss": 0.0
}
                              
                              
----------------------------------------
Epoch 090 with LR 0.000100: Model Results
----------------------------------------
Train MSE Loss: 0.3324, Train CLS Loss: 0.0000, Train MCLS Loss: 0.0000
Protein Cluster Region Loss - Ortho Loss: 0.0000, Cluster Loss: 0.0000
                              
Validation Results: {
    "ci": 0.6738,
    "classification_loss": 0.0,
    "cluster_loss": 0.0,
    "mae": 1.1949,
    "mse": 2.7522,
    "multiclassification_loss": 0.0,
    "ortho_loss": 0.0,
    "pearson": 0.4748,
    "regression_loss": 2.7516,
    "rm2": 0.1982,
    "rmse": 1.659,
    "sd": 1.5261,
    "spearman": 0.4832,
    "spectral_loss": 0.0
}
                              
Test Results: {
    "ci": 0.6788,
    "classification_loss": 0.0,
    "cluster_loss": 0.0,
    "mae": 1.1308,
    "mse": 2.3196,
    "multiclassification_loss": 0.0,
    "ortho_loss": 0.0,
    "pearson": 0.5177,
    "regression_loss": 2.3135,
    "rm2": 0.2507,
    "rmse": 1.523,
    "sd": 1.4845,
    "spearman": 0.5007,
    "spectral_loss": 0.0
}
                              
                              
----------------------------------------
Epoch 091 with LR 0.000100: Model Results
----------------------------------------
Train MSE Loss: 0.3242, Train CLS Loss: 0.0000, Train MCLS Loss: 0.0000
Protein Cluster Region Loss - Ortho Loss: 0.0000, Cluster Loss: 0.0000
                              
Validation Results: {
    "ci": 0.6773,
    "classification_loss": 0.0,
    "cluster_loss": 0.0,
    "mae": 1.1814,
    "mse": 2.6501,
    "multiclassification_loss": 0.0,
    "ortho_loss": 0.0,
    "pearson": 0.4871,
    "regression_loss": 2.6496,
    "rm2": 0.2086,
    "rmse": 1.6279,
    "sd": 1.5144,
    "spearman": 0.4935,
    "spectral_loss": 0.0
}
                              
Test Results: {
    "ci": 0.6788,
    "classification_loss": 0.0,
    "cluster_loss": 0.0,
    "mae": 1.1308,
    "mse": 2.3196,
    "multiclassification_loss": 0.0,
    "ortho_loss": 0.0,
    "pearson": 0.5177,
    "regression_loss": 2.3135,
    "rm2": 0.2507,
    "rmse": 1.523,
    "sd": 1.4845,
    "spearman": 0.5007,
    "spectral_loss": 0.0
}
                              
                              
----------------------------------------
Epoch 092 with LR 0.000100: Model Results
----------------------------------------
Train MSE Loss: 0.3144, Train CLS Loss: 0.0000, Train MCLS Loss: 0.0000
Protein Cluster Region Loss - Ortho Loss: 0.0000, Cluster Loss: 0.0000
                              
Validation Results: {
    "ci": 0.6806,
    "classification_loss": 0.0,
    "cluster_loss": 0.0,
    "mae": 1.184,
    "mse": 2.6277,
    "multiclassification_loss": 0.0,
    "ortho_loss": 0.0,
    "pearson": 0.4977,
    "regression_loss": 2.6274,
    "rm2": 0.2197,
    "rmse": 1.621,
    "sd": 1.504,
    "spearman": 0.5039,
    "spectral_loss": 0.0
}
                              
Test Results: {
    "ci": 0.6788,
    "classification_loss": 0.0,
    "cluster_loss": 0.0,
    "mae": 1.1308,
    "mse": 2.3196,
    "multiclassification_loss": 0.0,
    "ortho_loss": 0.0,
    "pearson": 0.5177,
    "regression_loss": 2.3135,
    "rm2": 0.2507,
    "rmse": 1.523,
    "sd": 1.4845,
    "spearman": 0.5007,
    "spectral_loss": 0.0
}
                              
                              
----------------------------------------
Epoch 093 with LR 0.000100: Model Results
----------------------------------------
Train MSE Loss: 0.3229, Train CLS Loss: 0.0000, Train MCLS Loss: 0.0000
Protein Cluster Region Loss - Ortho Loss: 0.0000, Cluster Loss: 0.0000
                              
Validation Results: {
    "ci": 0.6798,
    "classification_loss": 0.0,
    "cluster_loss": 0.0,
    "mae": 1.1869,
    "mse": 2.7665,
    "multiclassification_loss": 0.0,
    "ortho_loss": 0.0,
    "pearson": 0.4658,
    "regression_loss": 2.7661,
    "rm2": 0.1878,
    "rmse": 1.6633,
    "sd": 1.5343,
    "spearman": 0.4979,
    "spectral_loss": 0.0
}
                              
Test Results: {
    "ci": 0.6788,
    "classification_loss": 0.0,
    "cluster_loss": 0.0,
    "mae": 1.1308,
    "mse": 2.3196,
    "multiclassification_loss": 0.0,
    "ortho_loss": 0.0,
    "pearson": 0.5177,
    "regression_loss": 2.3135,
    "rm2": 0.2507,
    "rmse": 1.523,
    "sd": 1.4845,
    "spearman": 0.5007,
    "spectral_loss": 0.0
}
                              
                              
----------------------------------------
Epoch 094 with LR 0.000100: Model Results
----------------------------------------
Train MSE Loss: 0.3178, Train CLS Loss: 0.0000, Train MCLS Loss: 0.0000
Protein Cluster Region Loss - Ortho Loss: 0.0000, Cluster Loss: 0.0000
                              
Validation Results: {
    "ci": 0.6834,
    "classification_loss": 0.0,
    "cluster_loss": 0.0,
    "mae": 1.1788,
    "mse": 2.7199,
    "multiclassification_loss": 0.0,
    "ortho_loss": 0.0,
    "pearson": 0.484,
    "regression_loss": 2.719,
    "rm2": 0.1984,
    "rmse": 1.6492,
    "sd": 1.5173,
    "spearman": 0.5082,
    "spectral_loss": 0.0
}
                              
Test Results: {
    "ci": 0.6788,
    "classification_loss": 0.0,
    "cluster_loss": 0.0,
    "mae": 1.1308,
    "mse": 2.3196,
    "multiclassification_loss": 0.0,
    "ortho_loss": 0.0,
    "pearson": 0.5177,
    "regression_loss": 2.3135,
    "rm2": 0.2507,
    "rmse": 1.523,
    "sd": 1.4845,
    "spearman": 0.5007,
    "spectral_loss": 0.0
}
                              
                              
----------------------------------------
Epoch 095 with LR 0.000100: Model Results
----------------------------------------
Train MSE Loss: 0.3069, Train CLS Loss: 0.0000, Train MCLS Loss: 0.0000
Protein Cluster Region Loss - Ortho Loss: 0.0000, Cluster Loss: 0.0000
                              
Validation Results: {
    "ci": 0.6848,
    "classification_loss": 0.0,
    "cluster_loss": 0.0,
    "mae": 1.1935,
    "mse": 2.7436,
    "multiclassification_loss": 0.0,
    "ortho_loss": 0.0,
    "pearson": 0.4914,
    "regression_loss": 2.7428,
    "rm2": 0.2029,
    "rmse": 1.6564,
    "sd": 1.5102,
    "spearman": 0.5125,
    "spectral_loss": 0.0
}
                              
Test Results: {
    "ci": 0.6788,
    "classification_loss": 0.0,
    "cluster_loss": 0.0,
    "mae": 1.1308,
    "mse": 2.3196,
    "multiclassification_loss": 0.0,
    "ortho_loss": 0.0,
    "pearson": 0.5177,
    "regression_loss": 2.3135,
    "rm2": 0.2507,
    "rmse": 1.523,
    "sd": 1.4845,
    "spearman": 0.5007,
    "spectral_loss": 0.0
}
                              
                              
----------------------------------------
Epoch 096 with LR 0.000100: Model Results
----------------------------------------
Train MSE Loss: 0.3158, Train CLS Loss: 0.0000, Train MCLS Loss: 0.0000
Protein Cluster Region Loss - Ortho Loss: 0.0000, Cluster Loss: 0.0000
                              
Validation Results: {
    "ci": 0.681,
    "classification_loss": 0.0,
    "cluster_loss": 0.0,
    "mae": 1.1864,
    "mse": 2.7253,
    "multiclassification_loss": 0.0,
    "ortho_loss": 0.0,
    "pearson": 0.4808,
    "regression_loss": 2.7249,
    "rm2": 0.2011,
    "rmse": 1.6508,
    "sd": 1.5204,
    "spearman": 0.5039,
    "spectral_loss": 0.0
}
                              
Test Results: {
    "ci": 0.6788,
    "classification_loss": 0.0,
    "cluster_loss": 0.0,
    "mae": 1.1308,
    "mse": 2.3196,
    "multiclassification_loss": 0.0,
    "ortho_loss": 0.0,
    "pearson": 0.5177,
    "regression_loss": 2.3135,
    "rm2": 0.2507,
    "rmse": 1.523,
    "sd": 1.4845,
    "spearman": 0.5007,
    "spectral_loss": 0.0
}
                              
                              
----------------------------------------
Epoch 097 with LR 0.000100: Model Results
----------------------------------------
Train MSE Loss: 0.2978, Train CLS Loss: 0.0000, Train MCLS Loss: 0.0000
Protein Cluster Region Loss - Ortho Loss: 0.0000, Cluster Loss: 0.0000
                              
Validation Results: {
    "ci": 0.6841,
    "classification_loss": 0.0,
    "cluster_loss": 0.0,
    "mae": 1.1693,
    "mse": 2.6104,
    "multiclassification_loss": 0.0,
    "ortho_loss": 0.0,
    "pearson": 0.4984,
    "regression_loss": 2.6099,
    "rm2": 0.2121,
    "rmse": 1.6157,
    "sd": 1.5033,
    "spearman": 0.5092,
    "spectral_loss": 0.0
}
                              
Test Results: {
    "ci": 0.6788,
    "classification_loss": 0.0,
    "cluster_loss": 0.0,
    "mae": 1.1308,
    "mse": 2.3196,
    "multiclassification_loss": 0.0,
    "ortho_loss": 0.0,
    "pearson": 0.5177,
    "regression_loss": 2.3135,
    "rm2": 0.2507,
    "rmse": 1.523,
    "sd": 1.4845,
    "spearman": 0.5007,
    "spectral_loss": 0.0
}
                              
                              
----------------------------------------
Epoch 098 with LR 0.000100: Model Results
----------------------------------------
Train MSE Loss: 0.2940, Train CLS Loss: 0.0000, Train MCLS Loss: 0.0000
Protein Cluster Region Loss - Ortho Loss: 0.0000, Cluster Loss: 0.0000
                              
Validation Results: {
    "ci": 0.6797,
    "classification_loss": 0.0,
    "cluster_loss": 0.0,
    "mae": 1.1876,
    "mse": 2.7339,
    "multiclassification_loss": 0.0,
    "ortho_loss": 0.0,
    "pearson": 0.4816,
    "regression_loss": 2.7332,
    "rm2": 0.2016,
    "rmse": 1.6535,
    "sd": 1.5196,
    "spearman": 0.4995,
    "spectral_loss": 0.0
}
                              
Test Results: {
    "ci": 0.6788,
    "classification_loss": 0.0,
    "cluster_loss": 0.0,
    "mae": 1.1308,
    "mse": 2.3196,
    "multiclassification_loss": 0.0,
    "ortho_loss": 0.0,
    "pearson": 0.5177,
    "regression_loss": 2.3135,
    "rm2": 0.2507,
    "rmse": 1.523,
    "sd": 1.4845,
    "spearman": 0.5007,
    "spectral_loss": 0.0
}
                              
                              
----------------------------------------
Epoch 099 with LR 0.000100: Model Results
----------------------------------------
Train MSE Loss: 0.2942, Train CLS Loss: 0.0000, Train MCLS Loss: 0.0000
Protein Cluster Region Loss - Ortho Loss: 0.0000, Cluster Loss: 0.0000
                              
Validation Results: {
    "ci": 0.6815,
    "classification_loss": 0.0,
    "cluster_loss": 0.0,
    "mae": 1.2,
    "mse": 2.7324,
    "multiclassification_loss": 0.0,
    "ortho_loss": 0.0,
    "pearson": 0.4926,
    "regression_loss": 2.7316,
    "rm2": 0.2072,
    "rmse": 1.653,
    "sd": 1.509,
    "spearman": 0.5061,
    "spectral_loss": 0.0
}
                              
Test Results: {
    "ci": 0.6788,
    "classification_loss": 0.0,
    "cluster_loss": 0.0,
    "mae": 1.1308,
    "mse": 2.3196,
    "multiclassification_loss": 0.0,
    "ortho_loss": 0.0,
    "pearson": 0.5177,
    "regression_loss": 2.3135,
    "rm2": 0.2507,
    "rmse": 1.523,
    "sd": 1.4845,
    "spearman": 0.5007,
    "spectral_loss": 0.0
}
                              
                              
----------------------------------------
Epoch 100 with LR 0.000100: Model Results
----------------------------------------
Train MSE Loss: 0.2885, Train CLS Loss: 0.0000, Train MCLS Loss: 0.0000
Protein Cluster Region Loss - Ortho Loss: 0.0000, Cluster Loss: 0.0000
                              
Validation Results: {
    "ci": 0.6833,
    "classification_loss": 0.0,
    "cluster_loss": 0.0,
    "mae": 1.2006,
    "mse": 2.8205,
    "multiclassification_loss": 0.0,
    "ortho_loss": 0.0,
    "pearson": 0.4861,
    "regression_loss": 2.8193,
    "rm2": 0.1951,
    "rmse": 1.6794,
    "sd": 1.5153,
    "spearman": 0.507,
    "spectral_loss": 0.0
}
                              
Test Results: {
    "ci": 0.6788,
    "classification_loss": 0.0,
    "cluster_loss": 0.0,
    "mae": 1.1308,
    "mse": 2.3196,
    "multiclassification_loss": 0.0,
    "ortho_loss": 0.0,
    "pearson": 0.5177,
    "regression_loss": 2.3135,
    "rm2": 0.2507,
    "rmse": 1.523,
    "sd": 1.4845,
    "spearman": 0.5007,
    "spectral_loss": 0.0
}
[best epoch] epoch=16, best_rmse=1.5435, lr_at_best=1.000e-04
                              
                              
----------------------------------------
Epoch 100 with LR 0.000100: Model Results
----------------------------------------
Train MSE Loss: 0.2885, Train CLS Loss: 0.0000, Train MCLS Loss: 0.0000
Protein Cluster Region Loss - Ortho Loss: 0.0000, Cluster Loss: 0.0000
                              
Validation Results: {
    "ci": 0.6833,
    "classification_loss": 0.0,
    "cluster_loss": 0.0,
    "mae": 1.2006,
    "mse": 2.8205,
    "multiclassification_loss": 0.0,
    "ortho_loss": 0.0,
    "pearson": 0.4861,
    "regression_loss": 2.8193,
    "rm2": 0.1951,
    "rmse": 1.6794,
    "sd": 1.5153,
    "spearman": 0.507,
    "spectral_loss": 0.0
}
                              
Test Results: {
    "ci": 0.6788,
    "classification_loss": 0.0,
    "cluster_loss": 0.0,
    "mae": 1.1308,
    "mse": 2.3196,
    "multiclassification_loss": 0.0,
    "ortho_loss": 0.0,
    "pearson": 0.5177,
    "regression_loss": 2.3135,
    "rm2": 0.2507,
    "rmse": 1.523,
    "sd": 1.4845,
    "spearman": 0.5007,
    "spectral_loss": 0.0
}
Final test metrics: rmse=1.5213, pearson=0.5386, r2_proxy(mse)=2.3143
Done. Predictions: /sc/arion/projects/DiseaseGeneCell/Huang_lab_project/wangcDrugRepoProject/TRACE_Kin_Results_v3/EITLEM_dataset/EITLEM_kkm_ProteinCLIP_embedding_cold_protein/test_prediction_seed1.csv; checkpoint: /sc/arion/projects/DiseaseGeneCell/Huang_lab_project/wangcDrugRepoProject/TRACE_Kin_Results_v3/EITLEM_dataset/EITLEM_kkm_ProteinCLIP_embedding_cold_protein/save_model_seed1/model.pt

==========================================
Array task 11/14: OK (EITLEM_kkm_ProteinCLIP_embedding_cold_protein)
==========================================


PS:

Read file <242602764.11.stderr> for stderr output of this job.

