Sender: LSF System <lsfadmin@lg02e06>
Subject: Job 242602773[12]: <trace_kin_v3_s3[1-14]> in cluster <chimera> Done

Job <trace_kin_v3_s3[1-14]> was submitted from host <li04e01> by user <wangc40> in cluster <chimera> at Fri May  8 14:22:55 2026
Job was executed on host(s) <16*lg02e06>, in queue <gpu>, as user <wangc40> in cluster <chimera> at Fri May  8 14:26:45 2026
</hpc/users/wangc40> was used as the home directory.
</sc/arion/projects/DiseaseGeneCell/Huang_lab_project/wangcDrugRepoProject/TRACE-Kin> was used as the working directory.
Started at Fri May  8 14:26:45 2026
Terminated at Fri May  8 15:58:59 2026
Results reported at Fri May  8 15:58:59 2026

Your job looked like:

------------------------------------------------------------
# LSBATCH: User input
#!/bin/bash
#BSUB -J trace_kin_v3[1-14]
#BSUB -P acc_DiseaseGeneCell
#BSUB -q gpu
#BSUB -R h100nvl
#BSUB -gpu num=1
#BSUB -n 16
#BSUB -R "rusage[mem=8000]"
#BSUB -R "span[hosts=1]"
#BSUB -W 48:00
#BSUB -o %J.%I.stdout
#BSUB -eo %J.%I.stderr
#BSUB -L /bin/bash

# =============================================================================
# TRACE-Kin v3 rerun — LSF job array
# =============================================================================
# Submit with:
#     bsub < training/run_v3_array.lsf
#
# Or chain off the smoke test (recommended):
#     bsub -w "done(<SMOKE_JOB_ID>)" < training/run_v3_array.lsf
#
# For the multi-seed ensemble (the paper config), submit additional seeds in
# parallel after the SEED=1 array completes (or alongside, as separate jobs):
#     SEED=2 bsub -J "trace_kin_v3_s2[1-14]" < training/run_v3_array.lsf
#     SEED=3 bsub -J "trace_kin_v3_s3[1-14]" < training/run_v3_array.lsf
# After all seeds finish, analysis/aggregate_results.py averages predictions
# across seeds before computing RMSE.
#
# LSF expands #BSUB -J trace_kin_v3[1-14] into 14 array tasks, each with a
# distinct ${LSB_JOBINDEX} in 1..14. The body looks up the per-index
# (dataset_source, dataset_name, pool_paths) tuple from the inline table below
# and invokes train_trace_kin.py with model_version=v3.
#
# The 14 tasks correspond to:
#   * 12 RF-gap targets (catalytic kinetics where v1 trails RF by 1.4%–8.7%)
#   * 2 Ki preservation guards (where v1 already wins, must not regress)
# =============================================================================

# --- Environment -------------------------------------------------------------
# Match the prologue of the proven-working PSICHIC LSFs verbatim — no
# `set -euo pipefail`. Mount Sinai's /etc/profile.d scripts return non-zero
# in places that aren't real errors, and errexit aborts the job before
# module + conda activation can complete.
ml purge
source ~/.bashrc
module load anaconda3/2024.06
source activate test
module load cuda/12.4.0

(... more ...)
------------------------------------------------------------

Successfully completed.

Resource usage summary:

    CPU time :                                   5507.00 sec.
    Max Memory :                                 6044 MB
    Average Memory :                             6014.15 MB
    Total Requested Memory :                     128000.00 MB
    Delta Memory :                               121956.00 MB
    Max Swap :                                   -
    Max Processes :                              4
    Max Threads :                                18
    Run time :                                   5534 sec.
    Turnaround time :                            5764 sec.

The output (if any) follows:

==========================================
TRACE-Kin v3 array task 12/14
==========================================
Date:        Fri May  8 14:26:48 EDT 2026
Dataset:     /sc/arion/projects/DiseaseGeneCell/Huang_lab_project/drug_discovery/output/data/enzyme_embeddings_dataset/catpred_dataset/catpred_ki_ProteinCLIP_embedding_cold_protein
Result:      /sc/arion/projects/DiseaseGeneCell/Huang_lab_project/wangcDrugRepoProject/TRACE_Kin_Results_v3/catpred_dataset/catpred_ki_ProteinCLIP_embedding_cold_protein
Config:      training/config_v3.json
Pool CSVs:   (none)
Model:       v3 (dual-head + learned gate)
Epochs:      100, batch=16, seed=1, lr=1e-4
==========================================
Python 3.12.2
Python: /sc/arion/work/wangc40/test-env/envs/test/bin/python
CUDA device: NVIDIA H100 80GB HBM3, sm_90
============================================================
TRACE-Kin training
============================================================
Datafolder:        /sc/arion/projects/DiseaseGeneCell/Huang_lab_project/drug_discovery/output/data/enzyme_embeddings_dataset/catpred_dataset/catpred_ki_ProteinCLIP_embedding_cold_protein
Result path:       /sc/arion/projects/DiseaseGeneCell/Huang_lab_project/wangcDrugRepoProject/TRACE_Kin_Results_v3/catpred_dataset/catpred_ki_ProteinCLIP_embedding_cold_protein
Config:            training/config_v3.json
Pool train CSVs:   (none)
============================================================
Loading primary train: /sc/arion/projects/DiseaseGeneCell/Huang_lab_project/drug_discovery/output/data/enzyme_embeddings_dataset/catpred_dataset/catpred_ki_ProteinCLIP_embedding_cold_protein/train.parquet
Loading primary test: /sc/arion/projects/DiseaseGeneCell/Huang_lab_project/drug_discovery/output/data/enzyme_embeddings_dataset/catpred_dataset/catpred_ki_ProteinCLIP_embedding_cold_protein/test.parquet
Loading primary val: /sc/arion/projects/DiseaseGeneCell/Huang_lab_project/drug_discovery/output/data/enzyme_embeddings_dataset/catpred_dataset/catpred_ki_ProteinCLIP_embedding_cold_protein/val.parquet
Detected prot_evo_channels = 128
seq2feat: 2829 unique sequences.
model_version: v3, use_swa: False
Building protein graphs from scratch (this can be slow)...
Building ligand graphs from scratch...
⚠️  Warning: Failed to parse SMILES: *C(=O)OCC(O)CO[PH](=O)(=O)OCC(O)COC(*)=O
   Skipping this molecule and returning None
⚠️  Skipped invalid SMILES: *C(=O)OCC(O)CO[PH](=O)(=O)OCC(O)COC(*)=O
⚠️  Warning: Skipped 1 invalid SMILES strings
WARN: dropping 1 train rows with missing protein/ligand graphs.
loaders ready: train=518 test=147 val=82
Computing PNA degrees from training data...
Built TraceKinV3 with 6,852,123 parameters
[LR schedule] schedule_lr=False, lrate=0.0001, min_lrate=0, warmup_iters=0, lr_decay_iters=51800, total_iters=51800
Not in terminal, reprint now using normal build-in print function.
                              
                              
----------------------------------------
Epoch 001 with LR 0.000100: Model Results
----------------------------------------
Train MSE Loss: 2.6260, Train CLS Loss: 0.0000, Train MCLS Loss: 0.0000
Protein Cluster Region Loss - Ortho Loss: 0.0000, Cluster Loss: 0.0000
                              
Validation Results: {
    "ci": 0.7127,
    "classification_loss": 0.0,
    "cluster_loss": 0.0,
    "mae": 1.1883,
    "mse": 2.1784,
    "multiclassification_loss": 0.0,
    "ortho_loss": 0.0,
    "pearson": 0.6172,
    "regression_loss": 2.1799,
    "rm2": 0.3679,
    "rmse": 1.476,
    "sd": 1.4728,
    "spearman": 0.5983,
    "spectral_loss": 0.0
}
                              
Test Results: {
    "ci": 0.7081,
    "classification_loss": 0.0,
    "cluster_loss": 0.0,
    "mae": 1.209,
    "mse": 2.3357,
    "multiclassification_loss": 0.0,
    "ortho_loss": 0.0,
    "pearson": 0.587,
    "regression_loss": 2.3352,
    "rm2": 0.3381,
    "rmse": 1.5283,
    "sd": 1.5143,
    "spearman": 0.5856,
    "spectral_loss": 0.0
}
                              
                              
----------------------------------------
Epoch 002 with LR 0.000100: Model Results
----------------------------------------
Train MSE Loss: 1.8076, Train CLS Loss: 0.0000, Train MCLS Loss: 0.0000
Protein Cluster Region Loss - Ortho Loss: 0.0000, Cluster Loss: 0.0000
                              
Validation Results: {
    "ci": 0.7141,
    "classification_loss": 0.0,
    "cluster_loss": 0.0,
    "mae": 1.1892,
    "mse": 2.1968,
    "multiclassification_loss": 0.0,
    "ortho_loss": 0.0,
    "pearson": 0.6188,
    "regression_loss": 2.199,
    "rm2": 0.3546,
    "rmse": 1.4822,
    "sd": 1.4705,
    "spearman": 0.6031,
    "spectral_loss": 0.0
}
                              
Test Results: {
    "ci": 0.7081,
    "classification_loss": 0.0,
    "cluster_loss": 0.0,
    "mae": 1.209,
    "mse": 2.3357,
    "multiclassification_loss": 0.0,
    "ortho_loss": 0.0,
    "pearson": 0.587,
    "regression_loss": 2.3352,
    "rm2": 0.3381,
    "rmse": 1.5283,
    "sd": 1.5143,
    "spearman": 0.5856,
    "spectral_loss": 0.0
}
                              
                              
----------------------------------------
Epoch 003 with LR 0.000100: Model Results
----------------------------------------
Train MSE Loss: 1.5129, Train CLS Loss: 0.0000, Train MCLS Loss: 0.0000
Protein Cluster Region Loss - Ortho Loss: 0.0000, Cluster Loss: 0.0000
                              
Validation Results: {
    "ci": 0.72,
    "classification_loss": 0.0,
    "cluster_loss": 0.0,
    "mae": 1.1653,
    "mse": 2.1305,
    "multiclassification_loss": 0.0,
    "ortho_loss": 0.0,
    "pearson": 0.6311,
    "regression_loss": 2.131,
    "rm2": 0.3785,
    "rmse": 1.4596,
    "sd": 1.452,
    "spearman": 0.6176,
    "spectral_loss": 0.0
}
                              
Test Results: {
    "ci": 0.7097,
    "classification_loss": 0.0,
    "cluster_loss": 0.0,
    "mae": 1.1946,
    "mse": 2.3519,
    "multiclassification_loss": 0.0,
    "ortho_loss": 0.0,
    "pearson": 0.6031,
    "regression_loss": 2.3512,
    "rm2": 0.3526,
    "rmse": 1.5336,
    "sd": 1.4921,
    "spearman": 0.5855,
    "spectral_loss": 0.0
}
                              
                              
----------------------------------------
Epoch 004 with LR 0.000100: Model Results
----------------------------------------
Train MSE Loss: 1.3238, Train CLS Loss: 0.0000, Train MCLS Loss: 0.0000
Protein Cluster Region Loss - Ortho Loss: 0.0000, Cluster Loss: 0.0000
                              
Validation Results: {
    "ci": 0.7245,
    "classification_loss": 0.0,
    "cluster_loss": 0.0,
    "mae": 1.1572,
    "mse": 2.1303,
    "multiclassification_loss": 0.0,
    "ortho_loss": 0.0,
    "pearson": 0.635,
    "regression_loss": 2.1302,
    "rm2": 0.365,
    "rmse": 1.4596,
    "sd": 1.446,
    "spearman": 0.6284,
    "spectral_loss": 0.0
}
                              
Test Results: {
    "ci": 0.7097,
    "classification_loss": 0.0,
    "cluster_loss": 0.0,
    "mae": 1.1946,
    "mse": 2.3519,
    "multiclassification_loss": 0.0,
    "ortho_loss": 0.0,
    "pearson": 0.6031,
    "regression_loss": 2.3512,
    "rm2": 0.3526,
    "rmse": 1.5336,
    "sd": 1.4921,
    "spearman": 0.5855,
    "spectral_loss": 0.0
}
                              
                              
----------------------------------------
Epoch 005 with LR 0.000100: Model Results
----------------------------------------
Train MSE Loss: 1.1553, Train CLS Loss: 0.0000, Train MCLS Loss: 0.0000
Protein Cluster Region Loss - Ortho Loss: 0.0000, Cluster Loss: 0.0000
                              
Validation Results: {
    "ci": 0.7284,
    "classification_loss": 0.0,
    "cluster_loss": 0.0,
    "mae": 1.164,
    "mse": 2.1357,
    "multiclassification_loss": 0.0,
    "ortho_loss": 0.0,
    "pearson": 0.6406,
    "regression_loss": 2.1397,
    "rm2": 0.3738,
    "rmse": 1.4614,
    "sd": 1.4374,
    "spearman": 0.6383,
    "spectral_loss": 0.0
}
                              
Test Results: {
    "ci": 0.7097,
    "classification_loss": 0.0,
    "cluster_loss": 0.0,
    "mae": 1.1946,
    "mse": 2.3519,
    "multiclassification_loss": 0.0,
    "ortho_loss": 0.0,
    "pearson": 0.6031,
    "regression_loss": 2.3512,
    "rm2": 0.3526,
    "rmse": 1.5336,
    "sd": 1.4921,
    "spearman": 0.5855,
    "spectral_loss": 0.0
}
                              
                              
----------------------------------------
Epoch 006 with LR 0.000100: Model Results
----------------------------------------
Train MSE Loss: 1.0135, Train CLS Loss: 0.0000, Train MCLS Loss: 0.0000
Protein Cluster Region Loss - Ortho Loss: 0.0000, Cluster Loss: 0.0000
                              
Validation Results: {
    "ci": 0.7313,
    "classification_loss": 0.0,
    "cluster_loss": 0.0,
    "mae": 1.1501,
    "mse": 2.1444,
    "multiclassification_loss": 0.0,
    "ortho_loss": 0.0,
    "pearson": 0.6451,
    "regression_loss": 2.1471,
    "rm2": 0.3538,
    "rmse": 1.4644,
    "sd": 1.4303,
    "spearman": 0.6449,
    "spectral_loss": 0.0
}
                              
Test Results: {
    "ci": 0.7097,
    "classification_loss": 0.0,
    "cluster_loss": 0.0,
    "mae": 1.1946,
    "mse": 2.3519,
    "multiclassification_loss": 0.0,
    "ortho_loss": 0.0,
    "pearson": 0.6031,
    "regression_loss": 2.3512,
    "rm2": 0.3526,
    "rmse": 1.5336,
    "sd": 1.4921,
    "spearman": 0.5855,
    "spectral_loss": 0.0
}
                              
                              
----------------------------------------
Epoch 007 with LR 0.000100: Model Results
----------------------------------------
Train MSE Loss: 0.9150, Train CLS Loss: 0.0000, Train MCLS Loss: 0.0000
Protein Cluster Region Loss - Ortho Loss: 0.0000, Cluster Loss: 0.0000
                              
Validation Results: {
    "ci": 0.7287,
    "classification_loss": 0.0,
    "cluster_loss": 0.0,
    "mae": 1.1603,
    "mse": 2.1868,
    "multiclassification_loss": 0.0,
    "ortho_loss": 0.0,
    "pearson": 0.6419,
    "regression_loss": 2.1922,
    "rm2": 0.363,
    "rmse": 1.4788,
    "sd": 1.4353,
    "spearman": 0.6363,
    "spectral_loss": 0.0
}
                              
Test Results: {
    "ci": 0.7097,
    "classification_loss": 0.0,
    "cluster_loss": 0.0,
    "mae": 1.1946,
    "mse": 2.3519,
    "multiclassification_loss": 0.0,
    "ortho_loss": 0.0,
    "pearson": 0.6031,
    "regression_loss": 2.3512,
    "rm2": 0.3526,
    "rmse": 1.5336,
    "sd": 1.4921,
    "spearman": 0.5855,
    "spectral_loss": 0.0
}
                              
                              
----------------------------------------
Epoch 008 with LR 0.000100: Model Results
----------------------------------------
Train MSE Loss: 0.8481, Train CLS Loss: 0.0000, Train MCLS Loss: 0.0000
Protein Cluster Region Loss - Ortho Loss: 0.0000, Cluster Loss: 0.0000
                              
Validation Results: {
    "ci": 0.7335,
    "classification_loss": 0.0,
    "cluster_loss": 0.0,
    "mae": 1.1478,
    "mse": 2.1623,
    "multiclassification_loss": 0.0,
    "ortho_loss": 0.0,
    "pearson": 0.6467,
    "regression_loss": 2.1661,
    "rm2": 0.3524,
    "rmse": 1.4705,
    "sd": 1.4277,
    "spearman": 0.6481,
    "spectral_loss": 0.0
}
                              
Test Results: {
    "ci": 0.7097,
    "classification_loss": 0.0,
    "cluster_loss": 0.0,
    "mae": 1.1946,
    "mse": 2.3519,
    "multiclassification_loss": 0.0,
    "ortho_loss": 0.0,
    "pearson": 0.6031,
    "regression_loss": 2.3512,
    "rm2": 0.3526,
    "rmse": 1.5336,
    "sd": 1.4921,
    "spearman": 0.5855,
    "spectral_loss": 0.0
}
                              
                              
----------------------------------------
Epoch 009 with LR 0.000100: Model Results
----------------------------------------
Train MSE Loss: 0.7746, Train CLS Loss: 0.0000, Train MCLS Loss: 0.0000
Protein Cluster Region Loss - Ortho Loss: 0.0000, Cluster Loss: 0.0000
                              
Validation Results: {
    "ci": 0.7274,
    "classification_loss": 0.0,
    "cluster_loss": 0.0,
    "mae": 1.1582,
    "mse": 2.2227,
    "multiclassification_loss": 0.0,
    "ortho_loss": 0.0,
    "pearson": 0.6335,
    "regression_loss": 2.2292,
    "rm2": 0.3422,
    "rmse": 1.4909,
    "sd": 1.4484,
    "spearman": 0.6331,
    "spectral_loss": 0.0
}
                              
Test Results: {
    "ci": 0.7097,
    "classification_loss": 0.0,
    "cluster_loss": 0.0,
    "mae": 1.1946,
    "mse": 2.3519,
    "multiclassification_loss": 0.0,
    "ortho_loss": 0.0,
    "pearson": 0.6031,
    "regression_loss": 2.3512,
    "rm2": 0.3526,
    "rmse": 1.5336,
    "sd": 1.4921,
    "spearman": 0.5855,
    "spectral_loss": 0.0
}
                              
                              
----------------------------------------
Epoch 010 with LR 0.000100: Model Results
----------------------------------------
Train MSE Loss: 0.7314, Train CLS Loss: 0.0000, Train MCLS Loss: 0.0000
Protein Cluster Region Loss - Ortho Loss: 0.0000, Cluster Loss: 0.0000
                              
Validation Results: {
    "ci": 0.7293,
    "classification_loss": 0.0,
    "cluster_loss": 0.0,
    "mae": 1.1492,
    "mse": 2.195,
    "multiclassification_loss": 0.0,
    "ortho_loss": 0.0,
    "pearson": 0.6338,
    "regression_loss": 2.2,
    "rm2": 0.3432,
    "rmse": 1.4816,
    "sd": 1.4478,
    "spearman": 0.6385,
    "spectral_loss": 0.0
}
                              
Test Results: {
    "ci": 0.7097,
    "classification_loss": 0.0,
    "cluster_loss": 0.0,
    "mae": 1.1946,
    "mse": 2.3519,
    "multiclassification_loss": 0.0,
    "ortho_loss": 0.0,
    "pearson": 0.6031,
    "regression_loss": 2.3512,
    "rm2": 0.3526,
    "rmse": 1.5336,
    "sd": 1.4921,
    "spearman": 0.5855,
    "spectral_loss": 0.0
}
                              
                              
----------------------------------------
Epoch 011 with LR 0.000100: Model Results
----------------------------------------
Train MSE Loss: 0.6797, Train CLS Loss: 0.0000, Train MCLS Loss: 0.0000
Protein Cluster Region Loss - Ortho Loss: 0.0000, Cluster Loss: 0.0000
                              
Validation Results: {
    "ci": 0.7227,
    "classification_loss": 0.0,
    "cluster_loss": 0.0,
    "mae": 1.1971,
    "mse": 2.3266,
    "multiclassification_loss": 0.0,
    "ortho_loss": 0.0,
    "pearson": 0.6221,
    "regression_loss": 2.3355,
    "rm2": 0.3462,
    "rmse": 1.5253,
    "sd": 1.4656,
    "spearman": 0.6232,
    "spectral_loss": 0.0
}
                              
Test Results: {
    "ci": 0.7097,
    "classification_loss": 0.0,
    "cluster_loss": 0.0,
    "mae": 1.1946,
    "mse": 2.3519,
    "multiclassification_loss": 0.0,
    "ortho_loss": 0.0,
    "pearson": 0.6031,
    "regression_loss": 2.3512,
    "rm2": 0.3526,
    "rmse": 1.5336,
    "sd": 1.4921,
    "spearman": 0.5855,
    "spectral_loss": 0.0
}
                              
                              
----------------------------------------
Epoch 012 with LR 0.000100: Model Results
----------------------------------------
Train MSE Loss: 0.6678, Train CLS Loss: 0.0000, Train MCLS Loss: 0.0000
Protein Cluster Region Loss - Ortho Loss: 0.0000, Cluster Loss: 0.0000
                              
Validation Results: {
    "ci": 0.7256,
    "classification_loss": 0.0,
    "cluster_loss": 0.0,
    "mae": 1.1813,
    "mse": 2.2967,
    "multiclassification_loss": 0.0,
    "ortho_loss": 0.0,
    "pearson": 0.6297,
    "regression_loss": 2.3057,
    "rm2": 0.3544,
    "rmse": 1.5155,
    "sd": 1.4541,
    "spearman": 0.6293,
    "spectral_loss": 0.0
}
                              
Test Results: {
    "ci": 0.7097,
    "classification_loss": 0.0,
    "cluster_loss": 0.0,
    "mae": 1.1946,
    "mse": 2.3519,
    "multiclassification_loss": 0.0,
    "ortho_loss": 0.0,
    "pearson": 0.6031,
    "regression_loss": 2.3512,
    "rm2": 0.3526,
    "rmse": 1.5336,
    "sd": 1.4921,
    "spearman": 0.5855,
    "spectral_loss": 0.0
}
                              
                              
----------------------------------------
Epoch 013 with LR 0.000100: Model Results
----------------------------------------
Train MSE Loss: 0.6067, Train CLS Loss: 0.0000, Train MCLS Loss: 0.0000
Protein Cluster Region Loss - Ortho Loss: 0.0000, Cluster Loss: 0.0000
                              
Validation Results: {
    "ci": 0.7265,
    "classification_loss": 0.0,
    "cluster_loss": 0.0,
    "mae": 1.1584,
    "mse": 2.2467,
    "multiclassification_loss": 0.0,
    "ortho_loss": 0.0,
    "pearson": 0.6287,
    "regression_loss": 2.2556,
    "rm2": 0.3459,
    "rmse": 1.4989,
    "sd": 1.4556,
    "spearman": 0.6296,
    "spectral_loss": 0.0
}
                              
Test Results: {
    "ci": 0.7097,
    "classification_loss": 0.0,
    "cluster_loss": 0.0,
    "mae": 1.1946,
    "mse": 2.3519,
    "multiclassification_loss": 0.0,
    "ortho_loss": 0.0,
    "pearson": 0.6031,
    "regression_loss": 2.3512,
    "rm2": 0.3526,
    "rmse": 1.5336,
    "sd": 1.4921,
    "spearman": 0.5855,
    "spectral_loss": 0.0
}
                              
                              
----------------------------------------
Epoch 014 with LR 0.000100: Model Results
----------------------------------------
Train MSE Loss: 0.5834, Train CLS Loss: 0.0000, Train MCLS Loss: 0.0000
Protein Cluster Region Loss - Ortho Loss: 0.0000, Cluster Loss: 0.0000
                              
Validation Results: {
    "ci": 0.7252,
    "classification_loss": 0.0,
    "cluster_loss": 0.0,
    "mae": 1.1871,
    "mse": 2.3538,
    "multiclassification_loss": 0.0,
    "ortho_loss": 0.0,
    "pearson": 0.6338,
    "regression_loss": 2.3606,
    "rm2": 0.3106,
    "rmse": 1.5342,
    "sd": 1.448,
    "spearman": 0.6273,
    "spectral_loss": 0.0
}
                              
Test Results: {
    "ci": 0.7097,
    "classification_loss": 0.0,
    "cluster_loss": 0.0,
    "mae": 1.1946,
    "mse": 2.3519,
    "multiclassification_loss": 0.0,
    "ortho_loss": 0.0,
    "pearson": 0.6031,
    "regression_loss": 2.3512,
    "rm2": 0.3526,
    "rmse": 1.5336,
    "sd": 1.4921,
    "spearman": 0.5855,
    "spectral_loss": 0.0
}
                              
                              
----------------------------------------
Epoch 015 with LR 0.000100: Model Results
----------------------------------------
Train MSE Loss: 0.5531, Train CLS Loss: 0.0000, Train MCLS Loss: 0.0000
Protein Cluster Region Loss - Ortho Loss: 0.0000, Cluster Loss: 0.0000
                              
Validation Results: {
    "ci": 0.7265,
    "classification_loss": 0.0,
    "cluster_loss": 0.0,
    "mae": 1.1636,
    "mse": 2.265,
    "multiclassification_loss": 0.0,
    "ortho_loss": 0.0,
    "pearson": 0.6297,
    "regression_loss": 2.2734,
    "rm2": 0.3532,
    "rmse": 1.505,
    "sd": 1.4541,
    "spearman": 0.63,
    "spectral_loss": 0.0
}
                              
Test Results: {
    "ci": 0.7097,
    "classification_loss": 0.0,
    "cluster_loss": 0.0,
    "mae": 1.1946,
    "mse": 2.3519,
    "multiclassification_loss": 0.0,
    "ortho_loss": 0.0,
    "pearson": 0.6031,
    "regression_loss": 2.3512,
    "rm2": 0.3526,
    "rmse": 1.5336,
    "sd": 1.4921,
    "spearman": 0.5855,
    "spectral_loss": 0.0
}
                              
                              
----------------------------------------
Epoch 016 with LR 0.000100: Model Results
----------------------------------------
Train MSE Loss: 0.5355, Train CLS Loss: 0.0000, Train MCLS Loss: 0.0000
Protein Cluster Region Loss - Ortho Loss: 0.0000, Cluster Loss: 0.0000
                              
Validation Results: {
    "ci": 0.7209,
    "classification_loss": 0.0,
    "cluster_loss": 0.0,
    "mae": 1.18,
    "mse": 2.2976,
    "multiclassification_loss": 0.0,
    "ortho_loss": 0.0,
    "pearson": 0.6193,
    "regression_loss": 2.3064,
    "rm2": 0.3269,
    "rmse": 1.5158,
    "sd": 1.4697,
    "spearman": 0.6153,
    "spectral_loss": 0.0
}
                              
Test Results: {
    "ci": 0.7097,
    "classification_loss": 0.0,
    "cluster_loss": 0.0,
    "mae": 1.1946,
    "mse": 2.3519,
    "multiclassification_loss": 0.0,
    "ortho_loss": 0.0,
    "pearson": 0.6031,
    "regression_loss": 2.3512,
    "rm2": 0.3526,
    "rmse": 1.5336,
    "sd": 1.4921,
    "spearman": 0.5855,
    "spectral_loss": 0.0
}
                              
                              
----------------------------------------
Epoch 017 with LR 0.000100: Model Results
----------------------------------------
Train MSE Loss: 0.5158, Train CLS Loss: 0.0000, Train MCLS Loss: 0.0000
Protein Cluster Region Loss - Ortho Loss: 0.0000, Cluster Loss: 0.0000
                              
Validation Results: {
    "ci": 0.7274,
    "classification_loss": 0.0,
    "cluster_loss": 0.0,
    "mae": 1.1497,
    "mse": 2.1901,
    "multiclassification_loss": 0.0,
    "ortho_loss": 0.0,
    "pearson": 0.6402,
    "regression_loss": 2.2004,
    "rm2": 0.3587,
    "rmse": 1.4799,
    "sd": 1.4379,
    "spearman": 0.6323,
    "spectral_loss": 0.0
}
                              
Test Results: {
    "ci": 0.7097,
    "classification_loss": 0.0,
    "cluster_loss": 0.0,
    "mae": 1.1946,
    "mse": 2.3519,
    "multiclassification_loss": 0.0,
    "ortho_loss": 0.0,
    "pearson": 0.6031,
    "regression_loss": 2.3512,
    "rm2": 0.3526,
    "rmse": 1.5336,
    "sd": 1.4921,
    "spearman": 0.5855,
    "spectral_loss": 0.0
}
                              
                              
----------------------------------------
Epoch 018 with LR 0.000100: Model Results
----------------------------------------
Train MSE Loss: 0.4920, Train CLS Loss: 0.0000, Train MCLS Loss: 0.0000
Protein Cluster Region Loss - Ortho Loss: 0.0000, Cluster Loss: 0.0000
                              
Validation Results: {
    "ci": 0.7278,
    "classification_loss": 0.0,
    "cluster_loss": 0.0,
    "mae": 1.1603,
    "mse": 2.2265,
    "multiclassification_loss": 0.0,
    "ortho_loss": 0.0,
    "pearson": 0.6406,
    "regression_loss": 2.2401,
    "rm2": 0.3643,
    "rmse": 1.4921,
    "sd": 1.4373,
    "spearman": 0.6313,
    "spectral_loss": 0.0
}
                              
Test Results: {
    "ci": 0.7097,
    "classification_loss": 0.0,
    "cluster_loss": 0.0,
    "mae": 1.1946,
    "mse": 2.3519,
    "multiclassification_loss": 0.0,
    "ortho_loss": 0.0,
    "pearson": 0.6031,
    "regression_loss": 2.3512,
    "rm2": 0.3526,
    "rmse": 1.5336,
    "sd": 1.4921,
    "spearman": 0.5855,
    "spectral_loss": 0.0
}
                              
                              
----------------------------------------
Epoch 019 with LR 0.000100: Model Results
----------------------------------------
Train MSE Loss: 0.4683, Train CLS Loss: 0.0000, Train MCLS Loss: 0.0000
Protein Cluster Region Loss - Ortho Loss: 0.0000, Cluster Loss: 0.0000
                              
Validation Results: {
    "ci": 0.7319,
    "classification_loss": 0.0,
    "cluster_loss": 0.0,
    "mae": 1.1453,
    "mse": 2.1852,
    "multiclassification_loss": 0.0,
    "ortho_loss": 0.0,
    "pearson": 0.6485,
    "regression_loss": 2.1953,
    "rm2": 0.3524,
    "rmse": 1.4783,
    "sd": 1.4249,
    "spearman": 0.6426,
    "spectral_loss": 0.0
}
                              
Test Results: {
    "ci": 0.7097,
    "classification_loss": 0.0,
    "cluster_loss": 0.0,
    "mae": 1.1946,
    "mse": 2.3519,
    "multiclassification_loss": 0.0,
    "ortho_loss": 0.0,
    "pearson": 0.6031,
    "regression_loss": 2.3512,
    "rm2": 0.3526,
    "rmse": 1.5336,
    "sd": 1.4921,
    "spearman": 0.5855,
    "spectral_loss": 0.0
}
                              
                              
----------------------------------------
Epoch 020 with LR 0.000100: Model Results
----------------------------------------
Train MSE Loss: 0.4541, Train CLS Loss: 0.0000, Train MCLS Loss: 0.0000
Protein Cluster Region Loss - Ortho Loss: 0.0000, Cluster Loss: 0.0000
                              
Validation Results: {
    "ci": 0.7231,
    "classification_loss": 0.0,
    "cluster_loss": 0.0,
    "mae": 1.1867,
    "mse": 2.3193,
    "multiclassification_loss": 0.0,
    "ortho_loss": 0.0,
    "pearson": 0.6334,
    "regression_loss": 2.3338,
    "rm2": 0.3461,
    "rmse": 1.5229,
    "sd": 1.4485,
    "spearman": 0.6199,
    "spectral_loss": 0.0
}
                              
Test Results: {
    "ci": 0.7097,
    "classification_loss": 0.0,
    "cluster_loss": 0.0,
    "mae": 1.1946,
    "mse": 2.3519,
    "multiclassification_loss": 0.0,
    "ortho_loss": 0.0,
    "pearson": 0.6031,
    "regression_loss": 2.3512,
    "rm2": 0.3526,
    "rmse": 1.5336,
    "sd": 1.4921,
    "spearman": 0.5855,
    "spectral_loss": 0.0
}
                              
                              
----------------------------------------
Epoch 021 with LR 0.000100: Model Results
----------------------------------------
Train MSE Loss: 0.4439, Train CLS Loss: 0.0000, Train MCLS Loss: 0.0000
Protein Cluster Region Loss - Ortho Loss: 0.0000, Cluster Loss: 0.0000
                              
Validation Results: {
    "ci": 0.7234,
    "classification_loss": 0.0,
    "cluster_loss": 0.0,
    "mae": 1.1667,
    "mse": 2.2828,
    "multiclassification_loss": 0.0,
    "ortho_loss": 0.0,
    "pearson": 0.6286,
    "regression_loss": 2.2937,
    "rm2": 0.3357,
    "rmse": 1.5109,
    "sd": 1.4558,
    "spearman": 0.6219,
    "spectral_loss": 0.0
}
                              
Test Results: {
    "ci": 0.7097,
    "classification_loss": 0.0,
    "cluster_loss": 0.0,
    "mae": 1.1946,
    "mse": 2.3519,
    "multiclassification_loss": 0.0,
    "ortho_loss": 0.0,
    "pearson": 0.6031,
    "regression_loss": 2.3512,
    "rm2": 0.3526,
    "rmse": 1.5336,
    "sd": 1.4921,
    "spearman": 0.5855,
    "spectral_loss": 0.0
}
                              
                              
----------------------------------------
Epoch 022 with LR 0.000100: Model Results
----------------------------------------
Train MSE Loss: 0.4247, Train CLS Loss: 0.0000, Train MCLS Loss: 0.0000
Protein Cluster Region Loss - Ortho Loss: 0.0000, Cluster Loss: 0.0000
                              
Validation Results: {
    "ci": 0.7257,
    "classification_loss": 0.0,
    "cluster_loss": 0.0,
    "mae": 1.1674,
    "mse": 2.2519,
    "multiclassification_loss": 0.0,
    "ortho_loss": 0.0,
    "pearson": 0.6366,
    "regression_loss": 2.2621,
    "rm2": 0.3372,
    "rmse": 1.5006,
    "sd": 1.4436,
    "spearman": 0.6275,
    "spectral_loss": 0.0
}
                              
Test Results: {
    "ci": 0.7097,
    "classification_loss": 0.0,
    "cluster_loss": 0.0,
    "mae": 1.1946,
    "mse": 2.3519,
    "multiclassification_loss": 0.0,
    "ortho_loss": 0.0,
    "pearson": 0.6031,
    "regression_loss": 2.3512,
    "rm2": 0.3526,
    "rmse": 1.5336,
    "sd": 1.4921,
    "spearman": 0.5855,
    "spectral_loss": 0.0
}
                              
                              
----------------------------------------
Epoch 023 with LR 0.000100: Model Results
----------------------------------------
Train MSE Loss: 0.4101, Train CLS Loss: 0.0000, Train MCLS Loss: 0.0000
Protein Cluster Region Loss - Ortho Loss: 0.0000, Cluster Loss: 0.0000
                              
Validation Results: {
    "ci": 0.7276,
    "classification_loss": 0.0,
    "cluster_loss": 0.0,
    "mae": 1.1404,
    "mse": 2.1547,
    "multiclassification_loss": 0.0,
    "ortho_loss": 0.0,
    "pearson": 0.6451,
    "regression_loss": 2.1622,
    "rm2": 0.3528,
    "rmse": 1.4679,
    "sd": 1.4304,
    "spearman": 0.6324,
    "spectral_loss": 0.0
}
                              
Test Results: {
    "ci": 0.7097,
    "classification_loss": 0.0,
    "cluster_loss": 0.0,
    "mae": 1.1946,
    "mse": 2.3519,
    "multiclassification_loss": 0.0,
    "ortho_loss": 0.0,
    "pearson": 0.6031,
    "regression_loss": 2.3512,
    "rm2": 0.3526,
    "rmse": 1.5336,
    "sd": 1.4921,
    "spearman": 0.5855,
    "spectral_loss": 0.0
}
                              
                              
----------------------------------------
Epoch 024 with LR 0.000100: Model Results
----------------------------------------
Train MSE Loss: 0.4001, Train CLS Loss: 0.0000, Train MCLS Loss: 0.0000
Protein Cluster Region Loss - Ortho Loss: 0.0000, Cluster Loss: 0.0000
                              
Validation Results: {
    "ci": 0.7187,
    "classification_loss": 0.0,
    "cluster_loss": 0.0,
    "mae": 1.2062,
    "mse": 2.4014,
    "multiclassification_loss": 0.0,
    "ortho_loss": 0.0,
    "pearson": 0.619,
    "regression_loss": 2.4166,
    "rm2": 0.3325,
    "rmse": 1.5497,
    "sd": 1.4701,
    "spearman": 0.6093,
    "spectral_loss": 0.0
}
                              
Test Results: {
    "ci": 0.7097,
    "classification_loss": 0.0,
    "cluster_loss": 0.0,
    "mae": 1.1946,
    "mse": 2.3519,
    "multiclassification_loss": 0.0,
    "ortho_loss": 0.0,
    "pearson": 0.6031,
    "regression_loss": 2.3512,
    "rm2": 0.3526,
    "rmse": 1.5336,
    "sd": 1.4921,
    "spearman": 0.5855,
    "spectral_loss": 0.0
}
                              
                              
----------------------------------------
Epoch 025 with LR 0.000100: Model Results
----------------------------------------
Train MSE Loss: 0.3864, Train CLS Loss: 0.0000, Train MCLS Loss: 0.0000
Protein Cluster Region Loss - Ortho Loss: 0.0000, Cluster Loss: 0.0000
                              
Validation Results: {
    "ci": 0.7226,
    "classification_loss": 0.0,
    "cluster_loss": 0.0,
    "mae": 1.1685,
    "mse": 2.2692,
    "multiclassification_loss": 0.0,
    "ortho_loss": 0.0,
    "pearson": 0.63,
    "regression_loss": 2.2807,
    "rm2": 0.3353,
    "rmse": 1.5064,
    "sd": 1.4537,
    "spearman": 0.6194,
    "spectral_loss": 0.0
}
                              
Test Results: {
    "ci": 0.7097,
    "classification_loss": 0.0,
    "cluster_loss": 0.0,
    "mae": 1.1946,
    "mse": 2.3519,
    "multiclassification_loss": 0.0,
    "ortho_loss": 0.0,
    "pearson": 0.6031,
    "regression_loss": 2.3512,
    "rm2": 0.3526,
    "rmse": 1.5336,
    "sd": 1.4921,
    "spearman": 0.5855,
    "spectral_loss": 0.0
}
                              
                              
----------------------------------------
Epoch 026 with LR 0.000100: Model Results
----------------------------------------
Train MSE Loss: 0.3751, Train CLS Loss: 0.0000, Train MCLS Loss: 0.0000
Protein Cluster Region Loss - Ortho Loss: 0.0000, Cluster Loss: 0.0000
                              
Validation Results: {
    "ci": 0.7279,
    "classification_loss": 0.0,
    "cluster_loss": 0.0,
    "mae": 1.1695,
    "mse": 2.2989,
    "multiclassification_loss": 0.0,
    "ortho_loss": 0.0,
    "pearson": 0.6399,
    "regression_loss": 2.3122,
    "rm2": 0.3271,
    "rmse": 1.5162,
    "sd": 1.4385,
    "spearman": 0.6322,
    "spectral_loss": 0.0
}
                              
Test Results: {
    "ci": 0.7097,
    "classification_loss": 0.0,
    "cluster_loss": 0.0,
    "mae": 1.1946,
    "mse": 2.3519,
    "multiclassification_loss": 0.0,
    "ortho_loss": 0.0,
    "pearson": 0.6031,
    "regression_loss": 2.3512,
    "rm2": 0.3526,
    "rmse": 1.5336,
    "sd": 1.4921,
    "spearman": 0.5855,
    "spectral_loss": 0.0
}
                              
                              
----------------------------------------
Epoch 027 with LR 0.000100: Model Results
----------------------------------------
Train MSE Loss: 0.3598, Train CLS Loss: 0.0000, Train MCLS Loss: 0.0000
Protein Cluster Region Loss - Ortho Loss: 0.0000, Cluster Loss: 0.0000
                              
Validation Results: {
    "ci": 0.7258,
    "classification_loss": 0.0,
    "cluster_loss": 0.0,
    "mae": 1.1648,
    "mse": 2.2452,
    "multiclassification_loss": 0.0,
    "ortho_loss": 0.0,
    "pearson": 0.6427,
    "regression_loss": 2.2564,
    "rm2": 0.3418,
    "rmse": 1.4984,
    "sd": 1.434,
    "spearman": 0.6283,
    "spectral_loss": 0.0
}
                              
Test Results: {
    "ci": 0.7097,
    "classification_loss": 0.0,
    "cluster_loss": 0.0,
    "mae": 1.1946,
    "mse": 2.3519,
    "multiclassification_loss": 0.0,
    "ortho_loss": 0.0,
    "pearson": 0.6031,
    "regression_loss": 2.3512,
    "rm2": 0.3526,
    "rmse": 1.5336,
    "sd": 1.4921,
    "spearman": 0.5855,
    "spectral_loss": 0.0
}
                              
                              
----------------------------------------
Epoch 028 with LR 0.000100: Model Results
----------------------------------------
Train MSE Loss: 0.3514, Train CLS Loss: 0.0000, Train MCLS Loss: 0.0000
Protein Cluster Region Loss - Ortho Loss: 0.0000, Cluster Loss: 0.0000
                              
Validation Results: {
    "ci": 0.7199,
    "classification_loss": 0.0,
    "cluster_loss": 0.0,
    "mae": 1.1755,
    "mse": 2.2886,
    "multiclassification_loss": 0.0,
    "ortho_loss": 0.0,
    "pearson": 0.6259,
    "regression_loss": 2.3016,
    "rm2": 0.3441,
    "rmse": 1.5128,
    "sd": 1.46,
    "spearman": 0.6138,
    "spectral_loss": 0.0
}
                              
Test Results: {
    "ci": 0.7097,
    "classification_loss": 0.0,
    "cluster_loss": 0.0,
    "mae": 1.1946,
    "mse": 2.3519,
    "multiclassification_loss": 0.0,
    "ortho_loss": 0.0,
    "pearson": 0.6031,
    "regression_loss": 2.3512,
    "rm2": 0.3526,
    "rmse": 1.5336,
    "sd": 1.4921,
    "spearman": 0.5855,
    "spectral_loss": 0.0
}
                              
                              
----------------------------------------
Epoch 029 with LR 0.000100: Model Results
----------------------------------------
Train MSE Loss: 0.3412, Train CLS Loss: 0.0000, Train MCLS Loss: 0.0000
Protein Cluster Region Loss - Ortho Loss: 0.0000, Cluster Loss: 0.0000
                              
Validation Results: {
    "ci": 0.7212,
    "classification_loss": 0.0,
    "cluster_loss": 0.0,
    "mae": 1.1664,
    "mse": 2.2388,
    "multiclassification_loss": 0.0,
    "ortho_loss": 0.0,
    "pearson": 0.6344,
    "regression_loss": 2.2487,
    "rm2": 0.3472,
    "rmse": 1.4963,
    "sd": 1.4469,
    "spearman": 0.6161,
    "spectral_loss": 0.0
}
                              
Test Results: {
    "ci": 0.7097,
    "classification_loss": 0.0,
    "cluster_loss": 0.0,
    "mae": 1.1946,
    "mse": 2.3519,
    "multiclassification_loss": 0.0,
    "ortho_loss": 0.0,
    "pearson": 0.6031,
    "regression_loss": 2.3512,
    "rm2": 0.3526,
    "rmse": 1.5336,
    "sd": 1.4921,
    "spearman": 0.5855,
    "spectral_loss": 0.0
}
                              
                              
----------------------------------------
Epoch 030 with LR 0.000100: Model Results
----------------------------------------
Train MSE Loss: 0.3346, Train CLS Loss: 0.0000, Train MCLS Loss: 0.0000
Protein Cluster Region Loss - Ortho Loss: 0.0000, Cluster Loss: 0.0000
                              
Validation Results: {
    "ci": 0.7266,
    "classification_loss": 0.0,
    "cluster_loss": 0.0,
    "mae": 1.164,
    "mse": 2.2473,
    "multiclassification_loss": 0.0,
    "ortho_loss": 0.0,
    "pearson": 0.6431,
    "regression_loss": 2.2617,
    "rm2": 0.3509,
    "rmse": 1.4991,
    "sd": 1.4334,
    "spearman": 0.6299,
    "spectral_loss": 0.0
}
                              
Test Results: {
    "ci": 0.7097,
    "classification_loss": 0.0,
    "cluster_loss": 0.0,
    "mae": 1.1946,
    "mse": 2.3519,
    "multiclassification_loss": 0.0,
    "ortho_loss": 0.0,
    "pearson": 0.6031,
    "regression_loss": 2.3512,
    "rm2": 0.3526,
    "rmse": 1.5336,
    "sd": 1.4921,
    "spearman": 0.5855,
    "spectral_loss": 0.0
}
                              
                              
----------------------------------------
Epoch 031 with LR 0.000100: Model Results
----------------------------------------
Train MSE Loss: 0.3283, Train CLS Loss: 0.0000, Train MCLS Loss: 0.0000
Protein Cluster Region Loss - Ortho Loss: 0.0000, Cluster Loss: 0.0000
                              
Validation Results: {
    "ci": 0.7275,
    "classification_loss": 0.0,
    "cluster_loss": 0.0,
    "mae": 1.1627,
    "mse": 2.1976,
    "multiclassification_loss": 0.0,
    "ortho_loss": 0.0,
    "pearson": 0.6454,
    "regression_loss": 2.2086,
    "rm2": 0.3656,
    "rmse": 1.4824,
    "sd": 1.4298,
    "spearman": 0.6329,
    "spectral_loss": 0.0
}
                              
Test Results: {
    "ci": 0.7097,
    "classification_loss": 0.0,
    "cluster_loss": 0.0,
    "mae": 1.1946,
    "mse": 2.3519,
    "multiclassification_loss": 0.0,
    "ortho_loss": 0.0,
    "pearson": 0.6031,
    "regression_loss": 2.3512,
    "rm2": 0.3526,
    "rmse": 1.5336,
    "sd": 1.4921,
    "spearman": 0.5855,
    "spectral_loss": 0.0
}
                              
                              
----------------------------------------
Epoch 032 with LR 0.000100: Model Results
----------------------------------------
Train MSE Loss: 0.3167, Train CLS Loss: 0.0000, Train MCLS Loss: 0.0000
Protein Cluster Region Loss - Ortho Loss: 0.0000, Cluster Loss: 0.0000
                              
Validation Results: {
    "ci": 0.7219,
    "classification_loss": 0.0,
    "cluster_loss": 0.0,
    "mae": 1.1973,
    "mse": 2.3386,
    "multiclassification_loss": 0.0,
    "ortho_loss": 0.0,
    "pearson": 0.6314,
    "regression_loss": 2.3532,
    "rm2": 0.334,
    "rmse": 1.5292,
    "sd": 1.4515,
    "spearman": 0.6193,
    "spectral_loss": 0.0
}
                              
Test Results: {
    "ci": 0.7097,
    "classification_loss": 0.0,
    "cluster_loss": 0.0,
    "mae": 1.1946,
    "mse": 2.3519,
    "multiclassification_loss": 0.0,
    "ortho_loss": 0.0,
    "pearson": 0.6031,
    "regression_loss": 2.3512,
    "rm2": 0.3526,
    "rmse": 1.5336,
    "sd": 1.4921,
    "spearman": 0.5855,
    "spectral_loss": 0.0
}
                              
                              
----------------------------------------
Epoch 033 with LR 0.000100: Model Results
----------------------------------------
Train MSE Loss: 0.3143, Train CLS Loss: 0.0000, Train MCLS Loss: 0.0000
Protein Cluster Region Loss - Ortho Loss: 0.0000, Cluster Loss: 0.0000
                              
Validation Results: {
    "ci": 0.7231,
    "classification_loss": 0.0,
    "cluster_loss": 0.0,
    "mae": 1.1941,
    "mse": 2.3646,
    "multiclassification_loss": 0.0,
    "ortho_loss": 0.0,
    "pearson": 0.6354,
    "regression_loss": 2.3871,
    "rm2": 0.337,
    "rmse": 1.5377,
    "sd": 1.4454,
    "spearman": 0.6222,
    "spectral_loss": 0.0
}
                              
Test Results: {
    "ci": 0.7097,
    "classification_loss": 0.0,
    "cluster_loss": 0.0,
    "mae": 1.1946,
    "mse": 2.3519,
    "multiclassification_loss": 0.0,
    "ortho_loss": 0.0,
    "pearson": 0.6031,
    "regression_loss": 2.3512,
    "rm2": 0.3526,
    "rmse": 1.5336,
    "sd": 1.4921,
    "spearman": 0.5855,
    "spectral_loss": 0.0
}
                              
                              
----------------------------------------
Epoch 034 with LR 0.000100: Model Results
----------------------------------------
Train MSE Loss: 0.3056, Train CLS Loss: 0.0000, Train MCLS Loss: 0.0000
Protein Cluster Region Loss - Ortho Loss: 0.0000, Cluster Loss: 0.0000
                              
Validation Results: {
    "ci": 0.723,
    "classification_loss": 0.0,
    "cluster_loss": 0.0,
    "mae": 1.1714,
    "mse": 2.2484,
    "multiclassification_loss": 0.0,
    "ortho_loss": 0.0,
    "pearson": 0.6364,
    "regression_loss": 2.2632,
    "rm2": 0.339,
    "rmse": 1.4995,
    "sd": 1.4439,
    "spearman": 0.6225,
    "spectral_loss": 0.0
}
                              
Test Results: {
    "ci": 0.7097,
    "classification_loss": 0.0,
    "cluster_loss": 0.0,
    "mae": 1.1946,
    "mse": 2.3519,
    "multiclassification_loss": 0.0,
    "ortho_loss": 0.0,
    "pearson": 0.6031,
    "regression_loss": 2.3512,
    "rm2": 0.3526,
    "rmse": 1.5336,
    "sd": 1.4921,
    "spearman": 0.5855,
    "spectral_loss": 0.0
}
                              
                              
----------------------------------------
Epoch 035 with LR 0.000100: Model Results
----------------------------------------
Train MSE Loss: 0.2914, Train CLS Loss: 0.0000, Train MCLS Loss: 0.0000
Protein Cluster Region Loss - Ortho Loss: 0.0000, Cluster Loss: 0.0000
                              
Validation Results: {
    "ci": 0.7202,
    "classification_loss": 0.0,
    "cluster_loss": 0.0,
    "mae": 1.183,
    "mse": 2.3221,
    "multiclassification_loss": 0.0,
    "ortho_loss": 0.0,
    "pearson": 0.6256,
    "regression_loss": 2.3338,
    "rm2": 0.3268,
    "rmse": 1.5239,
    "sd": 1.4603,
    "spearman": 0.615,
    "spectral_loss": 0.0
}
                              
Test Results: {
    "ci": 0.7097,
    "classification_loss": 0.0,
    "cluster_loss": 0.0,
    "mae": 1.1946,
    "mse": 2.3519,
    "multiclassification_loss": 0.0,
    "ortho_loss": 0.0,
    "pearson": 0.6031,
    "regression_loss": 2.3512,
    "rm2": 0.3526,
    "rmse": 1.5336,
    "sd": 1.4921,
    "spearman": 0.5855,
    "spectral_loss": 0.0
}
                              
                              
----------------------------------------
Epoch 036 with LR 0.000100: Model Results
----------------------------------------
Train MSE Loss: 0.2910, Train CLS Loss: 0.0000, Train MCLS Loss: 0.0000
Protein Cluster Region Loss - Ortho Loss: 0.0000, Cluster Loss: 0.0000
                              
Validation Results: {
    "ci": 0.7244,
    "classification_loss": 0.0,
    "cluster_loss": 0.0,
    "mae": 1.1794,
    "mse": 2.288,
    "multiclassification_loss": 0.0,
    "ortho_loss": 0.0,
    "pearson": 0.6363,
    "regression_loss": 2.3019,
    "rm2": 0.3396,
    "rmse": 1.5126,
    "sd": 1.4441,
    "spearman": 0.6262,
    "spectral_loss": 0.0
}
                              
Test Results: {
    "ci": 0.7097,
    "classification_loss": 0.0,
    "cluster_loss": 0.0,
    "mae": 1.1946,
    "mse": 2.3519,
    "multiclassification_loss": 0.0,
    "ortho_loss": 0.0,
    "pearson": 0.6031,
    "regression_loss": 2.3512,
    "rm2": 0.3526,
    "rmse": 1.5336,
    "sd": 1.4921,
    "spearman": 0.5855,
    "spectral_loss": 0.0
}
                              
                              
----------------------------------------
Epoch 037 with LR 0.000100: Model Results
----------------------------------------
Train MSE Loss: 0.2784, Train CLS Loss: 0.0000, Train MCLS Loss: 0.0000
Protein Cluster Region Loss - Ortho Loss: 0.0000, Cluster Loss: 0.0000
                              
Validation Results: {
    "ci": 0.724,
    "classification_loss": 0.0,
    "cluster_loss": 0.0,
    "mae": 1.1972,
    "mse": 2.3608,
    "multiclassification_loss": 0.0,
    "ortho_loss": 0.0,
    "pearson": 0.6343,
    "regression_loss": 2.3769,
    "rm2": 0.3406,
    "rmse": 1.5365,
    "sd": 1.4472,
    "spearman": 0.6238,
    "spectral_loss": 0.0
}
                              
Test Results: {
    "ci": 0.7097,
    "classification_loss": 0.0,
    "cluster_loss": 0.0,
    "mae": 1.1946,
    "mse": 2.3519,
    "multiclassification_loss": 0.0,
    "ortho_loss": 0.0,
    "pearson": 0.6031,
    "regression_loss": 2.3512,
    "rm2": 0.3526,
    "rmse": 1.5336,
    "sd": 1.4921,
    "spearman": 0.5855,
    "spectral_loss": 0.0
}
                              
                              
----------------------------------------
Epoch 038 with LR 0.000100: Model Results
----------------------------------------
Train MSE Loss: 0.2790, Train CLS Loss: 0.0000, Train MCLS Loss: 0.0000
Protein Cluster Region Loss - Ortho Loss: 0.0000, Cluster Loss: 0.0000
                              
Validation Results: {
    "ci": 0.7245,
    "classification_loss": 0.0,
    "cluster_loss": 0.0,
    "mae": 1.1805,
    "mse": 2.26,
    "multiclassification_loss": 0.0,
    "ortho_loss": 0.0,
    "pearson": 0.642,
    "regression_loss": 2.2732,
    "rm2": 0.3462,
    "rmse": 1.5033,
    "sd": 1.4352,
    "spearman": 0.6259,
    "spectral_loss": 0.0
}
                              
Test Results: {
    "ci": 0.7097,
    "classification_loss": 0.0,
    "cluster_loss": 0.0,
    "mae": 1.1946,
    "mse": 2.3519,
    "multiclassification_loss": 0.0,
    "ortho_loss": 0.0,
    "pearson": 0.6031,
    "regression_loss": 2.3512,
    "rm2": 0.3526,
    "rmse": 1.5336,
    "sd": 1.4921,
    "spearman": 0.5855,
    "spectral_loss": 0.0
}
                              
                              
----------------------------------------
Epoch 039 with LR 0.000100: Model Results
----------------------------------------
Train MSE Loss: 0.2722, Train CLS Loss: 0.0000, Train MCLS Loss: 0.0000
Protein Cluster Region Loss - Ortho Loss: 0.0000, Cluster Loss: 0.0000
                              
Validation Results: {
    "ci": 0.7248,
    "classification_loss": 0.0,
    "cluster_loss": 0.0,
    "mae": 1.1896,
    "mse": 2.316,
    "multiclassification_loss": 0.0,
    "ortho_loss": 0.0,
    "pearson": 0.6428,
    "regression_loss": 2.3326,
    "rm2": 0.3305,
    "rmse": 1.5218,
    "sd": 1.4339,
    "spearman": 0.627,
    "spectral_loss": 0.0
}
                              
Test Results: {
    "ci": 0.7097,
    "classification_loss": 0.0,
    "cluster_loss": 0.0,
    "mae": 1.1946,
    "mse": 2.3519,
    "multiclassification_loss": 0.0,
    "ortho_loss": 0.0,
    "pearson": 0.6031,
    "regression_loss": 2.3512,
    "rm2": 0.3526,
    "rmse": 1.5336,
    "sd": 1.4921,
    "spearman": 0.5855,
    "spectral_loss": 0.0
}
                              
                              
----------------------------------------
Epoch 040 with LR 0.000100: Model Results
----------------------------------------
Train MSE Loss: 0.2645, Train CLS Loss: 0.0000, Train MCLS Loss: 0.0000
Protein Cluster Region Loss - Ortho Loss: 0.0000, Cluster Loss: 0.0000
                              
Validation Results: {
    "ci": 0.7247,
    "classification_loss": 0.0,
    "cluster_loss": 0.0,
    "mae": 1.1702,
    "mse": 2.2239,
    "multiclassification_loss": 0.0,
    "ortho_loss": 0.0,
    "pearson": 0.6463,
    "regression_loss": 2.2336,
    "rm2": 0.363,
    "rmse": 1.4913,
    "sd": 1.4284,
    "spearman": 0.6266,
    "spectral_loss": 0.0
}
                              
Test Results: {
    "ci": 0.7097,
    "classification_loss": 0.0,
    "cluster_loss": 0.0,
    "mae": 1.1946,
    "mse": 2.3519,
    "multiclassification_loss": 0.0,
    "ortho_loss": 0.0,
    "pearson": 0.6031,
    "regression_loss": 2.3512,
    "rm2": 0.3526,
    "rmse": 1.5336,
    "sd": 1.4921,
    "spearman": 0.5855,
    "spectral_loss": 0.0
}
                              
                              
----------------------------------------
Epoch 041 with LR 0.000100: Model Results
----------------------------------------
Train MSE Loss: 0.2623, Train CLS Loss: 0.0000, Train MCLS Loss: 0.0000
Protein Cluster Region Loss - Ortho Loss: 0.0000, Cluster Loss: 0.0000
                              
Validation Results: {
    "ci": 0.7224,
    "classification_loss": 0.0,
    "cluster_loss": 0.0,
    "mae": 1.1739,
    "mse": 2.257,
    "multiclassification_loss": 0.0,
    "ortho_loss": 0.0,
    "pearson": 0.6363,
    "regression_loss": 2.2654,
    "rm2": 0.3429,
    "rmse": 1.5023,
    "sd": 1.4441,
    "spearman": 0.6213,
    "spectral_loss": 0.0
}
                              
Test Results: {
    "ci": 0.7097,
    "classification_loss": 0.0,
    "cluster_loss": 0.0,
    "mae": 1.1946,
    "mse": 2.3519,
    "multiclassification_loss": 0.0,
    "ortho_loss": 0.0,
    "pearson": 0.6031,
    "regression_loss": 2.3512,
    "rm2": 0.3526,
    "rmse": 1.5336,
    "sd": 1.4921,
    "spearman": 0.5855,
    "spectral_loss": 0.0
}
                              
                              
----------------------------------------
Epoch 042 with LR 0.000100: Model Results
----------------------------------------
Train MSE Loss: 0.2493, Train CLS Loss: 0.0000, Train MCLS Loss: 0.0000
Protein Cluster Region Loss - Ortho Loss: 0.0000, Cluster Loss: 0.0000
                              
Validation Results: {
    "ci": 0.722,
    "classification_loss": 0.0,
    "cluster_loss": 0.0,
    "mae": 1.1726,
    "mse": 2.2255,
    "multiclassification_loss": 0.0,
    "ortho_loss": 0.0,
    "pearson": 0.636,
    "regression_loss": 2.2358,
    "rm2": 0.3541,
    "rmse": 1.4918,
    "sd": 1.4445,
    "spearman": 0.6197,
    "spectral_loss": 0.0
}
                              
Test Results: {
    "ci": 0.7097,
    "classification_loss": 0.0,
    "cluster_loss": 0.0,
    "mae": 1.1946,
    "mse": 2.3519,
    "multiclassification_loss": 0.0,
    "ortho_loss": 0.0,
    "pearson": 0.6031,
    "regression_loss": 2.3512,
    "rm2": 0.3526,
    "rmse": 1.5336,
    "sd": 1.4921,
    "spearman": 0.5855,
    "spectral_loss": 0.0
}
                              
                              
----------------------------------------
Epoch 043 with LR 0.000100: Model Results
----------------------------------------
Train MSE Loss: 0.2499, Train CLS Loss: 0.0000, Train MCLS Loss: 0.0000
Protein Cluster Region Loss - Ortho Loss: 0.0000, Cluster Loss: 0.0000
                              
Validation Results: {
    "ci": 0.7285,
    "classification_loss": 0.0,
    "cluster_loss": 0.0,
    "mae": 1.1739,
    "mse": 2.2496,
    "multiclassification_loss": 0.0,
    "ortho_loss": 0.0,
    "pearson": 0.6513,
    "regression_loss": 2.2642,
    "rm2": 0.356,
    "rmse": 1.4999,
    "sd": 1.4205,
    "spearman": 0.6357,
    "spectral_loss": 0.0
}
                              
Test Results: {
    "ci": 0.7097,
    "classification_loss": 0.0,
    "cluster_loss": 0.0,
    "mae": 1.1946,
    "mse": 2.3519,
    "multiclassification_loss": 0.0,
    "ortho_loss": 0.0,
    "pearson": 0.6031,
    "regression_loss": 2.3512,
    "rm2": 0.3526,
    "rmse": 1.5336,
    "sd": 1.4921,
    "spearman": 0.5855,
    "spectral_loss": 0.0
}
                              
                              
----------------------------------------
Epoch 044 with LR 0.000100: Model Results
----------------------------------------
Train MSE Loss: 0.2477, Train CLS Loss: 0.0000, Train MCLS Loss: 0.0000
Protein Cluster Region Loss - Ortho Loss: 0.0000, Cluster Loss: 0.0000
                              
Validation Results: {
    "ci": 0.7185,
    "classification_loss": 0.0,
    "cluster_loss": 0.0,
    "mae": 1.201,
    "mse": 2.3971,
    "multiclassification_loss": 0.0,
    "ortho_loss": 0.0,
    "pearson": 0.6198,
    "regression_loss": 2.4098,
    "rm2": 0.3049,
    "rmse": 1.5483,
    "sd": 1.4689,
    "spearman": 0.6115,
    "spectral_loss": 0.0
}
                              
Test Results: {
    "ci": 0.7097,
    "classification_loss": 0.0,
    "cluster_loss": 0.0,
    "mae": 1.1946,
    "mse": 2.3519,
    "multiclassification_loss": 0.0,
    "ortho_loss": 0.0,
    "pearson": 0.6031,
    "regression_loss": 2.3512,
    "rm2": 0.3526,
    "rmse": 1.5336,
    "sd": 1.4921,
    "spearman": 0.5855,
    "spectral_loss": 0.0
}
                              
                              
----------------------------------------
Epoch 045 with LR 0.000100: Model Results
----------------------------------------
Train MSE Loss: 0.2393, Train CLS Loss: 0.0000, Train MCLS Loss: 0.0000
Protein Cluster Region Loss - Ortho Loss: 0.0000, Cluster Loss: 0.0000
                              
Validation Results: {
    "ci": 0.7167,
    "classification_loss": 0.0,
    "cluster_loss": 0.0,
    "mae": 1.2261,
    "mse": 2.4495,
    "multiclassification_loss": 0.0,
    "ortho_loss": 0.0,
    "pearson": 0.623,
    "regression_loss": 2.4651,
    "rm2": 0.3073,
    "rmse": 1.5651,
    "sd": 1.4643,
    "spearman": 0.6086,
    "spectral_loss": 0.0
}
                              
Test Results: {
    "ci": 0.7097,
    "classification_loss": 0.0,
    "cluster_loss": 0.0,
    "mae": 1.1946,
    "mse": 2.3519,
    "multiclassification_loss": 0.0,
    "ortho_loss": 0.0,
    "pearson": 0.6031,
    "regression_loss": 2.3512,
    "rm2": 0.3526,
    "rmse": 1.5336,
    "sd": 1.4921,
    "spearman": 0.5855,
    "spectral_loss": 0.0
}
                              
                              
----------------------------------------
Epoch 046 with LR 0.000100: Model Results
----------------------------------------
Train MSE Loss: 0.2369, Train CLS Loss: 0.0000, Train MCLS Loss: 0.0000
Protein Cluster Region Loss - Ortho Loss: 0.0000, Cluster Loss: 0.0000
                              
Validation Results: {
    "ci": 0.7262,
    "classification_loss": 0.0,
    "cluster_loss": 0.0,
    "mae": 1.1828,
    "mse": 2.309,
    "multiclassification_loss": 0.0,
    "ortho_loss": 0.0,
    "pearson": 0.6355,
    "regression_loss": 2.324,
    "rm2": 0.3379,
    "rmse": 1.5196,
    "sd": 1.4452,
    "spearman": 0.632,
    "spectral_loss": 0.0
}
                              
Test Results: {
    "ci": 0.7097,
    "classification_loss": 0.0,
    "cluster_loss": 0.0,
    "mae": 1.1946,
    "mse": 2.3519,
    "multiclassification_loss": 0.0,
    "ortho_loss": 0.0,
    "pearson": 0.6031,
    "regression_loss": 2.3512,
    "rm2": 0.3526,
    "rmse": 1.5336,
    "sd": 1.4921,
    "spearman": 0.5855,
    "spectral_loss": 0.0
}
                              
                              
----------------------------------------
Epoch 047 with LR 0.000100: Model Results
----------------------------------------
Train MSE Loss: 0.2304, Train CLS Loss: 0.0000, Train MCLS Loss: 0.0000
Protein Cluster Region Loss - Ortho Loss: 0.0000, Cluster Loss: 0.0000
                              
Validation Results: {
    "ci": 0.7206,
    "classification_loss": 0.0,
    "cluster_loss": 0.0,
    "mae": 1.1847,
    "mse": 2.2927,
    "multiclassification_loss": 0.0,
    "ortho_loss": 0.0,
    "pearson": 0.6289,
    "regression_loss": 2.3049,
    "rm2": 0.3392,
    "rmse": 1.5142,
    "sd": 1.4553,
    "spearman": 0.6179,
    "spectral_loss": 0.0
}
                              
Test Results: {
    "ci": 0.7097,
    "classification_loss": 0.0,
    "cluster_loss": 0.0,
    "mae": 1.1946,
    "mse": 2.3519,
    "multiclassification_loss": 0.0,
    "ortho_loss": 0.0,
    "pearson": 0.6031,
    "regression_loss": 2.3512,
    "rm2": 0.3526,
    "rmse": 1.5336,
    "sd": 1.4921,
    "spearman": 0.5855,
    "spectral_loss": 0.0
}
                              
                              
----------------------------------------
Epoch 048 with LR 0.000100: Model Results
----------------------------------------
Train MSE Loss: 0.2291, Train CLS Loss: 0.0000, Train MCLS Loss: 0.0000
Protein Cluster Region Loss - Ortho Loss: 0.0000, Cluster Loss: 0.0000
                              
Validation Results: {
    "ci": 0.7231,
    "classification_loss": 0.0,
    "cluster_loss": 0.0,
    "mae": 1.1738,
    "mse": 2.2465,
    "multiclassification_loss": 0.0,
    "ortho_loss": 0.0,
    "pearson": 0.6371,
    "regression_loss": 2.2582,
    "rm2": 0.3427,
    "rmse": 1.4988,
    "sd": 1.4428,
    "spearman": 0.6238,
    "spectral_loss": 0.0
}
                              
Test Results: {
    "ci": 0.7097,
    "classification_loss": 0.0,
    "cluster_loss": 0.0,
    "mae": 1.1946,
    "mse": 2.3519,
    "multiclassification_loss": 0.0,
    "ortho_loss": 0.0,
    "pearson": 0.6031,
    "regression_loss": 2.3512,
    "rm2": 0.3526,
    "rmse": 1.5336,
    "sd": 1.4921,
    "spearman": 0.5855,
    "spectral_loss": 0.0
}
                              
                              
----------------------------------------
Epoch 049 with LR 0.000100: Model Results
----------------------------------------
Train MSE Loss: 0.2265, Train CLS Loss: 0.0000, Train MCLS Loss: 0.0000
Protein Cluster Region Loss - Ortho Loss: 0.0000, Cluster Loss: 0.0000
                              
Validation Results: {
    "ci": 0.7264,
    "classification_loss": 0.0,
    "cluster_loss": 0.0,
    "mae": 1.1908,
    "mse": 2.3201,
    "multiclassification_loss": 0.0,
    "ortho_loss": 0.0,
    "pearson": 0.6446,
    "regression_loss": 2.3331,
    "rm2": 0.3493,
    "rmse": 1.5232,
    "sd": 1.4311,
    "spearman": 0.6314,
    "spectral_loss": 0.0
}
                              
Test Results: {
    "ci": 0.7097,
    "classification_loss": 0.0,
    "cluster_loss": 0.0,
    "mae": 1.1946,
    "mse": 2.3519,
    "multiclassification_loss": 0.0,
    "ortho_loss": 0.0,
    "pearson": 0.6031,
    "regression_loss": 2.3512,
    "rm2": 0.3526,
    "rmse": 1.5336,
    "sd": 1.4921,
    "spearman": 0.5855,
    "spectral_loss": 0.0
}
                              
                              
----------------------------------------
Epoch 050 with LR 0.000100: Model Results
----------------------------------------
Train MSE Loss: 0.2177, Train CLS Loss: 0.0000, Train MCLS Loss: 0.0000
Protein Cluster Region Loss - Ortho Loss: 0.0000, Cluster Loss: 0.0000
                              
Validation Results: {
    "ci": 0.7226,
    "classification_loss": 0.0,
    "cluster_loss": 0.0,
    "mae": 1.1898,
    "mse": 2.3214,
    "multiclassification_loss": 0.0,
    "ortho_loss": 0.0,
    "pearson": 0.6328,
    "regression_loss": 2.3362,
    "rm2": 0.3411,
    "rmse": 1.5236,
    "sd": 1.4494,
    "spearman": 0.6218,
    "spectral_loss": 0.0
}
                              
Test Results: {
    "ci": 0.7097,
    "classification_loss": 0.0,
    "cluster_loss": 0.0,
    "mae": 1.1946,
    "mse": 2.3519,
    "multiclassification_loss": 0.0,
    "ortho_loss": 0.0,
    "pearson": 0.6031,
    "regression_loss": 2.3512,
    "rm2": 0.3526,
    "rmse": 1.5336,
    "sd": 1.4921,
    "spearman": 0.5855,
    "spectral_loss": 0.0
}
                              
                              
----------------------------------------
Epoch 051 with LR 0.000100: Model Results
----------------------------------------
Train MSE Loss: 0.2146, Train CLS Loss: 0.0000, Train MCLS Loss: 0.0000
Protein Cluster Region Loss - Ortho Loss: 0.0000, Cluster Loss: 0.0000
                              
Validation Results: {
    "ci": 0.7241,
    "classification_loss": 0.0,
    "cluster_loss": 0.0,
    "mae": 1.1945,
    "mse": 2.3171,
    "multiclassification_loss": 0.0,
    "ortho_loss": 0.0,
    "pearson": 0.6345,
    "regression_loss": 2.3282,
    "rm2": 0.341,
    "rmse": 1.5222,
    "sd": 1.4468,
    "spearman": 0.6267,
    "spectral_loss": 0.0
}
                              
Test Results: {
    "ci": 0.7097,
    "classification_loss": 0.0,
    "cluster_loss": 0.0,
    "mae": 1.1946,
    "mse": 2.3519,
    "multiclassification_loss": 0.0,
    "ortho_loss": 0.0,
    "pearson": 0.6031,
    "regression_loss": 2.3512,
    "rm2": 0.3526,
    "rmse": 1.5336,
    "sd": 1.4921,
    "spearman": 0.5855,
    "spectral_loss": 0.0
}
                              
                              
----------------------------------------
Epoch 052 with LR 0.000100: Model Results
----------------------------------------
Train MSE Loss: 0.2104, Train CLS Loss: 0.0000, Train MCLS Loss: 0.0000
Protein Cluster Region Loss - Ortho Loss: 0.0000, Cluster Loss: 0.0000
                              
Validation Results: {
    "ci": 0.7193,
    "classification_loss": 0.0,
    "cluster_loss": 0.0,
    "mae": 1.1898,
    "mse": 2.3035,
    "multiclassification_loss": 0.0,
    "ortho_loss": 0.0,
    "pearson": 0.6289,
    "regression_loss": 2.3148,
    "rm2": 0.3379,
    "rmse": 1.5177,
    "sd": 1.4553,
    "spearman": 0.6152,
    "spectral_loss": 0.0
}
                              
Test Results: {
    "ci": 0.7097,
    "classification_loss": 0.0,
    "cluster_loss": 0.0,
    "mae": 1.1946,
    "mse": 2.3519,
    "multiclassification_loss": 0.0,
    "ortho_loss": 0.0,
    "pearson": 0.6031,
    "regression_loss": 2.3512,
    "rm2": 0.3526,
    "rmse": 1.5336,
    "sd": 1.4921,
    "spearman": 0.5855,
    "spectral_loss": 0.0
}
                              
                              
----------------------------------------
Epoch 053 with LR 0.000100: Model Results
----------------------------------------
Train MSE Loss: 0.2051, Train CLS Loss: 0.0000, Train MCLS Loss: 0.0000
Protein Cluster Region Loss - Ortho Loss: 0.0000, Cluster Loss: 0.0000
                              
Validation Results: {
    "ci": 0.7208,
    "classification_loss": 0.0,
    "cluster_loss": 0.0,
    "mae": 1.1981,
    "mse": 2.3184,
    "multiclassification_loss": 0.0,
    "ortho_loss": 0.0,
    "pearson": 0.63,
    "regression_loss": 2.3305,
    "rm2": 0.3362,
    "rmse": 1.5226,
    "sd": 1.4537,
    "spearman": 0.6185,
    "spectral_loss": 0.0
}
                              
Test Results: {
    "ci": 0.7097,
    "classification_loss": 0.0,
    "cluster_loss": 0.0,
    "mae": 1.1946,
    "mse": 2.3519,
    "multiclassification_loss": 0.0,
    "ortho_loss": 0.0,
    "pearson": 0.6031,
    "regression_loss": 2.3512,
    "rm2": 0.3526,
    "rmse": 1.5336,
    "sd": 1.4921,
    "spearman": 0.5855,
    "spectral_loss": 0.0
}
                              
                              
----------------------------------------
Epoch 054 with LR 0.000100: Model Results
----------------------------------------
Train MSE Loss: 0.2058, Train CLS Loss: 0.0000, Train MCLS Loss: 0.0000
Protein Cluster Region Loss - Ortho Loss: 0.0000, Cluster Loss: 0.0000
                              
Validation Results: {
    "ci": 0.7201,
    "classification_loss": 0.0,
    "cluster_loss": 0.0,
    "mae": 1.1993,
    "mse": 2.3272,
    "multiclassification_loss": 0.0,
    "ortho_loss": 0.0,
    "pearson": 0.6291,
    "regression_loss": 2.3391,
    "rm2": 0.348,
    "rmse": 1.5255,
    "sd": 1.4551,
    "spearman": 0.6174,
    "spectral_loss": 0.0
}
                              
Test Results: {
    "ci": 0.7097,
    "classification_loss": 0.0,
    "cluster_loss": 0.0,
    "mae": 1.1946,
    "mse": 2.3519,
    "multiclassification_loss": 0.0,
    "ortho_loss": 0.0,
    "pearson": 0.6031,
    "regression_loss": 2.3512,
    "rm2": 0.3526,
    "rmse": 1.5336,
    "sd": 1.4921,
    "spearman": 0.5855,
    "spectral_loss": 0.0
}
                              
                              
----------------------------------------
Epoch 055 with LR 0.000100: Model Results
----------------------------------------
Train MSE Loss: 0.2039, Train CLS Loss: 0.0000, Train MCLS Loss: 0.0000
Protein Cluster Region Loss - Ortho Loss: 0.0000, Cluster Loss: 0.0000
                              
Validation Results: {
    "ci": 0.7219,
    "classification_loss": 0.0,
    "cluster_loss": 0.0,
    "mae": 1.1891,
    "mse": 2.3244,
    "multiclassification_loss": 0.0,
    "ortho_loss": 0.0,
    "pearson": 0.628,
    "regression_loss": 2.3373,
    "rm2": 0.3225,
    "rmse": 1.5246,
    "sd": 1.4567,
    "spearman": 0.6227,
    "spectral_loss": 0.0
}
                              
Test Results: {
    "ci": 0.7097,
    "classification_loss": 0.0,
    "cluster_loss": 0.0,
    "mae": 1.1946,
    "mse": 2.3519,
    "multiclassification_loss": 0.0,
    "ortho_loss": 0.0,
    "pearson": 0.6031,
    "regression_loss": 2.3512,
    "rm2": 0.3526,
    "rmse": 1.5336,
    "sd": 1.4921,
    "spearman": 0.5855,
    "spectral_loss": 0.0
}
                              
                              
----------------------------------------
Epoch 056 with LR 0.000100: Model Results
----------------------------------------
Train MSE Loss: 0.2008, Train CLS Loss: 0.0000, Train MCLS Loss: 0.0000
Protein Cluster Region Loss - Ortho Loss: 0.0000, Cluster Loss: 0.0000
                              
Validation Results: {
    "ci": 0.7227,
    "classification_loss": 0.0,
    "cluster_loss": 0.0,
    "mae": 1.1821,
    "mse": 2.2728,
    "multiclassification_loss": 0.0,
    "ortho_loss": 0.0,
    "pearson": 0.6328,
    "regression_loss": 2.2855,
    "rm2": 0.3478,
    "rmse": 1.5076,
    "sd": 1.4494,
    "spearman": 0.6247,
    "spectral_loss": 0.0
}
                              
Test Results: {
    "ci": 0.7097,
    "classification_loss": 0.0,
    "cluster_loss": 0.0,
    "mae": 1.1946,
    "mse": 2.3519,
    "multiclassification_loss": 0.0,
    "ortho_loss": 0.0,
    "pearson": 0.6031,
    "regression_loss": 2.3512,
    "rm2": 0.3526,
    "rmse": 1.5336,
    "sd": 1.4921,
    "spearman": 0.5855,
    "spectral_loss": 0.0
}
                              
                              
----------------------------------------
Epoch 057 with LR 0.000100: Model Results
----------------------------------------
Train MSE Loss: 0.1937, Train CLS Loss: 0.0000, Train MCLS Loss: 0.0000
Protein Cluster Region Loss - Ortho Loss: 0.0000, Cluster Loss: 0.0000
                              
Validation Results: {
    "ci": 0.723,
    "classification_loss": 0.0,
    "cluster_loss": 0.0,
    "mae": 1.1873,
    "mse": 2.3088,
    "multiclassification_loss": 0.0,
    "ortho_loss": 0.0,
    "pearson": 0.6301,
    "regression_loss": 2.3178,
    "rm2": 0.3328,
    "rmse": 1.5195,
    "sd": 1.4535,
    "spearman": 0.625,
    "spectral_loss": 0.0
}
                              
Test Results: {
    "ci": 0.7097,
    "classification_loss": 0.0,
    "cluster_loss": 0.0,
    "mae": 1.1946,
    "mse": 2.3519,
    "multiclassification_loss": 0.0,
    "ortho_loss": 0.0,
    "pearson": 0.6031,
    "regression_loss": 2.3512,
    "rm2": 0.3526,
    "rmse": 1.5336,
    "sd": 1.4921,
    "spearman": 0.5855,
    "spectral_loss": 0.0
}
                              
                              
----------------------------------------
Epoch 058 with LR 0.000100: Model Results
----------------------------------------
Train MSE Loss: 0.1958, Train CLS Loss: 0.0000, Train MCLS Loss: 0.0000
Protein Cluster Region Loss - Ortho Loss: 0.0000, Cluster Loss: 0.0000
                              
Validation Results: {
    "ci": 0.7232,
    "classification_loss": 0.0,
    "cluster_loss": 0.0,
    "mae": 1.1764,
    "mse": 2.2634,
    "multiclassification_loss": 0.0,
    "ortho_loss": 0.0,
    "pearson": 0.6345,
    "regression_loss": 2.2753,
    "rm2": 0.342,
    "rmse": 1.5044,
    "sd": 1.4468,
    "spearman": 0.6256,
    "spectral_loss": 0.0
}
                              
Test Results: {
    "ci": 0.7097,
    "classification_loss": 0.0,
    "cluster_loss": 0.0,
    "mae": 1.1946,
    "mse": 2.3519,
    "multiclassification_loss": 0.0,
    "ortho_loss": 0.0,
    "pearson": 0.6031,
    "regression_loss": 2.3512,
    "rm2": 0.3526,
    "rmse": 1.5336,
    "sd": 1.4921,
    "spearman": 0.5855,
    "spectral_loss": 0.0
}
                              
                              
----------------------------------------
Epoch 059 with LR 0.000100: Model Results
----------------------------------------
Train MSE Loss: 0.1865, Train CLS Loss: 0.0000, Train MCLS Loss: 0.0000
Protein Cluster Region Loss - Ortho Loss: 0.0000, Cluster Loss: 0.0000
                              
Validation Results: {
    "ci": 0.7222,
    "classification_loss": 0.0,
    "cluster_loss": 0.0,
    "mae": 1.1913,
    "mse": 2.3395,
    "multiclassification_loss": 0.0,
    "ortho_loss": 0.0,
    "pearson": 0.6324,
    "regression_loss": 2.3533,
    "rm2": 0.3275,
    "rmse": 1.5295,
    "sd": 1.4501,
    "spearman": 0.6222,
    "spectral_loss": 0.0
}
                              
Test Results: {
    "ci": 0.7097,
    "classification_loss": 0.0,
    "cluster_loss": 0.0,
    "mae": 1.1946,
    "mse": 2.3519,
    "multiclassification_loss": 0.0,
    "ortho_loss": 0.0,
    "pearson": 0.6031,
    "regression_loss": 2.3512,
    "rm2": 0.3526,
    "rmse": 1.5336,
    "sd": 1.4921,
    "spearman": 0.5855,
    "spectral_loss": 0.0
}
                              
                              
----------------------------------------
Epoch 060 with LR 0.000100: Model Results
----------------------------------------
Train MSE Loss: 0.1860, Train CLS Loss: 0.0000, Train MCLS Loss: 0.0000
Protein Cluster Region Loss - Ortho Loss: 0.0000, Cluster Loss: 0.0000
                              
Validation Results: {
    "ci": 0.7211,
    "classification_loss": 0.0,
    "cluster_loss": 0.0,
    "mae": 1.1965,
    "mse": 2.3553,
    "multiclassification_loss": 0.0,
    "ortho_loss": 0.0,
    "pearson": 0.6277,
    "regression_loss": 2.3656,
    "rm2": 0.3226,
    "rmse": 1.5347,
    "sd": 1.4572,
    "spearman": 0.6205,
    "spectral_loss": 0.0
}
                              
Test Results: {
    "ci": 0.7097,
    "classification_loss": 0.0,
    "cluster_loss": 0.0,
    "mae": 1.1946,
    "mse": 2.3519,
    "multiclassification_loss": 0.0,
    "ortho_loss": 0.0,
    "pearson": 0.6031,
    "regression_loss": 2.3512,
    "rm2": 0.3526,
    "rmse": 1.5336,
    "sd": 1.4921,
    "spearman": 0.5855,
    "spectral_loss": 0.0
}
                              
                              
----------------------------------------
Epoch 061 with LR 0.000100: Model Results
----------------------------------------
Train MSE Loss: 0.1860, Train CLS Loss: 0.0000, Train MCLS Loss: 0.0000
Protein Cluster Region Loss - Ortho Loss: 0.0000, Cluster Loss: 0.0000
                              
Validation Results: {
    "ci": 0.7256,
    "classification_loss": 0.0,
    "cluster_loss": 0.0,
    "mae": 1.1705,
    "mse": 2.2455,
    "multiclassification_loss": 0.0,
    "ortho_loss": 0.0,
    "pearson": 0.6442,
    "regression_loss": 2.254,
    "rm2": 0.3542,
    "rmse": 1.4985,
    "sd": 1.4317,
    "spearman": 0.6301,
    "spectral_loss": 0.0
}
                              
Test Results: {
    "ci": 0.7097,
    "classification_loss": 0.0,
    "cluster_loss": 0.0,
    "mae": 1.1946,
    "mse": 2.3519,
    "multiclassification_loss": 0.0,
    "ortho_loss": 0.0,
    "pearson": 0.6031,
    "regression_loss": 2.3512,
    "rm2": 0.3526,
    "rmse": 1.5336,
    "sd": 1.4921,
    "spearman": 0.5855,
    "spectral_loss": 0.0
}
                              
                              
----------------------------------------
Epoch 062 with LR 0.000100: Model Results
----------------------------------------
Train MSE Loss: 0.1810, Train CLS Loss: 0.0000, Train MCLS Loss: 0.0000
Protein Cluster Region Loss - Ortho Loss: 0.0000, Cluster Loss: 0.0000
                              
Validation Results: {
    "ci": 0.7244,
    "classification_loss": 0.0,
    "cluster_loss": 0.0,
    "mae": 1.1752,
    "mse": 2.2767,
    "multiclassification_loss": 0.0,
    "ortho_loss": 0.0,
    "pearson": 0.6337,
    "regression_loss": 2.2883,
    "rm2": 0.3428,
    "rmse": 1.5089,
    "sd": 1.448,
    "spearman": 0.6273,
    "spectral_loss": 0.0
}
                              
Test Results: {
    "ci": 0.7097,
    "classification_loss": 0.0,
    "cluster_loss": 0.0,
    "mae": 1.1946,
    "mse": 2.3519,
    "multiclassification_loss": 0.0,
    "ortho_loss": 0.0,
    "pearson": 0.6031,
    "regression_loss": 2.3512,
    "rm2": 0.3526,
    "rmse": 1.5336,
    "sd": 1.4921,
    "spearman": 0.5855,
    "spectral_loss": 0.0
}
                              
                              
----------------------------------------
Epoch 063 with LR 0.000100: Model Results
----------------------------------------
Train MSE Loss: 0.1818, Train CLS Loss: 0.0000, Train MCLS Loss: 0.0000
Protein Cluster Region Loss - Ortho Loss: 0.0000, Cluster Loss: 0.0000
                              
Validation Results: {
    "ci": 0.7195,
    "classification_loss": 0.0,
    "cluster_loss": 0.0,
    "mae": 1.2057,
    "mse": 2.3805,
    "multiclassification_loss": 0.0,
    "ortho_loss": 0.0,
    "pearson": 0.6284,
    "regression_loss": 2.3966,
    "rm2": 0.3343,
    "rmse": 1.5429,
    "sd": 1.4561,
    "spearman": 0.6157,
    "spectral_loss": 0.0
}
                              
Test Results: {
    "ci": 0.7097,
    "classification_loss": 0.0,
    "cluster_loss": 0.0,
    "mae": 1.1946,
    "mse": 2.3519,
    "multiclassification_loss": 0.0,
    "ortho_loss": 0.0,
    "pearson": 0.6031,
    "regression_loss": 2.3512,
    "rm2": 0.3526,
    "rmse": 1.5336,
    "sd": 1.4921,
    "spearman": 0.5855,
    "spectral_loss": 0.0
}
                              
                              
----------------------------------------
Epoch 064 with LR 0.000100: Model Results
----------------------------------------
Train MSE Loss: 0.1743, Train CLS Loss: 0.0000, Train MCLS Loss: 0.0000
Protein Cluster Region Loss - Ortho Loss: 0.0000, Cluster Loss: 0.0000
                              
Validation Results: {
    "ci": 0.722,
    "classification_loss": 0.0,
    "cluster_loss": 0.0,
    "mae": 1.1793,
    "mse": 2.3122,
    "multiclassification_loss": 0.0,
    "ortho_loss": 0.0,
    "pearson": 0.6271,
    "regression_loss": 2.3227,
    "rm2": 0.3259,
    "rmse": 1.5206,
    "sd": 1.4581,
    "spearman": 0.6205,
    "spectral_loss": 0.0
}
                              
Test Results: {
    "ci": 0.7097,
    "classification_loss": 0.0,
    "cluster_loss": 0.0,
    "mae": 1.1946,
    "mse": 2.3519,
    "multiclassification_loss": 0.0,
    "ortho_loss": 0.0,
    "pearson": 0.6031,
    "regression_loss": 2.3512,
    "rm2": 0.3526,
    "rmse": 1.5336,
    "sd": 1.4921,
    "spearman": 0.5855,
    "spectral_loss": 0.0
}
                              
                              
----------------------------------------
Epoch 065 with LR 0.000100: Model Results
----------------------------------------
Train MSE Loss: 0.1786, Train CLS Loss: 0.0000, Train MCLS Loss: 0.0000
Protein Cluster Region Loss - Ortho Loss: 0.0000, Cluster Loss: 0.0000
                              
Validation Results: {
    "ci": 0.7276,
    "classification_loss": 0.0,
    "cluster_loss": 0.0,
    "mae": 1.1788,
    "mse": 2.2765,
    "multiclassification_loss": 0.0,
    "ortho_loss": 0.0,
    "pearson": 0.6397,
    "regression_loss": 2.2875,
    "rm2": 0.3536,
    "rmse": 1.5088,
    "sd": 1.4388,
    "spearman": 0.635,
    "spectral_loss": 0.0
}
                              
Test Results: {
    "ci": 0.7097,
    "classification_loss": 0.0,
    "cluster_loss": 0.0,
    "mae": 1.1946,
    "mse": 2.3519,
    "multiclassification_loss": 0.0,
    "ortho_loss": 0.0,
    "pearson": 0.6031,
    "regression_loss": 2.3512,
    "rm2": 0.3526,
    "rmse": 1.5336,
    "sd": 1.4921,
    "spearman": 0.5855,
    "spectral_loss": 0.0
}
                              
                              
----------------------------------------
Epoch 066 with LR 0.000100: Model Results
----------------------------------------
Train MSE Loss: 0.1718, Train CLS Loss: 0.0000, Train MCLS Loss: 0.0000
Protein Cluster Region Loss - Ortho Loss: 0.0000, Cluster Loss: 0.0000
                              
Validation Results: {
    "ci": 0.7251,
    "classification_loss": 0.0,
    "cluster_loss": 0.0,
    "mae": 1.1817,
    "mse": 2.3116,
    "multiclassification_loss": 0.0,
    "ortho_loss": 0.0,
    "pearson": 0.6379,
    "regression_loss": 2.3264,
    "rm2": 0.3354,
    "rmse": 1.5204,
    "sd": 1.4415,
    "spearman": 0.6295,
    "spectral_loss": 0.0
}
                              
Test Results: {
    "ci": 0.7097,
    "classification_loss": 0.0,
    "cluster_loss": 0.0,
    "mae": 1.1946,
    "mse": 2.3519,
    "multiclassification_loss": 0.0,
    "ortho_loss": 0.0,
    "pearson": 0.6031,
    "regression_loss": 2.3512,
    "rm2": 0.3526,
    "rmse": 1.5336,
    "sd": 1.4921,
    "spearman": 0.5855,
    "spectral_loss": 0.0
}
                              
                              
----------------------------------------
Epoch 067 with LR 0.000100: Model Results
----------------------------------------
Train MSE Loss: 0.1693, Train CLS Loss: 0.0000, Train MCLS Loss: 0.0000
Protein Cluster Region Loss - Ortho Loss: 0.0000, Cluster Loss: 0.0000
                              
Validation Results: {
    "ci": 0.7234,
    "classification_loss": 0.0,
    "cluster_loss": 0.0,
    "mae": 1.1897,
    "mse": 2.3451,
    "multiclassification_loss": 0.0,
    "ortho_loss": 0.0,
    "pearson": 0.6338,
    "regression_loss": 2.3545,
    "rm2": 0.331,
    "rmse": 1.5314,
    "sd": 1.4479,
    "spearman": 0.6248,
    "spectral_loss": 0.0
}
                              
Test Results: {
    "ci": 0.7097,
    "classification_loss": 0.0,
    "cluster_loss": 0.0,
    "mae": 1.1946,
    "mse": 2.3519,
    "multiclassification_loss": 0.0,
    "ortho_loss": 0.0,
    "pearson": 0.6031,
    "regression_loss": 2.3512,
    "rm2": 0.3526,
    "rmse": 1.5336,
    "sd": 1.4921,
    "spearman": 0.5855,
    "spectral_loss": 0.0
}
                              
                              
----------------------------------------
Epoch 068 with LR 0.000100: Model Results
----------------------------------------
Train MSE Loss: 0.1673, Train CLS Loss: 0.0000, Train MCLS Loss: 0.0000
Protein Cluster Region Loss - Ortho Loss: 0.0000, Cluster Loss: 0.0000
                              
Validation Results: {
    "ci": 0.7214,
    "classification_loss": 0.0,
    "cluster_loss": 0.0,
    "mae": 1.2094,
    "mse": 2.408,
    "multiclassification_loss": 0.0,
    "ortho_loss": 0.0,
    "pearson": 0.6331,
    "regression_loss": 2.4203,
    "rm2": 0.322,
    "rmse": 1.5518,
    "sd": 1.4489,
    "spearman": 0.6202,
    "spectral_loss": 0.0
}
                              
Test Results: {
    "ci": 0.7097,
    "classification_loss": 0.0,
    "cluster_loss": 0.0,
    "mae": 1.1946,
    "mse": 2.3519,
    "multiclassification_loss": 0.0,
    "ortho_loss": 0.0,
    "pearson": 0.6031,
    "regression_loss": 2.3512,
    "rm2": 0.3526,
    "rmse": 1.5336,
    "sd": 1.4921,
    "spearman": 0.5855,
    "spectral_loss": 0.0
}
                              
                              
----------------------------------------
Epoch 069 with LR 0.000100: Model Results
----------------------------------------
Train MSE Loss: 0.1663, Train CLS Loss: 0.0000, Train MCLS Loss: 0.0000
Protein Cluster Region Loss - Ortho Loss: 0.0000, Cluster Loss: 0.0000
                              
Validation Results: {
    "ci": 0.7197,
    "classification_loss": 0.0,
    "cluster_loss": 0.0,
    "mae": 1.19,
    "mse": 2.322,
    "multiclassification_loss": 0.0,
    "ortho_loss": 0.0,
    "pearson": 0.6288,
    "regression_loss": 2.3321,
    "rm2": 0.3337,
    "rmse": 1.5238,
    "sd": 1.4556,
    "spearman": 0.6155,
    "spectral_loss": 0.0
}
                              
Test Results: {
    "ci": 0.7097,
    "classification_loss": 0.0,
    "cluster_loss": 0.0,
    "mae": 1.1946,
    "mse": 2.3519,
    "multiclassification_loss": 0.0,
    "ortho_loss": 0.0,
    "pearson": 0.6031,
    "regression_loss": 2.3512,
    "rm2": 0.3526,
    "rmse": 1.5336,
    "sd": 1.4921,
    "spearman": 0.5855,
    "spectral_loss": 0.0
}
                              
                              
----------------------------------------
Epoch 070 with LR 0.000100: Model Results
----------------------------------------
Train MSE Loss: 0.1677, Train CLS Loss: 0.0000, Train MCLS Loss: 0.0000
Protein Cluster Region Loss - Ortho Loss: 0.0000, Cluster Loss: 0.0000
                              
Validation Results: {
    "ci": 0.7244,
    "classification_loss": 0.0,
    "cluster_loss": 0.0,
    "mae": 1.1761,
    "mse": 2.2773,
    "multiclassification_loss": 0.0,
    "ortho_loss": 0.0,
    "pearson": 0.6336,
    "regression_loss": 2.2867,
    "rm2": 0.3307,
    "rmse": 1.5091,
    "sd": 1.4483,
    "spearman": 0.6284,
    "spectral_loss": 0.0
}
                              
Test Results: {
    "ci": 0.7097,
    "classification_loss": 0.0,
    "cluster_loss": 0.0,
    "mae": 1.1946,
    "mse": 2.3519,
    "multiclassification_loss": 0.0,
    "ortho_loss": 0.0,
    "pearson": 0.6031,
    "regression_loss": 2.3512,
    "rm2": 0.3526,
    "rmse": 1.5336,
    "sd": 1.4921,
    "spearman": 0.5855,
    "spectral_loss": 0.0
}
                              
                              
----------------------------------------
Epoch 071 with LR 0.000100: Model Results
----------------------------------------
Train MSE Loss: 0.1639, Train CLS Loss: 0.0000, Train MCLS Loss: 0.0000
Protein Cluster Region Loss - Ortho Loss: 0.0000, Cluster Loss: 0.0000
                              
Validation Results: {
    "ci": 0.7185,
    "classification_loss": 0.0,
    "cluster_loss": 0.0,
    "mae": 1.2008,
    "mse": 2.3839,
    "multiclassification_loss": 0.0,
    "ortho_loss": 0.0,
    "pearson": 0.6208,
    "regression_loss": 2.3971,
    "rm2": 0.318,
    "rmse": 1.544,
    "sd": 1.4675,
    "spearman": 0.6133,
    "spectral_loss": 0.0
}
                              
Test Results: {
    "ci": 0.7097,
    "classification_loss": 0.0,
    "cluster_loss": 0.0,
    "mae": 1.1946,
    "mse": 2.3519,
    "multiclassification_loss": 0.0,
    "ortho_loss": 0.0,
    "pearson": 0.6031,
    "regression_loss": 2.3512,
    "rm2": 0.3526,
    "rmse": 1.5336,
    "sd": 1.4921,
    "spearman": 0.5855,
    "spectral_loss": 0.0
}
                              
                              
----------------------------------------
Epoch 072 with LR 0.000100: Model Results
----------------------------------------
Train MSE Loss: 0.1587, Train CLS Loss: 0.0000, Train MCLS Loss: 0.0000
Protein Cluster Region Loss - Ortho Loss: 0.0000, Cluster Loss: 0.0000
                              
Validation Results: {
    "ci": 0.7244,
    "classification_loss": 0.0,
    "cluster_loss": 0.0,
    "mae": 1.1789,
    "mse": 2.2794,
    "multiclassification_loss": 0.0,
    "ortho_loss": 0.0,
    "pearson": 0.6361,
    "regression_loss": 2.2904,
    "rm2": 0.3393,
    "rmse": 1.5098,
    "sd": 1.4443,
    "spearman": 0.6273,
    "spectral_loss": 0.0
}
                              
Test Results: {
    "ci": 0.7097,
    "classification_loss": 0.0,
    "cluster_loss": 0.0,
    "mae": 1.1946,
    "mse": 2.3519,
    "multiclassification_loss": 0.0,
    "ortho_loss": 0.0,
    "pearson": 0.6031,
    "regression_loss": 2.3512,
    "rm2": 0.3526,
    "rmse": 1.5336,
    "sd": 1.4921,
    "spearman": 0.5855,
    "spectral_loss": 0.0
}
                              
                              
----------------------------------------
Epoch 073 with LR 0.000100: Model Results
----------------------------------------
Train MSE Loss: 0.1583, Train CLS Loss: 0.0000, Train MCLS Loss: 0.0000
Protein Cluster Region Loss - Ortho Loss: 0.0000, Cluster Loss: 0.0000
                              
Validation Results: {
    "ci": 0.725,
    "classification_loss": 0.0,
    "cluster_loss": 0.0,
    "mae": 1.1836,
    "mse": 2.2947,
    "multiclassification_loss": 0.0,
    "ortho_loss": 0.0,
    "pearson": 0.638,
    "regression_loss": 2.304,
    "rm2": 0.338,
    "rmse": 1.5148,
    "sd": 1.4414,
    "spearman": 0.6297,
    "spectral_loss": 0.0
}
                              
Test Results: {
    "ci": 0.7097,
    "classification_loss": 0.0,
    "cluster_loss": 0.0,
    "mae": 1.1946,
    "mse": 2.3519,
    "multiclassification_loss": 0.0,
    "ortho_loss": 0.0,
    "pearson": 0.6031,
    "regression_loss": 2.3512,
    "rm2": 0.3526,
    "rmse": 1.5336,
    "sd": 1.4921,
    "spearman": 0.5855,
    "spectral_loss": 0.0
}
                              
                              
----------------------------------------
Epoch 074 with LR 0.000100: Model Results
----------------------------------------
Train MSE Loss: 0.1555, Train CLS Loss: 0.0000, Train MCLS Loss: 0.0000
Protein Cluster Region Loss - Ortho Loss: 0.0000, Cluster Loss: 0.0000
                              
Validation Results: {
    "ci": 0.7302,
    "classification_loss": 0.0,
    "cluster_loss": 0.0,
    "mae": 1.1551,
    "mse": 2.2181,
    "multiclassification_loss": 0.0,
    "ortho_loss": 0.0,
    "pearson": 0.6492,
    "regression_loss": 2.2264,
    "rm2": 0.3399,
    "rmse": 1.4893,
    "sd": 1.4237,
    "spearman": 0.6411,
    "spectral_loss": 0.0
}
                              
Test Results: {
    "ci": 0.7097,
    "classification_loss": 0.0,
    "cluster_loss": 0.0,
    "mae": 1.1946,
    "mse": 2.3519,
    "multiclassification_loss": 0.0,
    "ortho_loss": 0.0,
    "pearson": 0.6031,
    "regression_loss": 2.3512,
    "rm2": 0.3526,
    "rmse": 1.5336,
    "sd": 1.4921,
    "spearman": 0.5855,
    "spectral_loss": 0.0
}
                              
                              
----------------------------------------
Epoch 075 with LR 0.000100: Model Results
----------------------------------------
Train MSE Loss: 0.1522, Train CLS Loss: 0.0000, Train MCLS Loss: 0.0000
Protein Cluster Region Loss - Ortho Loss: 0.0000, Cluster Loss: 0.0000
                              
Validation Results: {
    "ci": 0.7261,
    "classification_loss": 0.0,
    "cluster_loss": 0.0,
    "mae": 1.1701,
    "mse": 2.2766,
    "multiclassification_loss": 0.0,
    "ortho_loss": 0.0,
    "pearson": 0.6352,
    "regression_loss": 2.2847,
    "rm2": 0.3346,
    "rmse": 1.5088,
    "sd": 1.4458,
    "spearman": 0.6309,
    "spectral_loss": 0.0
}
                              
Test Results: {
    "ci": 0.7097,
    "classification_loss": 0.0,
    "cluster_loss": 0.0,
    "mae": 1.1946,
    "mse": 2.3519,
    "multiclassification_loss": 0.0,
    "ortho_loss": 0.0,
    "pearson": 0.6031,
    "regression_loss": 2.3512,
    "rm2": 0.3526,
    "rmse": 1.5336,
    "sd": 1.4921,
    "spearman": 0.5855,
    "spectral_loss": 0.0
}
                              
                              
----------------------------------------
Epoch 076 with LR 0.000100: Model Results
----------------------------------------
Train MSE Loss: 0.1516, Train CLS Loss: 0.0000, Train MCLS Loss: 0.0000
Protein Cluster Region Loss - Ortho Loss: 0.0000, Cluster Loss: 0.0000
                              
Validation Results: {
    "ci": 0.7215,
    "classification_loss": 0.0,
    "cluster_loss": 0.0,
    "mae": 1.1938,
    "mse": 2.3248,
    "multiclassification_loss": 0.0,
    "ortho_loss": 0.0,
    "pearson": 0.6282,
    "regression_loss": 2.3367,
    "rm2": 0.336,
    "rmse": 1.5247,
    "sd": 1.4565,
    "spearman": 0.6208,
    "spectral_loss": 0.0
}
                              
Test Results: {
    "ci": 0.7097,
    "classification_loss": 0.0,
    "cluster_loss": 0.0,
    "mae": 1.1946,
    "mse": 2.3519,
    "multiclassification_loss": 0.0,
    "ortho_loss": 0.0,
    "pearson": 0.6031,
    "regression_loss": 2.3512,
    "rm2": 0.3526,
    "rmse": 1.5336,
    "sd": 1.4921,
    "spearman": 0.5855,
    "spectral_loss": 0.0
}
                              
                              
----------------------------------------
Epoch 077 with LR 0.000100: Model Results
----------------------------------------
Train MSE Loss: 0.1478, Train CLS Loss: 0.0000, Train MCLS Loss: 0.0000
Protein Cluster Region Loss - Ortho Loss: 0.0000, Cluster Loss: 0.0000
                              
Validation Results: {
    "ci": 0.7264,
    "classification_loss": 0.0,
    "cluster_loss": 0.0,
    "mae": 1.1786,
    "mse": 2.3079,
    "multiclassification_loss": 0.0,
    "ortho_loss": 0.0,
    "pearson": 0.638,
    "regression_loss": 2.3167,
    "rm2": 0.3422,
    "rmse": 1.5192,
    "sd": 1.4414,
    "spearman": 0.6333,
    "spectral_loss": 0.0
}
                              
Test Results: {
    "ci": 0.7097,
    "classification_loss": 0.0,
    "cluster_loss": 0.0,
    "mae": 1.1946,
    "mse": 2.3519,
    "multiclassification_loss": 0.0,
    "ortho_loss": 0.0,
    "pearson": 0.6031,
    "regression_loss": 2.3512,
    "rm2": 0.3526,
    "rmse": 1.5336,
    "sd": 1.4921,
    "spearman": 0.5855,
    "spectral_loss": 0.0
}
                              
                              
----------------------------------------
Epoch 078 with LR 0.000100: Model Results
----------------------------------------
Train MSE Loss: 0.1462, Train CLS Loss: 0.0000, Train MCLS Loss: 0.0000
Protein Cluster Region Loss - Ortho Loss: 0.0000, Cluster Loss: 0.0000
                              
Validation Results: {
    "ci": 0.724,
    "classification_loss": 0.0,
    "cluster_loss": 0.0,
    "mae": 1.1852,
    "mse": 2.2879,
    "multiclassification_loss": 0.0,
    "ortho_loss": 0.0,
    "pearson": 0.634,
    "regression_loss": 2.2973,
    "rm2": 0.3451,
    "rmse": 1.5126,
    "sd": 1.4476,
    "spearman": 0.6276,
    "spectral_loss": 0.0
}
                              
Test Results: {
    "ci": 0.7097,
    "classification_loss": 0.0,
    "cluster_loss": 0.0,
    "mae": 1.1946,
    "mse": 2.3519,
    "multiclassification_loss": 0.0,
    "ortho_loss": 0.0,
    "pearson": 0.6031,
    "regression_loss": 2.3512,
    "rm2": 0.3526,
    "rmse": 1.5336,
    "sd": 1.4921,
    "spearman": 0.5855,
    "spectral_loss": 0.0
}
                              
                              
----------------------------------------
Epoch 079 with LR 0.000100: Model Results
----------------------------------------
Train MSE Loss: 0.1450, Train CLS Loss: 0.0000, Train MCLS Loss: 0.0000
Protein Cluster Region Loss - Ortho Loss: 0.0000, Cluster Loss: 0.0000
                              
Validation Results: {
    "ci": 0.7187,
    "classification_loss": 0.0,
    "cluster_loss": 0.0,
    "mae": 1.2004,
    "mse": 2.3365,
    "multiclassification_loss": 0.0,
    "ortho_loss": 0.0,
    "pearson": 0.6223,
    "regression_loss": 2.3446,
    "rm2": 0.3305,
    "rmse": 1.5286,
    "sd": 1.4652,
    "spearman": 0.6164,
    "spectral_loss": 0.0
}
                              
Test Results: {
    "ci": 0.7097,
    "classification_loss": 0.0,
    "cluster_loss": 0.0,
    "mae": 1.1946,
    "mse": 2.3519,
    "multiclassification_loss": 0.0,
    "ortho_loss": 0.0,
    "pearson": 0.6031,
    "regression_loss": 2.3512,
    "rm2": 0.3526,
    "rmse": 1.5336,
    "sd": 1.4921,
    "spearman": 0.5855,
    "spectral_loss": 0.0
}
                              
                              
----------------------------------------
Epoch 080 with LR 0.000100: Model Results
----------------------------------------
Train MSE Loss: 0.1442, Train CLS Loss: 0.0000, Train MCLS Loss: 0.0000
Protein Cluster Region Loss - Ortho Loss: 0.0000, Cluster Loss: 0.0000
                              
Validation Results: {
    "ci": 0.7227,
    "classification_loss": 0.0,
    "cluster_loss": 0.0,
    "mae": 1.195,
    "mse": 2.3254,
    "multiclassification_loss": 0.0,
    "ortho_loss": 0.0,
    "pearson": 0.633,
    "regression_loss": 2.3355,
    "rm2": 0.3404,
    "rmse": 1.5249,
    "sd": 1.4491,
    "spearman": 0.6239,
    "spectral_loss": 0.0
}
                              
Test Results: {
    "ci": 0.7097,
    "classification_loss": 0.0,
    "cluster_loss": 0.0,
    "mae": 1.1946,
    "mse": 2.3519,
    "multiclassification_loss": 0.0,
    "ortho_loss": 0.0,
    "pearson": 0.6031,
    "regression_loss": 2.3512,
    "rm2": 0.3526,
    "rmse": 1.5336,
    "sd": 1.4921,
    "spearman": 0.5855,
    "spectral_loss": 0.0
}
                              
                              
----------------------------------------
Epoch 081 with LR 0.000100: Model Results
----------------------------------------
Train MSE Loss: 0.1435, Train CLS Loss: 0.0000, Train MCLS Loss: 0.0000
Protein Cluster Region Loss - Ortho Loss: 0.0000, Cluster Loss: 0.0000
                              
Validation Results: {
    "ci": 0.7204,
    "classification_loss": 0.0,
    "cluster_loss": 0.0,
    "mae": 1.2038,
    "mse": 2.3684,
    "multiclassification_loss": 0.0,
    "ortho_loss": 0.0,
    "pearson": 0.628,
    "regression_loss": 2.3807,
    "rm2": 0.3247,
    "rmse": 1.5389,
    "sd": 1.4567,
    "spearman": 0.6194,
    "spectral_loss": 0.0
}
                              
Test Results: {
    "ci": 0.7097,
    "classification_loss": 0.0,
    "cluster_loss": 0.0,
    "mae": 1.1946,
    "mse": 2.3519,
    "multiclassification_loss": 0.0,
    "ortho_loss": 0.0,
    "pearson": 0.6031,
    "regression_loss": 2.3512,
    "rm2": 0.3526,
    "rmse": 1.5336,
    "sd": 1.4921,
    "spearman": 0.5855,
    "spectral_loss": 0.0
}
                              
                              
----------------------------------------
Epoch 082 with LR 0.000100: Model Results
----------------------------------------
Train MSE Loss: 0.1361, Train CLS Loss: 0.0000, Train MCLS Loss: 0.0000
Protein Cluster Region Loss - Ortho Loss: 0.0000, Cluster Loss: 0.0000
                              
Validation Results: {
    "ci": 0.7257,
    "classification_loss": 0.0,
    "cluster_loss": 0.0,
    "mae": 1.1789,
    "mse": 2.2561,
    "multiclassification_loss": 0.0,
    "ortho_loss": 0.0,
    "pearson": 0.6403,
    "regression_loss": 2.2647,
    "rm2": 0.3501,
    "rmse": 1.502,
    "sd": 1.4379,
    "spearman": 0.6321,
    "spectral_loss": 0.0
}
                              
Test Results: {
    "ci": 0.7097,
    "classification_loss": 0.0,
    "cluster_loss": 0.0,
    "mae": 1.1946,
    "mse": 2.3519,
    "multiclassification_loss": 0.0,
    "ortho_loss": 0.0,
    "pearson": 0.6031,
    "regression_loss": 2.3512,
    "rm2": 0.3526,
    "rmse": 1.5336,
    "sd": 1.4921,
    "spearman": 0.5855,
    "spectral_loss": 0.0
}
                              
                              
----------------------------------------
Epoch 083 with LR 0.000100: Model Results
----------------------------------------
Train MSE Loss: 0.1323, Train CLS Loss: 0.0000, Train MCLS Loss: 0.0000
Protein Cluster Region Loss - Ortho Loss: 0.0000, Cluster Loss: 0.0000
                              
Validation Results: {
    "ci": 0.7238,
    "classification_loss": 0.0,
    "cluster_loss": 0.0,
    "mae": 1.1823,
    "mse": 2.2896,
    "multiclassification_loss": 0.0,
    "ortho_loss": 0.0,
    "pearson": 0.6315,
    "regression_loss": 2.2998,
    "rm2": 0.339,
    "rmse": 1.5132,
    "sd": 1.4514,
    "spearman": 0.6277,
    "spectral_loss": 0.0
}
                              
Test Results: {
    "ci": 0.7097,
    "classification_loss": 0.0,
    "cluster_loss": 0.0,
    "mae": 1.1946,
    "mse": 2.3519,
    "multiclassification_loss": 0.0,
    "ortho_loss": 0.0,
    "pearson": 0.6031,
    "regression_loss": 2.3512,
    "rm2": 0.3526,
    "rmse": 1.5336,
    "sd": 1.4921,
    "spearman": 0.5855,
    "spectral_loss": 0.0
}
                              
                              
----------------------------------------
Epoch 084 with LR 0.000100: Model Results
----------------------------------------
Train MSE Loss: 0.1361, Train CLS Loss: 0.0000, Train MCLS Loss: 0.0000
Protein Cluster Region Loss - Ortho Loss: 0.0000, Cluster Loss: 0.0000
                              
Validation Results: {
    "ci": 0.7215,
    "classification_loss": 0.0,
    "cluster_loss": 0.0,
    "mae": 1.1862,
    "mse": 2.326,
    "multiclassification_loss": 0.0,
    "ortho_loss": 0.0,
    "pearson": 0.6275,
    "regression_loss": 2.3334,
    "rm2": 0.3276,
    "rmse": 1.5251,
    "sd": 1.4574,
    "spearman": 0.6222,
    "spectral_loss": 0.0
}
                              
Test Results: {
    "ci": 0.7097,
    "classification_loss": 0.0,
    "cluster_loss": 0.0,
    "mae": 1.1946,
    "mse": 2.3519,
    "multiclassification_loss": 0.0,
    "ortho_loss": 0.0,
    "pearson": 0.6031,
    "regression_loss": 2.3512,
    "rm2": 0.3526,
    "rmse": 1.5336,
    "sd": 1.4921,
    "spearman": 0.5855,
    "spectral_loss": 0.0
}
                              
                              
----------------------------------------
Epoch 085 with LR 0.000100: Model Results
----------------------------------------
Train MSE Loss: 0.1317, Train CLS Loss: 0.0000, Train MCLS Loss: 0.0000
Protein Cluster Region Loss - Ortho Loss: 0.0000, Cluster Loss: 0.0000
                              
Validation Results: {
    "ci": 0.722,
    "classification_loss": 0.0,
    "cluster_loss": 0.0,
    "mae": 1.184,
    "mse": 2.3116,
    "multiclassification_loss": 0.0,
    "ortho_loss": 0.0,
    "pearson": 0.6293,
    "regression_loss": 2.3228,
    "rm2": 0.3228,
    "rmse": 1.5204,
    "sd": 1.4548,
    "spearman": 0.6228,
    "spectral_loss": 0.0
}
                              
Test Results: {
    "ci": 0.7097,
    "classification_loss": 0.0,
    "cluster_loss": 0.0,
    "mae": 1.1946,
    "mse": 2.3519,
    "multiclassification_loss": 0.0,
    "ortho_loss": 0.0,
    "pearson": 0.6031,
    "regression_loss": 2.3512,
    "rm2": 0.3526,
    "rmse": 1.5336,
    "sd": 1.4921,
    "spearman": 0.5855,
    "spectral_loss": 0.0
}
                              
                              
----------------------------------------
Epoch 086 with LR 0.000100: Model Results
----------------------------------------
Train MSE Loss: 0.1305, Train CLS Loss: 0.0000, Train MCLS Loss: 0.0000
Protein Cluster Region Loss - Ortho Loss: 0.0000, Cluster Loss: 0.0000
                              
Validation Results: {
    "ci": 0.7217,
    "classification_loss": 0.0,
    "cluster_loss": 0.0,
    "mae": 1.189,
    "mse": 2.3343,
    "multiclassification_loss": 0.0,
    "ortho_loss": 0.0,
    "pearson": 0.6274,
    "regression_loss": 2.3442,
    "rm2": 0.334,
    "rmse": 1.5278,
    "sd": 1.4575,
    "spearman": 0.6221,
    "spectral_loss": 0.0
}
                              
Test Results: {
    "ci": 0.7097,
    "classification_loss": 0.0,
    "cluster_loss": 0.0,
    "mae": 1.1946,
    "mse": 2.3519,
    "multiclassification_loss": 0.0,
    "ortho_loss": 0.0,
    "pearson": 0.6031,
    "regression_loss": 2.3512,
    "rm2": 0.3526,
    "rmse": 1.5336,
    "sd": 1.4921,
    "spearman": 0.5855,
    "spectral_loss": 0.0
}
                              
                              
----------------------------------------
Epoch 087 with LR 0.000100: Model Results
----------------------------------------
Train MSE Loss: 0.1320, Train CLS Loss: 0.0000, Train MCLS Loss: 0.0000
Protein Cluster Region Loss - Ortho Loss: 0.0000, Cluster Loss: 0.0000
                              
Validation Results: {
    "ci": 0.7209,
    "classification_loss": 0.0,
    "cluster_loss": 0.0,
    "mae": 1.1876,
    "mse": 2.3085,
    "multiclassification_loss": 0.0,
    "ortho_loss": 0.0,
    "pearson": 0.6268,
    "regression_loss": 2.3185,
    "rm2": 0.3305,
    "rmse": 1.5194,
    "sd": 1.4585,
    "spearman": 0.6214,
    "spectral_loss": 0.0
}
                              
Test Results: {
    "ci": 0.7097,
    "classification_loss": 0.0,
    "cluster_loss": 0.0,
    "mae": 1.1946,
    "mse": 2.3519,
    "multiclassification_loss": 0.0,
    "ortho_loss": 0.0,
    "pearson": 0.6031,
    "regression_loss": 2.3512,
    "rm2": 0.3526,
    "rmse": 1.5336,
    "sd": 1.4921,
    "spearman": 0.5855,
    "spectral_loss": 0.0
}
                              
                              
----------------------------------------
Epoch 088 with LR 0.000100: Model Results
----------------------------------------
Train MSE Loss: 0.1265, Train CLS Loss: 0.0000, Train MCLS Loss: 0.0000
Protein Cluster Region Loss - Ortho Loss: 0.0000, Cluster Loss: 0.0000
                              
Validation Results: {
    "ci": 0.7203,
    "classification_loss": 0.0,
    "cluster_loss": 0.0,
    "mae": 1.1835,
    "mse": 2.3088,
    "multiclassification_loss": 0.0,
    "ortho_loss": 0.0,
    "pearson": 0.6264,
    "regression_loss": 2.3165,
    "rm2": 0.3306,
    "rmse": 1.5195,
    "sd": 1.4591,
    "spearman": 0.6183,
    "spectral_loss": 0.0
}
                              
Test Results: {
    "ci": 0.7097,
    "classification_loss": 0.0,
    "cluster_loss": 0.0,
    "mae": 1.1946,
    "mse": 2.3519,
    "multiclassification_loss": 0.0,
    "ortho_loss": 0.0,
    "pearson": 0.6031,
    "regression_loss": 2.3512,
    "rm2": 0.3526,
    "rmse": 1.5336,
    "sd": 1.4921,
    "spearman": 0.5855,
    "spectral_loss": 0.0
}
                              
                              
----------------------------------------
Epoch 089 with LR 0.000100: Model Results
----------------------------------------
Train MSE Loss: 0.1328, Train CLS Loss: 0.0000, Train MCLS Loss: 0.0000
Protein Cluster Region Loss - Ortho Loss: 0.0000, Cluster Loss: 0.0000
                              
Validation Results: {
    "ci": 0.7216,
    "classification_loss": 0.0,
    "cluster_loss": 0.0,
    "mae": 1.1875,
    "mse": 2.3033,
    "multiclassification_loss": 0.0,
    "ortho_loss": 0.0,
    "pearson": 0.6328,
    "regression_loss": 2.312,
    "rm2": 0.3444,
    "rmse": 1.5177,
    "sd": 1.4495,
    "spearman": 0.6212,
    "spectral_loss": 0.0
}
                              
Test Results: {
    "ci": 0.7097,
    "classification_loss": 0.0,
    "cluster_loss": 0.0,
    "mae": 1.1946,
    "mse": 2.3519,
    "multiclassification_loss": 0.0,
    "ortho_loss": 0.0,
    "pearson": 0.6031,
    "regression_loss": 2.3512,
    "rm2": 0.3526,
    "rmse": 1.5336,
    "sd": 1.4921,
    "spearman": 0.5855,
    "spectral_loss": 0.0
}
                              
                              
----------------------------------------
Epoch 090 with LR 0.000100: Model Results
----------------------------------------
Train MSE Loss: 0.1276, Train CLS Loss: 0.0000, Train MCLS Loss: 0.0000
Protein Cluster Region Loss - Ortho Loss: 0.0000, Cluster Loss: 0.0000
                              
Validation Results: {
    "ci": 0.7259,
    "classification_loss": 0.0,
    "cluster_loss": 0.0,
    "mae": 1.1672,
    "mse": 2.2392,
    "multiclassification_loss": 0.0,
    "ortho_loss": 0.0,
    "pearson": 0.6421,
    "regression_loss": 2.2467,
    "rm2": 0.3381,
    "rmse": 1.4964,
    "sd": 1.4351,
    "spearman": 0.6333,
    "spectral_loss": 0.0
}
                              
Test Results: {
    "ci": 0.7097,
    "classification_loss": 0.0,
    "cluster_loss": 0.0,
    "mae": 1.1946,
    "mse": 2.3519,
    "multiclassification_loss": 0.0,
    "ortho_loss": 0.0,
    "pearson": 0.6031,
    "regression_loss": 2.3512,
    "rm2": 0.3526,
    "rmse": 1.5336,
    "sd": 1.4921,
    "spearman": 0.5855,
    "spectral_loss": 0.0
}
                              
                              
----------------------------------------
Epoch 091 with LR 0.000100: Model Results
----------------------------------------
Train MSE Loss: 0.1176, Train CLS Loss: 0.0000, Train MCLS Loss: 0.0000
Protein Cluster Region Loss - Ortho Loss: 0.0000, Cluster Loss: 0.0000
                              
Validation Results: {
    "ci": 0.7229,
    "classification_loss": 0.0,
    "cluster_loss": 0.0,
    "mae": 1.1933,
    "mse": 2.3312,
    "multiclassification_loss": 0.0,
    "ortho_loss": 0.0,
    "pearson": 0.6357,
    "regression_loss": 2.3424,
    "rm2": 0.3358,
    "rmse": 1.5268,
    "sd": 1.4449,
    "spearman": 0.6249,
    "spectral_loss": 0.0
}
                              
Test Results: {
    "ci": 0.7097,
    "classification_loss": 0.0,
    "cluster_loss": 0.0,
    "mae": 1.1946,
    "mse": 2.3519,
    "multiclassification_loss": 0.0,
    "ortho_loss": 0.0,
    "pearson": 0.6031,
    "regression_loss": 2.3512,
    "rm2": 0.3526,
    "rmse": 1.5336,
    "sd": 1.4921,
    "spearman": 0.5855,
    "spectral_loss": 0.0
}
                              
                              
----------------------------------------
Epoch 092 with LR 0.000100: Model Results
----------------------------------------
Train MSE Loss: 0.1209, Train CLS Loss: 0.0000, Train MCLS Loss: 0.0000
Protein Cluster Region Loss - Ortho Loss: 0.0000, Cluster Loss: 0.0000
                              
Validation Results: {
    "ci": 0.7249,
    "classification_loss": 0.0,
    "cluster_loss": 0.0,
    "mae": 1.1719,
    "mse": 2.2498,
    "multiclassification_loss": 0.0,
    "ortho_loss": 0.0,
    "pearson": 0.6348,
    "regression_loss": 2.2596,
    "rm2": 0.3423,
    "rmse": 1.4999,
    "sd": 1.4464,
    "spearman": 0.6305,
    "spectral_loss": 0.0
}
                              
Test Results: {
    "ci": 0.7097,
    "classification_loss": 0.0,
    "cluster_loss": 0.0,
    "mae": 1.1946,
    "mse": 2.3519,
    "multiclassification_loss": 0.0,
    "ortho_loss": 0.0,
    "pearson": 0.6031,
    "regression_loss": 2.3512,
    "rm2": 0.3526,
    "rmse": 1.5336,
    "sd": 1.4921,
    "spearman": 0.5855,
    "spectral_loss": 0.0
}
                              
                              
----------------------------------------
Epoch 093 with LR 0.000100: Model Results
----------------------------------------
Train MSE Loss: 0.1184, Train CLS Loss: 0.0000, Train MCLS Loss: 0.0000
Protein Cluster Region Loss - Ortho Loss: 0.0000, Cluster Loss: 0.0000
                              
Validation Results: {
    "ci": 0.7239,
    "classification_loss": 0.0,
    "cluster_loss": 0.0,
    "mae": 1.1968,
    "mse": 2.3356,
    "multiclassification_loss": 0.0,
    "ortho_loss": 0.0,
    "pearson": 0.6344,
    "regression_loss": 2.346,
    "rm2": 0.3336,
    "rmse": 1.5283,
    "sd": 1.447,
    "spearman": 0.6276,
    "spectral_loss": 0.0
}
                              
Test Results: {
    "ci": 0.7097,
    "classification_loss": 0.0,
    "cluster_loss": 0.0,
    "mae": 1.1946,
    "mse": 2.3519,
    "multiclassification_loss": 0.0,
    "ortho_loss": 0.0,
    "pearson": 0.6031,
    "regression_loss": 2.3512,
    "rm2": 0.3526,
    "rmse": 1.5336,
    "sd": 1.4921,
    "spearman": 0.5855,
    "spectral_loss": 0.0
}
                              
                              
----------------------------------------
Epoch 094 with LR 0.000100: Model Results
----------------------------------------
Train MSE Loss: 0.1159, Train CLS Loss: 0.0000, Train MCLS Loss: 0.0000
Protein Cluster Region Loss - Ortho Loss: 0.0000, Cluster Loss: 0.0000
                              
Validation Results: {
    "ci": 0.7245,
    "classification_loss": 0.0,
    "cluster_loss": 0.0,
    "mae": 1.1831,
    "mse": 2.3,
    "multiclassification_loss": 0.0,
    "ortho_loss": 0.0,
    "pearson": 0.6335,
    "regression_loss": 2.3091,
    "rm2": 0.3358,
    "rmse": 1.5166,
    "sd": 1.4483,
    "spearman": 0.6288,
    "spectral_loss": 0.0
}
                              
Test Results: {
    "ci": 0.7097,
    "classification_loss": 0.0,
    "cluster_loss": 0.0,
    "mae": 1.1946,
    "mse": 2.3519,
    "multiclassification_loss": 0.0,
    "ortho_loss": 0.0,
    "pearson": 0.6031,
    "regression_loss": 2.3512,
    "rm2": 0.3526,
    "rmse": 1.5336,
    "sd": 1.4921,
    "spearman": 0.5855,
    "spectral_loss": 0.0
}
                              
                              
----------------------------------------
Epoch 095 with LR 0.000100: Model Results
----------------------------------------
Train MSE Loss: 0.1165, Train CLS Loss: 0.0000, Train MCLS Loss: 0.0000
Protein Cluster Region Loss - Ortho Loss: 0.0000, Cluster Loss: 0.0000
                              
Validation Results: {
    "ci": 0.7251,
    "classification_loss": 0.0,
    "cluster_loss": 0.0,
    "mae": 1.1848,
    "mse": 2.2945,
    "multiclassification_loss": 0.0,
    "ortho_loss": 0.0,
    "pearson": 0.6424,
    "regression_loss": 2.3018,
    "rm2": 0.3394,
    "rmse": 1.5148,
    "sd": 1.4345,
    "spearman": 0.6307,
    "spectral_loss": 0.0
}
                              
Test Results: {
    "ci": 0.7097,
    "classification_loss": 0.0,
    "cluster_loss": 0.0,
    "mae": 1.1946,
    "mse": 2.3519,
    "multiclassification_loss": 0.0,
    "ortho_loss": 0.0,
    "pearson": 0.6031,
    "regression_loss": 2.3512,
    "rm2": 0.3526,
    "rmse": 1.5336,
    "sd": 1.4921,
    "spearman": 0.5855,
    "spectral_loss": 0.0
}
                              
                              
----------------------------------------
Epoch 096 with LR 0.000100: Model Results
----------------------------------------
Train MSE Loss: 0.1163, Train CLS Loss: 0.0000, Train MCLS Loss: 0.0000
Protein Cluster Region Loss - Ortho Loss: 0.0000, Cluster Loss: 0.0000
                              
Validation Results: {
    "ci": 0.7237,
    "classification_loss": 0.0,
    "cluster_loss": 0.0,
    "mae": 1.1827,
    "mse": 2.3099,
    "multiclassification_loss": 0.0,
    "ortho_loss": 0.0,
    "pearson": 0.6303,
    "regression_loss": 2.3179,
    "rm2": 0.3321,
    "rmse": 1.5198,
    "sd": 1.4532,
    "spearman": 0.6277,
    "spectral_loss": 0.0
}
                              
Test Results: {
    "ci": 0.7097,
    "classification_loss": 0.0,
    "cluster_loss": 0.0,
    "mae": 1.1946,
    "mse": 2.3519,
    "multiclassification_loss": 0.0,
    "ortho_loss": 0.0,
    "pearson": 0.6031,
    "regression_loss": 2.3512,
    "rm2": 0.3526,
    "rmse": 1.5336,
    "sd": 1.4921,
    "spearman": 0.5855,
    "spectral_loss": 0.0
}
                              
                              
----------------------------------------
Epoch 097 with LR 0.000100: Model Results
----------------------------------------
Train MSE Loss: 0.1164, Train CLS Loss: 0.0000, Train MCLS Loss: 0.0000
Protein Cluster Region Loss - Ortho Loss: 0.0000, Cluster Loss: 0.0000
                              
Validation Results: {
    "ci": 0.7253,
    "classification_loss": 0.0,
    "cluster_loss": 0.0,
    "mae": 1.182,
    "mse": 2.2978,
    "multiclassification_loss": 0.0,
    "ortho_loss": 0.0,
    "pearson": 0.6363,
    "regression_loss": 2.3073,
    "rm2": 0.3408,
    "rmse": 1.5159,
    "sd": 1.444,
    "spearman": 0.6308,
    "spectral_loss": 0.0
}
                              
Test Results: {
    "ci": 0.7097,
    "classification_loss": 0.0,
    "cluster_loss": 0.0,
    "mae": 1.1946,
    "mse": 2.3519,
    "multiclassification_loss": 0.0,
    "ortho_loss": 0.0,
    "pearson": 0.6031,
    "regression_loss": 2.3512,
    "rm2": 0.3526,
    "rmse": 1.5336,
    "sd": 1.4921,
    "spearman": 0.5855,
    "spectral_loss": 0.0
}
                              
                              
----------------------------------------
Epoch 098 with LR 0.000100: Model Results
----------------------------------------
Train MSE Loss: 0.1142, Train CLS Loss: 0.0000, Train MCLS Loss: 0.0000
Protein Cluster Region Loss - Ortho Loss: 0.0000, Cluster Loss: 0.0000
                              
Validation Results: {
    "ci": 0.7266,
    "classification_loss": 0.0,
    "cluster_loss": 0.0,
    "mae": 1.1769,
    "mse": 2.2743,
    "multiclassification_loss": 0.0,
    "ortho_loss": 0.0,
    "pearson": 0.6392,
    "regression_loss": 2.2829,
    "rm2": 0.3443,
    "rmse": 1.5081,
    "sd": 1.4395,
    "spearman": 0.6359,
    "spectral_loss": 0.0
}
                              
Test Results: {
    "ci": 0.7097,
    "classification_loss": 0.0,
    "cluster_loss": 0.0,
    "mae": 1.1946,
    "mse": 2.3519,
    "multiclassification_loss": 0.0,
    "ortho_loss": 0.0,
    "pearson": 0.6031,
    "regression_loss": 2.3512,
    "rm2": 0.3526,
    "rmse": 1.5336,
    "sd": 1.4921,
    "spearman": 0.5855,
    "spectral_loss": 0.0
}
                              
                              
----------------------------------------
Epoch 099 with LR 0.000100: Model Results
----------------------------------------
Train MSE Loss: 0.1146, Train CLS Loss: 0.0000, Train MCLS Loss: 0.0000
Protein Cluster Region Loss - Ortho Loss: 0.0000, Cluster Loss: 0.0000
                              
Validation Results: {
    "ci": 0.7234,
    "classification_loss": 0.0,
    "cluster_loss": 0.0,
    "mae": 1.1827,
    "mse": 2.315,
    "multiclassification_loss": 0.0,
    "ortho_loss": 0.0,
    "pearson": 0.6304,
    "regression_loss": 2.3224,
    "rm2": 0.3252,
    "rmse": 1.5215,
    "sd": 1.453,
    "spearman": 0.6275,
    "spectral_loss": 0.0
}
                              
Test Results: {
    "ci": 0.7097,
    "classification_loss": 0.0,
    "cluster_loss": 0.0,
    "mae": 1.1946,
    "mse": 2.3519,
    "multiclassification_loss": 0.0,
    "ortho_loss": 0.0,
    "pearson": 0.6031,
    "regression_loss": 2.3512,
    "rm2": 0.3526,
    "rmse": 1.5336,
    "sd": 1.4921,
    "spearman": 0.5855,
    "spectral_loss": 0.0
}
                              
                              
----------------------------------------
Epoch 100 with LR 0.000100: Model Results
----------------------------------------
Train MSE Loss: 0.1073, Train CLS Loss: 0.0000, Train MCLS Loss: 0.0000
Protein Cluster Region Loss - Ortho Loss: 0.0000, Cluster Loss: 0.0000
                              
Validation Results: {
    "ci": 0.7236,
    "classification_loss": 0.0,
    "cluster_loss": 0.0,
    "mae": 1.1912,
    "mse": 2.3359,
    "multiclassification_loss": 0.0,
    "ortho_loss": 0.0,
    "pearson": 0.6309,
    "regression_loss": 2.3482,
    "rm2": 0.3266,
    "rmse": 1.5284,
    "sd": 1.4523,
    "spearman": 0.6266,
    "spectral_loss": 0.0
}
                              
Test Results: {
    "ci": 0.7097,
    "classification_loss": 0.0,
    "cluster_loss": 0.0,
    "mae": 1.1946,
    "mse": 2.3519,
    "multiclassification_loss": 0.0,
    "ortho_loss": 0.0,
    "pearson": 0.6031,
    "regression_loss": 2.3512,
    "rm2": 0.3526,
    "rmse": 1.5336,
    "sd": 1.4921,
    "spearman": 0.5855,
    "spectral_loss": 0.0
}
[best epoch] epoch=3, best_rmse=1.4596, lr_at_best=1.000e-04
                              
                              
----------------------------------------
Epoch 100 with LR 0.000100: Model Results
----------------------------------------
Train MSE Loss: 0.1073, Train CLS Loss: 0.0000, Train MCLS Loss: 0.0000
Protein Cluster Region Loss - Ortho Loss: 0.0000, Cluster Loss: 0.0000
                              
Validation Results: {
    "ci": 0.7236,
    "classification_loss": 0.0,
    "cluster_loss": 0.0,
    "mae": 1.1912,
    "mse": 2.3359,
    "multiclassification_loss": 0.0,
    "ortho_loss": 0.0,
    "pearson": 0.6309,
    "regression_loss": 2.3482,
    "rm2": 0.3266,
    "rmse": 1.5284,
    "sd": 1.4523,
    "spearman": 0.6266,
    "spectral_loss": 0.0
}
                              
Test Results: {
    "ci": 0.7097,
    "classification_loss": 0.0,
    "cluster_loss": 0.0,
    "mae": 1.1946,
    "mse": 2.3519,
    "multiclassification_loss": 0.0,
    "ortho_loss": 0.0,
    "pearson": 0.6031,
    "regression_loss": 2.3512,
    "rm2": 0.3526,
    "rmse": 1.5336,
    "sd": 1.4921,
    "spearman": 0.5855,
    "spectral_loss": 0.0
}
Final test metrics: rmse=1.5336, pearson=0.6031, r2_proxy(mse)=2.3519
Done. Predictions: /sc/arion/projects/DiseaseGeneCell/Huang_lab_project/wangcDrugRepoProject/TRACE_Kin_Results_v3/catpred_dataset/catpred_ki_ProteinCLIP_embedding_cold_protein/test_prediction_seed1.csv; checkpoint: /sc/arion/projects/DiseaseGeneCell/Huang_lab_project/wangcDrugRepoProject/TRACE_Kin_Results_v3/catpred_dataset/catpred_ki_ProteinCLIP_embedding_cold_protein/save_model_seed1/model.pt

==========================================
Array task 12/14: OK (catpred_ki_ProteinCLIP_embedding_cold_protein)
==========================================


PS:

Read file <242602773.12.stderr> for stderr output of this job.

