Sender: LSF System <lsfadmin@lg05e11>
Subject: Job 242614935[10]: <trace_kin_v3_s1[1-14]> in cluster <chimera> Done

Job <trace_kin_v3_s1[1-14]> was submitted from host <li04e01> by user <wangc40> in cluster <chimera> at Fri May  8 16:46:47 2026
Job was executed on host(s) <16*lg05e11>, in queue <gpu>, as user <wangc40> in cluster <chimera> at Fri May  8 16:46:53 2026
</hpc/users/wangc40> was used as the home directory.
</sc/arion/projects/DiseaseGeneCell/Huang_lab_project/wangcDrugRepoProject/TRACE-Kin> was used as the working directory.
Started at Fri May  8 16:46:53 2026
Terminated at Fri May  8 19:45:30 2026
Results reported at Fri May  8 19:45:30 2026

Your job looked like:

------------------------------------------------------------
# LSBATCH: User input
#!/bin/bash
#BSUB -J trace_kin_v3_s1[1-14]
#BSUB -P acc_DiseaseGeneCell
#BSUB -q gpu
#BSUB -R h100nvl
#BSUB -gpu num=1
#BSUB -n 16
#BSUB -R "rusage[mem=8000]"
#BSUB -R "span[hosts=1]"
#BSUB -W 48:00
#BSUB -o %J.%I.stdout
#BSUB -eo %J.%I.stderr
#BSUB -L /bin/bash

# =============================================================================
# TRACE-Kin v3 rerun — LSF job array
# =============================================================================
# Submit with:
#     bsub < training/run_v3_array.lsf
#
# Or chain off the smoke test (recommended):
#     bsub -w "done(<SMOKE_JOB_ID>)" < training/run_v3_array.lsf
#
# For the multi-seed ensemble (the paper config), submit additional seeds in
# parallel after the SEED=1 array completes (or alongside, as separate jobs):
#     SEED=2 bsub -J "trace_kin_v3_s2[1-14]" < training/run_v3_array.lsf
#     SEED=3 bsub -J "trace_kin_v3_s3[1-14]" < training/run_v3_array.lsf
# After all seeds finish, analysis/aggregate_results.py averages predictions
# across seeds before computing RMSE.
#
# LSF expands #BSUB -J trace_kin_v3[1-14] into 14 array tasks, each with a
# distinct ${LSB_JOBINDEX} in 1..14. The body looks up the per-index
# (dataset_source, dataset_name, pool_paths) tuple from the inline table below
# and invokes train_trace_kin.py with model_version=v3.
#
# The 14 tasks correspond to:
#   * 12 RF-gap targets (catalytic kinetics where v1 trails RF by 1.4%–8.7%)
#   * 2 Ki preservation guards (where v1 already wins, must not regress)
# =============================================================================

# --- Environment -------------------------------------------------------------
# Match the prologue of the proven-working PSICHIC LSFs verbatim — no
# `set -euo pipefail`. Mount Sinai's /etc/profile.d scripts return non-zero
# in places that aren't real errors, and errexit aborts the job before
# module + conda activation can complete.
ml purge
source ~/.bashrc
module load anaconda3/2024.06
source activate test
module load cuda/12.4.0

(... more ...)
------------------------------------------------------------

Successfully completed.

Resource usage summary:

    CPU time :                                   12048.00 sec.
    Max Memory :                                 51596 MB
    Average Memory :                             49952.03 MB
    Total Requested Memory :                     128000.00 MB
    Delta Memory :                               76404.00 MB
    Max Swap :                                   -
    Max Processes :                              4
    Max Threads :                                20
    Run time :                                   10717 sec.
    Turnaround time :                            10723 sec.

The output (if any) follows:

==========================================
TRACE-Kin v3 array task 10/14
==========================================
Date:        Fri May  8 16:46:56 EDT 2026
Dataset:     /sc/arion/projects/DiseaseGeneCell/Huang_lab_project/drug_discovery/output/data/enzyme_embeddings_dataset/EITLEM_dataset/EITLEM_kkm_MUTAPLM_embedding_cold_drug
Result:      /sc/arion/projects/DiseaseGeneCell/Huang_lab_project/wangcDrugRepoProject/TRACE_Kin_Results_v3/EITLEM_dataset/EITLEM_kkm_MUTAPLM_embedding_cold_drug
Config:      training/config_v3.json
Pool CSVs:   (none)
Model:       v3 (dual-head + learned gate)
Epochs:      100, batch=16, seed=1, lr=1e-4
==========================================
Python 3.12.2
Python: /sc/arion/work/wangc40/test-env/envs/test/bin/python
CUDA device: NVIDIA H100 80GB HBM3, sm_90
============================================================
TRACE-Kin training
============================================================
Datafolder:        /sc/arion/projects/DiseaseGeneCell/Huang_lab_project/drug_discovery/output/data/enzyme_embeddings_dataset/EITLEM_dataset/EITLEM_kkm_MUTAPLM_embedding_cold_drug
Result path:       /sc/arion/projects/DiseaseGeneCell/Huang_lab_project/wangcDrugRepoProject/TRACE_Kin_Results_v3/EITLEM_dataset/EITLEM_kkm_MUTAPLM_embedding_cold_drug
Config:            training/config_v3.json
Pool train CSVs:   (none)
============================================================
Loading primary train: /sc/arion/projects/DiseaseGeneCell/Huang_lab_project/drug_discovery/output/data/enzyme_embeddings_dataset/EITLEM_dataset/EITLEM_kkm_MUTAPLM_embedding_cold_drug/train.parquet
Loading primary test: /sc/arion/projects/DiseaseGeneCell/Huang_lab_project/drug_discovery/output/data/enzyme_embeddings_dataset/EITLEM_dataset/EITLEM_kkm_MUTAPLM_embedding_cold_drug/test.parquet
Loading primary val: /sc/arion/projects/DiseaseGeneCell/Huang_lab_project/drug_discovery/output/data/enzyme_embeddings_dataset/EITLEM_dataset/EITLEM_kkm_MUTAPLM_embedding_cold_drug/val.parquet
Detected prot_evo_channels = 4096
seq2feat: 6607 unique sequences.
model_version: v3, use_swa: False
Building protein graphs from scratch (this can be slow)...
U, B, O, or 0 in Sequence
U, B, O, or 0 in Sequence
U, B, O, or 0 in Sequence
U, B, O, or 0 in Sequence
U, B, O, or 0 in Sequence
U, B, O, or 0 in Sequence
Building ligand graphs from scratch...
loaders ready: train=610 test=156 val=93
Computing PNA degrees from training data...
Built TraceKinV3 with 10,724,891 parameters
[LR schedule] schedule_lr=False, lrate=0.0001, min_lrate=0, warmup_iters=0, lr_decay_iters=61000, total_iters=61000
Not in terminal, reprint now using normal build-in print function.
                              
                              
----------------------------------------
Epoch 001 with LR 0.000100: Model Results
----------------------------------------
Train MSE Loss: 2.8409, Train CLS Loss: 0.0000, Train MCLS Loss: 0.0000
Protein Cluster Region Loss - Ortho Loss: 0.0000, Cluster Loss: 0.0000
                              
Validation Results: {
    "ci": 0.6483,
    "classification_loss": 0.0,
    "cluster_loss": 0.0,
    "mae": 1.2816,
    "mse": 2.7001,
    "multiclassification_loss": 0.0,
    "ortho_loss": 0.0,
    "pearson": 0.4318,
    "regression_loss": 2.7127,
    "rm2": 0.1785,
    "rmse": 1.6432,
    "sd": 1.638,
    "spearman": 0.4364,
    "spectral_loss": 0.0
}
                              
Test Results: {
    "ci": 0.6232,
    "classification_loss": 0.0,
    "cluster_loss": 0.0,
    "mae": 1.2558,
    "mse": 2.5321,
    "multiclassification_loss": 0.0,
    "ortho_loss": 0.0,
    "pearson": 0.3666,
    "regression_loss": 2.5274,
    "rm2": 0.1241,
    "rmse": 1.5912,
    "sd": 1.5696,
    "spearman": 0.3586,
    "spectral_loss": 0.0
}
                              
                              
----------------------------------------
Epoch 002 with LR 0.000100: Model Results
----------------------------------------
Train MSE Loss: 2.1533, Train CLS Loss: 0.0000, Train MCLS Loss: 0.0000
Protein Cluster Region Loss - Ortho Loss: 0.0000, Cluster Loss: 0.0000
                              
Validation Results: {
    "ci": 0.6594,
    "classification_loss": 0.0,
    "cluster_loss": 0.0,
    "mae": 1.2474,
    "mse": 2.5529,
    "multiclassification_loss": 0.0,
    "ortho_loss": 0.0,
    "pearson": 0.4766,
    "regression_loss": 2.5585,
    "rm2": 0.2228,
    "rmse": 1.5978,
    "sd": 1.5966,
    "spearman": 0.4653,
    "spectral_loss": 0.0
}
                              
Test Results: {
    "ci": 0.6338,
    "classification_loss": 0.0,
    "cluster_loss": 0.0,
    "mae": 1.2017,
    "mse": 2.3888,
    "multiclassification_loss": 0.0,
    "ortho_loss": 0.0,
    "pearson": 0.4147,
    "regression_loss": 2.3836,
    "rm2": 0.171,
    "rmse": 1.5456,
    "sd": 1.5351,
    "spearman": 0.3867,
    "spectral_loss": 0.0
}
                              
                              
----------------------------------------
Epoch 003 with LR 0.000100: Model Results
----------------------------------------
Train MSE Loss: 1.7716, Train CLS Loss: 0.0000, Train MCLS Loss: 0.0000
Protein Cluster Region Loss - Ortho Loss: 0.0000, Cluster Loss: 0.0000
                              
Validation Results: {
    "ci": 0.6845,
    "classification_loss": 0.0,
    "cluster_loss": 0.0,
    "mae": 1.1749,
    "mse": 2.3463,
    "multiclassification_loss": 0.0,
    "ortho_loss": 0.0,
    "pearson": 0.5415,
    "regression_loss": 2.3667,
    "rm2": 0.2777,
    "rmse": 1.5318,
    "sd": 1.5268,
    "spearman": 0.5287,
    "spectral_loss": 0.0
}
                              
Test Results: {
    "ci": 0.6407,
    "classification_loss": 0.0,
    "cluster_loss": 0.0,
    "mae": 1.1972,
    "mse": 2.3839,
    "multiclassification_loss": 0.0,
    "ortho_loss": 0.0,
    "pearson": 0.44,
    "regression_loss": 2.3801,
    "rm2": 0.1796,
    "rmse": 1.544,
    "sd": 1.5149,
    "spearman": 0.4037,
    "spectral_loss": 0.0
}
                              
                              
----------------------------------------
Epoch 004 with LR 0.000100: Model Results
----------------------------------------
Train MSE Loss: 1.5492, Train CLS Loss: 0.0000, Train MCLS Loss: 0.0000
Protein Cluster Region Loss - Ortho Loss: 0.0000, Cluster Loss: 0.0000
                              
Validation Results: {
    "ci": 0.6828,
    "classification_loss": 0.0,
    "cluster_loss": 0.0,
    "mae": 1.1782,
    "mse": 2.3668,
    "multiclassification_loss": 0.0,
    "ortho_loss": 0.0,
    "pearson": 0.5386,
    "regression_loss": 2.388,
    "rm2": 0.2703,
    "rmse": 1.5384,
    "sd": 1.5302,
    "spearman": 0.5196,
    "spectral_loss": 0.0
}
                              
Test Results: {
    "ci": 0.6407,
    "classification_loss": 0.0,
    "cluster_loss": 0.0,
    "mae": 1.1972,
    "mse": 2.3839,
    "multiclassification_loss": 0.0,
    "ortho_loss": 0.0,
    "pearson": 0.44,
    "regression_loss": 2.3801,
    "rm2": 0.1796,
    "rmse": 1.544,
    "sd": 1.5149,
    "spearman": 0.4037,
    "spectral_loss": 0.0
}
                              
                              
----------------------------------------
Epoch 005 with LR 0.000100: Model Results
----------------------------------------
Train MSE Loss: 1.3937, Train CLS Loss: 0.0000, Train MCLS Loss: 0.0000
Protein Cluster Region Loss - Ortho Loss: 0.0000, Cluster Loss: 0.0000
                              
Validation Results: {
    "ci": 0.6884,
    "classification_loss": 0.0,
    "cluster_loss": 0.0,
    "mae": 1.2075,
    "mse": 2.4596,
    "multiclassification_loss": 0.0,
    "ortho_loss": 0.0,
    "pearson": 0.5608,
    "regression_loss": 2.482,
    "rm2": 0.2579,
    "rmse": 1.5683,
    "sd": 1.5036,
    "spearman": 0.5313,
    "spectral_loss": 0.0
}
                              
Test Results: {
    "ci": 0.6407,
    "classification_loss": 0.0,
    "cluster_loss": 0.0,
    "mae": 1.1972,
    "mse": 2.3839,
    "multiclassification_loss": 0.0,
    "ortho_loss": 0.0,
    "pearson": 0.44,
    "regression_loss": 2.3801,
    "rm2": 0.1796,
    "rmse": 1.544,
    "sd": 1.5149,
    "spearman": 0.4037,
    "spectral_loss": 0.0
}
                              
                              
----------------------------------------
Epoch 006 with LR 0.000100: Model Results
----------------------------------------
Train MSE Loss: 1.3145, Train CLS Loss: 0.0000, Train MCLS Loss: 0.0000
Protein Cluster Region Loss - Ortho Loss: 0.0000, Cluster Loss: 0.0000
                              
Validation Results: {
    "ci": 0.6939,
    "classification_loss": 0.0,
    "cluster_loss": 0.0,
    "mae": 1.2313,
    "mse": 2.5369,
    "multiclassification_loss": 0.0,
    "ortho_loss": 0.0,
    "pearson": 0.564,
    "regression_loss": 2.5804,
    "rm2": 0.2483,
    "rmse": 1.5928,
    "sd": 1.4996,
    "spearman": 0.5495,
    "spectral_loss": 0.0
}
                              
Test Results: {
    "ci": 0.6407,
    "classification_loss": 0.0,
    "cluster_loss": 0.0,
    "mae": 1.1972,
    "mse": 2.3839,
    "multiclassification_loss": 0.0,
    "ortho_loss": 0.0,
    "pearson": 0.44,
    "regression_loss": 2.3801,
    "rm2": 0.1796,
    "rmse": 1.544,
    "sd": 1.5149,
    "spearman": 0.4037,
    "spectral_loss": 0.0
}
                              
                              
----------------------------------------
Epoch 007 with LR 0.000100: Model Results
----------------------------------------
Train MSE Loss: 1.2437, Train CLS Loss: 0.0000, Train MCLS Loss: 0.0000
Protein Cluster Region Loss - Ortho Loss: 0.0000, Cluster Loss: 0.0000
                              
Validation Results: {
    "ci": 0.6931,
    "classification_loss": 0.0,
    "cluster_loss": 0.0,
    "mae": 1.1455,
    "mse": 2.3037,
    "multiclassification_loss": 0.0,
    "ortho_loss": 0.0,
    "pearson": 0.569,
    "regression_loss": 2.3286,
    "rm2": 0.2929,
    "rmse": 1.5178,
    "sd": 1.4934,
    "spearman": 0.5466,
    "spectral_loss": 0.0
}
                              
Test Results: {
    "ci": 0.6584,
    "classification_loss": 0.0,
    "cluster_loss": 0.0,
    "mae": 1.1781,
    "mse": 2.3697,
    "multiclassification_loss": 0.0,
    "ortho_loss": 0.0,
    "pearson": 0.4874,
    "regression_loss": 2.3656,
    "rm2": 0.2096,
    "rmse": 1.5394,
    "sd": 1.4731,
    "spearman": 0.4496,
    "spectral_loss": 0.0
}
                              
                              
----------------------------------------
Epoch 008 with LR 0.000100: Model Results
----------------------------------------
Train MSE Loss: 1.1918, Train CLS Loss: 0.0000, Train MCLS Loss: 0.0000
Protein Cluster Region Loss - Ortho Loss: 0.0000, Cluster Loss: 0.0000
                              
Validation Results: {
    "ci": 0.6939,
    "classification_loss": 0.0,
    "cluster_loss": 0.0,
    "mae": 1.1613,
    "mse": 2.3067,
    "multiclassification_loss": 0.0,
    "ortho_loss": 0.0,
    "pearson": 0.5787,
    "regression_loss": 2.2989,
    "rm2": 0.3166,
    "rmse": 1.5188,
    "sd": 1.481,
    "spearman": 0.5483,
    "spectral_loss": 0.0
}
                              
Test Results: {
    "ci": 0.6584,
    "classification_loss": 0.0,
    "cluster_loss": 0.0,
    "mae": 1.1781,
    "mse": 2.3697,
    "multiclassification_loss": 0.0,
    "ortho_loss": 0.0,
    "pearson": 0.4874,
    "regression_loss": 2.3656,
    "rm2": 0.2096,
    "rmse": 1.5394,
    "sd": 1.4731,
    "spearman": 0.4496,
    "spectral_loss": 0.0
}
                              
                              
----------------------------------------
Epoch 009 with LR 0.000100: Model Results
----------------------------------------
Train MSE Loss: 1.1318, Train CLS Loss: 0.0000, Train MCLS Loss: 0.0000
Protein Cluster Region Loss - Ortho Loss: 0.0000, Cluster Loss: 0.0000
                              
Validation Results: {
    "ci": 0.6966,
    "classification_loss": 0.0,
    "cluster_loss": 0.0,
    "mae": 1.1469,
    "mse": 2.2403,
    "multiclassification_loss": 0.0,
    "ortho_loss": 0.0,
    "pearson": 0.5807,
    "regression_loss": 2.2663,
    "rm2": 0.3031,
    "rmse": 1.4968,
    "sd": 1.4785,
    "spearman": 0.5548,
    "spectral_loss": 0.0
}
                              
Test Results: {
    "ci": 0.6597,
    "classification_loss": 0.0,
    "cluster_loss": 0.0,
    "mae": 1.1643,
    "mse": 2.2637,
    "multiclassification_loss": 0.0,
    "ortho_loss": 0.0,
    "pearson": 0.502,
    "regression_loss": 2.2588,
    "rm2": 0.2225,
    "rmse": 1.5045,
    "sd": 1.4591,
    "spearman": 0.4537,
    "spectral_loss": 0.0
}
                              
                              
----------------------------------------
Epoch 010 with LR 0.000100: Model Results
----------------------------------------
Train MSE Loss: 1.0740, Train CLS Loss: 0.0000, Train MCLS Loss: 0.0000
Protein Cluster Region Loss - Ortho Loss: 0.0000, Cluster Loss: 0.0000
                              
Validation Results: {
    "ci": 0.703,
    "classification_loss": 0.0,
    "cluster_loss": 0.0,
    "mae": 1.1241,
    "mse": 2.1993,
    "multiclassification_loss": 0.0,
    "ortho_loss": 0.0,
    "pearson": 0.583,
    "regression_loss": 2.2325,
    "rm2": 0.3183,
    "rmse": 1.483,
    "sd": 1.4755,
    "spearman": 0.569,
    "spectral_loss": 0.0
}
                              
Test Results: {
    "ci": 0.6614,
    "classification_loss": 0.0,
    "cluster_loss": 0.0,
    "mae": 1.1474,
    "mse": 2.2163,
    "multiclassification_loss": 0.0,
    "ortho_loss": 0.0,
    "pearson": 0.5071,
    "regression_loss": 2.2126,
    "rm2": 0.2349,
    "rmse": 1.4887,
    "sd": 1.454,
    "spearman": 0.4579,
    "spectral_loss": 0.0
}
                              
                              
----------------------------------------
Epoch 011 with LR 0.000100: Model Results
----------------------------------------
Train MSE Loss: 1.0446, Train CLS Loss: 0.0000, Train MCLS Loss: 0.0000
Protein Cluster Region Loss - Ortho Loss: 0.0000, Cluster Loss: 0.0000
                              
Validation Results: {
    "ci": 0.689,
    "classification_loss": 0.0,
    "cluster_loss": 0.0,
    "mae": 1.1541,
    "mse": 2.3288,
    "multiclassification_loss": 0.0,
    "ortho_loss": 0.0,
    "pearson": 0.5568,
    "regression_loss": 2.3271,
    "rm2": 0.2895,
    "rmse": 1.526,
    "sd": 1.5086,
    "spearman": 0.5358,
    "spectral_loss": 0.0
}
                              
Test Results: {
    "ci": 0.6614,
    "classification_loss": 0.0,
    "cluster_loss": 0.0,
    "mae": 1.1474,
    "mse": 2.2163,
    "multiclassification_loss": 0.0,
    "ortho_loss": 0.0,
    "pearson": 0.5071,
    "regression_loss": 2.2126,
    "rm2": 0.2349,
    "rmse": 1.4887,
    "sd": 1.454,
    "spearman": 0.4579,
    "spectral_loss": 0.0
}
                              
                              
----------------------------------------
Epoch 012 with LR 0.000100: Model Results
----------------------------------------
Train MSE Loss: 1.0109, Train CLS Loss: 0.0000, Train MCLS Loss: 0.0000
Protein Cluster Region Loss - Ortho Loss: 0.0000, Cluster Loss: 0.0000
                              
Validation Results: {
    "ci": 0.6971,
    "classification_loss": 0.0,
    "cluster_loss": 0.0,
    "mae": 1.1277,
    "mse": 2.2056,
    "multiclassification_loss": 0.0,
    "ortho_loss": 0.0,
    "pearson": 0.5801,
    "regression_loss": 2.2234,
    "rm2": 0.3203,
    "rmse": 1.4851,
    "sd": 1.4793,
    "spearman": 0.5573,
    "spectral_loss": 0.0
}
                              
Test Results: {
    "ci": 0.6614,
    "classification_loss": 0.0,
    "cluster_loss": 0.0,
    "mae": 1.1474,
    "mse": 2.2163,
    "multiclassification_loss": 0.0,
    "ortho_loss": 0.0,
    "pearson": 0.5071,
    "regression_loss": 2.2126,
    "rm2": 0.2349,
    "rmse": 1.4887,
    "sd": 1.454,
    "spearman": 0.4579,
    "spectral_loss": 0.0
}
                              
                              
----------------------------------------
Epoch 013 with LR 0.000100: Model Results
----------------------------------------
Train MSE Loss: 0.9721, Train CLS Loss: 0.0000, Train MCLS Loss: 0.0000
Protein Cluster Region Loss - Ortho Loss: 0.0000, Cluster Loss: 0.0000
                              
Validation Results: {
    "ci": 0.6998,
    "classification_loss": 0.0,
    "cluster_loss": 0.0,
    "mae": 1.1252,
    "mse": 2.2308,
    "multiclassification_loss": 0.0,
    "ortho_loss": 0.0,
    "pearson": 0.5863,
    "regression_loss": 2.2532,
    "rm2": 0.3059,
    "rmse": 1.4936,
    "sd": 1.4711,
    "spearman": 0.5624,
    "spectral_loss": 0.0
}
                              
Test Results: {
    "ci": 0.6614,
    "classification_loss": 0.0,
    "cluster_loss": 0.0,
    "mae": 1.1474,
    "mse": 2.2163,
    "multiclassification_loss": 0.0,
    "ortho_loss": 0.0,
    "pearson": 0.5071,
    "regression_loss": 2.2126,
    "rm2": 0.2349,
    "rmse": 1.4887,
    "sd": 1.454,
    "spearman": 0.4579,
    "spectral_loss": 0.0
}
                              
                              
----------------------------------------
Epoch 014 with LR 0.000100: Model Results
----------------------------------------
Train MSE Loss: 0.9422, Train CLS Loss: 0.0000, Train MCLS Loss: 0.0000
Protein Cluster Region Loss - Ortho Loss: 0.0000, Cluster Loss: 0.0000
                              
Validation Results: {
    "ci": 0.6948,
    "classification_loss": 0.0,
    "cluster_loss": 0.0,
    "mae": 1.1293,
    "mse": 2.2442,
    "multiclassification_loss": 0.0,
    "ortho_loss": 0.0,
    "pearson": 0.5796,
    "regression_loss": 2.2495,
    "rm2": 0.313,
    "rmse": 1.4981,
    "sd": 1.48,
    "spearman": 0.5513,
    "spectral_loss": 0.0
}
                              
Test Results: {
    "ci": 0.6614,
    "classification_loss": 0.0,
    "cluster_loss": 0.0,
    "mae": 1.1474,
    "mse": 2.2163,
    "multiclassification_loss": 0.0,
    "ortho_loss": 0.0,
    "pearson": 0.5071,
    "regression_loss": 2.2126,
    "rm2": 0.2349,
    "rmse": 1.4887,
    "sd": 1.454,
    "spearman": 0.4579,
    "spectral_loss": 0.0
}
                              
                              
----------------------------------------
Epoch 015 with LR 0.000100: Model Results
----------------------------------------
Train MSE Loss: 0.9220, Train CLS Loss: 0.0000, Train MCLS Loss: 0.0000
Protein Cluster Region Loss - Ortho Loss: 0.0000, Cluster Loss: 0.0000
                              
Validation Results: {
    "ci": 0.6912,
    "classification_loss": 0.0,
    "cluster_loss": 0.0,
    "mae": 1.1577,
    "mse": 2.3621,
    "multiclassification_loss": 0.0,
    "ortho_loss": 0.0,
    "pearson": 0.5683,
    "regression_loss": 2.3491,
    "rm2": 0.3164,
    "rmse": 1.5369,
    "sd": 1.4943,
    "spearman": 0.5414,
    "spectral_loss": 0.0
}
                              
Test Results: {
    "ci": 0.6614,
    "classification_loss": 0.0,
    "cluster_loss": 0.0,
    "mae": 1.1474,
    "mse": 2.2163,
    "multiclassification_loss": 0.0,
    "ortho_loss": 0.0,
    "pearson": 0.5071,
    "regression_loss": 2.2126,
    "rm2": 0.2349,
    "rmse": 1.4887,
    "sd": 1.454,
    "spearman": 0.4579,
    "spectral_loss": 0.0
}
                              
                              
----------------------------------------
Epoch 016 with LR 0.000100: Model Results
----------------------------------------
Train MSE Loss: 0.9000, Train CLS Loss: 0.0000, Train MCLS Loss: 0.0000
Protein Cluster Region Loss - Ortho Loss: 0.0000, Cluster Loss: 0.0000
                              
Validation Results: {
    "ci": 0.7063,
    "classification_loss": 0.0,
    "cluster_loss": 0.0,
    "mae": 1.1087,
    "mse": 2.1555,
    "multiclassification_loss": 0.0,
    "ortho_loss": 0.0,
    "pearson": 0.5981,
    "regression_loss": 2.1627,
    "rm2": 0.3577,
    "rmse": 1.4682,
    "sd": 1.4554,
    "spearman": 0.5799,
    "spectral_loss": 0.0
}
                              
Test Results: {
    "ci": 0.6658,
    "classification_loss": 0.0,
    "cluster_loss": 0.0,
    "mae": 1.1366,
    "mse": 2.2246,
    "multiclassification_loss": 0.0,
    "ortho_loss": 0.0,
    "pearson": 0.5142,
    "regression_loss": 2.2208,
    "rm2": 0.2504,
    "rmse": 1.4915,
    "sd": 1.4469,
    "spearman": 0.4704,
    "spectral_loss": 0.0
}
                              
                              
----------------------------------------
Epoch 017 with LR 0.000100: Model Results
----------------------------------------
Train MSE Loss: 0.8893, Train CLS Loss: 0.0000, Train MCLS Loss: 0.0000
Protein Cluster Region Loss - Ortho Loss: 0.0000, Cluster Loss: 0.0000
                              
Validation Results: {
    "ci": 0.7068,
    "classification_loss": 0.0,
    "cluster_loss": 0.0,
    "mae": 1.095,
    "mse": 2.1758,
    "multiclassification_loss": 0.0,
    "ortho_loss": 0.0,
    "pearson": 0.6077,
    "regression_loss": 2.1857,
    "rm2": 0.3338,
    "rmse": 1.475,
    "sd": 1.4423,
    "spearman": 0.5746,
    "spectral_loss": 0.0
}
                              
Test Results: {
    "ci": 0.6658,
    "classification_loss": 0.0,
    "cluster_loss": 0.0,
    "mae": 1.1366,
    "mse": 2.2246,
    "multiclassification_loss": 0.0,
    "ortho_loss": 0.0,
    "pearson": 0.5142,
    "regression_loss": 2.2208,
    "rm2": 0.2504,
    "rmse": 1.4915,
    "sd": 1.4469,
    "spearman": 0.4704,
    "spectral_loss": 0.0
}
                              
                              
----------------------------------------
Epoch 018 with LR 0.000100: Model Results
----------------------------------------
Train MSE Loss: 0.8687, Train CLS Loss: 0.0000, Train MCLS Loss: 0.0000
Protein Cluster Region Loss - Ortho Loss: 0.0000, Cluster Loss: 0.0000
                              
Validation Results: {
    "ci": 0.6918,
    "classification_loss": 0.0,
    "cluster_loss": 0.0,
    "mae": 1.1798,
    "mse": 2.4347,
    "multiclassification_loss": 0.0,
    "ortho_loss": 0.0,
    "pearson": 0.5726,
    "regression_loss": 2.4791,
    "rm2": 0.2687,
    "rmse": 1.5604,
    "sd": 1.4889,
    "spearman": 0.5417,
    "spectral_loss": 0.0
}
                              
Test Results: {
    "ci": 0.6658,
    "classification_loss": 0.0,
    "cluster_loss": 0.0,
    "mae": 1.1366,
    "mse": 2.2246,
    "multiclassification_loss": 0.0,
    "ortho_loss": 0.0,
    "pearson": 0.5142,
    "regression_loss": 2.2208,
    "rm2": 0.2504,
    "rmse": 1.4915,
    "sd": 1.4469,
    "spearman": 0.4704,
    "spectral_loss": 0.0
}
                              
                              
----------------------------------------
Epoch 019 with LR 0.000100: Model Results
----------------------------------------
Train MSE Loss: 0.8554, Train CLS Loss: 0.0000, Train MCLS Loss: 0.0000
Protein Cluster Region Loss - Ortho Loss: 0.0000, Cluster Loss: 0.0000
                              
Validation Results: {
    "ci": 0.7006,
    "classification_loss": 0.0,
    "cluster_loss": 0.0,
    "mae": 1.1308,
    "mse": 2.2187,
    "multiclassification_loss": 0.0,
    "ortho_loss": 0.0,
    "pearson": 0.5933,
    "regression_loss": 2.2464,
    "rm2": 0.3066,
    "rmse": 1.4895,
    "sd": 1.4619,
    "spearman": 0.5628,
    "spectral_loss": 0.0
}
                              
Test Results: {
    "ci": 0.6658,
    "classification_loss": 0.0,
    "cluster_loss": 0.0,
    "mae": 1.1366,
    "mse": 2.2246,
    "multiclassification_loss": 0.0,
    "ortho_loss": 0.0,
    "pearson": 0.5142,
    "regression_loss": 2.2208,
    "rm2": 0.2504,
    "rmse": 1.4915,
    "sd": 1.4469,
    "spearman": 0.4704,
    "spectral_loss": 0.0
}
                              
                              
----------------------------------------
Epoch 020 with LR 0.000100: Model Results
----------------------------------------
Train MSE Loss: 0.8343, Train CLS Loss: 0.0000, Train MCLS Loss: 0.0000
Protein Cluster Region Loss - Ortho Loss: 0.0000, Cluster Loss: 0.0000
                              
Validation Results: {
    "ci": 0.704,
    "classification_loss": 0.0,
    "cluster_loss": 0.0,
    "mae": 1.0955,
    "mse": 2.1485,
    "multiclassification_loss": 0.0,
    "ortho_loss": 0.0,
    "pearson": 0.6011,
    "regression_loss": 2.1511,
    "rm2": 0.3479,
    "rmse": 1.4658,
    "sd": 1.4514,
    "spearman": 0.5705,
    "spectral_loss": 0.0
}
                              
Test Results: {
    "ci": 0.6667,
    "classification_loss": 0.0,
    "cluster_loss": 0.0,
    "mae": 1.1464,
    "mse": 2.2739,
    "multiclassification_loss": 0.0,
    "ortho_loss": 0.0,
    "pearson": 0.5099,
    "regression_loss": 2.2709,
    "rm2": 0.2403,
    "rmse": 1.5079,
    "sd": 1.4513,
    "spearman": 0.4714,
    "spectral_loss": 0.0
}
                              
                              
----------------------------------------
Epoch 021 with LR 0.000100: Model Results
----------------------------------------
Train MSE Loss: 0.8237, Train CLS Loss: 0.0000, Train MCLS Loss: 0.0000
Protein Cluster Region Loss - Ortho Loss: 0.0000, Cluster Loss: 0.0000
                              
Validation Results: {
    "ci": 0.6986,
    "classification_loss": 0.0,
    "cluster_loss": 0.0,
    "mae": 1.1209,
    "mse": 2.2403,
    "multiclassification_loss": 0.0,
    "ortho_loss": 0.0,
    "pearson": 0.5844,
    "regression_loss": 2.2351,
    "rm2": 0.3066,
    "rmse": 1.4968,
    "sd": 1.4737,
    "spearman": 0.5533,
    "spectral_loss": 0.0
}
                              
Test Results: {
    "ci": 0.6667,
    "classification_loss": 0.0,
    "cluster_loss": 0.0,
    "mae": 1.1464,
    "mse": 2.2739,
    "multiclassification_loss": 0.0,
    "ortho_loss": 0.0,
    "pearson": 0.5099,
    "regression_loss": 2.2709,
    "rm2": 0.2403,
    "rmse": 1.5079,
    "sd": 1.4513,
    "spearman": 0.4714,
    "spectral_loss": 0.0
}
                              
                              
----------------------------------------
Epoch 022 with LR 0.000100: Model Results
----------------------------------------
Train MSE Loss: 0.8127, Train CLS Loss: 0.0000, Train MCLS Loss: 0.0000
Protein Cluster Region Loss - Ortho Loss: 0.0000, Cluster Loss: 0.0000
                              
Validation Results: {
    "ci": 0.7073,
    "classification_loss": 0.0,
    "cluster_loss": 0.0,
    "mae": 1.0852,
    "mse": 2.1406,
    "multiclassification_loss": 0.0,
    "ortho_loss": 0.0,
    "pearson": 0.6068,
    "regression_loss": 2.1452,
    "rm2": 0.3352,
    "rmse": 1.4631,
    "sd": 1.4436,
    "spearman": 0.5761,
    "spectral_loss": 0.0
}
                              
Test Results: {
    "ci": 0.6717,
    "classification_loss": 0.0,
    "cluster_loss": 0.0,
    "mae": 1.1239,
    "mse": 2.2256,
    "multiclassification_loss": 0.0,
    "ortho_loss": 0.0,
    "pearson": 0.5266,
    "regression_loss": 2.222,
    "rm2": 0.2454,
    "rmse": 1.4918,
    "sd": 1.4341,
    "spearman": 0.4837,
    "spectral_loss": 0.0
}
                              
                              
----------------------------------------
Epoch 023 with LR 0.000100: Model Results
----------------------------------------
Train MSE Loss: 0.7907, Train CLS Loss: 0.0000, Train MCLS Loss: 0.0000
Protein Cluster Region Loss - Ortho Loss: 0.0000, Cluster Loss: 0.0000
                              
Validation Results: {
    "ci": 0.704,
    "classification_loss": 0.0,
    "cluster_loss": 0.0,
    "mae": 1.0905,
    "mse": 2.1428,
    "multiclassification_loss": 0.0,
    "ortho_loss": 0.0,
    "pearson": 0.6024,
    "regression_loss": 2.1645,
    "rm2": 0.3378,
    "rmse": 1.4638,
    "sd": 1.4496,
    "spearman": 0.5725,
    "spectral_loss": 0.0
}
                              
Test Results: {
    "ci": 0.6717,
    "classification_loss": 0.0,
    "cluster_loss": 0.0,
    "mae": 1.1239,
    "mse": 2.2256,
    "multiclassification_loss": 0.0,
    "ortho_loss": 0.0,
    "pearson": 0.5266,
    "regression_loss": 2.222,
    "rm2": 0.2454,
    "rmse": 1.4918,
    "sd": 1.4341,
    "spearman": 0.4837,
    "spectral_loss": 0.0
}
                              
                              
----------------------------------------
Epoch 024 with LR 0.000100: Model Results
----------------------------------------
Train MSE Loss: 0.7659, Train CLS Loss: 0.0000, Train MCLS Loss: 0.0000
Protein Cluster Region Loss - Ortho Loss: 0.0000, Cluster Loss: 0.0000
                              
Validation Results: {
    "ci": 0.702,
    "classification_loss": 0.0,
    "cluster_loss": 0.0,
    "mae": 1.1299,
    "mse": 2.2256,
    "multiclassification_loss": 0.0,
    "ortho_loss": 0.0,
    "pearson": 0.6029,
    "regression_loss": 2.2313,
    "rm2": 0.3464,
    "rmse": 1.4918,
    "sd": 1.4488,
    "spearman": 0.568,
    "spectral_loss": 0.0
}
                              
Test Results: {
    "ci": 0.6717,
    "classification_loss": 0.0,
    "cluster_loss": 0.0,
    "mae": 1.1239,
    "mse": 2.2256,
    "multiclassification_loss": 0.0,
    "ortho_loss": 0.0,
    "pearson": 0.5266,
    "regression_loss": 2.222,
    "rm2": 0.2454,
    "rmse": 1.4918,
    "sd": 1.4341,
    "spearman": 0.4837,
    "spectral_loss": 0.0
}
                              
                              
----------------------------------------
Epoch 025 with LR 0.000100: Model Results
----------------------------------------
Train MSE Loss: 0.7603, Train CLS Loss: 0.0000, Train MCLS Loss: 0.0000
Protein Cluster Region Loss - Ortho Loss: 0.0000, Cluster Loss: 0.0000
                              
Validation Results: {
    "ci": 0.7026,
    "classification_loss": 0.0,
    "cluster_loss": 0.0,
    "mae": 1.1281,
    "mse": 2.2317,
    "multiclassification_loss": 0.0,
    "ortho_loss": 0.0,
    "pearson": 0.5992,
    "regression_loss": 2.2435,
    "rm2": 0.3535,
    "rmse": 1.4939,
    "sd": 1.4539,
    "spearman": 0.5706,
    "spectral_loss": 0.0
}
                              
Test Results: {
    "ci": 0.6717,
    "classification_loss": 0.0,
    "cluster_loss": 0.0,
    "mae": 1.1239,
    "mse": 2.2256,
    "multiclassification_loss": 0.0,
    "ortho_loss": 0.0,
    "pearson": 0.5266,
    "regression_loss": 2.222,
    "rm2": 0.2454,
    "rmse": 1.4918,
    "sd": 1.4341,
    "spearman": 0.4837,
    "spectral_loss": 0.0
}
                              
                              
----------------------------------------
Epoch 026 with LR 0.000100: Model Results
----------------------------------------
Train MSE Loss: 0.7538, Train CLS Loss: 0.0000, Train MCLS Loss: 0.0000
Protein Cluster Region Loss - Ortho Loss: 0.0000, Cluster Loss: 0.0000
                              
Validation Results: {
    "ci": 0.7105,
    "classification_loss": 0.0,
    "cluster_loss": 0.0,
    "mae": 1.0974,
    "mse": 2.1263,
    "multiclassification_loss": 0.0,
    "ortho_loss": 0.0,
    "pearson": 0.6134,
    "regression_loss": 2.1415,
    "rm2": 0.3389,
    "rmse": 1.4582,
    "sd": 1.4343,
    "spearman": 0.5907,
    "spectral_loss": 0.0
}
                              
Test Results: {
    "ci": 0.6686,
    "classification_loss": 0.0,
    "cluster_loss": 0.0,
    "mae": 1.1539,
    "mse": 2.3241,
    "multiclassification_loss": 0.0,
    "ortho_loss": 0.0,
    "pearson": 0.5114,
    "regression_loss": 2.3182,
    "rm2": 0.2285,
    "rmse": 1.5245,
    "sd": 1.4498,
    "spearman": 0.4765,
    "spectral_loss": 0.0
}
                              
                              
----------------------------------------
Epoch 027 with LR 0.000100: Model Results
----------------------------------------
Train MSE Loss: 0.7352, Train CLS Loss: 0.0000, Train MCLS Loss: 0.0000
Protein Cluster Region Loss - Ortho Loss: 0.0000, Cluster Loss: 0.0000
                              
Validation Results: {
    "ci": 0.7062,
    "classification_loss": 0.0,
    "cluster_loss": 0.0,
    "mae": 1.1012,
    "mse": 2.1933,
    "multiclassification_loss": 0.0,
    "ortho_loss": 0.0,
    "pearson": 0.6006,
    "regression_loss": 2.2169,
    "rm2": 0.328,
    "rmse": 1.481,
    "sd": 1.452,
    "spearman": 0.5775,
    "spectral_loss": 0.0
}
                              
Test Results: {
    "ci": 0.6686,
    "classification_loss": 0.0,
    "cluster_loss": 0.0,
    "mae": 1.1539,
    "mse": 2.3241,
    "multiclassification_loss": 0.0,
    "ortho_loss": 0.0,
    "pearson": 0.5114,
    "regression_loss": 2.3182,
    "rm2": 0.2285,
    "rmse": 1.5245,
    "sd": 1.4498,
    "spearman": 0.4765,
    "spectral_loss": 0.0
}
                              
                              
----------------------------------------
Epoch 028 with LR 0.000100: Model Results
----------------------------------------
Train MSE Loss: 0.7239, Train CLS Loss: 0.0000, Train MCLS Loss: 0.0000
Protein Cluster Region Loss - Ortho Loss: 0.0000, Cluster Loss: 0.0000
                              
Validation Results: {
    "ci": 0.7048,
    "classification_loss": 0.0,
    "cluster_loss": 0.0,
    "mae": 1.1088,
    "mse": 2.2037,
    "multiclassification_loss": 0.0,
    "ortho_loss": 0.0,
    "pearson": 0.597,
    "regression_loss": 2.2135,
    "rm2": 0.3192,
    "rmse": 1.4845,
    "sd": 1.4569,
    "spearman": 0.5745,
    "spectral_loss": 0.0
}
                              
Test Results: {
    "ci": 0.6686,
    "classification_loss": 0.0,
    "cluster_loss": 0.0,
    "mae": 1.1539,
    "mse": 2.3241,
    "multiclassification_loss": 0.0,
    "ortho_loss": 0.0,
    "pearson": 0.5114,
    "regression_loss": 2.3182,
    "rm2": 0.2285,
    "rmse": 1.5245,
    "sd": 1.4498,
    "spearman": 0.4765,
    "spectral_loss": 0.0
}
                              
                              
----------------------------------------
Epoch 029 with LR 0.000100: Model Results
----------------------------------------
Train MSE Loss: 0.7191, Train CLS Loss: 0.0000, Train MCLS Loss: 0.0000
Protein Cluster Region Loss - Ortho Loss: 0.0000, Cluster Loss: 0.0000
                              
Validation Results: {
    "ci": 0.7087,
    "classification_loss": 0.0,
    "cluster_loss": 0.0,
    "mae": 1.0774,
    "mse": 2.1499,
    "multiclassification_loss": 0.0,
    "ortho_loss": 0.0,
    "pearson": 0.6125,
    "regression_loss": 2.1666,
    "rm2": 0.3323,
    "rmse": 1.4662,
    "sd": 1.4355,
    "spearman": 0.5789,
    "spectral_loss": 0.0
}
                              
Test Results: {
    "ci": 0.6686,
    "classification_loss": 0.0,
    "cluster_loss": 0.0,
    "mae": 1.1539,
    "mse": 2.3241,
    "multiclassification_loss": 0.0,
    "ortho_loss": 0.0,
    "pearson": 0.5114,
    "regression_loss": 2.3182,
    "rm2": 0.2285,
    "rmse": 1.5245,
    "sd": 1.4498,
    "spearman": 0.4765,
    "spectral_loss": 0.0
}
                              
                              
----------------------------------------
Epoch 030 with LR 0.000100: Model Results
----------------------------------------
Train MSE Loss: 0.7038, Train CLS Loss: 0.0000, Train MCLS Loss: 0.0000
Protein Cluster Region Loss - Ortho Loss: 0.0000, Cluster Loss: 0.0000
                              
Validation Results: {
    "ci": 0.7057,
    "classification_loss": 0.0,
    "cluster_loss": 0.0,
    "mae": 1.0963,
    "mse": 2.1721,
    "multiclassification_loss": 0.0,
    "ortho_loss": 0.0,
    "pearson": 0.6028,
    "regression_loss": 2.1812,
    "rm2": 0.3416,
    "rmse": 1.4738,
    "sd": 1.449,
    "spearman": 0.5751,
    "spectral_loss": 0.0
}
                              
Test Results: {
    "ci": 0.6686,
    "classification_loss": 0.0,
    "cluster_loss": 0.0,
    "mae": 1.1539,
    "mse": 2.3241,
    "multiclassification_loss": 0.0,
    "ortho_loss": 0.0,
    "pearson": 0.5114,
    "regression_loss": 2.3182,
    "rm2": 0.2285,
    "rmse": 1.5245,
    "sd": 1.4498,
    "spearman": 0.4765,
    "spectral_loss": 0.0
}
                              
                              
----------------------------------------
Epoch 031 with LR 0.000100: Model Results
----------------------------------------
Train MSE Loss: 0.6972, Train CLS Loss: 0.0000, Train MCLS Loss: 0.0000
Protein Cluster Region Loss - Ortho Loss: 0.0000, Cluster Loss: 0.0000
                              
Validation Results: {
    "ci": 0.7032,
    "classification_loss": 0.0,
    "cluster_loss": 0.0,
    "mae": 1.0996,
    "mse": 2.1995,
    "multiclassification_loss": 0.0,
    "ortho_loss": 0.0,
    "pearson": 0.6036,
    "regression_loss": 2.2165,
    "rm2": 0.338,
    "rmse": 1.4831,
    "sd": 1.4479,
    "spearman": 0.5658,
    "spectral_loss": 0.0
}
                              
Test Results: {
    "ci": 0.6686,
    "classification_loss": 0.0,
    "cluster_loss": 0.0,
    "mae": 1.1539,
    "mse": 2.3241,
    "multiclassification_loss": 0.0,
    "ortho_loss": 0.0,
    "pearson": 0.5114,
    "regression_loss": 2.3182,
    "rm2": 0.2285,
    "rmse": 1.5245,
    "sd": 1.4498,
    "spearman": 0.4765,
    "spectral_loss": 0.0
}
                              
                              
----------------------------------------
Epoch 032 with LR 0.000100: Model Results
----------------------------------------
Train MSE Loss: 0.6910, Train CLS Loss: 0.0000, Train MCLS Loss: 0.0000
Protein Cluster Region Loss - Ortho Loss: 0.0000, Cluster Loss: 0.0000
                              
Validation Results: {
    "ci": 0.709,
    "classification_loss": 0.0,
    "cluster_loss": 0.0,
    "mae": 1.0846,
    "mse": 2.1532,
    "multiclassification_loss": 0.0,
    "ortho_loss": 0.0,
    "pearson": 0.6077,
    "regression_loss": 2.1652,
    "rm2": 0.3383,
    "rmse": 1.4674,
    "sd": 1.4423,
    "spearman": 0.5813,
    "spectral_loss": 0.0
}
                              
Test Results: {
    "ci": 0.6686,
    "classification_loss": 0.0,
    "cluster_loss": 0.0,
    "mae": 1.1539,
    "mse": 2.3241,
    "multiclassification_loss": 0.0,
    "ortho_loss": 0.0,
    "pearson": 0.5114,
    "regression_loss": 2.3182,
    "rm2": 0.2285,
    "rmse": 1.5245,
    "sd": 1.4498,
    "spearman": 0.4765,
    "spectral_loss": 0.0
}
                              
                              
----------------------------------------
Epoch 033 with LR 0.000100: Model Results
----------------------------------------
Train MSE Loss: 0.6793, Train CLS Loss: 0.0000, Train MCLS Loss: 0.0000
Protein Cluster Region Loss - Ortho Loss: 0.0000, Cluster Loss: 0.0000
                              
Validation Results: {
    "ci": 0.7112,
    "classification_loss": 0.0,
    "cluster_loss": 0.0,
    "mae": 1.0841,
    "mse": 2.1145,
    "multiclassification_loss": 0.0,
    "ortho_loss": 0.0,
    "pearson": 0.6207,
    "regression_loss": 2.1343,
    "rm2": 0.3474,
    "rmse": 1.4541,
    "sd": 1.4238,
    "spearman": 0.5876,
    "spectral_loss": 0.0
}
                              
Test Results: {
    "ci": 0.6677,
    "classification_loss": 0.0,
    "cluster_loss": 0.0,
    "mae": 1.1555,
    "mse": 2.3248,
    "multiclassification_loss": 0.0,
    "ortho_loss": 0.0,
    "pearson": 0.5189,
    "regression_loss": 2.3208,
    "rm2": 0.2381,
    "rmse": 1.5247,
    "sd": 1.4421,
    "spearman": 0.4738,
    "spectral_loss": 0.0
}
                              
                              
----------------------------------------
Epoch 034 with LR 0.000100: Model Results
----------------------------------------
Train MSE Loss: 0.6764, Train CLS Loss: 0.0000, Train MCLS Loss: 0.0000
Protein Cluster Region Loss - Ortho Loss: 0.0000, Cluster Loss: 0.0000
                              
Validation Results: {
    "ci": 0.7065,
    "classification_loss": 0.0,
    "cluster_loss": 0.0,
    "mae": 1.0708,
    "mse": 2.0821,
    "multiclassification_loss": 0.0,
    "ortho_loss": 0.0,
    "pearson": 0.6189,
    "regression_loss": 2.0948,
    "rm2": 0.3585,
    "rmse": 1.4429,
    "sd": 1.4264,
    "spearman": 0.5751,
    "spectral_loss": 0.0
}
                              
Test Results: {
    "ci": 0.666,
    "classification_loss": 0.0,
    "cluster_loss": 0.0,
    "mae": 1.1281,
    "mse": 2.2452,
    "multiclassification_loss": 0.0,
    "ortho_loss": 0.0,
    "pearson": 0.5166,
    "regression_loss": 2.2417,
    "rm2": 0.2452,
    "rmse": 1.4984,
    "sd": 1.4444,
    "spearman": 0.4677,
    "spectral_loss": 0.0
}
                              
                              
----------------------------------------
Epoch 035 with LR 0.000100: Model Results
----------------------------------------
Train MSE Loss: 0.6575, Train CLS Loss: 0.0000, Train MCLS Loss: 0.0000
Protein Cluster Region Loss - Ortho Loss: 0.0000, Cluster Loss: 0.0000
                              
Validation Results: {
    "ci": 0.7103,
    "classification_loss": 0.0,
    "cluster_loss": 0.0,
    "mae": 1.071,
    "mse": 2.1141,
    "multiclassification_loss": 0.0,
    "ortho_loss": 0.0,
    "pearson": 0.6083,
    "regression_loss": 2.1312,
    "rm2": 0.3419,
    "rmse": 1.454,
    "sd": 1.4414,
    "spearman": 0.583,
    "spectral_loss": 0.0
}
                              
Test Results: {
    "ci": 0.666,
    "classification_loss": 0.0,
    "cluster_loss": 0.0,
    "mae": 1.1281,
    "mse": 2.2452,
    "multiclassification_loss": 0.0,
    "ortho_loss": 0.0,
    "pearson": 0.5166,
    "regression_loss": 2.2417,
    "rm2": 0.2452,
    "rmse": 1.4984,
    "sd": 1.4444,
    "spearman": 0.4677,
    "spectral_loss": 0.0
}
                              
                              
----------------------------------------
Epoch 036 with LR 0.000100: Model Results
----------------------------------------
Train MSE Loss: 0.6511, Train CLS Loss: 0.0000, Train MCLS Loss: 0.0000
Protein Cluster Region Loss - Ortho Loss: 0.0000, Cluster Loss: 0.0000
                              
Validation Results: {
    "ci": 0.7119,
    "classification_loss": 0.0,
    "cluster_loss": 0.0,
    "mae": 1.0714,
    "mse": 2.089,
    "multiclassification_loss": 0.0,
    "ortho_loss": 0.0,
    "pearson": 0.6152,
    "regression_loss": 2.0918,
    "rm2": 0.3606,
    "rmse": 1.4453,
    "sd": 1.4317,
    "spearman": 0.5872,
    "spectral_loss": 0.0
}
                              
Test Results: {
    "ci": 0.666,
    "classification_loss": 0.0,
    "cluster_loss": 0.0,
    "mae": 1.1281,
    "mse": 2.2452,
    "multiclassification_loss": 0.0,
    "ortho_loss": 0.0,
    "pearson": 0.5166,
    "regression_loss": 2.2417,
    "rm2": 0.2452,
    "rmse": 1.4984,
    "sd": 1.4444,
    "spearman": 0.4677,
    "spectral_loss": 0.0
}
                              
                              
----------------------------------------
Epoch 037 with LR 0.000100: Model Results
----------------------------------------
Train MSE Loss: 0.6454, Train CLS Loss: 0.0000, Train MCLS Loss: 0.0000
Protein Cluster Region Loss - Ortho Loss: 0.0000, Cluster Loss: 0.0000
                              
Validation Results: {
    "ci": 0.7258,
    "classification_loss": 0.0,
    "cluster_loss": 0.0,
    "mae": 1.0366,
    "mse": 1.9946,
    "multiclassification_loss": 0.0,
    "ortho_loss": 0.0,
    "pearson": 0.641,
    "regression_loss": 2.0094,
    "rm2": 0.384,
    "rmse": 1.4123,
    "sd": 1.3939,
    "spearman": 0.6232,
    "spectral_loss": 0.0
}
                              
Test Results: {
    "ci": 0.6675,
    "classification_loss": 0.0,
    "cluster_loss": 0.0,
    "mae": 1.1452,
    "mse": 2.2777,
    "multiclassification_loss": 0.0,
    "ortho_loss": 0.0,
    "pearson": 0.5204,
    "regression_loss": 2.2728,
    "rm2": 0.2458,
    "rmse": 1.5092,
    "sd": 1.4405,
    "spearman": 0.4737,
    "spectral_loss": 0.0
}
                              
                              
----------------------------------------
Epoch 038 with LR 0.000100: Model Results
----------------------------------------
Train MSE Loss: 0.6318, Train CLS Loss: 0.0000, Train MCLS Loss: 0.0000
Protein Cluster Region Loss - Ortho Loss: 0.0000, Cluster Loss: 0.0000
                              
Validation Results: {
    "ci": 0.7131,
    "classification_loss": 0.0,
    "cluster_loss": 0.0,
    "mae": 1.0703,
    "mse": 2.1085,
    "multiclassification_loss": 0.0,
    "ortho_loss": 0.0,
    "pearson": 0.6225,
    "regression_loss": 2.1099,
    "rm2": 0.3672,
    "rmse": 1.4521,
    "sd": 1.4213,
    "spearman": 0.5895,
    "spectral_loss": 0.0
}
                              
Test Results: {
    "ci": 0.6675,
    "classification_loss": 0.0,
    "cluster_loss": 0.0,
    "mae": 1.1452,
    "mse": 2.2777,
    "multiclassification_loss": 0.0,
    "ortho_loss": 0.0,
    "pearson": 0.5204,
    "regression_loss": 2.2728,
    "rm2": 0.2458,
    "rmse": 1.5092,
    "sd": 1.4405,
    "spearman": 0.4737,
    "spectral_loss": 0.0
}
                              
                              
----------------------------------------
Epoch 039 with LR 0.000100: Model Results
----------------------------------------
Train MSE Loss: 0.6400, Train CLS Loss: 0.0000, Train MCLS Loss: 0.0000
Protein Cluster Region Loss - Ortho Loss: 0.0000, Cluster Loss: 0.0000
                              
Validation Results: {
    "ci": 0.7147,
    "classification_loss": 0.0,
    "cluster_loss": 0.0,
    "mae": 1.0632,
    "mse": 2.0808,
    "multiclassification_loss": 0.0,
    "ortho_loss": 0.0,
    "pearson": 0.6202,
    "regression_loss": 2.0992,
    "rm2": 0.3514,
    "rmse": 1.4425,
    "sd": 1.4246,
    "spearman": 0.596,
    "spectral_loss": 0.0
}
                              
Test Results: {
    "ci": 0.6675,
    "classification_loss": 0.0,
    "cluster_loss": 0.0,
    "mae": 1.1452,
    "mse": 2.2777,
    "multiclassification_loss": 0.0,
    "ortho_loss": 0.0,
    "pearson": 0.5204,
    "regression_loss": 2.2728,
    "rm2": 0.2458,
    "rmse": 1.5092,
    "sd": 1.4405,
    "spearman": 0.4737,
    "spectral_loss": 0.0
}
                              
                              
----------------------------------------
Epoch 040 with LR 0.000100: Model Results
----------------------------------------
Train MSE Loss: 0.6196, Train CLS Loss: 0.0000, Train MCLS Loss: 0.0000
Protein Cluster Region Loss - Ortho Loss: 0.0000, Cluster Loss: 0.0000
                              
Validation Results: {
    "ci": 0.7152,
    "classification_loss": 0.0,
    "cluster_loss": 0.0,
    "mae": 1.0898,
    "mse": 2.1616,
    "multiclassification_loss": 0.0,
    "ortho_loss": 0.0,
    "pearson": 0.619,
    "regression_loss": 2.1796,
    "rm2": 0.3537,
    "rmse": 1.4702,
    "sd": 1.4263,
    "spearman": 0.5966,
    "spectral_loss": 0.0
}
                              
Test Results: {
    "ci": 0.6675,
    "classification_loss": 0.0,
    "cluster_loss": 0.0,
    "mae": 1.1452,
    "mse": 2.2777,
    "multiclassification_loss": 0.0,
    "ortho_loss": 0.0,
    "pearson": 0.5204,
    "regression_loss": 2.2728,
    "rm2": 0.2458,
    "rmse": 1.5092,
    "sd": 1.4405,
    "spearman": 0.4737,
    "spectral_loss": 0.0
}
                              
                              
----------------------------------------
Epoch 041 with LR 0.000100: Model Results
----------------------------------------
Train MSE Loss: 0.6150, Train CLS Loss: 0.0000, Train MCLS Loss: 0.0000
Protein Cluster Region Loss - Ortho Loss: 0.0000, Cluster Loss: 0.0000
                              
Validation Results: {
    "ci": 0.7089,
    "classification_loss": 0.0,
    "cluster_loss": 0.0,
    "mae": 1.1174,
    "mse": 2.1771,
    "multiclassification_loss": 0.0,
    "ortho_loss": 0.0,
    "pearson": 0.6036,
    "regression_loss": 2.199,
    "rm2": 0.3552,
    "rmse": 1.4755,
    "sd": 1.448,
    "spearman": 0.5849,
    "spectral_loss": 0.0
}
                              
Test Results: {
    "ci": 0.6675,
    "classification_loss": 0.0,
    "cluster_loss": 0.0,
    "mae": 1.1452,
    "mse": 2.2777,
    "multiclassification_loss": 0.0,
    "ortho_loss": 0.0,
    "pearson": 0.5204,
    "regression_loss": 2.2728,
    "rm2": 0.2458,
    "rmse": 1.5092,
    "sd": 1.4405,
    "spearman": 0.4737,
    "spectral_loss": 0.0
}
                              
                              
----------------------------------------
Epoch 042 with LR 0.000100: Model Results
----------------------------------------
Train MSE Loss: 0.6011, Train CLS Loss: 0.0000, Train MCLS Loss: 0.0000
Protein Cluster Region Loss - Ortho Loss: 0.0000, Cluster Loss: 0.0000
                              
Validation Results: {
    "ci": 0.705,
    "classification_loss": 0.0,
    "cluster_loss": 0.0,
    "mae": 1.1004,
    "mse": 2.1839,
    "multiclassification_loss": 0.0,
    "ortho_loss": 0.0,
    "pearson": 0.6083,
    "regression_loss": 2.1894,
    "rm2": 0.3255,
    "rmse": 1.4778,
    "sd": 1.4415,
    "spearman": 0.5713,
    "spectral_loss": 0.0
}
                              
Test Results: {
    "ci": 0.6675,
    "classification_loss": 0.0,
    "cluster_loss": 0.0,
    "mae": 1.1452,
    "mse": 2.2777,
    "multiclassification_loss": 0.0,
    "ortho_loss": 0.0,
    "pearson": 0.5204,
    "regression_loss": 2.2728,
    "rm2": 0.2458,
    "rmse": 1.5092,
    "sd": 1.4405,
    "spearman": 0.4737,
    "spectral_loss": 0.0
}
                              
                              
----------------------------------------
Epoch 043 with LR 0.000100: Model Results
----------------------------------------
Train MSE Loss: 0.6117, Train CLS Loss: 0.0000, Train MCLS Loss: 0.0000
Protein Cluster Region Loss - Ortho Loss: 0.0000, Cluster Loss: 0.0000
                              
Validation Results: {
    "ci": 0.7022,
    "classification_loss": 0.0,
    "cluster_loss": 0.0,
    "mae": 1.1022,
    "mse": 2.2236,
    "multiclassification_loss": 0.0,
    "ortho_loss": 0.0,
    "pearson": 0.5962,
    "regression_loss": 2.2396,
    "rm2": 0.3265,
    "rmse": 1.4912,
    "sd": 1.458,
    "spearman": 0.5624,
    "spectral_loss": 0.0
}
                              
Test Results: {
    "ci": 0.6675,
    "classification_loss": 0.0,
    "cluster_loss": 0.0,
    "mae": 1.1452,
    "mse": 2.2777,
    "multiclassification_loss": 0.0,
    "ortho_loss": 0.0,
    "pearson": 0.5204,
    "regression_loss": 2.2728,
    "rm2": 0.2458,
    "rmse": 1.5092,
    "sd": 1.4405,
    "spearman": 0.4737,
    "spectral_loss": 0.0
}
                              
                              
----------------------------------------
Epoch 044 with LR 0.000100: Model Results
----------------------------------------
Train MSE Loss: 0.5983, Train CLS Loss: 0.0000, Train MCLS Loss: 0.0000
Protein Cluster Region Loss - Ortho Loss: 0.0000, Cluster Loss: 0.0000
                              
Validation Results: {
    "ci": 0.711,
    "classification_loss": 0.0,
    "cluster_loss": 0.0,
    "mae": 1.0834,
    "mse": 2.1926,
    "multiclassification_loss": 0.0,
    "ortho_loss": 0.0,
    "pearson": 0.6078,
    "regression_loss": 2.1988,
    "rm2": 0.3391,
    "rmse": 1.4808,
    "sd": 1.4421,
    "spearman": 0.5849,
    "spectral_loss": 0.0
}
                              
Test Results: {
    "ci": 0.6675,
    "classification_loss": 0.0,
    "cluster_loss": 0.0,
    "mae": 1.1452,
    "mse": 2.2777,
    "multiclassification_loss": 0.0,
    "ortho_loss": 0.0,
    "pearson": 0.5204,
    "regression_loss": 2.2728,
    "rm2": 0.2458,
    "rmse": 1.5092,
    "sd": 1.4405,
    "spearman": 0.4737,
    "spectral_loss": 0.0
}
                              
                              
----------------------------------------
Epoch 045 with LR 0.000100: Model Results
----------------------------------------
Train MSE Loss: 0.5948, Train CLS Loss: 0.0000, Train MCLS Loss: 0.0000
Protein Cluster Region Loss - Ortho Loss: 0.0000, Cluster Loss: 0.0000
                              
Validation Results: {
    "ci": 0.7102,
    "classification_loss": 0.0,
    "cluster_loss": 0.0,
    "mae": 1.0848,
    "mse": 2.1136,
    "multiclassification_loss": 0.0,
    "ortho_loss": 0.0,
    "pearson": 0.6136,
    "regression_loss": 2.1338,
    "rm2": 0.3634,
    "rmse": 1.4538,
    "sd": 1.434,
    "spearman": 0.5836,
    "spectral_loss": 0.0
}
                              
Test Results: {
    "ci": 0.6675,
    "classification_loss": 0.0,
    "cluster_loss": 0.0,
    "mae": 1.1452,
    "mse": 2.2777,
    "multiclassification_loss": 0.0,
    "ortho_loss": 0.0,
    "pearson": 0.5204,
    "regression_loss": 2.2728,
    "rm2": 0.2458,
    "rmse": 1.5092,
    "sd": 1.4405,
    "spearman": 0.4737,
    "spectral_loss": 0.0
}
                              
                              
----------------------------------------
Epoch 046 with LR 0.000100: Model Results
----------------------------------------
Train MSE Loss: 0.5795, Train CLS Loss: 0.0000, Train MCLS Loss: 0.0000
Protein Cluster Region Loss - Ortho Loss: 0.0000, Cluster Loss: 0.0000
                              
Validation Results: {
    "ci": 0.7101,
    "classification_loss": 0.0,
    "cluster_loss": 0.0,
    "mae": 1.0812,
    "mse": 2.1728,
    "multiclassification_loss": 0.0,
    "ortho_loss": 0.0,
    "pearson": 0.6111,
    "regression_loss": 2.1898,
    "rm2": 0.3321,
    "rmse": 1.474,
    "sd": 1.4375,
    "spearman": 0.5821,
    "spectral_loss": 0.0
}
                              
Test Results: {
    "ci": 0.6675,
    "classification_loss": 0.0,
    "cluster_loss": 0.0,
    "mae": 1.1452,
    "mse": 2.2777,
    "multiclassification_loss": 0.0,
    "ortho_loss": 0.0,
    "pearson": 0.5204,
    "regression_loss": 2.2728,
    "rm2": 0.2458,
    "rmse": 1.5092,
    "sd": 1.4405,
    "spearman": 0.4737,
    "spectral_loss": 0.0
}
                              
                              
----------------------------------------
Epoch 047 with LR 0.000100: Model Results
----------------------------------------
Train MSE Loss: 0.5868, Train CLS Loss: 0.0000, Train MCLS Loss: 0.0000
Protein Cluster Region Loss - Ortho Loss: 0.0000, Cluster Loss: 0.0000
                              
Validation Results: {
    "ci": 0.7083,
    "classification_loss": 0.0,
    "cluster_loss": 0.0,
    "mae": 1.0906,
    "mse": 2.1601,
    "multiclassification_loss": 0.0,
    "ortho_loss": 0.0,
    "pearson": 0.6088,
    "regression_loss": 2.1648,
    "rm2": 0.35,
    "rmse": 1.4697,
    "sd": 1.4407,
    "spearman": 0.5796,
    "spectral_loss": 0.0
}
                              
Test Results: {
    "ci": 0.6675,
    "classification_loss": 0.0,
    "cluster_loss": 0.0,
    "mae": 1.1452,
    "mse": 2.2777,
    "multiclassification_loss": 0.0,
    "ortho_loss": 0.0,
    "pearson": 0.5204,
    "regression_loss": 2.2728,
    "rm2": 0.2458,
    "rmse": 1.5092,
    "sd": 1.4405,
    "spearman": 0.4737,
    "spectral_loss": 0.0
}
                              
                              
----------------------------------------
Epoch 048 with LR 0.000100: Model Results
----------------------------------------
Train MSE Loss: 0.5732, Train CLS Loss: 0.0000, Train MCLS Loss: 0.0000
Protein Cluster Region Loss - Ortho Loss: 0.0000, Cluster Loss: 0.0000
                              
Validation Results: {
    "ci": 0.7177,
    "classification_loss": 0.0,
    "cluster_loss": 0.0,
    "mae": 1.0556,
    "mse": 2.0655,
    "multiclassification_loss": 0.0,
    "ortho_loss": 0.0,
    "pearson": 0.6312,
    "regression_loss": 2.0728,
    "rm2": 0.3635,
    "rmse": 1.4372,
    "sd": 1.4086,
    "spearman": 0.5981,
    "spectral_loss": 0.0
}
                              
Test Results: {
    "ci": 0.6675,
    "classification_loss": 0.0,
    "cluster_loss": 0.0,
    "mae": 1.1452,
    "mse": 2.2777,
    "multiclassification_loss": 0.0,
    "ortho_loss": 0.0,
    "pearson": 0.5204,
    "regression_loss": 2.2728,
    "rm2": 0.2458,
    "rmse": 1.5092,
    "sd": 1.4405,
    "spearman": 0.4737,
    "spectral_loss": 0.0
}
                              
                              
----------------------------------------
Epoch 049 with LR 0.000100: Model Results
----------------------------------------
Train MSE Loss: 0.5653, Train CLS Loss: 0.0000, Train MCLS Loss: 0.0000
Protein Cluster Region Loss - Ortho Loss: 0.0000, Cluster Loss: 0.0000
                              
Validation Results: {
    "ci": 0.712,
    "classification_loss": 0.0,
    "cluster_loss": 0.0,
    "mae": 1.0731,
    "mse": 2.1064,
    "multiclassification_loss": 0.0,
    "ortho_loss": 0.0,
    "pearson": 0.6139,
    "regression_loss": 2.1211,
    "rm2": 0.3598,
    "rmse": 1.4513,
    "sd": 1.4335,
    "spearman": 0.5886,
    "spectral_loss": 0.0
}
                              
Test Results: {
    "ci": 0.6675,
    "classification_loss": 0.0,
    "cluster_loss": 0.0,
    "mae": 1.1452,
    "mse": 2.2777,
    "multiclassification_loss": 0.0,
    "ortho_loss": 0.0,
    "pearson": 0.5204,
    "regression_loss": 2.2728,
    "rm2": 0.2458,
    "rmse": 1.5092,
    "sd": 1.4405,
    "spearman": 0.4737,
    "spectral_loss": 0.0
}
                              
                              
----------------------------------------
Epoch 050 with LR 0.000100: Model Results
----------------------------------------
Train MSE Loss: 0.5596, Train CLS Loss: 0.0000, Train MCLS Loss: 0.0000
Protein Cluster Region Loss - Ortho Loss: 0.0000, Cluster Loss: 0.0000
                              
Validation Results: {
    "ci": 0.7127,
    "classification_loss": 0.0,
    "cluster_loss": 0.0,
    "mae": 1.0894,
    "mse": 2.1342,
    "multiclassification_loss": 0.0,
    "ortho_loss": 0.0,
    "pearson": 0.6134,
    "regression_loss": 2.1374,
    "rm2": 0.3478,
    "rmse": 1.4609,
    "sd": 1.4343,
    "spearman": 0.5933,
    "spectral_loss": 0.0
}
                              
Test Results: {
    "ci": 0.6675,
    "classification_loss": 0.0,
    "cluster_loss": 0.0,
    "mae": 1.1452,
    "mse": 2.2777,
    "multiclassification_loss": 0.0,
    "ortho_loss": 0.0,
    "pearson": 0.5204,
    "regression_loss": 2.2728,
    "rm2": 0.2458,
    "rmse": 1.5092,
    "sd": 1.4405,
    "spearman": 0.4737,
    "spectral_loss": 0.0
}
                              
                              
----------------------------------------
Epoch 051 with LR 0.000100: Model Results
----------------------------------------
Train MSE Loss: 0.5470, Train CLS Loss: 0.0000, Train MCLS Loss: 0.0000
Protein Cluster Region Loss - Ortho Loss: 0.0000, Cluster Loss: 0.0000
                              
Validation Results: {
    "ci": 0.7185,
    "classification_loss": 0.0,
    "cluster_loss": 0.0,
    "mae": 1.0595,
    "mse": 2.0354,
    "multiclassification_loss": 0.0,
    "ortho_loss": 0.0,
    "pearson": 0.6299,
    "regression_loss": 2.06,
    "rm2": 0.3731,
    "rmse": 1.4267,
    "sd": 1.4105,
    "spearman": 0.603,
    "spectral_loss": 0.0
}
                              
Test Results: {
    "ci": 0.6675,
    "classification_loss": 0.0,
    "cluster_loss": 0.0,
    "mae": 1.1452,
    "mse": 2.2777,
    "multiclassification_loss": 0.0,
    "ortho_loss": 0.0,
    "pearson": 0.5204,
    "regression_loss": 2.2728,
    "rm2": 0.2458,
    "rmse": 1.5092,
    "sd": 1.4405,
    "spearman": 0.4737,
    "spectral_loss": 0.0
}
                              
                              
----------------------------------------
Epoch 052 with LR 0.000100: Model Results
----------------------------------------
Train MSE Loss: 0.5502, Train CLS Loss: 0.0000, Train MCLS Loss: 0.0000
Protein Cluster Region Loss - Ortho Loss: 0.0000, Cluster Loss: 0.0000
                              
Validation Results: {
    "ci": 0.7057,
    "classification_loss": 0.0,
    "cluster_loss": 0.0,
    "mae": 1.1152,
    "mse": 2.2066,
    "multiclassification_loss": 0.0,
    "ortho_loss": 0.0,
    "pearson": 0.6082,
    "regression_loss": 2.2139,
    "rm2": 0.3191,
    "rmse": 1.4855,
    "sd": 1.4416,
    "spearman": 0.5755,
    "spectral_loss": 0.0
}
                              
Test Results: {
    "ci": 0.6675,
    "classification_loss": 0.0,
    "cluster_loss": 0.0,
    "mae": 1.1452,
    "mse": 2.2777,
    "multiclassification_loss": 0.0,
    "ortho_loss": 0.0,
    "pearson": 0.5204,
    "regression_loss": 2.2728,
    "rm2": 0.2458,
    "rmse": 1.5092,
    "sd": 1.4405,
    "spearman": 0.4737,
    "spectral_loss": 0.0
}
                              
                              
----------------------------------------
Epoch 053 with LR 0.000100: Model Results
----------------------------------------
Train MSE Loss: 0.5459, Train CLS Loss: 0.0000, Train MCLS Loss: 0.0000
Protein Cluster Region Loss - Ortho Loss: 0.0000, Cluster Loss: 0.0000
                              
Validation Results: {
    "ci": 0.7103,
    "classification_loss": 0.0,
    "cluster_loss": 0.0,
    "mae": 1.0892,
    "mse": 2.189,
    "multiclassification_loss": 0.0,
    "ortho_loss": 0.0,
    "pearson": 0.6089,
    "regression_loss": 2.1986,
    "rm2": 0.3432,
    "rmse": 1.4795,
    "sd": 1.4406,
    "spearman": 0.5815,
    "spectral_loss": 0.0
}
                              
Test Results: {
    "ci": 0.6675,
    "classification_loss": 0.0,
    "cluster_loss": 0.0,
    "mae": 1.1452,
    "mse": 2.2777,
    "multiclassification_loss": 0.0,
    "ortho_loss": 0.0,
    "pearson": 0.5204,
    "regression_loss": 2.2728,
    "rm2": 0.2458,
    "rmse": 1.5092,
    "sd": 1.4405,
    "spearman": 0.4737,
    "spectral_loss": 0.0
}
                              
                              
----------------------------------------
Epoch 054 with LR 0.000100: Model Results
----------------------------------------
Train MSE Loss: 0.5343, Train CLS Loss: 0.0000, Train MCLS Loss: 0.0000
Protein Cluster Region Loss - Ortho Loss: 0.0000, Cluster Loss: 0.0000
                              
Validation Results: {
    "ci": 0.7155,
    "classification_loss": 0.0,
    "cluster_loss": 0.0,
    "mae": 1.0767,
    "mse": 2.1113,
    "multiclassification_loss": 0.0,
    "ortho_loss": 0.0,
    "pearson": 0.6239,
    "regression_loss": 2.133,
    "rm2": 0.3528,
    "rmse": 1.453,
    "sd": 1.4192,
    "spearman": 0.5982,
    "spectral_loss": 0.0
}
                              
Test Results: {
    "ci": 0.6675,
    "classification_loss": 0.0,
    "cluster_loss": 0.0,
    "mae": 1.1452,
    "mse": 2.2777,
    "multiclassification_loss": 0.0,
    "ortho_loss": 0.0,
    "pearson": 0.5204,
    "regression_loss": 2.2728,
    "rm2": 0.2458,
    "rmse": 1.5092,
    "sd": 1.4405,
    "spearman": 0.4737,
    "spectral_loss": 0.0
}
                              
                              
----------------------------------------
Epoch 055 with LR 0.000100: Model Results
----------------------------------------
Train MSE Loss: 0.5343, Train CLS Loss: 0.0000, Train MCLS Loss: 0.0000
Protein Cluster Region Loss - Ortho Loss: 0.0000, Cluster Loss: 0.0000
                              
Validation Results: {
    "ci": 0.7075,
    "classification_loss": 0.0,
    "cluster_loss": 0.0,
    "mae": 1.0775,
    "mse": 2.1418,
    "multiclassification_loss": 0.0,
    "ortho_loss": 0.0,
    "pearson": 0.6118,
    "regression_loss": 2.1595,
    "rm2": 0.3324,
    "rmse": 1.4635,
    "sd": 1.4365,
    "spearman": 0.5739,
    "spectral_loss": 0.0
}
                              
Test Results: {
    "ci": 0.6675,
    "classification_loss": 0.0,
    "cluster_loss": 0.0,
    "mae": 1.1452,
    "mse": 2.2777,
    "multiclassification_loss": 0.0,
    "ortho_loss": 0.0,
    "pearson": 0.5204,
    "regression_loss": 2.2728,
    "rm2": 0.2458,
    "rmse": 1.5092,
    "sd": 1.4405,
    "spearman": 0.4737,
    "spectral_loss": 0.0
}
                              
                              
----------------------------------------
Epoch 056 with LR 0.000100: Model Results
----------------------------------------
Train MSE Loss: 0.5194, Train CLS Loss: 0.0000, Train MCLS Loss: 0.0000
Protein Cluster Region Loss - Ortho Loss: 0.0000, Cluster Loss: 0.0000
                              
Validation Results: {
    "ci": 0.717,
    "classification_loss": 0.0,
    "cluster_loss": 0.0,
    "mae": 1.0742,
    "mse": 2.0821,
    "multiclassification_loss": 0.0,
    "ortho_loss": 0.0,
    "pearson": 0.6297,
    "regression_loss": 2.1125,
    "rm2": 0.3645,
    "rmse": 1.443,
    "sd": 1.4109,
    "spearman": 0.6018,
    "spectral_loss": 0.0
}
                              
Test Results: {
    "ci": 0.6675,
    "classification_loss": 0.0,
    "cluster_loss": 0.0,
    "mae": 1.1452,
    "mse": 2.2777,
    "multiclassification_loss": 0.0,
    "ortho_loss": 0.0,
    "pearson": 0.5204,
    "regression_loss": 2.2728,
    "rm2": 0.2458,
    "rmse": 1.5092,
    "sd": 1.4405,
    "spearman": 0.4737,
    "spectral_loss": 0.0
}
                              
                              
----------------------------------------
Epoch 057 with LR 0.000100: Model Results
----------------------------------------
Train MSE Loss: 0.5252, Train CLS Loss: 0.0000, Train MCLS Loss: 0.0000
Protein Cluster Region Loss - Ortho Loss: 0.0000, Cluster Loss: 0.0000
                              
Validation Results: {
    "ci": 0.712,
    "classification_loss": 0.0,
    "cluster_loss": 0.0,
    "mae": 1.0841,
    "mse": 2.1169,
    "multiclassification_loss": 0.0,
    "ortho_loss": 0.0,
    "pearson": 0.6228,
    "regression_loss": 2.1221,
    "rm2": 0.3533,
    "rmse": 1.4549,
    "sd": 1.4209,
    "spearman": 0.5898,
    "spectral_loss": 0.0
}
                              
Test Results: {
    "ci": 0.6675,
    "classification_loss": 0.0,
    "cluster_loss": 0.0,
    "mae": 1.1452,
    "mse": 2.2777,
    "multiclassification_loss": 0.0,
    "ortho_loss": 0.0,
    "pearson": 0.5204,
    "regression_loss": 2.2728,
    "rm2": 0.2458,
    "rmse": 1.5092,
    "sd": 1.4405,
    "spearman": 0.4737,
    "spectral_loss": 0.0
}
                              
                              
----------------------------------------
Epoch 058 with LR 0.000100: Model Results
----------------------------------------
Train MSE Loss: 0.5283, Train CLS Loss: 0.0000, Train MCLS Loss: 0.0000
Protein Cluster Region Loss - Ortho Loss: 0.0000, Cluster Loss: 0.0000
                              
Validation Results: {
    "ci": 0.7135,
    "classification_loss": 0.0,
    "cluster_loss": 0.0,
    "mae": 1.0973,
    "mse": 2.1794,
    "multiclassification_loss": 0.0,
    "ortho_loss": 0.0,
    "pearson": 0.6203,
    "regression_loss": 2.1945,
    "rm2": 0.3399,
    "rmse": 1.4763,
    "sd": 1.4244,
    "spearman": 0.5917,
    "spectral_loss": 0.0
}
                              
Test Results: {
    "ci": 0.6675,
    "classification_loss": 0.0,
    "cluster_loss": 0.0,
    "mae": 1.1452,
    "mse": 2.2777,
    "multiclassification_loss": 0.0,
    "ortho_loss": 0.0,
    "pearson": 0.5204,
    "regression_loss": 2.2728,
    "rm2": 0.2458,
    "rmse": 1.5092,
    "sd": 1.4405,
    "spearman": 0.4737,
    "spectral_loss": 0.0
}
                              
                              
----------------------------------------
Epoch 059 with LR 0.000100: Model Results
----------------------------------------
Train MSE Loss: 0.5119, Train CLS Loss: 0.0000, Train MCLS Loss: 0.0000
Protein Cluster Region Loss - Ortho Loss: 0.0000, Cluster Loss: 0.0000
                              
Validation Results: {
    "ci": 0.7156,
    "classification_loss": 0.0,
    "cluster_loss": 0.0,
    "mae": 1.1015,
    "mse": 2.1928,
    "multiclassification_loss": 0.0,
    "ortho_loss": 0.0,
    "pearson": 0.6241,
    "regression_loss": 2.2177,
    "rm2": 0.3342,
    "rmse": 1.4808,
    "sd": 1.419,
    "spearman": 0.5957,
    "spectral_loss": 0.0
}
                              
Test Results: {
    "ci": 0.6675,
    "classification_loss": 0.0,
    "cluster_loss": 0.0,
    "mae": 1.1452,
    "mse": 2.2777,
    "multiclassification_loss": 0.0,
    "ortho_loss": 0.0,
    "pearson": 0.5204,
    "regression_loss": 2.2728,
    "rm2": 0.2458,
    "rmse": 1.5092,
    "sd": 1.4405,
    "spearman": 0.4737,
    "spectral_loss": 0.0
}
                              
                              
----------------------------------------
Epoch 060 with LR 0.000100: Model Results
----------------------------------------
Train MSE Loss: 0.5117, Train CLS Loss: 0.0000, Train MCLS Loss: 0.0000
Protein Cluster Region Loss - Ortho Loss: 0.0000, Cluster Loss: 0.0000
                              
Validation Results: {
    "ci": 0.7183,
    "classification_loss": 0.0,
    "cluster_loss": 0.0,
    "mae": 1.0879,
    "mse": 2.1125,
    "multiclassification_loss": 0.0,
    "ortho_loss": 0.0,
    "pearson": 0.6283,
    "regression_loss": 2.1409,
    "rm2": 0.3618,
    "rmse": 1.4534,
    "sd": 1.4129,
    "spearman": 0.6039,
    "spectral_loss": 0.0
}
                              
Test Results: {
    "ci": 0.6675,
    "classification_loss": 0.0,
    "cluster_loss": 0.0,
    "mae": 1.1452,
    "mse": 2.2777,
    "multiclassification_loss": 0.0,
    "ortho_loss": 0.0,
    "pearson": 0.5204,
    "regression_loss": 2.2728,
    "rm2": 0.2458,
    "rmse": 1.5092,
    "sd": 1.4405,
    "spearman": 0.4737,
    "spectral_loss": 0.0
}
                              
                              
----------------------------------------
Epoch 061 with LR 0.000100: Model Results
----------------------------------------
Train MSE Loss: 0.4988, Train CLS Loss: 0.0000, Train MCLS Loss: 0.0000
Protein Cluster Region Loss - Ortho Loss: 0.0000, Cluster Loss: 0.0000
                              
Validation Results: {
    "ci": 0.71,
    "classification_loss": 0.0,
    "cluster_loss": 0.0,
    "mae": 1.1032,
    "mse": 2.2,
    "multiclassification_loss": 0.0,
    "ortho_loss": 0.0,
    "pearson": 0.6153,
    "regression_loss": 2.2013,
    "rm2": 0.3554,
    "rmse": 1.4832,
    "sd": 1.4316,
    "spearman": 0.5824,
    "spectral_loss": 0.0
}
                              
Test Results: {
    "ci": 0.6675,
    "classification_loss": 0.0,
    "cluster_loss": 0.0,
    "mae": 1.1452,
    "mse": 2.2777,
    "multiclassification_loss": 0.0,
    "ortho_loss": 0.0,
    "pearson": 0.5204,
    "regression_loss": 2.2728,
    "rm2": 0.2458,
    "rmse": 1.5092,
    "sd": 1.4405,
    "spearman": 0.4737,
    "spectral_loss": 0.0
}
                              
                              
----------------------------------------
Epoch 062 with LR 0.000100: Model Results
----------------------------------------
Train MSE Loss: 0.4970, Train CLS Loss: 0.0000, Train MCLS Loss: 0.0000
Protein Cluster Region Loss - Ortho Loss: 0.0000, Cluster Loss: 0.0000
                              
Validation Results: {
    "ci": 0.7092,
    "classification_loss": 0.0,
    "cluster_loss": 0.0,
    "mae": 1.0973,
    "mse": 2.1692,
    "multiclassification_loss": 0.0,
    "ortho_loss": 0.0,
    "pearson": 0.6153,
    "regression_loss": 2.2029,
    "rm2": 0.3243,
    "rmse": 1.4728,
    "sd": 1.4315,
    "spearman": 0.5777,
    "spectral_loss": 0.0
}
                              
Test Results: {
    "ci": 0.6675,
    "classification_loss": 0.0,
    "cluster_loss": 0.0,
    "mae": 1.1452,
    "mse": 2.2777,
    "multiclassification_loss": 0.0,
    "ortho_loss": 0.0,
    "pearson": 0.5204,
    "regression_loss": 2.2728,
    "rm2": 0.2458,
    "rmse": 1.5092,
    "sd": 1.4405,
    "spearman": 0.4737,
    "spectral_loss": 0.0
}
                              
                              
----------------------------------------
Epoch 063 with LR 0.000100: Model Results
----------------------------------------
Train MSE Loss: 0.4976, Train CLS Loss: 0.0000, Train MCLS Loss: 0.0000
Protein Cluster Region Loss - Ortho Loss: 0.0000, Cluster Loss: 0.0000
                              
Validation Results: {
    "ci": 0.7114,
    "classification_loss": 0.0,
    "cluster_loss": 0.0,
    "mae": 1.1099,
    "mse": 2.1726,
    "multiclassification_loss": 0.0,
    "ortho_loss": 0.0,
    "pearson": 0.6261,
    "regression_loss": 2.2056,
    "rm2": 0.3363,
    "rmse": 1.474,
    "sd": 1.4161,
    "spearman": 0.5883,
    "spectral_loss": 0.0
}
                              
Test Results: {
    "ci": 0.6675,
    "classification_loss": 0.0,
    "cluster_loss": 0.0,
    "mae": 1.1452,
    "mse": 2.2777,
    "multiclassification_loss": 0.0,
    "ortho_loss": 0.0,
    "pearson": 0.5204,
    "regression_loss": 2.2728,
    "rm2": 0.2458,
    "rmse": 1.5092,
    "sd": 1.4405,
    "spearman": 0.4737,
    "spectral_loss": 0.0
}
                              
                              
----------------------------------------
Epoch 064 with LR 0.000100: Model Results
----------------------------------------
Train MSE Loss: 0.4948, Train CLS Loss: 0.0000, Train MCLS Loss: 0.0000
Protein Cluster Region Loss - Ortho Loss: 0.0000, Cluster Loss: 0.0000
                              
Validation Results: {
    "ci": 0.7103,
    "classification_loss": 0.0,
    "cluster_loss": 0.0,
    "mae": 1.082,
    "mse": 2.112,
    "multiclassification_loss": 0.0,
    "ortho_loss": 0.0,
    "pearson": 0.6183,
    "regression_loss": 2.1264,
    "rm2": 0.3539,
    "rmse": 1.4533,
    "sd": 1.4273,
    "spearman": 0.5826,
    "spectral_loss": 0.0
}
                              
Test Results: {
    "ci": 0.6675,
    "classification_loss": 0.0,
    "cluster_loss": 0.0,
    "mae": 1.1452,
    "mse": 2.2777,
    "multiclassification_loss": 0.0,
    "ortho_loss": 0.0,
    "pearson": 0.5204,
    "regression_loss": 2.2728,
    "rm2": 0.2458,
    "rmse": 1.5092,
    "sd": 1.4405,
    "spearman": 0.4737,
    "spectral_loss": 0.0
}
                              
                              
----------------------------------------
Epoch 065 with LR 0.000100: Model Results
----------------------------------------
Train MSE Loss: 0.4851, Train CLS Loss: 0.0000, Train MCLS Loss: 0.0000
Protein Cluster Region Loss - Ortho Loss: 0.0000, Cluster Loss: 0.0000
                              
Validation Results: {
    "ci": 0.7172,
    "classification_loss": 0.0,
    "cluster_loss": 0.0,
    "mae": 1.0772,
    "mse": 2.1218,
    "multiclassification_loss": 0.0,
    "ortho_loss": 0.0,
    "pearson": 0.6288,
    "regression_loss": 2.1415,
    "rm2": 0.3524,
    "rmse": 1.4566,
    "sd": 1.4121,
    "spearman": 0.6012,
    "spectral_loss": 0.0
}
                              
Test Results: {
    "ci": 0.6675,
    "classification_loss": 0.0,
    "cluster_loss": 0.0,
    "mae": 1.1452,
    "mse": 2.2777,
    "multiclassification_loss": 0.0,
    "ortho_loss": 0.0,
    "pearson": 0.5204,
    "regression_loss": 2.2728,
    "rm2": 0.2458,
    "rmse": 1.5092,
    "sd": 1.4405,
    "spearman": 0.4737,
    "spectral_loss": 0.0
}
                              
                              
----------------------------------------
Epoch 066 with LR 0.000100: Model Results
----------------------------------------
Train MSE Loss: 0.4880, Train CLS Loss: 0.0000, Train MCLS Loss: 0.0000
Protein Cluster Region Loss - Ortho Loss: 0.0000, Cluster Loss: 0.0000
                              
Validation Results: {
    "ci": 0.7116,
    "classification_loss": 0.0,
    "cluster_loss": 0.0,
    "mae": 1.1035,
    "mse": 2.1859,
    "multiclassification_loss": 0.0,
    "ortho_loss": 0.0,
    "pearson": 0.615,
    "regression_loss": 2.1984,
    "rm2": 0.3382,
    "rmse": 1.4785,
    "sd": 1.432,
    "spearman": 0.5869,
    "spectral_loss": 0.0
}
                              
Test Results: {
    "ci": 0.6675,
    "classification_loss": 0.0,
    "cluster_loss": 0.0,
    "mae": 1.1452,
    "mse": 2.2777,
    "multiclassification_loss": 0.0,
    "ortho_loss": 0.0,
    "pearson": 0.5204,
    "regression_loss": 2.2728,
    "rm2": 0.2458,
    "rmse": 1.5092,
    "sd": 1.4405,
    "spearman": 0.4737,
    "spectral_loss": 0.0
}
                              
                              
----------------------------------------
Epoch 067 with LR 0.000100: Model Results
----------------------------------------
Train MSE Loss: 0.4816, Train CLS Loss: 0.0000, Train MCLS Loss: 0.0000
Protein Cluster Region Loss - Ortho Loss: 0.0000, Cluster Loss: 0.0000
                              
Validation Results: {
    "ci": 0.7146,
    "classification_loss": 0.0,
    "cluster_loss": 0.0,
    "mae": 1.0842,
    "mse": 2.1777,
    "multiclassification_loss": 0.0,
    "ortho_loss": 0.0,
    "pearson": 0.6153,
    "regression_loss": 2.1964,
    "rm2": 0.3518,
    "rmse": 1.4757,
    "sd": 1.4316,
    "spearman": 0.5913,
    "spectral_loss": 0.0
}
                              
Test Results: {
    "ci": 0.6675,
    "classification_loss": 0.0,
    "cluster_loss": 0.0,
    "mae": 1.1452,
    "mse": 2.2777,
    "multiclassification_loss": 0.0,
    "ortho_loss": 0.0,
    "pearson": 0.5204,
    "regression_loss": 2.2728,
    "rm2": 0.2458,
    "rmse": 1.5092,
    "sd": 1.4405,
    "spearman": 0.4737,
    "spectral_loss": 0.0
}
                              
                              
----------------------------------------
Epoch 068 with LR 0.000100: Model Results
----------------------------------------
Train MSE Loss: 0.4768, Train CLS Loss: 0.0000, Train MCLS Loss: 0.0000
Protein Cluster Region Loss - Ortho Loss: 0.0000, Cluster Loss: 0.0000
                              
Validation Results: {
    "ci": 0.7088,
    "classification_loss": 0.0,
    "cluster_loss": 0.0,
    "mae": 1.0997,
    "mse": 2.2207,
    "multiclassification_loss": 0.0,
    "ortho_loss": 0.0,
    "pearson": 0.6097,
    "regression_loss": 2.2356,
    "rm2": 0.3491,
    "rmse": 1.4902,
    "sd": 1.4394,
    "spearman": 0.5779,
    "spectral_loss": 0.0
}
                              
Test Results: {
    "ci": 0.6675,
    "classification_loss": 0.0,
    "cluster_loss": 0.0,
    "mae": 1.1452,
    "mse": 2.2777,
    "multiclassification_loss": 0.0,
    "ortho_loss": 0.0,
    "pearson": 0.5204,
    "regression_loss": 2.2728,
    "rm2": 0.2458,
    "rmse": 1.5092,
    "sd": 1.4405,
    "spearman": 0.4737,
    "spectral_loss": 0.0
}
                              
                              
----------------------------------------
Epoch 069 with LR 0.000100: Model Results
----------------------------------------
Train MSE Loss: 0.4782, Train CLS Loss: 0.0000, Train MCLS Loss: 0.0000
Protein Cluster Region Loss - Ortho Loss: 0.0000, Cluster Loss: 0.0000
                              
Validation Results: {
    "ci": 0.7162,
    "classification_loss": 0.0,
    "cluster_loss": 0.0,
    "mae": 1.0765,
    "mse": 2.1124,
    "multiclassification_loss": 0.0,
    "ortho_loss": 0.0,
    "pearson": 0.6232,
    "regression_loss": 2.1325,
    "rm2": 0.3376,
    "rmse": 1.4534,
    "sd": 1.4203,
    "spearman": 0.597,
    "spectral_loss": 0.0
}
                              
Test Results: {
    "ci": 0.6675,
    "classification_loss": 0.0,
    "cluster_loss": 0.0,
    "mae": 1.1452,
    "mse": 2.2777,
    "multiclassification_loss": 0.0,
    "ortho_loss": 0.0,
    "pearson": 0.5204,
    "regression_loss": 2.2728,
    "rm2": 0.2458,
    "rmse": 1.5092,
    "sd": 1.4405,
    "spearman": 0.4737,
    "spectral_loss": 0.0
}
                              
                              
----------------------------------------
Epoch 070 with LR 0.000100: Model Results
----------------------------------------
Train MSE Loss: 0.4691, Train CLS Loss: 0.0000, Train MCLS Loss: 0.0000
Protein Cluster Region Loss - Ortho Loss: 0.0000, Cluster Loss: 0.0000
                              
Validation Results: {
    "ci": 0.7111,
    "classification_loss": 0.0,
    "cluster_loss": 0.0,
    "mae": 1.11,
    "mse": 2.2014,
    "multiclassification_loss": 0.0,
    "ortho_loss": 0.0,
    "pearson": 0.62,
    "regression_loss": 2.2115,
    "rm2": 0.3209,
    "rmse": 1.4837,
    "sd": 1.4248,
    "spearman": 0.586,
    "spectral_loss": 0.0
}
                              
Test Results: {
    "ci": 0.6675,
    "classification_loss": 0.0,
    "cluster_loss": 0.0,
    "mae": 1.1452,
    "mse": 2.2777,
    "multiclassification_loss": 0.0,
    "ortho_loss": 0.0,
    "pearson": 0.5204,
    "regression_loss": 2.2728,
    "rm2": 0.2458,
    "rmse": 1.5092,
    "sd": 1.4405,
    "spearman": 0.4737,
    "spectral_loss": 0.0
}
                              
                              
----------------------------------------
Epoch 071 with LR 0.000100: Model Results
----------------------------------------
Train MSE Loss: 0.4635, Train CLS Loss: 0.0000, Train MCLS Loss: 0.0000
Protein Cluster Region Loss - Ortho Loss: 0.0000, Cluster Loss: 0.0000
                              
Validation Results: {
    "ci": 0.716,
    "classification_loss": 0.0,
    "cluster_loss": 0.0,
    "mae": 1.0716,
    "mse": 2.0806,
    "multiclassification_loss": 0.0,
    "ortho_loss": 0.0,
    "pearson": 0.6261,
    "regression_loss": 2.0974,
    "rm2": 0.351,
    "rmse": 1.4424,
    "sd": 1.416,
    "spearman": 0.5979,
    "spectral_loss": 0.0
}
                              
Test Results: {
    "ci": 0.6675,
    "classification_loss": 0.0,
    "cluster_loss": 0.0,
    "mae": 1.1452,
    "mse": 2.2777,
    "multiclassification_loss": 0.0,
    "ortho_loss": 0.0,
    "pearson": 0.5204,
    "regression_loss": 2.2728,
    "rm2": 0.2458,
    "rmse": 1.5092,
    "sd": 1.4405,
    "spearman": 0.4737,
    "spectral_loss": 0.0
}
                              
                              
----------------------------------------
Epoch 072 with LR 0.000100: Model Results
----------------------------------------
Train MSE Loss: 0.4556, Train CLS Loss: 0.0000, Train MCLS Loss: 0.0000
Protein Cluster Region Loss - Ortho Loss: 0.0000, Cluster Loss: 0.0000
                              
Validation Results: {
    "ci": 0.7147,
    "classification_loss": 0.0,
    "cluster_loss": 0.0,
    "mae": 1.0894,
    "mse": 2.1431,
    "multiclassification_loss": 0.0,
    "ortho_loss": 0.0,
    "pearson": 0.6244,
    "regression_loss": 2.1593,
    "rm2": 0.3404,
    "rmse": 1.4639,
    "sd": 1.4186,
    "spearman": 0.5969,
    "spectral_loss": 0.0
}
                              
Test Results: {
    "ci": 0.6675,
    "classification_loss": 0.0,
    "cluster_loss": 0.0,
    "mae": 1.1452,
    "mse": 2.2777,
    "multiclassification_loss": 0.0,
    "ortho_loss": 0.0,
    "pearson": 0.5204,
    "regression_loss": 2.2728,
    "rm2": 0.2458,
    "rmse": 1.5092,
    "sd": 1.4405,
    "spearman": 0.4737,
    "spectral_loss": 0.0
}
                              
                              
----------------------------------------
Epoch 073 with LR 0.000100: Model Results
----------------------------------------
Train MSE Loss: 0.4526, Train CLS Loss: 0.0000, Train MCLS Loss: 0.0000
Protein Cluster Region Loss - Ortho Loss: 0.0000, Cluster Loss: 0.0000
                              
Validation Results: {
    "ci": 0.7203,
    "classification_loss": 0.0,
    "cluster_loss": 0.0,
    "mae": 1.0929,
    "mse": 2.1472,
    "multiclassification_loss": 0.0,
    "ortho_loss": 0.0,
    "pearson": 0.6383,
    "regression_loss": 2.1687,
    "rm2": 0.3389,
    "rmse": 1.4653,
    "sd": 1.398,
    "spearman": 0.6072,
    "spectral_loss": 0.0
}
                              
Test Results: {
    "ci": 0.6675,
    "classification_loss": 0.0,
    "cluster_loss": 0.0,
    "mae": 1.1452,
    "mse": 2.2777,
    "multiclassification_loss": 0.0,
    "ortho_loss": 0.0,
    "pearson": 0.5204,
    "regression_loss": 2.2728,
    "rm2": 0.2458,
    "rmse": 1.5092,
    "sd": 1.4405,
    "spearman": 0.4737,
    "spectral_loss": 0.0
}
                              
                              
----------------------------------------
Epoch 074 with LR 0.000100: Model Results
----------------------------------------
Train MSE Loss: 0.4582, Train CLS Loss: 0.0000, Train MCLS Loss: 0.0000
Protein Cluster Region Loss - Ortho Loss: 0.0000, Cluster Loss: 0.0000
                              
Validation Results: {
    "ci": 0.7082,
    "classification_loss": 0.0,
    "cluster_loss": 0.0,
    "mae": 1.0962,
    "mse": 2.1944,
    "multiclassification_loss": 0.0,
    "ortho_loss": 0.0,
    "pearson": 0.6098,
    "regression_loss": 2.2129,
    "rm2": 0.3331,
    "rmse": 1.4813,
    "sd": 1.4393,
    "spearman": 0.5767,
    "spectral_loss": 0.0
}
                              
Test Results: {
    "ci": 0.6675,
    "classification_loss": 0.0,
    "cluster_loss": 0.0,
    "mae": 1.1452,
    "mse": 2.2777,
    "multiclassification_loss": 0.0,
    "ortho_loss": 0.0,
    "pearson": 0.5204,
    "regression_loss": 2.2728,
    "rm2": 0.2458,
    "rmse": 1.5092,
    "sd": 1.4405,
    "spearman": 0.4737,
    "spectral_loss": 0.0
}
                              
                              
----------------------------------------
Epoch 075 with LR 0.000100: Model Results
----------------------------------------
Train MSE Loss: 0.4440, Train CLS Loss: 0.0000, Train MCLS Loss: 0.0000
Protein Cluster Region Loss - Ortho Loss: 0.0000, Cluster Loss: 0.0000
                              
Validation Results: {
    "ci": 0.7173,
    "classification_loss": 0.0,
    "cluster_loss": 0.0,
    "mae": 1.0765,
    "mse": 2.0809,
    "multiclassification_loss": 0.0,
    "ortho_loss": 0.0,
    "pearson": 0.6298,
    "regression_loss": 2.1091,
    "rm2": 0.3471,
    "rmse": 1.4425,
    "sd": 1.4106,
    "spearman": 0.5985,
    "spectral_loss": 0.0
}
                              
Test Results: {
    "ci": 0.6675,
    "classification_loss": 0.0,
    "cluster_loss": 0.0,
    "mae": 1.1452,
    "mse": 2.2777,
    "multiclassification_loss": 0.0,
    "ortho_loss": 0.0,
    "pearson": 0.5204,
    "regression_loss": 2.2728,
    "rm2": 0.2458,
    "rmse": 1.5092,
    "sd": 1.4405,
    "spearman": 0.4737,
    "spectral_loss": 0.0
}
                              
                              
----------------------------------------
Epoch 076 with LR 0.000100: Model Results
----------------------------------------
Train MSE Loss: 0.4441, Train CLS Loss: 0.0000, Train MCLS Loss: 0.0000
Protein Cluster Region Loss - Ortho Loss: 0.0000, Cluster Loss: 0.0000
                              
Validation Results: {
    "ci": 0.715,
    "classification_loss": 0.0,
    "cluster_loss": 0.0,
    "mae": 1.0882,
    "mse": 2.1251,
    "multiclassification_loss": 0.0,
    "ortho_loss": 0.0,
    "pearson": 0.621,
    "regression_loss": 2.1447,
    "rm2": 0.3471,
    "rmse": 1.4578,
    "sd": 1.4235,
    "spearman": 0.5969,
    "spectral_loss": 0.0
}
                              
Test Results: {
    "ci": 0.6675,
    "classification_loss": 0.0,
    "cluster_loss": 0.0,
    "mae": 1.1452,
    "mse": 2.2777,
    "multiclassification_loss": 0.0,
    "ortho_loss": 0.0,
    "pearson": 0.5204,
    "regression_loss": 2.2728,
    "rm2": 0.2458,
    "rmse": 1.5092,
    "sd": 1.4405,
    "spearman": 0.4737,
    "spectral_loss": 0.0
}
                              
                              
----------------------------------------
Epoch 077 with LR 0.000100: Model Results
----------------------------------------
Train MSE Loss: 0.4414, Train CLS Loss: 0.0000, Train MCLS Loss: 0.0000
Protein Cluster Region Loss - Ortho Loss: 0.0000, Cluster Loss: 0.0000
                              
Validation Results: {
    "ci": 0.7156,
    "classification_loss": 0.0,
    "cluster_loss": 0.0,
    "mae": 1.0603,
    "mse": 2.0506,
    "multiclassification_loss": 0.0,
    "ortho_loss": 0.0,
    "pearson": 0.6261,
    "regression_loss": 2.0673,
    "rm2": 0.3738,
    "rmse": 1.432,
    "sd": 1.4161,
    "spearman": 0.596,
    "spectral_loss": 0.0
}
                              
Test Results: {
    "ci": 0.6675,
    "classification_loss": 0.0,
    "cluster_loss": 0.0,
    "mae": 1.1452,
    "mse": 2.2777,
    "multiclassification_loss": 0.0,
    "ortho_loss": 0.0,
    "pearson": 0.5204,
    "regression_loss": 2.2728,
    "rm2": 0.2458,
    "rmse": 1.5092,
    "sd": 1.4405,
    "spearman": 0.4737,
    "spectral_loss": 0.0
}
                              
                              
----------------------------------------
Epoch 078 with LR 0.000100: Model Results
----------------------------------------
Train MSE Loss: 0.4373, Train CLS Loss: 0.0000, Train MCLS Loss: 0.0000
Protein Cluster Region Loss - Ortho Loss: 0.0000, Cluster Loss: 0.0000
                              
Validation Results: {
    "ci": 0.7265,
    "classification_loss": 0.0,
    "cluster_loss": 0.0,
    "mae": 1.0675,
    "mse": 2.0883,
    "multiclassification_loss": 0.0,
    "ortho_loss": 0.0,
    "pearson": 0.6416,
    "regression_loss": 2.1248,
    "rm2": 0.3439,
    "rmse": 1.4451,
    "sd": 1.3929,
    "spearman": 0.6207,
    "spectral_loss": 0.0
}
                              
Test Results: {
    "ci": 0.6675,
    "classification_loss": 0.0,
    "cluster_loss": 0.0,
    "mae": 1.1452,
    "mse": 2.2777,
    "multiclassification_loss": 0.0,
    "ortho_loss": 0.0,
    "pearson": 0.5204,
    "regression_loss": 2.2728,
    "rm2": 0.2458,
    "rmse": 1.5092,
    "sd": 1.4405,
    "spearman": 0.4737,
    "spectral_loss": 0.0
}
                              
                              
----------------------------------------
Epoch 079 with LR 0.000100: Model Results
----------------------------------------
Train MSE Loss: 0.4328, Train CLS Loss: 0.0000, Train MCLS Loss: 0.0000
Protein Cluster Region Loss - Ortho Loss: 0.0000, Cluster Loss: 0.0000
                              
Validation Results: {
    "ci": 0.7084,
    "classification_loss": 0.0,
    "cluster_loss": 0.0,
    "mae": 1.08,
    "mse": 2.1351,
    "multiclassification_loss": 0.0,
    "ortho_loss": 0.0,
    "pearson": 0.6093,
    "regression_loss": 2.156,
    "rm2": 0.3361,
    "rmse": 1.4612,
    "sd": 1.4401,
    "spearman": 0.5764,
    "spectral_loss": 0.0
}
                              
Test Results: {
    "ci": 0.6675,
    "classification_loss": 0.0,
    "cluster_loss": 0.0,
    "mae": 1.1452,
    "mse": 2.2777,
    "multiclassification_loss": 0.0,
    "ortho_loss": 0.0,
    "pearson": 0.5204,
    "regression_loss": 2.2728,
    "rm2": 0.2458,
    "rmse": 1.5092,
    "sd": 1.4405,
    "spearman": 0.4737,
    "spectral_loss": 0.0
}
                              
                              
----------------------------------------
Epoch 080 with LR 0.000100: Model Results
----------------------------------------
Train MSE Loss: 0.4337, Train CLS Loss: 0.0000, Train MCLS Loss: 0.0000
Protein Cluster Region Loss - Ortho Loss: 0.0000, Cluster Loss: 0.0000
                              
Validation Results: {
    "ci": 0.7066,
    "classification_loss": 0.0,
    "cluster_loss": 0.0,
    "mae": 1.1057,
    "mse": 2.1952,
    "multiclassification_loss": 0.0,
    "ortho_loss": 0.0,
    "pearson": 0.6115,
    "regression_loss": 2.2309,
    "rm2": 0.3175,
    "rmse": 1.4816,
    "sd": 1.4369,
    "spearman": 0.572,
    "spectral_loss": 0.0
}
                              
Test Results: {
    "ci": 0.6675,
    "classification_loss": 0.0,
    "cluster_loss": 0.0,
    "mae": 1.1452,
    "mse": 2.2777,
    "multiclassification_loss": 0.0,
    "ortho_loss": 0.0,
    "pearson": 0.5204,
    "regression_loss": 2.2728,
    "rm2": 0.2458,
    "rmse": 1.5092,
    "sd": 1.4405,
    "spearman": 0.4737,
    "spectral_loss": 0.0
}
                              
                              
----------------------------------------
Epoch 081 with LR 0.000100: Model Results
----------------------------------------
Train MSE Loss: 0.4281, Train CLS Loss: 0.0000, Train MCLS Loss: 0.0000
Protein Cluster Region Loss - Ortho Loss: 0.0000, Cluster Loss: 0.0000
                              
Validation Results: {
    "ci": 0.7173,
    "classification_loss": 0.0,
    "cluster_loss": 0.0,
    "mae": 1.0614,
    "mse": 2.0706,
    "multiclassification_loss": 0.0,
    "ortho_loss": 0.0,
    "pearson": 0.6233,
    "regression_loss": 2.0903,
    "rm2": 0.3615,
    "rmse": 1.4389,
    "sd": 1.4201,
    "spearman": 0.5977,
    "spectral_loss": 0.0
}
                              
Test Results: {
    "ci": 0.6675,
    "classification_loss": 0.0,
    "cluster_loss": 0.0,
    "mae": 1.1452,
    "mse": 2.2777,
    "multiclassification_loss": 0.0,
    "ortho_loss": 0.0,
    "pearson": 0.5204,
    "regression_loss": 2.2728,
    "rm2": 0.2458,
    "rmse": 1.5092,
    "sd": 1.4405,
    "spearman": 0.4737,
    "spectral_loss": 0.0
}
                              
                              
----------------------------------------
Epoch 082 with LR 0.000100: Model Results
----------------------------------------
Train MSE Loss: 0.4230, Train CLS Loss: 0.0000, Train MCLS Loss: 0.0000
Protein Cluster Region Loss - Ortho Loss: 0.0000, Cluster Loss: 0.0000
                              
Validation Results: {
    "ci": 0.7062,
    "classification_loss": 0.0,
    "cluster_loss": 0.0,
    "mae": 1.1096,
    "mse": 2.2276,
    "multiclassification_loss": 0.0,
    "ortho_loss": 0.0,
    "pearson": 0.6074,
    "regression_loss": 2.2384,
    "rm2": 0.3334,
    "rmse": 1.4925,
    "sd": 1.4427,
    "spearman": 0.5723,
    "spectral_loss": 0.0
}
                              
Test Results: {
    "ci": 0.6675,
    "classification_loss": 0.0,
    "cluster_loss": 0.0,
    "mae": 1.1452,
    "mse": 2.2777,
    "multiclassification_loss": 0.0,
    "ortho_loss": 0.0,
    "pearson": 0.5204,
    "regression_loss": 2.2728,
    "rm2": 0.2458,
    "rmse": 1.5092,
    "sd": 1.4405,
    "spearman": 0.4737,
    "spectral_loss": 0.0
}
                              
                              
----------------------------------------
Epoch 083 with LR 0.000100: Model Results
----------------------------------------
Train MSE Loss: 0.4225, Train CLS Loss: 0.0000, Train MCLS Loss: 0.0000
Protein Cluster Region Loss - Ortho Loss: 0.0000, Cluster Loss: 0.0000
                              
Validation Results: {
    "ci": 0.7196,
    "classification_loss": 0.0,
    "cluster_loss": 0.0,
    "mae": 1.0619,
    "mse": 2.0712,
    "multiclassification_loss": 0.0,
    "ortho_loss": 0.0,
    "pearson": 0.6371,
    "regression_loss": 2.0871,
    "rm2": 0.3588,
    "rmse": 1.4391,
    "sd": 1.3998,
    "spearman": 0.6045,
    "spectral_loss": 0.0
}
                              
Test Results: {
    "ci": 0.6675,
    "classification_loss": 0.0,
    "cluster_loss": 0.0,
    "mae": 1.1452,
    "mse": 2.2777,
    "multiclassification_loss": 0.0,
    "ortho_loss": 0.0,
    "pearson": 0.5204,
    "regression_loss": 2.2728,
    "rm2": 0.2458,
    "rmse": 1.5092,
    "sd": 1.4405,
    "spearman": 0.4737,
    "spectral_loss": 0.0
}
                              
                              
----------------------------------------
Epoch 084 with LR 0.000100: Model Results
----------------------------------------
Train MSE Loss: 0.4141, Train CLS Loss: 0.0000, Train MCLS Loss: 0.0000
Protein Cluster Region Loss - Ortho Loss: 0.0000, Cluster Loss: 0.0000
                              
Validation Results: {
    "ci": 0.7237,
    "classification_loss": 0.0,
    "cluster_loss": 0.0,
    "mae": 1.0637,
    "mse": 2.0239,
    "multiclassification_loss": 0.0,
    "ortho_loss": 0.0,
    "pearson": 0.6377,
    "regression_loss": 2.0536,
    "rm2": 0.3762,
    "rmse": 1.4227,
    "sd": 1.3988,
    "spearman": 0.6183,
    "spectral_loss": 0.0
}
                              
Test Results: {
    "ci": 0.6675,
    "classification_loss": 0.0,
    "cluster_loss": 0.0,
    "mae": 1.1452,
    "mse": 2.2777,
    "multiclassification_loss": 0.0,
    "ortho_loss": 0.0,
    "pearson": 0.5204,
    "regression_loss": 2.2728,
    "rm2": 0.2458,
    "rmse": 1.5092,
    "sd": 1.4405,
    "spearman": 0.4737,
    "spectral_loss": 0.0
}
                              
                              
----------------------------------------
Epoch 085 with LR 0.000100: Model Results
----------------------------------------
Train MSE Loss: 0.4154, Train CLS Loss: 0.0000, Train MCLS Loss: 0.0000
Protein Cluster Region Loss - Ortho Loss: 0.0000, Cluster Loss: 0.0000
                              
Validation Results: {
    "ci": 0.7081,
    "classification_loss": 0.0,
    "cluster_loss": 0.0,
    "mae": 1.0893,
    "mse": 2.1678,
    "multiclassification_loss": 0.0,
    "ortho_loss": 0.0,
    "pearson": 0.6101,
    "regression_loss": 2.1901,
    "rm2": 0.3345,
    "rmse": 1.4724,
    "sd": 1.4389,
    "spearman": 0.5768,
    "spectral_loss": 0.0
}
                              
Test Results: {
    "ci": 0.6675,
    "classification_loss": 0.0,
    "cluster_loss": 0.0,
    "mae": 1.1452,
    "mse": 2.2777,
    "multiclassification_loss": 0.0,
    "ortho_loss": 0.0,
    "pearson": 0.5204,
    "regression_loss": 2.2728,
    "rm2": 0.2458,
    "rmse": 1.5092,
    "sd": 1.4405,
    "spearman": 0.4737,
    "spectral_loss": 0.0
}
                              
                              
----------------------------------------
Epoch 086 with LR 0.000100: Model Results
----------------------------------------
Train MSE Loss: 0.4149, Train CLS Loss: 0.0000, Train MCLS Loss: 0.0000
Protein Cluster Region Loss - Ortho Loss: 0.0000, Cluster Loss: 0.0000
                              
Validation Results: {
    "ci": 0.7112,
    "classification_loss": 0.0,
    "cluster_loss": 0.0,
    "mae": 1.1057,
    "mse": 2.2228,
    "multiclassification_loss": 0.0,
    "ortho_loss": 0.0,
    "pearson": 0.6081,
    "regression_loss": 2.2278,
    "rm2": 0.3341,
    "rmse": 1.4909,
    "sd": 1.4418,
    "spearman": 0.5854,
    "spectral_loss": 0.0
}
                              
Test Results: {
    "ci": 0.6675,
    "classification_loss": 0.0,
    "cluster_loss": 0.0,
    "mae": 1.1452,
    "mse": 2.2777,
    "multiclassification_loss": 0.0,
    "ortho_loss": 0.0,
    "pearson": 0.5204,
    "regression_loss": 2.2728,
    "rm2": 0.2458,
    "rmse": 1.5092,
    "sd": 1.4405,
    "spearman": 0.4737,
    "spectral_loss": 0.0
}
                              
                              
----------------------------------------
Epoch 087 with LR 0.000100: Model Results
----------------------------------------
Train MSE Loss: 0.4036, Train CLS Loss: 0.0000, Train MCLS Loss: 0.0000
Protein Cluster Region Loss - Ortho Loss: 0.0000, Cluster Loss: 0.0000
                              
Validation Results: {
    "ci": 0.7176,
    "classification_loss": 0.0,
    "cluster_loss": 0.0,
    "mae": 1.0948,
    "mse": 2.1565,
    "multiclassification_loss": 0.0,
    "ortho_loss": 0.0,
    "pearson": 0.629,
    "regression_loss": 2.1916,
    "rm2": 0.3339,
    "rmse": 1.4685,
    "sd": 1.4118,
    "spearman": 0.602,
    "spectral_loss": 0.0
}
                              
Test Results: {
    "ci": 0.6675,
    "classification_loss": 0.0,
    "cluster_loss": 0.0,
    "mae": 1.1452,
    "mse": 2.2777,
    "multiclassification_loss": 0.0,
    "ortho_loss": 0.0,
    "pearson": 0.5204,
    "regression_loss": 2.2728,
    "rm2": 0.2458,
    "rmse": 1.5092,
    "sd": 1.4405,
    "spearman": 0.4737,
    "spectral_loss": 0.0
}
                              
                              
----------------------------------------
Epoch 088 with LR 0.000100: Model Results
----------------------------------------
Train MSE Loss: 0.4067, Train CLS Loss: 0.0000, Train MCLS Loss: 0.0000
Protein Cluster Region Loss - Ortho Loss: 0.0000, Cluster Loss: 0.0000
                              
Validation Results: {
    "ci": 0.7194,
    "classification_loss": 0.0,
    "cluster_loss": 0.0,
    "mae": 1.0736,
    "mse": 2.0738,
    "multiclassification_loss": 0.0,
    "ortho_loss": 0.0,
    "pearson": 0.6295,
    "regression_loss": 2.1079,
    "rm2": 0.3457,
    "rmse": 1.4401,
    "sd": 1.4111,
    "spearman": 0.6059,
    "spectral_loss": 0.0
}
                              
Test Results: {
    "ci": 0.6675,
    "classification_loss": 0.0,
    "cluster_loss": 0.0,
    "mae": 1.1452,
    "mse": 2.2777,
    "multiclassification_loss": 0.0,
    "ortho_loss": 0.0,
    "pearson": 0.5204,
    "regression_loss": 2.2728,
    "rm2": 0.2458,
    "rmse": 1.5092,
    "sd": 1.4405,
    "spearman": 0.4737,
    "spectral_loss": 0.0
}
                              
                              
----------------------------------------
Epoch 089 with LR 0.000100: Model Results
----------------------------------------
Train MSE Loss: 0.4080, Train CLS Loss: 0.0000, Train MCLS Loss: 0.0000
Protein Cluster Region Loss - Ortho Loss: 0.0000, Cluster Loss: 0.0000
                              
Validation Results: {
    "ci": 0.7089,
    "classification_loss": 0.0,
    "cluster_loss": 0.0,
    "mae": 1.1014,
    "mse": 2.1979,
    "multiclassification_loss": 0.0,
    "ortho_loss": 0.0,
    "pearson": 0.6085,
    "regression_loss": 2.2153,
    "rm2": 0.3254,
    "rmse": 1.4825,
    "sd": 1.4412,
    "spearman": 0.581,
    "spectral_loss": 0.0
}
                              
Test Results: {
    "ci": 0.6675,
    "classification_loss": 0.0,
    "cluster_loss": 0.0,
    "mae": 1.1452,
    "mse": 2.2777,
    "multiclassification_loss": 0.0,
    "ortho_loss": 0.0,
    "pearson": 0.5204,
    "regression_loss": 2.2728,
    "rm2": 0.2458,
    "rmse": 1.5092,
    "sd": 1.4405,
    "spearman": 0.4737,
    "spectral_loss": 0.0
}
                              
                              
----------------------------------------
Epoch 090 with LR 0.000100: Model Results
----------------------------------------
Train MSE Loss: 0.4080, Train CLS Loss: 0.0000, Train MCLS Loss: 0.0000
Protein Cluster Region Loss - Ortho Loss: 0.0000, Cluster Loss: 0.0000
                              
Validation Results: {
    "ci": 0.7091,
    "classification_loss": 0.0,
    "cluster_loss": 0.0,
    "mae": 1.1096,
    "mse": 2.2507,
    "multiclassification_loss": 0.0,
    "ortho_loss": 0.0,
    "pearson": 0.6045,
    "regression_loss": 2.2528,
    "rm2": 0.3227,
    "rmse": 1.5002,
    "sd": 1.4467,
    "spearman": 0.5776,
    "spectral_loss": 0.0
}
                              
Test Results: {
    "ci": 0.6675,
    "classification_loss": 0.0,
    "cluster_loss": 0.0,
    "mae": 1.1452,
    "mse": 2.2777,
    "multiclassification_loss": 0.0,
    "ortho_loss": 0.0,
    "pearson": 0.5204,
    "regression_loss": 2.2728,
    "rm2": 0.2458,
    "rmse": 1.5092,
    "sd": 1.4405,
    "spearman": 0.4737,
    "spectral_loss": 0.0
}
                              
                              
----------------------------------------
Epoch 091 with LR 0.000100: Model Results
----------------------------------------
Train MSE Loss: 0.4017, Train CLS Loss: 0.0000, Train MCLS Loss: 0.0000
Protein Cluster Region Loss - Ortho Loss: 0.0000, Cluster Loss: 0.0000
                              
Validation Results: {
    "ci": 0.7155,
    "classification_loss": 0.0,
    "cluster_loss": 0.0,
    "mae": 1.0813,
    "mse": 2.1204,
    "multiclassification_loss": 0.0,
    "ortho_loss": 0.0,
    "pearson": 0.6199,
    "regression_loss": 2.1383,
    "rm2": 0.3478,
    "rmse": 1.4562,
    "sd": 1.4251,
    "spearman": 0.5951,
    "spectral_loss": 0.0
}
                              
Test Results: {
    "ci": 0.6675,
    "classification_loss": 0.0,
    "cluster_loss": 0.0,
    "mae": 1.1452,
    "mse": 2.2777,
    "multiclassification_loss": 0.0,
    "ortho_loss": 0.0,
    "pearson": 0.5204,
    "regression_loss": 2.2728,
    "rm2": 0.2458,
    "rmse": 1.5092,
    "sd": 1.4405,
    "spearman": 0.4737,
    "spectral_loss": 0.0
}
                              
                              
----------------------------------------
Epoch 092 with LR 0.000100: Model Results
----------------------------------------
Train MSE Loss: 0.3934, Train CLS Loss: 0.0000, Train MCLS Loss: 0.0000
Protein Cluster Region Loss - Ortho Loss: 0.0000, Cluster Loss: 0.0000
                              
Validation Results: {
    "ci": 0.704,
    "classification_loss": 0.0,
    "cluster_loss": 0.0,
    "mae": 1.1031,
    "mse": 2.2668,
    "multiclassification_loss": 0.0,
    "ortho_loss": 0.0,
    "pearson": 0.5954,
    "regression_loss": 2.2853,
    "rm2": 0.3143,
    "rmse": 1.5056,
    "sd": 1.459,
    "spearman": 0.5636,
    "spectral_loss": 0.0
}
                              
Test Results: {
    "ci": 0.6675,
    "classification_loss": 0.0,
    "cluster_loss": 0.0,
    "mae": 1.1452,
    "mse": 2.2777,
    "multiclassification_loss": 0.0,
    "ortho_loss": 0.0,
    "pearson": 0.5204,
    "regression_loss": 2.2728,
    "rm2": 0.2458,
    "rmse": 1.5092,
    "sd": 1.4405,
    "spearman": 0.4737,
    "spectral_loss": 0.0
}
                              
                              
----------------------------------------
Epoch 093 with LR 0.000100: Model Results
----------------------------------------
Train MSE Loss: 0.3921, Train CLS Loss: 0.0000, Train MCLS Loss: 0.0000
Protein Cluster Region Loss - Ortho Loss: 0.0000, Cluster Loss: 0.0000
                              
Validation Results: {
    "ci": 0.7179,
    "classification_loss": 0.0,
    "cluster_loss": 0.0,
    "mae": 1.0779,
    "mse": 2.0968,
    "multiclassification_loss": 0.0,
    "ortho_loss": 0.0,
    "pearson": 0.6223,
    "regression_loss": 2.1155,
    "rm2": 0.3545,
    "rmse": 1.448,
    "sd": 1.4216,
    "spearman": 0.5989,
    "spectral_loss": 0.0
}
                              
Test Results: {
    "ci": 0.6675,
    "classification_loss": 0.0,
    "cluster_loss": 0.0,
    "mae": 1.1452,
    "mse": 2.2777,
    "multiclassification_loss": 0.0,
    "ortho_loss": 0.0,
    "pearson": 0.5204,
    "regression_loss": 2.2728,
    "rm2": 0.2458,
    "rmse": 1.5092,
    "sd": 1.4405,
    "spearman": 0.4737,
    "spectral_loss": 0.0
}
                              
                              
----------------------------------------
Epoch 094 with LR 0.000100: Model Results
----------------------------------------
Train MSE Loss: 0.3931, Train CLS Loss: 0.0000, Train MCLS Loss: 0.0000
Protein Cluster Region Loss - Ortho Loss: 0.0000, Cluster Loss: 0.0000
                              
Validation Results: {
    "ci": 0.7116,
    "classification_loss": 0.0,
    "cluster_loss": 0.0,
    "mae": 1.096,
    "mse": 2.2445,
    "multiclassification_loss": 0.0,
    "ortho_loss": 0.0,
    "pearson": 0.6039,
    "regression_loss": 2.2684,
    "rm2": 0.3239,
    "rmse": 1.4982,
    "sd": 1.4475,
    "spearman": 0.5826,
    "spectral_loss": 0.0
}
                              
Test Results: {
    "ci": 0.6675,
    "classification_loss": 0.0,
    "cluster_loss": 0.0,
    "mae": 1.1452,
    "mse": 2.2777,
    "multiclassification_loss": 0.0,
    "ortho_loss": 0.0,
    "pearson": 0.5204,
    "regression_loss": 2.2728,
    "rm2": 0.2458,
    "rmse": 1.5092,
    "sd": 1.4405,
    "spearman": 0.4737,
    "spectral_loss": 0.0
}
                              
                              
----------------------------------------
Epoch 095 with LR 0.000100: Model Results
----------------------------------------
Train MSE Loss: 0.3875, Train CLS Loss: 0.0000, Train MCLS Loss: 0.0000
Protein Cluster Region Loss - Ortho Loss: 0.0000, Cluster Loss: 0.0000
                              
Validation Results: {
    "ci": 0.7079,
    "classification_loss": 0.0,
    "cluster_loss": 0.0,
    "mae": 1.1128,
    "mse": 2.3085,
    "multiclassification_loss": 0.0,
    "ortho_loss": 0.0,
    "pearson": 0.5952,
    "regression_loss": 2.3197,
    "rm2": 0.3272,
    "rmse": 1.5194,
    "sd": 1.4593,
    "spearman": 0.5738,
    "spectral_loss": 0.0
}
                              
Test Results: {
    "ci": 0.6675,
    "classification_loss": 0.0,
    "cluster_loss": 0.0,
    "mae": 1.1452,
    "mse": 2.2777,
    "multiclassification_loss": 0.0,
    "ortho_loss": 0.0,
    "pearson": 0.5204,
    "regression_loss": 2.2728,
    "rm2": 0.2458,
    "rmse": 1.5092,
    "sd": 1.4405,
    "spearman": 0.4737,
    "spectral_loss": 0.0
}
                              
                              
----------------------------------------
Epoch 096 with LR 0.000100: Model Results
----------------------------------------
Train MSE Loss: 0.3877, Train CLS Loss: 0.0000, Train MCLS Loss: 0.0000
Protein Cluster Region Loss - Ortho Loss: 0.0000, Cluster Loss: 0.0000
                              
Validation Results: {
    "ci": 0.7067,
    "classification_loss": 0.0,
    "cluster_loss": 0.0,
    "mae": 1.1149,
    "mse": 2.3102,
    "multiclassification_loss": 0.0,
    "ortho_loss": 0.0,
    "pearson": 0.6029,
    "regression_loss": 2.3313,
    "rm2": 0.3034,
    "rmse": 1.5199,
    "sd": 1.4489,
    "spearman": 0.5713,
    "spectral_loss": 0.0
}
                              
Test Results: {
    "ci": 0.6675,
    "classification_loss": 0.0,
    "cluster_loss": 0.0,
    "mae": 1.1452,
    "mse": 2.2777,
    "multiclassification_loss": 0.0,
    "ortho_loss": 0.0,
    "pearson": 0.5204,
    "regression_loss": 2.2728,
    "rm2": 0.2458,
    "rmse": 1.5092,
    "sd": 1.4405,
    "spearman": 0.4737,
    "spectral_loss": 0.0
}
                              
                              
----------------------------------------
Epoch 097 with LR 0.000100: Model Results
----------------------------------------
Train MSE Loss: 0.3847, Train CLS Loss: 0.0000, Train MCLS Loss: 0.0000
Protein Cluster Region Loss - Ortho Loss: 0.0000, Cluster Loss: 0.0000
                              
Validation Results: {
    "ci": 0.7063,
    "classification_loss": 0.0,
    "cluster_loss": 0.0,
    "mae": 1.1033,
    "mse": 2.2207,
    "multiclassification_loss": 0.0,
    "ortho_loss": 0.0,
    "pearson": 0.6056,
    "regression_loss": 2.226,
    "rm2": 0.3367,
    "rmse": 1.4902,
    "sd": 1.4452,
    "spearman": 0.5718,
    "spectral_loss": 0.0
}
                              
Test Results: {
    "ci": 0.6675,
    "classification_loss": 0.0,
    "cluster_loss": 0.0,
    "mae": 1.1452,
    "mse": 2.2777,
    "multiclassification_loss": 0.0,
    "ortho_loss": 0.0,
    "pearson": 0.5204,
    "regression_loss": 2.2728,
    "rm2": 0.2458,
    "rmse": 1.5092,
    "sd": 1.4405,
    "spearman": 0.4737,
    "spectral_loss": 0.0
}
                              
                              
----------------------------------------
Epoch 098 with LR 0.000100: Model Results
----------------------------------------
Train MSE Loss: 0.3739, Train CLS Loss: 0.0000, Train MCLS Loss: 0.0000
Protein Cluster Region Loss - Ortho Loss: 0.0000, Cluster Loss: 0.0000
                              
Validation Results: {
    "ci": 0.7147,
    "classification_loss": 0.0,
    "cluster_loss": 0.0,
    "mae": 1.087,
    "mse": 2.1391,
    "multiclassification_loss": 0.0,
    "ortho_loss": 0.0,
    "pearson": 0.6223,
    "regression_loss": 2.155,
    "rm2": 0.337,
    "rmse": 1.4626,
    "sd": 1.4216,
    "spearman": 0.5935,
    "spectral_loss": 0.0
}
                              
Test Results: {
    "ci": 0.6675,
    "classification_loss": 0.0,
    "cluster_loss": 0.0,
    "mae": 1.1452,
    "mse": 2.2777,
    "multiclassification_loss": 0.0,
    "ortho_loss": 0.0,
    "pearson": 0.5204,
    "regression_loss": 2.2728,
    "rm2": 0.2458,
    "rmse": 1.5092,
    "sd": 1.4405,
    "spearman": 0.4737,
    "spectral_loss": 0.0
}
                              
                              
----------------------------------------
Epoch 099 with LR 0.000100: Model Results
----------------------------------------
Train MSE Loss: 0.3745, Train CLS Loss: 0.0000, Train MCLS Loss: 0.0000
Protein Cluster Region Loss - Ortho Loss: 0.0000, Cluster Loss: 0.0000
                              
Validation Results: {
    "ci": 0.7145,
    "classification_loss": 0.0,
    "cluster_loss": 0.0,
    "mae": 1.096,
    "mse": 2.1603,
    "multiclassification_loss": 0.0,
    "ortho_loss": 0.0,
    "pearson": 0.6282,
    "regression_loss": 2.1759,
    "rm2": 0.3506,
    "rmse": 1.4698,
    "sd": 1.4129,
    "spearman": 0.5927,
    "spectral_loss": 0.0
}
                              
Test Results: {
    "ci": 0.6675,
    "classification_loss": 0.0,
    "cluster_loss": 0.0,
    "mae": 1.1452,
    "mse": 2.2777,
    "multiclassification_loss": 0.0,
    "ortho_loss": 0.0,
    "pearson": 0.5204,
    "regression_loss": 2.2728,
    "rm2": 0.2458,
    "rmse": 1.5092,
    "sd": 1.4405,
    "spearman": 0.4737,
    "spectral_loss": 0.0
}
                              
                              
----------------------------------------
Epoch 100 with LR 0.000100: Model Results
----------------------------------------
Train MSE Loss: 0.3752, Train CLS Loss: 0.0000, Train MCLS Loss: 0.0000
Protein Cluster Region Loss - Ortho Loss: 0.0000, Cluster Loss: 0.0000
                              
Validation Results: {
    "ci": 0.7164,
    "classification_loss": 0.0,
    "cluster_loss": 0.0,
    "mae": 1.0717,
    "mse": 2.1126,
    "multiclassification_loss": 0.0,
    "ortho_loss": 0.0,
    "pearson": 0.6297,
    "regression_loss": 2.1218,
    "rm2": 0.3717,
    "rmse": 1.4535,
    "sd": 1.4108,
    "spearman": 0.5967,
    "spectral_loss": 0.0
}
                              
Test Results: {
    "ci": 0.6675,
    "classification_loss": 0.0,
    "cluster_loss": 0.0,
    "mae": 1.1452,
    "mse": 2.2777,
    "multiclassification_loss": 0.0,
    "ortho_loss": 0.0,
    "pearson": 0.5204,
    "regression_loss": 2.2728,
    "rm2": 0.2458,
    "rmse": 1.5092,
    "sd": 1.4405,
    "spearman": 0.4737,
    "spectral_loss": 0.0
}
[best epoch] epoch=37, best_rmse=1.4123, lr_at_best=1.000e-04
                              
                              
----------------------------------------
Epoch 100 with LR 0.000100: Model Results
----------------------------------------
Train MSE Loss: 0.3752, Train CLS Loss: 0.0000, Train MCLS Loss: 0.0000
Protein Cluster Region Loss - Ortho Loss: 0.0000, Cluster Loss: 0.0000
                              
Validation Results: {
    "ci": 0.7164,
    "classification_loss": 0.0,
    "cluster_loss": 0.0,
    "mae": 1.0717,
    "mse": 2.1126,
    "multiclassification_loss": 0.0,
    "ortho_loss": 0.0,
    "pearson": 0.6297,
    "regression_loss": 2.1218,
    "rm2": 0.3717,
    "rmse": 1.4535,
    "sd": 1.4108,
    "spearman": 0.5967,
    "spectral_loss": 0.0
}
                              
Test Results: {
    "ci": 0.6675,
    "classification_loss": 0.0,
    "cluster_loss": 0.0,
    "mae": 1.1452,
    "mse": 2.2777,
    "multiclassification_loss": 0.0,
    "ortho_loss": 0.0,
    "pearson": 0.5204,
    "regression_loss": 2.2728,
    "rm2": 0.2458,
    "rmse": 1.5092,
    "sd": 1.4405,
    "spearman": 0.4737,
    "spectral_loss": 0.0
}
Final test metrics: rmse=1.5092, pearson=0.5204, r2_proxy(mse)=2.2777
Done. Predictions: /sc/arion/projects/DiseaseGeneCell/Huang_lab_project/wangcDrugRepoProject/TRACE_Kin_Results_v3/EITLEM_dataset/EITLEM_kkm_MUTAPLM_embedding_cold_drug/test_prediction_seed1.csv; checkpoint: /sc/arion/projects/DiseaseGeneCell/Huang_lab_project/wangcDrugRepoProject/TRACE_Kin_Results_v3/EITLEM_dataset/EITLEM_kkm_MUTAPLM_embedding_cold_drug/save_model_seed1/model.pt

==========================================
Array task 10/14: OK (EITLEM_kkm_MUTAPLM_embedding_cold_drug)
==========================================


PS:

Read file <242614935.10.stderr> for stderr output of this job.

