Sender: LSF System <lsfadmin@lg05e14>
Subject: Job 242614934[10]: <trace_kin_v3_s3[1-14]> in cluster <chimera> Done

Job <trace_kin_v3_s3[1-14]> was submitted from host <li04e01> by user <wangc40> in cluster <chimera> at Fri May  8 16:46:45 2026
Job was executed on host(s) <16*lg05e14>, in queue <gpu>, as user <wangc40> in cluster <chimera> at Fri May  8 16:46:47 2026
</hpc/users/wangc40> was used as the home directory.
</sc/arion/projects/DiseaseGeneCell/Huang_lab_project/wangcDrugRepoProject/TRACE-Kin> was used as the working directory.
Started at Fri May  8 16:46:47 2026
Terminated at Fri May  8 19:33:19 2026
Results reported at Fri May  8 19:33:19 2026

Your job looked like:

------------------------------------------------------------
# LSBATCH: User input
#!/bin/bash
#BSUB -J trace_kin_v3_s3[1-14]
#BSUB -P acc_DiseaseGeneCell
#BSUB -q gpu
#BSUB -R h100nvl
#BSUB -gpu num=1
#BSUB -n 16
#BSUB -R "rusage[mem=8000]"
#BSUB -R "span[hosts=1]"
#BSUB -W 48:00
#BSUB -o %J.%I.stdout
#BSUB -eo %J.%I.stderr
#BSUB -L /bin/bash

# =============================================================================
# TRACE-Kin v3 rerun — LSF job array
# =============================================================================
# Submit with:
#     bsub < training/run_v3_array.lsf
#
# Or chain off the smoke test (recommended):
#     bsub -w "done(<SMOKE_JOB_ID>)" < training/run_v3_array.lsf
#
# For the multi-seed ensemble (the paper config), submit additional seeds in
# parallel after the SEED=1 array completes (or alongside, as separate jobs):
#     SEED=2 bsub -J "trace_kin_v3_s2[1-14]" < training/run_v3_array.lsf
#     SEED=3 bsub -J "trace_kin_v3_s3[1-14]" < training/run_v3_array.lsf
# After all seeds finish, analysis/aggregate_results.py averages predictions
# across seeds before computing RMSE.
#
# LSF expands #BSUB -J trace_kin_v3[1-14] into 14 array tasks, each with a
# distinct ${LSB_JOBINDEX} in 1..14. The body looks up the per-index
# (dataset_source, dataset_name, pool_paths) tuple from the inline table below
# and invokes train_trace_kin.py with model_version=v3.
#
# The 14 tasks correspond to:
#   * 12 RF-gap targets (catalytic kinetics where v1 trails RF by 1.4%–8.7%)
#   * 2 Ki preservation guards (where v1 already wins, must not regress)
# =============================================================================

# --- Environment -------------------------------------------------------------
# Match the prologue of the proven-working PSICHIC LSFs verbatim — no
# `set -euo pipefail`. Mount Sinai's /etc/profile.d scripts return non-zero
# in places that aren't real errors, and errexit aborts the job before
# module + conda activation can complete.
ml purge
source ~/.bashrc
module load anaconda3/2024.06
source activate test
module load cuda/12.4.0

(... more ...)
------------------------------------------------------------

Successfully completed.

Resource usage summary:

    CPU time :                                   11243.00 sec.
    Max Memory :                                 58357 MB
    Average Memory :                             57625.54 MB
    Total Requested Memory :                     128000.00 MB
    Delta Memory :                               69643.00 MB
    Max Swap :                                   -
    Max Processes :                              4
    Max Threads :                                20
    Run time :                                   9992 sec.
    Turnaround time :                            9994 sec.

The output (if any) follows:

==========================================
TRACE-Kin v3 array task 10/14
==========================================
Date:        Fri May  8 16:46:51 EDT 2026
Dataset:     /sc/arion/projects/DiseaseGeneCell/Huang_lab_project/drug_discovery/output/data/enzyme_embeddings_dataset/EITLEM_dataset/EITLEM_kkm_MUTAPLM_embedding_cold_drug
Result:      /sc/arion/projects/DiseaseGeneCell/Huang_lab_project/wangcDrugRepoProject/TRACE_Kin_Results_v3/EITLEM_dataset/EITLEM_kkm_MUTAPLM_embedding_cold_drug
Config:      training/config_v3.json
Pool CSVs:   (none)
Model:       v3 (dual-head + learned gate)
Epochs:      100, batch=16, seed=3, lr=1e-4
==========================================
Python 3.12.2
Python: /sc/arion/work/wangc40/test-env/envs/test/bin/python
CUDA device: NVIDIA H100 80GB HBM3, sm_90
============================================================
TRACE-Kin training
============================================================
Datafolder:        /sc/arion/projects/DiseaseGeneCell/Huang_lab_project/drug_discovery/output/data/enzyme_embeddings_dataset/EITLEM_dataset/EITLEM_kkm_MUTAPLM_embedding_cold_drug
Result path:       /sc/arion/projects/DiseaseGeneCell/Huang_lab_project/wangcDrugRepoProject/TRACE_Kin_Results_v3/EITLEM_dataset/EITLEM_kkm_MUTAPLM_embedding_cold_drug
Config:            training/config_v3.json
Pool train CSVs:   (none)
============================================================
Loading primary train: /sc/arion/projects/DiseaseGeneCell/Huang_lab_project/drug_discovery/output/data/enzyme_embeddings_dataset/EITLEM_dataset/EITLEM_kkm_MUTAPLM_embedding_cold_drug/train.parquet
Loading primary test: /sc/arion/projects/DiseaseGeneCell/Huang_lab_project/drug_discovery/output/data/enzyme_embeddings_dataset/EITLEM_dataset/EITLEM_kkm_MUTAPLM_embedding_cold_drug/test.parquet
Loading primary val: /sc/arion/projects/DiseaseGeneCell/Huang_lab_project/drug_discovery/output/data/enzyme_embeddings_dataset/EITLEM_dataset/EITLEM_kkm_MUTAPLM_embedding_cold_drug/val.parquet
Detected prot_evo_channels = 4096
seq2feat: 6607 unique sequences.
model_version: v3, use_swa: False
Reusing protein cache: /sc/arion/projects/DiseaseGeneCell/Huang_lab_project/drug_discovery/output/data/enzyme_embeddings_dataset/EITLEM_dataset/EITLEM_kkm_MUTAPLM_embedding_cold_drug/protein.pt
Reusing ligand cache: /sc/arion/projects/DiseaseGeneCell/Huang_lab_project/drug_discovery/output/data/enzyme_embeddings_dataset/EITLEM_dataset/EITLEM_kkm_MUTAPLM_embedding_cold_drug/ligand.pt
loaders ready: train=610 test=156 val=93
Built TraceKinV3 with 10,724,891 parameters
[LR schedule] schedule_lr=False, lrate=0.0001, min_lrate=0, warmup_iters=0, lr_decay_iters=61000, total_iters=61000
Not in terminal, reprint now using normal build-in print function.
                              
                              
----------------------------------------
Epoch 001 with LR 0.000100: Model Results
----------------------------------------
Train MSE Loss: 2.7635, Train CLS Loss: 0.0000, Train MCLS Loss: 0.0000
Protein Cluster Region Loss - Ortho Loss: 0.0000, Cluster Loss: 0.0000
                              
Validation Results: {
    "ci": 0.6517,
    "classification_loss": 0.0,
    "cluster_loss": 0.0,
    "mae": 1.2615,
    "mse": 2.6419,
    "multiclassification_loss": 0.0,
    "ortho_loss": 0.0,
    "pearson": 0.4459,
    "regression_loss": 2.6569,
    "rm2": 0.1966,
    "rmse": 1.6254,
    "sd": 1.6256,
    "spearman": 0.4432,
    "spectral_loss": 0.0
}
                              
Test Results: {
    "ci": 0.6224,
    "classification_loss": 0.0,
    "cluster_loss": 0.0,
    "mae": 1.217,
    "mse": 2.4223,
    "multiclassification_loss": 0.0,
    "ortho_loss": 0.0,
    "pearson": 0.3887,
    "regression_loss": 2.4162,
    "rm2": 0.1503,
    "rmse": 1.5564,
    "sd": 1.5544,
    "spearman": 0.3545,
    "spectral_loss": 0.0
}
                              
                              
----------------------------------------
Epoch 002 with LR 0.000100: Model Results
----------------------------------------
Train MSE Loss: 2.0219, Train CLS Loss: 0.0000, Train MCLS Loss: 0.0000
Protein Cluster Region Loss - Ortho Loss: 0.0000, Cluster Loss: 0.0000
                              
Validation Results: {
    "ci": 0.6887,
    "classification_loss": 0.0,
    "cluster_loss": 0.0,
    "mae": 1.1825,
    "mse": 2.3058,
    "multiclassification_loss": 0.0,
    "ortho_loss": 0.0,
    "pearson": 0.5519,
    "regression_loss": 2.3592,
    "rm2": 0.3023,
    "rmse": 1.5185,
    "sd": 1.5145,
    "spearman": 0.5352,
    "spectral_loss": 0.0
}
                              
Test Results: {
    "ci": 0.6388,
    "classification_loss": 0.0,
    "cluster_loss": 0.0,
    "mae": 1.1877,
    "mse": 2.3141,
    "multiclassification_loss": 0.0,
    "ortho_loss": 0.0,
    "pearson": 0.4391,
    "regression_loss": 2.3085,
    "rm2": 0.1844,
    "rmse": 1.5212,
    "sd": 1.5157,
    "spearman": 0.399,
    "spectral_loss": 0.0
}
                              
                              
----------------------------------------
Epoch 003 with LR 0.000100: Model Results
----------------------------------------
Train MSE Loss: 1.7032, Train CLS Loss: 0.0000, Train MCLS Loss: 0.0000
Protein Cluster Region Loss - Ortho Loss: 0.0000, Cluster Loss: 0.0000
                              
Validation Results: {
    "ci": 0.6847,
    "classification_loss": 0.0,
    "cluster_loss": 0.0,
    "mae": 1.1725,
    "mse": 2.3429,
    "multiclassification_loss": 0.0,
    "ortho_loss": 0.0,
    "pearson": 0.5475,
    "regression_loss": 2.3834,
    "rm2": 0.2962,
    "rmse": 1.5307,
    "sd": 1.5196,
    "spearman": 0.5269,
    "spectral_loss": 0.0
}
                              
Test Results: {
    "ci": 0.6388,
    "classification_loss": 0.0,
    "cluster_loss": 0.0,
    "mae": 1.1877,
    "mse": 2.3141,
    "multiclassification_loss": 0.0,
    "ortho_loss": 0.0,
    "pearson": 0.4391,
    "regression_loss": 2.3085,
    "rm2": 0.1844,
    "rmse": 1.5212,
    "sd": 1.5157,
    "spearman": 0.399,
    "spectral_loss": 0.0
}
                              
                              
----------------------------------------
Epoch 004 with LR 0.000100: Model Results
----------------------------------------
Train MSE Loss: 1.4749, Train CLS Loss: 0.0000, Train MCLS Loss: 0.0000
Protein Cluster Region Loss - Ortho Loss: 0.0000, Cluster Loss: 0.0000
                              
Validation Results: {
    "ci": 0.685,
    "classification_loss": 0.0,
    "cluster_loss": 0.0,
    "mae": 1.164,
    "mse": 2.3334,
    "multiclassification_loss": 0.0,
    "ortho_loss": 0.0,
    "pearson": 0.555,
    "regression_loss": 2.3539,
    "rm2": 0.2947,
    "rmse": 1.5276,
    "sd": 1.5107,
    "spearman": 0.5265,
    "spectral_loss": 0.0
}
                              
Test Results: {
    "ci": 0.6388,
    "classification_loss": 0.0,
    "cluster_loss": 0.0,
    "mae": 1.1877,
    "mse": 2.3141,
    "multiclassification_loss": 0.0,
    "ortho_loss": 0.0,
    "pearson": 0.4391,
    "regression_loss": 2.3085,
    "rm2": 0.1844,
    "rmse": 1.5212,
    "sd": 1.5157,
    "spearman": 0.399,
    "spectral_loss": 0.0
}
                              
                              
----------------------------------------
Epoch 005 with LR 0.000100: Model Results
----------------------------------------
Train MSE Loss: 1.3524, Train CLS Loss: 0.0000, Train MCLS Loss: 0.0000
Protein Cluster Region Loss - Ortho Loss: 0.0000, Cluster Loss: 0.0000
                              
Validation Results: {
    "ci": 0.6852,
    "classification_loss": 0.0,
    "cluster_loss": 0.0,
    "mae": 1.1874,
    "mse": 2.4072,
    "multiclassification_loss": 0.0,
    "ortho_loss": 0.0,
    "pearson": 0.5418,
    "regression_loss": 2.4417,
    "rm2": 0.2609,
    "rmse": 1.5515,
    "sd": 1.5264,
    "spearman": 0.5267,
    "spectral_loss": 0.0
}
                              
Test Results: {
    "ci": 0.6388,
    "classification_loss": 0.0,
    "cluster_loss": 0.0,
    "mae": 1.1877,
    "mse": 2.3141,
    "multiclassification_loss": 0.0,
    "ortho_loss": 0.0,
    "pearson": 0.4391,
    "regression_loss": 2.3085,
    "rm2": 0.1844,
    "rmse": 1.5212,
    "sd": 1.5157,
    "spearman": 0.399,
    "spectral_loss": 0.0
}
                              
                              
----------------------------------------
Epoch 006 with LR 0.000100: Model Results
----------------------------------------
Train MSE Loss: 1.2628, Train CLS Loss: 0.0000, Train MCLS Loss: 0.0000
Protein Cluster Region Loss - Ortho Loss: 0.0000, Cluster Loss: 0.0000
                              
Validation Results: {
    "ci": 0.7008,
    "classification_loss": 0.0,
    "cluster_loss": 0.0,
    "mae": 1.1143,
    "mse": 2.2314,
    "multiclassification_loss": 0.0,
    "ortho_loss": 0.0,
    "pearson": 0.5764,
    "regression_loss": 2.2556,
    "rm2": 0.3239,
    "rmse": 1.4938,
    "sd": 1.4841,
    "spearman": 0.5628,
    "spectral_loss": 0.0
}
                              
Test Results: {
    "ci": 0.6601,
    "classification_loss": 0.0,
    "cluster_loss": 0.0,
    "mae": 1.1482,
    "mse": 2.2301,
    "multiclassification_loss": 0.0,
    "ortho_loss": 0.0,
    "pearson": 0.5046,
    "regression_loss": 2.2266,
    "rm2": 0.2396,
    "rmse": 1.4934,
    "sd": 1.4565,
    "spearman": 0.4535,
    "spectral_loss": 0.0
}
                              
                              
----------------------------------------
Epoch 007 with LR 0.000100: Model Results
----------------------------------------
Train MSE Loss: 1.1668, Train CLS Loss: 0.0000, Train MCLS Loss: 0.0000
Protein Cluster Region Loss - Ortho Loss: 0.0000, Cluster Loss: 0.0000
                              
Validation Results: {
    "ci": 0.6943,
    "classification_loss": 0.0,
    "cluster_loss": 0.0,
    "mae": 1.1392,
    "mse": 2.2651,
    "multiclassification_loss": 0.0,
    "ortho_loss": 0.0,
    "pearson": 0.5821,
    "regression_loss": 2.2897,
    "rm2": 0.2947,
    "rmse": 1.505,
    "sd": 1.4767,
    "spearman": 0.5472,
    "spectral_loss": 0.0
}
                              
Test Results: {
    "ci": 0.6601,
    "classification_loss": 0.0,
    "cluster_loss": 0.0,
    "mae": 1.1482,
    "mse": 2.2301,
    "multiclassification_loss": 0.0,
    "ortho_loss": 0.0,
    "pearson": 0.5046,
    "regression_loss": 2.2266,
    "rm2": 0.2396,
    "rmse": 1.4934,
    "sd": 1.4565,
    "spearman": 0.4535,
    "spectral_loss": 0.0
}
                              
                              
----------------------------------------
Epoch 008 with LR 0.000100: Model Results
----------------------------------------
Train MSE Loss: 1.1204, Train CLS Loss: 0.0000, Train MCLS Loss: 0.0000
Protein Cluster Region Loss - Ortho Loss: 0.0000, Cluster Loss: 0.0000
                              
Validation Results: {
    "ci": 0.697,
    "classification_loss": 0.0,
    "cluster_loss": 0.0,
    "mae": 1.1273,
    "mse": 2.2395,
    "multiclassification_loss": 0.0,
    "ortho_loss": 0.0,
    "pearson": 0.5857,
    "regression_loss": 2.28,
    "rm2": 0.3142,
    "rmse": 1.4965,
    "sd": 1.472,
    "spearman": 0.5541,
    "spectral_loss": 0.0
}
                              
Test Results: {
    "ci": 0.6601,
    "classification_loss": 0.0,
    "cluster_loss": 0.0,
    "mae": 1.1482,
    "mse": 2.2301,
    "multiclassification_loss": 0.0,
    "ortho_loss": 0.0,
    "pearson": 0.5046,
    "regression_loss": 2.2266,
    "rm2": 0.2396,
    "rmse": 1.4934,
    "sd": 1.4565,
    "spearman": 0.4535,
    "spectral_loss": 0.0
}
                              
                              
----------------------------------------
Epoch 009 with LR 0.000100: Model Results
----------------------------------------
Train MSE Loss: 1.0841, Train CLS Loss: 0.0000, Train MCLS Loss: 0.0000
Protein Cluster Region Loss - Ortho Loss: 0.0000, Cluster Loss: 0.0000
                              
Validation Results: {
    "ci": 0.6912,
    "classification_loss": 0.0,
    "cluster_loss": 0.0,
    "mae": 1.1434,
    "mse": 2.3069,
    "multiclassification_loss": 0.0,
    "ortho_loss": 0.0,
    "pearson": 0.5706,
    "regression_loss": 2.3361,
    "rm2": 0.3024,
    "rmse": 1.5189,
    "sd": 1.4913,
    "spearman": 0.5403,
    "spectral_loss": 0.0
}
                              
Test Results: {
    "ci": 0.6601,
    "classification_loss": 0.0,
    "cluster_loss": 0.0,
    "mae": 1.1482,
    "mse": 2.2301,
    "multiclassification_loss": 0.0,
    "ortho_loss": 0.0,
    "pearson": 0.5046,
    "regression_loss": 2.2266,
    "rm2": 0.2396,
    "rmse": 1.4934,
    "sd": 1.4565,
    "spearman": 0.4535,
    "spectral_loss": 0.0
}
                              
                              
----------------------------------------
Epoch 010 with LR 0.000100: Model Results
----------------------------------------
Train MSE Loss: 1.0328, Train CLS Loss: 0.0000, Train MCLS Loss: 0.0000
Protein Cluster Region Loss - Ortho Loss: 0.0000, Cluster Loss: 0.0000
                              
Validation Results: {
    "ci": 0.6955,
    "classification_loss": 0.0,
    "cluster_loss": 0.0,
    "mae": 1.1253,
    "mse": 2.2234,
    "multiclassification_loss": 0.0,
    "ortho_loss": 0.0,
    "pearson": 0.5832,
    "regression_loss": 2.2629,
    "rm2": 0.3119,
    "rmse": 1.4911,
    "sd": 1.4752,
    "spearman": 0.5503,
    "spectral_loss": 0.0
}
                              
Test Results: {
    "ci": 0.6589,
    "classification_loss": 0.0,
    "cluster_loss": 0.0,
    "mae": 1.1496,
    "mse": 2.238,
    "multiclassification_loss": 0.0,
    "ortho_loss": 0.0,
    "pearson": 0.5082,
    "regression_loss": 2.235,
    "rm2": 0.2311,
    "rmse": 1.496,
    "sd": 1.4529,
    "spearman": 0.4514,
    "spectral_loss": 0.0
}
                              
                              
----------------------------------------
Epoch 011 with LR 0.000100: Model Results
----------------------------------------
Train MSE Loss: 1.0030, Train CLS Loss: 0.0000, Train MCLS Loss: 0.0000
Protein Cluster Region Loss - Ortho Loss: 0.0000, Cluster Loss: 0.0000
                              
Validation Results: {
    "ci": 0.6914,
    "classification_loss": 0.0,
    "cluster_loss": 0.0,
    "mae": 1.1456,
    "mse": 2.3148,
    "multiclassification_loss": 0.0,
    "ortho_loss": 0.0,
    "pearson": 0.5679,
    "regression_loss": 2.3298,
    "rm2": 0.3083,
    "rmse": 1.5214,
    "sd": 1.4948,
    "spearman": 0.5401,
    "spectral_loss": 0.0
}
                              
Test Results: {
    "ci": 0.6589,
    "classification_loss": 0.0,
    "cluster_loss": 0.0,
    "mae": 1.1496,
    "mse": 2.238,
    "multiclassification_loss": 0.0,
    "ortho_loss": 0.0,
    "pearson": 0.5082,
    "regression_loss": 2.235,
    "rm2": 0.2311,
    "rmse": 1.496,
    "sd": 1.4529,
    "spearman": 0.4514,
    "spectral_loss": 0.0
}
                              
                              
----------------------------------------
Epoch 012 with LR 0.000100: Model Results
----------------------------------------
Train MSE Loss: 0.9758, Train CLS Loss: 0.0000, Train MCLS Loss: 0.0000
Protein Cluster Region Loss - Ortho Loss: 0.0000, Cluster Loss: 0.0000
                              
Validation Results: {
    "ci": 0.6939,
    "classification_loss": 0.0,
    "cluster_loss": 0.0,
    "mae": 1.1444,
    "mse": 2.3254,
    "multiclassification_loss": 0.0,
    "ortho_loss": 0.0,
    "pearson": 0.5675,
    "regression_loss": 2.3215,
    "rm2": 0.3139,
    "rmse": 1.5249,
    "sd": 1.4953,
    "spearman": 0.5434,
    "spectral_loss": 0.0
}
                              
Test Results: {
    "ci": 0.6589,
    "classification_loss": 0.0,
    "cluster_loss": 0.0,
    "mae": 1.1496,
    "mse": 2.238,
    "multiclassification_loss": 0.0,
    "ortho_loss": 0.0,
    "pearson": 0.5082,
    "regression_loss": 2.235,
    "rm2": 0.2311,
    "rmse": 1.496,
    "sd": 1.4529,
    "spearman": 0.4514,
    "spectral_loss": 0.0
}
                              
                              
----------------------------------------
Epoch 013 with LR 0.000100: Model Results
----------------------------------------
Train MSE Loss: 0.9380, Train CLS Loss: 0.0000, Train MCLS Loss: 0.0000
Protein Cluster Region Loss - Ortho Loss: 0.0000, Cluster Loss: 0.0000
                              
Validation Results: {
    "ci": 0.691,
    "classification_loss": 0.0,
    "cluster_loss": 0.0,
    "mae": 1.1443,
    "mse": 2.3151,
    "multiclassification_loss": 0.0,
    "ortho_loss": 0.0,
    "pearson": 0.5692,
    "regression_loss": 2.3634,
    "rm2": 0.2845,
    "rmse": 1.5215,
    "sd": 1.4931,
    "spearman": 0.5347,
    "spectral_loss": 0.0
}
                              
Test Results: {
    "ci": 0.6589,
    "classification_loss": 0.0,
    "cluster_loss": 0.0,
    "mae": 1.1496,
    "mse": 2.238,
    "multiclassification_loss": 0.0,
    "ortho_loss": 0.0,
    "pearson": 0.5082,
    "regression_loss": 2.235,
    "rm2": 0.2311,
    "rmse": 1.496,
    "sd": 1.4529,
    "spearman": 0.4514,
    "spectral_loss": 0.0
}
                              
                              
----------------------------------------
Epoch 014 with LR 0.000100: Model Results
----------------------------------------
Train MSE Loss: 0.9171, Train CLS Loss: 0.0000, Train MCLS Loss: 0.0000
Protein Cluster Region Loss - Ortho Loss: 0.0000, Cluster Loss: 0.0000
                              
Validation Results: {
    "ci": 0.701,
    "classification_loss": 0.0,
    "cluster_loss": 0.0,
    "mae": 1.1365,
    "mse": 2.2546,
    "multiclassification_loss": 0.0,
    "ortho_loss": 0.0,
    "pearson": 0.5925,
    "regression_loss": 2.274,
    "rm2": 0.347,
    "rmse": 1.5015,
    "sd": 1.463,
    "spearman": 0.564,
    "spectral_loss": 0.0
}
                              
Test Results: {
    "ci": 0.6589,
    "classification_loss": 0.0,
    "cluster_loss": 0.0,
    "mae": 1.1496,
    "mse": 2.238,
    "multiclassification_loss": 0.0,
    "ortho_loss": 0.0,
    "pearson": 0.5082,
    "regression_loss": 2.235,
    "rm2": 0.2311,
    "rmse": 1.496,
    "sd": 1.4529,
    "spearman": 0.4514,
    "spectral_loss": 0.0
}
                              
                              
----------------------------------------
Epoch 015 with LR 0.000100: Model Results
----------------------------------------
Train MSE Loss: 0.9029, Train CLS Loss: 0.0000, Train MCLS Loss: 0.0000
Protein Cluster Region Loss - Ortho Loss: 0.0000, Cluster Loss: 0.0000
                              
Validation Results: {
    "ci": 0.6986,
    "classification_loss": 0.0,
    "cluster_loss": 0.0,
    "mae": 1.1233,
    "mse": 2.2965,
    "multiclassification_loss": 0.0,
    "ortho_loss": 0.0,
    "pearson": 0.5877,
    "regression_loss": 2.3277,
    "rm2": 0.2926,
    "rmse": 1.5154,
    "sd": 1.4694,
    "spearman": 0.5539,
    "spectral_loss": 0.0
}
                              
Test Results: {
    "ci": 0.6589,
    "classification_loss": 0.0,
    "cluster_loss": 0.0,
    "mae": 1.1496,
    "mse": 2.238,
    "multiclassification_loss": 0.0,
    "ortho_loss": 0.0,
    "pearson": 0.5082,
    "regression_loss": 2.235,
    "rm2": 0.2311,
    "rmse": 1.496,
    "sd": 1.4529,
    "spearman": 0.4514,
    "spectral_loss": 0.0
}
                              
                              
----------------------------------------
Epoch 016 with LR 0.000100: Model Results
----------------------------------------
Train MSE Loss: 0.8762, Train CLS Loss: 0.0000, Train MCLS Loss: 0.0000
Protein Cluster Region Loss - Ortho Loss: 0.0000, Cluster Loss: 0.0000
                              
Validation Results: {
    "ci": 0.7065,
    "classification_loss": 0.0,
    "cluster_loss": 0.0,
    "mae": 1.1083,
    "mse": 2.2227,
    "multiclassification_loss": 0.0,
    "ortho_loss": 0.0,
    "pearson": 0.5918,
    "regression_loss": 2.256,
    "rm2": 0.3437,
    "rmse": 1.4909,
    "sd": 1.4639,
    "spearman": 0.573,
    "spectral_loss": 0.0
}
                              
Test Results: {
    "ci": 0.6651,
    "classification_loss": 0.0,
    "cluster_loss": 0.0,
    "mae": 1.1307,
    "mse": 2.2653,
    "multiclassification_loss": 0.0,
    "ortho_loss": 0.0,
    "pearson": 0.5155,
    "regression_loss": 2.265,
    "rm2": 0.2571,
    "rmse": 1.5051,
    "sd": 1.4456,
    "spearman": 0.4646,
    "spectral_loss": 0.0
}
                              
                              
----------------------------------------
Epoch 017 with LR 0.000100: Model Results
----------------------------------------
Train MSE Loss: 0.8599, Train CLS Loss: 0.0000, Train MCLS Loss: 0.0000
Protein Cluster Region Loss - Ortho Loss: 0.0000, Cluster Loss: 0.0000
                              
Validation Results: {
    "ci": 0.703,
    "classification_loss": 0.0,
    "cluster_loss": 0.0,
    "mae": 1.1077,
    "mse": 2.1987,
    "multiclassification_loss": 0.0,
    "ortho_loss": 0.0,
    "pearson": 0.5968,
    "regression_loss": 2.241,
    "rm2": 0.3379,
    "rmse": 1.4828,
    "sd": 1.4572,
    "spearman": 0.5679,
    "spectral_loss": 0.0
}
                              
Test Results: {
    "ci": 0.6633,
    "classification_loss": 0.0,
    "cluster_loss": 0.0,
    "mae": 1.1469,
    "mse": 2.272,
    "multiclassification_loss": 0.0,
    "ortho_loss": 0.0,
    "pearson": 0.5149,
    "regression_loss": 2.269,
    "rm2": 0.2464,
    "rmse": 1.5073,
    "sd": 1.4461,
    "spearman": 0.4635,
    "spectral_loss": 0.0
}
                              
                              
----------------------------------------
Epoch 018 with LR 0.000100: Model Results
----------------------------------------
Train MSE Loss: 0.8483, Train CLS Loss: 0.0000, Train MCLS Loss: 0.0000
Protein Cluster Region Loss - Ortho Loss: 0.0000, Cluster Loss: 0.0000
                              
Validation Results: {
    "ci": 0.7039,
    "classification_loss": 0.0,
    "cluster_loss": 0.0,
    "mae": 1.0957,
    "mse": 2.2017,
    "multiclassification_loss": 0.0,
    "ortho_loss": 0.0,
    "pearson": 0.5888,
    "regression_loss": 2.258,
    "rm2": 0.3177,
    "rmse": 1.4838,
    "sd": 1.4679,
    "spearman": 0.5669,
    "spectral_loss": 0.0
}
                              
Test Results: {
    "ci": 0.6633,
    "classification_loss": 0.0,
    "cluster_loss": 0.0,
    "mae": 1.1469,
    "mse": 2.272,
    "multiclassification_loss": 0.0,
    "ortho_loss": 0.0,
    "pearson": 0.5149,
    "regression_loss": 2.269,
    "rm2": 0.2464,
    "rmse": 1.5073,
    "sd": 1.4461,
    "spearman": 0.4635,
    "spectral_loss": 0.0
}
                              
                              
----------------------------------------
Epoch 019 with LR 0.000100: Model Results
----------------------------------------
Train MSE Loss: 0.8296, Train CLS Loss: 0.0000, Train MCLS Loss: 0.0000
Protein Cluster Region Loss - Ortho Loss: 0.0000, Cluster Loss: 0.0000
                              
Validation Results: {
    "ci": 0.7022,
    "classification_loss": 0.0,
    "cluster_loss": 0.0,
    "mae": 1.1255,
    "mse": 2.2998,
    "multiclassification_loss": 0.0,
    "ortho_loss": 0.0,
    "pearson": 0.5938,
    "regression_loss": 2.3437,
    "rm2": 0.3002,
    "rmse": 1.5165,
    "sd": 1.4613,
    "spearman": 0.5645,
    "spectral_loss": 0.0
}
                              
Test Results: {
    "ci": 0.6633,
    "classification_loss": 0.0,
    "cluster_loss": 0.0,
    "mae": 1.1469,
    "mse": 2.272,
    "multiclassification_loss": 0.0,
    "ortho_loss": 0.0,
    "pearson": 0.5149,
    "regression_loss": 2.269,
    "rm2": 0.2464,
    "rmse": 1.5073,
    "sd": 1.4461,
    "spearman": 0.4635,
    "spectral_loss": 0.0
}
                              
                              
----------------------------------------
Epoch 020 with LR 0.000100: Model Results
----------------------------------------
Train MSE Loss: 0.8051, Train CLS Loss: 0.0000, Train MCLS Loss: 0.0000
Protein Cluster Region Loss - Ortho Loss: 0.0000, Cluster Loss: 0.0000
                              
Validation Results: {
    "ci": 0.7033,
    "classification_loss": 0.0,
    "cluster_loss": 0.0,
    "mae": 1.1128,
    "mse": 2.2468,
    "multiclassification_loss": 0.0,
    "ortho_loss": 0.0,
    "pearson": 0.5952,
    "regression_loss": 2.2928,
    "rm2": 0.3134,
    "rmse": 1.4989,
    "sd": 1.4593,
    "spearman": 0.5669,
    "spectral_loss": 0.0
}
                              
Test Results: {
    "ci": 0.6633,
    "classification_loss": 0.0,
    "cluster_loss": 0.0,
    "mae": 1.1469,
    "mse": 2.272,
    "multiclassification_loss": 0.0,
    "ortho_loss": 0.0,
    "pearson": 0.5149,
    "regression_loss": 2.269,
    "rm2": 0.2464,
    "rmse": 1.5073,
    "sd": 1.4461,
    "spearman": 0.4635,
    "spectral_loss": 0.0
}
                              
                              
----------------------------------------
Epoch 021 with LR 0.000100: Model Results
----------------------------------------
Train MSE Loss: 0.7968, Train CLS Loss: 0.0000, Train MCLS Loss: 0.0000
Protein Cluster Region Loss - Ortho Loss: 0.0000, Cluster Loss: 0.0000
                              
Validation Results: {
    "ci": 0.7002,
    "classification_loss": 0.0,
    "cluster_loss": 0.0,
    "mae": 1.1131,
    "mse": 2.2563,
    "multiclassification_loss": 0.0,
    "ortho_loss": 0.0,
    "pearson": 0.5824,
    "regression_loss": 2.3092,
    "rm2": 0.2987,
    "rmse": 1.5021,
    "sd": 1.4763,
    "spearman": 0.5601,
    "spectral_loss": 0.0
}
                              
Test Results: {
    "ci": 0.6633,
    "classification_loss": 0.0,
    "cluster_loss": 0.0,
    "mae": 1.1469,
    "mse": 2.272,
    "multiclassification_loss": 0.0,
    "ortho_loss": 0.0,
    "pearson": 0.5149,
    "regression_loss": 2.269,
    "rm2": 0.2464,
    "rmse": 1.5073,
    "sd": 1.4461,
    "spearman": 0.4635,
    "spectral_loss": 0.0
}
                              
                              
----------------------------------------
Epoch 022 with LR 0.000100: Model Results
----------------------------------------
Train MSE Loss: 0.7817, Train CLS Loss: 0.0000, Train MCLS Loss: 0.0000
Protein Cluster Region Loss - Ortho Loss: 0.0000, Cluster Loss: 0.0000
                              
Validation Results: {
    "ci": 0.7048,
    "classification_loss": 0.0,
    "cluster_loss": 0.0,
    "mae": 1.11,
    "mse": 2.2178,
    "multiclassification_loss": 0.0,
    "ortho_loss": 0.0,
    "pearson": 0.5921,
    "regression_loss": 2.2811,
    "rm2": 0.3306,
    "rmse": 1.4892,
    "sd": 1.4635,
    "spearman": 0.5718,
    "spectral_loss": 0.0
}
                              
Test Results: {
    "ci": 0.6633,
    "classification_loss": 0.0,
    "cluster_loss": 0.0,
    "mae": 1.1469,
    "mse": 2.272,
    "multiclassification_loss": 0.0,
    "ortho_loss": 0.0,
    "pearson": 0.5149,
    "regression_loss": 2.269,
    "rm2": 0.2464,
    "rmse": 1.5073,
    "sd": 1.4461,
    "spearman": 0.4635,
    "spectral_loss": 0.0
}
                              
                              
----------------------------------------
Epoch 023 with LR 0.000100: Model Results
----------------------------------------
Train MSE Loss: 0.7565, Train CLS Loss: 0.0000, Train MCLS Loss: 0.0000
Protein Cluster Region Loss - Ortho Loss: 0.0000, Cluster Loss: 0.0000
                              
Validation Results: {
    "ci": 0.7073,
    "classification_loss": 0.0,
    "cluster_loss": 0.0,
    "mae": 1.1165,
    "mse": 2.2603,
    "multiclassification_loss": 0.0,
    "ortho_loss": 0.0,
    "pearson": 0.5896,
    "regression_loss": 2.2963,
    "rm2": 0.3062,
    "rmse": 1.5034,
    "sd": 1.4668,
    "spearman": 0.5751,
    "spectral_loss": 0.0
}
                              
Test Results: {
    "ci": 0.6633,
    "classification_loss": 0.0,
    "cluster_loss": 0.0,
    "mae": 1.1469,
    "mse": 2.272,
    "multiclassification_loss": 0.0,
    "ortho_loss": 0.0,
    "pearson": 0.5149,
    "regression_loss": 2.269,
    "rm2": 0.2464,
    "rmse": 1.5073,
    "sd": 1.4461,
    "spearman": 0.4635,
    "spectral_loss": 0.0
}
                              
                              
----------------------------------------
Epoch 024 with LR 0.000100: Model Results
----------------------------------------
Train MSE Loss: 0.7640, Train CLS Loss: 0.0000, Train MCLS Loss: 0.0000
Protein Cluster Region Loss - Ortho Loss: 0.0000, Cluster Loss: 0.0000
                              
Validation Results: {
    "ci": 0.7023,
    "classification_loss": 0.0,
    "cluster_loss": 0.0,
    "mae": 1.1163,
    "mse": 2.3047,
    "multiclassification_loss": 0.0,
    "ortho_loss": 0.0,
    "pearson": 0.5749,
    "regression_loss": 2.3453,
    "rm2": 0.3123,
    "rmse": 1.5181,
    "sd": 1.4859,
    "spearman": 0.5634,
    "spectral_loss": 0.0
}
                              
Test Results: {
    "ci": 0.6633,
    "classification_loss": 0.0,
    "cluster_loss": 0.0,
    "mae": 1.1469,
    "mse": 2.272,
    "multiclassification_loss": 0.0,
    "ortho_loss": 0.0,
    "pearson": 0.5149,
    "regression_loss": 2.269,
    "rm2": 0.2464,
    "rmse": 1.5073,
    "sd": 1.4461,
    "spearman": 0.4635,
    "spectral_loss": 0.0
}
                              
                              
----------------------------------------
Epoch 025 with LR 0.000100: Model Results
----------------------------------------
Train MSE Loss: 0.7421, Train CLS Loss: 0.0000, Train MCLS Loss: 0.0000
Protein Cluster Region Loss - Ortho Loss: 0.0000, Cluster Loss: 0.0000
                              
Validation Results: {
    "ci": 0.707,
    "classification_loss": 0.0,
    "cluster_loss": 0.0,
    "mae": 1.1202,
    "mse": 2.2844,
    "multiclassification_loss": 0.0,
    "ortho_loss": 0.0,
    "pearson": 0.5868,
    "regression_loss": 2.332,
    "rm2": 0.295,
    "rmse": 1.5114,
    "sd": 1.4705,
    "spearman": 0.5769,
    "spectral_loss": 0.0
}
                              
Test Results: {
    "ci": 0.6633,
    "classification_loss": 0.0,
    "cluster_loss": 0.0,
    "mae": 1.1469,
    "mse": 2.272,
    "multiclassification_loss": 0.0,
    "ortho_loss": 0.0,
    "pearson": 0.5149,
    "regression_loss": 2.269,
    "rm2": 0.2464,
    "rmse": 1.5073,
    "sd": 1.4461,
    "spearman": 0.4635,
    "spectral_loss": 0.0
}
                              
                              
----------------------------------------
Epoch 026 with LR 0.000100: Model Results
----------------------------------------
Train MSE Loss: 0.7385, Train CLS Loss: 0.0000, Train MCLS Loss: 0.0000
Protein Cluster Region Loss - Ortho Loss: 0.0000, Cluster Loss: 0.0000
                              
Validation Results: {
    "ci": 0.7099,
    "classification_loss": 0.0,
    "cluster_loss": 0.0,
    "mae": 1.0975,
    "mse": 2.1656,
    "multiclassification_loss": 0.0,
    "ortho_loss": 0.0,
    "pearson": 0.6004,
    "regression_loss": 2.2297,
    "rm2": 0.3331,
    "rmse": 1.4716,
    "sd": 1.4523,
    "spearman": 0.5873,
    "spectral_loss": 0.0
}
                              
Test Results: {
    "ci": 0.659,
    "classification_loss": 0.0,
    "cluster_loss": 0.0,
    "mae": 1.1496,
    "mse": 2.2925,
    "multiclassification_loss": 0.0,
    "ortho_loss": 0.0,
    "pearson": 0.5062,
    "regression_loss": 2.2869,
    "rm2": 0.2321,
    "rmse": 1.5141,
    "sd": 1.4548,
    "spearman": 0.4495,
    "spectral_loss": 0.0
}
                              
                              
----------------------------------------
Epoch 027 with LR 0.000100: Model Results
----------------------------------------
Train MSE Loss: 0.7278, Train CLS Loss: 0.0000, Train MCLS Loss: 0.0000
Protein Cluster Region Loss - Ortho Loss: 0.0000, Cluster Loss: 0.0000
                              
Validation Results: {
    "ci": 0.6912,
    "classification_loss": 0.0,
    "cluster_loss": 0.0,
    "mae": 1.1516,
    "mse": 2.3994,
    "multiclassification_loss": 0.0,
    "ortho_loss": 0.0,
    "pearson": 0.562,
    "regression_loss": 2.4198,
    "rm2": 0.2767,
    "rmse": 1.549,
    "sd": 1.5022,
    "spearman": 0.5361,
    "spectral_loss": 0.0
}
                              
Test Results: {
    "ci": 0.659,
    "classification_loss": 0.0,
    "cluster_loss": 0.0,
    "mae": 1.1496,
    "mse": 2.2925,
    "multiclassification_loss": 0.0,
    "ortho_loss": 0.0,
    "pearson": 0.5062,
    "regression_loss": 2.2869,
    "rm2": 0.2321,
    "rmse": 1.5141,
    "sd": 1.4548,
    "spearman": 0.4495,
    "spectral_loss": 0.0
}
                              
                              
----------------------------------------
Epoch 028 with LR 0.000100: Model Results
----------------------------------------
Train MSE Loss: 0.7027, Train CLS Loss: 0.0000, Train MCLS Loss: 0.0000
Protein Cluster Region Loss - Ortho Loss: 0.0000, Cluster Loss: 0.0000
                              
Validation Results: {
    "ci": 0.7031,
    "classification_loss": 0.0,
    "cluster_loss": 0.0,
    "mae": 1.0941,
    "mse": 2.1848,
    "multiclassification_loss": 0.0,
    "ortho_loss": 0.0,
    "pearson": 0.5941,
    "regression_loss": 2.2033,
    "rm2": 0.3346,
    "rmse": 1.4781,
    "sd": 1.4608,
    "spearman": 0.5655,
    "spectral_loss": 0.0
}
                              
Test Results: {
    "ci": 0.659,
    "classification_loss": 0.0,
    "cluster_loss": 0.0,
    "mae": 1.1496,
    "mse": 2.2925,
    "multiclassification_loss": 0.0,
    "ortho_loss": 0.0,
    "pearson": 0.5062,
    "regression_loss": 2.2869,
    "rm2": 0.2321,
    "rmse": 1.5141,
    "sd": 1.4548,
    "spearman": 0.4495,
    "spectral_loss": 0.0
}
                              
                              
----------------------------------------
Epoch 029 with LR 0.000100: Model Results
----------------------------------------
Train MSE Loss: 0.7059, Train CLS Loss: 0.0000, Train MCLS Loss: 0.0000
Protein Cluster Region Loss - Ortho Loss: 0.0000, Cluster Loss: 0.0000
                              
Validation Results: {
    "ci": 0.7076,
    "classification_loss": 0.0,
    "cluster_loss": 0.0,
    "mae": 1.1026,
    "mse": 2.2179,
    "multiclassification_loss": 0.0,
    "ortho_loss": 0.0,
    "pearson": 0.5999,
    "regression_loss": 2.2911,
    "rm2": 0.3076,
    "rmse": 1.4893,
    "sd": 1.453,
    "spearman": 0.5772,
    "spectral_loss": 0.0
}
                              
Test Results: {
    "ci": 0.659,
    "classification_loss": 0.0,
    "cluster_loss": 0.0,
    "mae": 1.1496,
    "mse": 2.2925,
    "multiclassification_loss": 0.0,
    "ortho_loss": 0.0,
    "pearson": 0.5062,
    "regression_loss": 2.2869,
    "rm2": 0.2321,
    "rmse": 1.5141,
    "sd": 1.4548,
    "spearman": 0.4495,
    "spectral_loss": 0.0
}
                              
                              
----------------------------------------
Epoch 030 with LR 0.000100: Model Results
----------------------------------------
Train MSE Loss: 0.6968, Train CLS Loss: 0.0000, Train MCLS Loss: 0.0000
Protein Cluster Region Loss - Ortho Loss: 0.0000, Cluster Loss: 0.0000
                              
Validation Results: {
    "ci": 0.6991,
    "classification_loss": 0.0,
    "cluster_loss": 0.0,
    "mae": 1.1243,
    "mse": 2.3197,
    "multiclassification_loss": 0.0,
    "ortho_loss": 0.0,
    "pearson": 0.5763,
    "regression_loss": 2.3555,
    "rm2": 0.3074,
    "rmse": 1.5231,
    "sd": 1.4841,
    "spearman": 0.5552,
    "spectral_loss": 0.0
}
                              
Test Results: {
    "ci": 0.659,
    "classification_loss": 0.0,
    "cluster_loss": 0.0,
    "mae": 1.1496,
    "mse": 2.2925,
    "multiclassification_loss": 0.0,
    "ortho_loss": 0.0,
    "pearson": 0.5062,
    "regression_loss": 2.2869,
    "rm2": 0.2321,
    "rmse": 1.5141,
    "sd": 1.4548,
    "spearman": 0.4495,
    "spectral_loss": 0.0
}
                              
                              
----------------------------------------
Epoch 031 with LR 0.000100: Model Results
----------------------------------------
Train MSE Loss: 0.6826, Train CLS Loss: 0.0000, Train MCLS Loss: 0.0000
Protein Cluster Region Loss - Ortho Loss: 0.0000, Cluster Loss: 0.0000
                              
Validation Results: {
    "ci": 0.7102,
    "classification_loss": 0.0,
    "cluster_loss": 0.0,
    "mae": 1.0876,
    "mse": 2.1531,
    "multiclassification_loss": 0.0,
    "ortho_loss": 0.0,
    "pearson": 0.6057,
    "regression_loss": 2.2054,
    "rm2": 0.3596,
    "rmse": 1.4674,
    "sd": 1.4451,
    "spearman": 0.5854,
    "spectral_loss": 0.0
}
                              
Test Results: {
    "ci": 0.6652,
    "classification_loss": 0.0,
    "cluster_loss": 0.0,
    "mae": 1.1342,
    "mse": 2.2657,
    "multiclassification_loss": 0.0,
    "ortho_loss": 0.0,
    "pearson": 0.5154,
    "regression_loss": 2.2614,
    "rm2": 0.2544,
    "rmse": 1.5052,
    "sd": 1.4457,
    "spearman": 0.4666,
    "spectral_loss": 0.0
}
                              
                              
----------------------------------------
Epoch 032 with LR 0.000100: Model Results
----------------------------------------
Train MSE Loss: 0.6742, Train CLS Loss: 0.0000, Train MCLS Loss: 0.0000
Protein Cluster Region Loss - Ortho Loss: 0.0000, Cluster Loss: 0.0000
                              
Validation Results: {
    "ci": 0.6945,
    "classification_loss": 0.0,
    "cluster_loss": 0.0,
    "mae": 1.1423,
    "mse": 2.4021,
    "multiclassification_loss": 0.0,
    "ortho_loss": 0.0,
    "pearson": 0.5626,
    "regression_loss": 2.4491,
    "rm2": 0.2788,
    "rmse": 1.5499,
    "sd": 1.5014,
    "spearman": 0.545,
    "spectral_loss": 0.0
}
                              
Test Results: {
    "ci": 0.6652,
    "classification_loss": 0.0,
    "cluster_loss": 0.0,
    "mae": 1.1342,
    "mse": 2.2657,
    "multiclassification_loss": 0.0,
    "ortho_loss": 0.0,
    "pearson": 0.5154,
    "regression_loss": 2.2614,
    "rm2": 0.2544,
    "rmse": 1.5052,
    "sd": 1.4457,
    "spearman": 0.4666,
    "spectral_loss": 0.0
}
                              
                              
----------------------------------------
Epoch 033 with LR 0.000100: Model Results
----------------------------------------
Train MSE Loss: 0.6636, Train CLS Loss: 0.0000, Train MCLS Loss: 0.0000
Protein Cluster Region Loss - Ortho Loss: 0.0000, Cluster Loss: 0.0000
                              
Validation Results: {
    "ci": 0.7071,
    "classification_loss": 0.0,
    "cluster_loss": 0.0,
    "mae": 1.1001,
    "mse": 2.2011,
    "multiclassification_loss": 0.0,
    "ortho_loss": 0.0,
    "pearson": 0.595,
    "regression_loss": 2.2794,
    "rm2": 0.3233,
    "rmse": 1.4836,
    "sd": 1.4597,
    "spearman": 0.5779,
    "spectral_loss": 0.0
}
                              
Test Results: {
    "ci": 0.6652,
    "classification_loss": 0.0,
    "cluster_loss": 0.0,
    "mae": 1.1342,
    "mse": 2.2657,
    "multiclassification_loss": 0.0,
    "ortho_loss": 0.0,
    "pearson": 0.5154,
    "regression_loss": 2.2614,
    "rm2": 0.2544,
    "rmse": 1.5052,
    "sd": 1.4457,
    "spearman": 0.4666,
    "spectral_loss": 0.0
}
                              
                              
----------------------------------------
Epoch 034 with LR 0.000100: Model Results
----------------------------------------
Train MSE Loss: 0.6622, Train CLS Loss: 0.0000, Train MCLS Loss: 0.0000
Protein Cluster Region Loss - Ortho Loss: 0.0000, Cluster Loss: 0.0000
                              
Validation Results: {
    "ci": 0.7061,
    "classification_loss": 0.0,
    "cluster_loss": 0.0,
    "mae": 1.1167,
    "mse": 2.2669,
    "multiclassification_loss": 0.0,
    "ortho_loss": 0.0,
    "pearson": 0.5921,
    "regression_loss": 2.3194,
    "rm2": 0.339,
    "rmse": 1.5056,
    "sd": 1.4635,
    "spearman": 0.5717,
    "spectral_loss": 0.0
}
                              
Test Results: {
    "ci": 0.6652,
    "classification_loss": 0.0,
    "cluster_loss": 0.0,
    "mae": 1.1342,
    "mse": 2.2657,
    "multiclassification_loss": 0.0,
    "ortho_loss": 0.0,
    "pearson": 0.5154,
    "regression_loss": 2.2614,
    "rm2": 0.2544,
    "rmse": 1.5052,
    "sd": 1.4457,
    "spearman": 0.4666,
    "spectral_loss": 0.0
}
                              
                              
----------------------------------------
Epoch 035 with LR 0.000100: Model Results
----------------------------------------
Train MSE Loss: 0.6483, Train CLS Loss: 0.0000, Train MCLS Loss: 0.0000
Protein Cluster Region Loss - Ortho Loss: 0.0000, Cluster Loss: 0.0000
                              
Validation Results: {
    "ci": 0.7093,
    "classification_loss": 0.0,
    "cluster_loss": 0.0,
    "mae": 1.0903,
    "mse": 2.2273,
    "multiclassification_loss": 0.0,
    "ortho_loss": 0.0,
    "pearson": 0.6019,
    "regression_loss": 2.3011,
    "rm2": 0.3159,
    "rmse": 1.4924,
    "sd": 1.4503,
    "spearman": 0.5808,
    "spectral_loss": 0.0
}
                              
Test Results: {
    "ci": 0.6652,
    "classification_loss": 0.0,
    "cluster_loss": 0.0,
    "mae": 1.1342,
    "mse": 2.2657,
    "multiclassification_loss": 0.0,
    "ortho_loss": 0.0,
    "pearson": 0.5154,
    "regression_loss": 2.2614,
    "rm2": 0.2544,
    "rmse": 1.5052,
    "sd": 1.4457,
    "spearman": 0.4666,
    "spectral_loss": 0.0
}
                              
                              
----------------------------------------
Epoch 036 with LR 0.000100: Model Results
----------------------------------------
Train MSE Loss: 0.6377, Train CLS Loss: 0.0000, Train MCLS Loss: 0.0000
Protein Cluster Region Loss - Ortho Loss: 0.0000, Cluster Loss: 0.0000
                              
Validation Results: {
    "ci": 0.714,
    "classification_loss": 0.0,
    "cluster_loss": 0.0,
    "mae": 1.081,
    "mse": 2.1141,
    "multiclassification_loss": 0.0,
    "ortho_loss": 0.0,
    "pearson": 0.617,
    "regression_loss": 2.162,
    "rm2": 0.3582,
    "rmse": 1.454,
    "sd": 1.4291,
    "spearman": 0.5947,
    "spectral_loss": 0.0
}
                              
Test Results: {
    "ci": 0.6584,
    "classification_loss": 0.0,
    "cluster_loss": 0.0,
    "mae": 1.1723,
    "mse": 2.3761,
    "multiclassification_loss": 0.0,
    "ortho_loss": 0.0,
    "pearson": 0.4983,
    "regression_loss": 2.3698,
    "rm2": 0.2245,
    "rmse": 1.5414,
    "sd": 1.4627,
    "spearman": 0.4494,
    "spectral_loss": 0.0
}
                              
                              
----------------------------------------
Epoch 037 with LR 0.000100: Model Results
----------------------------------------
Train MSE Loss: 0.6379, Train CLS Loss: 0.0000, Train MCLS Loss: 0.0000
Protein Cluster Region Loss - Ortho Loss: 0.0000, Cluster Loss: 0.0000
                              
Validation Results: {
    "ci": 0.7143,
    "classification_loss": 0.0,
    "cluster_loss": 0.0,
    "mae": 1.0823,
    "mse": 2.1929,
    "multiclassification_loss": 0.0,
    "ortho_loss": 0.0,
    "pearson": 0.5984,
    "regression_loss": 2.2511,
    "rm2": 0.3319,
    "rmse": 1.4809,
    "sd": 1.455,
    "spearman": 0.5926,
    "spectral_loss": 0.0
}
                              
Test Results: {
    "ci": 0.6584,
    "classification_loss": 0.0,
    "cluster_loss": 0.0,
    "mae": 1.1723,
    "mse": 2.3761,
    "multiclassification_loss": 0.0,
    "ortho_loss": 0.0,
    "pearson": 0.4983,
    "regression_loss": 2.3698,
    "rm2": 0.2245,
    "rmse": 1.5414,
    "sd": 1.4627,
    "spearman": 0.4494,
    "spectral_loss": 0.0
}
                              
                              
----------------------------------------
Epoch 038 with LR 0.000100: Model Results
----------------------------------------
Train MSE Loss: 0.6203, Train CLS Loss: 0.0000, Train MCLS Loss: 0.0000
Protein Cluster Region Loss - Ortho Loss: 0.0000, Cluster Loss: 0.0000
                              
Validation Results: {
    "ci": 0.7133,
    "classification_loss": 0.0,
    "cluster_loss": 0.0,
    "mae": 1.0817,
    "mse": 2.1541,
    "multiclassification_loss": 0.0,
    "ortho_loss": 0.0,
    "pearson": 0.6119,
    "regression_loss": 2.2243,
    "rm2": 0.3591,
    "rmse": 1.4677,
    "sd": 1.4363,
    "spearman": 0.5913,
    "spectral_loss": 0.0
}
                              
Test Results: {
    "ci": 0.6584,
    "classification_loss": 0.0,
    "cluster_loss": 0.0,
    "mae": 1.1723,
    "mse": 2.3761,
    "multiclassification_loss": 0.0,
    "ortho_loss": 0.0,
    "pearson": 0.4983,
    "regression_loss": 2.3698,
    "rm2": 0.2245,
    "rmse": 1.5414,
    "sd": 1.4627,
    "spearman": 0.4494,
    "spectral_loss": 0.0
}
                              
                              
----------------------------------------
Epoch 039 with LR 0.000100: Model Results
----------------------------------------
Train MSE Loss: 0.6256, Train CLS Loss: 0.0000, Train MCLS Loss: 0.0000
Protein Cluster Region Loss - Ortho Loss: 0.0000, Cluster Loss: 0.0000
                              
Validation Results: {
    "ci": 0.7153,
    "classification_loss": 0.0,
    "cluster_loss": 0.0,
    "mae": 1.0712,
    "mse": 2.1225,
    "multiclassification_loss": 0.0,
    "ortho_loss": 0.0,
    "pearson": 0.6158,
    "regression_loss": 2.152,
    "rm2": 0.3387,
    "rmse": 1.4569,
    "sd": 1.4309,
    "spearman": 0.5972,
    "spectral_loss": 0.0
}
                              
Test Results: {
    "ci": 0.6584,
    "classification_loss": 0.0,
    "cluster_loss": 0.0,
    "mae": 1.1723,
    "mse": 2.3761,
    "multiclassification_loss": 0.0,
    "ortho_loss": 0.0,
    "pearson": 0.4983,
    "regression_loss": 2.3698,
    "rm2": 0.2245,
    "rmse": 1.5414,
    "sd": 1.4627,
    "spearman": 0.4494,
    "spectral_loss": 0.0
}
                              
                              
----------------------------------------
Epoch 040 with LR 0.000100: Model Results
----------------------------------------
Train MSE Loss: 0.6175, Train CLS Loss: 0.0000, Train MCLS Loss: 0.0000
Protein Cluster Region Loss - Ortho Loss: 0.0000, Cluster Loss: 0.0000
                              
Validation Results: {
    "ci": 0.7118,
    "classification_loss": 0.0,
    "cluster_loss": 0.0,
    "mae": 1.0858,
    "mse": 2.148,
    "multiclassification_loss": 0.0,
    "ortho_loss": 0.0,
    "pearson": 0.6081,
    "regression_loss": 2.1903,
    "rm2": 0.3596,
    "rmse": 1.4656,
    "sd": 1.4418,
    "spearman": 0.5882,
    "spectral_loss": 0.0
}
                              
Test Results: {
    "ci": 0.6584,
    "classification_loss": 0.0,
    "cluster_loss": 0.0,
    "mae": 1.1723,
    "mse": 2.3761,
    "multiclassification_loss": 0.0,
    "ortho_loss": 0.0,
    "pearson": 0.4983,
    "regression_loss": 2.3698,
    "rm2": 0.2245,
    "rmse": 1.5414,
    "sd": 1.4627,
    "spearman": 0.4494,
    "spectral_loss": 0.0
}
                              
                              
----------------------------------------
Epoch 041 with LR 0.000100: Model Results
----------------------------------------
Train MSE Loss: 0.6095, Train CLS Loss: 0.0000, Train MCLS Loss: 0.0000
Protein Cluster Region Loss - Ortho Loss: 0.0000, Cluster Loss: 0.0000
                              
Validation Results: {
    "ci": 0.7103,
    "classification_loss": 0.0,
    "cluster_loss": 0.0,
    "mae": 1.088,
    "mse": 2.2077,
    "multiclassification_loss": 0.0,
    "ortho_loss": 0.0,
    "pearson": 0.6016,
    "regression_loss": 2.269,
    "rm2": 0.3142,
    "rmse": 1.4858,
    "sd": 1.4507,
    "spearman": 0.5825,
    "spectral_loss": 0.0
}
                              
Test Results: {
    "ci": 0.6584,
    "classification_loss": 0.0,
    "cluster_loss": 0.0,
    "mae": 1.1723,
    "mse": 2.3761,
    "multiclassification_loss": 0.0,
    "ortho_loss": 0.0,
    "pearson": 0.4983,
    "regression_loss": 2.3698,
    "rm2": 0.2245,
    "rmse": 1.5414,
    "sd": 1.4627,
    "spearman": 0.4494,
    "spectral_loss": 0.0
}
                              
                              
----------------------------------------
Epoch 042 with LR 0.000100: Model Results
----------------------------------------
Train MSE Loss: 0.5999, Train CLS Loss: 0.0000, Train MCLS Loss: 0.0000
Protein Cluster Region Loss - Ortho Loss: 0.0000, Cluster Loss: 0.0000
                              
Validation Results: {
    "ci": 0.7037,
    "classification_loss": 0.0,
    "cluster_loss": 0.0,
    "mae": 1.0969,
    "mse": 2.2444,
    "multiclassification_loss": 0.0,
    "ortho_loss": 0.0,
    "pearson": 0.587,
    "regression_loss": 2.2794,
    "rm2": 0.3079,
    "rmse": 1.4981,
    "sd": 1.4703,
    "spearman": 0.5641,
    "spectral_loss": 0.0
}
                              
Test Results: {
    "ci": 0.6584,
    "classification_loss": 0.0,
    "cluster_loss": 0.0,
    "mae": 1.1723,
    "mse": 2.3761,
    "multiclassification_loss": 0.0,
    "ortho_loss": 0.0,
    "pearson": 0.4983,
    "regression_loss": 2.3698,
    "rm2": 0.2245,
    "rmse": 1.5414,
    "sd": 1.4627,
    "spearman": 0.4494,
    "spectral_loss": 0.0
}
                              
                              
----------------------------------------
Epoch 043 with LR 0.000100: Model Results
----------------------------------------
Train MSE Loss: 0.5906, Train CLS Loss: 0.0000, Train MCLS Loss: 0.0000
Protein Cluster Region Loss - Ortho Loss: 0.0000, Cluster Loss: 0.0000
                              
Validation Results: {
    "ci": 0.7078,
    "classification_loss": 0.0,
    "cluster_loss": 0.0,
    "mae": 1.1133,
    "mse": 2.2919,
    "multiclassification_loss": 0.0,
    "ortho_loss": 0.0,
    "pearson": 0.5994,
    "regression_loss": 2.3685,
    "rm2": 0.307,
    "rmse": 1.5139,
    "sd": 1.4537,
    "spearman": 0.576,
    "spectral_loss": 0.0
}
                              
Test Results: {
    "ci": 0.6584,
    "classification_loss": 0.0,
    "cluster_loss": 0.0,
    "mae": 1.1723,
    "mse": 2.3761,
    "multiclassification_loss": 0.0,
    "ortho_loss": 0.0,
    "pearson": 0.4983,
    "regression_loss": 2.3698,
    "rm2": 0.2245,
    "rmse": 1.5414,
    "sd": 1.4627,
    "spearman": 0.4494,
    "spectral_loss": 0.0
}
                              
                              
----------------------------------------
Epoch 044 with LR 0.000100: Model Results
----------------------------------------
Train MSE Loss: 0.5961, Train CLS Loss: 0.0000, Train MCLS Loss: 0.0000
Protein Cluster Region Loss - Ortho Loss: 0.0000, Cluster Loss: 0.0000
                              
Validation Results: {
    "ci": 0.7084,
    "classification_loss": 0.0,
    "cluster_loss": 0.0,
    "mae": 1.093,
    "mse": 2.1892,
    "multiclassification_loss": 0.0,
    "ortho_loss": 0.0,
    "pearson": 0.6037,
    "regression_loss": 2.2363,
    "rm2": 0.3474,
    "rmse": 1.4796,
    "sd": 1.4478,
    "spearman": 0.5795,
    "spectral_loss": 0.0
}
                              
Test Results: {
    "ci": 0.6584,
    "classification_loss": 0.0,
    "cluster_loss": 0.0,
    "mae": 1.1723,
    "mse": 2.3761,
    "multiclassification_loss": 0.0,
    "ortho_loss": 0.0,
    "pearson": 0.4983,
    "regression_loss": 2.3698,
    "rm2": 0.2245,
    "rmse": 1.5414,
    "sd": 1.4627,
    "spearman": 0.4494,
    "spectral_loss": 0.0
}
                              
                              
----------------------------------------
Epoch 045 with LR 0.000100: Model Results
----------------------------------------
Train MSE Loss: 0.5784, Train CLS Loss: 0.0000, Train MCLS Loss: 0.0000
Protein Cluster Region Loss - Ortho Loss: 0.0000, Cluster Loss: 0.0000
                              
Validation Results: {
    "ci": 0.7132,
    "classification_loss": 0.0,
    "cluster_loss": 0.0,
    "mae": 1.0794,
    "mse": 2.1403,
    "multiclassification_loss": 0.0,
    "ortho_loss": 0.0,
    "pearson": 0.6106,
    "regression_loss": 2.1917,
    "rm2": 0.3367,
    "rmse": 1.463,
    "sd": 1.4383,
    "spearman": 0.5901,
    "spectral_loss": 0.0
}
                              
Test Results: {
    "ci": 0.6584,
    "classification_loss": 0.0,
    "cluster_loss": 0.0,
    "mae": 1.1723,
    "mse": 2.3761,
    "multiclassification_loss": 0.0,
    "ortho_loss": 0.0,
    "pearson": 0.4983,
    "regression_loss": 2.3698,
    "rm2": 0.2245,
    "rmse": 1.5414,
    "sd": 1.4627,
    "spearman": 0.4494,
    "spectral_loss": 0.0
}
                              
                              
----------------------------------------
Epoch 046 with LR 0.000100: Model Results
----------------------------------------
Train MSE Loss: 0.5770, Train CLS Loss: 0.0000, Train MCLS Loss: 0.0000
Protein Cluster Region Loss - Ortho Loss: 0.0000, Cluster Loss: 0.0000
                              
Validation Results: {
    "ci": 0.707,
    "classification_loss": 0.0,
    "cluster_loss": 0.0,
    "mae": 1.0985,
    "mse": 2.2056,
    "multiclassification_loss": 0.0,
    "ortho_loss": 0.0,
    "pearson": 0.5942,
    "regression_loss": 2.2667,
    "rm2": 0.3178,
    "rmse": 1.4851,
    "sd": 1.4607,
    "spearman": 0.5749,
    "spectral_loss": 0.0
}
                              
Test Results: {
    "ci": 0.6584,
    "classification_loss": 0.0,
    "cluster_loss": 0.0,
    "mae": 1.1723,
    "mse": 2.3761,
    "multiclassification_loss": 0.0,
    "ortho_loss": 0.0,
    "pearson": 0.4983,
    "regression_loss": 2.3698,
    "rm2": 0.2245,
    "rmse": 1.5414,
    "sd": 1.4627,
    "spearman": 0.4494,
    "spectral_loss": 0.0
}
                              
                              
----------------------------------------
Epoch 047 with LR 0.000100: Model Results
----------------------------------------
Train MSE Loss: 0.5739, Train CLS Loss: 0.0000, Train MCLS Loss: 0.0000
Protein Cluster Region Loss - Ortho Loss: 0.0000, Cluster Loss: 0.0000
                              
Validation Results: {
    "ci": 0.7073,
    "classification_loss": 0.0,
    "cluster_loss": 0.0,
    "mae": 1.1065,
    "mse": 2.3118,
    "multiclassification_loss": 0.0,
    "ortho_loss": 0.0,
    "pearson": 0.5906,
    "regression_loss": 2.3745,
    "rm2": 0.2942,
    "rmse": 1.5205,
    "sd": 1.4656,
    "spearman": 0.5725,
    "spectral_loss": 0.0
}
                              
Test Results: {
    "ci": 0.6584,
    "classification_loss": 0.0,
    "cluster_loss": 0.0,
    "mae": 1.1723,
    "mse": 2.3761,
    "multiclassification_loss": 0.0,
    "ortho_loss": 0.0,
    "pearson": 0.4983,
    "regression_loss": 2.3698,
    "rm2": 0.2245,
    "rmse": 1.5414,
    "sd": 1.4627,
    "spearman": 0.4494,
    "spectral_loss": 0.0
}
                              
                              
----------------------------------------
Epoch 048 with LR 0.000100: Model Results
----------------------------------------
Train MSE Loss: 0.5677, Train CLS Loss: 0.0000, Train MCLS Loss: 0.0000
Protein Cluster Region Loss - Ortho Loss: 0.0000, Cluster Loss: 0.0000
                              
Validation Results: {
    "ci": 0.7071,
    "classification_loss": 0.0,
    "cluster_loss": 0.0,
    "mae": 1.106,
    "mse": 2.2339,
    "multiclassification_loss": 0.0,
    "ortho_loss": 0.0,
    "pearson": 0.5964,
    "regression_loss": 2.3048,
    "rm2": 0.3176,
    "rmse": 1.4946,
    "sd": 1.4577,
    "spearman": 0.5738,
    "spectral_loss": 0.0
}
                              
Test Results: {
    "ci": 0.6584,
    "classification_loss": 0.0,
    "cluster_loss": 0.0,
    "mae": 1.1723,
    "mse": 2.3761,
    "multiclassification_loss": 0.0,
    "ortho_loss": 0.0,
    "pearson": 0.4983,
    "regression_loss": 2.3698,
    "rm2": 0.2245,
    "rmse": 1.5414,
    "sd": 1.4627,
    "spearman": 0.4494,
    "spectral_loss": 0.0
}
                              
                              
----------------------------------------
Epoch 049 with LR 0.000100: Model Results
----------------------------------------
Train MSE Loss: 0.5651, Train CLS Loss: 0.0000, Train MCLS Loss: 0.0000
Protein Cluster Region Loss - Ortho Loss: 0.0000, Cluster Loss: 0.0000
                              
Validation Results: {
    "ci": 0.7077,
    "classification_loss": 0.0,
    "cluster_loss": 0.0,
    "mae": 1.0981,
    "mse": 2.2528,
    "multiclassification_loss": 0.0,
    "ortho_loss": 0.0,
    "pearson": 0.5927,
    "regression_loss": 2.325,
    "rm2": 0.314,
    "rmse": 1.5009,
    "sd": 1.4627,
    "spearman": 0.5754,
    "spectral_loss": 0.0
}
                              
Test Results: {
    "ci": 0.6584,
    "classification_loss": 0.0,
    "cluster_loss": 0.0,
    "mae": 1.1723,
    "mse": 2.3761,
    "multiclassification_loss": 0.0,
    "ortho_loss": 0.0,
    "pearson": 0.4983,
    "regression_loss": 2.3698,
    "rm2": 0.2245,
    "rmse": 1.5414,
    "sd": 1.4627,
    "spearman": 0.4494,
    "spectral_loss": 0.0
}
                              
                              
----------------------------------------
Epoch 050 with LR 0.000100: Model Results
----------------------------------------
Train MSE Loss: 0.5575, Train CLS Loss: 0.0000, Train MCLS Loss: 0.0000
Protein Cluster Region Loss - Ortho Loss: 0.0000, Cluster Loss: 0.0000
                              
Validation Results: {
    "ci": 0.7076,
    "classification_loss": 0.0,
    "cluster_loss": 0.0,
    "mae": 1.0948,
    "mse": 2.1709,
    "multiclassification_loss": 0.0,
    "ortho_loss": 0.0,
    "pearson": 0.6013,
    "regression_loss": 2.2147,
    "rm2": 0.3228,
    "rmse": 1.4734,
    "sd": 1.4511,
    "spearman": 0.5792,
    "spectral_loss": 0.0
}
                              
Test Results: {
    "ci": 0.6584,
    "classification_loss": 0.0,
    "cluster_loss": 0.0,
    "mae": 1.1723,
    "mse": 2.3761,
    "multiclassification_loss": 0.0,
    "ortho_loss": 0.0,
    "pearson": 0.4983,
    "regression_loss": 2.3698,
    "rm2": 0.2245,
    "rmse": 1.5414,
    "sd": 1.4627,
    "spearman": 0.4494,
    "spectral_loss": 0.0
}
                              
                              
----------------------------------------
Epoch 051 with LR 0.000100: Model Results
----------------------------------------
Train MSE Loss: 0.5526, Train CLS Loss: 0.0000, Train MCLS Loss: 0.0000
Protein Cluster Region Loss - Ortho Loss: 0.0000, Cluster Loss: 0.0000
                              
Validation Results: {
    "ci": 0.7124,
    "classification_loss": 0.0,
    "cluster_loss": 0.0,
    "mae": 1.0799,
    "mse": 2.2076,
    "multiclassification_loss": 0.0,
    "ortho_loss": 0.0,
    "pearson": 0.6078,
    "regression_loss": 2.2853,
    "rm2": 0.3166,
    "rmse": 1.4858,
    "sd": 1.4422,
    "spearman": 0.5854,
    "spectral_loss": 0.0
}
                              
Test Results: {
    "ci": 0.6584,
    "classification_loss": 0.0,
    "cluster_loss": 0.0,
    "mae": 1.1723,
    "mse": 2.3761,
    "multiclassification_loss": 0.0,
    "ortho_loss": 0.0,
    "pearson": 0.4983,
    "regression_loss": 2.3698,
    "rm2": 0.2245,
    "rmse": 1.5414,
    "sd": 1.4627,
    "spearman": 0.4494,
    "spectral_loss": 0.0
}
                              
                              
----------------------------------------
Epoch 052 with LR 0.000100: Model Results
----------------------------------------
Train MSE Loss: 0.5518, Train CLS Loss: 0.0000, Train MCLS Loss: 0.0000
Protein Cluster Region Loss - Ortho Loss: 0.0000, Cluster Loss: 0.0000
                              
Validation Results: {
    "ci": 0.7113,
    "classification_loss": 0.0,
    "cluster_loss": 0.0,
    "mae": 1.098,
    "mse": 2.2069,
    "multiclassification_loss": 0.0,
    "ortho_loss": 0.0,
    "pearson": 0.6025,
    "regression_loss": 2.2608,
    "rm2": 0.3333,
    "rmse": 1.4856,
    "sd": 1.4494,
    "spearman": 0.5846,
    "spectral_loss": 0.0
}
                              
Test Results: {
    "ci": 0.6584,
    "classification_loss": 0.0,
    "cluster_loss": 0.0,
    "mae": 1.1723,
    "mse": 2.3761,
    "multiclassification_loss": 0.0,
    "ortho_loss": 0.0,
    "pearson": 0.4983,
    "regression_loss": 2.3698,
    "rm2": 0.2245,
    "rmse": 1.5414,
    "sd": 1.4627,
    "spearman": 0.4494,
    "spectral_loss": 0.0
}
                              
                              
----------------------------------------
Epoch 053 with LR 0.000100: Model Results
----------------------------------------
Train MSE Loss: 0.5491, Train CLS Loss: 0.0000, Train MCLS Loss: 0.0000
Protein Cluster Region Loss - Ortho Loss: 0.0000, Cluster Loss: 0.0000
                              
Validation Results: {
    "ci": 0.7081,
    "classification_loss": 0.0,
    "cluster_loss": 0.0,
    "mae": 1.1044,
    "mse": 2.2764,
    "multiclassification_loss": 0.0,
    "ortho_loss": 0.0,
    "pearson": 0.5899,
    "regression_loss": 2.3238,
    "rm2": 0.3186,
    "rmse": 1.5088,
    "sd": 1.4664,
    "spearman": 0.5768,
    "spectral_loss": 0.0
}
                              
Test Results: {
    "ci": 0.6584,
    "classification_loss": 0.0,
    "cluster_loss": 0.0,
    "mae": 1.1723,
    "mse": 2.3761,
    "multiclassification_loss": 0.0,
    "ortho_loss": 0.0,
    "pearson": 0.4983,
    "regression_loss": 2.3698,
    "rm2": 0.2245,
    "rmse": 1.5414,
    "sd": 1.4627,
    "spearman": 0.4494,
    "spectral_loss": 0.0
}
                              
                              
----------------------------------------
Epoch 054 with LR 0.000100: Model Results
----------------------------------------
Train MSE Loss: 0.5340, Train CLS Loss: 0.0000, Train MCLS Loss: 0.0000
Protein Cluster Region Loss - Ortho Loss: 0.0000, Cluster Loss: 0.0000
                              
Validation Results: {
    "ci": 0.7091,
    "classification_loss": 0.0,
    "cluster_loss": 0.0,
    "mae": 1.094,
    "mse": 2.292,
    "multiclassification_loss": 0.0,
    "ortho_loss": 0.0,
    "pearson": 0.5856,
    "regression_loss": 2.3466,
    "rm2": 0.3079,
    "rmse": 1.5139,
    "sd": 1.4721,
    "spearman": 0.5752,
    "spectral_loss": 0.0
}
                              
Test Results: {
    "ci": 0.6584,
    "classification_loss": 0.0,
    "cluster_loss": 0.0,
    "mae": 1.1723,
    "mse": 2.3761,
    "multiclassification_loss": 0.0,
    "ortho_loss": 0.0,
    "pearson": 0.4983,
    "regression_loss": 2.3698,
    "rm2": 0.2245,
    "rmse": 1.5414,
    "sd": 1.4627,
    "spearman": 0.4494,
    "spectral_loss": 0.0
}
                              
                              
----------------------------------------
Epoch 055 with LR 0.000100: Model Results
----------------------------------------
Train MSE Loss: 0.5355, Train CLS Loss: 0.0000, Train MCLS Loss: 0.0000
Protein Cluster Region Loss - Ortho Loss: 0.0000, Cluster Loss: 0.0000
                              
Validation Results: {
    "ci": 0.7138,
    "classification_loss": 0.0,
    "cluster_loss": 0.0,
    "mae": 1.0904,
    "mse": 2.2341,
    "multiclassification_loss": 0.0,
    "ortho_loss": 0.0,
    "pearson": 0.6036,
    "regression_loss": 2.2993,
    "rm2": 0.3107,
    "rmse": 1.4947,
    "sd": 1.448,
    "spearman": 0.5889,
    "spectral_loss": 0.0
}
                              
Test Results: {
    "ci": 0.6584,
    "classification_loss": 0.0,
    "cluster_loss": 0.0,
    "mae": 1.1723,
    "mse": 2.3761,
    "multiclassification_loss": 0.0,
    "ortho_loss": 0.0,
    "pearson": 0.4983,
    "regression_loss": 2.3698,
    "rm2": 0.2245,
    "rmse": 1.5414,
    "sd": 1.4627,
    "spearman": 0.4494,
    "spectral_loss": 0.0
}
                              
                              
----------------------------------------
Epoch 056 with LR 0.000100: Model Results
----------------------------------------
Train MSE Loss: 0.5277, Train CLS Loss: 0.0000, Train MCLS Loss: 0.0000
Protein Cluster Region Loss - Ortho Loss: 0.0000, Cluster Loss: 0.0000
                              
Validation Results: {
    "ci": 0.7071,
    "classification_loss": 0.0,
    "cluster_loss": 0.0,
    "mae": 1.0911,
    "mse": 2.2921,
    "multiclassification_loss": 0.0,
    "ortho_loss": 0.0,
    "pearson": 0.5907,
    "regression_loss": 2.3902,
    "rm2": 0.317,
    "rmse": 1.514,
    "sd": 1.4654,
    "spearman": 0.566,
    "spectral_loss": 0.0
}
                              
Test Results: {
    "ci": 0.6584,
    "classification_loss": 0.0,
    "cluster_loss": 0.0,
    "mae": 1.1723,
    "mse": 2.3761,
    "multiclassification_loss": 0.0,
    "ortho_loss": 0.0,
    "pearson": 0.4983,
    "regression_loss": 2.3698,
    "rm2": 0.2245,
    "rmse": 1.5414,
    "sd": 1.4627,
    "spearman": 0.4494,
    "spectral_loss": 0.0
}
                              
                              
----------------------------------------
Epoch 057 with LR 0.000100: Model Results
----------------------------------------
Train MSE Loss: 0.5237, Train CLS Loss: 0.0000, Train MCLS Loss: 0.0000
Protein Cluster Region Loss - Ortho Loss: 0.0000, Cluster Loss: 0.0000
                              
Validation Results: {
    "ci": 0.7182,
    "classification_loss": 0.0,
    "cluster_loss": 0.0,
    "mae": 1.0831,
    "mse": 2.1862,
    "multiclassification_loss": 0.0,
    "ortho_loss": 0.0,
    "pearson": 0.615,
    "regression_loss": 2.2934,
    "rm2": 0.3215,
    "rmse": 1.4786,
    "sd": 1.432,
    "spearman": 0.6024,
    "spectral_loss": 0.0
}
                              
Test Results: {
    "ci": 0.6584,
    "classification_loss": 0.0,
    "cluster_loss": 0.0,
    "mae": 1.1723,
    "mse": 2.3761,
    "multiclassification_loss": 0.0,
    "ortho_loss": 0.0,
    "pearson": 0.4983,
    "regression_loss": 2.3698,
    "rm2": 0.2245,
    "rmse": 1.5414,
    "sd": 1.4627,
    "spearman": 0.4494,
    "spectral_loss": 0.0
}
                              
                              
----------------------------------------
Epoch 058 with LR 0.000100: Model Results
----------------------------------------
Train MSE Loss: 0.5143, Train CLS Loss: 0.0000, Train MCLS Loss: 0.0000
Protein Cluster Region Loss - Ortho Loss: 0.0000, Cluster Loss: 0.0000
                              
Validation Results: {
    "ci": 0.7181,
    "classification_loss": 0.0,
    "cluster_loss": 0.0,
    "mae": 1.0805,
    "mse": 2.155,
    "multiclassification_loss": 0.0,
    "ortho_loss": 0.0,
    "pearson": 0.6178,
    "regression_loss": 2.2188,
    "rm2": 0.3249,
    "rmse": 1.468,
    "sd": 1.428,
    "spearman": 0.6031,
    "spectral_loss": 0.0
}
                              
Test Results: {
    "ci": 0.6584,
    "classification_loss": 0.0,
    "cluster_loss": 0.0,
    "mae": 1.1723,
    "mse": 2.3761,
    "multiclassification_loss": 0.0,
    "ortho_loss": 0.0,
    "pearson": 0.4983,
    "regression_loss": 2.3698,
    "rm2": 0.2245,
    "rmse": 1.5414,
    "sd": 1.4627,
    "spearman": 0.4494,
    "spectral_loss": 0.0
}
                              
                              
----------------------------------------
Epoch 059 with LR 0.000100: Model Results
----------------------------------------
Train MSE Loss: 0.5153, Train CLS Loss: 0.0000, Train MCLS Loss: 0.0000
Protein Cluster Region Loss - Ortho Loss: 0.0000, Cluster Loss: 0.0000
                              
Validation Results: {
    "ci": 0.7101,
    "classification_loss": 0.0,
    "cluster_loss": 0.0,
    "mae": 1.0908,
    "mse": 2.2521,
    "multiclassification_loss": 0.0,
    "ortho_loss": 0.0,
    "pearson": 0.5953,
    "regression_loss": 2.3233,
    "rm2": 0.3087,
    "rmse": 1.5007,
    "sd": 1.4593,
    "spearman": 0.5767,
    "spectral_loss": 0.0
}
                              
Test Results: {
    "ci": 0.6584,
    "classification_loss": 0.0,
    "cluster_loss": 0.0,
    "mae": 1.1723,
    "mse": 2.3761,
    "multiclassification_loss": 0.0,
    "ortho_loss": 0.0,
    "pearson": 0.4983,
    "regression_loss": 2.3698,
    "rm2": 0.2245,
    "rmse": 1.5414,
    "sd": 1.4627,
    "spearman": 0.4494,
    "spectral_loss": 0.0
}
                              
                              
----------------------------------------
Epoch 060 with LR 0.000100: Model Results
----------------------------------------
Train MSE Loss: 0.5097, Train CLS Loss: 0.0000, Train MCLS Loss: 0.0000
Protein Cluster Region Loss - Ortho Loss: 0.0000, Cluster Loss: 0.0000
                              
Validation Results: {
    "ci": 0.7156,
    "classification_loss": 0.0,
    "cluster_loss": 0.0,
    "mae": 1.0803,
    "mse": 2.1567,
    "multiclassification_loss": 0.0,
    "ortho_loss": 0.0,
    "pearson": 0.607,
    "regression_loss": 2.2008,
    "rm2": 0.3319,
    "rmse": 1.4686,
    "sd": 1.4432,
    "spearman": 0.5961,
    "spectral_loss": 0.0
}
                              
Test Results: {
    "ci": 0.6584,
    "classification_loss": 0.0,
    "cluster_loss": 0.0,
    "mae": 1.1723,
    "mse": 2.3761,
    "multiclassification_loss": 0.0,
    "ortho_loss": 0.0,
    "pearson": 0.4983,
    "regression_loss": 2.3698,
    "rm2": 0.2245,
    "rmse": 1.5414,
    "sd": 1.4627,
    "spearman": 0.4494,
    "spectral_loss": 0.0
}
                              
                              
----------------------------------------
Epoch 061 with LR 0.000100: Model Results
----------------------------------------
Train MSE Loss: 0.5019, Train CLS Loss: 0.0000, Train MCLS Loss: 0.0000
Protein Cluster Region Loss - Ortho Loss: 0.0000, Cluster Loss: 0.0000
                              
Validation Results: {
    "ci": 0.7058,
    "classification_loss": 0.0,
    "cluster_loss": 0.0,
    "mae": 1.0992,
    "mse": 2.2526,
    "multiclassification_loss": 0.0,
    "ortho_loss": 0.0,
    "pearson": 0.5862,
    "regression_loss": 2.3168,
    "rm2": 0.3187,
    "rmse": 1.5009,
    "sd": 1.4713,
    "spearman": 0.5685,
    "spectral_loss": 0.0
}
                              
Test Results: {
    "ci": 0.6584,
    "classification_loss": 0.0,
    "cluster_loss": 0.0,
    "mae": 1.1723,
    "mse": 2.3761,
    "multiclassification_loss": 0.0,
    "ortho_loss": 0.0,
    "pearson": 0.4983,
    "regression_loss": 2.3698,
    "rm2": 0.2245,
    "rmse": 1.5414,
    "sd": 1.4627,
    "spearman": 0.4494,
    "spectral_loss": 0.0
}
                              
                              
----------------------------------------
Epoch 062 with LR 0.000100: Model Results
----------------------------------------
Train MSE Loss: 0.5035, Train CLS Loss: 0.0000, Train MCLS Loss: 0.0000
Protein Cluster Region Loss - Ortho Loss: 0.0000, Cluster Loss: 0.0000
                              
Validation Results: {
    "ci": 0.7145,
    "classification_loss": 0.0,
    "cluster_loss": 0.0,
    "mae": 1.0975,
    "mse": 2.2676,
    "multiclassification_loss": 0.0,
    "ortho_loss": 0.0,
    "pearson": 0.6081,
    "regression_loss": 2.3566,
    "rm2": 0.3182,
    "rmse": 1.5058,
    "sd": 1.4417,
    "spearman": 0.5902,
    "spectral_loss": 0.0
}
                              
Test Results: {
    "ci": 0.6584,
    "classification_loss": 0.0,
    "cluster_loss": 0.0,
    "mae": 1.1723,
    "mse": 2.3761,
    "multiclassification_loss": 0.0,
    "ortho_loss": 0.0,
    "pearson": 0.4983,
    "regression_loss": 2.3698,
    "rm2": 0.2245,
    "rmse": 1.5414,
    "sd": 1.4627,
    "spearman": 0.4494,
    "spectral_loss": 0.0
}
                              
                              
----------------------------------------
Epoch 063 with LR 0.000100: Model Results
----------------------------------------
Train MSE Loss: 0.5025, Train CLS Loss: 0.0000, Train MCLS Loss: 0.0000
Protein Cluster Region Loss - Ortho Loss: 0.0000, Cluster Loss: 0.0000
                              
Validation Results: {
    "ci": 0.7109,
    "classification_loss": 0.0,
    "cluster_loss": 0.0,
    "mae": 1.0856,
    "mse": 2.1898,
    "multiclassification_loss": 0.0,
    "ortho_loss": 0.0,
    "pearson": 0.6003,
    "regression_loss": 2.2508,
    "rm2": 0.3285,
    "rmse": 1.4798,
    "sd": 1.4525,
    "spearman": 0.5811,
    "spectral_loss": 0.0
}
                              
Test Results: {
    "ci": 0.6584,
    "classification_loss": 0.0,
    "cluster_loss": 0.0,
    "mae": 1.1723,
    "mse": 2.3761,
    "multiclassification_loss": 0.0,
    "ortho_loss": 0.0,
    "pearson": 0.4983,
    "regression_loss": 2.3698,
    "rm2": 0.2245,
    "rmse": 1.5414,
    "sd": 1.4627,
    "spearman": 0.4494,
    "spectral_loss": 0.0
}
                              
                              
----------------------------------------
Epoch 064 with LR 0.000100: Model Results
----------------------------------------
Train MSE Loss: 0.4907, Train CLS Loss: 0.0000, Train MCLS Loss: 0.0000
Protein Cluster Region Loss - Ortho Loss: 0.0000, Cluster Loss: 0.0000
                              
Validation Results: {
    "ci": 0.7162,
    "classification_loss": 0.0,
    "cluster_loss": 0.0,
    "mae": 1.0921,
    "mse": 2.2689,
    "multiclassification_loss": 0.0,
    "ortho_loss": 0.0,
    "pearson": 0.5992,
    "regression_loss": 2.3774,
    "rm2": 0.3013,
    "rmse": 1.5063,
    "sd": 1.454,
    "spearman": 0.5948,
    "spectral_loss": 0.0
}
                              
Test Results: {
    "ci": 0.6584,
    "classification_loss": 0.0,
    "cluster_loss": 0.0,
    "mae": 1.1723,
    "mse": 2.3761,
    "multiclassification_loss": 0.0,
    "ortho_loss": 0.0,
    "pearson": 0.4983,
    "regression_loss": 2.3698,
    "rm2": 0.2245,
    "rmse": 1.5414,
    "sd": 1.4627,
    "spearman": 0.4494,
    "spectral_loss": 0.0
}
                              
                              
----------------------------------------
Epoch 065 with LR 0.000100: Model Results
----------------------------------------
Train MSE Loss: 0.4871, Train CLS Loss: 0.0000, Train MCLS Loss: 0.0000
Protein Cluster Region Loss - Ortho Loss: 0.0000, Cluster Loss: 0.0000
                              
Validation Results: {
    "ci": 0.714,
    "classification_loss": 0.0,
    "cluster_loss": 0.0,
    "mae": 1.1018,
    "mse": 2.2979,
    "multiclassification_loss": 0.0,
    "ortho_loss": 0.0,
    "pearson": 0.6014,
    "regression_loss": 2.3709,
    "rm2": 0.2983,
    "rmse": 1.5159,
    "sd": 1.451,
    "spearman": 0.5897,
    "spectral_loss": 0.0
}
                              
Test Results: {
    "ci": 0.6584,
    "classification_loss": 0.0,
    "cluster_loss": 0.0,
    "mae": 1.1723,
    "mse": 2.3761,
    "multiclassification_loss": 0.0,
    "ortho_loss": 0.0,
    "pearson": 0.4983,
    "regression_loss": 2.3698,
    "rm2": 0.2245,
    "rmse": 1.5414,
    "sd": 1.4627,
    "spearman": 0.4494,
    "spectral_loss": 0.0
}
                              
                              
----------------------------------------
Epoch 066 with LR 0.000100: Model Results
----------------------------------------
Train MSE Loss: 0.4773, Train CLS Loss: 0.0000, Train MCLS Loss: 0.0000
Protein Cluster Region Loss - Ortho Loss: 0.0000, Cluster Loss: 0.0000
                              
Validation Results: {
    "ci": 0.703,
    "classification_loss": 0.0,
    "cluster_loss": 0.0,
    "mae": 1.1025,
    "mse": 2.2932,
    "multiclassification_loss": 0.0,
    "ortho_loss": 0.0,
    "pearson": 0.5814,
    "regression_loss": 2.3778,
    "rm2": 0.3045,
    "rmse": 1.5143,
    "sd": 1.4776,
    "spearman": 0.5605,
    "spectral_loss": 0.0
}
                              
Test Results: {
    "ci": 0.6584,
    "classification_loss": 0.0,
    "cluster_loss": 0.0,
    "mae": 1.1723,
    "mse": 2.3761,
    "multiclassification_loss": 0.0,
    "ortho_loss": 0.0,
    "pearson": 0.4983,
    "regression_loss": 2.3698,
    "rm2": 0.2245,
    "rmse": 1.5414,
    "sd": 1.4627,
    "spearman": 0.4494,
    "spectral_loss": 0.0
}
                              
                              
----------------------------------------
Epoch 067 with LR 0.000100: Model Results
----------------------------------------
Train MSE Loss: 0.4762, Train CLS Loss: 0.0000, Train MCLS Loss: 0.0000
Protein Cluster Region Loss - Ortho Loss: 0.0000, Cluster Loss: 0.0000
                              
Validation Results: {
    "ci": 0.7174,
    "classification_loss": 0.0,
    "cluster_loss": 0.0,
    "mae": 1.0649,
    "mse": 2.1267,
    "multiclassification_loss": 0.0,
    "ortho_loss": 0.0,
    "pearson": 0.613,
    "regression_loss": 2.2029,
    "rm2": 0.3393,
    "rmse": 1.4583,
    "sd": 1.4349,
    "spearman": 0.5983,
    "spectral_loss": 0.0
}
                              
Test Results: {
    "ci": 0.6584,
    "classification_loss": 0.0,
    "cluster_loss": 0.0,
    "mae": 1.1723,
    "mse": 2.3761,
    "multiclassification_loss": 0.0,
    "ortho_loss": 0.0,
    "pearson": 0.4983,
    "regression_loss": 2.3698,
    "rm2": 0.2245,
    "rmse": 1.5414,
    "sd": 1.4627,
    "spearman": 0.4494,
    "spectral_loss": 0.0
}
                              
                              
----------------------------------------
Epoch 068 with LR 0.000100: Model Results
----------------------------------------
Train MSE Loss: 0.4719, Train CLS Loss: 0.0000, Train MCLS Loss: 0.0000
Protein Cluster Region Loss - Ortho Loss: 0.0000, Cluster Loss: 0.0000
                              
Validation Results: {
    "ci": 0.703,
    "classification_loss": 0.0,
    "cluster_loss": 0.0,
    "mae": 1.1227,
    "mse": 2.3379,
    "multiclassification_loss": 0.0,
    "ortho_loss": 0.0,
    "pearson": 0.5744,
    "regression_loss": 2.4333,
    "rm2": 0.2807,
    "rmse": 1.529,
    "sd": 1.4866,
    "spearman": 0.5615,
    "spectral_loss": 0.0
}
                              
Test Results: {
    "ci": 0.6584,
    "classification_loss": 0.0,
    "cluster_loss": 0.0,
    "mae": 1.1723,
    "mse": 2.3761,
    "multiclassification_loss": 0.0,
    "ortho_loss": 0.0,
    "pearson": 0.4983,
    "regression_loss": 2.3698,
    "rm2": 0.2245,
    "rmse": 1.5414,
    "sd": 1.4627,
    "spearman": 0.4494,
    "spectral_loss": 0.0
}
                              
                              
----------------------------------------
Epoch 069 with LR 0.000100: Model Results
----------------------------------------
Train MSE Loss: 0.4746, Train CLS Loss: 0.0000, Train MCLS Loss: 0.0000
Protein Cluster Region Loss - Ortho Loss: 0.0000, Cluster Loss: 0.0000
                              
Validation Results: {
    "ci": 0.7038,
    "classification_loss": 0.0,
    "cluster_loss": 0.0,
    "mae": 1.1179,
    "mse": 2.2971,
    "multiclassification_loss": 0.0,
    "ortho_loss": 0.0,
    "pearson": 0.5811,
    "regression_loss": 2.3777,
    "rm2": 0.3057,
    "rmse": 1.5156,
    "sd": 1.478,
    "spearman": 0.5642,
    "spectral_loss": 0.0
}
                              
Test Results: {
    "ci": 0.6584,
    "classification_loss": 0.0,
    "cluster_loss": 0.0,
    "mae": 1.1723,
    "mse": 2.3761,
    "multiclassification_loss": 0.0,
    "ortho_loss": 0.0,
    "pearson": 0.4983,
    "regression_loss": 2.3698,
    "rm2": 0.2245,
    "rmse": 1.5414,
    "sd": 1.4627,
    "spearman": 0.4494,
    "spectral_loss": 0.0
}
                              
                              
----------------------------------------
Epoch 070 with LR 0.000100: Model Results
----------------------------------------
Train MSE Loss: 0.4576, Train CLS Loss: 0.0000, Train MCLS Loss: 0.0000
Protein Cluster Region Loss - Ortho Loss: 0.0000, Cluster Loss: 0.0000
                              
Validation Results: {
    "ci": 0.7127,
    "classification_loss": 0.0,
    "cluster_loss": 0.0,
    "mae": 1.0945,
    "mse": 2.3042,
    "multiclassification_loss": 0.0,
    "ortho_loss": 0.0,
    "pearson": 0.5957,
    "regression_loss": 2.4099,
    "rm2": 0.3039,
    "rmse": 1.518,
    "sd": 1.4586,
    "spearman": 0.584,
    "spectral_loss": 0.0
}
                              
Test Results: {
    "ci": 0.6584,
    "classification_loss": 0.0,
    "cluster_loss": 0.0,
    "mae": 1.1723,
    "mse": 2.3761,
    "multiclassification_loss": 0.0,
    "ortho_loss": 0.0,
    "pearson": 0.4983,
    "regression_loss": 2.3698,
    "rm2": 0.2245,
    "rmse": 1.5414,
    "sd": 1.4627,
    "spearman": 0.4494,
    "spectral_loss": 0.0
}
                              
                              
----------------------------------------
Epoch 071 with LR 0.000100: Model Results
----------------------------------------
Train MSE Loss: 0.4697, Train CLS Loss: 0.0000, Train MCLS Loss: 0.0000
Protein Cluster Region Loss - Ortho Loss: 0.0000, Cluster Loss: 0.0000
                              
Validation Results: {
    "ci": 0.7057,
    "classification_loss": 0.0,
    "cluster_loss": 0.0,
    "mae": 1.109,
    "mse": 2.3024,
    "multiclassification_loss": 0.0,
    "ortho_loss": 0.0,
    "pearson": 0.586,
    "regression_loss": 2.4017,
    "rm2": 0.3007,
    "rmse": 1.5174,
    "sd": 1.4716,
    "spearman": 0.5687,
    "spectral_loss": 0.0
}
                              
Test Results: {
    "ci": 0.6584,
    "classification_loss": 0.0,
    "cluster_loss": 0.0,
    "mae": 1.1723,
    "mse": 2.3761,
    "multiclassification_loss": 0.0,
    "ortho_loss": 0.0,
    "pearson": 0.4983,
    "regression_loss": 2.3698,
    "rm2": 0.2245,
    "rmse": 1.5414,
    "sd": 1.4627,
    "spearman": 0.4494,
    "spectral_loss": 0.0
}
                              
                              
----------------------------------------
Epoch 072 with LR 0.000100: Model Results
----------------------------------------
Train MSE Loss: 0.4583, Train CLS Loss: 0.0000, Train MCLS Loss: 0.0000
Protein Cluster Region Loss - Ortho Loss: 0.0000, Cluster Loss: 0.0000
                              
Validation Results: {
    "ci": 0.7095,
    "classification_loss": 0.0,
    "cluster_loss": 0.0,
    "mae": 1.1116,
    "mse": 2.3214,
    "multiclassification_loss": 0.0,
    "ortho_loss": 0.0,
    "pearson": 0.5862,
    "regression_loss": 2.4095,
    "rm2": 0.2918,
    "rmse": 1.5236,
    "sd": 1.4713,
    "spearman": 0.5771,
    "spectral_loss": 0.0
}
                              
Test Results: {
    "ci": 0.6584,
    "classification_loss": 0.0,
    "cluster_loss": 0.0,
    "mae": 1.1723,
    "mse": 2.3761,
    "multiclassification_loss": 0.0,
    "ortho_loss": 0.0,
    "pearson": 0.4983,
    "regression_loss": 2.3698,
    "rm2": 0.2245,
    "rmse": 1.5414,
    "sd": 1.4627,
    "spearman": 0.4494,
    "spectral_loss": 0.0
}
                              
                              
----------------------------------------
Epoch 073 with LR 0.000100: Model Results
----------------------------------------
Train MSE Loss: 0.4510, Train CLS Loss: 0.0000, Train MCLS Loss: 0.0000
Protein Cluster Region Loss - Ortho Loss: 0.0000, Cluster Loss: 0.0000
                              
Validation Results: {
    "ci": 0.7034,
    "classification_loss": 0.0,
    "cluster_loss": 0.0,
    "mae": 1.0994,
    "mse": 2.2837,
    "multiclassification_loss": 0.0,
    "ortho_loss": 0.0,
    "pearson": 0.5743,
    "regression_loss": 2.3521,
    "rm2": 0.3012,
    "rmse": 1.5112,
    "sd": 1.4868,
    "spearman": 0.5602,
    "spectral_loss": 0.0
}
                              
Test Results: {
    "ci": 0.6584,
    "classification_loss": 0.0,
    "cluster_loss": 0.0,
    "mae": 1.1723,
    "mse": 2.3761,
    "multiclassification_loss": 0.0,
    "ortho_loss": 0.0,
    "pearson": 0.4983,
    "regression_loss": 2.3698,
    "rm2": 0.2245,
    "rmse": 1.5414,
    "sd": 1.4627,
    "spearman": 0.4494,
    "spectral_loss": 0.0
}
                              
                              
----------------------------------------
Epoch 074 with LR 0.000100: Model Results
----------------------------------------
Train MSE Loss: 0.4574, Train CLS Loss: 0.0000, Train MCLS Loss: 0.0000
Protein Cluster Region Loss - Ortho Loss: 0.0000, Cluster Loss: 0.0000
                              
Validation Results: {
    "ci": 0.7134,
    "classification_loss": 0.0,
    "cluster_loss": 0.0,
    "mae": 1.0941,
    "mse": 2.2344,
    "multiclassification_loss": 0.0,
    "ortho_loss": 0.0,
    "pearson": 0.6044,
    "regression_loss": 2.3352,
    "rm2": 0.3149,
    "rmse": 1.4948,
    "sd": 1.4468,
    "spearman": 0.5884,
    "spectral_loss": 0.0
}
                              
Test Results: {
    "ci": 0.6584,
    "classification_loss": 0.0,
    "cluster_loss": 0.0,
    "mae": 1.1723,
    "mse": 2.3761,
    "multiclassification_loss": 0.0,
    "ortho_loss": 0.0,
    "pearson": 0.4983,
    "regression_loss": 2.3698,
    "rm2": 0.2245,
    "rmse": 1.5414,
    "sd": 1.4627,
    "spearman": 0.4494,
    "spectral_loss": 0.0
}
                              
                              
----------------------------------------
Epoch 075 with LR 0.000100: Model Results
----------------------------------------
Train MSE Loss: 0.4444, Train CLS Loss: 0.0000, Train MCLS Loss: 0.0000
Protein Cluster Region Loss - Ortho Loss: 0.0000, Cluster Loss: 0.0000
                              
Validation Results: {
    "ci": 0.71,
    "classification_loss": 0.0,
    "cluster_loss": 0.0,
    "mae": 1.0944,
    "mse": 2.2139,
    "multiclassification_loss": 0.0,
    "ortho_loss": 0.0,
    "pearson": 0.6005,
    "regression_loss": 2.2975,
    "rm2": 0.3134,
    "rmse": 1.4879,
    "sd": 1.4522,
    "spearman": 0.5792,
    "spectral_loss": 0.0
}
                              
Test Results: {
    "ci": 0.6584,
    "classification_loss": 0.0,
    "cluster_loss": 0.0,
    "mae": 1.1723,
    "mse": 2.3761,
    "multiclassification_loss": 0.0,
    "ortho_loss": 0.0,
    "pearson": 0.4983,
    "regression_loss": 2.3698,
    "rm2": 0.2245,
    "rmse": 1.5414,
    "sd": 1.4627,
    "spearman": 0.4494,
    "spectral_loss": 0.0
}
                              
                              
----------------------------------------
Epoch 076 with LR 0.000100: Model Results
----------------------------------------
Train MSE Loss: 0.4393, Train CLS Loss: 0.0000, Train MCLS Loss: 0.0000
Protein Cluster Region Loss - Ortho Loss: 0.0000, Cluster Loss: 0.0000
                              
Validation Results: {
    "ci": 0.7147,
    "classification_loss": 0.0,
    "cluster_loss": 0.0,
    "mae": 1.1015,
    "mse": 2.2971,
    "multiclassification_loss": 0.0,
    "ortho_loss": 0.0,
    "pearson": 0.596,
    "regression_loss": 2.3658,
    "rm2": 0.3264,
    "rmse": 1.5156,
    "sd": 1.4583,
    "spearman": 0.5888,
    "spectral_loss": 0.0
}
                              
Test Results: {
    "ci": 0.6584,
    "classification_loss": 0.0,
    "cluster_loss": 0.0,
    "mae": 1.1723,
    "mse": 2.3761,
    "multiclassification_loss": 0.0,
    "ortho_loss": 0.0,
    "pearson": 0.4983,
    "regression_loss": 2.3698,
    "rm2": 0.2245,
    "rmse": 1.5414,
    "sd": 1.4627,
    "spearman": 0.4494,
    "spectral_loss": 0.0
}
                              
                              
----------------------------------------
Epoch 077 with LR 0.000100: Model Results
----------------------------------------
Train MSE Loss: 0.4450, Train CLS Loss: 0.0000, Train MCLS Loss: 0.0000
Protein Cluster Region Loss - Ortho Loss: 0.0000, Cluster Loss: 0.0000
                              
Validation Results: {
    "ci": 0.7085,
    "classification_loss": 0.0,
    "cluster_loss": 0.0,
    "mae": 1.1207,
    "mse": 2.3669,
    "multiclassification_loss": 0.0,
    "ortho_loss": 0.0,
    "pearson": 0.5897,
    "regression_loss": 2.461,
    "rm2": 0.2935,
    "rmse": 1.5385,
    "sd": 1.4666,
    "spearman": 0.5755,
    "spectral_loss": 0.0
}
                              
Test Results: {
    "ci": 0.6584,
    "classification_loss": 0.0,
    "cluster_loss": 0.0,
    "mae": 1.1723,
    "mse": 2.3761,
    "multiclassification_loss": 0.0,
    "ortho_loss": 0.0,
    "pearson": 0.4983,
    "regression_loss": 2.3698,
    "rm2": 0.2245,
    "rmse": 1.5414,
    "sd": 1.4627,
    "spearman": 0.4494,
    "spectral_loss": 0.0
}
                              
                              
----------------------------------------
Epoch 078 with LR 0.000100: Model Results
----------------------------------------
Train MSE Loss: 0.4380, Train CLS Loss: 0.0000, Train MCLS Loss: 0.0000
Protein Cluster Region Loss - Ortho Loss: 0.0000, Cluster Loss: 0.0000
                              
Validation Results: {
    "ci": 0.7083,
    "classification_loss": 0.0,
    "cluster_loss": 0.0,
    "mae": 1.0916,
    "mse": 2.3255,
    "multiclassification_loss": 0.0,
    "ortho_loss": 0.0,
    "pearson": 0.5699,
    "regression_loss": 2.4072,
    "rm2": 0.2907,
    "rmse": 1.525,
    "sd": 1.4922,
    "spearman": 0.5696,
    "spectral_loss": 0.0
}
                              
Test Results: {
    "ci": 0.6584,
    "classification_loss": 0.0,
    "cluster_loss": 0.0,
    "mae": 1.1723,
    "mse": 2.3761,
    "multiclassification_loss": 0.0,
    "ortho_loss": 0.0,
    "pearson": 0.4983,
    "regression_loss": 2.3698,
    "rm2": 0.2245,
    "rmse": 1.5414,
    "sd": 1.4627,
    "spearman": 0.4494,
    "spectral_loss": 0.0
}
                              
                              
----------------------------------------
Epoch 079 with LR 0.000100: Model Results
----------------------------------------
Train MSE Loss: 0.4274, Train CLS Loss: 0.0000, Train MCLS Loss: 0.0000
Protein Cluster Region Loss - Ortho Loss: 0.0000, Cluster Loss: 0.0000
                              
Validation Results: {
    "ci": 0.7035,
    "classification_loss": 0.0,
    "cluster_loss": 0.0,
    "mae": 1.1271,
    "mse": 2.3382,
    "multiclassification_loss": 0.0,
    "ortho_loss": 0.0,
    "pearson": 0.5823,
    "regression_loss": 2.4192,
    "rm2": 0.2982,
    "rmse": 1.5291,
    "sd": 1.4764,
    "spearman": 0.5637,
    "spectral_loss": 0.0
}
                              
Test Results: {
    "ci": 0.6584,
    "classification_loss": 0.0,
    "cluster_loss": 0.0,
    "mae": 1.1723,
    "mse": 2.3761,
    "multiclassification_loss": 0.0,
    "ortho_loss": 0.0,
    "pearson": 0.4983,
    "regression_loss": 2.3698,
    "rm2": 0.2245,
    "rmse": 1.5414,
    "sd": 1.4627,
    "spearman": 0.4494,
    "spectral_loss": 0.0
}
                              
                              
----------------------------------------
Epoch 080 with LR 0.000100: Model Results
----------------------------------------
Train MSE Loss: 0.4272, Train CLS Loss: 0.0000, Train MCLS Loss: 0.0000
Protein Cluster Region Loss - Ortho Loss: 0.0000, Cluster Loss: 0.0000
                              
Validation Results: {
    "ci": 0.7082,
    "classification_loss": 0.0,
    "cluster_loss": 0.0,
    "mae": 1.1059,
    "mse": 2.2792,
    "multiclassification_loss": 0.0,
    "ortho_loss": 0.0,
    "pearson": 0.5843,
    "regression_loss": 2.3679,
    "rm2": 0.3146,
    "rmse": 1.5097,
    "sd": 1.4739,
    "spearman": 0.5748,
    "spectral_loss": 0.0
}
                              
Test Results: {
    "ci": 0.6584,
    "classification_loss": 0.0,
    "cluster_loss": 0.0,
    "mae": 1.1723,
    "mse": 2.3761,
    "multiclassification_loss": 0.0,
    "ortho_loss": 0.0,
    "pearson": 0.4983,
    "regression_loss": 2.3698,
    "rm2": 0.2245,
    "rmse": 1.5414,
    "sd": 1.4627,
    "spearman": 0.4494,
    "spectral_loss": 0.0
}
                              
                              
----------------------------------------
Epoch 081 with LR 0.000100: Model Results
----------------------------------------
Train MSE Loss: 0.4299, Train CLS Loss: 0.0000, Train MCLS Loss: 0.0000
Protein Cluster Region Loss - Ortho Loss: 0.0000, Cluster Loss: 0.0000
                              
Validation Results: {
    "ci": 0.7115,
    "classification_loss": 0.0,
    "cluster_loss": 0.0,
    "mae": 1.0916,
    "mse": 2.2439,
    "multiclassification_loss": 0.0,
    "ortho_loss": 0.0,
    "pearson": 0.5949,
    "regression_loss": 2.3187,
    "rm2": 0.3208,
    "rmse": 1.4979,
    "sd": 1.4597,
    "spearman": 0.5835,
    "spectral_loss": 0.0
}
                              
Test Results: {
    "ci": 0.6584,
    "classification_loss": 0.0,
    "cluster_loss": 0.0,
    "mae": 1.1723,
    "mse": 2.3761,
    "multiclassification_loss": 0.0,
    "ortho_loss": 0.0,
    "pearson": 0.4983,
    "regression_loss": 2.3698,
    "rm2": 0.2245,
    "rmse": 1.5414,
    "sd": 1.4627,
    "spearman": 0.4494,
    "spectral_loss": 0.0
}
                              
                              
----------------------------------------
Epoch 082 with LR 0.000100: Model Results
----------------------------------------
Train MSE Loss: 0.4274, Train CLS Loss: 0.0000, Train MCLS Loss: 0.0000
Protein Cluster Region Loss - Ortho Loss: 0.0000, Cluster Loss: 0.0000
                              
Validation Results: {
    "ci": 0.7062,
    "classification_loss": 0.0,
    "cluster_loss": 0.0,
    "mae": 1.1126,
    "mse": 2.2618,
    "multiclassification_loss": 0.0,
    "ortho_loss": 0.0,
    "pearson": 0.5942,
    "regression_loss": 2.3154,
    "rm2": 0.3165,
    "rmse": 1.5039,
    "sd": 1.4607,
    "spearman": 0.5712,
    "spectral_loss": 0.0
}
                              
Test Results: {
    "ci": 0.6584,
    "classification_loss": 0.0,
    "cluster_loss": 0.0,
    "mae": 1.1723,
    "mse": 2.3761,
    "multiclassification_loss": 0.0,
    "ortho_loss": 0.0,
    "pearson": 0.4983,
    "regression_loss": 2.3698,
    "rm2": 0.2245,
    "rmse": 1.5414,
    "sd": 1.4627,
    "spearman": 0.4494,
    "spectral_loss": 0.0
}
                              
                              
----------------------------------------
Epoch 083 with LR 0.000100: Model Results
----------------------------------------
Train MSE Loss: 0.4238, Train CLS Loss: 0.0000, Train MCLS Loss: 0.0000
Protein Cluster Region Loss - Ortho Loss: 0.0000, Cluster Loss: 0.0000
                              
Validation Results: {
    "ci": 0.7093,
    "classification_loss": 0.0,
    "cluster_loss": 0.0,
    "mae": 1.1011,
    "mse": 2.2672,
    "multiclassification_loss": 0.0,
    "ortho_loss": 0.0,
    "pearson": 0.5907,
    "regression_loss": 2.3369,
    "rm2": 0.3177,
    "rmse": 1.5057,
    "sd": 1.4654,
    "spearman": 0.5769,
    "spectral_loss": 0.0
}
                              
Test Results: {
    "ci": 0.6584,
    "classification_loss": 0.0,
    "cluster_loss": 0.0,
    "mae": 1.1723,
    "mse": 2.3761,
    "multiclassification_loss": 0.0,
    "ortho_loss": 0.0,
    "pearson": 0.4983,
    "regression_loss": 2.3698,
    "rm2": 0.2245,
    "rmse": 1.5414,
    "sd": 1.4627,
    "spearman": 0.4494,
    "spectral_loss": 0.0
}
                              
                              
----------------------------------------
Epoch 084 with LR 0.000100: Model Results
----------------------------------------
Train MSE Loss: 0.4199, Train CLS Loss: 0.0000, Train MCLS Loss: 0.0000
Protein Cluster Region Loss - Ortho Loss: 0.0000, Cluster Loss: 0.0000
                              
Validation Results: {
    "ci": 0.7073,
    "classification_loss": 0.0,
    "cluster_loss": 0.0,
    "mae": 1.1013,
    "mse": 2.2909,
    "multiclassification_loss": 0.0,
    "ortho_loss": 0.0,
    "pearson": 0.5864,
    "regression_loss": 2.3511,
    "rm2": 0.3112,
    "rmse": 1.5136,
    "sd": 1.471,
    "spearman": 0.5696,
    "spectral_loss": 0.0
}
                              
Test Results: {
    "ci": 0.6584,
    "classification_loss": 0.0,
    "cluster_loss": 0.0,
    "mae": 1.1723,
    "mse": 2.3761,
    "multiclassification_loss": 0.0,
    "ortho_loss": 0.0,
    "pearson": 0.4983,
    "regression_loss": 2.3698,
    "rm2": 0.2245,
    "rmse": 1.5414,
    "sd": 1.4627,
    "spearman": 0.4494,
    "spectral_loss": 0.0
}
                              
                              
----------------------------------------
Epoch 085 with LR 0.000100: Model Results
----------------------------------------
Train MSE Loss: 0.4199, Train CLS Loss: 0.0000, Train MCLS Loss: 0.0000
Protein Cluster Region Loss - Ortho Loss: 0.0000, Cluster Loss: 0.0000
                              
Validation Results: {
    "ci": 0.7148,
    "classification_loss": 0.0,
    "cluster_loss": 0.0,
    "mae": 1.0849,
    "mse": 2.1769,
    "multiclassification_loss": 0.0,
    "ortho_loss": 0.0,
    "pearson": 0.6089,
    "regression_loss": 2.2571,
    "rm2": 0.3244,
    "rmse": 1.4754,
    "sd": 1.4406,
    "spearman": 0.5921,
    "spectral_loss": 0.0
}
                              
Test Results: {
    "ci": 0.6584,
    "classification_loss": 0.0,
    "cluster_loss": 0.0,
    "mae": 1.1723,
    "mse": 2.3761,
    "multiclassification_loss": 0.0,
    "ortho_loss": 0.0,
    "pearson": 0.4983,
    "regression_loss": 2.3698,
    "rm2": 0.2245,
    "rmse": 1.5414,
    "sd": 1.4627,
    "spearman": 0.4494,
    "spectral_loss": 0.0
}
                              
                              
----------------------------------------
Epoch 086 with LR 0.000100: Model Results
----------------------------------------
Train MSE Loss: 0.4110, Train CLS Loss: 0.0000, Train MCLS Loss: 0.0000
Protein Cluster Region Loss - Ortho Loss: 0.0000, Cluster Loss: 0.0000
                              
Validation Results: {
    "ci": 0.711,
    "classification_loss": 0.0,
    "cluster_loss": 0.0,
    "mae": 1.0978,
    "mse": 2.2723,
    "multiclassification_loss": 0.0,
    "ortho_loss": 0.0,
    "pearson": 0.5943,
    "regression_loss": 2.3738,
    "rm2": 0.3154,
    "rmse": 1.5074,
    "sd": 1.4605,
    "spearman": 0.5814,
    "spectral_loss": 0.0
}
                              
Test Results: {
    "ci": 0.6584,
    "classification_loss": 0.0,
    "cluster_loss": 0.0,
    "mae": 1.1723,
    "mse": 2.3761,
    "multiclassification_loss": 0.0,
    "ortho_loss": 0.0,
    "pearson": 0.4983,
    "regression_loss": 2.3698,
    "rm2": 0.2245,
    "rmse": 1.5414,
    "sd": 1.4627,
    "spearman": 0.4494,
    "spectral_loss": 0.0
}
                              
                              
----------------------------------------
Epoch 087 with LR 0.000100: Model Results
----------------------------------------
Train MSE Loss: 0.4111, Train CLS Loss: 0.0000, Train MCLS Loss: 0.0000
Protein Cluster Region Loss - Ortho Loss: 0.0000, Cluster Loss: 0.0000
                              
Validation Results: {
    "ci": 0.7091,
    "classification_loss": 0.0,
    "cluster_loss": 0.0,
    "mae": 1.1038,
    "mse": 2.2584,
    "multiclassification_loss": 0.0,
    "ortho_loss": 0.0,
    "pearson": 0.5913,
    "regression_loss": 2.3474,
    "rm2": 0.308,
    "rmse": 1.5028,
    "sd": 1.4646,
    "spearman": 0.5754,
    "spectral_loss": 0.0
}
                              
Test Results: {
    "ci": 0.6584,
    "classification_loss": 0.0,
    "cluster_loss": 0.0,
    "mae": 1.1723,
    "mse": 2.3761,
    "multiclassification_loss": 0.0,
    "ortho_loss": 0.0,
    "pearson": 0.4983,
    "regression_loss": 2.3698,
    "rm2": 0.2245,
    "rmse": 1.5414,
    "sd": 1.4627,
    "spearman": 0.4494,
    "spectral_loss": 0.0
}
                              
                              
----------------------------------------
Epoch 088 with LR 0.000100: Model Results
----------------------------------------
Train MSE Loss: 0.4145, Train CLS Loss: 0.0000, Train MCLS Loss: 0.0000
Protein Cluster Region Loss - Ortho Loss: 0.0000, Cluster Loss: 0.0000
                              
Validation Results: {
    "ci": 0.7114,
    "classification_loss": 0.0,
    "cluster_loss": 0.0,
    "mae": 1.1098,
    "mse": 2.2728,
    "multiclassification_loss": 0.0,
    "ortho_loss": 0.0,
    "pearson": 0.5993,
    "regression_loss": 2.3896,
    "rm2": 0.3099,
    "rmse": 1.5076,
    "sd": 1.4538,
    "spearman": 0.585,
    "spectral_loss": 0.0
}
                              
Test Results: {
    "ci": 0.6584,
    "classification_loss": 0.0,
    "cluster_loss": 0.0,
    "mae": 1.1723,
    "mse": 2.3761,
    "multiclassification_loss": 0.0,
    "ortho_loss": 0.0,
    "pearson": 0.4983,
    "regression_loss": 2.3698,
    "rm2": 0.2245,
    "rmse": 1.5414,
    "sd": 1.4627,
    "spearman": 0.4494,
    "spectral_loss": 0.0
}
                              
                              
----------------------------------------
Epoch 089 with LR 0.000100: Model Results
----------------------------------------
Train MSE Loss: 0.4000, Train CLS Loss: 0.0000, Train MCLS Loss: 0.0000
Protein Cluster Region Loss - Ortho Loss: 0.0000, Cluster Loss: 0.0000
                              
Validation Results: {
    "ci": 0.7175,
    "classification_loss": 0.0,
    "cluster_loss": 0.0,
    "mae": 1.0735,
    "mse": 2.1369,
    "multiclassification_loss": 0.0,
    "ortho_loss": 0.0,
    "pearson": 0.6187,
    "regression_loss": 2.2182,
    "rm2": 0.3412,
    "rmse": 1.4618,
    "sd": 1.4267,
    "spearman": 0.5988,
    "spectral_loss": 0.0
}
                              
Test Results: {
    "ci": 0.6584,
    "classification_loss": 0.0,
    "cluster_loss": 0.0,
    "mae": 1.1723,
    "mse": 2.3761,
    "multiclassification_loss": 0.0,
    "ortho_loss": 0.0,
    "pearson": 0.4983,
    "regression_loss": 2.3698,
    "rm2": 0.2245,
    "rmse": 1.5414,
    "sd": 1.4627,
    "spearman": 0.4494,
    "spectral_loss": 0.0
}
                              
                              
----------------------------------------
Epoch 090 with LR 0.000100: Model Results
----------------------------------------
Train MSE Loss: 0.4019, Train CLS Loss: 0.0000, Train MCLS Loss: 0.0000
Protein Cluster Region Loss - Ortho Loss: 0.0000, Cluster Loss: 0.0000
                              
Validation Results: {
    "ci": 0.7094,
    "classification_loss": 0.0,
    "cluster_loss": 0.0,
    "mae": 1.094,
    "mse": 2.2397,
    "multiclassification_loss": 0.0,
    "ortho_loss": 0.0,
    "pearson": 0.5968,
    "regression_loss": 2.3043,
    "rm2": 0.308,
    "rmse": 1.4966,
    "sd": 1.4572,
    "spearman": 0.5754,
    "spectral_loss": 0.0
}
                              
Test Results: {
    "ci": 0.6584,
    "classification_loss": 0.0,
    "cluster_loss": 0.0,
    "mae": 1.1723,
    "mse": 2.3761,
    "multiclassification_loss": 0.0,
    "ortho_loss": 0.0,
    "pearson": 0.4983,
    "regression_loss": 2.3698,
    "rm2": 0.2245,
    "rmse": 1.5414,
    "sd": 1.4627,
    "spearman": 0.4494,
    "spectral_loss": 0.0
}
                              
                              
----------------------------------------
Epoch 091 with LR 0.000100: Model Results
----------------------------------------
Train MSE Loss: 0.4043, Train CLS Loss: 0.0000, Train MCLS Loss: 0.0000
Protein Cluster Region Loss - Ortho Loss: 0.0000, Cluster Loss: 0.0000
                              
Validation Results: {
    "ci": 0.7067,
    "classification_loss": 0.0,
    "cluster_loss": 0.0,
    "mae": 1.1287,
    "mse": 2.3663,
    "multiclassification_loss": 0.0,
    "ortho_loss": 0.0,
    "pearson": 0.5869,
    "regression_loss": 2.4627,
    "rm2": 0.2903,
    "rmse": 1.5383,
    "sd": 1.4704,
    "spearman": 0.5711,
    "spectral_loss": 0.0
}
                              
Test Results: {
    "ci": 0.6584,
    "classification_loss": 0.0,
    "cluster_loss": 0.0,
    "mae": 1.1723,
    "mse": 2.3761,
    "multiclassification_loss": 0.0,
    "ortho_loss": 0.0,
    "pearson": 0.4983,
    "regression_loss": 2.3698,
    "rm2": 0.2245,
    "rmse": 1.5414,
    "sd": 1.4627,
    "spearman": 0.4494,
    "spectral_loss": 0.0
}
                              
                              
----------------------------------------
Epoch 092 with LR 0.000100: Model Results
----------------------------------------
Train MSE Loss: 0.3946, Train CLS Loss: 0.0000, Train MCLS Loss: 0.0000
Protein Cluster Region Loss - Ortho Loss: 0.0000, Cluster Loss: 0.0000
                              
Validation Results: {
    "ci": 0.7115,
    "classification_loss": 0.0,
    "cluster_loss": 0.0,
    "mae": 1.0959,
    "mse": 2.3017,
    "multiclassification_loss": 0.0,
    "ortho_loss": 0.0,
    "pearson": 0.592,
    "regression_loss": 2.3706,
    "rm2": 0.2998,
    "rmse": 1.5171,
    "sd": 1.4636,
    "spearman": 0.5805,
    "spectral_loss": 0.0
}
                              
Test Results: {
    "ci": 0.6584,
    "classification_loss": 0.0,
    "cluster_loss": 0.0,
    "mae": 1.1723,
    "mse": 2.3761,
    "multiclassification_loss": 0.0,
    "ortho_loss": 0.0,
    "pearson": 0.4983,
    "regression_loss": 2.3698,
    "rm2": 0.2245,
    "rmse": 1.5414,
    "sd": 1.4627,
    "spearman": 0.4494,
    "spectral_loss": 0.0
}
                              
                              
----------------------------------------
Epoch 093 with LR 0.000100: Model Results
----------------------------------------
Train MSE Loss: 0.3883, Train CLS Loss: 0.0000, Train MCLS Loss: 0.0000
Protein Cluster Region Loss - Ortho Loss: 0.0000, Cluster Loss: 0.0000
                              
Validation Results: {
    "ci": 0.7043,
    "classification_loss": 0.0,
    "cluster_loss": 0.0,
    "mae": 1.1199,
    "mse": 2.375,
    "multiclassification_loss": 0.0,
    "ortho_loss": 0.0,
    "pearson": 0.5773,
    "regression_loss": 2.4295,
    "rm2": 0.2905,
    "rmse": 1.5411,
    "sd": 1.4829,
    "spearman": 0.5614,
    "spectral_loss": 0.0
}
                              
Test Results: {
    "ci": 0.6584,
    "classification_loss": 0.0,
    "cluster_loss": 0.0,
    "mae": 1.1723,
    "mse": 2.3761,
    "multiclassification_loss": 0.0,
    "ortho_loss": 0.0,
    "pearson": 0.4983,
    "regression_loss": 2.3698,
    "rm2": 0.2245,
    "rmse": 1.5414,
    "sd": 1.4627,
    "spearman": 0.4494,
    "spectral_loss": 0.0
}
                              
                              
----------------------------------------
Epoch 094 with LR 0.000100: Model Results
----------------------------------------
Train MSE Loss: 0.3854, Train CLS Loss: 0.0000, Train MCLS Loss: 0.0000
Protein Cluster Region Loss - Ortho Loss: 0.0000, Cluster Loss: 0.0000
                              
Validation Results: {
    "ci": 0.7087,
    "classification_loss": 0.0,
    "cluster_loss": 0.0,
    "mae": 1.1229,
    "mse": 2.3688,
    "multiclassification_loss": 0.0,
    "ortho_loss": 0.0,
    "pearson": 0.5937,
    "regression_loss": 2.4455,
    "rm2": 0.2856,
    "rmse": 1.5391,
    "sd": 1.4614,
    "spearman": 0.5766,
    "spectral_loss": 0.0
}
                              
Test Results: {
    "ci": 0.6584,
    "classification_loss": 0.0,
    "cluster_loss": 0.0,
    "mae": 1.1723,
    "mse": 2.3761,
    "multiclassification_loss": 0.0,
    "ortho_loss": 0.0,
    "pearson": 0.4983,
    "regression_loss": 2.3698,
    "rm2": 0.2245,
    "rmse": 1.5414,
    "sd": 1.4627,
    "spearman": 0.4494,
    "spectral_loss": 0.0
}
                              
                              
----------------------------------------
Epoch 095 with LR 0.000100: Model Results
----------------------------------------
Train MSE Loss: 0.3894, Train CLS Loss: 0.0000, Train MCLS Loss: 0.0000
Protein Cluster Region Loss - Ortho Loss: 0.0000, Cluster Loss: 0.0000
                              
Validation Results: {
    "ci": 0.7163,
    "classification_loss": 0.0,
    "cluster_loss": 0.0,
    "mae": 1.071,
    "mse": 2.1627,
    "multiclassification_loss": 0.0,
    "ortho_loss": 0.0,
    "pearson": 0.6112,
    "regression_loss": 2.2475,
    "rm2": 0.3334,
    "rmse": 1.4706,
    "sd": 1.4374,
    "spearman": 0.5925,
    "spectral_loss": 0.0
}
                              
Test Results: {
    "ci": 0.6584,
    "classification_loss": 0.0,
    "cluster_loss": 0.0,
    "mae": 1.1723,
    "mse": 2.3761,
    "multiclassification_loss": 0.0,
    "ortho_loss": 0.0,
    "pearson": 0.4983,
    "regression_loss": 2.3698,
    "rm2": 0.2245,
    "rmse": 1.5414,
    "sd": 1.4627,
    "spearman": 0.4494,
    "spectral_loss": 0.0
}
                              
                              
----------------------------------------
Epoch 096 with LR 0.000100: Model Results
----------------------------------------
Train MSE Loss: 0.3804, Train CLS Loss: 0.0000, Train MCLS Loss: 0.0000
Protein Cluster Region Loss - Ortho Loss: 0.0000, Cluster Loss: 0.0000
                              
Validation Results: {
    "ci": 0.704,
    "classification_loss": 0.0,
    "cluster_loss": 0.0,
    "mae": 1.1341,
    "mse": 2.4286,
    "multiclassification_loss": 0.0,
    "ortho_loss": 0.0,
    "pearson": 0.5699,
    "regression_loss": 2.4944,
    "rm2": 0.2827,
    "rmse": 1.5584,
    "sd": 1.4923,
    "spearman": 0.5624,
    "spectral_loss": 0.0
}
                              
Test Results: {
    "ci": 0.6584,
    "classification_loss": 0.0,
    "cluster_loss": 0.0,
    "mae": 1.1723,
    "mse": 2.3761,
    "multiclassification_loss": 0.0,
    "ortho_loss": 0.0,
    "pearson": 0.4983,
    "regression_loss": 2.3698,
    "rm2": 0.2245,
    "rmse": 1.5414,
    "sd": 1.4627,
    "spearman": 0.4494,
    "spectral_loss": 0.0
}
                              
                              
----------------------------------------
Epoch 097 with LR 0.000100: Model Results
----------------------------------------
Train MSE Loss: 0.3829, Train CLS Loss: 0.0000, Train MCLS Loss: 0.0000
Protein Cluster Region Loss - Ortho Loss: 0.0000, Cluster Loss: 0.0000
                              
Validation Results: {
    "ci": 0.7122,
    "classification_loss": 0.0,
    "cluster_loss": 0.0,
    "mae": 1.1031,
    "mse": 2.2989,
    "multiclassification_loss": 0.0,
    "ortho_loss": 0.0,
    "pearson": 0.5997,
    "regression_loss": 2.3952,
    "rm2": 0.2979,
    "rmse": 1.5162,
    "sd": 1.4533,
    "spearman": 0.5836,
    "spectral_loss": 0.0
}
                              
Test Results: {
    "ci": 0.6584,
    "classification_loss": 0.0,
    "cluster_loss": 0.0,
    "mae": 1.1723,
    "mse": 2.3761,
    "multiclassification_loss": 0.0,
    "ortho_loss": 0.0,
    "pearson": 0.4983,
    "regression_loss": 2.3698,
    "rm2": 0.2245,
    "rmse": 1.5414,
    "sd": 1.4627,
    "spearman": 0.4494,
    "spectral_loss": 0.0
}
                              
                              
----------------------------------------
Epoch 098 with LR 0.000100: Model Results
----------------------------------------
Train MSE Loss: 0.3788, Train CLS Loss: 0.0000, Train MCLS Loss: 0.0000
Protein Cluster Region Loss - Ortho Loss: 0.0000, Cluster Loss: 0.0000
                              
Validation Results: {
    "ci": 0.7068,
    "classification_loss": 0.0,
    "cluster_loss": 0.0,
    "mae": 1.1108,
    "mse": 2.2929,
    "multiclassification_loss": 0.0,
    "ortho_loss": 0.0,
    "pearson": 0.5825,
    "regression_loss": 2.3548,
    "rm2": 0.3051,
    "rmse": 1.5142,
    "sd": 1.4762,
    "spearman": 0.5708,
    "spectral_loss": 0.0
}
                              
Test Results: {
    "ci": 0.6584,
    "classification_loss": 0.0,
    "cluster_loss": 0.0,
    "mae": 1.1723,
    "mse": 2.3761,
    "multiclassification_loss": 0.0,
    "ortho_loss": 0.0,
    "pearson": 0.4983,
    "regression_loss": 2.3698,
    "rm2": 0.2245,
    "rmse": 1.5414,
    "sd": 1.4627,
    "spearman": 0.4494,
    "spectral_loss": 0.0
}
                              
                              
----------------------------------------
Epoch 099 with LR 0.000100: Model Results
----------------------------------------
Train MSE Loss: 0.3761, Train CLS Loss: 0.0000, Train MCLS Loss: 0.0000
Protein Cluster Region Loss - Ortho Loss: 0.0000, Cluster Loss: 0.0000
                              
Validation Results: {
    "ci": 0.7081,
    "classification_loss": 0.0,
    "cluster_loss": 0.0,
    "mae": 1.1041,
    "mse": 2.2701,
    "multiclassification_loss": 0.0,
    "ortho_loss": 0.0,
    "pearson": 0.5964,
    "regression_loss": 2.3329,
    "rm2": 0.3286,
    "rmse": 1.5067,
    "sd": 1.4578,
    "spearman": 0.5733,
    "spectral_loss": 0.0
}
                              
Test Results: {
    "ci": 0.6584,
    "classification_loss": 0.0,
    "cluster_loss": 0.0,
    "mae": 1.1723,
    "mse": 2.3761,
    "multiclassification_loss": 0.0,
    "ortho_loss": 0.0,
    "pearson": 0.4983,
    "regression_loss": 2.3698,
    "rm2": 0.2245,
    "rmse": 1.5414,
    "sd": 1.4627,
    "spearman": 0.4494,
    "spectral_loss": 0.0
}
                              
                              
----------------------------------------
Epoch 100 with LR 0.000100: Model Results
----------------------------------------
Train MSE Loss: 0.3715, Train CLS Loss: 0.0000, Train MCLS Loss: 0.0000
Protein Cluster Region Loss - Ortho Loss: 0.0000, Cluster Loss: 0.0000
                              
Validation Results: {
    "ci": 0.7098,
    "classification_loss": 0.0,
    "cluster_loss": 0.0,
    "mae": 1.1044,
    "mse": 2.2528,
    "multiclassification_loss": 0.0,
    "ortho_loss": 0.0,
    "pearson": 0.5995,
    "regression_loss": 2.3455,
    "rm2": 0.3149,
    "rmse": 1.5009,
    "sd": 1.4536,
    "spearman": 0.578,
    "spectral_loss": 0.0
}
                              
Test Results: {
    "ci": 0.6584,
    "classification_loss": 0.0,
    "cluster_loss": 0.0,
    "mae": 1.1723,
    "mse": 2.3761,
    "multiclassification_loss": 0.0,
    "ortho_loss": 0.0,
    "pearson": 0.4983,
    "regression_loss": 2.3698,
    "rm2": 0.2245,
    "rmse": 1.5414,
    "sd": 1.4627,
    "spearman": 0.4494,
    "spectral_loss": 0.0
}
[best epoch] epoch=36, best_rmse=1.454, lr_at_best=1.000e-04
                              
                              
----------------------------------------
Epoch 100 with LR 0.000100: Model Results
----------------------------------------
Train MSE Loss: 0.3715, Train CLS Loss: 0.0000, Train MCLS Loss: 0.0000
Protein Cluster Region Loss - Ortho Loss: 0.0000, Cluster Loss: 0.0000
                              
Validation Results: {
    "ci": 0.7098,
    "classification_loss": 0.0,
    "cluster_loss": 0.0,
    "mae": 1.1044,
    "mse": 2.2528,
    "multiclassification_loss": 0.0,
    "ortho_loss": 0.0,
    "pearson": 0.5995,
    "regression_loss": 2.3455,
    "rm2": 0.3149,
    "rmse": 1.5009,
    "sd": 1.4536,
    "spearman": 0.578,
    "spectral_loss": 0.0
}
                              
Test Results: {
    "ci": 0.6584,
    "classification_loss": 0.0,
    "cluster_loss": 0.0,
    "mae": 1.1723,
    "mse": 2.3761,
    "multiclassification_loss": 0.0,
    "ortho_loss": 0.0,
    "pearson": 0.4983,
    "regression_loss": 2.3698,
    "rm2": 0.2245,
    "rmse": 1.5414,
    "sd": 1.4627,
    "spearman": 0.4494,
    "spectral_loss": 0.0
}
Final test metrics: rmse=1.5414, pearson=0.4983, r2_proxy(mse)=2.3761
Done. Predictions: /sc/arion/projects/DiseaseGeneCell/Huang_lab_project/wangcDrugRepoProject/TRACE_Kin_Results_v3/EITLEM_dataset/EITLEM_kkm_MUTAPLM_embedding_cold_drug/test_prediction_seed3.csv; checkpoint: /sc/arion/projects/DiseaseGeneCell/Huang_lab_project/wangcDrugRepoProject/TRACE_Kin_Results_v3/EITLEM_dataset/EITLEM_kkm_MUTAPLM_embedding_cold_drug/save_model_seed3/model.pt

==========================================
Array task 10/14: OK (EITLEM_kkm_MUTAPLM_embedding_cold_drug)
==========================================


PS:

Read file <242614934.10.stderr> for stderr output of this job.

