Sender: LSF System <lsfadmin@lg05e07>
Subject: Job 242614933[2]: <trace_kin_v3_s2[1-14]> in cluster <chimera> Done

Job <trace_kin_v3_s2[1-14]> was submitted from host <li04e01> by user <wangc40> in cluster <chimera> at Fri May  8 16:46:41 2026
Job was executed on host(s) <16*lg05e07>, in queue <gpu>, as user <wangc40> in cluster <chimera> at Fri May  8 16:46:43 2026
</hpc/users/wangc40> was used as the home directory.
</sc/arion/projects/DiseaseGeneCell/Huang_lab_project/wangcDrugRepoProject/TRACE-Kin> was used as the working directory.
Started at Fri May  8 16:46:43 2026
Terminated at Sat May  9 04:41:15 2026
Results reported at Sat May  9 04:41:15 2026

Your job looked like:

------------------------------------------------------------
# LSBATCH: User input
#!/bin/bash
#BSUB -J trace_kin_v3_s2[1-14]
#BSUB -P acc_DiseaseGeneCell
#BSUB -q gpu
#BSUB -R h100nvl
#BSUB -gpu num=1
#BSUB -n 16
#BSUB -R "rusage[mem=8000]"
#BSUB -R "span[hosts=1]"
#BSUB -W 48:00
#BSUB -o %J.%I.stdout
#BSUB -eo %J.%I.stderr
#BSUB -L /bin/bash

# =============================================================================
# TRACE-Kin v3 rerun — LSF job array
# =============================================================================
# Submit with:
#     bsub < training/run_v3_array.lsf
#
# Or chain off the smoke test (recommended):
#     bsub -w "done(<SMOKE_JOB_ID>)" < training/run_v3_array.lsf
#
# For the multi-seed ensemble (the paper config), submit additional seeds in
# parallel after the SEED=1 array completes (or alongside, as separate jobs):
#     SEED=2 bsub -J "trace_kin_v3_s2[1-14]" < training/run_v3_array.lsf
#     SEED=3 bsub -J "trace_kin_v3_s3[1-14]" < training/run_v3_array.lsf
# After all seeds finish, analysis/aggregate_results.py averages predictions
# across seeds before computing RMSE.
#
# LSF expands #BSUB -J trace_kin_v3[1-14] into 14 array tasks, each with a
# distinct ${LSB_JOBINDEX} in 1..14. The body looks up the per-index
# (dataset_source, dataset_name, pool_paths) tuple from the inline table below
# and invokes train_trace_kin.py with model_version=v3.
#
# The 14 tasks correspond to:
#   * 12 RF-gap targets (catalytic kinetics where v1 trails RF by 1.4%–8.7%)
#   * 2 Ki preservation guards (where v1 already wins, must not regress)
# =============================================================================

# --- Environment -------------------------------------------------------------
# Match the prologue of the proven-working PSICHIC LSFs verbatim — no
# `set -euo pipefail`. Mount Sinai's /etc/profile.d scripts return non-zero
# in places that aren't real errors, and errexit aborts the job before
# module + conda activation can complete.
ml purge
source ~/.bashrc
module load anaconda3/2024.06
source activate test
module load cuda/12.4.0

(... more ...)
------------------------------------------------------------

Successfully completed.

Resource usage summary:

    CPU time :                                   43170.00 sec.
    Max Memory :                                 13025 MB
    Average Memory :                             12786.75 MB
    Total Requested Memory :                     128000.00 MB
    Delta Memory :                               114975.00 MB
    Max Swap :                                   -
    Max Processes :                              4
    Max Threads :                                20
    Run time :                                   42872 sec.
    Turnaround time :                            42874 sec.

The output (if any) follows:

==========================================
TRACE-Kin v3 array task 2/14
==========================================
Date:        Fri May  8 16:46:47 EDT 2026
Dataset:     /sc/arion/projects/DiseaseGeneCell/Huang_lab_project/drug_discovery/output/data/enzyme_embeddings_dataset/EITLEM_dataset/EITLEM_km_ProteinCLIP_embedding_cold_protein
Result:      /sc/arion/projects/DiseaseGeneCell/Huang_lab_project/wangcDrugRepoProject/TRACE_Kin_Results_v3/EITLEM_dataset/EITLEM_km_ProteinCLIP_embedding_cold_protein
Config:      training/config_v3.json
Pool CSVs:   /sc/arion/projects/DiseaseGeneCell/Huang_lab_project/drug_discovery/output/data/enzyme_embeddings_dataset/MPEK_dataset/MPEK_km_ProteinCLIP_embedding_cold_protein,/sc/arion/projects/DiseaseGeneCell/Huang_lab_project/drug_discovery/output/data/enzyme_embeddings_dataset/catpred_dataset/catpred_km_ProteinCLIP_embedding_cold_protein
Model:       v3 (dual-head + learned gate)
Epochs:      100, batch=16, seed=2, lr=1e-4
==========================================
Python 3.12.2
Python: /sc/arion/work/wangc40/test-env/envs/test/bin/python
CUDA device: NVIDIA H100 80GB HBM3, sm_90
============================================================
TRACE-Kin training
============================================================
Datafolder:        /sc/arion/projects/DiseaseGeneCell/Huang_lab_project/drug_discovery/output/data/enzyme_embeddings_dataset/EITLEM_dataset/EITLEM_km_ProteinCLIP_embedding_cold_protein
Result path:       /sc/arion/projects/DiseaseGeneCell/Huang_lab_project/wangcDrugRepoProject/TRACE_Kin_Results_v3/EITLEM_dataset/EITLEM_km_ProteinCLIP_embedding_cold_protein
Config:            training/config_v3.json
Pool train CSVs:   /sc/arion/projects/DiseaseGeneCell/Huang_lab_project/drug_discovery/output/data/enzyme_embeddings_dataset/MPEK_dataset/MPEK_km_ProteinCLIP_embedding_cold_protein,/sc/arion/projects/DiseaseGeneCell/Huang_lab_project/drug_discovery/output/data/enzyme_embeddings_dataset/catpred_dataset/catpred_km_ProteinCLIP_embedding_cold_protein
============================================================
Loading primary train: /sc/arion/projects/DiseaseGeneCell/Huang_lab_project/drug_discovery/output/data/enzyme_embeddings_dataset/EITLEM_dataset/EITLEM_km_ProteinCLIP_embedding_cold_protein/train.parquet
Loading primary test: /sc/arion/projects/DiseaseGeneCell/Huang_lab_project/drug_discovery/output/data/enzyme_embeddings_dataset/EITLEM_dataset/EITLEM_km_ProteinCLIP_embedding_cold_protein/test.parquet
Loading primary val: /sc/arion/projects/DiseaseGeneCell/Huang_lab_project/drug_discovery/output/data/enzyme_embeddings_dataset/EITLEM_dataset/EITLEM_km_ProteinCLIP_embedding_cold_protein/val.parquet
Pooling additional train from: /sc/arion/projects/DiseaseGeneCell/Huang_lab_project/drug_discovery/output/data/enzyme_embeddings_dataset/MPEK_dataset/MPEK_km_ProteinCLIP_embedding_cold_protein/train.parquet
Pooling additional train from: /sc/arion/projects/DiseaseGeneCell/Huang_lab_project/drug_discovery/output/data/enzyme_embeddings_dataset/catpred_dataset/catpred_km_ProteinCLIP_embedding_cold_protein/train.parquet
Pooled training set: 20527 -> 66162 rows from 2 extra dataset(s).
Detected prot_evo_channels = 128
seq2feat: 20869 unique sequences.
model_version: v3, use_swa: False
Reusing protein cache: /sc/arion/projects/DiseaseGeneCell/Huang_lab_project/drug_discovery/output/data/enzyme_embeddings_dataset/EITLEM_dataset/EITLEM_km_ProteinCLIP_embedding_cold_protein/protein.pt
Reusing ligand cache: /sc/arion/projects/DiseaseGeneCell/Huang_lab_project/drug_discovery/output/data/enzyme_embeddings_dataset/EITLEM_dataset/EITLEM_km_ProteinCLIP_embedding_cold_protein/ligand.pt
loaders ready: train=4136 test=367 val=184
Built TraceKinV3 with 6,852,123 parameters
[LR schedule] schedule_lr=False, lrate=0.0001, min_lrate=0, warmup_iters=0, lr_decay_iters=413600, total_iters=413600
Not in terminal, reprint now using normal build-in print function.
                              
                              
----------------------------------------
Epoch 001 with LR 0.000100: Model Results
----------------------------------------
Train MSE Loss: 0.9955, Train CLS Loss: 0.0000, Train MCLS Loss: 0.0000
Protein Cluster Region Loss - Ortho Loss: 0.0000, Cluster Loss: 0.0000
                              
Validation Results: {
    "ci": 0.7488,
    "classification_loss": 0.0,
    "cluster_loss": 0.0,
    "mae": 0.7345,
    "mse": 0.9791,
    "multiclassification_loss": 0.0,
    "ortho_loss": 0.0,
    "pearson": 0.6647,
    "regression_loss": 1.0,
    "rm2": 0.4276,
    "rmse": 0.9895,
    "sd": 0.9852,
    "spearman": 0.6796,
    "spectral_loss": 0.0
}
                              
Test Results: {
    "ci": 0.7354,
    "classification_loss": 0.0,
    "cluster_loss": 0.0,
    "mae": 0.7514,
    "mse": 1.0267,
    "multiclassification_loss": 0.0,
    "ortho_loss": 0.0,
    "pearson": 0.6294,
    "regression_loss": 1.0263,
    "rm2": 0.3957,
    "rmse": 1.0133,
    "sd": 1.0067,
    "spearman": 0.6448,
    "spectral_loss": 0.0
}
                              
                              
----------------------------------------
Epoch 002 with LR 0.000100: Model Results
----------------------------------------
Train MSE Loss: 0.8335, Train CLS Loss: 0.0000, Train MCLS Loss: 0.0000
Protein Cluster Region Loss - Ortho Loss: 0.0000, Cluster Loss: 0.0000
                              
Validation Results: {
    "ci": 0.7601,
    "classification_loss": 0.0,
    "cluster_loss": 0.0,
    "mae": 0.7008,
    "mse": 0.9024,
    "multiclassification_loss": 0.0,
    "ortho_loss": 0.0,
    "pearson": 0.695,
    "regression_loss": 0.9228,
    "rm2": 0.4681,
    "rmse": 0.95,
    "sd": 0.9481,
    "spearman": 0.7034,
    "spectral_loss": 0.0
}
                              
Test Results: {
    "ci": 0.7528,
    "classification_loss": 0.0,
    "cluster_loss": 0.0,
    "mae": 0.7062,
    "mse": 0.9251,
    "multiclassification_loss": 0.0,
    "ortho_loss": 0.0,
    "pearson": 0.672,
    "regression_loss": 0.9252,
    "rm2": 0.4444,
    "rmse": 0.9618,
    "sd": 0.9594,
    "spearman": 0.683,
    "spectral_loss": 0.0
}
                              
                              
----------------------------------------
Epoch 003 with LR 0.000100: Model Results
----------------------------------------
Train MSE Loss: 0.7586, Train CLS Loss: 0.0000, Train MCLS Loss: 0.0000
Protein Cluster Region Loss - Ortho Loss: 0.0000, Cluster Loss: 0.0000
                              
Validation Results: {
    "ci": 0.771,
    "classification_loss": 0.0,
    "cluster_loss": 0.0,
    "mae": 0.6745,
    "mse": 0.8493,
    "multiclassification_loss": 0.0,
    "ortho_loss": 0.0,
    "pearson": 0.7185,
    "regression_loss": 0.8623,
    "rm2": 0.5153,
    "rmse": 0.9216,
    "sd": 0.9171,
    "spearman": 0.7259,
    "spectral_loss": 0.0
}
                              
Test Results: {
    "ci": 0.762,
    "classification_loss": 0.0,
    "cluster_loss": 0.0,
    "mae": 0.6856,
    "mse": 0.8931,
    "multiclassification_loss": 0.0,
    "ortho_loss": 0.0,
    "pearson": 0.6909,
    "regression_loss": 0.8931,
    "rm2": 0.4701,
    "rmse": 0.945,
    "sd": 0.9366,
    "spearman": 0.7025,
    "spectral_loss": 0.0
}
                              
                              
----------------------------------------
Epoch 004 with LR 0.000100: Model Results
----------------------------------------
Train MSE Loss: 0.7012, Train CLS Loss: 0.0000, Train MCLS Loss: 0.0000
Protein Cluster Region Loss - Ortho Loss: 0.0000, Cluster Loss: 0.0000
                              
Validation Results: {
    "ci": 0.7797,
    "classification_loss": 0.0,
    "cluster_loss": 0.0,
    "mae": 0.6491,
    "mse": 0.7912,
    "multiclassification_loss": 0.0,
    "ortho_loss": 0.0,
    "pearson": 0.7385,
    "regression_loss": 0.8067,
    "rm2": 0.5376,
    "rmse": 0.8895,
    "sd": 0.8891,
    "spearman": 0.7435,
    "spectral_loss": 0.0
}
                              
Test Results: {
    "ci": 0.7736,
    "classification_loss": 0.0,
    "cluster_loss": 0.0,
    "mae": 0.6544,
    "mse": 0.8026,
    "multiclassification_loss": 0.0,
    "ortho_loss": 0.0,
    "pearson": 0.7234,
    "regression_loss": 0.8035,
    "rm2": 0.5181,
    "rmse": 0.8959,
    "sd": 0.8944,
    "spearman": 0.7306,
    "spectral_loss": 0.0
}
                              
                              
----------------------------------------
Epoch 005 with LR 0.000100: Model Results
----------------------------------------
Train MSE Loss: 0.6570, Train CLS Loss: 0.0000, Train MCLS Loss: 0.0000
Protein Cluster Region Loss - Ortho Loss: 0.0000, Cluster Loss: 0.0000
                              
Validation Results: {
    "ci": 0.7794,
    "classification_loss": 0.0,
    "cluster_loss": 0.0,
    "mae": 0.6537,
    "mse": 0.7855,
    "multiclassification_loss": 0.0,
    "ortho_loss": 0.0,
    "pearson": 0.7437,
    "regression_loss": 0.7957,
    "rm2": 0.5287,
    "rmse": 0.8863,
    "sd": 0.8815,
    "spearman": 0.7438,
    "spectral_loss": 0.0
}
                              
Test Results: {
    "ci": 0.7798,
    "classification_loss": 0.0,
    "cluster_loss": 0.0,
    "mae": 0.6477,
    "mse": 0.7818,
    "multiclassification_loss": 0.0,
    "ortho_loss": 0.0,
    "pearson": 0.737,
    "regression_loss": 0.7822,
    "rm2": 0.5189,
    "rmse": 0.8842,
    "sd": 0.8756,
    "spearman": 0.7444,
    "spectral_loss": 0.0
}
                              
                              
----------------------------------------
Epoch 006 with LR 0.000100: Model Results
----------------------------------------
Train MSE Loss: 0.6253, Train CLS Loss: 0.0000, Train MCLS Loss: 0.0000
Protein Cluster Region Loss - Ortho Loss: 0.0000, Cluster Loss: 0.0000
                              
Validation Results: {
    "ci": 0.7836,
    "classification_loss": 0.0,
    "cluster_loss": 0.0,
    "mae": 0.6349,
    "mse": 0.7517,
    "multiclassification_loss": 0.0,
    "ortho_loss": 0.0,
    "pearson": 0.7537,
    "regression_loss": 0.7597,
    "rm2": 0.5552,
    "rmse": 0.867,
    "sd": 0.8667,
    "spearman": 0.7517,
    "spectral_loss": 0.0
}
                              
Test Results: {
    "ci": 0.7815,
    "classification_loss": 0.0,
    "cluster_loss": 0.0,
    "mae": 0.6371,
    "mse": 0.7588,
    "multiclassification_loss": 0.0,
    "ortho_loss": 0.0,
    "pearson": 0.7407,
    "regression_loss": 0.759,
    "rm2": 0.5369,
    "rmse": 0.8711,
    "sd": 0.8704,
    "spearman": 0.7468,
    "spectral_loss": 0.0
}
                              
                              
----------------------------------------
Epoch 007 with LR 0.000100: Model Results
----------------------------------------
Train MSE Loss: 0.5926, Train CLS Loss: 0.0000, Train MCLS Loss: 0.0000
Protein Cluster Region Loss - Ortho Loss: 0.0000, Cluster Loss: 0.0000
                              
Validation Results: {
    "ci": 0.7874,
    "classification_loss": 0.0,
    "cluster_loss": 0.0,
    "mae": 0.624,
    "mse": 0.7297,
    "multiclassification_loss": 0.0,
    "ortho_loss": 0.0,
    "pearson": 0.7637,
    "regression_loss": 0.7295,
    "rm2": 0.5786,
    "rmse": 0.8542,
    "sd": 0.8513,
    "spearman": 0.7577,
    "spectral_loss": 0.0
}
                              
Test Results: {
    "ci": 0.7865,
    "classification_loss": 0.0,
    "cluster_loss": 0.0,
    "mae": 0.6254,
    "mse": 0.7324,
    "multiclassification_loss": 0.0,
    "ortho_loss": 0.0,
    "pearson": 0.7541,
    "regression_loss": 0.7322,
    "rm2": 0.5622,
    "rmse": 0.8558,
    "sd": 0.8508,
    "spearman": 0.757,
    "spectral_loss": 0.0
}
                              
                              
----------------------------------------
Epoch 008 with LR 0.000100: Model Results
----------------------------------------
Train MSE Loss: 0.5675, Train CLS Loss: 0.0000, Train MCLS Loss: 0.0000
Protein Cluster Region Loss - Ortho Loss: 0.0000, Cluster Loss: 0.0000
                              
Validation Results: {
    "ci": 0.7885,
    "classification_loss": 0.0,
    "cluster_loss": 0.0,
    "mae": 0.6189,
    "mse": 0.7231,
    "multiclassification_loss": 0.0,
    "ortho_loss": 0.0,
    "pearson": 0.7663,
    "regression_loss": 0.7233,
    "rm2": 0.5672,
    "rmse": 0.8504,
    "sd": 0.8472,
    "spearman": 0.7589,
    "spectral_loss": 0.0
}
                              
Test Results: {
    "ci": 0.7901,
    "classification_loss": 0.0,
    "cluster_loss": 0.0,
    "mae": 0.6158,
    "mse": 0.7119,
    "multiclassification_loss": 0.0,
    "ortho_loss": 0.0,
    "pearson": 0.7622,
    "regression_loss": 0.7119,
    "rm2": 0.5598,
    "rmse": 0.8437,
    "sd": 0.8387,
    "spearman": 0.763,
    "spectral_loss": 0.0
}
                              
                              
----------------------------------------
Epoch 009 with LR 0.000100: Model Results
----------------------------------------
Train MSE Loss: 0.5451, Train CLS Loss: 0.0000, Train MCLS Loss: 0.0000
Protein Cluster Region Loss - Ortho Loss: 0.0000, Cluster Loss: 0.0000
                              
Validation Results: {
    "ci": 0.792,
    "classification_loss": 0.0,
    "cluster_loss": 0.0,
    "mae": 0.6117,
    "mse": 0.7057,
    "multiclassification_loss": 0.0,
    "ortho_loss": 0.0,
    "pearson": 0.7732,
    "regression_loss": 0.7041,
    "rm2": 0.5673,
    "rmse": 0.8401,
    "sd": 0.8362,
    "spearman": 0.7666,
    "spectral_loss": 0.0
}
                              
Test Results: {
    "ci": 0.7953,
    "classification_loss": 0.0,
    "cluster_loss": 0.0,
    "mae": 0.5987,
    "mse": 0.6842,
    "multiclassification_loss": 0.0,
    "ortho_loss": 0.0,
    "pearson": 0.772,
    "regression_loss": 0.6839,
    "rm2": 0.5728,
    "rmse": 0.8272,
    "sd": 0.8235,
    "spearman": 0.7721,
    "spectral_loss": 0.0
}
                              
                              
----------------------------------------
Epoch 010 with LR 0.000100: Model Results
----------------------------------------
Train MSE Loss: 0.5245, Train CLS Loss: 0.0000, Train MCLS Loss: 0.0000
Protein Cluster Region Loss - Ortho Loss: 0.0000, Cluster Loss: 0.0000
                              
Validation Results: {
    "ci": 0.7933,
    "classification_loss": 0.0,
    "cluster_loss": 0.0,
    "mae": 0.6061,
    "mse": 0.6875,
    "multiclassification_loss": 0.0,
    "ortho_loss": 0.0,
    "pearson": 0.7775,
    "regression_loss": 0.6862,
    "rm2": 0.604,
    "rmse": 0.8292,
    "sd": 0.8293,
    "spearman": 0.7681,
    "spectral_loss": 0.0
}
                              
Test Results: {
    "ci": 0.7957,
    "classification_loss": 0.0,
    "cluster_loss": 0.0,
    "mae": 0.5997,
    "mse": 0.6796,
    "multiclassification_loss": 0.0,
    "ortho_loss": 0.0,
    "pearson": 0.7719,
    "regression_loss": 0.6792,
    "rm2": 0.5942,
    "rmse": 0.8244,
    "sd": 0.8237,
    "spearman": 0.7737,
    "spectral_loss": 0.0
}
                              
                              
----------------------------------------
Epoch 011 with LR 0.000100: Model Results
----------------------------------------
Train MSE Loss: 0.5065, Train CLS Loss: 0.0000, Train MCLS Loss: 0.0000
Protein Cluster Region Loss - Ortho Loss: 0.0000, Cluster Loss: 0.0000
                              
Validation Results: {
    "ci": 0.7933,
    "classification_loss": 0.0,
    "cluster_loss": 0.0,
    "mae": 0.6037,
    "mse": 0.6952,
    "multiclassification_loss": 0.0,
    "ortho_loss": 0.0,
    "pearson": 0.7768,
    "regression_loss": 0.6968,
    "rm2": 0.5833,
    "rmse": 0.8338,
    "sd": 0.8305,
    "spearman": 0.7677,
    "spectral_loss": 0.0
}
                              
Test Results: {
    "ci": 0.7957,
    "classification_loss": 0.0,
    "cluster_loss": 0.0,
    "mae": 0.5997,
    "mse": 0.6796,
    "multiclassification_loss": 0.0,
    "ortho_loss": 0.0,
    "pearson": 0.7719,
    "regression_loss": 0.6792,
    "rm2": 0.5942,
    "rmse": 0.8244,
    "sd": 0.8237,
    "spearman": 0.7737,
    "spectral_loss": 0.0
}
                              
                              
----------------------------------------
Epoch 012 with LR 0.000100: Model Results
----------------------------------------
Train MSE Loss: 0.4929, Train CLS Loss: 0.0000, Train MCLS Loss: 0.0000
Protein Cluster Region Loss - Ortho Loss: 0.0000, Cluster Loss: 0.0000
                              
Validation Results: {
    "ci": 0.7939,
    "classification_loss": 0.0,
    "cluster_loss": 0.0,
    "mae": 0.6059,
    "mse": 0.7067,
    "multiclassification_loss": 0.0,
    "ortho_loss": 0.0,
    "pearson": 0.7734,
    "regression_loss": 0.7043,
    "rm2": 0.5561,
    "rmse": 0.8407,
    "sd": 0.8359,
    "spearman": 0.768,
    "spectral_loss": 0.0
}
                              
Test Results: {
    "ci": 0.7957,
    "classification_loss": 0.0,
    "cluster_loss": 0.0,
    "mae": 0.5997,
    "mse": 0.6796,
    "multiclassification_loss": 0.0,
    "ortho_loss": 0.0,
    "pearson": 0.7719,
    "regression_loss": 0.6792,
    "rm2": 0.5942,
    "rmse": 0.8244,
    "sd": 0.8237,
    "spearman": 0.7737,
    "spectral_loss": 0.0
}
                              
                              
----------------------------------------
Epoch 013 with LR 0.000100: Model Results
----------------------------------------
Train MSE Loss: 0.4810, Train CLS Loss: 0.0000, Train MCLS Loss: 0.0000
Protein Cluster Region Loss - Ortho Loss: 0.0000, Cluster Loss: 0.0000
                              
Validation Results: {
    "ci": 0.7946,
    "classification_loss": 0.0,
    "cluster_loss": 0.0,
    "mae": 0.6016,
    "mse": 0.6979,
    "multiclassification_loss": 0.0,
    "ortho_loss": 0.0,
    "pearson": 0.7765,
    "regression_loss": 0.6966,
    "rm2": 0.5833,
    "rmse": 0.8354,
    "sd": 0.8308,
    "spearman": 0.7688,
    "spectral_loss": 0.0
}
                              
Test Results: {
    "ci": 0.7957,
    "classification_loss": 0.0,
    "cluster_loss": 0.0,
    "mae": 0.5997,
    "mse": 0.6796,
    "multiclassification_loss": 0.0,
    "ortho_loss": 0.0,
    "pearson": 0.7719,
    "regression_loss": 0.6792,
    "rm2": 0.5942,
    "rmse": 0.8244,
    "sd": 0.8237,
    "spearman": 0.7737,
    "spectral_loss": 0.0
}
                              
                              
----------------------------------------
Epoch 014 with LR 0.000100: Model Results
----------------------------------------
Train MSE Loss: 0.4659, Train CLS Loss: 0.0000, Train MCLS Loss: 0.0000
Protein Cluster Region Loss - Ortho Loss: 0.0000, Cluster Loss: 0.0000
                              
Validation Results: {
    "ci": 0.8002,
    "classification_loss": 0.0,
    "cluster_loss": 0.0,
    "mae": 0.5939,
    "mse": 0.6723,
    "multiclassification_loss": 0.0,
    "ortho_loss": 0.0,
    "pearson": 0.7887,
    "regression_loss": 0.6705,
    "rm2": 0.6128,
    "rmse": 0.82,
    "sd": 0.8107,
    "spearman": 0.7807,
    "spectral_loss": 0.0
}
                              
Test Results: {
    "ci": 0.8031,
    "classification_loss": 0.0,
    "cluster_loss": 0.0,
    "mae": 0.5865,
    "mse": 0.6641,
    "multiclassification_loss": 0.0,
    "ortho_loss": 0.0,
    "pearson": 0.7849,
    "regression_loss": 0.6641,
    "rm2": 0.6155,
    "rmse": 0.8149,
    "sd": 0.8027,
    "spearman": 0.7884,
    "spectral_loss": 0.0
}
                              
                              
----------------------------------------
Epoch 015 with LR 0.000100: Model Results
----------------------------------------
Train MSE Loss: 0.4542, Train CLS Loss: 0.0000, Train MCLS Loss: 0.0000
Protein Cluster Region Loss - Ortho Loss: 0.0000, Cluster Loss: 0.0000
                              
Validation Results: {
    "ci": 0.8007,
    "classification_loss": 0.0,
    "cluster_loss": 0.0,
    "mae": 0.5788,
    "mse": 0.6673,
    "multiclassification_loss": 0.0,
    "ortho_loss": 0.0,
    "pearson": 0.7875,
    "regression_loss": 0.6646,
    "rm2": 0.6128,
    "rmse": 0.8169,
    "sd": 0.8126,
    "spearman": 0.7805,
    "spectral_loss": 0.0
}
                              
Test Results: {
    "ci": 0.8048,
    "classification_loss": 0.0,
    "cluster_loss": 0.0,
    "mae": 0.5753,
    "mse": 0.6501,
    "multiclassification_loss": 0.0,
    "ortho_loss": 0.0,
    "pearson": 0.7857,
    "regression_loss": 0.6499,
    "rm2": 0.614,
    "rmse": 0.8063,
    "sd": 0.8014,
    "spearman": 0.7902,
    "spectral_loss": 0.0
}
                              
                              
----------------------------------------
Epoch 016 with LR 0.000100: Model Results
----------------------------------------
Train MSE Loss: 0.4434, Train CLS Loss: 0.0000, Train MCLS Loss: 0.0000
Protein Cluster Region Loss - Ortho Loss: 0.0000, Cluster Loss: 0.0000
                              
Validation Results: {
    "ci": 0.8001,
    "classification_loss": 0.0,
    "cluster_loss": 0.0,
    "mae": 0.5871,
    "mse": 0.6787,
    "multiclassification_loss": 0.0,
    "ortho_loss": 0.0,
    "pearson": 0.7854,
    "regression_loss": 0.6758,
    "rm2": 0.6018,
    "rmse": 0.8238,
    "sd": 0.8163,
    "spearman": 0.7791,
    "spectral_loss": 0.0
}
                              
Test Results: {
    "ci": 0.8048,
    "classification_loss": 0.0,
    "cluster_loss": 0.0,
    "mae": 0.5753,
    "mse": 0.6501,
    "multiclassification_loss": 0.0,
    "ortho_loss": 0.0,
    "pearson": 0.7857,
    "regression_loss": 0.6499,
    "rm2": 0.614,
    "rmse": 0.8063,
    "sd": 0.8014,
    "spearman": 0.7902,
    "spectral_loss": 0.0
}
                              
                              
----------------------------------------
Epoch 017 with LR 0.000100: Model Results
----------------------------------------
Train MSE Loss: 0.4331, Train CLS Loss: 0.0000, Train MCLS Loss: 0.0000
Protein Cluster Region Loss - Ortho Loss: 0.0000, Cluster Loss: 0.0000
                              
Validation Results: {
    "ci": 0.8026,
    "classification_loss": 0.0,
    "cluster_loss": 0.0,
    "mae": 0.5773,
    "mse": 0.6616,
    "multiclassification_loss": 0.0,
    "ortho_loss": 0.0,
    "pearson": 0.79,
    "regression_loss": 0.6589,
    "rm2": 0.6104,
    "rmse": 0.8134,
    "sd": 0.8084,
    "spearman": 0.7833,
    "spectral_loss": 0.0
}
                              
Test Results: {
    "ci": 0.8021,
    "classification_loss": 0.0,
    "cluster_loss": 0.0,
    "mae": 0.5799,
    "mse": 0.6637,
    "multiclassification_loss": 0.0,
    "ortho_loss": 0.0,
    "pearson": 0.7809,
    "regression_loss": 0.6633,
    "rm2": 0.6049,
    "rmse": 0.8147,
    "sd": 0.8092,
    "spearman": 0.7847,
    "spectral_loss": 0.0
}
                              
                              
----------------------------------------
Epoch 018 with LR 0.000100: Model Results
----------------------------------------
Train MSE Loss: 0.4224, Train CLS Loss: 0.0000, Train MCLS Loss: 0.0000
Protein Cluster Region Loss - Ortho Loss: 0.0000, Cluster Loss: 0.0000
                              
Validation Results: {
    "ci": 0.8053,
    "classification_loss": 0.0,
    "cluster_loss": 0.0,
    "mae": 0.5677,
    "mse": 0.65,
    "multiclassification_loss": 0.0,
    "ortho_loss": 0.0,
    "pearson": 0.7955,
    "regression_loss": 0.647,
    "rm2": 0.602,
    "rmse": 0.8062,
    "sd": 0.7991,
    "spearman": 0.787,
    "spectral_loss": 0.0
}
                              
Test Results: {
    "ci": 0.8049,
    "classification_loss": 0.0,
    "cluster_loss": 0.0,
    "mae": 0.5744,
    "mse": 0.655,
    "multiclassification_loss": 0.0,
    "ortho_loss": 0.0,
    "pearson": 0.7861,
    "regression_loss": 0.6546,
    "rm2": 0.5926,
    "rmse": 0.8093,
    "sd": 0.8008,
    "spearman": 0.7896,
    "spectral_loss": 0.0
}
                              
                              
----------------------------------------
Epoch 019 with LR 0.000100: Model Results
----------------------------------------
Train MSE Loss: 0.4163, Train CLS Loss: 0.0000, Train MCLS Loss: 0.0000
Protein Cluster Region Loss - Ortho Loss: 0.0000, Cluster Loss: 0.0000
                              
Validation Results: {
    "ci": 0.8019,
    "classification_loss": 0.0,
    "cluster_loss": 0.0,
    "mae": 0.5771,
    "mse": 0.6646,
    "multiclassification_loss": 0.0,
    "ortho_loss": 0.0,
    "pearson": 0.7901,
    "regression_loss": 0.6618,
    "rm2": 0.5897,
    "rmse": 0.8152,
    "sd": 0.8082,
    "spearman": 0.7819,
    "spectral_loss": 0.0
}
                              
Test Results: {
    "ci": 0.8049,
    "classification_loss": 0.0,
    "cluster_loss": 0.0,
    "mae": 0.5744,
    "mse": 0.655,
    "multiclassification_loss": 0.0,
    "ortho_loss": 0.0,
    "pearson": 0.7861,
    "regression_loss": 0.6546,
    "rm2": 0.5926,
    "rmse": 0.8093,
    "sd": 0.8008,
    "spearman": 0.7896,
    "spectral_loss": 0.0
}
                              
                              
----------------------------------------
Epoch 020 with LR 0.000100: Model Results
----------------------------------------
Train MSE Loss: 0.4063, Train CLS Loss: 0.0000, Train MCLS Loss: 0.0000
Protein Cluster Region Loss - Ortho Loss: 0.0000, Cluster Loss: 0.0000
                              
Validation Results: {
    "ci": 0.8065,
    "classification_loss": 0.0,
    "cluster_loss": 0.0,
    "mae": 0.5739,
    "mse": 0.6461,
    "multiclassification_loss": 0.0,
    "ortho_loss": 0.0,
    "pearson": 0.7991,
    "regression_loss": 0.6435,
    "rm2": 0.6039,
    "rmse": 0.8038,
    "sd": 0.7927,
    "spearman": 0.7921,
    "spectral_loss": 0.0
}
                              
Test Results: {
    "ci": 0.8101,
    "classification_loss": 0.0,
    "cluster_loss": 0.0,
    "mae": 0.5681,
    "mse": 0.636,
    "multiclassification_loss": 0.0,
    "ortho_loss": 0.0,
    "pearson": 0.7976,
    "regression_loss": 0.6356,
    "rm2": 0.592,
    "rmse": 0.7975,
    "sd": 0.7814,
    "spearman": 0.8004,
    "spectral_loss": 0.0
}
                              
                              
----------------------------------------
Epoch 021 with LR 0.000100: Model Results
----------------------------------------
Train MSE Loss: 0.3976, Train CLS Loss: 0.0000, Train MCLS Loss: 0.0000
Protein Cluster Region Loss - Ortho Loss: 0.0000, Cluster Loss: 0.0000
                              
Validation Results: {
    "ci": 0.802,
    "classification_loss": 0.0,
    "cluster_loss": 0.0,
    "mae": 0.576,
    "mse": 0.6552,
    "multiclassification_loss": 0.0,
    "ortho_loss": 0.0,
    "pearson": 0.7912,
    "regression_loss": 0.6521,
    "rm2": 0.6242,
    "rmse": 0.8094,
    "sd": 0.8064,
    "spearman": 0.7826,
    "spectral_loss": 0.0
}
                              
Test Results: {
    "ci": 0.8101,
    "classification_loss": 0.0,
    "cluster_loss": 0.0,
    "mae": 0.5681,
    "mse": 0.636,
    "multiclassification_loss": 0.0,
    "ortho_loss": 0.0,
    "pearson": 0.7976,
    "regression_loss": 0.6356,
    "rm2": 0.592,
    "rmse": 0.7975,
    "sd": 0.7814,
    "spearman": 0.8004,
    "spectral_loss": 0.0
}
                              
                              
----------------------------------------
Epoch 022 with LR 0.000100: Model Results
----------------------------------------
Train MSE Loss: 0.3919, Train CLS Loss: 0.0000, Train MCLS Loss: 0.0000
Protein Cluster Region Loss - Ortho Loss: 0.0000, Cluster Loss: 0.0000
                              
Validation Results: {
    "ci": 0.8068,
    "classification_loss": 0.0,
    "cluster_loss": 0.0,
    "mae": 0.5613,
    "mse": 0.6219,
    "multiclassification_loss": 0.0,
    "ortho_loss": 0.0,
    "pearson": 0.8023,
    "regression_loss": 0.6191,
    "rm2": 0.6338,
    "rmse": 0.7886,
    "sd": 0.7871,
    "spearman": 0.791,
    "spectral_loss": 0.0
}
                              
Test Results: {
    "ci": 0.8121,
    "classification_loss": 0.0,
    "cluster_loss": 0.0,
    "mae": 0.5517,
    "mse": 0.6036,
    "multiclassification_loss": 0.0,
    "ortho_loss": 0.0,
    "pearson": 0.8013,
    "regression_loss": 0.6032,
    "rm2": 0.6231,
    "rmse": 0.7769,
    "sd": 0.7751,
    "spearman": 0.803,
    "spectral_loss": 0.0
}
                              
                              
----------------------------------------
Epoch 023 with LR 0.000100: Model Results
----------------------------------------
Train MSE Loss: 0.3844, Train CLS Loss: 0.0000, Train MCLS Loss: 0.0000
Protein Cluster Region Loss - Ortho Loss: 0.0000, Cluster Loss: 0.0000
                              
Validation Results: {
    "ci": 0.8104,
    "classification_loss": 0.0,
    "cluster_loss": 0.0,
    "mae": 0.5541,
    "mse": 0.6081,
    "multiclassification_loss": 0.0,
    "ortho_loss": 0.0,
    "pearson": 0.8086,
    "regression_loss": 0.6053,
    "rm2": 0.6233,
    "rmse": 0.7798,
    "sd": 0.7759,
    "spearman": 0.7976,
    "spectral_loss": 0.0
}
                              
Test Results: {
    "ci": 0.81,
    "classification_loss": 0.0,
    "cluster_loss": 0.0,
    "mae": 0.5632,
    "mse": 0.6238,
    "multiclassification_loss": 0.0,
    "ortho_loss": 0.0,
    "pearson": 0.7964,
    "regression_loss": 0.6233,
    "rm2": 0.6034,
    "rmse": 0.7898,
    "sd": 0.7836,
    "spearman": 0.7993,
    "spectral_loss": 0.0
}
                              
                              
----------------------------------------
Epoch 024 with LR 0.000100: Model Results
----------------------------------------
Train MSE Loss: 0.3767, Train CLS Loss: 0.0000, Train MCLS Loss: 0.0000
Protein Cluster Region Loss - Ortho Loss: 0.0000, Cluster Loss: 0.0000
                              
Validation Results: {
    "ci": 0.8104,
    "classification_loss": 0.0,
    "cluster_loss": 0.0,
    "mae": 0.5528,
    "mse": 0.611,
    "multiclassification_loss": 0.0,
    "ortho_loss": 0.0,
    "pearson": 0.8063,
    "regression_loss": 0.6081,
    "rm2": 0.6311,
    "rmse": 0.7817,
    "sd": 0.7799,
    "spearman": 0.799,
    "spectral_loss": 0.0
}
                              
Test Results: {
    "ci": 0.81,
    "classification_loss": 0.0,
    "cluster_loss": 0.0,
    "mae": 0.5632,
    "mse": 0.6238,
    "multiclassification_loss": 0.0,
    "ortho_loss": 0.0,
    "pearson": 0.7964,
    "regression_loss": 0.6233,
    "rm2": 0.6034,
    "rmse": 0.7898,
    "sd": 0.7836,
    "spearman": 0.7993,
    "spectral_loss": 0.0
}
                              
                              
----------------------------------------
Epoch 025 with LR 0.000100: Model Results
----------------------------------------
Train MSE Loss: 0.3712, Train CLS Loss: 0.0000, Train MCLS Loss: 0.0000
Protein Cluster Region Loss - Ortho Loss: 0.0000, Cluster Loss: 0.0000
                              
Validation Results: {
    "ci": 0.8063,
    "classification_loss": 0.0,
    "cluster_loss": 0.0,
    "mae": 0.5657,
    "mse": 0.6537,
    "multiclassification_loss": 0.0,
    "ortho_loss": 0.0,
    "pearson": 0.7976,
    "regression_loss": 0.6513,
    "rm2": 0.6235,
    "rmse": 0.8085,
    "sd": 0.7954,
    "spearman": 0.7887,
    "spectral_loss": 0.0
}
                              
Test Results: {
    "ci": 0.81,
    "classification_loss": 0.0,
    "cluster_loss": 0.0,
    "mae": 0.5632,
    "mse": 0.6238,
    "multiclassification_loss": 0.0,
    "ortho_loss": 0.0,
    "pearson": 0.7964,
    "regression_loss": 0.6233,
    "rm2": 0.6034,
    "rmse": 0.7898,
    "sd": 0.7836,
    "spearman": 0.7993,
    "spectral_loss": 0.0
}
                              
                              
----------------------------------------
Epoch 026 with LR 0.000100: Model Results
----------------------------------------
Train MSE Loss: 0.3643, Train CLS Loss: 0.0000, Train MCLS Loss: 0.0000
Protein Cluster Region Loss - Ortho Loss: 0.0000, Cluster Loss: 0.0000
                              
Validation Results: {
    "ci": 0.806,
    "classification_loss": 0.0,
    "cluster_loss": 0.0,
    "mae": 0.5654,
    "mse": 0.6494,
    "multiclassification_loss": 0.0,
    "ortho_loss": 0.0,
    "pearson": 0.7942,
    "regression_loss": 0.6466,
    "rm2": 0.6159,
    "rmse": 0.8059,
    "sd": 0.8012,
    "spearman": 0.7885,
    "spectral_loss": 0.0
}
                              
Test Results: {
    "ci": 0.81,
    "classification_loss": 0.0,
    "cluster_loss": 0.0,
    "mae": 0.5632,
    "mse": 0.6238,
    "multiclassification_loss": 0.0,
    "ortho_loss": 0.0,
    "pearson": 0.7964,
    "regression_loss": 0.6233,
    "rm2": 0.6034,
    "rmse": 0.7898,
    "sd": 0.7836,
    "spearman": 0.7993,
    "spectral_loss": 0.0
}
                              
                              
----------------------------------------
Epoch 027 with LR 0.000100: Model Results
----------------------------------------
Train MSE Loss: 0.3584, Train CLS Loss: 0.0000, Train MCLS Loss: 0.0000
Protein Cluster Region Loss - Ortho Loss: 0.0000, Cluster Loss: 0.0000
                              
Validation Results: {
    "ci": 0.8074,
    "classification_loss": 0.0,
    "cluster_loss": 0.0,
    "mae": 0.5607,
    "mse": 0.6504,
    "multiclassification_loss": 0.0,
    "ortho_loss": 0.0,
    "pearson": 0.7957,
    "regression_loss": 0.6482,
    "rm2": 0.6279,
    "rmse": 0.8064,
    "sd": 0.7987,
    "spearman": 0.7902,
    "spectral_loss": 0.0
}
                              
Test Results: {
    "ci": 0.81,
    "classification_loss": 0.0,
    "cluster_loss": 0.0,
    "mae": 0.5632,
    "mse": 0.6238,
    "multiclassification_loss": 0.0,
    "ortho_loss": 0.0,
    "pearson": 0.7964,
    "regression_loss": 0.6233,
    "rm2": 0.6034,
    "rmse": 0.7898,
    "sd": 0.7836,
    "spearman": 0.7993,
    "spectral_loss": 0.0
}
                              
                              
----------------------------------------
Epoch 028 with LR 0.000100: Model Results
----------------------------------------
Train MSE Loss: 0.3539, Train CLS Loss: 0.0000, Train MCLS Loss: 0.0000
Protein Cluster Region Loss - Ortho Loss: 0.0000, Cluster Loss: 0.0000
                              
Validation Results: {
    "ci": 0.807,
    "classification_loss": 0.0,
    "cluster_loss": 0.0,
    "mae": 0.5628,
    "mse": 0.6418,
    "multiclassification_loss": 0.0,
    "ortho_loss": 0.0,
    "pearson": 0.8001,
    "regression_loss": 0.6388,
    "rm2": 0.6328,
    "rmse": 0.8011,
    "sd": 0.7909,
    "spearman": 0.7894,
    "spectral_loss": 0.0
}
                              
Test Results: {
    "ci": 0.81,
    "classification_loss": 0.0,
    "cluster_loss": 0.0,
    "mae": 0.5632,
    "mse": 0.6238,
    "multiclassification_loss": 0.0,
    "ortho_loss": 0.0,
    "pearson": 0.7964,
    "regression_loss": 0.6233,
    "rm2": 0.6034,
    "rmse": 0.7898,
    "sd": 0.7836,
    "spearman": 0.7993,
    "spectral_loss": 0.0
}
                              
                              
----------------------------------------
Epoch 029 with LR 0.000100: Model Results
----------------------------------------
Train MSE Loss: 0.3484, Train CLS Loss: 0.0000, Train MCLS Loss: 0.0000
Protein Cluster Region Loss - Ortho Loss: 0.0000, Cluster Loss: 0.0000
                              
Validation Results: {
    "ci": 0.8105,
    "classification_loss": 0.0,
    "cluster_loss": 0.0,
    "mae": 0.5512,
    "mse": 0.6216,
    "multiclassification_loss": 0.0,
    "ortho_loss": 0.0,
    "pearson": 0.8052,
    "regression_loss": 0.6192,
    "rm2": 0.626,
    "rmse": 0.7884,
    "sd": 0.782,
    "spearman": 0.7961,
    "spectral_loss": 0.0
}
                              
Test Results: {
    "ci": 0.81,
    "classification_loss": 0.0,
    "cluster_loss": 0.0,
    "mae": 0.5632,
    "mse": 0.6238,
    "multiclassification_loss": 0.0,
    "ortho_loss": 0.0,
    "pearson": 0.7964,
    "regression_loss": 0.6233,
    "rm2": 0.6034,
    "rmse": 0.7898,
    "sd": 0.7836,
    "spearman": 0.7993,
    "spectral_loss": 0.0
}
                              
                              
----------------------------------------
Epoch 030 with LR 0.000100: Model Results
----------------------------------------
Train MSE Loss: 0.3425, Train CLS Loss: 0.0000, Train MCLS Loss: 0.0000
Protein Cluster Region Loss - Ortho Loss: 0.0000, Cluster Loss: 0.0000
                              
Validation Results: {
    "ci": 0.8151,
    "classification_loss": 0.0,
    "cluster_loss": 0.0,
    "mae": 0.5378,
    "mse": 0.59,
    "multiclassification_loss": 0.0,
    "ortho_loss": 0.0,
    "pearson": 0.816,
    "regression_loss": 0.5874,
    "rm2": 0.6264,
    "rmse": 0.7681,
    "sd": 0.7622,
    "spearman": 0.8053,
    "spectral_loss": 0.0
}
                              
Test Results: {
    "ci": 0.8182,
    "classification_loss": 0.0,
    "cluster_loss": 0.0,
    "mae": 0.5399,
    "mse": 0.5911,
    "multiclassification_loss": 0.0,
    "ortho_loss": 0.0,
    "pearson": 0.8085,
    "regression_loss": 0.5906,
    "rm2": 0.6207,
    "rmse": 0.7688,
    "sd": 0.7624,
    "spearman": 0.8139,
    "spectral_loss": 0.0
}
                              
                              
----------------------------------------
Epoch 031 with LR 0.000100: Model Results
----------------------------------------
Train MSE Loss: 0.3366, Train CLS Loss: 0.0000, Train MCLS Loss: 0.0000
Protein Cluster Region Loss - Ortho Loss: 0.0000, Cluster Loss: 0.0000
                              
Validation Results: {
    "ci": 0.8114,
    "classification_loss": 0.0,
    "cluster_loss": 0.0,
    "mae": 0.5523,
    "mse": 0.6164,
    "multiclassification_loss": 0.0,
    "ortho_loss": 0.0,
    "pearson": 0.8074,
    "regression_loss": 0.614,
    "rm2": 0.6088,
    "rmse": 0.7851,
    "sd": 0.7781,
    "spearman": 0.7984,
    "spectral_loss": 0.0
}
                              
Test Results: {
    "ci": 0.8182,
    "classification_loss": 0.0,
    "cluster_loss": 0.0,
    "mae": 0.5399,
    "mse": 0.5911,
    "multiclassification_loss": 0.0,
    "ortho_loss": 0.0,
    "pearson": 0.8085,
    "regression_loss": 0.5906,
    "rm2": 0.6207,
    "rmse": 0.7688,
    "sd": 0.7624,
    "spearman": 0.8139,
    "spectral_loss": 0.0
}
                              
                              
----------------------------------------
Epoch 032 with LR 0.000100: Model Results
----------------------------------------
Train MSE Loss: 0.3331, Train CLS Loss: 0.0000, Train MCLS Loss: 0.0000
Protein Cluster Region Loss - Ortho Loss: 0.0000, Cluster Loss: 0.0000
                              
Validation Results: {
    "ci": 0.8126,
    "classification_loss": 0.0,
    "cluster_loss": 0.0,
    "mae": 0.5474,
    "mse": 0.6166,
    "multiclassification_loss": 0.0,
    "ortho_loss": 0.0,
    "pearson": 0.807,
    "regression_loss": 0.6148,
    "rm2": 0.5992,
    "rmse": 0.7852,
    "sd": 0.7787,
    "spearman": 0.7995,
    "spectral_loss": 0.0
}
                              
Test Results: {
    "ci": 0.8182,
    "classification_loss": 0.0,
    "cluster_loss": 0.0,
    "mae": 0.5399,
    "mse": 0.5911,
    "multiclassification_loss": 0.0,
    "ortho_loss": 0.0,
    "pearson": 0.8085,
    "regression_loss": 0.5906,
    "rm2": 0.6207,
    "rmse": 0.7688,
    "sd": 0.7624,
    "spearman": 0.8139,
    "spectral_loss": 0.0
}
                              
                              
----------------------------------------
Epoch 033 with LR 0.000100: Model Results
----------------------------------------
Train MSE Loss: 0.3268, Train CLS Loss: 0.0000, Train MCLS Loss: 0.0000
Protein Cluster Region Loss - Ortho Loss: 0.0000, Cluster Loss: 0.0000
                              
Validation Results: {
    "ci": 0.8134,
    "classification_loss": 0.0,
    "cluster_loss": 0.0,
    "mae": 0.5405,
    "mse": 0.5979,
    "multiclassification_loss": 0.0,
    "ortho_loss": 0.0,
    "pearson": 0.8115,
    "regression_loss": 0.5956,
    "rm2": 0.652,
    "rmse": 0.7732,
    "sd": 0.7706,
    "spearman": 0.8023,
    "spectral_loss": 0.0
}
                              
Test Results: {
    "ci": 0.8182,
    "classification_loss": 0.0,
    "cluster_loss": 0.0,
    "mae": 0.5399,
    "mse": 0.5911,
    "multiclassification_loss": 0.0,
    "ortho_loss": 0.0,
    "pearson": 0.8085,
    "regression_loss": 0.5906,
    "rm2": 0.6207,
    "rmse": 0.7688,
    "sd": 0.7624,
    "spearman": 0.8139,
    "spectral_loss": 0.0
}
                              
                              
----------------------------------------
Epoch 034 with LR 0.000100: Model Results
----------------------------------------
Train MSE Loss: 0.3212, Train CLS Loss: 0.0000, Train MCLS Loss: 0.0000
Protein Cluster Region Loss - Ortho Loss: 0.0000, Cluster Loss: 0.0000
                              
Validation Results: {
    "ci": 0.8164,
    "classification_loss": 0.0,
    "cluster_loss": 0.0,
    "mae": 0.5374,
    "mse": 0.5838,
    "multiclassification_loss": 0.0,
    "ortho_loss": 0.0,
    "pearson": 0.8162,
    "regression_loss": 0.5812,
    "rm2": 0.6547,
    "rmse": 0.764,
    "sd": 0.7619,
    "spearman": 0.8084,
    "spectral_loss": 0.0
}
                              
Test Results: {
    "ci": 0.8198,
    "classification_loss": 0.0,
    "cluster_loss": 0.0,
    "mae": 0.532,
    "mse": 0.5793,
    "multiclassification_loss": 0.0,
    "ortho_loss": 0.0,
    "pearson": 0.8113,
    "regression_loss": 0.5788,
    "rm2": 0.6472,
    "rmse": 0.7611,
    "sd": 0.7574,
    "spearman": 0.8158,
    "spectral_loss": 0.0
}
                              
                              
----------------------------------------
Epoch 035 with LR 0.000100: Model Results
----------------------------------------
Train MSE Loss: 0.3164, Train CLS Loss: 0.0000, Train MCLS Loss: 0.0000
Protein Cluster Region Loss - Ortho Loss: 0.0000, Cluster Loss: 0.0000
                              
Validation Results: {
    "ci": 0.8172,
    "classification_loss": 0.0,
    "cluster_loss": 0.0,
    "mae": 0.5319,
    "mse": 0.5779,
    "multiclassification_loss": 0.0,
    "ortho_loss": 0.0,
    "pearson": 0.8194,
    "regression_loss": 0.5754,
    "rm2": 0.6668,
    "rmse": 0.7602,
    "sd": 0.7559,
    "spearman": 0.8087,
    "spectral_loss": 0.0
}
                              
Test Results: {
    "ci": 0.8184,
    "classification_loss": 0.0,
    "cluster_loss": 0.0,
    "mae": 0.5373,
    "mse": 0.5915,
    "multiclassification_loss": 0.0,
    "ortho_loss": 0.0,
    "pearson": 0.8085,
    "regression_loss": 0.5909,
    "rm2": 0.6478,
    "rmse": 0.7691,
    "sd": 0.7624,
    "spearman": 0.8128,
    "spectral_loss": 0.0
}
                              
                              
----------------------------------------
Epoch 036 with LR 0.000100: Model Results
----------------------------------------
Train MSE Loss: 0.3118, Train CLS Loss: 0.0000, Train MCLS Loss: 0.0000
Protein Cluster Region Loss - Ortho Loss: 0.0000, Cluster Loss: 0.0000
                              
Validation Results: {
    "ci": 0.8153,
    "classification_loss": 0.0,
    "cluster_loss": 0.0,
    "mae": 0.5353,
    "mse": 0.5933,
    "multiclassification_loss": 0.0,
    "ortho_loss": 0.0,
    "pearson": 0.8132,
    "regression_loss": 0.591,
    "rm2": 0.6429,
    "rmse": 0.7703,
    "sd": 0.7674,
    "spearman": 0.8051,
    "spectral_loss": 0.0
}
                              
Test Results: {
    "ci": 0.8184,
    "classification_loss": 0.0,
    "cluster_loss": 0.0,
    "mae": 0.5373,
    "mse": 0.5915,
    "multiclassification_loss": 0.0,
    "ortho_loss": 0.0,
    "pearson": 0.8085,
    "regression_loss": 0.5909,
    "rm2": 0.6478,
    "rmse": 0.7691,
    "sd": 0.7624,
    "spearman": 0.8128,
    "spectral_loss": 0.0
}
                              
                              
----------------------------------------
Epoch 037 with LR 0.000100: Model Results
----------------------------------------
Train MSE Loss: 0.3080, Train CLS Loss: 0.0000, Train MCLS Loss: 0.0000
Protein Cluster Region Loss - Ortho Loss: 0.0000, Cluster Loss: 0.0000
                              
Validation Results: {
    "ci": 0.8186,
    "classification_loss": 0.0,
    "cluster_loss": 0.0,
    "mae": 0.5306,
    "mse": 0.5828,
    "multiclassification_loss": 0.0,
    "ortho_loss": 0.0,
    "pearson": 0.8193,
    "regression_loss": 0.5802,
    "rm2": 0.6546,
    "rmse": 0.7634,
    "sd": 0.756,
    "spearman": 0.8114,
    "spectral_loss": 0.0
}
                              
Test Results: {
    "ci": 0.8184,
    "classification_loss": 0.0,
    "cluster_loss": 0.0,
    "mae": 0.5373,
    "mse": 0.5915,
    "multiclassification_loss": 0.0,
    "ortho_loss": 0.0,
    "pearson": 0.8085,
    "regression_loss": 0.5909,
    "rm2": 0.6478,
    "rmse": 0.7691,
    "sd": 0.7624,
    "spearman": 0.8128,
    "spectral_loss": 0.0
}
                              
                              
----------------------------------------
Epoch 038 with LR 0.000100: Model Results
----------------------------------------
Train MSE Loss: 0.3036, Train CLS Loss: 0.0000, Train MCLS Loss: 0.0000
Protein Cluster Region Loss - Ortho Loss: 0.0000, Cluster Loss: 0.0000
                              
Validation Results: {
    "ci": 0.8202,
    "classification_loss": 0.0,
    "cluster_loss": 0.0,
    "mae": 0.5271,
    "mse": 0.5766,
    "multiclassification_loss": 0.0,
    "ortho_loss": 0.0,
    "pearson": 0.82,
    "regression_loss": 0.5738,
    "rm2": 0.6706,
    "rmse": 0.7593,
    "sd": 0.7548,
    "spearman": 0.8144,
    "spectral_loss": 0.0
}
                              
Test Results: {
    "ci": 0.8203,
    "classification_loss": 0.0,
    "cluster_loss": 0.0,
    "mae": 0.5306,
    "mse": 0.5806,
    "multiclassification_loss": 0.0,
    "ortho_loss": 0.0,
    "pearson": 0.8122,
    "regression_loss": 0.5801,
    "rm2": 0.6543,
    "rmse": 0.762,
    "sd": 0.7558,
    "spearman": 0.8164,
    "spectral_loss": 0.0
}
                              
                              
----------------------------------------
Epoch 039 with LR 0.000100: Model Results
----------------------------------------
Train MSE Loss: 0.2990, Train CLS Loss: 0.0000, Train MCLS Loss: 0.0000
Protein Cluster Region Loss - Ortho Loss: 0.0000, Cluster Loss: 0.0000
                              
Validation Results: {
    "ci": 0.8214,
    "classification_loss": 0.0,
    "cluster_loss": 0.0,
    "mae": 0.5261,
    "mse": 0.5665,
    "multiclassification_loss": 0.0,
    "ortho_loss": 0.0,
    "pearson": 0.8261,
    "regression_loss": 0.5648,
    "rm2": 0.6788,
    "rmse": 0.7527,
    "sd": 0.7431,
    "spearman": 0.8177,
    "spectral_loss": 0.0
}
                              
Test Results: {
    "ci": 0.8224,
    "classification_loss": 0.0,
    "cluster_loss": 0.0,
    "mae": 0.5273,
    "mse": 0.5786,
    "multiclassification_loss": 0.0,
    "ortho_loss": 0.0,
    "pearson": 0.816,
    "regression_loss": 0.5782,
    "rm2": 0.6585,
    "rmse": 0.7607,
    "sd": 0.749,
    "spearman": 0.8205,
    "spectral_loss": 0.0
}
                              
                              
----------------------------------------
Epoch 040 with LR 0.000100: Model Results
----------------------------------------
Train MSE Loss: 0.2958, Train CLS Loss: 0.0000, Train MCLS Loss: 0.0000
Protein Cluster Region Loss - Ortho Loss: 0.0000, Cluster Loss: 0.0000
                              
Validation Results: {
    "ci": 0.8225,
    "classification_loss": 0.0,
    "cluster_loss": 0.0,
    "mae": 0.523,
    "mse": 0.5677,
    "multiclassification_loss": 0.0,
    "ortho_loss": 0.0,
    "pearson": 0.8235,
    "regression_loss": 0.5651,
    "rm2": 0.6621,
    "rmse": 0.7535,
    "sd": 0.748,
    "spearman": 0.8197,
    "spectral_loss": 0.0
}
                              
Test Results: {
    "ci": 0.8224,
    "classification_loss": 0.0,
    "cluster_loss": 0.0,
    "mae": 0.5273,
    "mse": 0.5786,
    "multiclassification_loss": 0.0,
    "ortho_loss": 0.0,
    "pearson": 0.816,
    "regression_loss": 0.5782,
    "rm2": 0.6585,
    "rmse": 0.7607,
    "sd": 0.749,
    "spearman": 0.8205,
    "spectral_loss": 0.0
}
                              
                              
----------------------------------------
Epoch 041 with LR 0.000100: Model Results
----------------------------------------
Train MSE Loss: 0.2912, Train CLS Loss: 0.0000, Train MCLS Loss: 0.0000
Protein Cluster Region Loss - Ortho Loss: 0.0000, Cluster Loss: 0.0000
                              
Validation Results: {
    "ci": 0.8163,
    "classification_loss": 0.0,
    "cluster_loss": 0.0,
    "mae": 0.5399,
    "mse": 0.6208,
    "multiclassification_loss": 0.0,
    "ortho_loss": 0.0,
    "pearson": 0.8095,
    "regression_loss": 0.6184,
    "rm2": 0.6442,
    "rmse": 0.7879,
    "sd": 0.7742,
    "spearman": 0.8048,
    "spectral_loss": 0.0
}
                              
Test Results: {
    "ci": 0.8224,
    "classification_loss": 0.0,
    "cluster_loss": 0.0,
    "mae": 0.5273,
    "mse": 0.5786,
    "multiclassification_loss": 0.0,
    "ortho_loss": 0.0,
    "pearson": 0.816,
    "regression_loss": 0.5782,
    "rm2": 0.6585,
    "rmse": 0.7607,
    "sd": 0.749,
    "spearman": 0.8205,
    "spectral_loss": 0.0
}
                              
                              
----------------------------------------
Epoch 042 with LR 0.000100: Model Results
----------------------------------------
Train MSE Loss: 0.2884, Train CLS Loss: 0.0000, Train MCLS Loss: 0.0000
Protein Cluster Region Loss - Ortho Loss: 0.0000, Cluster Loss: 0.0000
                              
Validation Results: {
    "ci": 0.8172,
    "classification_loss": 0.0,
    "cluster_loss": 0.0,
    "mae": 0.5347,
    "mse": 0.5989,
    "multiclassification_loss": 0.0,
    "ortho_loss": 0.0,
    "pearson": 0.813,
    "regression_loss": 0.5966,
    "rm2": 0.656,
    "rmse": 0.7739,
    "sd": 0.7678,
    "spearman": 0.8079,
    "spectral_loss": 0.0
}
                              
Test Results: {
    "ci": 0.8224,
    "classification_loss": 0.0,
    "cluster_loss": 0.0,
    "mae": 0.5273,
    "mse": 0.5786,
    "multiclassification_loss": 0.0,
    "ortho_loss": 0.0,
    "pearson": 0.816,
    "regression_loss": 0.5782,
    "rm2": 0.6585,
    "rmse": 0.7607,
    "sd": 0.749,
    "spearman": 0.8205,
    "spectral_loss": 0.0
}
                              
                              
----------------------------------------
Epoch 043 with LR 0.000100: Model Results
----------------------------------------
Train MSE Loss: 0.2845, Train CLS Loss: 0.0000, Train MCLS Loss: 0.0000
Protein Cluster Region Loss - Ortho Loss: 0.0000, Cluster Loss: 0.0000
                              
Validation Results: {
    "ci": 0.8196,
    "classification_loss": 0.0,
    "cluster_loss": 0.0,
    "mae": 0.5275,
    "mse": 0.5807,
    "multiclassification_loss": 0.0,
    "ortho_loss": 0.0,
    "pearson": 0.8193,
    "regression_loss": 0.5787,
    "rm2": 0.6623,
    "rmse": 0.7621,
    "sd": 0.7561,
    "spearman": 0.8128,
    "spectral_loss": 0.0
}
                              
Test Results: {
    "ci": 0.8224,
    "classification_loss": 0.0,
    "cluster_loss": 0.0,
    "mae": 0.5273,
    "mse": 0.5786,
    "multiclassification_loss": 0.0,
    "ortho_loss": 0.0,
    "pearson": 0.816,
    "regression_loss": 0.5782,
    "rm2": 0.6585,
    "rmse": 0.7607,
    "sd": 0.749,
    "spearman": 0.8205,
    "spectral_loss": 0.0
}
                              
                              
----------------------------------------
Epoch 044 with LR 0.000100: Model Results
----------------------------------------
Train MSE Loss: 0.2807, Train CLS Loss: 0.0000, Train MCLS Loss: 0.0000
Protein Cluster Region Loss - Ortho Loss: 0.0000, Cluster Loss: 0.0000
                              
Validation Results: {
    "ci": 0.8175,
    "classification_loss": 0.0,
    "cluster_loss": 0.0,
    "mae": 0.537,
    "mse": 0.5956,
    "multiclassification_loss": 0.0,
    "ortho_loss": 0.0,
    "pearson": 0.818,
    "regression_loss": 0.5938,
    "rm2": 0.668,
    "rmse": 0.7718,
    "sd": 0.7585,
    "spearman": 0.8092,
    "spectral_loss": 0.0
}
                              
Test Results: {
    "ci": 0.8224,
    "classification_loss": 0.0,
    "cluster_loss": 0.0,
    "mae": 0.5273,
    "mse": 0.5786,
    "multiclassification_loss": 0.0,
    "ortho_loss": 0.0,
    "pearson": 0.816,
    "regression_loss": 0.5782,
    "rm2": 0.6585,
    "rmse": 0.7607,
    "sd": 0.749,
    "spearman": 0.8205,
    "spectral_loss": 0.0
}
                              
                              
----------------------------------------
Epoch 045 with LR 0.000100: Model Results
----------------------------------------
Train MSE Loss: 0.2774, Train CLS Loss: 0.0000, Train MCLS Loss: 0.0000
Protein Cluster Region Loss - Ortho Loss: 0.0000, Cluster Loss: 0.0000
                              
Validation Results: {
    "ci": 0.8221,
    "classification_loss": 0.0,
    "cluster_loss": 0.0,
    "mae": 0.5209,
    "mse": 0.5672,
    "multiclassification_loss": 0.0,
    "ortho_loss": 0.0,
    "pearson": 0.8236,
    "regression_loss": 0.5655,
    "rm2": 0.67,
    "rmse": 0.7531,
    "sd": 0.7479,
    "spearman": 0.8171,
    "spectral_loss": 0.0
}
                              
Test Results: {
    "ci": 0.8224,
    "classification_loss": 0.0,
    "cluster_loss": 0.0,
    "mae": 0.5273,
    "mse": 0.5786,
    "multiclassification_loss": 0.0,
    "ortho_loss": 0.0,
    "pearson": 0.816,
    "regression_loss": 0.5782,
    "rm2": 0.6585,
    "rmse": 0.7607,
    "sd": 0.749,
    "spearman": 0.8205,
    "spectral_loss": 0.0
}
                              
                              
----------------------------------------
Epoch 046 with LR 0.000100: Model Results
----------------------------------------
Train MSE Loss: 0.2755, Train CLS Loss: 0.0000, Train MCLS Loss: 0.0000
Protein Cluster Region Loss - Ortho Loss: 0.0000, Cluster Loss: 0.0000
                              
Validation Results: {
    "ci": 0.8209,
    "classification_loss": 0.0,
    "cluster_loss": 0.0,
    "mae": 0.5253,
    "mse": 0.5777,
    "multiclassification_loss": 0.0,
    "ortho_loss": 0.0,
    "pearson": 0.8199,
    "regression_loss": 0.5752,
    "rm2": 0.6355,
    "rmse": 0.7601,
    "sd": 0.7548,
    "spearman": 0.8139,
    "spectral_loss": 0.0
}
                              
Test Results: {
    "ci": 0.8224,
    "classification_loss": 0.0,
    "cluster_loss": 0.0,
    "mae": 0.5273,
    "mse": 0.5786,
    "multiclassification_loss": 0.0,
    "ortho_loss": 0.0,
    "pearson": 0.816,
    "regression_loss": 0.5782,
    "rm2": 0.6585,
    "rmse": 0.7607,
    "sd": 0.749,
    "spearman": 0.8205,
    "spectral_loss": 0.0
}
                              
                              
----------------------------------------
Epoch 047 with LR 0.000100: Model Results
----------------------------------------
Train MSE Loss: 0.2709, Train CLS Loss: 0.0000, Train MCLS Loss: 0.0000
Protein Cluster Region Loss - Ortho Loss: 0.0000, Cluster Loss: 0.0000
                              
Validation Results: {
    "ci": 0.8251,
    "classification_loss": 0.0,
    "cluster_loss": 0.0,
    "mae": 0.5167,
    "mse": 0.5396,
    "multiclassification_loss": 0.0,
    "ortho_loss": 0.0,
    "pearson": 0.8319,
    "regression_loss": 0.5372,
    "rm2": 0.6547,
    "rmse": 0.7346,
    "sd": 0.7317,
    "spearman": 0.8249,
    "spectral_loss": 0.0
}
                              
Test Results: {
    "ci": 0.8247,
    "classification_loss": 0.0,
    "cluster_loss": 0.0,
    "mae": 0.518,
    "mse": 0.5612,
    "multiclassification_loss": 0.0,
    "ortho_loss": 0.0,
    "pearson": 0.8185,
    "regression_loss": 0.5609,
    "rm2": 0.6286,
    "rmse": 0.7491,
    "sd": 0.7443,
    "spearman": 0.8229,
    "spectral_loss": 0.0
}
                              
                              
----------------------------------------
Epoch 048 with LR 0.000100: Model Results
----------------------------------------
Train MSE Loss: 0.2670, Train CLS Loss: 0.0000, Train MCLS Loss: 0.0000
Protein Cluster Region Loss - Ortho Loss: 0.0000, Cluster Loss: 0.0000
                              
Validation Results: {
    "ci": 0.8212,
    "classification_loss": 0.0,
    "cluster_loss": 0.0,
    "mae": 0.522,
    "mse": 0.5648,
    "multiclassification_loss": 0.0,
    "ortho_loss": 0.0,
    "pearson": 0.824,
    "regression_loss": 0.5625,
    "rm2": 0.6609,
    "rmse": 0.7515,
    "sd": 0.7471,
    "spearman": 0.8152,
    "spectral_loss": 0.0
}
                              
Test Results: {
    "ci": 0.8247,
    "classification_loss": 0.0,
    "cluster_loss": 0.0,
    "mae": 0.518,
    "mse": 0.5612,
    "multiclassification_loss": 0.0,
    "ortho_loss": 0.0,
    "pearson": 0.8185,
    "regression_loss": 0.5609,
    "rm2": 0.6286,
    "rmse": 0.7491,
    "sd": 0.7443,
    "spearman": 0.8229,
    "spectral_loss": 0.0
}
                              
                              
----------------------------------------
Epoch 049 with LR 0.000100: Model Results
----------------------------------------
Train MSE Loss: 0.2648, Train CLS Loss: 0.0000, Train MCLS Loss: 0.0000
Protein Cluster Region Loss - Ortho Loss: 0.0000, Cluster Loss: 0.0000
                              
Validation Results: {
    "ci": 0.8263,
    "classification_loss": 0.0,
    "cluster_loss": 0.0,
    "mae": 0.508,
    "mse": 0.5342,
    "multiclassification_loss": 0.0,
    "ortho_loss": 0.0,
    "pearson": 0.8342,
    "regression_loss": 0.5319,
    "rm2": 0.6873,
    "rmse": 0.7309,
    "sd": 0.7272,
    "spearman": 0.8255,
    "spectral_loss": 0.0
}
                              
Test Results: {
    "ci": 0.8251,
    "classification_loss": 0.0,
    "cluster_loss": 0.0,
    "mae": 0.5144,
    "mse": 0.5577,
    "multiclassification_loss": 0.0,
    "ortho_loss": 0.0,
    "pearson": 0.8205,
    "regression_loss": 0.5572,
    "rm2": 0.6576,
    "rmse": 0.7468,
    "sd": 0.7406,
    "spearman": 0.8234,
    "spectral_loss": 0.0
}
                              
                              
----------------------------------------
Epoch 050 with LR 0.000100: Model Results
----------------------------------------
Train MSE Loss: 0.2612, Train CLS Loss: 0.0000, Train MCLS Loss: 0.0000
Protein Cluster Region Loss - Ortho Loss: 0.0000, Cluster Loss: 0.0000
                              
Validation Results: {
    "ci": 0.8225,
    "classification_loss": 0.0,
    "cluster_loss": 0.0,
    "mae": 0.5208,
    "mse": 0.5679,
    "multiclassification_loss": 0.0,
    "ortho_loss": 0.0,
    "pearson": 0.8252,
    "regression_loss": 0.5655,
    "rm2": 0.6792,
    "rmse": 0.7536,
    "sd": 0.7447,
    "spearman": 0.8178,
    "spectral_loss": 0.0
}
                              
Test Results: {
    "ci": 0.8251,
    "classification_loss": 0.0,
    "cluster_loss": 0.0,
    "mae": 0.5144,
    "mse": 0.5577,
    "multiclassification_loss": 0.0,
    "ortho_loss": 0.0,
    "pearson": 0.8205,
    "regression_loss": 0.5572,
    "rm2": 0.6576,
    "rmse": 0.7468,
    "sd": 0.7406,
    "spearman": 0.8234,
    "spectral_loss": 0.0
}
                              
                              
----------------------------------------
Epoch 051 with LR 0.000100: Model Results
----------------------------------------
Train MSE Loss: 0.2579, Train CLS Loss: 0.0000, Train MCLS Loss: 0.0000
Protein Cluster Region Loss - Ortho Loss: 0.0000, Cluster Loss: 0.0000
                              
Validation Results: {
    "ci": 0.8214,
    "classification_loss": 0.0,
    "cluster_loss": 0.0,
    "mae": 0.5229,
    "mse": 0.5826,
    "multiclassification_loss": 0.0,
    "ortho_loss": 0.0,
    "pearson": 0.8219,
    "regression_loss": 0.5803,
    "rm2": 0.673,
    "rmse": 0.7633,
    "sd": 0.7512,
    "spearman": 0.8144,
    "spectral_loss": 0.0
}
                              
Test Results: {
    "ci": 0.8251,
    "classification_loss": 0.0,
    "cluster_loss": 0.0,
    "mae": 0.5144,
    "mse": 0.5577,
    "multiclassification_loss": 0.0,
    "ortho_loss": 0.0,
    "pearson": 0.8205,
    "regression_loss": 0.5572,
    "rm2": 0.6576,
    "rmse": 0.7468,
    "sd": 0.7406,
    "spearman": 0.8234,
    "spectral_loss": 0.0
}
                              
                              
----------------------------------------
Epoch 052 with LR 0.000100: Model Results
----------------------------------------
Train MSE Loss: 0.2556, Train CLS Loss: 0.0000, Train MCLS Loss: 0.0000
Protein Cluster Region Loss - Ortho Loss: 0.0000, Cluster Loss: 0.0000
                              
Validation Results: {
    "ci": 0.8219,
    "classification_loss": 0.0,
    "cluster_loss": 0.0,
    "mae": 0.5227,
    "mse": 0.5775,
    "multiclassification_loss": 0.0,
    "ortho_loss": 0.0,
    "pearson": 0.8235,
    "regression_loss": 0.5754,
    "rm2": 0.6531,
    "rmse": 0.7599,
    "sd": 0.7481,
    "spearman": 0.8162,
    "spectral_loss": 0.0
}
                              
Test Results: {
    "ci": 0.8251,
    "classification_loss": 0.0,
    "cluster_loss": 0.0,
    "mae": 0.5144,
    "mse": 0.5577,
    "multiclassification_loss": 0.0,
    "ortho_loss": 0.0,
    "pearson": 0.8205,
    "regression_loss": 0.5572,
    "rm2": 0.6576,
    "rmse": 0.7468,
    "sd": 0.7406,
    "spearman": 0.8234,
    "spectral_loss": 0.0
}
                              
                              
----------------------------------------
Epoch 053 with LR 0.000100: Model Results
----------------------------------------
Train MSE Loss: 0.2528, Train CLS Loss: 0.0000, Train MCLS Loss: 0.0000
Protein Cluster Region Loss - Ortho Loss: 0.0000, Cluster Loss: 0.0000
                              
Validation Results: {
    "ci": 0.8249,
    "classification_loss": 0.0,
    "cluster_loss": 0.0,
    "mae": 0.5124,
    "mse": 0.5474,
    "multiclassification_loss": 0.0,
    "ortho_loss": 0.0,
    "pearson": 0.8282,
    "regression_loss": 0.545,
    "rm2": 0.675,
    "rmse": 0.7399,
    "sd": 0.7391,
    "spearman": 0.8215,
    "spectral_loss": 0.0
}
                              
Test Results: {
    "ci": 0.8251,
    "classification_loss": 0.0,
    "cluster_loss": 0.0,
    "mae": 0.5144,
    "mse": 0.5577,
    "multiclassification_loss": 0.0,
    "ortho_loss": 0.0,
    "pearson": 0.8205,
    "regression_loss": 0.5572,
    "rm2": 0.6576,
    "rmse": 0.7468,
    "sd": 0.7406,
    "spearman": 0.8234,
    "spectral_loss": 0.0
}
                              
                              
----------------------------------------
Epoch 054 with LR 0.000100: Model Results
----------------------------------------
Train MSE Loss: 0.2513, Train CLS Loss: 0.0000, Train MCLS Loss: 0.0000
Protein Cluster Region Loss - Ortho Loss: 0.0000, Cluster Loss: 0.0000
                              
Validation Results: {
    "ci": 0.8279,
    "classification_loss": 0.0,
    "cluster_loss": 0.0,
    "mae": 0.5038,
    "mse": 0.5315,
    "multiclassification_loss": 0.0,
    "ortho_loss": 0.0,
    "pearson": 0.8349,
    "regression_loss": 0.5291,
    "rm2": 0.6881,
    "rmse": 0.7291,
    "sd": 0.7258,
    "spearman": 0.828,
    "spectral_loss": 0.0
}
                              
Test Results: {
    "ci": 0.8275,
    "classification_loss": 0.0,
    "cluster_loss": 0.0,
    "mae": 0.5103,
    "mse": 0.5542,
    "multiclassification_loss": 0.0,
    "ortho_loss": 0.0,
    "pearson": 0.8221,
    "regression_loss": 0.5537,
    "rm2": 0.6661,
    "rmse": 0.7445,
    "sd": 0.7376,
    "spearman": 0.8274,
    "spectral_loss": 0.0
}
                              
                              
----------------------------------------
Epoch 055 with LR 0.000100: Model Results
----------------------------------------
Train MSE Loss: 0.2458, Train CLS Loss: 0.0000, Train MCLS Loss: 0.0000
Protein Cluster Region Loss - Ortho Loss: 0.0000, Cluster Loss: 0.0000
                              
Validation Results: {
    "ci": 0.8241,
    "classification_loss": 0.0,
    "cluster_loss": 0.0,
    "mae": 0.5105,
    "mse": 0.5546,
    "multiclassification_loss": 0.0,
    "ortho_loss": 0.0,
    "pearson": 0.8281,
    "regression_loss": 0.5521,
    "rm2": 0.6808,
    "rmse": 0.7447,
    "sd": 0.7391,
    "spearman": 0.818,
    "spectral_loss": 0.0
}
                              
Test Results: {
    "ci": 0.8275,
    "classification_loss": 0.0,
    "cluster_loss": 0.0,
    "mae": 0.5103,
    "mse": 0.5542,
    "multiclassification_loss": 0.0,
    "ortho_loss": 0.0,
    "pearson": 0.8221,
    "regression_loss": 0.5537,
    "rm2": 0.6661,
    "rmse": 0.7445,
    "sd": 0.7376,
    "spearman": 0.8274,
    "spectral_loss": 0.0
}
                              
                              
----------------------------------------
Epoch 056 with LR 0.000100: Model Results
----------------------------------------
Train MSE Loss: 0.2436, Train CLS Loss: 0.0000, Train MCLS Loss: 0.0000
Protein Cluster Region Loss - Ortho Loss: 0.0000, Cluster Loss: 0.0000
                              
Validation Results: {
    "ci": 0.8241,
    "classification_loss": 0.0,
    "cluster_loss": 0.0,
    "mae": 0.512,
    "mse": 0.5487,
    "multiclassification_loss": 0.0,
    "ortho_loss": 0.0,
    "pearson": 0.8301,
    "regression_loss": 0.5463,
    "rm2": 0.676,
    "rmse": 0.7408,
    "sd": 0.7353,
    "spearman": 0.819,
    "spectral_loss": 0.0
}
                              
Test Results: {
    "ci": 0.8275,
    "classification_loss": 0.0,
    "cluster_loss": 0.0,
    "mae": 0.5103,
    "mse": 0.5542,
    "multiclassification_loss": 0.0,
    "ortho_loss": 0.0,
    "pearson": 0.8221,
    "regression_loss": 0.5537,
    "rm2": 0.6661,
    "rmse": 0.7445,
    "sd": 0.7376,
    "spearman": 0.8274,
    "spectral_loss": 0.0
}
                              
                              
----------------------------------------
Epoch 057 with LR 0.000100: Model Results
----------------------------------------
Train MSE Loss: 0.2422, Train CLS Loss: 0.0000, Train MCLS Loss: 0.0000
Protein Cluster Region Loss - Ortho Loss: 0.0000, Cluster Loss: 0.0000
                              
Validation Results: {
    "ci": 0.8222,
    "classification_loss": 0.0,
    "cluster_loss": 0.0,
    "mae": 0.5167,
    "mse": 0.5468,
    "multiclassification_loss": 0.0,
    "ortho_loss": 0.0,
    "pearson": 0.8292,
    "regression_loss": 0.5443,
    "rm2": 0.6855,
    "rmse": 0.7395,
    "sd": 0.7371,
    "spearman": 0.8174,
    "spectral_loss": 0.0
}
                              
Test Results: {
    "ci": 0.8275,
    "classification_loss": 0.0,
    "cluster_loss": 0.0,
    "mae": 0.5103,
    "mse": 0.5542,
    "multiclassification_loss": 0.0,
    "ortho_loss": 0.0,
    "pearson": 0.8221,
    "regression_loss": 0.5537,
    "rm2": 0.6661,
    "rmse": 0.7445,
    "sd": 0.7376,
    "spearman": 0.8274,
    "spectral_loss": 0.0
}
                              
                              
----------------------------------------
Epoch 058 with LR 0.000100: Model Results
----------------------------------------
Train MSE Loss: 0.2393, Train CLS Loss: 0.0000, Train MCLS Loss: 0.0000
Protein Cluster Region Loss - Ortho Loss: 0.0000, Cluster Loss: 0.0000
                              
Validation Results: {
    "ci": 0.8217,
    "classification_loss": 0.0,
    "cluster_loss": 0.0,
    "mae": 0.5238,
    "mse": 0.5797,
    "multiclassification_loss": 0.0,
    "ortho_loss": 0.0,
    "pearson": 0.8215,
    "regression_loss": 0.5773,
    "rm2": 0.6585,
    "rmse": 0.7614,
    "sd": 0.7519,
    "spearman": 0.815,
    "spectral_loss": 0.0
}
                              
Test Results: {
    "ci": 0.8275,
    "classification_loss": 0.0,
    "cluster_loss": 0.0,
    "mae": 0.5103,
    "mse": 0.5542,
    "multiclassification_loss": 0.0,
    "ortho_loss": 0.0,
    "pearson": 0.8221,
    "regression_loss": 0.5537,
    "rm2": 0.6661,
    "rmse": 0.7445,
    "sd": 0.7376,
    "spearman": 0.8274,
    "spectral_loss": 0.0
}
                              
                              
----------------------------------------
Epoch 059 with LR 0.000100: Model Results
----------------------------------------
Train MSE Loss: 0.2381, Train CLS Loss: 0.0000, Train MCLS Loss: 0.0000
Protein Cluster Region Loss - Ortho Loss: 0.0000, Cluster Loss: 0.0000
                              
Validation Results: {
    "ci": 0.8259,
    "classification_loss": 0.0,
    "cluster_loss": 0.0,
    "mae": 0.5067,
    "mse": 0.5346,
    "multiclassification_loss": 0.0,
    "ortho_loss": 0.0,
    "pearson": 0.8326,
    "regression_loss": 0.5323,
    "rm2": 0.6772,
    "rmse": 0.7311,
    "sd": 0.7303,
    "spearman": 0.8234,
    "spectral_loss": 0.0
}
                              
Test Results: {
    "ci": 0.8275,
    "classification_loss": 0.0,
    "cluster_loss": 0.0,
    "mae": 0.5103,
    "mse": 0.5542,
    "multiclassification_loss": 0.0,
    "ortho_loss": 0.0,
    "pearson": 0.8221,
    "regression_loss": 0.5537,
    "rm2": 0.6661,
    "rmse": 0.7445,
    "sd": 0.7376,
    "spearman": 0.8274,
    "spectral_loss": 0.0
}
                              
                              
----------------------------------------
Epoch 060 with LR 0.000100: Model Results
----------------------------------------
Train MSE Loss: 0.2355, Train CLS Loss: 0.0000, Train MCLS Loss: 0.0000
Protein Cluster Region Loss - Ortho Loss: 0.0000, Cluster Loss: 0.0000
                              
Validation Results: {
    "ci": 0.8246,
    "classification_loss": 0.0,
    "cluster_loss": 0.0,
    "mae": 0.5119,
    "mse": 0.5487,
    "multiclassification_loss": 0.0,
    "ortho_loss": 0.0,
    "pearson": 0.829,
    "regression_loss": 0.5469,
    "rm2": 0.685,
    "rmse": 0.7408,
    "sd": 0.7374,
    "spearman": 0.8204,
    "spectral_loss": 0.0
}
                              
Test Results: {
    "ci": 0.8275,
    "classification_loss": 0.0,
    "cluster_loss": 0.0,
    "mae": 0.5103,
    "mse": 0.5542,
    "multiclassification_loss": 0.0,
    "ortho_loss": 0.0,
    "pearson": 0.8221,
    "regression_loss": 0.5537,
    "rm2": 0.6661,
    "rmse": 0.7445,
    "sd": 0.7376,
    "spearman": 0.8274,
    "spectral_loss": 0.0
}
                              
                              
----------------------------------------
Epoch 061 with LR 0.000100: Model Results
----------------------------------------
Train MSE Loss: 0.2334, Train CLS Loss: 0.0000, Train MCLS Loss: 0.0000
Protein Cluster Region Loss - Ortho Loss: 0.0000, Cluster Loss: 0.0000
                              
Validation Results: {
    "ci": 0.8266,
    "classification_loss": 0.0,
    "cluster_loss": 0.0,
    "mae": 0.5034,
    "mse": 0.5349,
    "multiclassification_loss": 0.0,
    "ortho_loss": 0.0,
    "pearson": 0.8328,
    "regression_loss": 0.5329,
    "rm2": 0.6686,
    "rmse": 0.7314,
    "sd": 0.7299,
    "spearman": 0.8232,
    "spectral_loss": 0.0
}
                              
Test Results: {
    "ci": 0.8275,
    "classification_loss": 0.0,
    "cluster_loss": 0.0,
    "mae": 0.5103,
    "mse": 0.5542,
    "multiclassification_loss": 0.0,
    "ortho_loss": 0.0,
    "pearson": 0.8221,
    "regression_loss": 0.5537,
    "rm2": 0.6661,
    "rmse": 0.7445,
    "sd": 0.7376,
    "spearman": 0.8274,
    "spectral_loss": 0.0
}
                              
                              
----------------------------------------
Epoch 062 with LR 0.000100: Model Results
----------------------------------------
Train MSE Loss: 0.2300, Train CLS Loss: 0.0000, Train MCLS Loss: 0.0000
Protein Cluster Region Loss - Ortho Loss: 0.0000, Cluster Loss: 0.0000
                              
Validation Results: {
    "ci": 0.8251,
    "classification_loss": 0.0,
    "cluster_loss": 0.0,
    "mae": 0.5102,
    "mse": 0.5521,
    "multiclassification_loss": 0.0,
    "ortho_loss": 0.0,
    "pearson": 0.8306,
    "regression_loss": 0.5505,
    "rm2": 0.6856,
    "rmse": 0.743,
    "sd": 0.7344,
    "spearman": 0.8213,
    "spectral_loss": 0.0
}
                              
Test Results: {
    "ci": 0.8275,
    "classification_loss": 0.0,
    "cluster_loss": 0.0,
    "mae": 0.5103,
    "mse": 0.5542,
    "multiclassification_loss": 0.0,
    "ortho_loss": 0.0,
    "pearson": 0.8221,
    "regression_loss": 0.5537,
    "rm2": 0.6661,
    "rmse": 0.7445,
    "sd": 0.7376,
    "spearman": 0.8274,
    "spectral_loss": 0.0
}
                              
                              
----------------------------------------
Epoch 063 with LR 0.000100: Model Results
----------------------------------------
Train MSE Loss: 0.2277, Train CLS Loss: 0.0000, Train MCLS Loss: 0.0000
Protein Cluster Region Loss - Ortho Loss: 0.0000, Cluster Loss: 0.0000
                              
Validation Results: {
    "ci": 0.824,
    "classification_loss": 0.0,
    "cluster_loss": 0.0,
    "mae": 0.5139,
    "mse": 0.5523,
    "multiclassification_loss": 0.0,
    "ortho_loss": 0.0,
    "pearson": 0.8289,
    "regression_loss": 0.5503,
    "rm2": 0.6591,
    "rmse": 0.7431,
    "sd": 0.7376,
    "spearman": 0.8191,
    "spectral_loss": 0.0
}
                              
Test Results: {
    "ci": 0.8275,
    "classification_loss": 0.0,
    "cluster_loss": 0.0,
    "mae": 0.5103,
    "mse": 0.5542,
    "multiclassification_loss": 0.0,
    "ortho_loss": 0.0,
    "pearson": 0.8221,
    "regression_loss": 0.5537,
    "rm2": 0.6661,
    "rmse": 0.7445,
    "sd": 0.7376,
    "spearman": 0.8274,
    "spectral_loss": 0.0
}
                              
                              
----------------------------------------
Epoch 064 with LR 0.000100: Model Results
----------------------------------------
Train MSE Loss: 0.2237, Train CLS Loss: 0.0000, Train MCLS Loss: 0.0000
Protein Cluster Region Loss - Ortho Loss: 0.0000, Cluster Loss: 0.0000
                              
Validation Results: {
    "ci": 0.8228,
    "classification_loss": 0.0,
    "cluster_loss": 0.0,
    "mae": 0.5175,
    "mse": 0.5703,
    "multiclassification_loss": 0.0,
    "ortho_loss": 0.0,
    "pearson": 0.8244,
    "regression_loss": 0.5684,
    "rm2": 0.6643,
    "rmse": 0.7552,
    "sd": 0.7463,
    "spearman": 0.8167,
    "spectral_loss": 0.0
}
                              
Test Results: {
    "ci": 0.8275,
    "classification_loss": 0.0,
    "cluster_loss": 0.0,
    "mae": 0.5103,
    "mse": 0.5542,
    "multiclassification_loss": 0.0,
    "ortho_loss": 0.0,
    "pearson": 0.8221,
    "regression_loss": 0.5537,
    "rm2": 0.6661,
    "rmse": 0.7445,
    "sd": 0.7376,
    "spearman": 0.8274,
    "spectral_loss": 0.0
}
                              
                              
----------------------------------------
Epoch 065 with LR 0.000100: Model Results
----------------------------------------
Train MSE Loss: 0.2222, Train CLS Loss: 0.0000, Train MCLS Loss: 0.0000
Protein Cluster Region Loss - Ortho Loss: 0.0000, Cluster Loss: 0.0000
                              
Validation Results: {
    "ci": 0.8272,
    "classification_loss": 0.0,
    "cluster_loss": 0.0,
    "mae": 0.5036,
    "mse": 0.5419,
    "multiclassification_loss": 0.0,
    "ortho_loss": 0.0,
    "pearson": 0.8317,
    "regression_loss": 0.5398,
    "rm2": 0.6908,
    "rmse": 0.7361,
    "sd": 0.7322,
    "spearman": 0.8246,
    "spectral_loss": 0.0
}
                              
Test Results: {
    "ci": 0.8275,
    "classification_loss": 0.0,
    "cluster_loss": 0.0,
    "mae": 0.5103,
    "mse": 0.5542,
    "multiclassification_loss": 0.0,
    "ortho_loss": 0.0,
    "pearson": 0.8221,
    "regression_loss": 0.5537,
    "rm2": 0.6661,
    "rmse": 0.7445,
    "sd": 0.7376,
    "spearman": 0.8274,
    "spectral_loss": 0.0
}
                              
                              
----------------------------------------
Epoch 066 with LR 0.000100: Model Results
----------------------------------------
Train MSE Loss: 0.2187, Train CLS Loss: 0.0000, Train MCLS Loss: 0.0000
Protein Cluster Region Loss - Ortho Loss: 0.0000, Cluster Loss: 0.0000
                              
Validation Results: {
    "ci": 0.8272,
    "classification_loss": 0.0,
    "cluster_loss": 0.0,
    "mae": 0.5057,
    "mse": 0.5327,
    "multiclassification_loss": 0.0,
    "ortho_loss": 0.0,
    "pearson": 0.8362,
    "regression_loss": 0.5307,
    "rm2": 0.6499,
    "rmse": 0.7299,
    "sd": 0.7231,
    "spearman": 0.8242,
    "spectral_loss": 0.0
}
                              
Test Results: {
    "ci": 0.8275,
    "classification_loss": 0.0,
    "cluster_loss": 0.0,
    "mae": 0.5103,
    "mse": 0.5542,
    "multiclassification_loss": 0.0,
    "ortho_loss": 0.0,
    "pearson": 0.8221,
    "regression_loss": 0.5537,
    "rm2": 0.6661,
    "rmse": 0.7445,
    "sd": 0.7376,
    "spearman": 0.8274,
    "spectral_loss": 0.0
}
                              
                              
----------------------------------------
Epoch 067 with LR 0.000100: Model Results
----------------------------------------
Train MSE Loss: 0.2165, Train CLS Loss: 0.0000, Train MCLS Loss: 0.0000
Protein Cluster Region Loss - Ortho Loss: 0.0000, Cluster Loss: 0.0000
                              
Validation Results: {
    "ci": 0.8274,
    "classification_loss": 0.0,
    "cluster_loss": 0.0,
    "mae": 0.502,
    "mse": 0.534,
    "multiclassification_loss": 0.0,
    "ortho_loss": 0.0,
    "pearson": 0.833,
    "regression_loss": 0.5317,
    "rm2": 0.6707,
    "rmse": 0.7308,
    "sd": 0.7296,
    "spearman": 0.8246,
    "spectral_loss": 0.0
}
                              
Test Results: {
    "ci": 0.8275,
    "classification_loss": 0.0,
    "cluster_loss": 0.0,
    "mae": 0.5103,
    "mse": 0.5542,
    "multiclassification_loss": 0.0,
    "ortho_loss": 0.0,
    "pearson": 0.8221,
    "regression_loss": 0.5537,
    "rm2": 0.6661,
    "rmse": 0.7445,
    "sd": 0.7376,
    "spearman": 0.8274,
    "spectral_loss": 0.0
}
                              
                              
----------------------------------------
Epoch 068 with LR 0.000100: Model Results
----------------------------------------
Train MSE Loss: 0.2145, Train CLS Loss: 0.0000, Train MCLS Loss: 0.0000
Protein Cluster Region Loss - Ortho Loss: 0.0000, Cluster Loss: 0.0000
                              
Validation Results: {
    "ci": 0.8252,
    "classification_loss": 0.0,
    "cluster_loss": 0.0,
    "mae": 0.5135,
    "mse": 0.5589,
    "multiclassification_loss": 0.0,
    "ortho_loss": 0.0,
    "pearson": 0.8291,
    "regression_loss": 0.5566,
    "rm2": 0.68,
    "rmse": 0.7476,
    "sd": 0.7372,
    "spearman": 0.8222,
    "spectral_loss": 0.0
}
                              
Test Results: {
    "ci": 0.8275,
    "classification_loss": 0.0,
    "cluster_loss": 0.0,
    "mae": 0.5103,
    "mse": 0.5542,
    "multiclassification_loss": 0.0,
    "ortho_loss": 0.0,
    "pearson": 0.8221,
    "regression_loss": 0.5537,
    "rm2": 0.6661,
    "rmse": 0.7445,
    "sd": 0.7376,
    "spearman": 0.8274,
    "spectral_loss": 0.0
}
                              
                              
----------------------------------------
Epoch 069 with LR 0.000100: Model Results
----------------------------------------
Train MSE Loss: 0.2128, Train CLS Loss: 0.0000, Train MCLS Loss: 0.0000
Protein Cluster Region Loss - Ortho Loss: 0.0000, Cluster Loss: 0.0000
                              
Validation Results: {
    "ci": 0.8299,
    "classification_loss": 0.0,
    "cluster_loss": 0.0,
    "mae": 0.494,
    "mse": 0.532,
    "multiclassification_loss": 0.0,
    "ortho_loss": 0.0,
    "pearson": 0.8358,
    "regression_loss": 0.5297,
    "rm2": 0.6971,
    "rmse": 0.7294,
    "sd": 0.7241,
    "spearman": 0.8282,
    "spectral_loss": 0.0
}
                              
Test Results: {
    "ci": 0.8275,
    "classification_loss": 0.0,
    "cluster_loss": 0.0,
    "mae": 0.5103,
    "mse": 0.5542,
    "multiclassification_loss": 0.0,
    "ortho_loss": 0.0,
    "pearson": 0.8221,
    "regression_loss": 0.5537,
    "rm2": 0.6661,
    "rmse": 0.7445,
    "sd": 0.7376,
    "spearman": 0.8274,
    "spectral_loss": 0.0
}
                              
                              
----------------------------------------
Epoch 070 with LR 0.000100: Model Results
----------------------------------------
Train MSE Loss: 0.2107, Train CLS Loss: 0.0000, Train MCLS Loss: 0.0000
Protein Cluster Region Loss - Ortho Loss: 0.0000, Cluster Loss: 0.0000
                              
Validation Results: {
    "ci": 0.8293,
    "classification_loss": 0.0,
    "cluster_loss": 0.0,
    "mae": 0.496,
    "mse": 0.5281,
    "multiclassification_loss": 0.0,
    "ortho_loss": 0.0,
    "pearson": 0.8362,
    "regression_loss": 0.5258,
    "rm2": 0.6974,
    "rmse": 0.7267,
    "sd": 0.7231,
    "spearman": 0.828,
    "spectral_loss": 0.0
}
                              
Test Results: {
    "ci": 0.8315,
    "classification_loss": 0.0,
    "cluster_loss": 0.0,
    "mae": 0.492,
    "mse": 0.537,
    "multiclassification_loss": 0.0,
    "ortho_loss": 0.0,
    "pearson": 0.8278,
    "regression_loss": 0.5364,
    "rm2": 0.6797,
    "rmse": 0.7328,
    "sd": 0.7268,
    "spearman": 0.8313,
    "spectral_loss": 0.0
}
                              
                              
----------------------------------------
Epoch 071 with LR 0.000100: Model Results
----------------------------------------
Train MSE Loss: 0.2095, Train CLS Loss: 0.0000, Train MCLS Loss: 0.0000
Protein Cluster Region Loss - Ortho Loss: 0.0000, Cluster Loss: 0.0000
                              
Validation Results: {
    "ci": 0.8261,
    "classification_loss": 0.0,
    "cluster_loss": 0.0,
    "mae": 0.5058,
    "mse": 0.5482,
    "multiclassification_loss": 0.0,
    "ortho_loss": 0.0,
    "pearson": 0.8318,
    "regression_loss": 0.546,
    "rm2": 0.6832,
    "rmse": 0.7404,
    "sd": 0.7319,
    "spearman": 0.8213,
    "spectral_loss": 0.0
}
                              
Test Results: {
    "ci": 0.8315,
    "classification_loss": 0.0,
    "cluster_loss": 0.0,
    "mae": 0.492,
    "mse": 0.537,
    "multiclassification_loss": 0.0,
    "ortho_loss": 0.0,
    "pearson": 0.8278,
    "regression_loss": 0.5364,
    "rm2": 0.6797,
    "rmse": 0.7328,
    "sd": 0.7268,
    "spearman": 0.8313,
    "spectral_loss": 0.0
}
                              
                              
----------------------------------------
Epoch 072 with LR 0.000100: Model Results
----------------------------------------
Train MSE Loss: 0.2069, Train CLS Loss: 0.0000, Train MCLS Loss: 0.0000
Protein Cluster Region Loss - Ortho Loss: 0.0000, Cluster Loss: 0.0000
                              
Validation Results: {
    "ci": 0.8296,
    "classification_loss": 0.0,
    "cluster_loss": 0.0,
    "mae": 0.4977,
    "mse": 0.5186,
    "multiclassification_loss": 0.0,
    "ortho_loss": 0.0,
    "pearson": 0.8393,
    "regression_loss": 0.5163,
    "rm2": 0.6674,
    "rmse": 0.7201,
    "sd": 0.7169,
    "spearman": 0.8296,
    "spectral_loss": 0.0
}
                              
Test Results: {
    "ci": 0.8316,
    "classification_loss": 0.0,
    "cluster_loss": 0.0,
    "mae": 0.4957,
    "mse": 0.5308,
    "multiclassification_loss": 0.0,
    "ortho_loss": 0.0,
    "pearson": 0.8304,
    "regression_loss": 0.5303,
    "rm2": 0.6429,
    "rmse": 0.7286,
    "sd": 0.7218,
    "spearman": 0.8337,
    "spectral_loss": 0.0
}
                              
                              
----------------------------------------
Epoch 073 with LR 0.000100: Model Results
----------------------------------------
Train MSE Loss: 0.2043, Train CLS Loss: 0.0000, Train MCLS Loss: 0.0000
Protein Cluster Region Loss - Ortho Loss: 0.0000, Cluster Loss: 0.0000
                              
Validation Results: {
    "ci": 0.8296,
    "classification_loss": 0.0,
    "cluster_loss": 0.0,
    "mae": 0.4951,
    "mse": 0.5323,
    "multiclassification_loss": 0.0,
    "ortho_loss": 0.0,
    "pearson": 0.836,
    "regression_loss": 0.5298,
    "rm2": 0.6742,
    "rmse": 0.7296,
    "sd": 0.7235,
    "spearman": 0.8275,
    "spectral_loss": 0.0
}
                              
Test Results: {
    "ci": 0.8316,
    "classification_loss": 0.0,
    "cluster_loss": 0.0,
    "mae": 0.4957,
    "mse": 0.5308,
    "multiclassification_loss": 0.0,
    "ortho_loss": 0.0,
    "pearson": 0.8304,
    "regression_loss": 0.5303,
    "rm2": 0.6429,
    "rmse": 0.7286,
    "sd": 0.7218,
    "spearman": 0.8337,
    "spectral_loss": 0.0
}
                              
                              
----------------------------------------
Epoch 074 with LR 0.000100: Model Results
----------------------------------------
Train MSE Loss: 0.2026, Train CLS Loss: 0.0000, Train MCLS Loss: 0.0000
Protein Cluster Region Loss - Ortho Loss: 0.0000, Cluster Loss: 0.0000
                              
Validation Results: {
    "ci": 0.829,
    "classification_loss": 0.0,
    "cluster_loss": 0.0,
    "mae": 0.4982,
    "mse": 0.5501,
    "multiclassification_loss": 0.0,
    "ortho_loss": 0.0,
    "pearson": 0.8314,
    "regression_loss": 0.548,
    "rm2": 0.6878,
    "rmse": 0.7417,
    "sd": 0.7328,
    "spearman": 0.8249,
    "spectral_loss": 0.0
}
                              
Test Results: {
    "ci": 0.8316,
    "classification_loss": 0.0,
    "cluster_loss": 0.0,
    "mae": 0.4957,
    "mse": 0.5308,
    "multiclassification_loss": 0.0,
    "ortho_loss": 0.0,
    "pearson": 0.8304,
    "regression_loss": 0.5303,
    "rm2": 0.6429,
    "rmse": 0.7286,
    "sd": 0.7218,
    "spearman": 0.8337,
    "spectral_loss": 0.0
}
                              
                              
----------------------------------------
Epoch 075 with LR 0.000100: Model Results
----------------------------------------
Train MSE Loss: 0.2001, Train CLS Loss: 0.0000, Train MCLS Loss: 0.0000
Protein Cluster Region Loss - Ortho Loss: 0.0000, Cluster Loss: 0.0000
                              
Validation Results: {
    "ci": 0.8289,
    "classification_loss": 0.0,
    "cluster_loss": 0.0,
    "mae": 0.498,
    "mse": 0.5439,
    "multiclassification_loss": 0.0,
    "ortho_loss": 0.0,
    "pearson": 0.8327,
    "regression_loss": 0.5422,
    "rm2": 0.6667,
    "rmse": 0.7375,
    "sd": 0.7301,
    "spearman": 0.8242,
    "spectral_loss": 0.0
}
                              
Test Results: {
    "ci": 0.8316,
    "classification_loss": 0.0,
    "cluster_loss": 0.0,
    "mae": 0.4957,
    "mse": 0.5308,
    "multiclassification_loss": 0.0,
    "ortho_loss": 0.0,
    "pearson": 0.8304,
    "regression_loss": 0.5303,
    "rm2": 0.6429,
    "rmse": 0.7286,
    "sd": 0.7218,
    "spearman": 0.8337,
    "spectral_loss": 0.0
}
                              
                              
----------------------------------------
Epoch 076 with LR 0.000100: Model Results
----------------------------------------
Train MSE Loss: 0.1971, Train CLS Loss: 0.0000, Train MCLS Loss: 0.0000
Protein Cluster Region Loss - Ortho Loss: 0.0000, Cluster Loss: 0.0000
                              
Validation Results: {
    "ci": 0.8291,
    "classification_loss": 0.0,
    "cluster_loss": 0.0,
    "mae": 0.5018,
    "mse": 0.5342,
    "multiclassification_loss": 0.0,
    "ortho_loss": 0.0,
    "pearson": 0.8363,
    "regression_loss": 0.5323,
    "rm2": 0.6567,
    "rmse": 0.7309,
    "sd": 0.723,
    "spearman": 0.8275,
    "spectral_loss": 0.0
}
                              
Test Results: {
    "ci": 0.8316,
    "classification_loss": 0.0,
    "cluster_loss": 0.0,
    "mae": 0.4957,
    "mse": 0.5308,
    "multiclassification_loss": 0.0,
    "ortho_loss": 0.0,
    "pearson": 0.8304,
    "regression_loss": 0.5303,
    "rm2": 0.6429,
    "rmse": 0.7286,
    "sd": 0.7218,
    "spearman": 0.8337,
    "spectral_loss": 0.0
}
                              
                              
----------------------------------------
Epoch 077 with LR 0.000100: Model Results
----------------------------------------
Train MSE Loss: 0.1970, Train CLS Loss: 0.0000, Train MCLS Loss: 0.0000
Protein Cluster Region Loss - Ortho Loss: 0.0000, Cluster Loss: 0.0000
                              
Validation Results: {
    "ci": 0.8296,
    "classification_loss": 0.0,
    "cluster_loss": 0.0,
    "mae": 0.4982,
    "mse": 0.5374,
    "multiclassification_loss": 0.0,
    "ortho_loss": 0.0,
    "pearson": 0.836,
    "regression_loss": 0.5355,
    "rm2": 0.6921,
    "rmse": 0.7331,
    "sd": 0.7235,
    "spearman": 0.8276,
    "spectral_loss": 0.0
}
                              
Test Results: {
    "ci": 0.8316,
    "classification_loss": 0.0,
    "cluster_loss": 0.0,
    "mae": 0.4957,
    "mse": 0.5308,
    "multiclassification_loss": 0.0,
    "ortho_loss": 0.0,
    "pearson": 0.8304,
    "regression_loss": 0.5303,
    "rm2": 0.6429,
    "rmse": 0.7286,
    "sd": 0.7218,
    "spearman": 0.8337,
    "spectral_loss": 0.0
}
                              
                              
----------------------------------------
Epoch 078 with LR 0.000100: Model Results
----------------------------------------
Train MSE Loss: 0.1950, Train CLS Loss: 0.0000, Train MCLS Loss: 0.0000
Protein Cluster Region Loss - Ortho Loss: 0.0000, Cluster Loss: 0.0000
                              
Validation Results: {
    "ci": 0.8317,
    "classification_loss": 0.0,
    "cluster_loss": 0.0,
    "mae": 0.4898,
    "mse": 0.5222,
    "multiclassification_loss": 0.0,
    "ortho_loss": 0.0,
    "pearson": 0.8394,
    "regression_loss": 0.5205,
    "rm2": 0.6995,
    "rmse": 0.7226,
    "sd": 0.7167,
    "spearman": 0.8318,
    "spectral_loss": 0.0
}
                              
Test Results: {
    "ci": 0.8316,
    "classification_loss": 0.0,
    "cluster_loss": 0.0,
    "mae": 0.4957,
    "mse": 0.5308,
    "multiclassification_loss": 0.0,
    "ortho_loss": 0.0,
    "pearson": 0.8304,
    "regression_loss": 0.5303,
    "rm2": 0.6429,
    "rmse": 0.7286,
    "sd": 0.7218,
    "spearman": 0.8337,
    "spectral_loss": 0.0
}
                              
                              
----------------------------------------
Epoch 079 with LR 0.000100: Model Results
----------------------------------------
Train MSE Loss: 0.1926, Train CLS Loss: 0.0000, Train MCLS Loss: 0.0000
Protein Cluster Region Loss - Ortho Loss: 0.0000, Cluster Loss: 0.0000
                              
Validation Results: {
    "ci": 0.8307,
    "classification_loss": 0.0,
    "cluster_loss": 0.0,
    "mae": 0.4945,
    "mse": 0.5287,
    "multiclassification_loss": 0.0,
    "ortho_loss": 0.0,
    "pearson": 0.8374,
    "regression_loss": 0.5263,
    "rm2": 0.6763,
    "rmse": 0.7271,
    "sd": 0.7208,
    "spearman": 0.8294,
    "spectral_loss": 0.0
}
                              
Test Results: {
    "ci": 0.8316,
    "classification_loss": 0.0,
    "cluster_loss": 0.0,
    "mae": 0.4957,
    "mse": 0.5308,
    "multiclassification_loss": 0.0,
    "ortho_loss": 0.0,
    "pearson": 0.8304,
    "regression_loss": 0.5303,
    "rm2": 0.6429,
    "rmse": 0.7286,
    "sd": 0.7218,
    "spearman": 0.8337,
    "spectral_loss": 0.0
}
                              
                              
----------------------------------------
Epoch 080 with LR 0.000100: Model Results
----------------------------------------
Train MSE Loss: 0.1909, Train CLS Loss: 0.0000, Train MCLS Loss: 0.0000
Protein Cluster Region Loss - Ortho Loss: 0.0000, Cluster Loss: 0.0000
                              
Validation Results: {
    "ci": 0.8312,
    "classification_loss": 0.0,
    "cluster_loss": 0.0,
    "mae": 0.4886,
    "mse": 0.5203,
    "multiclassification_loss": 0.0,
    "ortho_loss": 0.0,
    "pearson": 0.8397,
    "regression_loss": 0.5179,
    "rm2": 0.6954,
    "rmse": 0.7213,
    "sd": 0.7162,
    "spearman": 0.8304,
    "spectral_loss": 0.0
}
                              
Test Results: {
    "ci": 0.8316,
    "classification_loss": 0.0,
    "cluster_loss": 0.0,
    "mae": 0.4957,
    "mse": 0.5308,
    "multiclassification_loss": 0.0,
    "ortho_loss": 0.0,
    "pearson": 0.8304,
    "regression_loss": 0.5303,
    "rm2": 0.6429,
    "rmse": 0.7286,
    "sd": 0.7218,
    "spearman": 0.8337,
    "spectral_loss": 0.0
}
                              
                              
----------------------------------------
Epoch 081 with LR 0.000100: Model Results
----------------------------------------
Train MSE Loss: 0.1899, Train CLS Loss: 0.0000, Train MCLS Loss: 0.0000
Protein Cluster Region Loss - Ortho Loss: 0.0000, Cluster Loss: 0.0000
                              
Validation Results: {
    "ci": 0.8307,
    "classification_loss": 0.0,
    "cluster_loss": 0.0,
    "mae": 0.4926,
    "mse": 0.5349,
    "multiclassification_loss": 0.0,
    "ortho_loss": 0.0,
    "pearson": 0.8357,
    "regression_loss": 0.5324,
    "rm2": 0.6909,
    "rmse": 0.7314,
    "sd": 0.7242,
    "spearman": 0.8285,
    "spectral_loss": 0.0
}
                              
Test Results: {
    "ci": 0.8316,
    "classification_loss": 0.0,
    "cluster_loss": 0.0,
    "mae": 0.4957,
    "mse": 0.5308,
    "multiclassification_loss": 0.0,
    "ortho_loss": 0.0,
    "pearson": 0.8304,
    "regression_loss": 0.5303,
    "rm2": 0.6429,
    "rmse": 0.7286,
    "sd": 0.7218,
    "spearman": 0.8337,
    "spectral_loss": 0.0
}
                              
                              
----------------------------------------
Epoch 082 with LR 0.000100: Model Results
----------------------------------------
Train MSE Loss: 0.1889, Train CLS Loss: 0.0000, Train MCLS Loss: 0.0000
Protein Cluster Region Loss - Ortho Loss: 0.0000, Cluster Loss: 0.0000
                              
Validation Results: {
    "ci": 0.8326,
    "classification_loss": 0.0,
    "cluster_loss": 0.0,
    "mae": 0.4884,
    "mse": 0.5138,
    "multiclassification_loss": 0.0,
    "ortho_loss": 0.0,
    "pearson": 0.8404,
    "regression_loss": 0.512,
    "rm2": 0.6831,
    "rmse": 0.7168,
    "sd": 0.7147,
    "spearman": 0.8325,
    "spectral_loss": 0.0
}
                              
Test Results: {
    "ci": 0.8326,
    "classification_loss": 0.0,
    "cluster_loss": 0.0,
    "mae": 0.4878,
    "mse": 0.5232,
    "multiclassification_loss": 0.0,
    "ortho_loss": 0.0,
    "pearson": 0.8318,
    "regression_loss": 0.5231,
    "rm2": 0.6626,
    "rmse": 0.7233,
    "sd": 0.719,
    "spearman": 0.8333,
    "spectral_loss": 0.0
}
                              
                              
----------------------------------------
Epoch 083 with LR 0.000100: Model Results
----------------------------------------
Train MSE Loss: 0.1852, Train CLS Loss: 0.0000, Train MCLS Loss: 0.0000
Protein Cluster Region Loss - Ortho Loss: 0.0000, Cluster Loss: 0.0000
                              
Validation Results: {
    "ci": 0.8351,
    "classification_loss": 0.0,
    "cluster_loss": 0.0,
    "mae": 0.4863,
    "mse": 0.5109,
    "multiclassification_loss": 0.0,
    "ortho_loss": 0.0,
    "pearson": 0.8437,
    "regression_loss": 0.5085,
    "rm2": 0.6811,
    "rmse": 0.7148,
    "sd": 0.7079,
    "spearman": 0.838,
    "spectral_loss": 0.0
}
                              
Test Results: {
    "ci": 0.8329,
    "classification_loss": 0.0,
    "cluster_loss": 0.0,
    "mae": 0.4909,
    "mse": 0.5294,
    "multiclassification_loss": 0.0,
    "ortho_loss": 0.0,
    "pearson": 0.8321,
    "regression_loss": 0.5292,
    "rm2": 0.6627,
    "rmse": 0.7276,
    "sd": 0.7185,
    "spearman": 0.834,
    "spectral_loss": 0.0
}
                              
                              
----------------------------------------
Epoch 084 with LR 0.000100: Model Results
----------------------------------------
Train MSE Loss: 0.1838, Train CLS Loss: 0.0000, Train MCLS Loss: 0.0000
Protein Cluster Region Loss - Ortho Loss: 0.0000, Cluster Loss: 0.0000
                              
Validation Results: {
    "ci": 0.8336,
    "classification_loss": 0.0,
    "cluster_loss": 0.0,
    "mae": 0.485,
    "mse": 0.5084,
    "multiclassification_loss": 0.0,
    "ortho_loss": 0.0,
    "pearson": 0.8443,
    "regression_loss": 0.5064,
    "rm2": 0.6974,
    "rmse": 0.713,
    "sd": 0.7067,
    "spearman": 0.8346,
    "spectral_loss": 0.0
}
                              
Test Results: {
    "ci": 0.8349,
    "classification_loss": 0.0,
    "cluster_loss": 0.0,
    "mae": 0.4856,
    "mse": 0.5274,
    "multiclassification_loss": 0.0,
    "ortho_loss": 0.0,
    "pearson": 0.8339,
    "regression_loss": 0.5268,
    "rm2": 0.678,
    "rmse": 0.7262,
    "sd": 0.715,
    "spearman": 0.8374,
    "spectral_loss": 0.0
}
                              
                              
----------------------------------------
Epoch 085 with LR 0.000100: Model Results
----------------------------------------
Train MSE Loss: 0.1825, Train CLS Loss: 0.0000, Train MCLS Loss: 0.0000
Protein Cluster Region Loss - Ortho Loss: 0.0000, Cluster Loss: 0.0000
                              
Validation Results: {
    "ci": 0.8283,
    "classification_loss": 0.0,
    "cluster_loss": 0.0,
    "mae": 0.4987,
    "mse": 0.5429,
    "multiclassification_loss": 0.0,
    "ortho_loss": 0.0,
    "pearson": 0.8333,
    "regression_loss": 0.5414,
    "rm2": 0.6659,
    "rmse": 0.7368,
    "sd": 0.729,
    "spearman": 0.8237,
    "spectral_loss": 0.0
}
                              
Test Results: {
    "ci": 0.8349,
    "classification_loss": 0.0,
    "cluster_loss": 0.0,
    "mae": 0.4856,
    "mse": 0.5274,
    "multiclassification_loss": 0.0,
    "ortho_loss": 0.0,
    "pearson": 0.8339,
    "regression_loss": 0.5268,
    "rm2": 0.678,
    "rmse": 0.7262,
    "sd": 0.715,
    "spearman": 0.8374,
    "spectral_loss": 0.0
}
                              
                              
----------------------------------------
Epoch 086 with LR 0.000100: Model Results
----------------------------------------
Train MSE Loss: 0.1811, Train CLS Loss: 0.0000, Train MCLS Loss: 0.0000
Protein Cluster Region Loss - Ortho Loss: 0.0000, Cluster Loss: 0.0000
                              
Validation Results: {
    "ci": 0.8305,
    "classification_loss": 0.0,
    "cluster_loss": 0.0,
    "mae": 0.4872,
    "mse": 0.5284,
    "multiclassification_loss": 0.0,
    "ortho_loss": 0.0,
    "pearson": 0.8368,
    "regression_loss": 0.5266,
    "rm2": 0.6975,
    "rmse": 0.7269,
    "sd": 0.722,
    "spearman": 0.8266,
    "spectral_loss": 0.0
}
                              
Test Results: {
    "ci": 0.8349,
    "classification_loss": 0.0,
    "cluster_loss": 0.0,
    "mae": 0.4856,
    "mse": 0.5274,
    "multiclassification_loss": 0.0,
    "ortho_loss": 0.0,
    "pearson": 0.8339,
    "regression_loss": 0.5268,
    "rm2": 0.678,
    "rmse": 0.7262,
    "sd": 0.715,
    "spearman": 0.8374,
    "spectral_loss": 0.0
}
                              
                              
----------------------------------------
Epoch 087 with LR 0.000100: Model Results
----------------------------------------
Train MSE Loss: 0.1798, Train CLS Loss: 0.0000, Train MCLS Loss: 0.0000
Protein Cluster Region Loss - Ortho Loss: 0.0000, Cluster Loss: 0.0000
                              
Validation Results: {
    "ci": 0.8305,
    "classification_loss": 0.0,
    "cluster_loss": 0.0,
    "mae": 0.4898,
    "mse": 0.5302,
    "multiclassification_loss": 0.0,
    "ortho_loss": 0.0,
    "pearson": 0.8369,
    "regression_loss": 0.5279,
    "rm2": 0.6862,
    "rmse": 0.7281,
    "sd": 0.7218,
    "spearman": 0.8274,
    "spectral_loss": 0.0
}
                              
Test Results: {
    "ci": 0.8349,
    "classification_loss": 0.0,
    "cluster_loss": 0.0,
    "mae": 0.4856,
    "mse": 0.5274,
    "multiclassification_loss": 0.0,
    "ortho_loss": 0.0,
    "pearson": 0.8339,
    "regression_loss": 0.5268,
    "rm2": 0.678,
    "rmse": 0.7262,
    "sd": 0.715,
    "spearman": 0.8374,
    "spectral_loss": 0.0
}
                              
                              
----------------------------------------
Epoch 088 with LR 0.000100: Model Results
----------------------------------------
Train MSE Loss: 0.1785, Train CLS Loss: 0.0000, Train MCLS Loss: 0.0000
Protein Cluster Region Loss - Ortho Loss: 0.0000, Cluster Loss: 0.0000
                              
Validation Results: {
    "ci": 0.8308,
    "classification_loss": 0.0,
    "cluster_loss": 0.0,
    "mae": 0.4936,
    "mse": 0.5352,
    "multiclassification_loss": 0.0,
    "ortho_loss": 0.0,
    "pearson": 0.8364,
    "regression_loss": 0.533,
    "rm2": 0.677,
    "rmse": 0.7316,
    "sd": 0.7228,
    "spearman": 0.8281,
    "spectral_loss": 0.0
}
                              
Test Results: {
    "ci": 0.8349,
    "classification_loss": 0.0,
    "cluster_loss": 0.0,
    "mae": 0.4856,
    "mse": 0.5274,
    "multiclassification_loss": 0.0,
    "ortho_loss": 0.0,
    "pearson": 0.8339,
    "regression_loss": 0.5268,
    "rm2": 0.678,
    "rmse": 0.7262,
    "sd": 0.715,
    "spearman": 0.8374,
    "spectral_loss": 0.0
}
                              
                              
----------------------------------------
Epoch 089 with LR 0.000100: Model Results
----------------------------------------
Train MSE Loss: 0.1765, Train CLS Loss: 0.0000, Train MCLS Loss: 0.0000
Protein Cluster Region Loss - Ortho Loss: 0.0000, Cluster Loss: 0.0000
                              
Validation Results: {
    "ci": 0.8323,
    "classification_loss": 0.0,
    "cluster_loss": 0.0,
    "mae": 0.4872,
    "mse": 0.5165,
    "multiclassification_loss": 0.0,
    "ortho_loss": 0.0,
    "pearson": 0.8418,
    "regression_loss": 0.5151,
    "rm2": 0.6754,
    "rmse": 0.7187,
    "sd": 0.7118,
    "spearman": 0.8313,
    "spectral_loss": 0.0
}
                              
Test Results: {
    "ci": 0.8349,
    "classification_loss": 0.0,
    "cluster_loss": 0.0,
    "mae": 0.4856,
    "mse": 0.5274,
    "multiclassification_loss": 0.0,
    "ortho_loss": 0.0,
    "pearson": 0.8339,
    "regression_loss": 0.5268,
    "rm2": 0.678,
    "rmse": 0.7262,
    "sd": 0.715,
    "spearman": 0.8374,
    "spectral_loss": 0.0
}
                              
                              
----------------------------------------
Epoch 090 with LR 0.000100: Model Results
----------------------------------------
Train MSE Loss: 0.1750, Train CLS Loss: 0.0000, Train MCLS Loss: 0.0000
Protein Cluster Region Loss - Ortho Loss: 0.0000, Cluster Loss: 0.0000
                              
Validation Results: {
    "ci": 0.8332,
    "classification_loss": 0.0,
    "cluster_loss": 0.0,
    "mae": 0.4802,
    "mse": 0.5189,
    "multiclassification_loss": 0.0,
    "ortho_loss": 0.0,
    "pearson": 0.8398,
    "regression_loss": 0.5169,
    "rm2": 0.6994,
    "rmse": 0.7203,
    "sd": 0.7159,
    "spearman": 0.8299,
    "spectral_loss": 0.0
}
                              
Test Results: {
    "ci": 0.8349,
    "classification_loss": 0.0,
    "cluster_loss": 0.0,
    "mae": 0.4856,
    "mse": 0.5274,
    "multiclassification_loss": 0.0,
    "ortho_loss": 0.0,
    "pearson": 0.8339,
    "regression_loss": 0.5268,
    "rm2": 0.678,
    "rmse": 0.7262,
    "sd": 0.715,
    "spearman": 0.8374,
    "spectral_loss": 0.0
}
                              
                              
----------------------------------------
Epoch 091 with LR 0.000100: Model Results
----------------------------------------
Train MSE Loss: 0.1742, Train CLS Loss: 0.0000, Train MCLS Loss: 0.0000
Protein Cluster Region Loss - Ortho Loss: 0.0000, Cluster Loss: 0.0000
                              
Validation Results: {
    "ci": 0.8351,
    "classification_loss": 0.0,
    "cluster_loss": 0.0,
    "mae": 0.4751,
    "mse": 0.4952,
    "multiclassification_loss": 0.0,
    "ortho_loss": 0.0,
    "pearson": 0.8468,
    "regression_loss": 0.4936,
    "rm2": 0.7159,
    "rmse": 0.7037,
    "sd": 0.7013,
    "spearman": 0.8364,
    "spectral_loss": 0.0
}
                              
Test Results: {
    "ci": 0.8352,
    "classification_loss": 0.0,
    "cluster_loss": 0.0,
    "mae": 0.4794,
    "mse": 0.5162,
    "multiclassification_loss": 0.0,
    "ortho_loss": 0.0,
    "pearson": 0.8353,
    "regression_loss": 0.5156,
    "rm2": 0.6899,
    "rmse": 0.7185,
    "sd": 0.7123,
    "spearman": 0.8371,
    "spectral_loss": 0.0
}
                              
                              
----------------------------------------
Epoch 092 with LR 0.000100: Model Results
----------------------------------------
Train MSE Loss: 0.1720, Train CLS Loss: 0.0000, Train MCLS Loss: 0.0000
Protein Cluster Region Loss - Ortho Loss: 0.0000, Cluster Loss: 0.0000
                              
Validation Results: {
    "ci": 0.8311,
    "classification_loss": 0.0,
    "cluster_loss": 0.0,
    "mae": 0.4835,
    "mse": 0.5221,
    "multiclassification_loss": 0.0,
    "ortho_loss": 0.0,
    "pearson": 0.8384,
    "regression_loss": 0.5199,
    "rm2": 0.6989,
    "rmse": 0.7226,
    "sd": 0.7187,
    "spearman": 0.8284,
    "spectral_loss": 0.0
}
                              
Test Results: {
    "ci": 0.8352,
    "classification_loss": 0.0,
    "cluster_loss": 0.0,
    "mae": 0.4794,
    "mse": 0.5162,
    "multiclassification_loss": 0.0,
    "ortho_loss": 0.0,
    "pearson": 0.8353,
    "regression_loss": 0.5156,
    "rm2": 0.6899,
    "rmse": 0.7185,
    "sd": 0.7123,
    "spearman": 0.8371,
    "spectral_loss": 0.0
}
                              
                              
----------------------------------------
Epoch 093 with LR 0.000100: Model Results
----------------------------------------
Train MSE Loss: 0.1715, Train CLS Loss: 0.0000, Train MCLS Loss: 0.0000
Protein Cluster Region Loss - Ortho Loss: 0.0000, Cluster Loss: 0.0000
                              
Validation Results: {
    "ci": 0.8298,
    "classification_loss": 0.0,
    "cluster_loss": 0.0,
    "mae": 0.4903,
    "mse": 0.5383,
    "multiclassification_loss": 0.0,
    "ortho_loss": 0.0,
    "pearson": 0.8346,
    "regression_loss": 0.5368,
    "rm2": 0.6962,
    "rmse": 0.7337,
    "sd": 0.7263,
    "spearman": 0.8253,
    "spectral_loss": 0.0
}
                              
Test Results: {
    "ci": 0.8352,
    "classification_loss": 0.0,
    "cluster_loss": 0.0,
    "mae": 0.4794,
    "mse": 0.5162,
    "multiclassification_loss": 0.0,
    "ortho_loss": 0.0,
    "pearson": 0.8353,
    "regression_loss": 0.5156,
    "rm2": 0.6899,
    "rmse": 0.7185,
    "sd": 0.7123,
    "spearman": 0.8371,
    "spectral_loss": 0.0
}
                              
                              
----------------------------------------
Epoch 094 with LR 0.000100: Model Results
----------------------------------------
Train MSE Loss: 0.1693, Train CLS Loss: 0.0000, Train MCLS Loss: 0.0000
Protein Cluster Region Loss - Ortho Loss: 0.0000, Cluster Loss: 0.0000
                              
Validation Results: {
    "ci": 0.835,
    "classification_loss": 0.0,
    "cluster_loss": 0.0,
    "mae": 0.4768,
    "mse": 0.5063,
    "multiclassification_loss": 0.0,
    "ortho_loss": 0.0,
    "pearson": 0.8446,
    "regression_loss": 0.504,
    "rm2": 0.7065,
    "rmse": 0.7116,
    "sd": 0.7059,
    "spearman": 0.8353,
    "spectral_loss": 0.0
}
                              
Test Results: {
    "ci": 0.8352,
    "classification_loss": 0.0,
    "cluster_loss": 0.0,
    "mae": 0.4794,
    "mse": 0.5162,
    "multiclassification_loss": 0.0,
    "ortho_loss": 0.0,
    "pearson": 0.8353,
    "regression_loss": 0.5156,
    "rm2": 0.6899,
    "rmse": 0.7185,
    "sd": 0.7123,
    "spearman": 0.8371,
    "spectral_loss": 0.0
}
                              
                              
----------------------------------------
Epoch 095 with LR 0.000100: Model Results
----------------------------------------
Train MSE Loss: 0.1686, Train CLS Loss: 0.0000, Train MCLS Loss: 0.0000
Protein Cluster Region Loss - Ortho Loss: 0.0000, Cluster Loss: 0.0000
                              
Validation Results: {
    "ci": 0.8326,
    "classification_loss": 0.0,
    "cluster_loss": 0.0,
    "mae": 0.4846,
    "mse": 0.5301,
    "multiclassification_loss": 0.0,
    "ortho_loss": 0.0,
    "pearson": 0.8382,
    "regression_loss": 0.5278,
    "rm2": 0.7003,
    "rmse": 0.7281,
    "sd": 0.7192,
    "spearman": 0.8303,
    "spectral_loss": 0.0
}
                              
Test Results: {
    "ci": 0.8352,
    "classification_loss": 0.0,
    "cluster_loss": 0.0,
    "mae": 0.4794,
    "mse": 0.5162,
    "multiclassification_loss": 0.0,
    "ortho_loss": 0.0,
    "pearson": 0.8353,
    "regression_loss": 0.5156,
    "rm2": 0.6899,
    "rmse": 0.7185,
    "sd": 0.7123,
    "spearman": 0.8371,
    "spectral_loss": 0.0
}
                              
                              
----------------------------------------
Epoch 096 with LR 0.000100: Model Results
----------------------------------------
Train MSE Loss: 0.1672, Train CLS Loss: 0.0000, Train MCLS Loss: 0.0000
Protein Cluster Region Loss - Ortho Loss: 0.0000, Cluster Loss: 0.0000
                              
Validation Results: {
    "ci": 0.8338,
    "classification_loss": 0.0,
    "cluster_loss": 0.0,
    "mae": 0.4792,
    "mse": 0.5075,
    "multiclassification_loss": 0.0,
    "ortho_loss": 0.0,
    "pearson": 0.8439,
    "regression_loss": 0.5051,
    "rm2": 0.7094,
    "rmse": 0.7124,
    "sd": 0.7075,
    "spearman": 0.8328,
    "spectral_loss": 0.0
}
                              
Test Results: {
    "ci": 0.8352,
    "classification_loss": 0.0,
    "cluster_loss": 0.0,
    "mae": 0.4794,
    "mse": 0.5162,
    "multiclassification_loss": 0.0,
    "ortho_loss": 0.0,
    "pearson": 0.8353,
    "regression_loss": 0.5156,
    "rm2": 0.6899,
    "rmse": 0.7185,
    "sd": 0.7123,
    "spearman": 0.8371,
    "spectral_loss": 0.0
}
                              
                              
----------------------------------------
Epoch 097 with LR 0.000100: Model Results
----------------------------------------
Train MSE Loss: 0.1659, Train CLS Loss: 0.0000, Train MCLS Loss: 0.0000
Protein Cluster Region Loss - Ortho Loss: 0.0000, Cluster Loss: 0.0000
                              
Validation Results: {
    "ci": 0.8339,
    "classification_loss": 0.0,
    "cluster_loss": 0.0,
    "mae": 0.4828,
    "mse": 0.5206,
    "multiclassification_loss": 0.0,
    "ortho_loss": 0.0,
    "pearson": 0.8423,
    "regression_loss": 0.5182,
    "rm2": 0.685,
    "rmse": 0.7215,
    "sd": 0.7108,
    "spearman": 0.8316,
    "spectral_loss": 0.0
}
                              
Test Results: {
    "ci": 0.8352,
    "classification_loss": 0.0,
    "cluster_loss": 0.0,
    "mae": 0.4794,
    "mse": 0.5162,
    "multiclassification_loss": 0.0,
    "ortho_loss": 0.0,
    "pearson": 0.8353,
    "regression_loss": 0.5156,
    "rm2": 0.6899,
    "rmse": 0.7185,
    "sd": 0.7123,
    "spearman": 0.8371,
    "spectral_loss": 0.0
}
                              
                              
----------------------------------------
Epoch 098 with LR 0.000100: Model Results
----------------------------------------
Train MSE Loss: 0.1638, Train CLS Loss: 0.0000, Train MCLS Loss: 0.0000
Protein Cluster Region Loss - Ortho Loss: 0.0000, Cluster Loss: 0.0000
                              
Validation Results: {
    "ci": 0.8333,
    "classification_loss": 0.0,
    "cluster_loss": 0.0,
    "mae": 0.4792,
    "mse": 0.5159,
    "multiclassification_loss": 0.0,
    "ortho_loss": 0.0,
    "pearson": 0.8418,
    "regression_loss": 0.5138,
    "rm2": 0.7065,
    "rmse": 0.7183,
    "sd": 0.7118,
    "spearman": 0.8307,
    "spectral_loss": 0.0
}
                              
Test Results: {
    "ci": 0.8352,
    "classification_loss": 0.0,
    "cluster_loss": 0.0,
    "mae": 0.4794,
    "mse": 0.5162,
    "multiclassification_loss": 0.0,
    "ortho_loss": 0.0,
    "pearson": 0.8353,
    "regression_loss": 0.5156,
    "rm2": 0.6899,
    "rmse": 0.7185,
    "sd": 0.7123,
    "spearman": 0.8371,
    "spectral_loss": 0.0
}
                              
                              
----------------------------------------
Epoch 099 with LR 0.000100: Model Results
----------------------------------------
Train MSE Loss: 0.1628, Train CLS Loss: 0.0000, Train MCLS Loss: 0.0000
Protein Cluster Region Loss - Ortho Loss: 0.0000, Cluster Loss: 0.0000
                              
Validation Results: {
    "ci": 0.8336,
    "classification_loss": 0.0,
    "cluster_loss": 0.0,
    "mae": 0.4789,
    "mse": 0.5234,
    "multiclassification_loss": 0.0,
    "ortho_loss": 0.0,
    "pearson": 0.839,
    "regression_loss": 0.5214,
    "rm2": 0.7005,
    "rmse": 0.7235,
    "sd": 0.7175,
    "spearman": 0.83,
    "spectral_loss": 0.0
}
                              
Test Results: {
    "ci": 0.8352,
    "classification_loss": 0.0,
    "cluster_loss": 0.0,
    "mae": 0.4794,
    "mse": 0.5162,
    "multiclassification_loss": 0.0,
    "ortho_loss": 0.0,
    "pearson": 0.8353,
    "regression_loss": 0.5156,
    "rm2": 0.6899,
    "rmse": 0.7185,
    "sd": 0.7123,
    "spearman": 0.8371,
    "spectral_loss": 0.0
}
                              
                              
----------------------------------------
Epoch 100 with LR 0.000100: Model Results
----------------------------------------
Train MSE Loss: 0.1609, Train CLS Loss: 0.0000, Train MCLS Loss: 0.0000
Protein Cluster Region Loss - Ortho Loss: 0.0000, Cluster Loss: 0.0000
                              
Validation Results: {
    "ci": 0.8341,
    "classification_loss": 0.0,
    "cluster_loss": 0.0,
    "mae": 0.479,
    "mse": 0.5204,
    "multiclassification_loss": 0.0,
    "ortho_loss": 0.0,
    "pearson": 0.8417,
    "regression_loss": 0.518,
    "rm2": 0.6945,
    "rmse": 0.7214,
    "sd": 0.7121,
    "spearman": 0.8316,
    "spectral_loss": 0.0
}
                              
Test Results: {
    "ci": 0.8352,
    "classification_loss": 0.0,
    "cluster_loss": 0.0,
    "mae": 0.4794,
    "mse": 0.5162,
    "multiclassification_loss": 0.0,
    "ortho_loss": 0.0,
    "pearson": 0.8353,
    "regression_loss": 0.5156,
    "rm2": 0.6899,
    "rmse": 0.7185,
    "sd": 0.7123,
    "spearman": 0.8371,
    "spectral_loss": 0.0
}
[best epoch] epoch=91, best_rmse=0.7037, lr_at_best=1.000e-04
                              
                              
----------------------------------------
Epoch 100 with LR 0.000100: Model Results
----------------------------------------
Train MSE Loss: 0.1609, Train CLS Loss: 0.0000, Train MCLS Loss: 0.0000
Protein Cluster Region Loss - Ortho Loss: 0.0000, Cluster Loss: 0.0000
                              
Validation Results: {
    "ci": 0.8341,
    "classification_loss": 0.0,
    "cluster_loss": 0.0,
    "mae": 0.479,
    "mse": 0.5204,
    "multiclassification_loss": 0.0,
    "ortho_loss": 0.0,
    "pearson": 0.8417,
    "regression_loss": 0.518,
    "rm2": 0.6945,
    "rmse": 0.7214,
    "sd": 0.7121,
    "spearman": 0.8316,
    "spectral_loss": 0.0
}
                              
Test Results: {
    "ci": 0.8352,
    "classification_loss": 0.0,
    "cluster_loss": 0.0,
    "mae": 0.4794,
    "mse": 0.5162,
    "multiclassification_loss": 0.0,
    "ortho_loss": 0.0,
    "pearson": 0.8353,
    "regression_loss": 0.5156,
    "rm2": 0.6899,
    "rmse": 0.7185,
    "sd": 0.7123,
    "spearman": 0.8371,
    "spectral_loss": 0.0
}
Final test metrics: rmse=0.7185, pearson=0.8353, r2_proxy(mse)=0.5162
Done. Predictions: /sc/arion/projects/DiseaseGeneCell/Huang_lab_project/wangcDrugRepoProject/TRACE_Kin_Results_v3/EITLEM_dataset/EITLEM_km_ProteinCLIP_embedding_cold_protein/test_prediction_seed2.csv; checkpoint: /sc/arion/projects/DiseaseGeneCell/Huang_lab_project/wangcDrugRepoProject/TRACE_Kin_Results_v3/EITLEM_dataset/EITLEM_km_ProteinCLIP_embedding_cold_protein/save_model_seed2/model.pt

==========================================
Array task 2/14: OK (EITLEM_km_ProteinCLIP_embedding_cold_protein)
==========================================


PS:

Read file <242614933.2.stderr> for stderr output of this job.

