Sender: LSF System <lsfadmin@lg03e10>
Subject: Job 242614935[12]: <trace_kin_v3_s1[1-14]> in cluster <chimera> Done

Job <trace_kin_v3_s1[1-14]> was submitted from host <li04e01> by user <wangc40> in cluster <chimera> at Fri May  8 16:46:47 2026
Job was executed on host(s) <16*lg03e10>, in queue <gpu>, as user <wangc40> in cluster <chimera> at Fri May  8 16:46:53 2026
</hpc/users/wangc40> was used as the home directory.
</sc/arion/projects/DiseaseGeneCell/Huang_lab_project/wangcDrugRepoProject/TRACE-Kin> was used as the working directory.
Started at Fri May  8 16:46:53 2026
Terminated at Fri May  8 18:08:41 2026
Results reported at Fri May  8 18:08:41 2026

Your job looked like:

------------------------------------------------------------
# LSBATCH: User input
#!/bin/bash
#BSUB -J trace_kin_v3_s1[1-14]
#BSUB -P acc_DiseaseGeneCell
#BSUB -q gpu
#BSUB -R h100nvl
#BSUB -gpu num=1
#BSUB -n 16
#BSUB -R "rusage[mem=8000]"
#BSUB -R "span[hosts=1]"
#BSUB -W 48:00
#BSUB -o %J.%I.stdout
#BSUB -eo %J.%I.stderr
#BSUB -L /bin/bash

# =============================================================================
# TRACE-Kin v3 rerun — LSF job array
# =============================================================================
# Submit with:
#     bsub < training/run_v3_array.lsf
#
# Or chain off the smoke test (recommended):
#     bsub -w "done(<SMOKE_JOB_ID>)" < training/run_v3_array.lsf
#
# For the multi-seed ensemble (the paper config), submit additional seeds in
# parallel after the SEED=1 array completes (or alongside, as separate jobs):
#     SEED=2 bsub -J "trace_kin_v3_s2[1-14]" < training/run_v3_array.lsf
#     SEED=3 bsub -J "trace_kin_v3_s3[1-14]" < training/run_v3_array.lsf
# After all seeds finish, analysis/aggregate_results.py averages predictions
# across seeds before computing RMSE.
#
# LSF expands #BSUB -J trace_kin_v3[1-14] into 14 array tasks, each with a
# distinct ${LSB_JOBINDEX} in 1..14. The body looks up the per-index
# (dataset_source, dataset_name, pool_paths) tuple from the inline table below
# and invokes train_trace_kin.py with model_version=v3.
#
# The 14 tasks correspond to:
#   * 12 RF-gap targets (catalytic kinetics where v1 trails RF by 1.4%–8.7%)
#   * 2 Ki preservation guards (where v1 already wins, must not regress)
# =============================================================================

# --- Environment -------------------------------------------------------------
# Match the prologue of the proven-working PSICHIC LSFs verbatim — no
# `set -euo pipefail`. Mount Sinai's /etc/profile.d scripts return non-zero
# in places that aren't real errors, and errexit aborts the job before
# module + conda activation can complete.
ml purge
source ~/.bashrc
module load anaconda3/2024.06
source activate test
module load cuda/12.4.0

(... more ...)
------------------------------------------------------------

Successfully completed.

Resource usage summary:

    CPU time :                                   4876.00 sec.
    Max Memory :                                 6081 MB
    Average Memory :                             6049.63 MB
    Total Requested Memory :                     128000.00 MB
    Delta Memory :                               121919.00 MB
    Max Swap :                                   -
    Max Processes :                              4
    Max Threads :                                18
    Run time :                                   4908 sec.
    Turnaround time :                            4914 sec.

The output (if any) follows:

==========================================
TRACE-Kin v3 array task 12/14
==========================================
Date:        Fri May  8 16:46:56 EDT 2026
Dataset:     /sc/arion/projects/DiseaseGeneCell/Huang_lab_project/drug_discovery/output/data/enzyme_embeddings_dataset/catpred_dataset/catpred_ki_ProteinCLIP_embedding_cold_protein
Result:      /sc/arion/projects/DiseaseGeneCell/Huang_lab_project/wangcDrugRepoProject/TRACE_Kin_Results_v3/catpred_dataset/catpred_ki_ProteinCLIP_embedding_cold_protein
Config:      training/config_v3.json
Pool CSVs:   (none)
Model:       v3 (dual-head + learned gate)
Epochs:      100, batch=16, seed=1, lr=1e-4
==========================================
Python 3.12.2
Python: /sc/arion/work/wangc40/test-env/envs/test/bin/python
CUDA device: NVIDIA H100 80GB HBM3, sm_90
============================================================
TRACE-Kin training
============================================================
Datafolder:        /sc/arion/projects/DiseaseGeneCell/Huang_lab_project/drug_discovery/output/data/enzyme_embeddings_dataset/catpred_dataset/catpred_ki_ProteinCLIP_embedding_cold_protein
Result path:       /sc/arion/projects/DiseaseGeneCell/Huang_lab_project/wangcDrugRepoProject/TRACE_Kin_Results_v3/catpred_dataset/catpred_ki_ProteinCLIP_embedding_cold_protein
Config:            training/config_v3.json
Pool train CSVs:   (none)
============================================================
Loading primary train: /sc/arion/projects/DiseaseGeneCell/Huang_lab_project/drug_discovery/output/data/enzyme_embeddings_dataset/catpred_dataset/catpred_ki_ProteinCLIP_embedding_cold_protein/train.parquet
Loading primary test: /sc/arion/projects/DiseaseGeneCell/Huang_lab_project/drug_discovery/output/data/enzyme_embeddings_dataset/catpred_dataset/catpred_ki_ProteinCLIP_embedding_cold_protein/test.parquet
Loading primary val: /sc/arion/projects/DiseaseGeneCell/Huang_lab_project/drug_discovery/output/data/enzyme_embeddings_dataset/catpred_dataset/catpred_ki_ProteinCLIP_embedding_cold_protein/val.parquet
Detected prot_evo_channels = 128
seq2feat: 2829 unique sequences.
model_version: v3, use_swa: False
Building protein graphs from scratch (this can be slow)...
Building ligand graphs from scratch...
⚠️  Warning: Failed to parse SMILES: *C(=O)OCC(O)CO[PH](=O)(=O)OCC(O)COC(*)=O
   Skipping this molecule and returning None
⚠️  Skipped invalid SMILES: *C(=O)OCC(O)CO[PH](=O)(=O)OCC(O)COC(*)=O
⚠️  Warning: Skipped 1 invalid SMILES strings
WARN: dropping 1 train rows with missing protein/ligand graphs.
loaders ready: train=518 test=147 val=82
Computing PNA degrees from training data...
Built TraceKinV3 with 6,852,123 parameters
[LR schedule] schedule_lr=False, lrate=0.0001, min_lrate=0, warmup_iters=0, lr_decay_iters=51800, total_iters=51800
Not in terminal, reprint now using normal build-in print function.
                              
                              
----------------------------------------
Epoch 001 with LR 0.000100: Model Results
----------------------------------------
Train MSE Loss: 2.6207, Train CLS Loss: 0.0000, Train MCLS Loss: 0.0000
Protein Cluster Region Loss - Ortho Loss: 0.0000, Cluster Loss: 0.0000
                              
Validation Results: {
    "ci": 0.713,
    "classification_loss": 0.0,
    "cluster_loss": 0.0,
    "mae": 1.1887,
    "mse": 2.174,
    "multiclassification_loss": 0.0,
    "ortho_loss": 0.0,
    "pearson": 0.6179,
    "regression_loss": 2.1749,
    "rm2": 0.3689,
    "rmse": 1.4744,
    "sd": 1.4718,
    "spearman": 0.5992,
    "spectral_loss": 0.0
}
                              
Test Results: {
    "ci": 0.7086,
    "classification_loss": 0.0,
    "cluster_loss": 0.0,
    "mae": 1.2086,
    "mse": 2.3283,
    "multiclassification_loss": 0.0,
    "ortho_loss": 0.0,
    "pearson": 0.5883,
    "regression_loss": 2.3279,
    "rm2": 0.3396,
    "rmse": 1.5259,
    "sd": 1.5126,
    "spearman": 0.587,
    "spectral_loss": 0.0
}
                              
                              
----------------------------------------
Epoch 002 with LR 0.000100: Model Results
----------------------------------------
Train MSE Loss: 1.8067, Train CLS Loss: 0.0000, Train MCLS Loss: 0.0000
Protein Cluster Region Loss - Ortho Loss: 0.0000, Cluster Loss: 0.0000
                              
Validation Results: {
    "ci": 0.7136,
    "classification_loss": 0.0,
    "cluster_loss": 0.0,
    "mae": 1.1903,
    "mse": 2.1987,
    "multiclassification_loss": 0.0,
    "ortho_loss": 0.0,
    "pearson": 0.6189,
    "regression_loss": 2.2008,
    "rm2": 0.3514,
    "rmse": 1.4828,
    "sd": 1.4703,
    "spearman": 0.6022,
    "spectral_loss": 0.0
}
                              
Test Results: {
    "ci": 0.7086,
    "classification_loss": 0.0,
    "cluster_loss": 0.0,
    "mae": 1.2086,
    "mse": 2.3283,
    "multiclassification_loss": 0.0,
    "ortho_loss": 0.0,
    "pearson": 0.5883,
    "regression_loss": 2.3279,
    "rm2": 0.3396,
    "rmse": 1.5259,
    "sd": 1.5126,
    "spearman": 0.587,
    "spectral_loss": 0.0
}
                              
                              
----------------------------------------
Epoch 003 with LR 0.000100: Model Results
----------------------------------------
Train MSE Loss: 1.5105, Train CLS Loss: 0.0000, Train MCLS Loss: 0.0000
Protein Cluster Region Loss - Ortho Loss: 0.0000, Cluster Loss: 0.0000
                              
Validation Results: {
    "ci": 0.7206,
    "classification_loss": 0.0,
    "cluster_loss": 0.0,
    "mae": 1.1654,
    "mse": 2.127,
    "multiclassification_loss": 0.0,
    "ortho_loss": 0.0,
    "pearson": 0.6324,
    "regression_loss": 2.1271,
    "rm2": 0.3777,
    "rmse": 1.4584,
    "sd": 1.45,
    "spearman": 0.6192,
    "spectral_loss": 0.0
}
                              
Test Results: {
    "ci": 0.7099,
    "classification_loss": 0.0,
    "cluster_loss": 0.0,
    "mae": 1.1944,
    "mse": 2.3504,
    "multiclassification_loss": 0.0,
    "ortho_loss": 0.0,
    "pearson": 0.6036,
    "regression_loss": 2.3497,
    "rm2": 0.3511,
    "rmse": 1.5331,
    "sd": 1.4913,
    "spearman": 0.5863,
    "spectral_loss": 0.0
}
                              
                              
----------------------------------------
Epoch 004 with LR 0.000100: Model Results
----------------------------------------
Train MSE Loss: 1.3223, Train CLS Loss: 0.0000, Train MCLS Loss: 0.0000
Protein Cluster Region Loss - Ortho Loss: 0.0000, Cluster Loss: 0.0000
                              
Validation Results: {
    "ci": 0.7248,
    "classification_loss": 0.0,
    "cluster_loss": 0.0,
    "mae": 1.1587,
    "mse": 2.1259,
    "multiclassification_loss": 0.0,
    "ortho_loss": 0.0,
    "pearson": 0.6349,
    "regression_loss": 2.1253,
    "rm2": 0.3668,
    "rmse": 1.458,
    "sd": 1.4462,
    "spearman": 0.63,
    "spectral_loss": 0.0
}
                              
Test Results: {
    "ci": 0.7116,
    "classification_loss": 0.0,
    "cluster_loss": 0.0,
    "mae": 1.1699,
    "mse": 2.2808,
    "multiclassification_loss": 0.0,
    "ortho_loss": 0.0,
    "pearson": 0.6074,
    "regression_loss": 2.2803,
    "rm2": 0.343,
    "rmse": 1.5102,
    "sd": 1.4859,
    "spearman": 0.5896,
    "spectral_loss": 0.0
}
                              
                              
----------------------------------------
Epoch 005 with LR 0.000100: Model Results
----------------------------------------
Train MSE Loss: 1.1588, Train CLS Loss: 0.0000, Train MCLS Loss: 0.0000
Protein Cluster Region Loss - Ortho Loss: 0.0000, Cluster Loss: 0.0000
                              
Validation Results: {
    "ci": 0.7251,
    "classification_loss": 0.0,
    "cluster_loss": 0.0,
    "mae": 1.172,
    "mse": 2.1886,
    "multiclassification_loss": 0.0,
    "ortho_loss": 0.0,
    "pearson": 0.6303,
    "regression_loss": 2.19,
    "rm2": 0.3452,
    "rmse": 1.4794,
    "sd": 1.4533,
    "spearman": 0.6296,
    "spectral_loss": 0.0
}
                              
Test Results: {
    "ci": 0.7116,
    "classification_loss": 0.0,
    "cluster_loss": 0.0,
    "mae": 1.1699,
    "mse": 2.2808,
    "multiclassification_loss": 0.0,
    "ortho_loss": 0.0,
    "pearson": 0.6074,
    "regression_loss": 2.2803,
    "rm2": 0.343,
    "rmse": 1.5102,
    "sd": 1.4859,
    "spearman": 0.5896,
    "spectral_loss": 0.0
}
                              
                              
----------------------------------------
Epoch 006 with LR 0.000100: Model Results
----------------------------------------
Train MSE Loss: 1.0246, Train CLS Loss: 0.0000, Train MCLS Loss: 0.0000
Protein Cluster Region Loss - Ortho Loss: 0.0000, Cluster Loss: 0.0000
                              
Validation Results: {
    "ci": 0.7225,
    "classification_loss": 0.0,
    "cluster_loss": 0.0,
    "mae": 1.1854,
    "mse": 2.2356,
    "multiclassification_loss": 0.0,
    "ortho_loss": 0.0,
    "pearson": 0.6286,
    "regression_loss": 2.2394,
    "rm2": 0.3728,
    "rmse": 1.4952,
    "sd": 1.4558,
    "spearman": 0.623,
    "spectral_loss": 0.0
}
                              
Test Results: {
    "ci": 0.7116,
    "classification_loss": 0.0,
    "cluster_loss": 0.0,
    "mae": 1.1699,
    "mse": 2.2808,
    "multiclassification_loss": 0.0,
    "ortho_loss": 0.0,
    "pearson": 0.6074,
    "regression_loss": 2.2803,
    "rm2": 0.343,
    "rmse": 1.5102,
    "sd": 1.4859,
    "spearman": 0.5896,
    "spectral_loss": 0.0
}
                              
                              
----------------------------------------
Epoch 007 with LR 0.000100: Model Results
----------------------------------------
Train MSE Loss: 0.9268, Train CLS Loss: 0.0000, Train MCLS Loss: 0.0000
Protein Cluster Region Loss - Ortho Loss: 0.0000, Cluster Loss: 0.0000
                              
Validation Results: {
    "ci": 0.7257,
    "classification_loss": 0.0,
    "cluster_loss": 0.0,
    "mae": 1.184,
    "mse": 2.3318,
    "multiclassification_loss": 0.0,
    "ortho_loss": 0.0,
    "pearson": 0.6239,
    "regression_loss": 2.333,
    "rm2": 0.3114,
    "rmse": 1.527,
    "sd": 1.4628,
    "spearman": 0.6318,
    "spectral_loss": 0.0
}
                              
Test Results: {
    "ci": 0.7116,
    "classification_loss": 0.0,
    "cluster_loss": 0.0,
    "mae": 1.1699,
    "mse": 2.2808,
    "multiclassification_loss": 0.0,
    "ortho_loss": 0.0,
    "pearson": 0.6074,
    "regression_loss": 2.2803,
    "rm2": 0.343,
    "rmse": 1.5102,
    "sd": 1.4859,
    "spearman": 0.5896,
    "spectral_loss": 0.0
}
                              
                              
----------------------------------------
Epoch 008 with LR 0.000100: Model Results
----------------------------------------
Train MSE Loss: 0.8566, Train CLS Loss: 0.0000, Train MCLS Loss: 0.0000
Protein Cluster Region Loss - Ortho Loss: 0.0000, Cluster Loss: 0.0000
                              
Validation Results: {
    "ci": 0.7245,
    "classification_loss": 0.0,
    "cluster_loss": 0.0,
    "mae": 1.1716,
    "mse": 2.2593,
    "multiclassification_loss": 0.0,
    "ortho_loss": 0.0,
    "pearson": 0.6282,
    "regression_loss": 2.2621,
    "rm2": 0.3315,
    "rmse": 1.5031,
    "sd": 1.4563,
    "spearman": 0.6275,
    "spectral_loss": 0.0
}
                              
Test Results: {
    "ci": 0.7116,
    "classification_loss": 0.0,
    "cluster_loss": 0.0,
    "mae": 1.1699,
    "mse": 2.2808,
    "multiclassification_loss": 0.0,
    "ortho_loss": 0.0,
    "pearson": 0.6074,
    "regression_loss": 2.2803,
    "rm2": 0.343,
    "rmse": 1.5102,
    "sd": 1.4859,
    "spearman": 0.5896,
    "spectral_loss": 0.0
}
                              
                              
----------------------------------------
Epoch 009 with LR 0.000100: Model Results
----------------------------------------
Train MSE Loss: 0.7940, Train CLS Loss: 0.0000, Train MCLS Loss: 0.0000
Protein Cluster Region Loss - Ortho Loss: 0.0000, Cluster Loss: 0.0000
                              
Validation Results: {
    "ci": 0.7232,
    "classification_loss": 0.0,
    "cluster_loss": 0.0,
    "mae": 1.1775,
    "mse": 2.313,
    "multiclassification_loss": 0.0,
    "ortho_loss": 0.0,
    "pearson": 0.6307,
    "regression_loss": 2.3169,
    "rm2": 0.3155,
    "rmse": 1.5209,
    "sd": 1.4526,
    "spearman": 0.6237,
    "spectral_loss": 0.0
}
                              
Test Results: {
    "ci": 0.7116,
    "classification_loss": 0.0,
    "cluster_loss": 0.0,
    "mae": 1.1699,
    "mse": 2.2808,
    "multiclassification_loss": 0.0,
    "ortho_loss": 0.0,
    "pearson": 0.6074,
    "regression_loss": 2.2803,
    "rm2": 0.343,
    "rmse": 1.5102,
    "sd": 1.4859,
    "spearman": 0.5896,
    "spectral_loss": 0.0
}
                              
                              
----------------------------------------
Epoch 010 with LR 0.000100: Model Results
----------------------------------------
Train MSE Loss: 0.7293, Train CLS Loss: 0.0000, Train MCLS Loss: 0.0000
Protein Cluster Region Loss - Ortho Loss: 0.0000, Cluster Loss: 0.0000
                              
Validation Results: {
    "ci": 0.7275,
    "classification_loss": 0.0,
    "cluster_loss": 0.0,
    "mae": 1.1645,
    "mse": 2.2505,
    "multiclassification_loss": 0.0,
    "ortho_loss": 0.0,
    "pearson": 0.6337,
    "regression_loss": 2.2599,
    "rm2": 0.3534,
    "rmse": 1.5002,
    "sd": 1.448,
    "spearman": 0.6343,
    "spectral_loss": 0.0
}
                              
Test Results: {
    "ci": 0.7116,
    "classification_loss": 0.0,
    "cluster_loss": 0.0,
    "mae": 1.1699,
    "mse": 2.2808,
    "multiclassification_loss": 0.0,
    "ortho_loss": 0.0,
    "pearson": 0.6074,
    "regression_loss": 2.2803,
    "rm2": 0.343,
    "rmse": 1.5102,
    "sd": 1.4859,
    "spearman": 0.5896,
    "spectral_loss": 0.0
}
                              
                              
----------------------------------------
Epoch 011 with LR 0.000100: Model Results
----------------------------------------
Train MSE Loss: 0.6897, Train CLS Loss: 0.0000, Train MCLS Loss: 0.0000
Protein Cluster Region Loss - Ortho Loss: 0.0000, Cluster Loss: 0.0000
                              
Validation Results: {
    "ci": 0.7221,
    "classification_loss": 0.0,
    "cluster_loss": 0.0,
    "mae": 1.211,
    "mse": 2.4244,
    "multiclassification_loss": 0.0,
    "ortho_loss": 0.0,
    "pearson": 0.6277,
    "regression_loss": 2.4304,
    "rm2": 0.2977,
    "rmse": 1.557,
    "sd": 1.4572,
    "spearman": 0.6216,
    "spectral_loss": 0.0
}
                              
Test Results: {
    "ci": 0.7116,
    "classification_loss": 0.0,
    "cluster_loss": 0.0,
    "mae": 1.1699,
    "mse": 2.2808,
    "multiclassification_loss": 0.0,
    "ortho_loss": 0.0,
    "pearson": 0.6074,
    "regression_loss": 2.2803,
    "rm2": 0.343,
    "rmse": 1.5102,
    "sd": 1.4859,
    "spearman": 0.5896,
    "spectral_loss": 0.0
}
                              
                              
----------------------------------------
Epoch 012 with LR 0.000100: Model Results
----------------------------------------
Train MSE Loss: 0.6515, Train CLS Loss: 0.0000, Train MCLS Loss: 0.0000
Protein Cluster Region Loss - Ortho Loss: 0.0000, Cluster Loss: 0.0000
                              
Validation Results: {
    "ci": 0.727,
    "classification_loss": 0.0,
    "cluster_loss": 0.0,
    "mae": 1.1515,
    "mse": 2.2187,
    "multiclassification_loss": 0.0,
    "ortho_loss": 0.0,
    "pearson": 0.6356,
    "regression_loss": 2.2237,
    "rm2": 0.3354,
    "rmse": 1.4895,
    "sd": 1.4451,
    "spearman": 0.6339,
    "spectral_loss": 0.0
}
                              
Test Results: {
    "ci": 0.7116,
    "classification_loss": 0.0,
    "cluster_loss": 0.0,
    "mae": 1.1699,
    "mse": 2.2808,
    "multiclassification_loss": 0.0,
    "ortho_loss": 0.0,
    "pearson": 0.6074,
    "regression_loss": 2.2803,
    "rm2": 0.343,
    "rmse": 1.5102,
    "sd": 1.4859,
    "spearman": 0.5896,
    "spectral_loss": 0.0
}
                              
                              
----------------------------------------
Epoch 013 with LR 0.000100: Model Results
----------------------------------------
Train MSE Loss: 0.6309, Train CLS Loss: 0.0000, Train MCLS Loss: 0.0000
Protein Cluster Region Loss - Ortho Loss: 0.0000, Cluster Loss: 0.0000
                              
Validation Results: {
    "ci": 0.7243,
    "classification_loss": 0.0,
    "cluster_loss": 0.0,
    "mae": 1.1785,
    "mse": 2.3057,
    "multiclassification_loss": 0.0,
    "ortho_loss": 0.0,
    "pearson": 0.6254,
    "regression_loss": 2.3124,
    "rm2": 0.3426,
    "rmse": 1.5185,
    "sd": 1.4606,
    "spearman": 0.6255,
    "spectral_loss": 0.0
}
                              
Test Results: {
    "ci": 0.7116,
    "classification_loss": 0.0,
    "cluster_loss": 0.0,
    "mae": 1.1699,
    "mse": 2.2808,
    "multiclassification_loss": 0.0,
    "ortho_loss": 0.0,
    "pearson": 0.6074,
    "regression_loss": 2.2803,
    "rm2": 0.343,
    "rmse": 1.5102,
    "sd": 1.4859,
    "spearman": 0.5896,
    "spectral_loss": 0.0
}
                              
                              
----------------------------------------
Epoch 014 with LR 0.000100: Model Results
----------------------------------------
Train MSE Loss: 0.5834, Train CLS Loss: 0.0000, Train MCLS Loss: 0.0000
Protein Cluster Region Loss - Ortho Loss: 0.0000, Cluster Loss: 0.0000
                              
Validation Results: {
    "ci": 0.7269,
    "classification_loss": 0.0,
    "cluster_loss": 0.0,
    "mae": 1.1651,
    "mse": 2.2246,
    "multiclassification_loss": 0.0,
    "ortho_loss": 0.0,
    "pearson": 0.6388,
    "regression_loss": 2.2323,
    "rm2": 0.3637,
    "rmse": 1.4915,
    "sd": 1.4401,
    "spearman": 0.6328,
    "spectral_loss": 0.0
}
                              
Test Results: {
    "ci": 0.7116,
    "classification_loss": 0.0,
    "cluster_loss": 0.0,
    "mae": 1.1699,
    "mse": 2.2808,
    "multiclassification_loss": 0.0,
    "ortho_loss": 0.0,
    "pearson": 0.6074,
    "regression_loss": 2.2803,
    "rm2": 0.343,
    "rmse": 1.5102,
    "sd": 1.4859,
    "spearman": 0.5896,
    "spectral_loss": 0.0
}
                              
                              
----------------------------------------
Epoch 015 with LR 0.000100: Model Results
----------------------------------------
Train MSE Loss: 0.5632, Train CLS Loss: 0.0000, Train MCLS Loss: 0.0000
Protein Cluster Region Loss - Ortho Loss: 0.0000, Cluster Loss: 0.0000
                              
Validation Results: {
    "ci": 0.7247,
    "classification_loss": 0.0,
    "cluster_loss": 0.0,
    "mae": 1.156,
    "mse": 2.2415,
    "multiclassification_loss": 0.0,
    "ortho_loss": 0.0,
    "pearson": 0.6263,
    "regression_loss": 2.2501,
    "rm2": 0.3413,
    "rmse": 1.4972,
    "sd": 1.4592,
    "spearman": 0.6254,
    "spectral_loss": 0.0
}
                              
Test Results: {
    "ci": 0.7116,
    "classification_loss": 0.0,
    "cluster_loss": 0.0,
    "mae": 1.1699,
    "mse": 2.2808,
    "multiclassification_loss": 0.0,
    "ortho_loss": 0.0,
    "pearson": 0.6074,
    "regression_loss": 2.2803,
    "rm2": 0.343,
    "rmse": 1.5102,
    "sd": 1.4859,
    "spearman": 0.5896,
    "spectral_loss": 0.0
}
                              
                              
----------------------------------------
Epoch 016 with LR 0.000100: Model Results
----------------------------------------
Train MSE Loss: 0.5283, Train CLS Loss: 0.0000, Train MCLS Loss: 0.0000
Protein Cluster Region Loss - Ortho Loss: 0.0000, Cluster Loss: 0.0000
                              
Validation Results: {
    "ci": 0.7248,
    "classification_loss": 0.0,
    "cluster_loss": 0.0,
    "mae": 1.1875,
    "mse": 2.3721,
    "multiclassification_loss": 0.0,
    "ortho_loss": 0.0,
    "pearson": 0.6247,
    "regression_loss": 2.3839,
    "rm2": 0.3248,
    "rmse": 1.5402,
    "sd": 1.4616,
    "spearman": 0.6272,
    "spectral_loss": 0.0
}
                              
Test Results: {
    "ci": 0.7116,
    "classification_loss": 0.0,
    "cluster_loss": 0.0,
    "mae": 1.1699,
    "mse": 2.2808,
    "multiclassification_loss": 0.0,
    "ortho_loss": 0.0,
    "pearson": 0.6074,
    "regression_loss": 2.2803,
    "rm2": 0.343,
    "rmse": 1.5102,
    "sd": 1.4859,
    "spearman": 0.5896,
    "spectral_loss": 0.0
}
                              
                              
----------------------------------------
Epoch 017 with LR 0.000100: Model Results
----------------------------------------
Train MSE Loss: 0.5159, Train CLS Loss: 0.0000, Train MCLS Loss: 0.0000
Protein Cluster Region Loss - Ortho Loss: 0.0000, Cluster Loss: 0.0000
                              
Validation Results: {
    "ci": 0.7254,
    "classification_loss": 0.0,
    "cluster_loss": 0.0,
    "mae": 1.18,
    "mse": 2.3011,
    "multiclassification_loss": 0.0,
    "ortho_loss": 0.0,
    "pearson": 0.6355,
    "regression_loss": 2.3133,
    "rm2": 0.3403,
    "rmse": 1.5169,
    "sd": 1.4452,
    "spearman": 0.629,
    "spectral_loss": 0.0
}
                              
Test Results: {
    "ci": 0.7116,
    "classification_loss": 0.0,
    "cluster_loss": 0.0,
    "mae": 1.1699,
    "mse": 2.2808,
    "multiclassification_loss": 0.0,
    "ortho_loss": 0.0,
    "pearson": 0.6074,
    "regression_loss": 2.2803,
    "rm2": 0.343,
    "rmse": 1.5102,
    "sd": 1.4859,
    "spearman": 0.5896,
    "spectral_loss": 0.0
}
                              
                              
----------------------------------------
Epoch 018 with LR 0.000100: Model Results
----------------------------------------
Train MSE Loss: 0.5052, Train CLS Loss: 0.0000, Train MCLS Loss: 0.0000
Protein Cluster Region Loss - Ortho Loss: 0.0000, Cluster Loss: 0.0000
                              
Validation Results: {
    "ci": 0.7245,
    "classification_loss": 0.0,
    "cluster_loss": 0.0,
    "mae": 1.1721,
    "mse": 2.2974,
    "multiclassification_loss": 0.0,
    "ortho_loss": 0.0,
    "pearson": 0.6367,
    "regression_loss": 2.3102,
    "rm2": 0.3359,
    "rmse": 1.5157,
    "sd": 1.4434,
    "spearman": 0.6266,
    "spectral_loss": 0.0
}
                              
Test Results: {
    "ci": 0.7116,
    "classification_loss": 0.0,
    "cluster_loss": 0.0,
    "mae": 1.1699,
    "mse": 2.2808,
    "multiclassification_loss": 0.0,
    "ortho_loss": 0.0,
    "pearson": 0.6074,
    "regression_loss": 2.2803,
    "rm2": 0.343,
    "rmse": 1.5102,
    "sd": 1.4859,
    "spearman": 0.5896,
    "spectral_loss": 0.0
}
                              
                              
----------------------------------------
Epoch 019 with LR 0.000100: Model Results
----------------------------------------
Train MSE Loss: 0.4833, Train CLS Loss: 0.0000, Train MCLS Loss: 0.0000
Protein Cluster Region Loss - Ortho Loss: 0.0000, Cluster Loss: 0.0000
                              
Validation Results: {
    "ci": 0.7234,
    "classification_loss": 0.0,
    "cluster_loss": 0.0,
    "mae": 1.1743,
    "mse": 2.2795,
    "multiclassification_loss": 0.0,
    "ortho_loss": 0.0,
    "pearson": 0.6306,
    "regression_loss": 2.2916,
    "rm2": 0.3497,
    "rmse": 1.5098,
    "sd": 1.4528,
    "spearman": 0.6239,
    "spectral_loss": 0.0
}
                              
Test Results: {
    "ci": 0.7116,
    "classification_loss": 0.0,
    "cluster_loss": 0.0,
    "mae": 1.1699,
    "mse": 2.2808,
    "multiclassification_loss": 0.0,
    "ortho_loss": 0.0,
    "pearson": 0.6074,
    "regression_loss": 2.2803,
    "rm2": 0.343,
    "rmse": 1.5102,
    "sd": 1.4859,
    "spearman": 0.5896,
    "spectral_loss": 0.0
}
                              
                              
----------------------------------------
Epoch 020 with LR 0.000100: Model Results
----------------------------------------
Train MSE Loss: 0.4647, Train CLS Loss: 0.0000, Train MCLS Loss: 0.0000
Protein Cluster Region Loss - Ortho Loss: 0.0000, Cluster Loss: 0.0000
                              
Validation Results: {
    "ci": 0.7262,
    "classification_loss": 0.0,
    "cluster_loss": 0.0,
    "mae": 1.1647,
    "mse": 2.2696,
    "multiclassification_loss": 0.0,
    "ortho_loss": 0.0,
    "pearson": 0.6318,
    "regression_loss": 2.281,
    "rm2": 0.3411,
    "rmse": 1.5065,
    "sd": 1.4509,
    "spearman": 0.6318,
    "spectral_loss": 0.0
}
                              
Test Results: {
    "ci": 0.7116,
    "classification_loss": 0.0,
    "cluster_loss": 0.0,
    "mae": 1.1699,
    "mse": 2.2808,
    "multiclassification_loss": 0.0,
    "ortho_loss": 0.0,
    "pearson": 0.6074,
    "regression_loss": 2.2803,
    "rm2": 0.343,
    "rmse": 1.5102,
    "sd": 1.4859,
    "spearman": 0.5896,
    "spectral_loss": 0.0
}
                              
                              
----------------------------------------
Epoch 021 with LR 0.000100: Model Results
----------------------------------------
Train MSE Loss: 0.4499, Train CLS Loss: 0.0000, Train MCLS Loss: 0.0000
Protein Cluster Region Loss - Ortho Loss: 0.0000, Cluster Loss: 0.0000
                              
Validation Results: {
    "ci": 0.7207,
    "classification_loss": 0.0,
    "cluster_loss": 0.0,
    "mae": 1.1699,
    "mse": 2.2656,
    "multiclassification_loss": 0.0,
    "ortho_loss": 0.0,
    "pearson": 0.6315,
    "regression_loss": 2.2766,
    "rm2": 0.3428,
    "rmse": 1.5052,
    "sd": 1.4515,
    "spearman": 0.6163,
    "spectral_loss": 0.0
}
                              
Test Results: {
    "ci": 0.7116,
    "classification_loss": 0.0,
    "cluster_loss": 0.0,
    "mae": 1.1699,
    "mse": 2.2808,
    "multiclassification_loss": 0.0,
    "ortho_loss": 0.0,
    "pearson": 0.6074,
    "regression_loss": 2.2803,
    "rm2": 0.343,
    "rmse": 1.5102,
    "sd": 1.4859,
    "spearman": 0.5896,
    "spectral_loss": 0.0
}
                              
                              
----------------------------------------
Epoch 022 with LR 0.000100: Model Results
----------------------------------------
Train MSE Loss: 0.4338, Train CLS Loss: 0.0000, Train MCLS Loss: 0.0000
Protein Cluster Region Loss - Ortho Loss: 0.0000, Cluster Loss: 0.0000
                              
Validation Results: {
    "ci": 0.7214,
    "classification_loss": 0.0,
    "cluster_loss": 0.0,
    "mae": 1.1768,
    "mse": 2.3175,
    "multiclassification_loss": 0.0,
    "ortho_loss": 0.0,
    "pearson": 0.6252,
    "regression_loss": 2.3272,
    "rm2": 0.3227,
    "rmse": 1.5223,
    "sd": 1.4609,
    "spearman": 0.6189,
    "spectral_loss": 0.0
}
                              
Test Results: {
    "ci": 0.7116,
    "classification_loss": 0.0,
    "cluster_loss": 0.0,
    "mae": 1.1699,
    "mse": 2.2808,
    "multiclassification_loss": 0.0,
    "ortho_loss": 0.0,
    "pearson": 0.6074,
    "regression_loss": 2.2803,
    "rm2": 0.343,
    "rmse": 1.5102,
    "sd": 1.4859,
    "spearman": 0.5896,
    "spectral_loss": 0.0
}
                              
                              
----------------------------------------
Epoch 023 with LR 0.000100: Model Results
----------------------------------------
Train MSE Loss: 0.4218, Train CLS Loss: 0.0000, Train MCLS Loss: 0.0000
Protein Cluster Region Loss - Ortho Loss: 0.0000, Cluster Loss: 0.0000
                              
Validation Results: {
    "ci": 0.7231,
    "classification_loss": 0.0,
    "cluster_loss": 0.0,
    "mae": 1.171,
    "mse": 2.296,
    "multiclassification_loss": 0.0,
    "ortho_loss": 0.0,
    "pearson": 0.6277,
    "regression_loss": 2.3093,
    "rm2": 0.3364,
    "rmse": 1.5152,
    "sd": 1.4572,
    "spearman": 0.6231,
    "spectral_loss": 0.0
}
                              
Test Results: {
    "ci": 0.7116,
    "classification_loss": 0.0,
    "cluster_loss": 0.0,
    "mae": 1.1699,
    "mse": 2.2808,
    "multiclassification_loss": 0.0,
    "ortho_loss": 0.0,
    "pearson": 0.6074,
    "regression_loss": 2.2803,
    "rm2": 0.343,
    "rmse": 1.5102,
    "sd": 1.4859,
    "spearman": 0.5896,
    "spectral_loss": 0.0
}
                              
                              
----------------------------------------
Epoch 024 with LR 0.000100: Model Results
----------------------------------------
Train MSE Loss: 0.4045, Train CLS Loss: 0.0000, Train MCLS Loss: 0.0000
Protein Cluster Region Loss - Ortho Loss: 0.0000, Cluster Loss: 0.0000
                              
Validation Results: {
    "ci": 0.7173,
    "classification_loss": 0.0,
    "cluster_loss": 0.0,
    "mae": 1.1928,
    "mse": 2.4206,
    "multiclassification_loss": 0.0,
    "ortho_loss": 0.0,
    "pearson": 0.6076,
    "regression_loss": 2.4318,
    "rm2": 0.3002,
    "rmse": 1.5558,
    "sd": 1.4867,
    "spearman": 0.6089,
    "spectral_loss": 0.0
}
                              
Test Results: {
    "ci": 0.7116,
    "classification_loss": 0.0,
    "cluster_loss": 0.0,
    "mae": 1.1699,
    "mse": 2.2808,
    "multiclassification_loss": 0.0,
    "ortho_loss": 0.0,
    "pearson": 0.6074,
    "regression_loss": 2.2803,
    "rm2": 0.343,
    "rmse": 1.5102,
    "sd": 1.4859,
    "spearman": 0.5896,
    "spectral_loss": 0.0
}
                              
                              
----------------------------------------
Epoch 025 with LR 0.000100: Model Results
----------------------------------------
Train MSE Loss: 0.3946, Train CLS Loss: 0.0000, Train MCLS Loss: 0.0000
Protein Cluster Region Loss - Ortho Loss: 0.0000, Cluster Loss: 0.0000
                              
Validation Results: {
    "ci": 0.7273,
    "classification_loss": 0.0,
    "cluster_loss": 0.0,
    "mae": 1.1591,
    "mse": 2.2622,
    "multiclassification_loss": 0.0,
    "ortho_loss": 0.0,
    "pearson": 0.6376,
    "regression_loss": 2.2742,
    "rm2": 0.3358,
    "rmse": 1.5041,
    "sd": 1.442,
    "spearman": 0.6326,
    "spectral_loss": 0.0
}
                              
Test Results: {
    "ci": 0.7116,
    "classification_loss": 0.0,
    "cluster_loss": 0.0,
    "mae": 1.1699,
    "mse": 2.2808,
    "multiclassification_loss": 0.0,
    "ortho_loss": 0.0,
    "pearson": 0.6074,
    "regression_loss": 2.2803,
    "rm2": 0.343,
    "rmse": 1.5102,
    "sd": 1.4859,
    "spearman": 0.5896,
    "spectral_loss": 0.0
}
                              
                              
----------------------------------------
Epoch 026 with LR 0.000100: Model Results
----------------------------------------
Train MSE Loss: 0.3874, Train CLS Loss: 0.0000, Train MCLS Loss: 0.0000
Protein Cluster Region Loss - Ortho Loss: 0.0000, Cluster Loss: 0.0000
                              
Validation Results: {
    "ci": 0.7251,
    "classification_loss": 0.0,
    "cluster_loss": 0.0,
    "mae": 1.1777,
    "mse": 2.3381,
    "multiclassification_loss": 0.0,
    "ortho_loss": 0.0,
    "pearson": 0.6286,
    "regression_loss": 2.3522,
    "rm2": 0.3352,
    "rmse": 1.5291,
    "sd": 1.4558,
    "spearman": 0.6268,
    "spectral_loss": 0.0
}
                              
Test Results: {
    "ci": 0.7116,
    "classification_loss": 0.0,
    "cluster_loss": 0.0,
    "mae": 1.1699,
    "mse": 2.2808,
    "multiclassification_loss": 0.0,
    "ortho_loss": 0.0,
    "pearson": 0.6074,
    "regression_loss": 2.2803,
    "rm2": 0.343,
    "rmse": 1.5102,
    "sd": 1.4859,
    "spearman": 0.5896,
    "spectral_loss": 0.0
}
                              
                              
----------------------------------------
Epoch 027 with LR 0.000100: Model Results
----------------------------------------
Train MSE Loss: 0.3749, Train CLS Loss: 0.0000, Train MCLS Loss: 0.0000
Protein Cluster Region Loss - Ortho Loss: 0.0000, Cluster Loss: 0.0000
                              
Validation Results: {
    "ci": 0.7211,
    "classification_loss": 0.0,
    "cluster_loss": 0.0,
    "mae": 1.1677,
    "mse": 2.298,
    "multiclassification_loss": 0.0,
    "ortho_loss": 0.0,
    "pearson": 0.6294,
    "regression_loss": 2.3077,
    "rm2": 0.3296,
    "rmse": 1.5159,
    "sd": 1.4546,
    "spearman": 0.6172,
    "spectral_loss": 0.0
}
                              
Test Results: {
    "ci": 0.7116,
    "classification_loss": 0.0,
    "cluster_loss": 0.0,
    "mae": 1.1699,
    "mse": 2.2808,
    "multiclassification_loss": 0.0,
    "ortho_loss": 0.0,
    "pearson": 0.6074,
    "regression_loss": 2.2803,
    "rm2": 0.343,
    "rmse": 1.5102,
    "sd": 1.4859,
    "spearman": 0.5896,
    "spectral_loss": 0.0
}
                              
                              
----------------------------------------
Epoch 028 with LR 0.000100: Model Results
----------------------------------------
Train MSE Loss: 0.3651, Train CLS Loss: 0.0000, Train MCLS Loss: 0.0000
Protein Cluster Region Loss - Ortho Loss: 0.0000, Cluster Loss: 0.0000
                              
Validation Results: {
    "ci": 0.723,
    "classification_loss": 0.0,
    "cluster_loss": 0.0,
    "mae": 1.1822,
    "mse": 2.3432,
    "multiclassification_loss": 0.0,
    "ortho_loss": 0.0,
    "pearson": 0.6268,
    "regression_loss": 2.3547,
    "rm2": 0.3311,
    "rmse": 1.5307,
    "sd": 1.4586,
    "spearman": 0.6216,
    "spectral_loss": 0.0
}
                              
Test Results: {
    "ci": 0.7116,
    "classification_loss": 0.0,
    "cluster_loss": 0.0,
    "mae": 1.1699,
    "mse": 2.2808,
    "multiclassification_loss": 0.0,
    "ortho_loss": 0.0,
    "pearson": 0.6074,
    "regression_loss": 2.2803,
    "rm2": 0.343,
    "rmse": 1.5102,
    "sd": 1.4859,
    "spearman": 0.5896,
    "spectral_loss": 0.0
}
                              
                              
----------------------------------------
Epoch 029 with LR 0.000100: Model Results
----------------------------------------
Train MSE Loss: 0.3483, Train CLS Loss: 0.0000, Train MCLS Loss: 0.0000
Protein Cluster Region Loss - Ortho Loss: 0.0000, Cluster Loss: 0.0000
                              
Validation Results: {
    "ci": 0.7161,
    "classification_loss": 0.0,
    "cluster_loss": 0.0,
    "mae": 1.1913,
    "mse": 2.3617,
    "multiclassification_loss": 0.0,
    "ortho_loss": 0.0,
    "pearson": 0.6093,
    "regression_loss": 2.3712,
    "rm2": 0.3256,
    "rmse": 1.5368,
    "sd": 1.4843,
    "spearman": 0.6056,
    "spectral_loss": 0.0
}
                              
Test Results: {
    "ci": 0.7116,
    "classification_loss": 0.0,
    "cluster_loss": 0.0,
    "mae": 1.1699,
    "mse": 2.2808,
    "multiclassification_loss": 0.0,
    "ortho_loss": 0.0,
    "pearson": 0.6074,
    "regression_loss": 2.2803,
    "rm2": 0.343,
    "rmse": 1.5102,
    "sd": 1.4859,
    "spearman": 0.5896,
    "spectral_loss": 0.0
}
                              
                              
----------------------------------------
Epoch 030 with LR 0.000100: Model Results
----------------------------------------
Train MSE Loss: 0.3501, Train CLS Loss: 0.0000, Train MCLS Loss: 0.0000
Protein Cluster Region Loss - Ortho Loss: 0.0000, Cluster Loss: 0.0000
                              
Validation Results: {
    "ci": 0.7187,
    "classification_loss": 0.0,
    "cluster_loss": 0.0,
    "mae": 1.1821,
    "mse": 2.3453,
    "multiclassification_loss": 0.0,
    "ortho_loss": 0.0,
    "pearson": 0.6249,
    "regression_loss": 2.3559,
    "rm2": 0.3166,
    "rmse": 1.5314,
    "sd": 1.4614,
    "spearman": 0.6113,
    "spectral_loss": 0.0
}
                              
Test Results: {
    "ci": 0.7116,
    "classification_loss": 0.0,
    "cluster_loss": 0.0,
    "mae": 1.1699,
    "mse": 2.2808,
    "multiclassification_loss": 0.0,
    "ortho_loss": 0.0,
    "pearson": 0.6074,
    "regression_loss": 2.2803,
    "rm2": 0.343,
    "rmse": 1.5102,
    "sd": 1.4859,
    "spearman": 0.5896,
    "spectral_loss": 0.0
}
                              
                              
----------------------------------------
Epoch 031 with LR 0.000100: Model Results
----------------------------------------
Train MSE Loss: 0.3383, Train CLS Loss: 0.0000, Train MCLS Loss: 0.0000
Protein Cluster Region Loss - Ortho Loss: 0.0000, Cluster Loss: 0.0000
                              
Validation Results: {
    "ci": 0.7225,
    "classification_loss": 0.0,
    "cluster_loss": 0.0,
    "mae": 1.1832,
    "mse": 2.3089,
    "multiclassification_loss": 0.0,
    "ortho_loss": 0.0,
    "pearson": 0.6359,
    "regression_loss": 2.3216,
    "rm2": 0.345,
    "rmse": 1.5195,
    "sd": 1.4446,
    "spearman": 0.6211,
    "spectral_loss": 0.0
}
                              
Test Results: {
    "ci": 0.7116,
    "classification_loss": 0.0,
    "cluster_loss": 0.0,
    "mae": 1.1699,
    "mse": 2.2808,
    "multiclassification_loss": 0.0,
    "ortho_loss": 0.0,
    "pearson": 0.6074,
    "regression_loss": 2.2803,
    "rm2": 0.343,
    "rmse": 1.5102,
    "sd": 1.4859,
    "spearman": 0.5896,
    "spectral_loss": 0.0
}
                              
                              
----------------------------------------
Epoch 032 with LR 0.000100: Model Results
----------------------------------------
Train MSE Loss: 0.3267, Train CLS Loss: 0.0000, Train MCLS Loss: 0.0000
Protein Cluster Region Loss - Ortho Loss: 0.0000, Cluster Loss: 0.0000
                              
Validation Results: {
    "ci": 0.7223,
    "classification_loss": 0.0,
    "cluster_loss": 0.0,
    "mae": 1.1803,
    "mse": 2.3279,
    "multiclassification_loss": 0.0,
    "ortho_loss": 0.0,
    "pearson": 0.6283,
    "regression_loss": 2.3388,
    "rm2": 0.3269,
    "rmse": 1.5258,
    "sd": 1.4563,
    "spearman": 0.6207,
    "spectral_loss": 0.0
}
                              
Test Results: {
    "ci": 0.7116,
    "classification_loss": 0.0,
    "cluster_loss": 0.0,
    "mae": 1.1699,
    "mse": 2.2808,
    "multiclassification_loss": 0.0,
    "ortho_loss": 0.0,
    "pearson": 0.6074,
    "regression_loss": 2.2803,
    "rm2": 0.343,
    "rmse": 1.5102,
    "sd": 1.4859,
    "spearman": 0.5896,
    "spectral_loss": 0.0
}
                              
                              
----------------------------------------
Epoch 033 with LR 0.000100: Model Results
----------------------------------------
Train MSE Loss: 0.3195, Train CLS Loss: 0.0000, Train MCLS Loss: 0.0000
Protein Cluster Region Loss - Ortho Loss: 0.0000, Cluster Loss: 0.0000
                              
Validation Results: {
    "ci": 0.7193,
    "classification_loss": 0.0,
    "cluster_loss": 0.0,
    "mae": 1.1788,
    "mse": 2.3194,
    "multiclassification_loss": 0.0,
    "ortho_loss": 0.0,
    "pearson": 0.6259,
    "regression_loss": 2.3311,
    "rm2": 0.3419,
    "rmse": 1.5229,
    "sd": 1.4599,
    "spearman": 0.6123,
    "spectral_loss": 0.0
}
                              
Test Results: {
    "ci": 0.7116,
    "classification_loss": 0.0,
    "cluster_loss": 0.0,
    "mae": 1.1699,
    "mse": 2.2808,
    "multiclassification_loss": 0.0,
    "ortho_loss": 0.0,
    "pearson": 0.6074,
    "regression_loss": 2.2803,
    "rm2": 0.343,
    "rmse": 1.5102,
    "sd": 1.4859,
    "spearman": 0.5896,
    "spectral_loss": 0.0
}
                              
                              
----------------------------------------
Epoch 034 with LR 0.000100: Model Results
----------------------------------------
Train MSE Loss: 0.3151, Train CLS Loss: 0.0000, Train MCLS Loss: 0.0000
Protein Cluster Region Loss - Ortho Loss: 0.0000, Cluster Loss: 0.0000
                              
Validation Results: {
    "ci": 0.7166,
    "classification_loss": 0.0,
    "cluster_loss": 0.0,
    "mae": 1.1848,
    "mse": 2.3708,
    "multiclassification_loss": 0.0,
    "ortho_loss": 0.0,
    "pearson": 0.6144,
    "regression_loss": 2.3808,
    "rm2": 0.3189,
    "rmse": 1.5397,
    "sd": 1.4769,
    "spearman": 0.6058,
    "spectral_loss": 0.0
}
                              
Test Results: {
    "ci": 0.7116,
    "classification_loss": 0.0,
    "cluster_loss": 0.0,
    "mae": 1.1699,
    "mse": 2.2808,
    "multiclassification_loss": 0.0,
    "ortho_loss": 0.0,
    "pearson": 0.6074,
    "regression_loss": 2.2803,
    "rm2": 0.343,
    "rmse": 1.5102,
    "sd": 1.4859,
    "spearman": 0.5896,
    "spectral_loss": 0.0
}
                              
                              
----------------------------------------
Epoch 035 with LR 0.000100: Model Results
----------------------------------------
Train MSE Loss: 0.3044, Train CLS Loss: 0.0000, Train MCLS Loss: 0.0000
Protein Cluster Region Loss - Ortho Loss: 0.0000, Cluster Loss: 0.0000
                              
Validation Results: {
    "ci": 0.7246,
    "classification_loss": 0.0,
    "cluster_loss": 0.0,
    "mae": 1.1778,
    "mse": 2.3168,
    "multiclassification_loss": 0.0,
    "ortho_loss": 0.0,
    "pearson": 0.6338,
    "regression_loss": 2.3308,
    "rm2": 0.3398,
    "rmse": 1.5221,
    "sd": 1.4479,
    "spearman": 0.626,
    "spectral_loss": 0.0
}
                              
Test Results: {
    "ci": 0.7116,
    "classification_loss": 0.0,
    "cluster_loss": 0.0,
    "mae": 1.1699,
    "mse": 2.2808,
    "multiclassification_loss": 0.0,
    "ortho_loss": 0.0,
    "pearson": 0.6074,
    "regression_loss": 2.2803,
    "rm2": 0.343,
    "rmse": 1.5102,
    "sd": 1.4859,
    "spearman": 0.5896,
    "spectral_loss": 0.0
}
                              
                              
----------------------------------------
Epoch 036 with LR 0.000100: Model Results
----------------------------------------
Train MSE Loss: 0.2979, Train CLS Loss: 0.0000, Train MCLS Loss: 0.0000
Protein Cluster Region Loss - Ortho Loss: 0.0000, Cluster Loss: 0.0000
                              
Validation Results: {
    "ci": 0.7171,
    "classification_loss": 0.0,
    "cluster_loss": 0.0,
    "mae": 1.1934,
    "mse": 2.3488,
    "multiclassification_loss": 0.0,
    "ortho_loss": 0.0,
    "pearson": 0.6223,
    "regression_loss": 2.3586,
    "rm2": 0.3308,
    "rmse": 1.5326,
    "sd": 1.4653,
    "spearman": 0.6088,
    "spectral_loss": 0.0
}
                              
Test Results: {
    "ci": 0.7116,
    "classification_loss": 0.0,
    "cluster_loss": 0.0,
    "mae": 1.1699,
    "mse": 2.2808,
    "multiclassification_loss": 0.0,
    "ortho_loss": 0.0,
    "pearson": 0.6074,
    "regression_loss": 2.2803,
    "rm2": 0.343,
    "rmse": 1.5102,
    "sd": 1.4859,
    "spearman": 0.5896,
    "spectral_loss": 0.0
}
                              
                              
----------------------------------------
Epoch 037 with LR 0.000100: Model Results
----------------------------------------
Train MSE Loss: 0.2900, Train CLS Loss: 0.0000, Train MCLS Loss: 0.0000
Protein Cluster Region Loss - Ortho Loss: 0.0000, Cluster Loss: 0.0000
                              
Validation Results: {
    "ci": 0.7185,
    "classification_loss": 0.0,
    "cluster_loss": 0.0,
    "mae": 1.2256,
    "mse": 2.492,
    "multiclassification_loss": 0.0,
    "ortho_loss": 0.0,
    "pearson": 0.6209,
    "regression_loss": 2.5077,
    "rm2": 0.3299,
    "rmse": 1.5786,
    "sd": 1.4674,
    "spearman": 0.6109,
    "spectral_loss": 0.0
}
                              
Test Results: {
    "ci": 0.7116,
    "classification_loss": 0.0,
    "cluster_loss": 0.0,
    "mae": 1.1699,
    "mse": 2.2808,
    "multiclassification_loss": 0.0,
    "ortho_loss": 0.0,
    "pearson": 0.6074,
    "regression_loss": 2.2803,
    "rm2": 0.343,
    "rmse": 1.5102,
    "sd": 1.4859,
    "spearman": 0.5896,
    "spectral_loss": 0.0
}
                              
                              
----------------------------------------
Epoch 038 with LR 0.000100: Model Results
----------------------------------------
Train MSE Loss: 0.2885, Train CLS Loss: 0.0000, Train MCLS Loss: 0.0000
Protein Cluster Region Loss - Ortho Loss: 0.0000, Cluster Loss: 0.0000
                              
Validation Results: {
    "ci": 0.7171,
    "classification_loss": 0.0,
    "cluster_loss": 0.0,
    "mae": 1.1896,
    "mse": 2.3669,
    "multiclassification_loss": 0.0,
    "ortho_loss": 0.0,
    "pearson": 0.6188,
    "regression_loss": 2.3796,
    "rm2": 0.3167,
    "rmse": 1.5385,
    "sd": 1.4704,
    "spearman": 0.6072,
    "spectral_loss": 0.0
}
                              
Test Results: {
    "ci": 0.7116,
    "classification_loss": 0.0,
    "cluster_loss": 0.0,
    "mae": 1.1699,
    "mse": 2.2808,
    "multiclassification_loss": 0.0,
    "ortho_loss": 0.0,
    "pearson": 0.6074,
    "regression_loss": 2.2803,
    "rm2": 0.343,
    "rmse": 1.5102,
    "sd": 1.4859,
    "spearman": 0.5896,
    "spectral_loss": 0.0
}
                              
                              
----------------------------------------
Epoch 039 with LR 0.000100: Model Results
----------------------------------------
Train MSE Loss: 0.2807, Train CLS Loss: 0.0000, Train MCLS Loss: 0.0000
Protein Cluster Region Loss - Ortho Loss: 0.0000, Cluster Loss: 0.0000
                              
Validation Results: {
    "ci": 0.7243,
    "classification_loss": 0.0,
    "cluster_loss": 0.0,
    "mae": 1.1817,
    "mse": 2.3093,
    "multiclassification_loss": 0.0,
    "ortho_loss": 0.0,
    "pearson": 0.6385,
    "regression_loss": 2.3236,
    "rm2": 0.3354,
    "rmse": 1.5196,
    "sd": 1.4406,
    "spearman": 0.6264,
    "spectral_loss": 0.0
}
                              
Test Results: {
    "ci": 0.7116,
    "classification_loss": 0.0,
    "cluster_loss": 0.0,
    "mae": 1.1699,
    "mse": 2.2808,
    "multiclassification_loss": 0.0,
    "ortho_loss": 0.0,
    "pearson": 0.6074,
    "regression_loss": 2.2803,
    "rm2": 0.343,
    "rmse": 1.5102,
    "sd": 1.4859,
    "spearman": 0.5896,
    "spectral_loss": 0.0
}
                              
                              
----------------------------------------
Epoch 040 with LR 0.000100: Model Results
----------------------------------------
Train MSE Loss: 0.2748, Train CLS Loss: 0.0000, Train MCLS Loss: 0.0000
Protein Cluster Region Loss - Ortho Loss: 0.0000, Cluster Loss: 0.0000
                              
Validation Results: {
    "ci": 0.7188,
    "classification_loss": 0.0,
    "cluster_loss": 0.0,
    "mae": 1.1958,
    "mse": 2.3869,
    "multiclassification_loss": 0.0,
    "ortho_loss": 0.0,
    "pearson": 0.6221,
    "regression_loss": 2.4016,
    "rm2": 0.3253,
    "rmse": 1.5449,
    "sd": 1.4656,
    "spearman": 0.6109,
    "spectral_loss": 0.0
}
                              
Test Results: {
    "ci": 0.7116,
    "classification_loss": 0.0,
    "cluster_loss": 0.0,
    "mae": 1.1699,
    "mse": 2.2808,
    "multiclassification_loss": 0.0,
    "ortho_loss": 0.0,
    "pearson": 0.6074,
    "regression_loss": 2.2803,
    "rm2": 0.343,
    "rmse": 1.5102,
    "sd": 1.4859,
    "spearman": 0.5896,
    "spectral_loss": 0.0
}
                              
                              
----------------------------------------
Epoch 041 with LR 0.000100: Model Results
----------------------------------------
Train MSE Loss: 0.2660, Train CLS Loss: 0.0000, Train MCLS Loss: 0.0000
Protein Cluster Region Loss - Ortho Loss: 0.0000, Cluster Loss: 0.0000
                              
Validation Results: {
    "ci": 0.7199,
    "classification_loss": 0.0,
    "cluster_loss": 0.0,
    "mae": 1.1923,
    "mse": 2.3385,
    "multiclassification_loss": 0.0,
    "ortho_loss": 0.0,
    "pearson": 0.6264,
    "regression_loss": 2.3527,
    "rm2": 0.3329,
    "rmse": 1.5292,
    "sd": 1.4591,
    "spearman": 0.6156,
    "spectral_loss": 0.0
}
                              
Test Results: {
    "ci": 0.7116,
    "classification_loss": 0.0,
    "cluster_loss": 0.0,
    "mae": 1.1699,
    "mse": 2.2808,
    "multiclassification_loss": 0.0,
    "ortho_loss": 0.0,
    "pearson": 0.6074,
    "regression_loss": 2.2803,
    "rm2": 0.343,
    "rmse": 1.5102,
    "sd": 1.4859,
    "spearman": 0.5896,
    "spectral_loss": 0.0
}
                              
                              
----------------------------------------
Epoch 042 with LR 0.000100: Model Results
----------------------------------------
Train MSE Loss: 0.2635, Train CLS Loss: 0.0000, Train MCLS Loss: 0.0000
Protein Cluster Region Loss - Ortho Loss: 0.0000, Cluster Loss: 0.0000
                              
Validation Results: {
    "ci": 0.7177,
    "classification_loss": 0.0,
    "cluster_loss": 0.0,
    "mae": 1.1991,
    "mse": 2.3647,
    "multiclassification_loss": 0.0,
    "ortho_loss": 0.0,
    "pearson": 0.6246,
    "regression_loss": 2.3772,
    "rm2": 0.3173,
    "rmse": 1.5377,
    "sd": 1.4618,
    "spearman": 0.6093,
    "spectral_loss": 0.0
}
                              
Test Results: {
    "ci": 0.7116,
    "classification_loss": 0.0,
    "cluster_loss": 0.0,
    "mae": 1.1699,
    "mse": 2.2808,
    "multiclassification_loss": 0.0,
    "ortho_loss": 0.0,
    "pearson": 0.6074,
    "regression_loss": 2.2803,
    "rm2": 0.343,
    "rmse": 1.5102,
    "sd": 1.4859,
    "spearman": 0.5896,
    "spectral_loss": 0.0
}
                              
                              
----------------------------------------
Epoch 043 with LR 0.000100: Model Results
----------------------------------------
Train MSE Loss: 0.2595, Train CLS Loss: 0.0000, Train MCLS Loss: 0.0000
Protein Cluster Region Loss - Ortho Loss: 0.0000, Cluster Loss: 0.0000
                              
Validation Results: {
    "ci": 0.7243,
    "classification_loss": 0.0,
    "cluster_loss": 0.0,
    "mae": 1.1667,
    "mse": 2.2397,
    "multiclassification_loss": 0.0,
    "ortho_loss": 0.0,
    "pearson": 0.6398,
    "regression_loss": 2.2512,
    "rm2": 0.3568,
    "rmse": 1.4966,
    "sd": 1.4386,
    "spearman": 0.6255,
    "spectral_loss": 0.0
}
                              
Test Results: {
    "ci": 0.7116,
    "classification_loss": 0.0,
    "cluster_loss": 0.0,
    "mae": 1.1699,
    "mse": 2.2808,
    "multiclassification_loss": 0.0,
    "ortho_loss": 0.0,
    "pearson": 0.6074,
    "regression_loss": 2.2803,
    "rm2": 0.343,
    "rmse": 1.5102,
    "sd": 1.4859,
    "spearman": 0.5896,
    "spectral_loss": 0.0
}
                              
                              
----------------------------------------
Epoch 044 with LR 0.000100: Model Results
----------------------------------------
Train MSE Loss: 0.2658, Train CLS Loss: 0.0000, Train MCLS Loss: 0.0000
Protein Cluster Region Loss - Ortho Loss: 0.0000, Cluster Loss: 0.0000
                              
Validation Results: {
    "ci": 0.7183,
    "classification_loss": 0.0,
    "cluster_loss": 0.0,
    "mae": 1.1808,
    "mse": 2.2709,
    "multiclassification_loss": 0.0,
    "ortho_loss": 0.0,
    "pearson": 0.6279,
    "regression_loss": 2.2798,
    "rm2": 0.3401,
    "rmse": 1.5069,
    "sd": 1.4568,
    "spearman": 0.6131,
    "spectral_loss": 0.0
}
                              
Test Results: {
    "ci": 0.7116,
    "classification_loss": 0.0,
    "cluster_loss": 0.0,
    "mae": 1.1699,
    "mse": 2.2808,
    "multiclassification_loss": 0.0,
    "ortho_loss": 0.0,
    "pearson": 0.6074,
    "regression_loss": 2.2803,
    "rm2": 0.343,
    "rmse": 1.5102,
    "sd": 1.4859,
    "spearman": 0.5896,
    "spectral_loss": 0.0
}
                              
                              
----------------------------------------
Epoch 045 with LR 0.000100: Model Results
----------------------------------------
Train MSE Loss: 0.2487, Train CLS Loss: 0.0000, Train MCLS Loss: 0.0000
Protein Cluster Region Loss - Ortho Loss: 0.0000, Cluster Loss: 0.0000
                              
Validation Results: {
    "ci": 0.7199,
    "classification_loss": 0.0,
    "cluster_loss": 0.0,
    "mae": 1.1787,
    "mse": 2.3471,
    "multiclassification_loss": 0.0,
    "ortho_loss": 0.0,
    "pearson": 0.6236,
    "regression_loss": 2.3599,
    "rm2": 0.3305,
    "rmse": 1.532,
    "sd": 1.4633,
    "spearman": 0.6154,
    "spectral_loss": 0.0
}
                              
Test Results: {
    "ci": 0.7116,
    "classification_loss": 0.0,
    "cluster_loss": 0.0,
    "mae": 1.1699,
    "mse": 2.2808,
    "multiclassification_loss": 0.0,
    "ortho_loss": 0.0,
    "pearson": 0.6074,
    "regression_loss": 2.2803,
    "rm2": 0.343,
    "rmse": 1.5102,
    "sd": 1.4859,
    "spearman": 0.5896,
    "spectral_loss": 0.0
}
                              
                              
----------------------------------------
Epoch 046 with LR 0.000100: Model Results
----------------------------------------
Train MSE Loss: 0.2476, Train CLS Loss: 0.0000, Train MCLS Loss: 0.0000
Protein Cluster Region Loss - Ortho Loss: 0.0000, Cluster Loss: 0.0000
                              
Validation Results: {
    "ci": 0.7183,
    "classification_loss": 0.0,
    "cluster_loss": 0.0,
    "mae": 1.1887,
    "mse": 2.3391,
    "multiclassification_loss": 0.0,
    "ortho_loss": 0.0,
    "pearson": 0.6269,
    "regression_loss": 2.3507,
    "rm2": 0.3339,
    "rmse": 1.5294,
    "sd": 1.4584,
    "spearman": 0.6109,
    "spectral_loss": 0.0
}
                              
Test Results: {
    "ci": 0.7116,
    "classification_loss": 0.0,
    "cluster_loss": 0.0,
    "mae": 1.1699,
    "mse": 2.2808,
    "multiclassification_loss": 0.0,
    "ortho_loss": 0.0,
    "pearson": 0.6074,
    "regression_loss": 2.2803,
    "rm2": 0.343,
    "rmse": 1.5102,
    "sd": 1.4859,
    "spearman": 0.5896,
    "spectral_loss": 0.0
}
                              
                              
----------------------------------------
Epoch 047 with LR 0.000100: Model Results
----------------------------------------
Train MSE Loss: 0.2368, Train CLS Loss: 0.0000, Train MCLS Loss: 0.0000
Protein Cluster Region Loss - Ortho Loss: 0.0000, Cluster Loss: 0.0000
                              
Validation Results: {
    "ci": 0.7211,
    "classification_loss": 0.0,
    "cluster_loss": 0.0,
    "mae": 1.1789,
    "mse": 2.2845,
    "multiclassification_loss": 0.0,
    "ortho_loss": 0.0,
    "pearson": 0.6341,
    "regression_loss": 2.2933,
    "rm2": 0.3518,
    "rmse": 1.5115,
    "sd": 1.4475,
    "spearman": 0.6179,
    "spectral_loss": 0.0
}
                              
Test Results: {
    "ci": 0.7116,
    "classification_loss": 0.0,
    "cluster_loss": 0.0,
    "mae": 1.1699,
    "mse": 2.2808,
    "multiclassification_loss": 0.0,
    "ortho_loss": 0.0,
    "pearson": 0.6074,
    "regression_loss": 2.2803,
    "rm2": 0.343,
    "rmse": 1.5102,
    "sd": 1.4859,
    "spearman": 0.5896,
    "spectral_loss": 0.0
}
                              
                              
----------------------------------------
Epoch 048 with LR 0.000100: Model Results
----------------------------------------
Train MSE Loss: 0.2394, Train CLS Loss: 0.0000, Train MCLS Loss: 0.0000
Protein Cluster Region Loss - Ortho Loss: 0.0000, Cluster Loss: 0.0000
                              
Validation Results: {
    "ci": 0.7165,
    "classification_loss": 0.0,
    "cluster_loss": 0.0,
    "mae": 1.1953,
    "mse": 2.3775,
    "multiclassification_loss": 0.0,
    "ortho_loss": 0.0,
    "pearson": 0.6197,
    "regression_loss": 2.3871,
    "rm2": 0.3361,
    "rmse": 1.5419,
    "sd": 1.4692,
    "spearman": 0.6071,
    "spectral_loss": 0.0
}
                              
Test Results: {
    "ci": 0.7116,
    "classification_loss": 0.0,
    "cluster_loss": 0.0,
    "mae": 1.1699,
    "mse": 2.2808,
    "multiclassification_loss": 0.0,
    "ortho_loss": 0.0,
    "pearson": 0.6074,
    "regression_loss": 2.2803,
    "rm2": 0.343,
    "rmse": 1.5102,
    "sd": 1.4859,
    "spearman": 0.5896,
    "spectral_loss": 0.0
}
                              
                              
----------------------------------------
Epoch 049 with LR 0.000100: Model Results
----------------------------------------
Train MSE Loss: 0.2326, Train CLS Loss: 0.0000, Train MCLS Loss: 0.0000
Protein Cluster Region Loss - Ortho Loss: 0.0000, Cluster Loss: 0.0000
                              
Validation Results: {
    "ci": 0.7191,
    "classification_loss": 0.0,
    "cluster_loss": 0.0,
    "mae": 1.1961,
    "mse": 2.384,
    "multiclassification_loss": 0.0,
    "ortho_loss": 0.0,
    "pearson": 0.6286,
    "regression_loss": 2.398,
    "rm2": 0.3326,
    "rmse": 1.544,
    "sd": 1.4559,
    "spearman": 0.6136,
    "spectral_loss": 0.0
}
                              
Test Results: {
    "ci": 0.7116,
    "classification_loss": 0.0,
    "cluster_loss": 0.0,
    "mae": 1.1699,
    "mse": 2.2808,
    "multiclassification_loss": 0.0,
    "ortho_loss": 0.0,
    "pearson": 0.6074,
    "regression_loss": 2.2803,
    "rm2": 0.343,
    "rmse": 1.5102,
    "sd": 1.4859,
    "spearman": 0.5896,
    "spectral_loss": 0.0
}
                              
                              
----------------------------------------
Epoch 050 with LR 0.000100: Model Results
----------------------------------------
Train MSE Loss: 0.2358, Train CLS Loss: 0.0000, Train MCLS Loss: 0.0000
Protein Cluster Region Loss - Ortho Loss: 0.0000, Cluster Loss: 0.0000
                              
Validation Results: {
    "ci": 0.722,
    "classification_loss": 0.0,
    "cluster_loss": 0.0,
    "mae": 1.1836,
    "mse": 2.3127,
    "multiclassification_loss": 0.0,
    "ortho_loss": 0.0,
    "pearson": 0.6353,
    "regression_loss": 2.323,
    "rm2": 0.3349,
    "rmse": 1.5208,
    "sd": 1.4456,
    "spearman": 0.6221,
    "spectral_loss": 0.0
}
                              
Test Results: {
    "ci": 0.7116,
    "classification_loss": 0.0,
    "cluster_loss": 0.0,
    "mae": 1.1699,
    "mse": 2.2808,
    "multiclassification_loss": 0.0,
    "ortho_loss": 0.0,
    "pearson": 0.6074,
    "regression_loss": 2.2803,
    "rm2": 0.343,
    "rmse": 1.5102,
    "sd": 1.4859,
    "spearman": 0.5896,
    "spectral_loss": 0.0
}
                              
                              
----------------------------------------
Epoch 051 with LR 0.000100: Model Results
----------------------------------------
Train MSE Loss: 0.2251, Train CLS Loss: 0.0000, Train MCLS Loss: 0.0000
Protein Cluster Region Loss - Ortho Loss: 0.0000, Cluster Loss: 0.0000
                              
Validation Results: {
    "ci": 0.7221,
    "classification_loss": 0.0,
    "cluster_loss": 0.0,
    "mae": 1.1952,
    "mse": 2.3356,
    "multiclassification_loss": 0.0,
    "ortho_loss": 0.0,
    "pearson": 0.6355,
    "regression_loss": 2.3467,
    "rm2": 0.3374,
    "rmse": 1.5283,
    "sd": 1.4453,
    "spearman": 0.6217,
    "spectral_loss": 0.0
}
                              
Test Results: {
    "ci": 0.7116,
    "classification_loss": 0.0,
    "cluster_loss": 0.0,
    "mae": 1.1699,
    "mse": 2.2808,
    "multiclassification_loss": 0.0,
    "ortho_loss": 0.0,
    "pearson": 0.6074,
    "regression_loss": 2.2803,
    "rm2": 0.343,
    "rmse": 1.5102,
    "sd": 1.4859,
    "spearman": 0.5896,
    "spectral_loss": 0.0
}
                              
                              
----------------------------------------
Epoch 052 with LR 0.000100: Model Results
----------------------------------------
Train MSE Loss: 0.2226, Train CLS Loss: 0.0000, Train MCLS Loss: 0.0000
Protein Cluster Region Loss - Ortho Loss: 0.0000, Cluster Loss: 0.0000
                              
Validation Results: {
    "ci": 0.7218,
    "classification_loss": 0.0,
    "cluster_loss": 0.0,
    "mae": 1.1805,
    "mse": 2.294,
    "multiclassification_loss": 0.0,
    "ortho_loss": 0.0,
    "pearson": 0.628,
    "regression_loss": 2.3025,
    "rm2": 0.3353,
    "rmse": 1.5146,
    "sd": 1.4567,
    "spearman": 0.6224,
    "spectral_loss": 0.0
}
                              
Test Results: {
    "ci": 0.7116,
    "classification_loss": 0.0,
    "cluster_loss": 0.0,
    "mae": 1.1699,
    "mse": 2.2808,
    "multiclassification_loss": 0.0,
    "ortho_loss": 0.0,
    "pearson": 0.6074,
    "regression_loss": 2.2803,
    "rm2": 0.343,
    "rmse": 1.5102,
    "sd": 1.4859,
    "spearman": 0.5896,
    "spectral_loss": 0.0
}
                              
                              
----------------------------------------
Epoch 053 with LR 0.000100: Model Results
----------------------------------------
Train MSE Loss: 0.2213, Train CLS Loss: 0.0000, Train MCLS Loss: 0.0000
Protein Cluster Region Loss - Ortho Loss: 0.0000, Cluster Loss: 0.0000
                              
Validation Results: {
    "ci": 0.7186,
    "classification_loss": 0.0,
    "cluster_loss": 0.0,
    "mae": 1.195,
    "mse": 2.3525,
    "multiclassification_loss": 0.0,
    "ortho_loss": 0.0,
    "pearson": 0.6323,
    "regression_loss": 2.3636,
    "rm2": 0.3302,
    "rmse": 1.5338,
    "sd": 1.4502,
    "spearman": 0.6126,
    "spectral_loss": 0.0
}
                              
Test Results: {
    "ci": 0.7116,
    "classification_loss": 0.0,
    "cluster_loss": 0.0,
    "mae": 1.1699,
    "mse": 2.2808,
    "multiclassification_loss": 0.0,
    "ortho_loss": 0.0,
    "pearson": 0.6074,
    "regression_loss": 2.2803,
    "rm2": 0.343,
    "rmse": 1.5102,
    "sd": 1.4859,
    "spearman": 0.5896,
    "spectral_loss": 0.0
}
                              
                              
----------------------------------------
Epoch 054 with LR 0.000100: Model Results
----------------------------------------
Train MSE Loss: 0.2167, Train CLS Loss: 0.0000, Train MCLS Loss: 0.0000
Protein Cluster Region Loss - Ortho Loss: 0.0000, Cluster Loss: 0.0000
                              
Validation Results: {
    "ci": 0.7237,
    "classification_loss": 0.0,
    "cluster_loss": 0.0,
    "mae": 1.1834,
    "mse": 2.3044,
    "multiclassification_loss": 0.0,
    "ortho_loss": 0.0,
    "pearson": 0.6381,
    "regression_loss": 2.3146,
    "rm2": 0.3506,
    "rmse": 1.518,
    "sd": 1.4412,
    "spearman": 0.6255,
    "spectral_loss": 0.0
}
                              
Test Results: {
    "ci": 0.7116,
    "classification_loss": 0.0,
    "cluster_loss": 0.0,
    "mae": 1.1699,
    "mse": 2.2808,
    "multiclassification_loss": 0.0,
    "ortho_loss": 0.0,
    "pearson": 0.6074,
    "regression_loss": 2.2803,
    "rm2": 0.343,
    "rmse": 1.5102,
    "sd": 1.4859,
    "spearman": 0.5896,
    "spectral_loss": 0.0
}
                              
                              
----------------------------------------
Epoch 055 with LR 0.000100: Model Results
----------------------------------------
Train MSE Loss: 0.2159, Train CLS Loss: 0.0000, Train MCLS Loss: 0.0000
Protein Cluster Region Loss - Ortho Loss: 0.0000, Cluster Loss: 0.0000
                              
Validation Results: {
    "ci": 0.7213,
    "classification_loss": 0.0,
    "cluster_loss": 0.0,
    "mae": 1.1899,
    "mse": 2.3326,
    "multiclassification_loss": 0.0,
    "ortho_loss": 0.0,
    "pearson": 0.6283,
    "regression_loss": 2.3419,
    "rm2": 0.3217,
    "rmse": 1.5273,
    "sd": 1.4562,
    "spearman": 0.6206,
    "spectral_loss": 0.0
}
                              
Test Results: {
    "ci": 0.7116,
    "classification_loss": 0.0,
    "cluster_loss": 0.0,
    "mae": 1.1699,
    "mse": 2.2808,
    "multiclassification_loss": 0.0,
    "ortho_loss": 0.0,
    "pearson": 0.6074,
    "regression_loss": 2.2803,
    "rm2": 0.343,
    "rmse": 1.5102,
    "sd": 1.4859,
    "spearman": 0.5896,
    "spectral_loss": 0.0
}
                              
                              
----------------------------------------
Epoch 056 with LR 0.000100: Model Results
----------------------------------------
Train MSE Loss: 0.2111, Train CLS Loss: 0.0000, Train MCLS Loss: 0.0000
Protein Cluster Region Loss - Ortho Loss: 0.0000, Cluster Loss: 0.0000
                              
Validation Results: {
    "ci": 0.7238,
    "classification_loss": 0.0,
    "cluster_loss": 0.0,
    "mae": 1.168,
    "mse": 2.256,
    "multiclassification_loss": 0.0,
    "ortho_loss": 0.0,
    "pearson": 0.6386,
    "regression_loss": 2.2642,
    "rm2": 0.3531,
    "rmse": 1.502,
    "sd": 1.4405,
    "spearman": 0.6262,
    "spectral_loss": 0.0
}
                              
Test Results: {
    "ci": 0.7116,
    "classification_loss": 0.0,
    "cluster_loss": 0.0,
    "mae": 1.1699,
    "mse": 2.2808,
    "multiclassification_loss": 0.0,
    "ortho_loss": 0.0,
    "pearson": 0.6074,
    "regression_loss": 2.2803,
    "rm2": 0.343,
    "rmse": 1.5102,
    "sd": 1.4859,
    "spearman": 0.5896,
    "spectral_loss": 0.0
}
                              
                              
----------------------------------------
Epoch 057 with LR 0.000100: Model Results
----------------------------------------
Train MSE Loss: 0.2047, Train CLS Loss: 0.0000, Train MCLS Loss: 0.0000
Protein Cluster Region Loss - Ortho Loss: 0.0000, Cluster Loss: 0.0000
                              
Validation Results: {
    "ci": 0.7192,
    "classification_loss": 0.0,
    "cluster_loss": 0.0,
    "mae": 1.1908,
    "mse": 2.3421,
    "multiclassification_loss": 0.0,
    "ortho_loss": 0.0,
    "pearson": 0.621,
    "regression_loss": 2.3517,
    "rm2": 0.3338,
    "rmse": 1.5304,
    "sd": 1.4672,
    "spearman": 0.6159,
    "spectral_loss": 0.0
}
                              
Test Results: {
    "ci": 0.7116,
    "classification_loss": 0.0,
    "cluster_loss": 0.0,
    "mae": 1.1699,
    "mse": 2.2808,
    "multiclassification_loss": 0.0,
    "ortho_loss": 0.0,
    "pearson": 0.6074,
    "regression_loss": 2.2803,
    "rm2": 0.343,
    "rmse": 1.5102,
    "sd": 1.4859,
    "spearman": 0.5896,
    "spectral_loss": 0.0
}
                              
                              
----------------------------------------
Epoch 058 with LR 0.000100: Model Results
----------------------------------------
Train MSE Loss: 0.2043, Train CLS Loss: 0.0000, Train MCLS Loss: 0.0000
Protein Cluster Region Loss - Ortho Loss: 0.0000, Cluster Loss: 0.0000
                              
Validation Results: {
    "ci": 0.7222,
    "classification_loss": 0.0,
    "cluster_loss": 0.0,
    "mae": 1.1799,
    "mse": 2.3187,
    "multiclassification_loss": 0.0,
    "ortho_loss": 0.0,
    "pearson": 0.6305,
    "regression_loss": 2.3279,
    "rm2": 0.3291,
    "rmse": 1.5227,
    "sd": 1.4529,
    "spearman": 0.6233,
    "spectral_loss": 0.0
}
                              
Test Results: {
    "ci": 0.7116,
    "classification_loss": 0.0,
    "cluster_loss": 0.0,
    "mae": 1.1699,
    "mse": 2.2808,
    "multiclassification_loss": 0.0,
    "ortho_loss": 0.0,
    "pearson": 0.6074,
    "regression_loss": 2.2803,
    "rm2": 0.343,
    "rmse": 1.5102,
    "sd": 1.4859,
    "spearman": 0.5896,
    "spectral_loss": 0.0
}
                              
                              
----------------------------------------
Epoch 059 with LR 0.000100: Model Results
----------------------------------------
Train MSE Loss: 0.1981, Train CLS Loss: 0.0000, Train MCLS Loss: 0.0000
Protein Cluster Region Loss - Ortho Loss: 0.0000, Cluster Loss: 0.0000
                              
Validation Results: {
    "ci": 0.7216,
    "classification_loss": 0.0,
    "cluster_loss": 0.0,
    "mae": 1.1872,
    "mse": 2.317,
    "multiclassification_loss": 0.0,
    "ortho_loss": 0.0,
    "pearson": 0.6344,
    "regression_loss": 2.326,
    "rm2": 0.3461,
    "rmse": 1.5222,
    "sd": 1.4469,
    "spearman": 0.6214,
    "spectral_loss": 0.0
}
                              
Test Results: {
    "ci": 0.7116,
    "classification_loss": 0.0,
    "cluster_loss": 0.0,
    "mae": 1.1699,
    "mse": 2.2808,
    "multiclassification_loss": 0.0,
    "ortho_loss": 0.0,
    "pearson": 0.6074,
    "regression_loss": 2.2803,
    "rm2": 0.343,
    "rmse": 1.5102,
    "sd": 1.4859,
    "spearman": 0.5896,
    "spectral_loss": 0.0
}
                              
                              
----------------------------------------
Epoch 060 with LR 0.000100: Model Results
----------------------------------------
Train MSE Loss: 0.2013, Train CLS Loss: 0.0000, Train MCLS Loss: 0.0000
Protein Cluster Region Loss - Ortho Loss: 0.0000, Cluster Loss: 0.0000
                              
Validation Results: {
    "ci": 0.7242,
    "classification_loss": 0.0,
    "cluster_loss": 0.0,
    "mae": 1.1719,
    "mse": 2.2905,
    "multiclassification_loss": 0.0,
    "ortho_loss": 0.0,
    "pearson": 0.634,
    "regression_loss": 2.2999,
    "rm2": 0.338,
    "rmse": 1.5134,
    "sd": 1.4476,
    "spearman": 0.6265,
    "spectral_loss": 0.0
}
                              
Test Results: {
    "ci": 0.7116,
    "classification_loss": 0.0,
    "cluster_loss": 0.0,
    "mae": 1.1699,
    "mse": 2.2808,
    "multiclassification_loss": 0.0,
    "ortho_loss": 0.0,
    "pearson": 0.6074,
    "regression_loss": 2.2803,
    "rm2": 0.343,
    "rmse": 1.5102,
    "sd": 1.4859,
    "spearman": 0.5896,
    "spectral_loss": 0.0
}
                              
                              
----------------------------------------
Epoch 061 with LR 0.000100: Model Results
----------------------------------------
Train MSE Loss: 0.1946, Train CLS Loss: 0.0000, Train MCLS Loss: 0.0000
Protein Cluster Region Loss - Ortho Loss: 0.0000, Cluster Loss: 0.0000
                              
Validation Results: {
    "ci": 0.7166,
    "classification_loss": 0.0,
    "cluster_loss": 0.0,
    "mae": 1.1906,
    "mse": 2.3292,
    "multiclassification_loss": 0.0,
    "ortho_loss": 0.0,
    "pearson": 0.6209,
    "regression_loss": 2.3381,
    "rm2": 0.3305,
    "rmse": 1.5262,
    "sd": 1.4673,
    "spearman": 0.6095,
    "spectral_loss": 0.0
}
                              
Test Results: {
    "ci": 0.7116,
    "classification_loss": 0.0,
    "cluster_loss": 0.0,
    "mae": 1.1699,
    "mse": 2.2808,
    "multiclassification_loss": 0.0,
    "ortho_loss": 0.0,
    "pearson": 0.6074,
    "regression_loss": 2.2803,
    "rm2": 0.343,
    "rmse": 1.5102,
    "sd": 1.4859,
    "spearman": 0.5896,
    "spectral_loss": 0.0
}
                              
                              
----------------------------------------
Epoch 062 with LR 0.000100: Model Results
----------------------------------------
Train MSE Loss: 0.1865, Train CLS Loss: 0.0000, Train MCLS Loss: 0.0000
Protein Cluster Region Loss - Ortho Loss: 0.0000, Cluster Loss: 0.0000
                              
Validation Results: {
    "ci": 0.7193,
    "classification_loss": 0.0,
    "cluster_loss": 0.0,
    "mae": 1.1877,
    "mse": 2.3135,
    "multiclassification_loss": 0.0,
    "ortho_loss": 0.0,
    "pearson": 0.6272,
    "regression_loss": 2.3223,
    "rm2": 0.3326,
    "rmse": 1.521,
    "sd": 1.4579,
    "spearman": 0.6156,
    "spectral_loss": 0.0
}
                              
Test Results: {
    "ci": 0.7116,
    "classification_loss": 0.0,
    "cluster_loss": 0.0,
    "mae": 1.1699,
    "mse": 2.2808,
    "multiclassification_loss": 0.0,
    "ortho_loss": 0.0,
    "pearson": 0.6074,
    "regression_loss": 2.2803,
    "rm2": 0.343,
    "rmse": 1.5102,
    "sd": 1.4859,
    "spearman": 0.5896,
    "spectral_loss": 0.0
}
                              
                              
----------------------------------------
Epoch 063 with LR 0.000100: Model Results
----------------------------------------
Train MSE Loss: 0.1948, Train CLS Loss: 0.0000, Train MCLS Loss: 0.0000
Protein Cluster Region Loss - Ortho Loss: 0.0000, Cluster Loss: 0.0000
                              
Validation Results: {
    "ci": 0.7206,
    "classification_loss": 0.0,
    "cluster_loss": 0.0,
    "mae": 1.186,
    "mse": 2.3361,
    "multiclassification_loss": 0.0,
    "ortho_loss": 0.0,
    "pearson": 0.6282,
    "regression_loss": 2.3455,
    "rm2": 0.3344,
    "rmse": 1.5284,
    "sd": 1.4564,
    "spearman": 0.6184,
    "spectral_loss": 0.0
}
                              
Test Results: {
    "ci": 0.7116,
    "classification_loss": 0.0,
    "cluster_loss": 0.0,
    "mae": 1.1699,
    "mse": 2.2808,
    "multiclassification_loss": 0.0,
    "ortho_loss": 0.0,
    "pearson": 0.6074,
    "regression_loss": 2.2803,
    "rm2": 0.343,
    "rmse": 1.5102,
    "sd": 1.4859,
    "spearman": 0.5896,
    "spectral_loss": 0.0
}
                              
                              
----------------------------------------
Epoch 064 with LR 0.000100: Model Results
----------------------------------------
Train MSE Loss: 0.1869, Train CLS Loss: 0.0000, Train MCLS Loss: 0.0000
Protein Cluster Region Loss - Ortho Loss: 0.0000, Cluster Loss: 0.0000
                              
Validation Results: {
    "ci": 0.7157,
    "classification_loss": 0.0,
    "cluster_loss": 0.0,
    "mae": 1.1824,
    "mse": 2.3086,
    "multiclassification_loss": 0.0,
    "ortho_loss": 0.0,
    "pearson": 0.6174,
    "regression_loss": 2.3152,
    "rm2": 0.3343,
    "rmse": 1.5194,
    "sd": 1.4725,
    "spearman": 0.6069,
    "spectral_loss": 0.0
}
                              
Test Results: {
    "ci": 0.7116,
    "classification_loss": 0.0,
    "cluster_loss": 0.0,
    "mae": 1.1699,
    "mse": 2.2808,
    "multiclassification_loss": 0.0,
    "ortho_loss": 0.0,
    "pearson": 0.6074,
    "regression_loss": 2.2803,
    "rm2": 0.343,
    "rmse": 1.5102,
    "sd": 1.4859,
    "spearman": 0.5896,
    "spectral_loss": 0.0
}
                              
                              
----------------------------------------
Epoch 065 with LR 0.000100: Model Results
----------------------------------------
Train MSE Loss: 0.1807, Train CLS Loss: 0.0000, Train MCLS Loss: 0.0000
Protein Cluster Region Loss - Ortho Loss: 0.0000, Cluster Loss: 0.0000
                              
Validation Results: {
    "ci": 0.7208,
    "classification_loss": 0.0,
    "cluster_loss": 0.0,
    "mae": 1.1776,
    "mse": 2.3025,
    "multiclassification_loss": 0.0,
    "ortho_loss": 0.0,
    "pearson": 0.6275,
    "regression_loss": 2.3098,
    "rm2": 0.3331,
    "rmse": 1.5174,
    "sd": 1.4575,
    "spearman": 0.6189,
    "spectral_loss": 0.0
}
                              
Test Results: {
    "ci": 0.7116,
    "classification_loss": 0.0,
    "cluster_loss": 0.0,
    "mae": 1.1699,
    "mse": 2.2808,
    "multiclassification_loss": 0.0,
    "ortho_loss": 0.0,
    "pearson": 0.6074,
    "regression_loss": 2.2803,
    "rm2": 0.343,
    "rmse": 1.5102,
    "sd": 1.4859,
    "spearman": 0.5896,
    "spectral_loss": 0.0
}
                              
                              
----------------------------------------
Epoch 066 with LR 0.000100: Model Results
----------------------------------------
Train MSE Loss: 0.1795, Train CLS Loss: 0.0000, Train MCLS Loss: 0.0000
Protein Cluster Region Loss - Ortho Loss: 0.0000, Cluster Loss: 0.0000
                              
Validation Results: {
    "ci": 0.7215,
    "classification_loss": 0.0,
    "cluster_loss": 0.0,
    "mae": 1.1992,
    "mse": 2.3662,
    "multiclassification_loss": 0.0,
    "ortho_loss": 0.0,
    "pearson": 0.6313,
    "regression_loss": 2.3759,
    "rm2": 0.343,
    "rmse": 1.5382,
    "sd": 1.4516,
    "spearman": 0.6214,
    "spectral_loss": 0.0
}
                              
Test Results: {
    "ci": 0.7116,
    "classification_loss": 0.0,
    "cluster_loss": 0.0,
    "mae": 1.1699,
    "mse": 2.2808,
    "multiclassification_loss": 0.0,
    "ortho_loss": 0.0,
    "pearson": 0.6074,
    "regression_loss": 2.2803,
    "rm2": 0.343,
    "rmse": 1.5102,
    "sd": 1.4859,
    "spearman": 0.5896,
    "spectral_loss": 0.0
}
                              
                              
----------------------------------------
Epoch 067 with LR 0.000100: Model Results
----------------------------------------
Train MSE Loss: 0.1764, Train CLS Loss: 0.0000, Train MCLS Loss: 0.0000
Protein Cluster Region Loss - Ortho Loss: 0.0000, Cluster Loss: 0.0000
                              
Validation Results: {
    "ci": 0.7214,
    "classification_loss": 0.0,
    "cluster_loss": 0.0,
    "mae": 1.1863,
    "mse": 2.3144,
    "multiclassification_loss": 0.0,
    "ortho_loss": 0.0,
    "pearson": 0.6321,
    "regression_loss": 2.3234,
    "rm2": 0.3369,
    "rmse": 1.5213,
    "sd": 1.4505,
    "spearman": 0.6209,
    "spectral_loss": 0.0
}
                              
Test Results: {
    "ci": 0.7116,
    "classification_loss": 0.0,
    "cluster_loss": 0.0,
    "mae": 1.1699,
    "mse": 2.2808,
    "multiclassification_loss": 0.0,
    "ortho_loss": 0.0,
    "pearson": 0.6074,
    "regression_loss": 2.2803,
    "rm2": 0.343,
    "rmse": 1.5102,
    "sd": 1.4859,
    "spearman": 0.5896,
    "spectral_loss": 0.0
}
                              
                              
----------------------------------------
Epoch 068 with LR 0.000100: Model Results
----------------------------------------
Train MSE Loss: 0.1766, Train CLS Loss: 0.0000, Train MCLS Loss: 0.0000
Protein Cluster Region Loss - Ortho Loss: 0.0000, Cluster Loss: 0.0000
                              
Validation Results: {
    "ci": 0.7177,
    "classification_loss": 0.0,
    "cluster_loss": 0.0,
    "mae": 1.1971,
    "mse": 2.3646,
    "multiclassification_loss": 0.0,
    "ortho_loss": 0.0,
    "pearson": 0.6243,
    "regression_loss": 2.3738,
    "rm2": 0.3245,
    "rmse": 1.5377,
    "sd": 1.4623,
    "spearman": 0.6112,
    "spectral_loss": 0.0
}
                              
Test Results: {
    "ci": 0.7116,
    "classification_loss": 0.0,
    "cluster_loss": 0.0,
    "mae": 1.1699,
    "mse": 2.2808,
    "multiclassification_loss": 0.0,
    "ortho_loss": 0.0,
    "pearson": 0.6074,
    "regression_loss": 2.2803,
    "rm2": 0.343,
    "rmse": 1.5102,
    "sd": 1.4859,
    "spearman": 0.5896,
    "spectral_loss": 0.0
}
                              
                              
----------------------------------------
Epoch 069 with LR 0.000100: Model Results
----------------------------------------
Train MSE Loss: 0.1837, Train CLS Loss: 0.0000, Train MCLS Loss: 0.0000
Protein Cluster Region Loss - Ortho Loss: 0.0000, Cluster Loss: 0.0000
                              
Validation Results: {
    "ci": 0.7215,
    "classification_loss": 0.0,
    "cluster_loss": 0.0,
    "mae": 1.1796,
    "mse": 2.2975,
    "multiclassification_loss": 0.0,
    "ortho_loss": 0.0,
    "pearson": 0.6319,
    "regression_loss": 2.3066,
    "rm2": 0.3438,
    "rmse": 1.5157,
    "sd": 1.4508,
    "spearman": 0.6204,
    "spectral_loss": 0.0
}
                              
Test Results: {
    "ci": 0.7116,
    "classification_loss": 0.0,
    "cluster_loss": 0.0,
    "mae": 1.1699,
    "mse": 2.2808,
    "multiclassification_loss": 0.0,
    "ortho_loss": 0.0,
    "pearson": 0.6074,
    "regression_loss": 2.2803,
    "rm2": 0.343,
    "rmse": 1.5102,
    "sd": 1.4859,
    "spearman": 0.5896,
    "spectral_loss": 0.0
}
                              
                              
----------------------------------------
Epoch 070 with LR 0.000100: Model Results
----------------------------------------
Train MSE Loss: 0.1681, Train CLS Loss: 0.0000, Train MCLS Loss: 0.0000
Protein Cluster Region Loss - Ortho Loss: 0.0000, Cluster Loss: 0.0000
                              
Validation Results: {
    "ci": 0.721,
    "classification_loss": 0.0,
    "cluster_loss": 0.0,
    "mae": 1.185,
    "mse": 2.328,
    "multiclassification_loss": 0.0,
    "ortho_loss": 0.0,
    "pearson": 0.6285,
    "regression_loss": 2.3367,
    "rm2": 0.3401,
    "rmse": 1.5258,
    "sd": 1.456,
    "spearman": 0.6199,
    "spectral_loss": 0.0
}
                              
Test Results: {
    "ci": 0.7116,
    "classification_loss": 0.0,
    "cluster_loss": 0.0,
    "mae": 1.1699,
    "mse": 2.2808,
    "multiclassification_loss": 0.0,
    "ortho_loss": 0.0,
    "pearson": 0.6074,
    "regression_loss": 2.2803,
    "rm2": 0.343,
    "rmse": 1.5102,
    "sd": 1.4859,
    "spearman": 0.5896,
    "spectral_loss": 0.0
}
                              
                              
----------------------------------------
Epoch 071 with LR 0.000100: Model Results
----------------------------------------
Train MSE Loss: 0.1761, Train CLS Loss: 0.0000, Train MCLS Loss: 0.0000
Protein Cluster Region Loss - Ortho Loss: 0.0000, Cluster Loss: 0.0000
                              
Validation Results: {
    "ci": 0.7193,
    "classification_loss": 0.0,
    "cluster_loss": 0.0,
    "mae": 1.2015,
    "mse": 2.3716,
    "multiclassification_loss": 0.0,
    "ortho_loss": 0.0,
    "pearson": 0.6251,
    "regression_loss": 2.3829,
    "rm2": 0.3389,
    "rmse": 1.54,
    "sd": 1.4611,
    "spearman": 0.6154,
    "spectral_loss": 0.0
}
                              
Test Results: {
    "ci": 0.7116,
    "classification_loss": 0.0,
    "cluster_loss": 0.0,
    "mae": 1.1699,
    "mse": 2.2808,
    "multiclassification_loss": 0.0,
    "ortho_loss": 0.0,
    "pearson": 0.6074,
    "regression_loss": 2.2803,
    "rm2": 0.343,
    "rmse": 1.5102,
    "sd": 1.4859,
    "spearman": 0.5896,
    "spectral_loss": 0.0
}
                              
                              
----------------------------------------
Epoch 072 with LR 0.000100: Model Results
----------------------------------------
Train MSE Loss: 0.1671, Train CLS Loss: 0.0000, Train MCLS Loss: 0.0000
Protein Cluster Region Loss - Ortho Loss: 0.0000, Cluster Loss: 0.0000
                              
Validation Results: {
    "ci": 0.7214,
    "classification_loss": 0.0,
    "cluster_loss": 0.0,
    "mae": 1.1729,
    "mse": 2.2792,
    "multiclassification_loss": 0.0,
    "ortho_loss": 0.0,
    "pearson": 0.6289,
    "regression_loss": 2.2869,
    "rm2": 0.3378,
    "rmse": 1.5097,
    "sd": 1.4553,
    "spearman": 0.622,
    "spectral_loss": 0.0
}
                              
Test Results: {
    "ci": 0.7116,
    "classification_loss": 0.0,
    "cluster_loss": 0.0,
    "mae": 1.1699,
    "mse": 2.2808,
    "multiclassification_loss": 0.0,
    "ortho_loss": 0.0,
    "pearson": 0.6074,
    "regression_loss": 2.2803,
    "rm2": 0.343,
    "rmse": 1.5102,
    "sd": 1.4859,
    "spearman": 0.5896,
    "spectral_loss": 0.0
}
                              
                              
----------------------------------------
Epoch 073 with LR 0.000100: Model Results
----------------------------------------
Train MSE Loss: 0.1629, Train CLS Loss: 0.0000, Train MCLS Loss: 0.0000
Protein Cluster Region Loss - Ortho Loss: 0.0000, Cluster Loss: 0.0000
                              
Validation Results: {
    "ci": 0.7207,
    "classification_loss": 0.0,
    "cluster_loss": 0.0,
    "mae": 1.187,
    "mse": 2.3389,
    "multiclassification_loss": 0.0,
    "ortho_loss": 0.0,
    "pearson": 0.6264,
    "regression_loss": 2.3484,
    "rm2": 0.3236,
    "rmse": 1.5294,
    "sd": 1.4591,
    "spearman": 0.6193,
    "spectral_loss": 0.0
}
                              
Test Results: {
    "ci": 0.7116,
    "classification_loss": 0.0,
    "cluster_loss": 0.0,
    "mae": 1.1699,
    "mse": 2.2808,
    "multiclassification_loss": 0.0,
    "ortho_loss": 0.0,
    "pearson": 0.6074,
    "regression_loss": 2.2803,
    "rm2": 0.343,
    "rmse": 1.5102,
    "sd": 1.4859,
    "spearman": 0.5896,
    "spectral_loss": 0.0
}
                              
                              
----------------------------------------
Epoch 074 with LR 0.000100: Model Results
----------------------------------------
Train MSE Loss: 0.1642, Train CLS Loss: 0.0000, Train MCLS Loss: 0.0000
Protein Cluster Region Loss - Ortho Loss: 0.0000, Cluster Loss: 0.0000
                              
Validation Results: {
    "ci": 0.7181,
    "classification_loss": 0.0,
    "cluster_loss": 0.0,
    "mae": 1.1974,
    "mse": 2.3631,
    "multiclassification_loss": 0.0,
    "ortho_loss": 0.0,
    "pearson": 0.621,
    "regression_loss": 2.3743,
    "rm2": 0.321,
    "rmse": 1.5372,
    "sd": 1.4672,
    "spearman": 0.6129,
    "spectral_loss": 0.0
}
                              
Test Results: {
    "ci": 0.7116,
    "classification_loss": 0.0,
    "cluster_loss": 0.0,
    "mae": 1.1699,
    "mse": 2.2808,
    "multiclassification_loss": 0.0,
    "ortho_loss": 0.0,
    "pearson": 0.6074,
    "regression_loss": 2.2803,
    "rm2": 0.343,
    "rmse": 1.5102,
    "sd": 1.4859,
    "spearman": 0.5896,
    "spectral_loss": 0.0
}
                              
                              
----------------------------------------
Epoch 075 with LR 0.000100: Model Results
----------------------------------------
Train MSE Loss: 0.1666, Train CLS Loss: 0.0000, Train MCLS Loss: 0.0000
Protein Cluster Region Loss - Ortho Loss: 0.0000, Cluster Loss: 0.0000
                              
Validation Results: {
    "ci": 0.7156,
    "classification_loss": 0.0,
    "cluster_loss": 0.0,
    "mae": 1.207,
    "mse": 2.3765,
    "multiclassification_loss": 0.0,
    "ortho_loss": 0.0,
    "pearson": 0.6221,
    "regression_loss": 2.388,
    "rm2": 0.3349,
    "rmse": 1.5416,
    "sd": 1.4656,
    "spearman": 0.6058,
    "spectral_loss": 0.0
}
                              
Test Results: {
    "ci": 0.7116,
    "classification_loss": 0.0,
    "cluster_loss": 0.0,
    "mae": 1.1699,
    "mse": 2.2808,
    "multiclassification_loss": 0.0,
    "ortho_loss": 0.0,
    "pearson": 0.6074,
    "regression_loss": 2.2803,
    "rm2": 0.343,
    "rmse": 1.5102,
    "sd": 1.4859,
    "spearman": 0.5896,
    "spectral_loss": 0.0
}
                              
                              
----------------------------------------
Epoch 076 with LR 0.000100: Model Results
----------------------------------------
Train MSE Loss: 0.1588, Train CLS Loss: 0.0000, Train MCLS Loss: 0.0000
Protein Cluster Region Loss - Ortho Loss: 0.0000, Cluster Loss: 0.0000
                              
Validation Results: {
    "ci": 0.7175,
    "classification_loss": 0.0,
    "cluster_loss": 0.0,
    "mae": 1.1943,
    "mse": 2.3315,
    "multiclassification_loss": 0.0,
    "ortho_loss": 0.0,
    "pearson": 0.6234,
    "regression_loss": 2.3393,
    "rm2": 0.3247,
    "rmse": 1.5269,
    "sd": 1.4637,
    "spearman": 0.6125,
    "spectral_loss": 0.0
}
                              
Test Results: {
    "ci": 0.7116,
    "classification_loss": 0.0,
    "cluster_loss": 0.0,
    "mae": 1.1699,
    "mse": 2.2808,
    "multiclassification_loss": 0.0,
    "ortho_loss": 0.0,
    "pearson": 0.6074,
    "regression_loss": 2.2803,
    "rm2": 0.343,
    "rmse": 1.5102,
    "sd": 1.4859,
    "spearman": 0.5896,
    "spectral_loss": 0.0
}
                              
                              
----------------------------------------
Epoch 077 with LR 0.000100: Model Results
----------------------------------------
Train MSE Loss: 0.1631, Train CLS Loss: 0.0000, Train MCLS Loss: 0.0000
Protein Cluster Region Loss - Ortho Loss: 0.0000, Cluster Loss: 0.0000
                              
Validation Results: {
    "ci": 0.7176,
    "classification_loss": 0.0,
    "cluster_loss": 0.0,
    "mae": 1.1899,
    "mse": 2.3443,
    "multiclassification_loss": 0.0,
    "ortho_loss": 0.0,
    "pearson": 0.6199,
    "regression_loss": 2.353,
    "rm2": 0.3199,
    "rmse": 1.5311,
    "sd": 1.4689,
    "spearman": 0.6112,
    "spectral_loss": 0.0
}
                              
Test Results: {
    "ci": 0.7116,
    "classification_loss": 0.0,
    "cluster_loss": 0.0,
    "mae": 1.1699,
    "mse": 2.2808,
    "multiclassification_loss": 0.0,
    "ortho_loss": 0.0,
    "pearson": 0.6074,
    "regression_loss": 2.2803,
    "rm2": 0.343,
    "rmse": 1.5102,
    "sd": 1.4859,
    "spearman": 0.5896,
    "spectral_loss": 0.0
}
                              
                              
----------------------------------------
Epoch 078 with LR 0.000100: Model Results
----------------------------------------
Train MSE Loss: 0.1529, Train CLS Loss: 0.0000, Train MCLS Loss: 0.0000
Protein Cluster Region Loss - Ortho Loss: 0.0000, Cluster Loss: 0.0000
                              
Validation Results: {
    "ci": 0.716,
    "classification_loss": 0.0,
    "cluster_loss": 0.0,
    "mae": 1.2002,
    "mse": 2.375,
    "multiclassification_loss": 0.0,
    "ortho_loss": 0.0,
    "pearson": 0.6196,
    "regression_loss": 2.3841,
    "rm2": 0.3146,
    "rmse": 1.5411,
    "sd": 1.4692,
    "spearman": 0.6081,
    "spectral_loss": 0.0
}
                              
Test Results: {
    "ci": 0.7116,
    "classification_loss": 0.0,
    "cluster_loss": 0.0,
    "mae": 1.1699,
    "mse": 2.2808,
    "multiclassification_loss": 0.0,
    "ortho_loss": 0.0,
    "pearson": 0.6074,
    "regression_loss": 2.2803,
    "rm2": 0.343,
    "rmse": 1.5102,
    "sd": 1.4859,
    "spearman": 0.5896,
    "spectral_loss": 0.0
}
                              
                              
----------------------------------------
Epoch 079 with LR 0.000100: Model Results
----------------------------------------
Train MSE Loss: 0.1524, Train CLS Loss: 0.0000, Train MCLS Loss: 0.0000
Protein Cluster Region Loss - Ortho Loss: 0.0000, Cluster Loss: 0.0000
                              
Validation Results: {
    "ci": 0.718,
    "classification_loss": 0.0,
    "cluster_loss": 0.0,
    "mae": 1.1883,
    "mse": 2.3641,
    "multiclassification_loss": 0.0,
    "ortho_loss": 0.0,
    "pearson": 0.6213,
    "regression_loss": 2.3743,
    "rm2": 0.3169,
    "rmse": 1.5375,
    "sd": 1.4668,
    "spearman": 0.6132,
    "spectral_loss": 0.0
}
                              
Test Results: {
    "ci": 0.7116,
    "classification_loss": 0.0,
    "cluster_loss": 0.0,
    "mae": 1.1699,
    "mse": 2.2808,
    "multiclassification_loss": 0.0,
    "ortho_loss": 0.0,
    "pearson": 0.6074,
    "regression_loss": 2.2803,
    "rm2": 0.343,
    "rmse": 1.5102,
    "sd": 1.4859,
    "spearman": 0.5896,
    "spectral_loss": 0.0
}
                              
                              
----------------------------------------
Epoch 080 with LR 0.000100: Model Results
----------------------------------------
Train MSE Loss: 0.1535, Train CLS Loss: 0.0000, Train MCLS Loss: 0.0000
Protein Cluster Region Loss - Ortho Loss: 0.0000, Cluster Loss: 0.0000
                              
Validation Results: {
    "ci": 0.7209,
    "classification_loss": 0.0,
    "cluster_loss": 0.0,
    "mae": 1.1817,
    "mse": 2.3017,
    "multiclassification_loss": 0.0,
    "ortho_loss": 0.0,
    "pearson": 0.6332,
    "regression_loss": 2.309,
    "rm2": 0.3353,
    "rmse": 1.5171,
    "sd": 1.4488,
    "spearman": 0.6207,
    "spectral_loss": 0.0
}
                              
Test Results: {
    "ci": 0.7116,
    "classification_loss": 0.0,
    "cluster_loss": 0.0,
    "mae": 1.1699,
    "mse": 2.2808,
    "multiclassification_loss": 0.0,
    "ortho_loss": 0.0,
    "pearson": 0.6074,
    "regression_loss": 2.2803,
    "rm2": 0.343,
    "rmse": 1.5102,
    "sd": 1.4859,
    "spearman": 0.5896,
    "spectral_loss": 0.0
}
                              
                              
----------------------------------------
Epoch 081 with LR 0.000100: Model Results
----------------------------------------
Train MSE Loss: 0.1470, Train CLS Loss: 0.0000, Train MCLS Loss: 0.0000
Protein Cluster Region Loss - Ortho Loss: 0.0000, Cluster Loss: 0.0000
                              
Validation Results: {
    "ci": 0.7192,
    "classification_loss": 0.0,
    "cluster_loss": 0.0,
    "mae": 1.1879,
    "mse": 2.3341,
    "multiclassification_loss": 0.0,
    "ortho_loss": 0.0,
    "pearson": 0.6226,
    "regression_loss": 2.3417,
    "rm2": 0.3219,
    "rmse": 1.5278,
    "sd": 1.4648,
    "spearman": 0.6164,
    "spectral_loss": 0.0
}
                              
Test Results: {
    "ci": 0.7116,
    "classification_loss": 0.0,
    "cluster_loss": 0.0,
    "mae": 1.1699,
    "mse": 2.2808,
    "multiclassification_loss": 0.0,
    "ortho_loss": 0.0,
    "pearson": 0.6074,
    "regression_loss": 2.2803,
    "rm2": 0.343,
    "rmse": 1.5102,
    "sd": 1.4859,
    "spearman": 0.5896,
    "spectral_loss": 0.0
}
                              
                              
----------------------------------------
Epoch 082 with LR 0.000100: Model Results
----------------------------------------
Train MSE Loss: 0.1478, Train CLS Loss: 0.0000, Train MCLS Loss: 0.0000
Protein Cluster Region Loss - Ortho Loss: 0.0000, Cluster Loss: 0.0000
                              
Validation Results: {
    "ci": 0.7212,
    "classification_loss": 0.0,
    "cluster_loss": 0.0,
    "mae": 1.1908,
    "mse": 2.3221,
    "multiclassification_loss": 0.0,
    "ortho_loss": 0.0,
    "pearson": 0.6325,
    "regression_loss": 2.3302,
    "rm2": 0.3261,
    "rmse": 1.5239,
    "sd": 1.4499,
    "spearman": 0.6212,
    "spectral_loss": 0.0
}
                              
Test Results: {
    "ci": 0.7116,
    "classification_loss": 0.0,
    "cluster_loss": 0.0,
    "mae": 1.1699,
    "mse": 2.2808,
    "multiclassification_loss": 0.0,
    "ortho_loss": 0.0,
    "pearson": 0.6074,
    "regression_loss": 2.2803,
    "rm2": 0.343,
    "rmse": 1.5102,
    "sd": 1.4859,
    "spearman": 0.5896,
    "spectral_loss": 0.0
}
                              
                              
----------------------------------------
Epoch 083 with LR 0.000100: Model Results
----------------------------------------
Train MSE Loss: 0.1510, Train CLS Loss: 0.0000, Train MCLS Loss: 0.0000
Protein Cluster Region Loss - Ortho Loss: 0.0000, Cluster Loss: 0.0000
                              
Validation Results: {
    "ci": 0.7169,
    "classification_loss": 0.0,
    "cluster_loss": 0.0,
    "mae": 1.2153,
    "mse": 2.385,
    "multiclassification_loss": 0.0,
    "ortho_loss": 0.0,
    "pearson": 0.6232,
    "regression_loss": 2.395,
    "rm2": 0.3297,
    "rmse": 1.5443,
    "sd": 1.4639,
    "spearman": 0.6119,
    "spectral_loss": 0.0
}
                              
Test Results: {
    "ci": 0.7116,
    "classification_loss": 0.0,
    "cluster_loss": 0.0,
    "mae": 1.1699,
    "mse": 2.2808,
    "multiclassification_loss": 0.0,
    "ortho_loss": 0.0,
    "pearson": 0.6074,
    "regression_loss": 2.2803,
    "rm2": 0.343,
    "rmse": 1.5102,
    "sd": 1.4859,
    "spearman": 0.5896,
    "spectral_loss": 0.0
}
                              
                              
----------------------------------------
Epoch 084 with LR 0.000100: Model Results
----------------------------------------
Train MSE Loss: 0.1527, Train CLS Loss: 0.0000, Train MCLS Loss: 0.0000
Protein Cluster Region Loss - Ortho Loss: 0.0000, Cluster Loss: 0.0000
                              
Validation Results: {
    "ci": 0.7192,
    "classification_loss": 0.0,
    "cluster_loss": 0.0,
    "mae": 1.1941,
    "mse": 2.3387,
    "multiclassification_loss": 0.0,
    "ortho_loss": 0.0,
    "pearson": 0.626,
    "regression_loss": 2.3479,
    "rm2": 0.3434,
    "rmse": 1.5293,
    "sd": 1.4597,
    "spearman": 0.6165,
    "spectral_loss": 0.0
}
                              
Test Results: {
    "ci": 0.7116,
    "classification_loss": 0.0,
    "cluster_loss": 0.0,
    "mae": 1.1699,
    "mse": 2.2808,
    "multiclassification_loss": 0.0,
    "ortho_loss": 0.0,
    "pearson": 0.6074,
    "regression_loss": 2.2803,
    "rm2": 0.343,
    "rmse": 1.5102,
    "sd": 1.4859,
    "spearman": 0.5896,
    "spectral_loss": 0.0
}
                              
                              
----------------------------------------
Epoch 085 with LR 0.000100: Model Results
----------------------------------------
Train MSE Loss: 0.1433, Train CLS Loss: 0.0000, Train MCLS Loss: 0.0000
Protein Cluster Region Loss - Ortho Loss: 0.0000, Cluster Loss: 0.0000
                              
Validation Results: {
    "ci": 0.7232,
    "classification_loss": 0.0,
    "cluster_loss": 0.0,
    "mae": 1.1806,
    "mse": 2.2939,
    "multiclassification_loss": 0.0,
    "ortho_loss": 0.0,
    "pearson": 0.6351,
    "regression_loss": 2.3021,
    "rm2": 0.3374,
    "rmse": 1.5146,
    "sd": 1.4459,
    "spearman": 0.6262,
    "spectral_loss": 0.0
}
                              
Test Results: {
    "ci": 0.7116,
    "classification_loss": 0.0,
    "cluster_loss": 0.0,
    "mae": 1.1699,
    "mse": 2.2808,
    "multiclassification_loss": 0.0,
    "ortho_loss": 0.0,
    "pearson": 0.6074,
    "regression_loss": 2.2803,
    "rm2": 0.343,
    "rmse": 1.5102,
    "sd": 1.4859,
    "spearman": 0.5896,
    "spectral_loss": 0.0
}
                              
                              
----------------------------------------
Epoch 086 with LR 0.000100: Model Results
----------------------------------------
Train MSE Loss: 0.1467, Train CLS Loss: 0.0000, Train MCLS Loss: 0.0000
Protein Cluster Region Loss - Ortho Loss: 0.0000, Cluster Loss: 0.0000
                              
Validation Results: {
    "ci": 0.7226,
    "classification_loss": 0.0,
    "cluster_loss": 0.0,
    "mae": 1.1799,
    "mse": 2.3078,
    "multiclassification_loss": 0.0,
    "ortho_loss": 0.0,
    "pearson": 0.6321,
    "regression_loss": 2.3168,
    "rm2": 0.3305,
    "rmse": 1.5192,
    "sd": 1.4505,
    "spearman": 0.6245,
    "spectral_loss": 0.0
}
                              
Test Results: {
    "ci": 0.7116,
    "classification_loss": 0.0,
    "cluster_loss": 0.0,
    "mae": 1.1699,
    "mse": 2.2808,
    "multiclassification_loss": 0.0,
    "ortho_loss": 0.0,
    "pearson": 0.6074,
    "regression_loss": 2.2803,
    "rm2": 0.343,
    "rmse": 1.5102,
    "sd": 1.4859,
    "spearman": 0.5896,
    "spectral_loss": 0.0
}
                              
                              
----------------------------------------
Epoch 087 with LR 0.000100: Model Results
----------------------------------------
Train MSE Loss: 0.1410, Train CLS Loss: 0.0000, Train MCLS Loss: 0.0000
Protein Cluster Region Loss - Ortho Loss: 0.0000, Cluster Loss: 0.0000
                              
Validation Results: {
    "ci": 0.7227,
    "classification_loss": 0.0,
    "cluster_loss": 0.0,
    "mae": 1.186,
    "mse": 2.2844,
    "multiclassification_loss": 0.0,
    "ortho_loss": 0.0,
    "pearson": 0.6341,
    "regression_loss": 2.2923,
    "rm2": 0.3398,
    "rmse": 1.5114,
    "sd": 1.4475,
    "spearman": 0.6259,
    "spectral_loss": 0.0
}
                              
Test Results: {
    "ci": 0.7116,
    "classification_loss": 0.0,
    "cluster_loss": 0.0,
    "mae": 1.1699,
    "mse": 2.2808,
    "multiclassification_loss": 0.0,
    "ortho_loss": 0.0,
    "pearson": 0.6074,
    "regression_loss": 2.2803,
    "rm2": 0.343,
    "rmse": 1.5102,
    "sd": 1.4859,
    "spearman": 0.5896,
    "spectral_loss": 0.0
}
                              
                              
----------------------------------------
Epoch 088 with LR 0.000100: Model Results
----------------------------------------
Train MSE Loss: 0.1379, Train CLS Loss: 0.0000, Train MCLS Loss: 0.0000
Protein Cluster Region Loss - Ortho Loss: 0.0000, Cluster Loss: 0.0000
                              
Validation Results: {
    "ci": 0.721,
    "classification_loss": 0.0,
    "cluster_loss": 0.0,
    "mae": 1.1803,
    "mse": 2.305,
    "multiclassification_loss": 0.0,
    "ortho_loss": 0.0,
    "pearson": 0.6337,
    "regression_loss": 2.3132,
    "rm2": 0.3413,
    "rmse": 1.5182,
    "sd": 1.448,
    "spearman": 0.6186,
    "spectral_loss": 0.0
}
                              
Test Results: {
    "ci": 0.7116,
    "classification_loss": 0.0,
    "cluster_loss": 0.0,
    "mae": 1.1699,
    "mse": 2.2808,
    "multiclassification_loss": 0.0,
    "ortho_loss": 0.0,
    "pearson": 0.6074,
    "regression_loss": 2.2803,
    "rm2": 0.343,
    "rmse": 1.5102,
    "sd": 1.4859,
    "spearman": 0.5896,
    "spectral_loss": 0.0
}
                              
                              
----------------------------------------
Epoch 089 with LR 0.000100: Model Results
----------------------------------------
Train MSE Loss: 0.1333, Train CLS Loss: 0.0000, Train MCLS Loss: 0.0000
Protein Cluster Region Loss - Ortho Loss: 0.0000, Cluster Loss: 0.0000
                              
Validation Results: {
    "ci": 0.7242,
    "classification_loss": 0.0,
    "cluster_loss": 0.0,
    "mae": 1.1792,
    "mse": 2.2938,
    "multiclassification_loss": 0.0,
    "ortho_loss": 0.0,
    "pearson": 0.6401,
    "regression_loss": 2.3005,
    "rm2": 0.3346,
    "rmse": 1.5145,
    "sd": 1.4381,
    "spearman": 0.629,
    "spectral_loss": 0.0
}
                              
Test Results: {
    "ci": 0.7116,
    "classification_loss": 0.0,
    "cluster_loss": 0.0,
    "mae": 1.1699,
    "mse": 2.2808,
    "multiclassification_loss": 0.0,
    "ortho_loss": 0.0,
    "pearson": 0.6074,
    "regression_loss": 2.2803,
    "rm2": 0.343,
    "rmse": 1.5102,
    "sd": 1.4859,
    "spearman": 0.5896,
    "spectral_loss": 0.0
}
                              
                              
----------------------------------------
Epoch 090 with LR 0.000100: Model Results
----------------------------------------
Train MSE Loss: 0.1324, Train CLS Loss: 0.0000, Train MCLS Loss: 0.0000
Protein Cluster Region Loss - Ortho Loss: 0.0000, Cluster Loss: 0.0000
                              
Validation Results: {
    "ci": 0.7257,
    "classification_loss": 0.0,
    "cluster_loss": 0.0,
    "mae": 1.1733,
    "mse": 2.2683,
    "multiclassification_loss": 0.0,
    "ortho_loss": 0.0,
    "pearson": 0.6401,
    "regression_loss": 2.2752,
    "rm2": 0.3385,
    "rmse": 1.5061,
    "sd": 1.4382,
    "spearman": 0.6338,
    "spectral_loss": 0.0
}
                              
Test Results: {
    "ci": 0.7116,
    "classification_loss": 0.0,
    "cluster_loss": 0.0,
    "mae": 1.1699,
    "mse": 2.2808,
    "multiclassification_loss": 0.0,
    "ortho_loss": 0.0,
    "pearson": 0.6074,
    "regression_loss": 2.2803,
    "rm2": 0.343,
    "rmse": 1.5102,
    "sd": 1.4859,
    "spearman": 0.5896,
    "spectral_loss": 0.0
}
                              
                              
----------------------------------------
Epoch 091 with LR 0.000100: Model Results
----------------------------------------
Train MSE Loss: 0.1289, Train CLS Loss: 0.0000, Train MCLS Loss: 0.0000
Protein Cluster Region Loss - Ortho Loss: 0.0000, Cluster Loss: 0.0000
                              
Validation Results: {
    "ci": 0.7202,
    "classification_loss": 0.0,
    "cluster_loss": 0.0,
    "mae": 1.1952,
    "mse": 2.3354,
    "multiclassification_loss": 0.0,
    "ortho_loss": 0.0,
    "pearson": 0.6258,
    "regression_loss": 2.3445,
    "rm2": 0.3386,
    "rmse": 1.5282,
    "sd": 1.4601,
    "spearman": 0.6198,
    "spectral_loss": 0.0
}
                              
Test Results: {
    "ci": 0.7116,
    "classification_loss": 0.0,
    "cluster_loss": 0.0,
    "mae": 1.1699,
    "mse": 2.2808,
    "multiclassification_loss": 0.0,
    "ortho_loss": 0.0,
    "pearson": 0.6074,
    "regression_loss": 2.2803,
    "rm2": 0.343,
    "rmse": 1.5102,
    "sd": 1.4859,
    "spearman": 0.5896,
    "spectral_loss": 0.0
}
                              
                              
----------------------------------------
Epoch 092 with LR 0.000100: Model Results
----------------------------------------
Train MSE Loss: 0.1309, Train CLS Loss: 0.0000, Train MCLS Loss: 0.0000
Protein Cluster Region Loss - Ortho Loss: 0.0000, Cluster Loss: 0.0000
                              
Validation Results: {
    "ci": 0.7215,
    "classification_loss": 0.0,
    "cluster_loss": 0.0,
    "mae": 1.1759,
    "mse": 2.2906,
    "multiclassification_loss": 0.0,
    "ortho_loss": 0.0,
    "pearson": 0.6299,
    "regression_loss": 2.2978,
    "rm2": 0.332,
    "rmse": 1.5135,
    "sd": 1.4538,
    "spearman": 0.623,
    "spectral_loss": 0.0
}
                              
Test Results: {
    "ci": 0.7116,
    "classification_loss": 0.0,
    "cluster_loss": 0.0,
    "mae": 1.1699,
    "mse": 2.2808,
    "multiclassification_loss": 0.0,
    "ortho_loss": 0.0,
    "pearson": 0.6074,
    "regression_loss": 2.2803,
    "rm2": 0.343,
    "rmse": 1.5102,
    "sd": 1.4859,
    "spearman": 0.5896,
    "spectral_loss": 0.0
}
                              
                              
----------------------------------------
Epoch 093 with LR 0.000100: Model Results
----------------------------------------
Train MSE Loss: 0.1271, Train CLS Loss: 0.0000, Train MCLS Loss: 0.0000
Protein Cluster Region Loss - Ortho Loss: 0.0000, Cluster Loss: 0.0000
                              
Validation Results: {
    "ci": 0.7206,
    "classification_loss": 0.0,
    "cluster_loss": 0.0,
    "mae": 1.2099,
    "mse": 2.4008,
    "multiclassification_loss": 0.0,
    "ortho_loss": 0.0,
    "pearson": 0.6275,
    "regression_loss": 2.4129,
    "rm2": 0.339,
    "rmse": 1.5495,
    "sd": 1.4575,
    "spearman": 0.6198,
    "spectral_loss": 0.0
}
                              
Test Results: {
    "ci": 0.7116,
    "classification_loss": 0.0,
    "cluster_loss": 0.0,
    "mae": 1.1699,
    "mse": 2.2808,
    "multiclassification_loss": 0.0,
    "ortho_loss": 0.0,
    "pearson": 0.6074,
    "regression_loss": 2.2803,
    "rm2": 0.343,
    "rmse": 1.5102,
    "sd": 1.4859,
    "spearman": 0.5896,
    "spectral_loss": 0.0
}
                              
                              
----------------------------------------
Epoch 094 with LR 0.000100: Model Results
----------------------------------------
Train MSE Loss: 0.1234, Train CLS Loss: 0.0000, Train MCLS Loss: 0.0000
Protein Cluster Region Loss - Ortho Loss: 0.0000, Cluster Loss: 0.0000
                              
Validation Results: {
    "ci": 0.725,
    "classification_loss": 0.0,
    "cluster_loss": 0.0,
    "mae": 1.1729,
    "mse": 2.2597,
    "multiclassification_loss": 0.0,
    "ortho_loss": 0.0,
    "pearson": 0.6377,
    "regression_loss": 2.2685,
    "rm2": 0.343,
    "rmse": 1.5032,
    "sd": 1.4419,
    "spearman": 0.6312,
    "spectral_loss": 0.0
}
                              
Test Results: {
    "ci": 0.7116,
    "classification_loss": 0.0,
    "cluster_loss": 0.0,
    "mae": 1.1699,
    "mse": 2.2808,
    "multiclassification_loss": 0.0,
    "ortho_loss": 0.0,
    "pearson": 0.6074,
    "regression_loss": 2.2803,
    "rm2": 0.343,
    "rmse": 1.5102,
    "sd": 1.4859,
    "spearman": 0.5896,
    "spectral_loss": 0.0
}
                              
                              
----------------------------------------
Epoch 095 with LR 0.000100: Model Results
----------------------------------------
Train MSE Loss: 0.1207, Train CLS Loss: 0.0000, Train MCLS Loss: 0.0000
Protein Cluster Region Loss - Ortho Loss: 0.0000, Cluster Loss: 0.0000
                              
Validation Results: {
    "ci": 0.7216,
    "classification_loss": 0.0,
    "cluster_loss": 0.0,
    "mae": 1.1832,
    "mse": 2.2815,
    "multiclassification_loss": 0.0,
    "ortho_loss": 0.0,
    "pearson": 0.6291,
    "regression_loss": 2.2899,
    "rm2": 0.3404,
    "rmse": 1.5105,
    "sd": 1.455,
    "spearman": 0.6233,
    "spectral_loss": 0.0
}
                              
Test Results: {
    "ci": 0.7116,
    "classification_loss": 0.0,
    "cluster_loss": 0.0,
    "mae": 1.1699,
    "mse": 2.2808,
    "multiclassification_loss": 0.0,
    "ortho_loss": 0.0,
    "pearson": 0.6074,
    "regression_loss": 2.2803,
    "rm2": 0.343,
    "rmse": 1.5102,
    "sd": 1.4859,
    "spearman": 0.5896,
    "spectral_loss": 0.0
}
                              
                              
----------------------------------------
Epoch 096 with LR 0.000100: Model Results
----------------------------------------
Train MSE Loss: 0.1219, Train CLS Loss: 0.0000, Train MCLS Loss: 0.0000
Protein Cluster Region Loss - Ortho Loss: 0.0000, Cluster Loss: 0.0000
                              
Validation Results: {
    "ci": 0.7169,
    "classification_loss": 0.0,
    "cluster_loss": 0.0,
    "mae": 1.1975,
    "mse": 2.3733,
    "multiclassification_loss": 0.0,
    "ortho_loss": 0.0,
    "pearson": 0.6188,
    "regression_loss": 2.3805,
    "rm2": 0.311,
    "rmse": 1.5405,
    "sd": 1.4705,
    "spearman": 0.6101,
    "spectral_loss": 0.0
}
                              
Test Results: {
    "ci": 0.7116,
    "classification_loss": 0.0,
    "cluster_loss": 0.0,
    "mae": 1.1699,
    "mse": 2.2808,
    "multiclassification_loss": 0.0,
    "ortho_loss": 0.0,
    "pearson": 0.6074,
    "regression_loss": 2.2803,
    "rm2": 0.343,
    "rmse": 1.5102,
    "sd": 1.4859,
    "spearman": 0.5896,
    "spectral_loss": 0.0
}
                              
                              
----------------------------------------
Epoch 097 with LR 0.000100: Model Results
----------------------------------------
Train MSE Loss: 0.1222, Train CLS Loss: 0.0000, Train MCLS Loss: 0.0000
Protein Cluster Region Loss - Ortho Loss: 0.0000, Cluster Loss: 0.0000
                              
Validation Results: {
    "ci": 0.7221,
    "classification_loss": 0.0,
    "cluster_loss": 0.0,
    "mae": 1.1745,
    "mse": 2.2759,
    "multiclassification_loss": 0.0,
    "ortho_loss": 0.0,
    "pearson": 0.6339,
    "regression_loss": 2.2838,
    "rm2": 0.344,
    "rmse": 1.5086,
    "sd": 1.4477,
    "spearman": 0.623,
    "spectral_loss": 0.0
}
                              
Test Results: {
    "ci": 0.7116,
    "classification_loss": 0.0,
    "cluster_loss": 0.0,
    "mae": 1.1699,
    "mse": 2.2808,
    "multiclassification_loss": 0.0,
    "ortho_loss": 0.0,
    "pearson": 0.6074,
    "regression_loss": 2.2803,
    "rm2": 0.343,
    "rmse": 1.5102,
    "sd": 1.4859,
    "spearman": 0.5896,
    "spectral_loss": 0.0
}
                              
                              
----------------------------------------
Epoch 098 with LR 0.000100: Model Results
----------------------------------------
Train MSE Loss: 0.1294, Train CLS Loss: 0.0000, Train MCLS Loss: 0.0000
Protein Cluster Region Loss - Ortho Loss: 0.0000, Cluster Loss: 0.0000
                              
Validation Results: {
    "ci": 0.7198,
    "classification_loss": 0.0,
    "cluster_loss": 0.0,
    "mae": 1.1886,
    "mse": 2.3053,
    "multiclassification_loss": 0.0,
    "ortho_loss": 0.0,
    "pearson": 0.6292,
    "regression_loss": 2.3125,
    "rm2": 0.3414,
    "rmse": 1.5183,
    "sd": 1.4549,
    "spearman": 0.617,
    "spectral_loss": 0.0
}
                              
Test Results: {
    "ci": 0.7116,
    "classification_loss": 0.0,
    "cluster_loss": 0.0,
    "mae": 1.1699,
    "mse": 2.2808,
    "multiclassification_loss": 0.0,
    "ortho_loss": 0.0,
    "pearson": 0.6074,
    "regression_loss": 2.2803,
    "rm2": 0.343,
    "rmse": 1.5102,
    "sd": 1.4859,
    "spearman": 0.5896,
    "spectral_loss": 0.0
}
                              
                              
----------------------------------------
Epoch 099 with LR 0.000100: Model Results
----------------------------------------
Train MSE Loss: 0.1160, Train CLS Loss: 0.0000, Train MCLS Loss: 0.0000
Protein Cluster Region Loss - Ortho Loss: 0.0000, Cluster Loss: 0.0000
                              
Validation Results: {
    "ci": 0.7215,
    "classification_loss": 0.0,
    "cluster_loss": 0.0,
    "mae": 1.176,
    "mse": 2.2742,
    "multiclassification_loss": 0.0,
    "ortho_loss": 0.0,
    "pearson": 0.6283,
    "regression_loss": 2.2809,
    "rm2": 0.3432,
    "rmse": 1.508,
    "sd": 1.4563,
    "spearman": 0.6225,
    "spectral_loss": 0.0
}
                              
Test Results: {
    "ci": 0.7116,
    "classification_loss": 0.0,
    "cluster_loss": 0.0,
    "mae": 1.1699,
    "mse": 2.2808,
    "multiclassification_loss": 0.0,
    "ortho_loss": 0.0,
    "pearson": 0.6074,
    "regression_loss": 2.2803,
    "rm2": 0.343,
    "rmse": 1.5102,
    "sd": 1.4859,
    "spearman": 0.5896,
    "spectral_loss": 0.0
}
                              
                              
----------------------------------------
Epoch 100 with LR 0.000100: Model Results
----------------------------------------
Train MSE Loss: 0.1152, Train CLS Loss: 0.0000, Train MCLS Loss: 0.0000
Protein Cluster Region Loss - Ortho Loss: 0.0000, Cluster Loss: 0.0000
                              
Validation Results: {
    "ci": 0.7229,
    "classification_loss": 0.0,
    "cluster_loss": 0.0,
    "mae": 1.1746,
    "mse": 2.2752,
    "multiclassification_loss": 0.0,
    "ortho_loss": 0.0,
    "pearson": 0.6319,
    "regression_loss": 2.2816,
    "rm2": 0.3414,
    "rmse": 1.5084,
    "sd": 1.4509,
    "spearman": 0.6258,
    "spectral_loss": 0.0
}
                              
Test Results: {
    "ci": 0.7116,
    "classification_loss": 0.0,
    "cluster_loss": 0.0,
    "mae": 1.1699,
    "mse": 2.2808,
    "multiclassification_loss": 0.0,
    "ortho_loss": 0.0,
    "pearson": 0.6074,
    "regression_loss": 2.2803,
    "rm2": 0.343,
    "rmse": 1.5102,
    "sd": 1.4859,
    "spearman": 0.5896,
    "spectral_loss": 0.0
}
[best epoch] epoch=4, best_rmse=1.458, lr_at_best=1.000e-04
                              
                              
----------------------------------------
Epoch 100 with LR 0.000100: Model Results
----------------------------------------
Train MSE Loss: 0.1152, Train CLS Loss: 0.0000, Train MCLS Loss: 0.0000
Protein Cluster Region Loss - Ortho Loss: 0.0000, Cluster Loss: 0.0000
                              
Validation Results: {
    "ci": 0.7229,
    "classification_loss": 0.0,
    "cluster_loss": 0.0,
    "mae": 1.1746,
    "mse": 2.2752,
    "multiclassification_loss": 0.0,
    "ortho_loss": 0.0,
    "pearson": 0.6319,
    "regression_loss": 2.2816,
    "rm2": 0.3414,
    "rmse": 1.5084,
    "sd": 1.4509,
    "spearman": 0.6258,
    "spectral_loss": 0.0
}
                              
Test Results: {
    "ci": 0.7116,
    "classification_loss": 0.0,
    "cluster_loss": 0.0,
    "mae": 1.1699,
    "mse": 2.2808,
    "multiclassification_loss": 0.0,
    "ortho_loss": 0.0,
    "pearson": 0.6074,
    "regression_loss": 2.2803,
    "rm2": 0.343,
    "rmse": 1.5102,
    "sd": 1.4859,
    "spearman": 0.5896,
    "spectral_loss": 0.0
}
Final test metrics: rmse=1.5102, pearson=0.6074, r2_proxy(mse)=2.2808
Done. Predictions: /sc/arion/projects/DiseaseGeneCell/Huang_lab_project/wangcDrugRepoProject/TRACE_Kin_Results_v3/catpred_dataset/catpred_ki_ProteinCLIP_embedding_cold_protein/test_prediction_seed1.csv; checkpoint: /sc/arion/projects/DiseaseGeneCell/Huang_lab_project/wangcDrugRepoProject/TRACE_Kin_Results_v3/catpred_dataset/catpred_ki_ProteinCLIP_embedding_cold_protein/save_model_seed1/model.pt

==========================================
Array task 12/14: OK (catpred_ki_ProteinCLIP_embedding_cold_protein)
==========================================


PS:

Read file <242614935.12.stderr> for stderr output of this job.

