Sender: LSF System <lsfadmin@lg03e13>
Subject: Job 242654213[10]: <trace_kin_v3_lean_s1[6-11]> in cluster <chimera> Done

Job <trace_kin_v3_lean_s1[6-11]> was submitted from host <li04e03> by user <wangc40> in cluster <chimera> at Sat May  9 10:48:56 2026
Job was executed on host(s) <16*lg03e13>, in queue <gpu>, as user <wangc40> in cluster <chimera> at Sat May  9 10:49:01 2026
</hpc/users/wangc40> was used as the home directory.
</sc/arion/projects/DiseaseGeneCell/Huang_lab_project/wangcDrugRepoProject/TRACE-Kin> was used as the working directory.
Started at Sat May  9 10:49:01 2026
Terminated at Sat May  9 13:31:42 2026
Results reported at Sat May  9 13:31:42 2026

Your job looked like:

------------------------------------------------------------
# LSBATCH: User input
#!/bin/bash
#BSUB -J trace_kin_v3_lean_s1[6-11]
#BSUB -P acc_DiseaseGeneCell
#BSUB -q gpu
#BSUB -R h100nvl
#BSUB -gpu num=1
#BSUB -n 16
#BSUB -R "rusage[mem=8000]"
#BSUB -R "span[hosts=1]"
#BSUB -W 48:00
#BSUB -o %J.%I.stdout
#BSUB -eo %J.%I.stderr
#BSUB -L /bin/bash

# =============================================================================
# TRACE-Kin v3 rerun — LSF job array
# =============================================================================
# Submit with:
#     bsub < training/run_v3_array.lsf
#
# Or chain off the smoke test (recommended):
#     bsub -w "done(<SMOKE_JOB_ID>)" < training/run_v3_array.lsf
#
# For the multi-seed ensemble (the paper config), submit additional seeds in
# parallel after the SEED=1 array completes (or alongside, as separate jobs):
#     SEED=2 bsub -J "trace_kin_v3_s2[1-14]" < training/run_v3_array.lsf
#     SEED=3 bsub -J "trace_kin_v3_s3[1-14]" < training/run_v3_array.lsf
# After all seeds finish, analysis/aggregate_results.py averages predictions
# across seeds before computing RMSE.
#
# LSF expands #BSUB -J trace_kin_v3[1-14] into 14 array tasks, each with a
# distinct ${LSB_JOBINDEX} in 1..14. The body looks up the per-index
# (dataset_source, dataset_name, pool_paths) tuple from the inline table below
# and invokes train_trace_kin.py with model_version=v3.
#
# The 14 tasks correspond to:
#   * 12 RF-gap targets (catalytic kinetics where v1 trails RF by 1.4%–8.7%)
#   * 2 Ki preservation guards (where v1 already wins, must not regress)
# =============================================================================

# --- Environment -------------------------------------------------------------
# Match the prologue of the proven-working PSICHIC LSFs verbatim — no
# `set -euo pipefail`. Mount Sinai's /etc/profile.d scripts return non-zero
# in places that aren't real errors, and errexit aborts the job before
# module + conda activation can complete.
ml purge
source ~/.bashrc
module load anaconda3/2024.06
source activate test
module load cuda/12.4.0

(... more ...)
------------------------------------------------------------

Successfully completed.

Resource usage summary:

    CPU time :                                   10802.00 sec.
    Max Memory :                                 51696 MB
    Average Memory :                             49818.00 MB
    Total Requested Memory :                     128000.00 MB
    Delta Memory :                               76304.00 MB
    Max Swap :                                   -
    Max Processes :                              4
    Max Threads :                                20
    Run time :                                   9761 sec.
    Turnaround time :                            9766 sec.

The output (if any) follows:

==========================================
TRACE-Kin v3 array task 10/14
==========================================
Date:        Sat May  9 10:49:04 EDT 2026
Dataset:     /sc/arion/projects/DiseaseGeneCell/Huang_lab_project/drug_discovery/output/data/enzyme_embeddings_dataset/EITLEM_dataset/EITLEM_kkm_MUTAPLM_embedding_cold_drug
Result:      /sc/arion/projects/DiseaseGeneCell/Huang_lab_project/wangcDrugRepoProject/TRACE_Kin_Results_v3_lean/EITLEM_dataset/EITLEM_kkm_MUTAPLM_embedding_cold_drug
Config:      training/config_v3_gnn_lean.json
Pool CSVs:   (none)
Model:       v3 GATE-LEAN (gate_init_bias=2.0)
Epochs:      100, batch=16, seed=1, lr=1e-4
==========================================
Python 3.12.2
Python: /sc/arion/work/wangc40/test-env/envs/test/bin/python
CUDA device: NVIDIA H100 80GB HBM3, sm_90
============================================================
TRACE-Kin training
============================================================
Datafolder:        /sc/arion/projects/DiseaseGeneCell/Huang_lab_project/drug_discovery/output/data/enzyme_embeddings_dataset/EITLEM_dataset/EITLEM_kkm_MUTAPLM_embedding_cold_drug
Result path:       /sc/arion/projects/DiseaseGeneCell/Huang_lab_project/wangcDrugRepoProject/TRACE_Kin_Results_v3_lean/EITLEM_dataset/EITLEM_kkm_MUTAPLM_embedding_cold_drug
Config:            training/config_v3_gnn_lean.json
Pool train CSVs:   (none)
============================================================
Loading primary train: /sc/arion/projects/DiseaseGeneCell/Huang_lab_project/drug_discovery/output/data/enzyme_embeddings_dataset/EITLEM_dataset/EITLEM_kkm_MUTAPLM_embedding_cold_drug/train.parquet
Loading primary test: /sc/arion/projects/DiseaseGeneCell/Huang_lab_project/drug_discovery/output/data/enzyme_embeddings_dataset/EITLEM_dataset/EITLEM_kkm_MUTAPLM_embedding_cold_drug/test.parquet
Loading primary val: /sc/arion/projects/DiseaseGeneCell/Huang_lab_project/drug_discovery/output/data/enzyme_embeddings_dataset/EITLEM_dataset/EITLEM_kkm_MUTAPLM_embedding_cold_drug/val.parquet
Detected prot_evo_channels = 4096
seq2feat: 6607 unique sequences.
model_version: v3, use_swa: False
Building protein graphs from scratch (this can be slow)...
U, B, O, or 0 in Sequence
U, B, O, or 0 in Sequence
U, B, O, or 0 in Sequence
U, B, O, or 0 in Sequence
U, B, O, or 0 in Sequence
U, B, O, or 0 in Sequence
Building ligand graphs from scratch...
loaders ready: train=610 test=156 val=93
Computing PNA degrees from training data...
Built TraceKinV3 with 10,724,891 parameters
[LR schedule] schedule_lr=False, lrate=0.0001, min_lrate=0, warmup_iters=0, lr_decay_iters=61000, total_iters=61000
Not in terminal, reprint now using normal build-in print function.
                              
                              
----------------------------------------
Epoch 001 with LR 0.000100: Model Results
----------------------------------------
Train MSE Loss: 2.8723, Train CLS Loss: 0.0000, Train MCLS Loss: 0.0000
Protein Cluster Region Loss - Ortho Loss: 0.0000, Cluster Loss: 0.0000
                              
Validation Results: {
    "ci": 0.6478,
    "classification_loss": 0.0,
    "cluster_loss": 0.0,
    "mae": 1.2837,
    "mse": 2.7157,
    "multiclassification_loss": 0.0,
    "ortho_loss": 0.0,
    "pearson": 0.4277,
    "regression_loss": 2.7311,
    "rm2": 0.175,
    "rmse": 1.6479,
    "sd": 1.6416,
    "spearman": 0.4335,
    "spectral_loss": 0.0
}
                              
Test Results: {
    "ci": 0.6229,
    "classification_loss": 0.0,
    "cluster_loss": 0.0,
    "mae": 1.2586,
    "mse": 2.543,
    "multiclassification_loss": 0.0,
    "ortho_loss": 0.0,
    "pearson": 0.3652,
    "regression_loss": 2.5384,
    "rm2": 0.1226,
    "rmse": 1.5947,
    "sd": 1.5705,
    "spearman": 0.357,
    "spectral_loss": 0.0
}
                              
                              
----------------------------------------
Epoch 002 with LR 0.000100: Model Results
----------------------------------------
Train MSE Loss: 2.1904, Train CLS Loss: 0.0000, Train MCLS Loss: 0.0000
Protein Cluster Region Loss - Ortho Loss: 0.0000, Cluster Loss: 0.0000
                              
Validation Results: {
    "ci": 0.6632,
    "classification_loss": 0.0,
    "cluster_loss": 0.0,
    "mae": 1.2457,
    "mse": 2.5576,
    "multiclassification_loss": 0.0,
    "ortho_loss": 0.0,
    "pearson": 0.4791,
    "regression_loss": 2.5636,
    "rm2": 0.2224,
    "rmse": 1.5992,
    "sd": 1.5941,
    "spearman": 0.4749,
    "spectral_loss": 0.0
}
                              
Test Results: {
    "ci": 0.6332,
    "classification_loss": 0.0,
    "cluster_loss": 0.0,
    "mae": 1.2072,
    "mse": 2.3907,
    "multiclassification_loss": 0.0,
    "ortho_loss": 0.0,
    "pearson": 0.4174,
    "regression_loss": 2.3859,
    "rm2": 0.1737,
    "rmse": 1.5462,
    "sd": 1.533,
    "spearman": 0.3856,
    "spectral_loss": 0.0
}
                              
                              
----------------------------------------
Epoch 003 with LR 0.000100: Model Results
----------------------------------------
Train MSE Loss: 1.7846, Train CLS Loss: 0.0000, Train MCLS Loss: 0.0000
Protein Cluster Region Loss - Ortho Loss: 0.0000, Cluster Loss: 0.0000
                              
Validation Results: {
    "ci": 0.6824,
    "classification_loss": 0.0,
    "cluster_loss": 0.0,
    "mae": 1.1777,
    "mse": 2.3551,
    "multiclassification_loss": 0.0,
    "ortho_loss": 0.0,
    "pearson": 0.5373,
    "regression_loss": 2.3749,
    "rm2": 0.2779,
    "rmse": 1.5346,
    "sd": 1.5316,
    "spearman": 0.5241,
    "spectral_loss": 0.0
}
                              
Test Results: {
    "ci": 0.6418,
    "classification_loss": 0.0,
    "cluster_loss": 0.0,
    "mae": 1.1919,
    "mse": 2.3418,
    "multiclassification_loss": 0.0,
    "ortho_loss": 0.0,
    "pearson": 0.453,
    "regression_loss": 2.3383,
    "rm2": 0.1918,
    "rmse": 1.5303,
    "sd": 1.504,
    "spearman": 0.4073,
    "spectral_loss": 0.0
}
                              
                              
----------------------------------------
Epoch 004 with LR 0.000100: Model Results
----------------------------------------
Train MSE Loss: 1.5571, Train CLS Loss: 0.0000, Train MCLS Loss: 0.0000
Protein Cluster Region Loss - Ortho Loss: 0.0000, Cluster Loss: 0.0000
                              
Validation Results: {
    "ci": 0.681,
    "classification_loss": 0.0,
    "cluster_loss": 0.0,
    "mae": 1.1839,
    "mse": 2.3754,
    "multiclassification_loss": 0.0,
    "ortho_loss": 0.0,
    "pearson": 0.5315,
    "regression_loss": 2.3987,
    "rm2": 0.2725,
    "rmse": 1.5412,
    "sd": 1.5383,
    "spearman": 0.5201,
    "spectral_loss": 0.0
}
                              
Test Results: {
    "ci": 0.6418,
    "classification_loss": 0.0,
    "cluster_loss": 0.0,
    "mae": 1.1919,
    "mse": 2.3418,
    "multiclassification_loss": 0.0,
    "ortho_loss": 0.0,
    "pearson": 0.453,
    "regression_loss": 2.3383,
    "rm2": 0.1918,
    "rmse": 1.5303,
    "sd": 1.504,
    "spearman": 0.4073,
    "spectral_loss": 0.0
}
                              
                              
----------------------------------------
Epoch 005 with LR 0.000100: Model Results
----------------------------------------
Train MSE Loss: 1.4021, Train CLS Loss: 0.0000, Train MCLS Loss: 0.0000
Protein Cluster Region Loss - Ortho Loss: 0.0000, Cluster Loss: 0.0000
                              
Validation Results: {
    "ci": 0.6912,
    "classification_loss": 0.0,
    "cluster_loss": 0.0,
    "mae": 1.2025,
    "mse": 2.4373,
    "multiclassification_loss": 0.0,
    "ortho_loss": 0.0,
    "pearson": 0.5636,
    "regression_loss": 2.4708,
    "rm2": 0.2623,
    "rmse": 1.5612,
    "sd": 1.5002,
    "spearman": 0.5406,
    "spectral_loss": 0.0
}
                              
Test Results: {
    "ci": 0.6418,
    "classification_loss": 0.0,
    "cluster_loss": 0.0,
    "mae": 1.1919,
    "mse": 2.3418,
    "multiclassification_loss": 0.0,
    "ortho_loss": 0.0,
    "pearson": 0.453,
    "regression_loss": 2.3383,
    "rm2": 0.1918,
    "rmse": 1.5303,
    "sd": 1.504,
    "spearman": 0.4073,
    "spectral_loss": 0.0
}
                              
                              
----------------------------------------
Epoch 006 with LR 0.000100: Model Results
----------------------------------------
Train MSE Loss: 1.3238, Train CLS Loss: 0.0000, Train MCLS Loss: 0.0000
Protein Cluster Region Loss - Ortho Loss: 0.0000, Cluster Loss: 0.0000
                              
Validation Results: {
    "ci": 0.6964,
    "classification_loss": 0.0,
    "cluster_loss": 0.0,
    "mae": 1.181,
    "mse": 2.3891,
    "multiclassification_loss": 0.0,
    "ortho_loss": 0.0,
    "pearson": 0.573,
    "regression_loss": 2.4381,
    "rm2": 0.2695,
    "rmse": 1.5457,
    "sd": 1.4884,
    "spearman": 0.5557,
    "spectral_loss": 0.0
}
                              
Test Results: {
    "ci": 0.6418,
    "classification_loss": 0.0,
    "cluster_loss": 0.0,
    "mae": 1.1919,
    "mse": 2.3418,
    "multiclassification_loss": 0.0,
    "ortho_loss": 0.0,
    "pearson": 0.453,
    "regression_loss": 2.3383,
    "rm2": 0.1918,
    "rmse": 1.5303,
    "sd": 1.504,
    "spearman": 0.4073,
    "spectral_loss": 0.0
}
                              
                              
----------------------------------------
Epoch 007 with LR 0.000100: Model Results
----------------------------------------
Train MSE Loss: 1.2443, Train CLS Loss: 0.0000, Train MCLS Loss: 0.0000
Protein Cluster Region Loss - Ortho Loss: 0.0000, Cluster Loss: 0.0000
                              
Validation Results: {
    "ci": 0.7005,
    "classification_loss": 0.0,
    "cluster_loss": 0.0,
    "mae": 1.139,
    "mse": 2.2452,
    "multiclassification_loss": 0.0,
    "ortho_loss": 0.0,
    "pearson": 0.5837,
    "regression_loss": 2.282,
    "rm2": 0.2999,
    "rmse": 1.4984,
    "sd": 1.4746,
    "spearman": 0.5675,
    "spectral_loss": 0.0
}
                              
Test Results: {
    "ci": 0.6588,
    "classification_loss": 0.0,
    "cluster_loss": 0.0,
    "mae": 1.184,
    "mse": 2.3307,
    "multiclassification_loss": 0.0,
    "ortho_loss": 0.0,
    "pearson": 0.496,
    "regression_loss": 2.3249,
    "rm2": 0.2109,
    "rmse": 1.5267,
    "sd": 1.4649,
    "spearman": 0.4513,
    "spectral_loss": 0.0
}
                              
                              
----------------------------------------
Epoch 008 with LR 0.000100: Model Results
----------------------------------------
Train MSE Loss: 1.1943, Train CLS Loss: 0.0000, Train MCLS Loss: 0.0000
Protein Cluster Region Loss - Ortho Loss: 0.0000, Cluster Loss: 0.0000
                              
Validation Results: {
    "ci": 0.6953,
    "classification_loss": 0.0,
    "cluster_loss": 0.0,
    "mae": 1.1588,
    "mse": 2.3045,
    "multiclassification_loss": 0.0,
    "ortho_loss": 0.0,
    "pearson": 0.5765,
    "regression_loss": 2.297,
    "rm2": 0.3146,
    "rmse": 1.5181,
    "sd": 1.4839,
    "spearman": 0.5515,
    "spectral_loss": 0.0
}
                              
Test Results: {
    "ci": 0.6588,
    "classification_loss": 0.0,
    "cluster_loss": 0.0,
    "mae": 1.184,
    "mse": 2.3307,
    "multiclassification_loss": 0.0,
    "ortho_loss": 0.0,
    "pearson": 0.496,
    "regression_loss": 2.3249,
    "rm2": 0.2109,
    "rmse": 1.5267,
    "sd": 1.4649,
    "spearman": 0.4513,
    "spectral_loss": 0.0
}
                              
                              
----------------------------------------
Epoch 009 with LR 0.000100: Model Results
----------------------------------------
Train MSE Loss: 1.1326, Train CLS Loss: 0.0000, Train MCLS Loss: 0.0000
Protein Cluster Region Loss - Ortho Loss: 0.0000, Cluster Loss: 0.0000
                              
Validation Results: {
    "ci": 0.702,
    "classification_loss": 0.0,
    "cluster_loss": 0.0,
    "mae": 1.1333,
    "mse": 2.2253,
    "multiclassification_loss": 0.0,
    "ortho_loss": 0.0,
    "pearson": 0.5876,
    "regression_loss": 2.2643,
    "rm2": 0.3053,
    "rmse": 1.4918,
    "sd": 1.4695,
    "spearman": 0.568,
    "spectral_loss": 0.0
}
                              
Test Results: {
    "ci": 0.6585,
    "classification_loss": 0.0,
    "cluster_loss": 0.0,
    "mae": 1.1742,
    "mse": 2.298,
    "multiclassification_loss": 0.0,
    "ortho_loss": 0.0,
    "pearson": 0.4986,
    "regression_loss": 2.293,
    "rm2": 0.216,
    "rmse": 1.5159,
    "sd": 1.4623,
    "spearman": 0.4504,
    "spectral_loss": 0.0
}
                              
                              
----------------------------------------
Epoch 010 with LR 0.000100: Model Results
----------------------------------------
Train MSE Loss: 1.0839, Train CLS Loss: 0.0000, Train MCLS Loss: 0.0000
Protein Cluster Region Loss - Ortho Loss: 0.0000, Cluster Loss: 0.0000
                              
Validation Results: {
    "ci": 0.7073,
    "classification_loss": 0.0,
    "cluster_loss": 0.0,
    "mae": 1.1067,
    "mse": 2.1845,
    "multiclassification_loss": 0.0,
    "ortho_loss": 0.0,
    "pearson": 0.5867,
    "regression_loss": 2.2231,
    "rm2": 0.3295,
    "rmse": 1.478,
    "sd": 1.4706,
    "spearman": 0.5791,
    "spectral_loss": 0.0
}
                              
Test Results: {
    "ci": 0.6655,
    "classification_loss": 0.0,
    "cluster_loss": 0.0,
    "mae": 1.1406,
    "mse": 2.2252,
    "multiclassification_loss": 0.0,
    "ortho_loss": 0.0,
    "pearson": 0.5124,
    "regression_loss": 2.2222,
    "rm2": 0.244,
    "rmse": 1.4917,
    "sd": 1.4487,
    "spearman": 0.469,
    "spectral_loss": 0.0
}
                              
                              
----------------------------------------
Epoch 011 with LR 0.000100: Model Results
----------------------------------------
Train MSE Loss: 1.0485, Train CLS Loss: 0.0000, Train MCLS Loss: 0.0000
Protein Cluster Region Loss - Ortho Loss: 0.0000, Cluster Loss: 0.0000
                              
Validation Results: {
    "ci": 0.694,
    "classification_loss": 0.0,
    "cluster_loss": 0.0,
    "mae": 1.1466,
    "mse": 2.2902,
    "multiclassification_loss": 0.0,
    "ortho_loss": 0.0,
    "pearson": 0.5684,
    "regression_loss": 2.3058,
    "rm2": 0.2997,
    "rmse": 1.5133,
    "sd": 1.4941,
    "spearman": 0.5503,
    "spectral_loss": 0.0
}
                              
Test Results: {
    "ci": 0.6655,
    "classification_loss": 0.0,
    "cluster_loss": 0.0,
    "mae": 1.1406,
    "mse": 2.2252,
    "multiclassification_loss": 0.0,
    "ortho_loss": 0.0,
    "pearson": 0.5124,
    "regression_loss": 2.2222,
    "rm2": 0.244,
    "rmse": 1.4917,
    "sd": 1.4487,
    "spearman": 0.469,
    "spectral_loss": 0.0
}
                              
                              
----------------------------------------
Epoch 012 with LR 0.000100: Model Results
----------------------------------------
Train MSE Loss: 1.0117, Train CLS Loss: 0.0000, Train MCLS Loss: 0.0000
Protein Cluster Region Loss - Ortho Loss: 0.0000, Cluster Loss: 0.0000
                              
Validation Results: {
    "ci": 0.7033,
    "classification_loss": 0.0,
    "cluster_loss": 0.0,
    "mae": 1.1049,
    "mse": 2.1599,
    "multiclassification_loss": 0.0,
    "ortho_loss": 0.0,
    "pearson": 0.5917,
    "regression_loss": 2.1826,
    "rm2": 0.3378,
    "rmse": 1.4697,
    "sd": 1.4641,
    "spearman": 0.5687,
    "spectral_loss": 0.0
}
                              
Test Results: {
    "ci": 0.6639,
    "classification_loss": 0.0,
    "cluster_loss": 0.0,
    "mae": 1.1352,
    "mse": 2.2025,
    "multiclassification_loss": 0.0,
    "ortho_loss": 0.0,
    "pearson": 0.5113,
    "regression_loss": 2.1983,
    "rm2": 0.2448,
    "rmse": 1.4841,
    "sd": 1.4498,
    "spearman": 0.4645,
    "spectral_loss": 0.0
}
                              
                              
----------------------------------------
Epoch 013 with LR 0.000100: Model Results
----------------------------------------
Train MSE Loss: 0.9832, Train CLS Loss: 0.0000, Train MCLS Loss: 0.0000
Protein Cluster Region Loss - Ortho Loss: 0.0000, Cluster Loss: 0.0000
                              
Validation Results: {
    "ci": 0.6988,
    "classification_loss": 0.0,
    "cluster_loss": 0.0,
    "mae": 1.1379,
    "mse": 2.2957,
    "multiclassification_loss": 0.0,
    "ortho_loss": 0.0,
    "pearson": 0.5809,
    "regression_loss": 2.2844,
    "rm2": 0.3225,
    "rmse": 1.5152,
    "sd": 1.4782,
    "spearman": 0.5611,
    "spectral_loss": 0.0
}
                              
Test Results: {
    "ci": 0.6639,
    "classification_loss": 0.0,
    "cluster_loss": 0.0,
    "mae": 1.1352,
    "mse": 2.2025,
    "multiclassification_loss": 0.0,
    "ortho_loss": 0.0,
    "pearson": 0.5113,
    "regression_loss": 2.1983,
    "rm2": 0.2448,
    "rmse": 1.4841,
    "sd": 1.4498,
    "spearman": 0.4645,
    "spectral_loss": 0.0
}
                              
                              
----------------------------------------
Epoch 014 with LR 0.000100: Model Results
----------------------------------------
Train MSE Loss: 0.9589, Train CLS Loss: 0.0000, Train MCLS Loss: 0.0000
Protein Cluster Region Loss - Ortho Loss: 0.0000, Cluster Loss: 0.0000
                              
Validation Results: {
    "ci": 0.6965,
    "classification_loss": 0.0,
    "cluster_loss": 0.0,
    "mae": 1.1483,
    "mse": 2.3041,
    "multiclassification_loss": 0.0,
    "ortho_loss": 0.0,
    "pearson": 0.5736,
    "regression_loss": 2.3414,
    "rm2": 0.2908,
    "rmse": 1.5179,
    "sd": 1.4876,
    "spearman": 0.5552,
    "spectral_loss": 0.0
}
                              
Test Results: {
    "ci": 0.6639,
    "classification_loss": 0.0,
    "cluster_loss": 0.0,
    "mae": 1.1352,
    "mse": 2.2025,
    "multiclassification_loss": 0.0,
    "ortho_loss": 0.0,
    "pearson": 0.5113,
    "regression_loss": 2.1983,
    "rm2": 0.2448,
    "rmse": 1.4841,
    "sd": 1.4498,
    "spearman": 0.4645,
    "spectral_loss": 0.0
}
                              
                              
----------------------------------------
Epoch 015 with LR 0.000100: Model Results
----------------------------------------
Train MSE Loss: 0.9346, Train CLS Loss: 0.0000, Train MCLS Loss: 0.0000
Protein Cluster Region Loss - Ortho Loss: 0.0000, Cluster Loss: 0.0000
                              
Validation Results: {
    "ci": 0.7111,
    "classification_loss": 0.0,
    "cluster_loss": 0.0,
    "mae": 1.1421,
    "mse": 2.2441,
    "multiclassification_loss": 0.0,
    "ortho_loss": 0.0,
    "pearson": 0.611,
    "regression_loss": 2.2757,
    "rm2": 0.3029,
    "rmse": 1.498,
    "sd": 1.4377,
    "spearman": 0.5881,
    "spectral_loss": 0.0
}
                              
Test Results: {
    "ci": 0.6639,
    "classification_loss": 0.0,
    "cluster_loss": 0.0,
    "mae": 1.1352,
    "mse": 2.2025,
    "multiclassification_loss": 0.0,
    "ortho_loss": 0.0,
    "pearson": 0.5113,
    "regression_loss": 2.1983,
    "rm2": 0.2448,
    "rmse": 1.4841,
    "sd": 1.4498,
    "spearman": 0.4645,
    "spectral_loss": 0.0
}
                              
                              
----------------------------------------
Epoch 016 with LR 0.000100: Model Results
----------------------------------------
Train MSE Loss: 0.9180, Train CLS Loss: 0.0000, Train MCLS Loss: 0.0000
Protein Cluster Region Loss - Ortho Loss: 0.0000, Cluster Loss: 0.0000
                              
Validation Results: {
    "ci": 0.7046,
    "classification_loss": 0.0,
    "cluster_loss": 0.0,
    "mae": 1.0906,
    "mse": 2.0977,
    "multiclassification_loss": 0.0,
    "ortho_loss": 0.0,
    "pearson": 0.6079,
    "regression_loss": 2.1219,
    "rm2": 0.3555,
    "rmse": 1.4483,
    "sd": 1.442,
    "spearman": 0.5737,
    "spectral_loss": 0.0
}
                              
Test Results: {
    "ci": 0.6717,
    "classification_loss": 0.0,
    "cluster_loss": 0.0,
    "mae": 1.1181,
    "mse": 2.1662,
    "multiclassification_loss": 0.0,
    "ortho_loss": 0.0,
    "pearson": 0.5249,
    "regression_loss": 2.1621,
    "rm2": 0.2558,
    "rmse": 1.4718,
    "sd": 1.4359,
    "spearman": 0.4847,
    "spectral_loss": 0.0
}
                              
                              
----------------------------------------
Epoch 017 with LR 0.000100: Model Results
----------------------------------------
Train MSE Loss: 0.8845, Train CLS Loss: 0.0000, Train MCLS Loss: 0.0000
Protein Cluster Region Loss - Ortho Loss: 0.0000, Cluster Loss: 0.0000
                              
Validation Results: {
    "ci": 0.7041,
    "classification_loss": 0.0,
    "cluster_loss": 0.0,
    "mae": 1.1172,
    "mse": 2.1877,
    "multiclassification_loss": 0.0,
    "ortho_loss": 0.0,
    "pearson": 0.5934,
    "regression_loss": 2.218,
    "rm2": 0.3479,
    "rmse": 1.4791,
    "sd": 1.4617,
    "spearman": 0.573,
    "spectral_loss": 0.0
}
                              
Test Results: {
    "ci": 0.6717,
    "classification_loss": 0.0,
    "cluster_loss": 0.0,
    "mae": 1.1181,
    "mse": 2.1662,
    "multiclassification_loss": 0.0,
    "ortho_loss": 0.0,
    "pearson": 0.5249,
    "regression_loss": 2.1621,
    "rm2": 0.2558,
    "rmse": 1.4718,
    "sd": 1.4359,
    "spearman": 0.4847,
    "spectral_loss": 0.0
}
                              
                              
----------------------------------------
Epoch 018 with LR 0.000100: Model Results
----------------------------------------
Train MSE Loss: 0.8763, Train CLS Loss: 0.0000, Train MCLS Loss: 0.0000
Protein Cluster Region Loss - Ortho Loss: 0.0000, Cluster Loss: 0.0000
                              
Validation Results: {
    "ci": 0.7034,
    "classification_loss": 0.0,
    "cluster_loss": 0.0,
    "mae": 1.1067,
    "mse": 2.1655,
    "multiclassification_loss": 0.0,
    "ortho_loss": 0.0,
    "pearson": 0.5974,
    "regression_loss": 2.1783,
    "rm2": 0.3336,
    "rmse": 1.4716,
    "sd": 1.4563,
    "spearman": 0.5731,
    "spectral_loss": 0.0
}
                              
Test Results: {
    "ci": 0.6717,
    "classification_loss": 0.0,
    "cluster_loss": 0.0,
    "mae": 1.1181,
    "mse": 2.1662,
    "multiclassification_loss": 0.0,
    "ortho_loss": 0.0,
    "pearson": 0.5249,
    "regression_loss": 2.1621,
    "rm2": 0.2558,
    "rmse": 1.4718,
    "sd": 1.4359,
    "spearman": 0.4847,
    "spectral_loss": 0.0
}
                              
                              
----------------------------------------
Epoch 019 with LR 0.000100: Model Results
----------------------------------------
Train MSE Loss: 0.8476, Train CLS Loss: 0.0000, Train MCLS Loss: 0.0000
Protein Cluster Region Loss - Ortho Loss: 0.0000, Cluster Loss: 0.0000
                              
Validation Results: {
    "ci": 0.7021,
    "classification_loss": 0.0,
    "cluster_loss": 0.0,
    "mae": 1.0937,
    "mse": 2.1395,
    "multiclassification_loss": 0.0,
    "ortho_loss": 0.0,
    "pearson": 0.6021,
    "regression_loss": 2.1519,
    "rm2": 0.3336,
    "rmse": 1.4627,
    "sd": 1.45,
    "spearman": 0.5651,
    "spectral_loss": 0.0
}
                              
Test Results: {
    "ci": 0.6717,
    "classification_loss": 0.0,
    "cluster_loss": 0.0,
    "mae": 1.1181,
    "mse": 2.1662,
    "multiclassification_loss": 0.0,
    "ortho_loss": 0.0,
    "pearson": 0.5249,
    "regression_loss": 2.1621,
    "rm2": 0.2558,
    "rmse": 1.4718,
    "sd": 1.4359,
    "spearman": 0.4847,
    "spectral_loss": 0.0
}
                              
                              
----------------------------------------
Epoch 020 with LR 0.000100: Model Results
----------------------------------------
Train MSE Loss: 0.8303, Train CLS Loss: 0.0000, Train MCLS Loss: 0.0000
Protein Cluster Region Loss - Ortho Loss: 0.0000, Cluster Loss: 0.0000
                              
Validation Results: {
    "ci": 0.7075,
    "classification_loss": 0.0,
    "cluster_loss": 0.0,
    "mae": 1.1025,
    "mse": 2.1435,
    "multiclassification_loss": 0.0,
    "ortho_loss": 0.0,
    "pearson": 0.6078,
    "regression_loss": 2.1702,
    "rm2": 0.3344,
    "rmse": 1.4641,
    "sd": 1.4421,
    "spearman": 0.5813,
    "spectral_loss": 0.0
}
                              
Test Results: {
    "ci": 0.6717,
    "classification_loss": 0.0,
    "cluster_loss": 0.0,
    "mae": 1.1181,
    "mse": 2.1662,
    "multiclassification_loss": 0.0,
    "ortho_loss": 0.0,
    "pearson": 0.5249,
    "regression_loss": 2.1621,
    "rm2": 0.2558,
    "rmse": 1.4718,
    "sd": 1.4359,
    "spearman": 0.4847,
    "spectral_loss": 0.0
}
                              
                              
----------------------------------------
Epoch 021 with LR 0.000100: Model Results
----------------------------------------
Train MSE Loss: 0.8287, Train CLS Loss: 0.0000, Train MCLS Loss: 0.0000
Protein Cluster Region Loss - Ortho Loss: 0.0000, Cluster Loss: 0.0000
                              
Validation Results: {
    "ci": 0.6983,
    "classification_loss": 0.0,
    "cluster_loss": 0.0,
    "mae": 1.1216,
    "mse": 2.2415,
    "multiclassification_loss": 0.0,
    "ortho_loss": 0.0,
    "pearson": 0.5793,
    "regression_loss": 2.2386,
    "rm2": 0.3115,
    "rmse": 1.4972,
    "sd": 1.4803,
    "spearman": 0.554,
    "spectral_loss": 0.0
}
                              
Test Results: {
    "ci": 0.6717,
    "classification_loss": 0.0,
    "cluster_loss": 0.0,
    "mae": 1.1181,
    "mse": 2.1662,
    "multiclassification_loss": 0.0,
    "ortho_loss": 0.0,
    "pearson": 0.5249,
    "regression_loss": 2.1621,
    "rm2": 0.2558,
    "rmse": 1.4718,
    "sd": 1.4359,
    "spearman": 0.4847,
    "spectral_loss": 0.0
}
                              
                              
----------------------------------------
Epoch 022 with LR 0.000100: Model Results
----------------------------------------
Train MSE Loss: 0.8173, Train CLS Loss: 0.0000, Train MCLS Loss: 0.0000
Protein Cluster Region Loss - Ortho Loss: 0.0000, Cluster Loss: 0.0000
                              
Validation Results: {
    "ci": 0.7131,
    "classification_loss": 0.0,
    "cluster_loss": 0.0,
    "mae": 1.0775,
    "mse": 2.1085,
    "multiclassification_loss": 0.0,
    "ortho_loss": 0.0,
    "pearson": 0.6127,
    "regression_loss": 2.125,
    "rm2": 0.3553,
    "rmse": 1.4521,
    "sd": 1.4353,
    "spearman": 0.5911,
    "spectral_loss": 0.0
}
                              
Test Results: {
    "ci": 0.6717,
    "classification_loss": 0.0,
    "cluster_loss": 0.0,
    "mae": 1.1181,
    "mse": 2.1662,
    "multiclassification_loss": 0.0,
    "ortho_loss": 0.0,
    "pearson": 0.5249,
    "regression_loss": 2.1621,
    "rm2": 0.2558,
    "rmse": 1.4718,
    "sd": 1.4359,
    "spearman": 0.4847,
    "spectral_loss": 0.0
}
                              
                              
----------------------------------------
Epoch 023 with LR 0.000100: Model Results
----------------------------------------
Train MSE Loss: 0.7929, Train CLS Loss: 0.0000, Train MCLS Loss: 0.0000
Protein Cluster Region Loss - Ortho Loss: 0.0000, Cluster Loss: 0.0000
                              
Validation Results: {
    "ci": 0.7069,
    "classification_loss": 0.0,
    "cluster_loss": 0.0,
    "mae": 1.0994,
    "mse": 2.176,
    "multiclassification_loss": 0.0,
    "ortho_loss": 0.0,
    "pearson": 0.6045,
    "regression_loss": 2.192,
    "rm2": 0.3291,
    "rmse": 1.4751,
    "sd": 1.4466,
    "spearman": 0.5772,
    "spectral_loss": 0.0
}
                              
Test Results: {
    "ci": 0.6717,
    "classification_loss": 0.0,
    "cluster_loss": 0.0,
    "mae": 1.1181,
    "mse": 2.1662,
    "multiclassification_loss": 0.0,
    "ortho_loss": 0.0,
    "pearson": 0.5249,
    "regression_loss": 2.1621,
    "rm2": 0.2558,
    "rmse": 1.4718,
    "sd": 1.4359,
    "spearman": 0.4847,
    "spectral_loss": 0.0
}
                              
                              
----------------------------------------
Epoch 024 with LR 0.000100: Model Results
----------------------------------------
Train MSE Loss: 0.7767, Train CLS Loss: 0.0000, Train MCLS Loss: 0.0000
Protein Cluster Region Loss - Ortho Loss: 0.0000, Cluster Loss: 0.0000
                              
Validation Results: {
    "ci": 0.7044,
    "classification_loss": 0.0,
    "cluster_loss": 0.0,
    "mae": 1.126,
    "mse": 2.2715,
    "multiclassification_loss": 0.0,
    "ortho_loss": 0.0,
    "pearson": 0.5956,
    "regression_loss": 2.2812,
    "rm2": 0.3178,
    "rmse": 1.5071,
    "sd": 1.4588,
    "spearman": 0.5697,
    "spectral_loss": 0.0
}
                              
Test Results: {
    "ci": 0.6717,
    "classification_loss": 0.0,
    "cluster_loss": 0.0,
    "mae": 1.1181,
    "mse": 2.1662,
    "multiclassification_loss": 0.0,
    "ortho_loss": 0.0,
    "pearson": 0.5249,
    "regression_loss": 2.1621,
    "rm2": 0.2558,
    "rmse": 1.4718,
    "sd": 1.4359,
    "spearman": 0.4847,
    "spectral_loss": 0.0
}
                              
                              
----------------------------------------
Epoch 025 with LR 0.000100: Model Results
----------------------------------------
Train MSE Loss: 0.7682, Train CLS Loss: 0.0000, Train MCLS Loss: 0.0000
Protein Cluster Region Loss - Ortho Loss: 0.0000, Cluster Loss: 0.0000
                              
Validation Results: {
    "ci": 0.7155,
    "classification_loss": 0.0,
    "cluster_loss": 0.0,
    "mae": 1.0774,
    "mse": 2.093,
    "multiclassification_loss": 0.0,
    "ortho_loss": 0.0,
    "pearson": 0.6243,
    "regression_loss": 2.1253,
    "rm2": 0.3515,
    "rmse": 1.4467,
    "sd": 1.4187,
    "spearman": 0.6,
    "spectral_loss": 0.0
}
                              
Test Results: {
    "ci": 0.6693,
    "classification_loss": 0.0,
    "cluster_loss": 0.0,
    "mae": 1.1474,
    "mse": 2.3164,
    "multiclassification_loss": 0.0,
    "ortho_loss": 0.0,
    "pearson": 0.5159,
    "regression_loss": 2.3123,
    "rm2": 0.2343,
    "rmse": 1.522,
    "sd": 1.4452,
    "spearman": 0.4775,
    "spectral_loss": 0.0
}
                              
                              
----------------------------------------
Epoch 026 with LR 0.000100: Model Results
----------------------------------------
Train MSE Loss: 0.7556, Train CLS Loss: 0.0000, Train MCLS Loss: 0.0000
Protein Cluster Region Loss - Ortho Loss: 0.0000, Cluster Loss: 0.0000
                              
Validation Results: {
    "ci": 0.7069,
    "classification_loss": 0.0,
    "cluster_loss": 0.0,
    "mae": 1.1028,
    "mse": 2.1562,
    "multiclassification_loss": 0.0,
    "ortho_loss": 0.0,
    "pearson": 0.6084,
    "regression_loss": 2.1898,
    "rm2": 0.3308,
    "rmse": 1.4684,
    "sd": 1.4412,
    "spearman": 0.5807,
    "spectral_loss": 0.0
}
                              
Test Results: {
    "ci": 0.6693,
    "classification_loss": 0.0,
    "cluster_loss": 0.0,
    "mae": 1.1474,
    "mse": 2.3164,
    "multiclassification_loss": 0.0,
    "ortho_loss": 0.0,
    "pearson": 0.5159,
    "regression_loss": 2.3123,
    "rm2": 0.2343,
    "rmse": 1.522,
    "sd": 1.4452,
    "spearman": 0.4775,
    "spectral_loss": 0.0
}
                              
                              
----------------------------------------
Epoch 027 with LR 0.000100: Model Results
----------------------------------------
Train MSE Loss: 0.7369, Train CLS Loss: 0.0000, Train MCLS Loss: 0.0000
Protein Cluster Region Loss - Ortho Loss: 0.0000, Cluster Loss: 0.0000
                              
Validation Results: {
    "ci": 0.6979,
    "classification_loss": 0.0,
    "cluster_loss": 0.0,
    "mae": 1.1072,
    "mse": 2.2096,
    "multiclassification_loss": 0.0,
    "ortho_loss": 0.0,
    "pearson": 0.5946,
    "regression_loss": 2.2446,
    "rm2": 0.3197,
    "rmse": 1.4865,
    "sd": 1.4602,
    "spearman": 0.5533,
    "spectral_loss": 0.0
}
                              
Test Results: {
    "ci": 0.6693,
    "classification_loss": 0.0,
    "cluster_loss": 0.0,
    "mae": 1.1474,
    "mse": 2.3164,
    "multiclassification_loss": 0.0,
    "ortho_loss": 0.0,
    "pearson": 0.5159,
    "regression_loss": 2.3123,
    "rm2": 0.2343,
    "rmse": 1.522,
    "sd": 1.4452,
    "spearman": 0.4775,
    "spectral_loss": 0.0
}
                              
                              
----------------------------------------
Epoch 028 with LR 0.000100: Model Results
----------------------------------------
Train MSE Loss: 0.7278, Train CLS Loss: 0.0000, Train MCLS Loss: 0.0000
Protein Cluster Region Loss - Ortho Loss: 0.0000, Cluster Loss: 0.0000
                              
Validation Results: {
    "ci": 0.7113,
    "classification_loss": 0.0,
    "cluster_loss": 0.0,
    "mae": 1.0955,
    "mse": 2.1683,
    "multiclassification_loss": 0.0,
    "ortho_loss": 0.0,
    "pearson": 0.6091,
    "regression_loss": 2.2238,
    "rm2": 0.3196,
    "rmse": 1.4725,
    "sd": 1.4402,
    "spearman": 0.5893,
    "spectral_loss": 0.0
}
                              
Test Results: {
    "ci": 0.6693,
    "classification_loss": 0.0,
    "cluster_loss": 0.0,
    "mae": 1.1474,
    "mse": 2.3164,
    "multiclassification_loss": 0.0,
    "ortho_loss": 0.0,
    "pearson": 0.5159,
    "regression_loss": 2.3123,
    "rm2": 0.2343,
    "rmse": 1.522,
    "sd": 1.4452,
    "spearman": 0.4775,
    "spectral_loss": 0.0
}
                              
                              
----------------------------------------
Epoch 029 with LR 0.000100: Model Results
----------------------------------------
Train MSE Loss: 0.7221, Train CLS Loss: 0.0000, Train MCLS Loss: 0.0000
Protein Cluster Region Loss - Ortho Loss: 0.0000, Cluster Loss: 0.0000
                              
Validation Results: {
    "ci": 0.7036,
    "classification_loss": 0.0,
    "cluster_loss": 0.0,
    "mae": 1.1264,
    "mse": 2.2457,
    "multiclassification_loss": 0.0,
    "ortho_loss": 0.0,
    "pearson": 0.6032,
    "regression_loss": 2.2676,
    "rm2": 0.3169,
    "rmse": 1.4986,
    "sd": 1.4485,
    "spearman": 0.5711,
    "spectral_loss": 0.0
}
                              
Test Results: {
    "ci": 0.6693,
    "classification_loss": 0.0,
    "cluster_loss": 0.0,
    "mae": 1.1474,
    "mse": 2.3164,
    "multiclassification_loss": 0.0,
    "ortho_loss": 0.0,
    "pearson": 0.5159,
    "regression_loss": 2.3123,
    "rm2": 0.2343,
    "rmse": 1.522,
    "sd": 1.4452,
    "spearman": 0.4775,
    "spectral_loss": 0.0
}
                              
                              
----------------------------------------
Epoch 030 with LR 0.000100: Model Results
----------------------------------------
Train MSE Loss: 0.6948, Train CLS Loss: 0.0000, Train MCLS Loss: 0.0000
Protein Cluster Region Loss - Ortho Loss: 0.0000, Cluster Loss: 0.0000
                              
Validation Results: {
    "ci": 0.7085,
    "classification_loss": 0.0,
    "cluster_loss": 0.0,
    "mae": 1.0994,
    "mse": 2.1917,
    "multiclassification_loss": 0.0,
    "ortho_loss": 0.0,
    "pearson": 0.612,
    "regression_loss": 2.2449,
    "rm2": 0.3206,
    "rmse": 1.4804,
    "sd": 1.4362,
    "spearman": 0.5811,
    "spectral_loss": 0.0
}
                              
Test Results: {
    "ci": 0.6693,
    "classification_loss": 0.0,
    "cluster_loss": 0.0,
    "mae": 1.1474,
    "mse": 2.3164,
    "multiclassification_loss": 0.0,
    "ortho_loss": 0.0,
    "pearson": 0.5159,
    "regression_loss": 2.3123,
    "rm2": 0.2343,
    "rmse": 1.522,
    "sd": 1.4452,
    "spearman": 0.4775,
    "spectral_loss": 0.0
}
                              
                              
----------------------------------------
Epoch 031 with LR 0.000100: Model Results
----------------------------------------
Train MSE Loss: 0.6930, Train CLS Loss: 0.0000, Train MCLS Loss: 0.0000
Protein Cluster Region Loss - Ortho Loss: 0.0000, Cluster Loss: 0.0000
                              
Validation Results: {
    "ci": 0.712,
    "classification_loss": 0.0,
    "cluster_loss": 0.0,
    "mae": 1.0713,
    "mse": 2.1014,
    "multiclassification_loss": 0.0,
    "ortho_loss": 0.0,
    "pearson": 0.6146,
    "regression_loss": 2.1282,
    "rm2": 0.3565,
    "rmse": 1.4496,
    "sd": 1.4325,
    "spearman": 0.5885,
    "spectral_loss": 0.0
}
                              
Test Results: {
    "ci": 0.6693,
    "classification_loss": 0.0,
    "cluster_loss": 0.0,
    "mae": 1.1474,
    "mse": 2.3164,
    "multiclassification_loss": 0.0,
    "ortho_loss": 0.0,
    "pearson": 0.5159,
    "regression_loss": 2.3123,
    "rm2": 0.2343,
    "rmse": 1.522,
    "sd": 1.4452,
    "spearman": 0.4775,
    "spectral_loss": 0.0
}
                              
                              
----------------------------------------
Epoch 032 with LR 0.000100: Model Results
----------------------------------------
Train MSE Loss: 0.6917, Train CLS Loss: 0.0000, Train MCLS Loss: 0.0000
Protein Cluster Region Loss - Ortho Loss: 0.0000, Cluster Loss: 0.0000
                              
Validation Results: {
    "ci": 0.709,
    "classification_loss": 0.0,
    "cluster_loss": 0.0,
    "mae": 1.1034,
    "mse": 2.1755,
    "multiclassification_loss": 0.0,
    "ortho_loss": 0.0,
    "pearson": 0.6071,
    "regression_loss": 2.2169,
    "rm2": 0.358,
    "rmse": 1.475,
    "sd": 1.443,
    "spearman": 0.5822,
    "spectral_loss": 0.0
}
                              
Test Results: {
    "ci": 0.6693,
    "classification_loss": 0.0,
    "cluster_loss": 0.0,
    "mae": 1.1474,
    "mse": 2.3164,
    "multiclassification_loss": 0.0,
    "ortho_loss": 0.0,
    "pearson": 0.5159,
    "regression_loss": 2.3123,
    "rm2": 0.2343,
    "rmse": 1.522,
    "sd": 1.4452,
    "spearman": 0.4775,
    "spectral_loss": 0.0
}
                              
                              
----------------------------------------
Epoch 033 with LR 0.000100: Model Results
----------------------------------------
Train MSE Loss: 0.6739, Train CLS Loss: 0.0000, Train MCLS Loss: 0.0000
Protein Cluster Region Loss - Ortho Loss: 0.0000, Cluster Loss: 0.0000
                              
Validation Results: {
    "ci": 0.7077,
    "classification_loss": 0.0,
    "cluster_loss": 0.0,
    "mae": 1.0974,
    "mse": 2.1662,
    "multiclassification_loss": 0.0,
    "ortho_loss": 0.0,
    "pearson": 0.6104,
    "regression_loss": 2.2197,
    "rm2": 0.3227,
    "rmse": 1.4718,
    "sd": 1.4385,
    "spearman": 0.5796,
    "spectral_loss": 0.0
}
                              
Test Results: {
    "ci": 0.6693,
    "classification_loss": 0.0,
    "cluster_loss": 0.0,
    "mae": 1.1474,
    "mse": 2.3164,
    "multiclassification_loss": 0.0,
    "ortho_loss": 0.0,
    "pearson": 0.5159,
    "regression_loss": 2.3123,
    "rm2": 0.2343,
    "rmse": 1.522,
    "sd": 1.4452,
    "spearman": 0.4775,
    "spectral_loss": 0.0
}
                              
                              
----------------------------------------
Epoch 034 with LR 0.000100: Model Results
----------------------------------------
Train MSE Loss: 0.6723, Train CLS Loss: 0.0000, Train MCLS Loss: 0.0000
Protein Cluster Region Loss - Ortho Loss: 0.0000, Cluster Loss: 0.0000
                              
Validation Results: {
    "ci": 0.7067,
    "classification_loss": 0.0,
    "cluster_loss": 0.0,
    "mae": 1.1045,
    "mse": 2.2018,
    "multiclassification_loss": 0.0,
    "ortho_loss": 0.0,
    "pearson": 0.6102,
    "regression_loss": 2.2362,
    "rm2": 0.3536,
    "rmse": 1.4839,
    "sd": 1.4387,
    "spearman": 0.5753,
    "spectral_loss": 0.0
}
                              
Test Results: {
    "ci": 0.6693,
    "classification_loss": 0.0,
    "cluster_loss": 0.0,
    "mae": 1.1474,
    "mse": 2.3164,
    "multiclassification_loss": 0.0,
    "ortho_loss": 0.0,
    "pearson": 0.5159,
    "regression_loss": 2.3123,
    "rm2": 0.2343,
    "rmse": 1.522,
    "sd": 1.4452,
    "spearman": 0.4775,
    "spectral_loss": 0.0
}
                              
                              
----------------------------------------
Epoch 035 with LR 0.000100: Model Results
----------------------------------------
Train MSE Loss: 0.6679, Train CLS Loss: 0.0000, Train MCLS Loss: 0.0000
Protein Cluster Region Loss - Ortho Loss: 0.0000, Cluster Loss: 0.0000
                              
Validation Results: {
    "ci": 0.7143,
    "classification_loss": 0.0,
    "cluster_loss": 0.0,
    "mae": 1.0764,
    "mse": 2.1227,
    "multiclassification_loss": 0.0,
    "ortho_loss": 0.0,
    "pearson": 0.622,
    "regression_loss": 2.1436,
    "rm2": 0.3508,
    "rmse": 1.4569,
    "sd": 1.422,
    "spearman": 0.5929,
    "spectral_loss": 0.0
}
                              
Test Results: {
    "ci": 0.6693,
    "classification_loss": 0.0,
    "cluster_loss": 0.0,
    "mae": 1.1474,
    "mse": 2.3164,
    "multiclassification_loss": 0.0,
    "ortho_loss": 0.0,
    "pearson": 0.5159,
    "regression_loss": 2.3123,
    "rm2": 0.2343,
    "rmse": 1.522,
    "sd": 1.4452,
    "spearman": 0.4775,
    "spectral_loss": 0.0
}
                              
                              
----------------------------------------
Epoch 036 with LR 0.000100: Model Results
----------------------------------------
Train MSE Loss: 0.6520, Train CLS Loss: 0.0000, Train MCLS Loss: 0.0000
Protein Cluster Region Loss - Ortho Loss: 0.0000, Cluster Loss: 0.0000
                              
Validation Results: {
    "ci": 0.7053,
    "classification_loss": 0.0,
    "cluster_loss": 0.0,
    "mae": 1.0884,
    "mse": 2.1502,
    "multiclassification_loss": 0.0,
    "ortho_loss": 0.0,
    "pearson": 0.6044,
    "regression_loss": 2.1832,
    "rm2": 0.3344,
    "rmse": 1.4664,
    "sd": 1.4468,
    "spearman": 0.5718,
    "spectral_loss": 0.0
}
                              
Test Results: {
    "ci": 0.6693,
    "classification_loss": 0.0,
    "cluster_loss": 0.0,
    "mae": 1.1474,
    "mse": 2.3164,
    "multiclassification_loss": 0.0,
    "ortho_loss": 0.0,
    "pearson": 0.5159,
    "regression_loss": 2.3123,
    "rm2": 0.2343,
    "rmse": 1.522,
    "sd": 1.4452,
    "spearman": 0.4775,
    "spectral_loss": 0.0
}
                              
                              
----------------------------------------
Epoch 037 with LR 0.000100: Model Results
----------------------------------------
Train MSE Loss: 0.6338, Train CLS Loss: 0.0000, Train MCLS Loss: 0.0000
Protein Cluster Region Loss - Ortho Loss: 0.0000, Cluster Loss: 0.0000
                              
Validation Results: {
    "ci": 0.7103,
    "classification_loss": 0.0,
    "cluster_loss": 0.0,
    "mae": 1.0892,
    "mse": 2.1225,
    "multiclassification_loss": 0.0,
    "ortho_loss": 0.0,
    "pearson": 0.6119,
    "regression_loss": 2.1792,
    "rm2": 0.3377,
    "rmse": 1.4569,
    "sd": 1.4364,
    "spearman": 0.5838,
    "spectral_loss": 0.0
}
                              
Test Results: {
    "ci": 0.6693,
    "classification_loss": 0.0,
    "cluster_loss": 0.0,
    "mae": 1.1474,
    "mse": 2.3164,
    "multiclassification_loss": 0.0,
    "ortho_loss": 0.0,
    "pearson": 0.5159,
    "regression_loss": 2.3123,
    "rm2": 0.2343,
    "rmse": 1.522,
    "sd": 1.4452,
    "spearman": 0.4775,
    "spectral_loss": 0.0
}
                              
                              
----------------------------------------
Epoch 038 with LR 0.000100: Model Results
----------------------------------------
Train MSE Loss: 0.6412, Train CLS Loss: 0.0000, Train MCLS Loss: 0.0000
Protein Cluster Region Loss - Ortho Loss: 0.0000, Cluster Loss: 0.0000
                              
Validation Results: {
    "ci": 0.7159,
    "classification_loss": 0.0,
    "cluster_loss": 0.0,
    "mae": 1.0786,
    "mse": 2.0973,
    "multiclassification_loss": 0.0,
    "ortho_loss": 0.0,
    "pearson": 0.6227,
    "regression_loss": 2.1277,
    "rm2": 0.3763,
    "rmse": 1.4482,
    "sd": 1.421,
    "spearman": 0.6007,
    "spectral_loss": 0.0
}
                              
Test Results: {
    "ci": 0.6693,
    "classification_loss": 0.0,
    "cluster_loss": 0.0,
    "mae": 1.1474,
    "mse": 2.3164,
    "multiclassification_loss": 0.0,
    "ortho_loss": 0.0,
    "pearson": 0.5159,
    "regression_loss": 2.3123,
    "rm2": 0.2343,
    "rmse": 1.522,
    "sd": 1.4452,
    "spearman": 0.4775,
    "spectral_loss": 0.0
}
                              
                              
----------------------------------------
Epoch 039 with LR 0.000100: Model Results
----------------------------------------
Train MSE Loss: 0.6267, Train CLS Loss: 0.0000, Train MCLS Loss: 0.0000
Protein Cluster Region Loss - Ortho Loss: 0.0000, Cluster Loss: 0.0000
                              
Validation Results: {
    "ci": 0.7126,
    "classification_loss": 0.0,
    "cluster_loss": 0.0,
    "mae": 1.1002,
    "mse": 2.2015,
    "multiclassification_loss": 0.0,
    "ortho_loss": 0.0,
    "pearson": 0.6145,
    "regression_loss": 2.2298,
    "rm2": 0.328,
    "rmse": 1.4837,
    "sd": 1.4328,
    "spearman": 0.5913,
    "spectral_loss": 0.0
}
                              
Test Results: {
    "ci": 0.6693,
    "classification_loss": 0.0,
    "cluster_loss": 0.0,
    "mae": 1.1474,
    "mse": 2.3164,
    "multiclassification_loss": 0.0,
    "ortho_loss": 0.0,
    "pearson": 0.5159,
    "regression_loss": 2.3123,
    "rm2": 0.2343,
    "rmse": 1.522,
    "sd": 1.4452,
    "spearman": 0.4775,
    "spectral_loss": 0.0
}
                              
                              
----------------------------------------
Epoch 040 with LR 0.000100: Model Results
----------------------------------------
Train MSE Loss: 0.6267, Train CLS Loss: 0.0000, Train MCLS Loss: 0.0000
Protein Cluster Region Loss - Ortho Loss: 0.0000, Cluster Loss: 0.0000
                              
Validation Results: {
    "ci": 0.7182,
    "classification_loss": 0.0,
    "cluster_loss": 0.0,
    "mae": 1.0555,
    "mse": 2.0225,
    "multiclassification_loss": 0.0,
    "ortho_loss": 0.0,
    "pearson": 0.6336,
    "regression_loss": 2.0767,
    "rm2": 0.3768,
    "rmse": 1.4222,
    "sd": 1.405,
    "spearman": 0.6043,
    "spectral_loss": 0.0
}
                              
Test Results: {
    "ci": 0.6707,
    "classification_loss": 0.0,
    "cluster_loss": 0.0,
    "mae": 1.1343,
    "mse": 2.2762,
    "multiclassification_loss": 0.0,
    "ortho_loss": 0.0,
    "pearson": 0.5205,
    "regression_loss": 2.2717,
    "rm2": 0.2466,
    "rmse": 1.5087,
    "sd": 1.4404,
    "spearman": 0.4811,
    "spectral_loss": 0.0
}
                              
                              
----------------------------------------
Epoch 041 with LR 0.000100: Model Results
----------------------------------------
Train MSE Loss: 0.6092, Train CLS Loss: 0.0000, Train MCLS Loss: 0.0000
Protein Cluster Region Loss - Ortho Loss: 0.0000, Cluster Loss: 0.0000
                              
Validation Results: {
    "ci": 0.7193,
    "classification_loss": 0.0,
    "cluster_loss": 0.0,
    "mae": 1.0636,
    "mse": 2.064,
    "multiclassification_loss": 0.0,
    "ortho_loss": 0.0,
    "pearson": 0.6312,
    "regression_loss": 2.0931,
    "rm2": 0.3671,
    "rmse": 1.4367,
    "sd": 1.4086,
    "spearman": 0.606,
    "spectral_loss": 0.0
}
                              
Test Results: {
    "ci": 0.6707,
    "classification_loss": 0.0,
    "cluster_loss": 0.0,
    "mae": 1.1343,
    "mse": 2.2762,
    "multiclassification_loss": 0.0,
    "ortho_loss": 0.0,
    "pearson": 0.5205,
    "regression_loss": 2.2717,
    "rm2": 0.2466,
    "rmse": 1.5087,
    "sd": 1.4404,
    "spearman": 0.4811,
    "spectral_loss": 0.0
}
                              
                              
----------------------------------------
Epoch 042 with LR 0.000100: Model Results
----------------------------------------
Train MSE Loss: 0.6079, Train CLS Loss: 0.0000, Train MCLS Loss: 0.0000
Protein Cluster Region Loss - Ortho Loss: 0.0000, Cluster Loss: 0.0000
                              
Validation Results: {
    "ci": 0.7078,
    "classification_loss": 0.0,
    "cluster_loss": 0.0,
    "mae": 1.1001,
    "mse": 2.1698,
    "multiclassification_loss": 0.0,
    "ortho_loss": 0.0,
    "pearson": 0.612,
    "regression_loss": 2.2047,
    "rm2": 0.3562,
    "rmse": 1.473,
    "sd": 1.4363,
    "spearman": 0.5791,
    "spectral_loss": 0.0
}
                              
Test Results: {
    "ci": 0.6707,
    "classification_loss": 0.0,
    "cluster_loss": 0.0,
    "mae": 1.1343,
    "mse": 2.2762,
    "multiclassification_loss": 0.0,
    "ortho_loss": 0.0,
    "pearson": 0.5205,
    "regression_loss": 2.2717,
    "rm2": 0.2466,
    "rmse": 1.5087,
    "sd": 1.4404,
    "spearman": 0.4811,
    "spectral_loss": 0.0
}
                              
                              
----------------------------------------
Epoch 043 with LR 0.000100: Model Results
----------------------------------------
Train MSE Loss: 0.5892, Train CLS Loss: 0.0000, Train MCLS Loss: 0.0000
Protein Cluster Region Loss - Ortho Loss: 0.0000, Cluster Loss: 0.0000
                              
Validation Results: {
    "ci": 0.7071,
    "classification_loss": 0.0,
    "cluster_loss": 0.0,
    "mae": 1.0999,
    "mse": 2.1912,
    "multiclassification_loss": 0.0,
    "ortho_loss": 0.0,
    "pearson": 0.6084,
    "regression_loss": 2.2245,
    "rm2": 0.3225,
    "rmse": 1.4803,
    "sd": 1.4413,
    "spearman": 0.5772,
    "spectral_loss": 0.0
}
                              
Test Results: {
    "ci": 0.6707,
    "classification_loss": 0.0,
    "cluster_loss": 0.0,
    "mae": 1.1343,
    "mse": 2.2762,
    "multiclassification_loss": 0.0,
    "ortho_loss": 0.0,
    "pearson": 0.5205,
    "regression_loss": 2.2717,
    "rm2": 0.2466,
    "rmse": 1.5087,
    "sd": 1.4404,
    "spearman": 0.4811,
    "spectral_loss": 0.0
}
                              
                              
----------------------------------------
Epoch 044 with LR 0.000100: Model Results
----------------------------------------
Train MSE Loss: 0.5961, Train CLS Loss: 0.0000, Train MCLS Loss: 0.0000
Protein Cluster Region Loss - Ortho Loss: 0.0000, Cluster Loss: 0.0000
                              
Validation Results: {
    "ci": 0.7056,
    "classification_loss": 0.0,
    "cluster_loss": 0.0,
    "mae": 1.0995,
    "mse": 2.2162,
    "multiclassification_loss": 0.0,
    "ortho_loss": 0.0,
    "pearson": 0.6045,
    "regression_loss": 2.2722,
    "rm2": 0.3191,
    "rmse": 1.4887,
    "sd": 1.4467,
    "spearman": 0.5728,
    "spectral_loss": 0.0
}
                              
Test Results: {
    "ci": 0.6707,
    "classification_loss": 0.0,
    "cluster_loss": 0.0,
    "mae": 1.1343,
    "mse": 2.2762,
    "multiclassification_loss": 0.0,
    "ortho_loss": 0.0,
    "pearson": 0.5205,
    "regression_loss": 2.2717,
    "rm2": 0.2466,
    "rmse": 1.5087,
    "sd": 1.4404,
    "spearman": 0.4811,
    "spectral_loss": 0.0
}
                              
                              
----------------------------------------
Epoch 045 with LR 0.000100: Model Results
----------------------------------------
Train MSE Loss: 0.5871, Train CLS Loss: 0.0000, Train MCLS Loss: 0.0000
Protein Cluster Region Loss - Ortho Loss: 0.0000, Cluster Loss: 0.0000
                              
Validation Results: {
    "ci": 0.7113,
    "classification_loss": 0.0,
    "cluster_loss": 0.0,
    "mae": 1.0889,
    "mse": 2.1538,
    "multiclassification_loss": 0.0,
    "ortho_loss": 0.0,
    "pearson": 0.615,
    "regression_loss": 2.1861,
    "rm2": 0.3471,
    "rmse": 1.4676,
    "sd": 1.4319,
    "spearman": 0.5872,
    "spectral_loss": 0.0
}
                              
Test Results: {
    "ci": 0.6707,
    "classification_loss": 0.0,
    "cluster_loss": 0.0,
    "mae": 1.1343,
    "mse": 2.2762,
    "multiclassification_loss": 0.0,
    "ortho_loss": 0.0,
    "pearson": 0.5205,
    "regression_loss": 2.2717,
    "rm2": 0.2466,
    "rmse": 1.5087,
    "sd": 1.4404,
    "spearman": 0.4811,
    "spectral_loss": 0.0
}
                              
                              
----------------------------------------
Epoch 046 with LR 0.000100: Model Results
----------------------------------------
Train MSE Loss: 0.5745, Train CLS Loss: 0.0000, Train MCLS Loss: 0.0000
Protein Cluster Region Loss - Ortho Loss: 0.0000, Cluster Loss: 0.0000
                              
Validation Results: {
    "ci": 0.7033,
    "classification_loss": 0.0,
    "cluster_loss": 0.0,
    "mae": 1.0922,
    "mse": 2.1419,
    "multiclassification_loss": 0.0,
    "ortho_loss": 0.0,
    "pearson": 0.6109,
    "regression_loss": 2.1886,
    "rm2": 0.3547,
    "rmse": 1.4635,
    "sd": 1.4378,
    "spearman": 0.5673,
    "spectral_loss": 0.0
}
                              
Test Results: {
    "ci": 0.6707,
    "classification_loss": 0.0,
    "cluster_loss": 0.0,
    "mae": 1.1343,
    "mse": 2.2762,
    "multiclassification_loss": 0.0,
    "ortho_loss": 0.0,
    "pearson": 0.5205,
    "regression_loss": 2.2717,
    "rm2": 0.2466,
    "rmse": 1.5087,
    "sd": 1.4404,
    "spearman": 0.4811,
    "spectral_loss": 0.0
}
                              
                              
----------------------------------------
Epoch 047 with LR 0.000100: Model Results
----------------------------------------
Train MSE Loss: 0.5663, Train CLS Loss: 0.0000, Train MCLS Loss: 0.0000
Protein Cluster Region Loss - Ortho Loss: 0.0000, Cluster Loss: 0.0000
                              
Validation Results: {
    "ci": 0.7113,
    "classification_loss": 0.0,
    "cluster_loss": 0.0,
    "mae": 1.0794,
    "mse": 2.1731,
    "multiclassification_loss": 0.0,
    "ortho_loss": 0.0,
    "pearson": 0.6104,
    "regression_loss": 2.2168,
    "rm2": 0.3344,
    "rmse": 1.4741,
    "sd": 1.4385,
    "spearman": 0.5848,
    "spectral_loss": 0.0
}
                              
Test Results: {
    "ci": 0.6707,
    "classification_loss": 0.0,
    "cluster_loss": 0.0,
    "mae": 1.1343,
    "mse": 2.2762,
    "multiclassification_loss": 0.0,
    "ortho_loss": 0.0,
    "pearson": 0.5205,
    "regression_loss": 2.2717,
    "rm2": 0.2466,
    "rmse": 1.5087,
    "sd": 1.4404,
    "spearman": 0.4811,
    "spectral_loss": 0.0
}
                              
                              
----------------------------------------
Epoch 048 with LR 0.000100: Model Results
----------------------------------------
Train MSE Loss: 0.5692, Train CLS Loss: 0.0000, Train MCLS Loss: 0.0000
Protein Cluster Region Loss - Ortho Loss: 0.0000, Cluster Loss: 0.0000
                              
Validation Results: {
    "ci": 0.7112,
    "classification_loss": 0.0,
    "cluster_loss": 0.0,
    "mae": 1.0739,
    "mse": 2.1164,
    "multiclassification_loss": 0.0,
    "ortho_loss": 0.0,
    "pearson": 0.6126,
    "regression_loss": 2.1562,
    "rm2": 0.3453,
    "rmse": 1.4548,
    "sd": 1.4354,
    "spearman": 0.586,
    "spectral_loss": 0.0
}
                              
Test Results: {
    "ci": 0.6707,
    "classification_loss": 0.0,
    "cluster_loss": 0.0,
    "mae": 1.1343,
    "mse": 2.2762,
    "multiclassification_loss": 0.0,
    "ortho_loss": 0.0,
    "pearson": 0.5205,
    "regression_loss": 2.2717,
    "rm2": 0.2466,
    "rmse": 1.5087,
    "sd": 1.4404,
    "spearman": 0.4811,
    "spectral_loss": 0.0
}
                              
                              
----------------------------------------
Epoch 049 with LR 0.000100: Model Results
----------------------------------------
Train MSE Loss: 0.5643, Train CLS Loss: 0.0000, Train MCLS Loss: 0.0000
Protein Cluster Region Loss - Ortho Loss: 0.0000, Cluster Loss: 0.0000
                              
Validation Results: {
    "ci": 0.7099,
    "classification_loss": 0.0,
    "cluster_loss": 0.0,
    "mae": 1.097,
    "mse": 2.1754,
    "multiclassification_loss": 0.0,
    "ortho_loss": 0.0,
    "pearson": 0.6142,
    "regression_loss": 2.2242,
    "rm2": 0.3245,
    "rmse": 1.4749,
    "sd": 1.4331,
    "spearman": 0.5826,
    "spectral_loss": 0.0
}
                              
Test Results: {
    "ci": 0.6707,
    "classification_loss": 0.0,
    "cluster_loss": 0.0,
    "mae": 1.1343,
    "mse": 2.2762,
    "multiclassification_loss": 0.0,
    "ortho_loss": 0.0,
    "pearson": 0.5205,
    "regression_loss": 2.2717,
    "rm2": 0.2466,
    "rmse": 1.5087,
    "sd": 1.4404,
    "spearman": 0.4811,
    "spectral_loss": 0.0
}
                              
                              
----------------------------------------
Epoch 050 with LR 0.000100: Model Results
----------------------------------------
Train MSE Loss: 0.5511, Train CLS Loss: 0.0000, Train MCLS Loss: 0.0000
Protein Cluster Region Loss - Ortho Loss: 0.0000, Cluster Loss: 0.0000
                              
Validation Results: {
    "ci": 0.7057,
    "classification_loss": 0.0,
    "cluster_loss": 0.0,
    "mae": 1.0867,
    "mse": 2.1625,
    "multiclassification_loss": 0.0,
    "ortho_loss": 0.0,
    "pearson": 0.6098,
    "regression_loss": 2.2011,
    "rm2": 0.3359,
    "rmse": 1.4706,
    "sd": 1.4393,
    "spearman": 0.5717,
    "spectral_loss": 0.0
}
                              
Test Results: {
    "ci": 0.6707,
    "classification_loss": 0.0,
    "cluster_loss": 0.0,
    "mae": 1.1343,
    "mse": 2.2762,
    "multiclassification_loss": 0.0,
    "ortho_loss": 0.0,
    "pearson": 0.5205,
    "regression_loss": 2.2717,
    "rm2": 0.2466,
    "rmse": 1.5087,
    "sd": 1.4404,
    "spearman": 0.4811,
    "spectral_loss": 0.0
}
                              
                              
----------------------------------------
Epoch 051 with LR 0.000100: Model Results
----------------------------------------
Train MSE Loss: 0.5461, Train CLS Loss: 0.0000, Train MCLS Loss: 0.0000
Protein Cluster Region Loss - Ortho Loss: 0.0000, Cluster Loss: 0.0000
                              
Validation Results: {
    "ci": 0.7022,
    "classification_loss": 0.0,
    "cluster_loss": 0.0,
    "mae": 1.1199,
    "mse": 2.2499,
    "multiclassification_loss": 0.0,
    "ortho_loss": 0.0,
    "pearson": 0.5916,
    "regression_loss": 2.2811,
    "rm2": 0.3127,
    "rmse": 1.5,
    "sd": 1.4641,
    "spearman": 0.5663,
    "spectral_loss": 0.0
}
                              
Test Results: {
    "ci": 0.6707,
    "classification_loss": 0.0,
    "cluster_loss": 0.0,
    "mae": 1.1343,
    "mse": 2.2762,
    "multiclassification_loss": 0.0,
    "ortho_loss": 0.0,
    "pearson": 0.5205,
    "regression_loss": 2.2717,
    "rm2": 0.2466,
    "rmse": 1.5087,
    "sd": 1.4404,
    "spearman": 0.4811,
    "spectral_loss": 0.0
}
                              
                              
----------------------------------------
Epoch 052 with LR 0.000100: Model Results
----------------------------------------
Train MSE Loss: 0.5459, Train CLS Loss: 0.0000, Train MCLS Loss: 0.0000
Protein Cluster Region Loss - Ortho Loss: 0.0000, Cluster Loss: 0.0000
                              
Validation Results: {
    "ci": 0.7113,
    "classification_loss": 0.0,
    "cluster_loss": 0.0,
    "mae": 1.0841,
    "mse": 2.1232,
    "multiclassification_loss": 0.0,
    "ortho_loss": 0.0,
    "pearson": 0.6173,
    "regression_loss": 2.1829,
    "rm2": 0.343,
    "rmse": 1.4571,
    "sd": 1.4288,
    "spearman": 0.586,
    "spectral_loss": 0.0
}
                              
Test Results: {
    "ci": 0.6707,
    "classification_loss": 0.0,
    "cluster_loss": 0.0,
    "mae": 1.1343,
    "mse": 2.2762,
    "multiclassification_loss": 0.0,
    "ortho_loss": 0.0,
    "pearson": 0.5205,
    "regression_loss": 2.2717,
    "rm2": 0.2466,
    "rmse": 1.5087,
    "sd": 1.4404,
    "spearman": 0.4811,
    "spectral_loss": 0.0
}
                              
                              
----------------------------------------
Epoch 053 with LR 0.000100: Model Results
----------------------------------------
Train MSE Loss: 0.5345, Train CLS Loss: 0.0000, Train MCLS Loss: 0.0000
Protein Cluster Region Loss - Ortho Loss: 0.0000, Cluster Loss: 0.0000
                              
Validation Results: {
    "ci": 0.7056,
    "classification_loss": 0.0,
    "cluster_loss": 0.0,
    "mae": 1.1364,
    "mse": 2.2802,
    "multiclassification_loss": 0.0,
    "ortho_loss": 0.0,
    "pearson": 0.6125,
    "regression_loss": 2.3105,
    "rm2": 0.3158,
    "rmse": 1.51,
    "sd": 1.4355,
    "spearman": 0.5741,
    "spectral_loss": 0.0
}
                              
Test Results: {
    "ci": 0.6707,
    "classification_loss": 0.0,
    "cluster_loss": 0.0,
    "mae": 1.1343,
    "mse": 2.2762,
    "multiclassification_loss": 0.0,
    "ortho_loss": 0.0,
    "pearson": 0.5205,
    "regression_loss": 2.2717,
    "rm2": 0.2466,
    "rmse": 1.5087,
    "sd": 1.4404,
    "spearman": 0.4811,
    "spectral_loss": 0.0
}
                              
                              
----------------------------------------
Epoch 054 with LR 0.000100: Model Results
----------------------------------------
Train MSE Loss: 0.5324, Train CLS Loss: 0.0000, Train MCLS Loss: 0.0000
Protein Cluster Region Loss - Ortho Loss: 0.0000, Cluster Loss: 0.0000
                              
Validation Results: {
    "ci": 0.7094,
    "classification_loss": 0.0,
    "cluster_loss": 0.0,
    "mae": 1.0943,
    "mse": 2.1656,
    "multiclassification_loss": 0.0,
    "ortho_loss": 0.0,
    "pearson": 0.6144,
    "regression_loss": 2.2018,
    "rm2": 0.3408,
    "rmse": 1.4716,
    "sd": 1.4328,
    "spearman": 0.583,
    "spectral_loss": 0.0
}
                              
Test Results: {
    "ci": 0.6707,
    "classification_loss": 0.0,
    "cluster_loss": 0.0,
    "mae": 1.1343,
    "mse": 2.2762,
    "multiclassification_loss": 0.0,
    "ortho_loss": 0.0,
    "pearson": 0.5205,
    "regression_loss": 2.2717,
    "rm2": 0.2466,
    "rmse": 1.5087,
    "sd": 1.4404,
    "spearman": 0.4811,
    "spectral_loss": 0.0
}
                              
                              
----------------------------------------
Epoch 055 with LR 0.000100: Model Results
----------------------------------------
Train MSE Loss: 0.5380, Train CLS Loss: 0.0000, Train MCLS Loss: 0.0000
Protein Cluster Region Loss - Ortho Loss: 0.0000, Cluster Loss: 0.0000
                              
Validation Results: {
    "ci": 0.7111,
    "classification_loss": 0.0,
    "cluster_loss": 0.0,
    "mae": 1.0741,
    "mse": 2.1014,
    "multiclassification_loss": 0.0,
    "ortho_loss": 0.0,
    "pearson": 0.6165,
    "regression_loss": 2.158,
    "rm2": 0.3543,
    "rmse": 1.4496,
    "sd": 1.4298,
    "spearman": 0.5859,
    "spectral_loss": 0.0
}
                              
Test Results: {
    "ci": 0.6707,
    "classification_loss": 0.0,
    "cluster_loss": 0.0,
    "mae": 1.1343,
    "mse": 2.2762,
    "multiclassification_loss": 0.0,
    "ortho_loss": 0.0,
    "pearson": 0.5205,
    "regression_loss": 2.2717,
    "rm2": 0.2466,
    "rmse": 1.5087,
    "sd": 1.4404,
    "spearman": 0.4811,
    "spectral_loss": 0.0
}
                              
                              
----------------------------------------
Epoch 056 with LR 0.000100: Model Results
----------------------------------------
Train MSE Loss: 0.5240, Train CLS Loss: 0.0000, Train MCLS Loss: 0.0000
Protein Cluster Region Loss - Ortho Loss: 0.0000, Cluster Loss: 0.0000
                              
Validation Results: {
    "ci": 0.7043,
    "classification_loss": 0.0,
    "cluster_loss": 0.0,
    "mae": 1.0973,
    "mse": 2.2125,
    "multiclassification_loss": 0.0,
    "ortho_loss": 0.0,
    "pearson": 0.6122,
    "regression_loss": 2.2632,
    "rm2": 0.3246,
    "rmse": 1.4874,
    "sd": 1.436,
    "spearman": 0.5661,
    "spectral_loss": 0.0
}
                              
Test Results: {
    "ci": 0.6707,
    "classification_loss": 0.0,
    "cluster_loss": 0.0,
    "mae": 1.1343,
    "mse": 2.2762,
    "multiclassification_loss": 0.0,
    "ortho_loss": 0.0,
    "pearson": 0.5205,
    "regression_loss": 2.2717,
    "rm2": 0.2466,
    "rmse": 1.5087,
    "sd": 1.4404,
    "spearman": 0.4811,
    "spectral_loss": 0.0
}
                              
                              
----------------------------------------
Epoch 057 with LR 0.000100: Model Results
----------------------------------------
Train MSE Loss: 0.5094, Train CLS Loss: 0.0000, Train MCLS Loss: 0.0000
Protein Cluster Region Loss - Ortho Loss: 0.0000, Cluster Loss: 0.0000
                              
Validation Results: {
    "ci": 0.7113,
    "classification_loss": 0.0,
    "cluster_loss": 0.0,
    "mae": 1.0922,
    "mse": 2.2117,
    "multiclassification_loss": 0.0,
    "ortho_loss": 0.0,
    "pearson": 0.6107,
    "regression_loss": 2.2889,
    "rm2": 0.3381,
    "rmse": 1.4872,
    "sd": 1.438,
    "spearman": 0.5842,
    "spectral_loss": 0.0
}
                              
Test Results: {
    "ci": 0.6707,
    "classification_loss": 0.0,
    "cluster_loss": 0.0,
    "mae": 1.1343,
    "mse": 2.2762,
    "multiclassification_loss": 0.0,
    "ortho_loss": 0.0,
    "pearson": 0.5205,
    "regression_loss": 2.2717,
    "rm2": 0.2466,
    "rmse": 1.5087,
    "sd": 1.4404,
    "spearman": 0.4811,
    "spectral_loss": 0.0
}
                              
                              
----------------------------------------
Epoch 058 with LR 0.000100: Model Results
----------------------------------------
Train MSE Loss: 0.5072, Train CLS Loss: 0.0000, Train MCLS Loss: 0.0000
Protein Cluster Region Loss - Ortho Loss: 0.0000, Cluster Loss: 0.0000
                              
Validation Results: {
    "ci": 0.7091,
    "classification_loss": 0.0,
    "cluster_loss": 0.0,
    "mae": 1.09,
    "mse": 2.1783,
    "multiclassification_loss": 0.0,
    "ortho_loss": 0.0,
    "pearson": 0.6098,
    "regression_loss": 2.2107,
    "rm2": 0.3322,
    "rmse": 1.4759,
    "sd": 1.4394,
    "spearman": 0.5792,
    "spectral_loss": 0.0
}
                              
Test Results: {
    "ci": 0.6707,
    "classification_loss": 0.0,
    "cluster_loss": 0.0,
    "mae": 1.1343,
    "mse": 2.2762,
    "multiclassification_loss": 0.0,
    "ortho_loss": 0.0,
    "pearson": 0.5205,
    "regression_loss": 2.2717,
    "rm2": 0.2466,
    "rmse": 1.5087,
    "sd": 1.4404,
    "spearman": 0.4811,
    "spectral_loss": 0.0
}
                              
                              
----------------------------------------
Epoch 059 with LR 0.000100: Model Results
----------------------------------------
Train MSE Loss: 0.5104, Train CLS Loss: 0.0000, Train MCLS Loss: 0.0000
Protein Cluster Region Loss - Ortho Loss: 0.0000, Cluster Loss: 0.0000
                              
Validation Results: {
    "ci": 0.7145,
    "classification_loss": 0.0,
    "cluster_loss": 0.0,
    "mae": 1.08,
    "mse": 2.1091,
    "multiclassification_loss": 0.0,
    "ortho_loss": 0.0,
    "pearson": 0.6232,
    "regression_loss": 2.1716,
    "rm2": 0.3456,
    "rmse": 1.4523,
    "sd": 1.4203,
    "spearman": 0.5941,
    "spectral_loss": 0.0
}
                              
Test Results: {
    "ci": 0.6707,
    "classification_loss": 0.0,
    "cluster_loss": 0.0,
    "mae": 1.1343,
    "mse": 2.2762,
    "multiclassification_loss": 0.0,
    "ortho_loss": 0.0,
    "pearson": 0.5205,
    "regression_loss": 2.2717,
    "rm2": 0.2466,
    "rmse": 1.5087,
    "sd": 1.4404,
    "spearman": 0.4811,
    "spectral_loss": 0.0
}
                              
                              
----------------------------------------
Epoch 060 with LR 0.000100: Model Results
----------------------------------------
Train MSE Loss: 0.5027, Train CLS Loss: 0.0000, Train MCLS Loss: 0.0000
Protein Cluster Region Loss - Ortho Loss: 0.0000, Cluster Loss: 0.0000
                              
Validation Results: {
    "ci": 0.7064,
    "classification_loss": 0.0,
    "cluster_loss": 0.0,
    "mae": 1.1268,
    "mse": 2.2774,
    "multiclassification_loss": 0.0,
    "ortho_loss": 0.0,
    "pearson": 0.6032,
    "regression_loss": 2.3363,
    "rm2": 0.3157,
    "rmse": 1.5091,
    "sd": 1.4485,
    "spearman": 0.5745,
    "spectral_loss": 0.0
}
                              
Test Results: {
    "ci": 0.6707,
    "classification_loss": 0.0,
    "cluster_loss": 0.0,
    "mae": 1.1343,
    "mse": 2.2762,
    "multiclassification_loss": 0.0,
    "ortho_loss": 0.0,
    "pearson": 0.5205,
    "regression_loss": 2.2717,
    "rm2": 0.2466,
    "rmse": 1.5087,
    "sd": 1.4404,
    "spearman": 0.4811,
    "spectral_loss": 0.0
}
                              
                              
----------------------------------------
Epoch 061 with LR 0.000100: Model Results
----------------------------------------
Train MSE Loss: 0.5074, Train CLS Loss: 0.0000, Train MCLS Loss: 0.0000
Protein Cluster Region Loss - Ortho Loss: 0.0000, Cluster Loss: 0.0000
                              
Validation Results: {
    "ci": 0.7145,
    "classification_loss": 0.0,
    "cluster_loss": 0.0,
    "mae": 1.0836,
    "mse": 2.1281,
    "multiclassification_loss": 0.0,
    "ortho_loss": 0.0,
    "pearson": 0.6248,
    "regression_loss": 2.1814,
    "rm2": 0.3561,
    "rmse": 1.4588,
    "sd": 1.418,
    "spearman": 0.5929,
    "spectral_loss": 0.0
}
                              
Test Results: {
    "ci": 0.6707,
    "classification_loss": 0.0,
    "cluster_loss": 0.0,
    "mae": 1.1343,
    "mse": 2.2762,
    "multiclassification_loss": 0.0,
    "ortho_loss": 0.0,
    "pearson": 0.5205,
    "regression_loss": 2.2717,
    "rm2": 0.2466,
    "rmse": 1.5087,
    "sd": 1.4404,
    "spearman": 0.4811,
    "spectral_loss": 0.0
}
                              
                              
----------------------------------------
Epoch 062 with LR 0.000100: Model Results
----------------------------------------
Train MSE Loss: 0.4960, Train CLS Loss: 0.0000, Train MCLS Loss: 0.0000
Protein Cluster Region Loss - Ortho Loss: 0.0000, Cluster Loss: 0.0000
                              
Validation Results: {
    "ci": 0.7186,
    "classification_loss": 0.0,
    "cluster_loss": 0.0,
    "mae": 1.0887,
    "mse": 2.1321,
    "multiclassification_loss": 0.0,
    "ortho_loss": 0.0,
    "pearson": 0.6269,
    "regression_loss": 2.1522,
    "rm2": 0.3841,
    "rmse": 1.4602,
    "sd": 1.4149,
    "spearman": 0.6041,
    "spectral_loss": 0.0
}
                              
Test Results: {
    "ci": 0.6707,
    "classification_loss": 0.0,
    "cluster_loss": 0.0,
    "mae": 1.1343,
    "mse": 2.2762,
    "multiclassification_loss": 0.0,
    "ortho_loss": 0.0,
    "pearson": 0.5205,
    "regression_loss": 2.2717,
    "rm2": 0.2466,
    "rmse": 1.5087,
    "sd": 1.4404,
    "spearman": 0.4811,
    "spectral_loss": 0.0
}
                              
                              
----------------------------------------
Epoch 063 with LR 0.000100: Model Results
----------------------------------------
Train MSE Loss: 0.4912, Train CLS Loss: 0.0000, Train MCLS Loss: 0.0000
Protein Cluster Region Loss - Ortho Loss: 0.0000, Cluster Loss: 0.0000
                              
Validation Results: {
    "ci": 0.7159,
    "classification_loss": 0.0,
    "cluster_loss": 0.0,
    "mae": 1.0621,
    "mse": 2.031,
    "multiclassification_loss": 0.0,
    "ortho_loss": 0.0,
    "pearson": 0.6306,
    "regression_loss": 2.0793,
    "rm2": 0.3593,
    "rmse": 1.4251,
    "sd": 1.4094,
    "spearman": 0.5983,
    "spectral_loss": 0.0
}
                              
Test Results: {
    "ci": 0.6707,
    "classification_loss": 0.0,
    "cluster_loss": 0.0,
    "mae": 1.1343,
    "mse": 2.2762,
    "multiclassification_loss": 0.0,
    "ortho_loss": 0.0,
    "pearson": 0.5205,
    "regression_loss": 2.2717,
    "rm2": 0.2466,
    "rmse": 1.5087,
    "sd": 1.4404,
    "spearman": 0.4811,
    "spectral_loss": 0.0
}
                              
                              
----------------------------------------
Epoch 064 with LR 0.000100: Model Results
----------------------------------------
Train MSE Loss: 0.4895, Train CLS Loss: 0.0000, Train MCLS Loss: 0.0000
Protein Cluster Region Loss - Ortho Loss: 0.0000, Cluster Loss: 0.0000
                              
Validation Results: {
    "ci": 0.7087,
    "classification_loss": 0.0,
    "cluster_loss": 0.0,
    "mae": 1.1103,
    "mse": 2.2292,
    "multiclassification_loss": 0.0,
    "ortho_loss": 0.0,
    "pearson": 0.6151,
    "regression_loss": 2.3065,
    "rm2": 0.3278,
    "rmse": 1.4931,
    "sd": 1.4318,
    "spearman": 0.5803,
    "spectral_loss": 0.0
}
                              
Test Results: {
    "ci": 0.6707,
    "classification_loss": 0.0,
    "cluster_loss": 0.0,
    "mae": 1.1343,
    "mse": 2.2762,
    "multiclassification_loss": 0.0,
    "ortho_loss": 0.0,
    "pearson": 0.5205,
    "regression_loss": 2.2717,
    "rm2": 0.2466,
    "rmse": 1.5087,
    "sd": 1.4404,
    "spearman": 0.4811,
    "spectral_loss": 0.0
}
                              
                              
----------------------------------------
Epoch 065 with LR 0.000100: Model Results
----------------------------------------
Train MSE Loss: 0.4848, Train CLS Loss: 0.0000, Train MCLS Loss: 0.0000
Protein Cluster Region Loss - Ortho Loss: 0.0000, Cluster Loss: 0.0000
                              
Validation Results: {
    "ci": 0.7104,
    "classification_loss": 0.0,
    "cluster_loss": 0.0,
    "mae": 1.0823,
    "mse": 2.1175,
    "multiclassification_loss": 0.0,
    "ortho_loss": 0.0,
    "pearson": 0.6185,
    "regression_loss": 2.1772,
    "rm2": 0.3545,
    "rmse": 1.4552,
    "sd": 1.427,
    "spearman": 0.5849,
    "spectral_loss": 0.0
}
                              
Test Results: {
    "ci": 0.6707,
    "classification_loss": 0.0,
    "cluster_loss": 0.0,
    "mae": 1.1343,
    "mse": 2.2762,
    "multiclassification_loss": 0.0,
    "ortho_loss": 0.0,
    "pearson": 0.5205,
    "regression_loss": 2.2717,
    "rm2": 0.2466,
    "rmse": 1.5087,
    "sd": 1.4404,
    "spearman": 0.4811,
    "spectral_loss": 0.0
}
                              
                              
----------------------------------------
Epoch 066 with LR 0.000100: Model Results
----------------------------------------
Train MSE Loss: 0.4757, Train CLS Loss: 0.0000, Train MCLS Loss: 0.0000
Protein Cluster Region Loss - Ortho Loss: 0.0000, Cluster Loss: 0.0000
                              
Validation Results: {
    "ci": 0.7158,
    "classification_loss": 0.0,
    "cluster_loss": 0.0,
    "mae": 1.0788,
    "mse": 2.1516,
    "multiclassification_loss": 0.0,
    "ortho_loss": 0.0,
    "pearson": 0.6232,
    "regression_loss": 2.1944,
    "rm2": 0.3512,
    "rmse": 1.4668,
    "sd": 1.4203,
    "spearman": 0.5967,
    "spectral_loss": 0.0
}
                              
Test Results: {
    "ci": 0.6707,
    "classification_loss": 0.0,
    "cluster_loss": 0.0,
    "mae": 1.1343,
    "mse": 2.2762,
    "multiclassification_loss": 0.0,
    "ortho_loss": 0.0,
    "pearson": 0.5205,
    "regression_loss": 2.2717,
    "rm2": 0.2466,
    "rmse": 1.5087,
    "sd": 1.4404,
    "spearman": 0.4811,
    "spectral_loss": 0.0
}
                              
                              
----------------------------------------
Epoch 067 with LR 0.000100: Model Results
----------------------------------------
Train MSE Loss: 0.4775, Train CLS Loss: 0.0000, Train MCLS Loss: 0.0000
Protein Cluster Region Loss - Ortho Loss: 0.0000, Cluster Loss: 0.0000
                              
Validation Results: {
    "ci": 0.7139,
    "classification_loss": 0.0,
    "cluster_loss": 0.0,
    "mae": 1.0847,
    "mse": 2.1503,
    "multiclassification_loss": 0.0,
    "ortho_loss": 0.0,
    "pearson": 0.6206,
    "regression_loss": 2.1631,
    "rm2": 0.3557,
    "rmse": 1.4664,
    "sd": 1.424,
    "spearman": 0.5917,
    "spectral_loss": 0.0
}
                              
Test Results: {
    "ci": 0.6707,
    "classification_loss": 0.0,
    "cluster_loss": 0.0,
    "mae": 1.1343,
    "mse": 2.2762,
    "multiclassification_loss": 0.0,
    "ortho_loss": 0.0,
    "pearson": 0.5205,
    "regression_loss": 2.2717,
    "rm2": 0.2466,
    "rmse": 1.5087,
    "sd": 1.4404,
    "spearman": 0.4811,
    "spectral_loss": 0.0
}
                              
                              
----------------------------------------
Epoch 068 with LR 0.000100: Model Results
----------------------------------------
Train MSE Loss: 0.4744, Train CLS Loss: 0.0000, Train MCLS Loss: 0.0000
Protein Cluster Region Loss - Ortho Loss: 0.0000, Cluster Loss: 0.0000
                              
Validation Results: {
    "ci": 0.7115,
    "classification_loss": 0.0,
    "cluster_loss": 0.0,
    "mae": 1.0994,
    "mse": 2.2109,
    "multiclassification_loss": 0.0,
    "ortho_loss": 0.0,
    "pearson": 0.6083,
    "regression_loss": 2.24,
    "rm2": 0.3458,
    "rmse": 1.4869,
    "sd": 1.4415,
    "spearman": 0.5858,
    "spectral_loss": 0.0
}
                              
Test Results: {
    "ci": 0.6707,
    "classification_loss": 0.0,
    "cluster_loss": 0.0,
    "mae": 1.1343,
    "mse": 2.2762,
    "multiclassification_loss": 0.0,
    "ortho_loss": 0.0,
    "pearson": 0.5205,
    "regression_loss": 2.2717,
    "rm2": 0.2466,
    "rmse": 1.5087,
    "sd": 1.4404,
    "spearman": 0.4811,
    "spectral_loss": 0.0
}
                              
                              
----------------------------------------
Epoch 069 with LR 0.000100: Model Results
----------------------------------------
Train MSE Loss: 0.4662, Train CLS Loss: 0.0000, Train MCLS Loss: 0.0000
Protein Cluster Region Loss - Ortho Loss: 0.0000, Cluster Loss: 0.0000
                              
Validation Results: {
    "ci": 0.7129,
    "classification_loss": 0.0,
    "cluster_loss": 0.0,
    "mae": 1.1043,
    "mse": 2.1908,
    "multiclassification_loss": 0.0,
    "ortho_loss": 0.0,
    "pearson": 0.6221,
    "regression_loss": 2.2406,
    "rm2": 0.3628,
    "rmse": 1.4801,
    "sd": 1.4218,
    "spearman": 0.5908,
    "spectral_loss": 0.0
}
                              
Test Results: {
    "ci": 0.6707,
    "classification_loss": 0.0,
    "cluster_loss": 0.0,
    "mae": 1.1343,
    "mse": 2.2762,
    "multiclassification_loss": 0.0,
    "ortho_loss": 0.0,
    "pearson": 0.5205,
    "regression_loss": 2.2717,
    "rm2": 0.2466,
    "rmse": 1.5087,
    "sd": 1.4404,
    "spearman": 0.4811,
    "spectral_loss": 0.0
}
                              
                              
----------------------------------------
Epoch 070 with LR 0.000100: Model Results
----------------------------------------
Train MSE Loss: 0.4653, Train CLS Loss: 0.0000, Train MCLS Loss: 0.0000
Protein Cluster Region Loss - Ortho Loss: 0.0000, Cluster Loss: 0.0000
                              
Validation Results: {
    "ci": 0.7189,
    "classification_loss": 0.0,
    "cluster_loss": 0.0,
    "mae": 1.0662,
    "mse": 2.0603,
    "multiclassification_loss": 0.0,
    "ortho_loss": 0.0,
    "pearson": 0.6339,
    "regression_loss": 2.1038,
    "rm2": 0.3535,
    "rmse": 1.4354,
    "sd": 1.4045,
    "spearman": 0.6045,
    "spectral_loss": 0.0
}
                              
Test Results: {
    "ci": 0.6707,
    "classification_loss": 0.0,
    "cluster_loss": 0.0,
    "mae": 1.1343,
    "mse": 2.2762,
    "multiclassification_loss": 0.0,
    "ortho_loss": 0.0,
    "pearson": 0.5205,
    "regression_loss": 2.2717,
    "rm2": 0.2466,
    "rmse": 1.5087,
    "sd": 1.4404,
    "spearman": 0.4811,
    "spectral_loss": 0.0
}
                              
                              
----------------------------------------
Epoch 071 with LR 0.000100: Model Results
----------------------------------------
Train MSE Loss: 0.4579, Train CLS Loss: 0.0000, Train MCLS Loss: 0.0000
Protein Cluster Region Loss - Ortho Loss: 0.0000, Cluster Loss: 0.0000
                              
Validation Results: {
    "ci": 0.7073,
    "classification_loss": 0.0,
    "cluster_loss": 0.0,
    "mae": 1.1054,
    "mse": 2.204,
    "multiclassification_loss": 0.0,
    "ortho_loss": 0.0,
    "pearson": 0.6139,
    "regression_loss": 2.2563,
    "rm2": 0.3236,
    "rmse": 1.4846,
    "sd": 1.4335,
    "spearman": 0.5746,
    "spectral_loss": 0.0
}
                              
Test Results: {
    "ci": 0.6707,
    "classification_loss": 0.0,
    "cluster_loss": 0.0,
    "mae": 1.1343,
    "mse": 2.2762,
    "multiclassification_loss": 0.0,
    "ortho_loss": 0.0,
    "pearson": 0.5205,
    "regression_loss": 2.2717,
    "rm2": 0.2466,
    "rmse": 1.5087,
    "sd": 1.4404,
    "spearman": 0.4811,
    "spectral_loss": 0.0
}
                              
                              
----------------------------------------
Epoch 072 with LR 0.000100: Model Results
----------------------------------------
Train MSE Loss: 0.4648, Train CLS Loss: 0.0000, Train MCLS Loss: 0.0000
Protein Cluster Region Loss - Ortho Loss: 0.0000, Cluster Loss: 0.0000
                              
Validation Results: {
    "ci": 0.7079,
    "classification_loss": 0.0,
    "cluster_loss": 0.0,
    "mae": 1.0833,
    "mse": 2.1311,
    "multiclassification_loss": 0.0,
    "ortho_loss": 0.0,
    "pearson": 0.6137,
    "regression_loss": 2.178,
    "rm2": 0.3488,
    "rmse": 1.4598,
    "sd": 1.4338,
    "spearman": 0.5759,
    "spectral_loss": 0.0
}
                              
Test Results: {
    "ci": 0.6707,
    "classification_loss": 0.0,
    "cluster_loss": 0.0,
    "mae": 1.1343,
    "mse": 2.2762,
    "multiclassification_loss": 0.0,
    "ortho_loss": 0.0,
    "pearson": 0.5205,
    "regression_loss": 2.2717,
    "rm2": 0.2466,
    "rmse": 1.5087,
    "sd": 1.4404,
    "spearman": 0.4811,
    "spectral_loss": 0.0
}
                              
                              
----------------------------------------
Epoch 073 with LR 0.000100: Model Results
----------------------------------------
Train MSE Loss: 0.4502, Train CLS Loss: 0.0000, Train MCLS Loss: 0.0000
Protein Cluster Region Loss - Ortho Loss: 0.0000, Cluster Loss: 0.0000
                              
Validation Results: {
    "ci": 0.7093,
    "classification_loss": 0.0,
    "cluster_loss": 0.0,
    "mae": 1.1045,
    "mse": 2.2461,
    "multiclassification_loss": 0.0,
    "ortho_loss": 0.0,
    "pearson": 0.6112,
    "regression_loss": 2.3281,
    "rm2": 0.32,
    "rmse": 1.4987,
    "sd": 1.4374,
    "spearman": 0.5804,
    "spectral_loss": 0.0
}
                              
Test Results: {
    "ci": 0.6707,
    "classification_loss": 0.0,
    "cluster_loss": 0.0,
    "mae": 1.1343,
    "mse": 2.2762,
    "multiclassification_loss": 0.0,
    "ortho_loss": 0.0,
    "pearson": 0.5205,
    "regression_loss": 2.2717,
    "rm2": 0.2466,
    "rmse": 1.5087,
    "sd": 1.4404,
    "spearman": 0.4811,
    "spectral_loss": 0.0
}
                              
                              
----------------------------------------
Epoch 074 with LR 0.000100: Model Results
----------------------------------------
Train MSE Loss: 0.4517, Train CLS Loss: 0.0000, Train MCLS Loss: 0.0000
Protein Cluster Region Loss - Ortho Loss: 0.0000, Cluster Loss: 0.0000
                              
Validation Results: {
    "ci": 0.7145,
    "classification_loss": 0.0,
    "cluster_loss": 0.0,
    "mae": 1.0886,
    "mse": 2.1825,
    "multiclassification_loss": 0.0,
    "ortho_loss": 0.0,
    "pearson": 0.6229,
    "regression_loss": 2.2229,
    "rm2": 0.3353,
    "rmse": 1.4773,
    "sd": 1.4208,
    "spearman": 0.5916,
    "spectral_loss": 0.0
}
                              
Test Results: {
    "ci": 0.6707,
    "classification_loss": 0.0,
    "cluster_loss": 0.0,
    "mae": 1.1343,
    "mse": 2.2762,
    "multiclassification_loss": 0.0,
    "ortho_loss": 0.0,
    "pearson": 0.5205,
    "regression_loss": 2.2717,
    "rm2": 0.2466,
    "rmse": 1.5087,
    "sd": 1.4404,
    "spearman": 0.4811,
    "spectral_loss": 0.0
}
                              
                              
----------------------------------------
Epoch 075 with LR 0.000100: Model Results
----------------------------------------
Train MSE Loss: 0.4519, Train CLS Loss: 0.0000, Train MCLS Loss: 0.0000
Protein Cluster Region Loss - Ortho Loss: 0.0000, Cluster Loss: 0.0000
                              
Validation Results: {
    "ci": 0.7087,
    "classification_loss": 0.0,
    "cluster_loss": 0.0,
    "mae": 1.0845,
    "mse": 2.1576,
    "multiclassification_loss": 0.0,
    "ortho_loss": 0.0,
    "pearson": 0.6133,
    "regression_loss": 2.217,
    "rm2": 0.3402,
    "rmse": 1.4689,
    "sd": 1.4345,
    "spearman": 0.5774,
    "spectral_loss": 0.0
}
                              
Test Results: {
    "ci": 0.6707,
    "classification_loss": 0.0,
    "cluster_loss": 0.0,
    "mae": 1.1343,
    "mse": 2.2762,
    "multiclassification_loss": 0.0,
    "ortho_loss": 0.0,
    "pearson": 0.5205,
    "regression_loss": 2.2717,
    "rm2": 0.2466,
    "rmse": 1.5087,
    "sd": 1.4404,
    "spearman": 0.4811,
    "spectral_loss": 0.0
}
                              
                              
----------------------------------------
Epoch 076 with LR 0.000100: Model Results
----------------------------------------
Train MSE Loss: 0.4418, Train CLS Loss: 0.0000, Train MCLS Loss: 0.0000
Protein Cluster Region Loss - Ortho Loss: 0.0000, Cluster Loss: 0.0000
                              
Validation Results: {
    "ci": 0.7082,
    "classification_loss": 0.0,
    "cluster_loss": 0.0,
    "mae": 1.1114,
    "mse": 2.243,
    "multiclassification_loss": 0.0,
    "ortho_loss": 0.0,
    "pearson": 0.6145,
    "regression_loss": 2.3099,
    "rm2": 0.3182,
    "rmse": 1.4977,
    "sd": 1.4327,
    "spearman": 0.577,
    "spectral_loss": 0.0
}
                              
Test Results: {
    "ci": 0.6707,
    "classification_loss": 0.0,
    "cluster_loss": 0.0,
    "mae": 1.1343,
    "mse": 2.2762,
    "multiclassification_loss": 0.0,
    "ortho_loss": 0.0,
    "pearson": 0.5205,
    "regression_loss": 2.2717,
    "rm2": 0.2466,
    "rmse": 1.5087,
    "sd": 1.4404,
    "spearman": 0.4811,
    "spectral_loss": 0.0
}
                              
                              
----------------------------------------
Epoch 077 with LR 0.000100: Model Results
----------------------------------------
Train MSE Loss: 0.4433, Train CLS Loss: 0.0000, Train MCLS Loss: 0.0000
Protein Cluster Region Loss - Ortho Loss: 0.0000, Cluster Loss: 0.0000
                              
Validation Results: {
    "ci": 0.7116,
    "classification_loss": 0.0,
    "cluster_loss": 0.0,
    "mae": 1.0877,
    "mse": 2.1349,
    "multiclassification_loss": 0.0,
    "ortho_loss": 0.0,
    "pearson": 0.6219,
    "regression_loss": 2.1995,
    "rm2": 0.3378,
    "rmse": 1.4611,
    "sd": 1.4221,
    "spearman": 0.5867,
    "spectral_loss": 0.0
}
                              
Test Results: {
    "ci": 0.6707,
    "classification_loss": 0.0,
    "cluster_loss": 0.0,
    "mae": 1.1343,
    "mse": 2.2762,
    "multiclassification_loss": 0.0,
    "ortho_loss": 0.0,
    "pearson": 0.5205,
    "regression_loss": 2.2717,
    "rm2": 0.2466,
    "rmse": 1.5087,
    "sd": 1.4404,
    "spearman": 0.4811,
    "spectral_loss": 0.0
}
                              
                              
----------------------------------------
Epoch 078 with LR 0.000100: Model Results
----------------------------------------
Train MSE Loss: 0.4397, Train CLS Loss: 0.0000, Train MCLS Loss: 0.0000
Protein Cluster Region Loss - Ortho Loss: 0.0000, Cluster Loss: 0.0000
                              
Validation Results: {
    "ci": 0.7111,
    "classification_loss": 0.0,
    "cluster_loss": 0.0,
    "mae": 1.0762,
    "mse": 2.0928,
    "multiclassification_loss": 0.0,
    "ortho_loss": 0.0,
    "pearson": 0.6226,
    "regression_loss": 2.1599,
    "rm2": 0.3741,
    "rmse": 1.4466,
    "sd": 1.4211,
    "spearman": 0.5838,
    "spectral_loss": 0.0
}
                              
Test Results: {
    "ci": 0.6707,
    "classification_loss": 0.0,
    "cluster_loss": 0.0,
    "mae": 1.1343,
    "mse": 2.2762,
    "multiclassification_loss": 0.0,
    "ortho_loss": 0.0,
    "pearson": 0.5205,
    "regression_loss": 2.2717,
    "rm2": 0.2466,
    "rmse": 1.5087,
    "sd": 1.4404,
    "spearman": 0.4811,
    "spectral_loss": 0.0
}
                              
                              
----------------------------------------
Epoch 079 with LR 0.000100: Model Results
----------------------------------------
Train MSE Loss: 0.4344, Train CLS Loss: 0.0000, Train MCLS Loss: 0.0000
Protein Cluster Region Loss - Ortho Loss: 0.0000, Cluster Loss: 0.0000
                              
Validation Results: {
    "ci": 0.7132,
    "classification_loss": 0.0,
    "cluster_loss": 0.0,
    "mae": 1.1066,
    "mse": 2.2516,
    "multiclassification_loss": 0.0,
    "ortho_loss": 0.0,
    "pearson": 0.6176,
    "regression_loss": 2.3632,
    "rm2": 0.3218,
    "rmse": 1.5005,
    "sd": 1.4283,
    "spearman": 0.5877,
    "spectral_loss": 0.0
}
                              
Test Results: {
    "ci": 0.6707,
    "classification_loss": 0.0,
    "cluster_loss": 0.0,
    "mae": 1.1343,
    "mse": 2.2762,
    "multiclassification_loss": 0.0,
    "ortho_loss": 0.0,
    "pearson": 0.5205,
    "regression_loss": 2.2717,
    "rm2": 0.2466,
    "rmse": 1.5087,
    "sd": 1.4404,
    "spearman": 0.4811,
    "spectral_loss": 0.0
}
                              
                              
----------------------------------------
Epoch 080 with LR 0.000100: Model Results
----------------------------------------
Train MSE Loss: 0.4320, Train CLS Loss: 0.0000, Train MCLS Loss: 0.0000
Protein Cluster Region Loss - Ortho Loss: 0.0000, Cluster Loss: 0.0000
                              
Validation Results: {
    "ci": 0.7021,
    "classification_loss": 0.0,
    "cluster_loss": 0.0,
    "mae": 1.0988,
    "mse": 2.2142,
    "multiclassification_loss": 0.0,
    "ortho_loss": 0.0,
    "pearson": 0.5972,
    "regression_loss": 2.2659,
    "rm2": 0.3207,
    "rmse": 1.488,
    "sd": 1.4566,
    "spearman": 0.5601,
    "spectral_loss": 0.0
}
                              
Test Results: {
    "ci": 0.6707,
    "classification_loss": 0.0,
    "cluster_loss": 0.0,
    "mae": 1.1343,
    "mse": 2.2762,
    "multiclassification_loss": 0.0,
    "ortho_loss": 0.0,
    "pearson": 0.5205,
    "regression_loss": 2.2717,
    "rm2": 0.2466,
    "rmse": 1.5087,
    "sd": 1.4404,
    "spearman": 0.4811,
    "spectral_loss": 0.0
}
                              
                              
----------------------------------------
Epoch 081 with LR 0.000100: Model Results
----------------------------------------
Train MSE Loss: 0.4283, Train CLS Loss: 0.0000, Train MCLS Loss: 0.0000
Protein Cluster Region Loss - Ortho Loss: 0.0000, Cluster Loss: 0.0000
                              
Validation Results: {
    "ci": 0.7063,
    "classification_loss": 0.0,
    "cluster_loss": 0.0,
    "mae": 1.0942,
    "mse": 2.15,
    "multiclassification_loss": 0.0,
    "ortho_loss": 0.0,
    "pearson": 0.6081,
    "regression_loss": 2.2099,
    "rm2": 0.3372,
    "rmse": 1.4663,
    "sd": 1.4416,
    "spearman": 0.5754,
    "spectral_loss": 0.0
}
                              
Test Results: {
    "ci": 0.6707,
    "classification_loss": 0.0,
    "cluster_loss": 0.0,
    "mae": 1.1343,
    "mse": 2.2762,
    "multiclassification_loss": 0.0,
    "ortho_loss": 0.0,
    "pearson": 0.5205,
    "regression_loss": 2.2717,
    "rm2": 0.2466,
    "rmse": 1.5087,
    "sd": 1.4404,
    "spearman": 0.4811,
    "spectral_loss": 0.0
}
                              
                              
----------------------------------------
Epoch 082 with LR 0.000100: Model Results
----------------------------------------
Train MSE Loss: 0.4255, Train CLS Loss: 0.0000, Train MCLS Loss: 0.0000
Protein Cluster Region Loss - Ortho Loss: 0.0000, Cluster Loss: 0.0000
                              
Validation Results: {
    "ci": 0.7128,
    "classification_loss": 0.0,
    "cluster_loss": 0.0,
    "mae": 1.0672,
    "mse": 2.0778,
    "multiclassification_loss": 0.0,
    "ortho_loss": 0.0,
    "pearson": 0.6212,
    "regression_loss": 2.1075,
    "rm2": 0.3557,
    "rmse": 1.4415,
    "sd": 1.4232,
    "spearman": 0.5865,
    "spectral_loss": 0.0
}
                              
Test Results: {
    "ci": 0.6707,
    "classification_loss": 0.0,
    "cluster_loss": 0.0,
    "mae": 1.1343,
    "mse": 2.2762,
    "multiclassification_loss": 0.0,
    "ortho_loss": 0.0,
    "pearson": 0.5205,
    "regression_loss": 2.2717,
    "rm2": 0.2466,
    "rmse": 1.5087,
    "sd": 1.4404,
    "spearman": 0.4811,
    "spectral_loss": 0.0
}
                              
                              
----------------------------------------
Epoch 083 with LR 0.000100: Model Results
----------------------------------------
Train MSE Loss: 0.4201, Train CLS Loss: 0.0000, Train MCLS Loss: 0.0000
Protein Cluster Region Loss - Ortho Loss: 0.0000, Cluster Loss: 0.0000
                              
Validation Results: {
    "ci": 0.7081,
    "classification_loss": 0.0,
    "cluster_loss": 0.0,
    "mae": 1.0986,
    "mse": 2.1754,
    "multiclassification_loss": 0.0,
    "ortho_loss": 0.0,
    "pearson": 0.6146,
    "regression_loss": 2.2319,
    "rm2": 0.3521,
    "rmse": 1.4749,
    "sd": 1.4326,
    "spearman": 0.5795,
    "spectral_loss": 0.0
}
                              
Test Results: {
    "ci": 0.6707,
    "classification_loss": 0.0,
    "cluster_loss": 0.0,
    "mae": 1.1343,
    "mse": 2.2762,
    "multiclassification_loss": 0.0,
    "ortho_loss": 0.0,
    "pearson": 0.5205,
    "regression_loss": 2.2717,
    "rm2": 0.2466,
    "rmse": 1.5087,
    "sd": 1.4404,
    "spearman": 0.4811,
    "spectral_loss": 0.0
}
                              
                              
----------------------------------------
Epoch 084 with LR 0.000100: Model Results
----------------------------------------
Train MSE Loss: 0.4131, Train CLS Loss: 0.0000, Train MCLS Loss: 0.0000
Protein Cluster Region Loss - Ortho Loss: 0.0000, Cluster Loss: 0.0000
                              
Validation Results: {
    "ci": 0.712,
    "classification_loss": 0.0,
    "cluster_loss": 0.0,
    "mae": 1.0799,
    "mse": 2.1345,
    "multiclassification_loss": 0.0,
    "ortho_loss": 0.0,
    "pearson": 0.6177,
    "regression_loss": 2.1811,
    "rm2": 0.3416,
    "rmse": 1.461,
    "sd": 1.4282,
    "spearman": 0.5865,
    "spectral_loss": 0.0
}
                              
Test Results: {
    "ci": 0.6707,
    "classification_loss": 0.0,
    "cluster_loss": 0.0,
    "mae": 1.1343,
    "mse": 2.2762,
    "multiclassification_loss": 0.0,
    "ortho_loss": 0.0,
    "pearson": 0.5205,
    "regression_loss": 2.2717,
    "rm2": 0.2466,
    "rmse": 1.5087,
    "sd": 1.4404,
    "spearman": 0.4811,
    "spectral_loss": 0.0
}
                              
                              
----------------------------------------
Epoch 085 with LR 0.000100: Model Results
----------------------------------------
Train MSE Loss: 0.4089, Train CLS Loss: 0.0000, Train MCLS Loss: 0.0000
Protein Cluster Region Loss - Ortho Loss: 0.0000, Cluster Loss: 0.0000
                              
Validation Results: {
    "ci": 0.7164,
    "classification_loss": 0.0,
    "cluster_loss": 0.0,
    "mae": 1.0696,
    "mse": 2.0786,
    "multiclassification_loss": 0.0,
    "ortho_loss": 0.0,
    "pearson": 0.6339,
    "regression_loss": 2.1071,
    "rm2": 0.3715,
    "rmse": 1.4417,
    "sd": 1.4045,
    "spearman": 0.5985,
    "spectral_loss": 0.0
}
                              
Test Results: {
    "ci": 0.6707,
    "classification_loss": 0.0,
    "cluster_loss": 0.0,
    "mae": 1.1343,
    "mse": 2.2762,
    "multiclassification_loss": 0.0,
    "ortho_loss": 0.0,
    "pearson": 0.5205,
    "regression_loss": 2.2717,
    "rm2": 0.2466,
    "rmse": 1.5087,
    "sd": 1.4404,
    "spearman": 0.4811,
    "spectral_loss": 0.0
}
                              
                              
----------------------------------------
Epoch 086 with LR 0.000100: Model Results
----------------------------------------
Train MSE Loss: 0.4147, Train CLS Loss: 0.0000, Train MCLS Loss: 0.0000
Protein Cluster Region Loss - Ortho Loss: 0.0000, Cluster Loss: 0.0000
                              
Validation Results: {
    "ci": 0.714,
    "classification_loss": 0.0,
    "cluster_loss": 0.0,
    "mae": 1.0648,
    "mse": 2.0858,
    "multiclassification_loss": 0.0,
    "ortho_loss": 0.0,
    "pearson": 0.6264,
    "regression_loss": 2.1564,
    "rm2": 0.3537,
    "rmse": 1.4442,
    "sd": 1.4157,
    "spearman": 0.5903,
    "spectral_loss": 0.0
}
                              
Test Results: {
    "ci": 0.6707,
    "classification_loss": 0.0,
    "cluster_loss": 0.0,
    "mae": 1.1343,
    "mse": 2.2762,
    "multiclassification_loss": 0.0,
    "ortho_loss": 0.0,
    "pearson": 0.5205,
    "regression_loss": 2.2717,
    "rm2": 0.2466,
    "rmse": 1.5087,
    "sd": 1.4404,
    "spearman": 0.4811,
    "spectral_loss": 0.0
}
                              
                              
----------------------------------------
Epoch 087 with LR 0.000100: Model Results
----------------------------------------
Train MSE Loss: 0.4146, Train CLS Loss: 0.0000, Train MCLS Loss: 0.0000
Protein Cluster Region Loss - Ortho Loss: 0.0000, Cluster Loss: 0.0000
                              
Validation Results: {
    "ci": 0.7069,
    "classification_loss": 0.0,
    "cluster_loss": 0.0,
    "mae": 1.0946,
    "mse": 2.1954,
    "multiclassification_loss": 0.0,
    "ortho_loss": 0.0,
    "pearson": 0.611,
    "regression_loss": 2.264,
    "rm2": 0.3361,
    "rmse": 1.4817,
    "sd": 1.4376,
    "spearman": 0.5726,
    "spectral_loss": 0.0
}
                              
Test Results: {
    "ci": 0.6707,
    "classification_loss": 0.0,
    "cluster_loss": 0.0,
    "mae": 1.1343,
    "mse": 2.2762,
    "multiclassification_loss": 0.0,
    "ortho_loss": 0.0,
    "pearson": 0.5205,
    "regression_loss": 2.2717,
    "rm2": 0.2466,
    "rmse": 1.5087,
    "sd": 1.4404,
    "spearman": 0.4811,
    "spectral_loss": 0.0
}
                              
                              
----------------------------------------
Epoch 088 with LR 0.000100: Model Results
----------------------------------------
Train MSE Loss: 0.4069, Train CLS Loss: 0.0000, Train MCLS Loss: 0.0000
Protein Cluster Region Loss - Ortho Loss: 0.0000, Cluster Loss: 0.0000
                              
Validation Results: {
    "ci": 0.7112,
    "classification_loss": 0.0,
    "cluster_loss": 0.0,
    "mae": 1.1147,
    "mse": 2.254,
    "multiclassification_loss": 0.0,
    "ortho_loss": 0.0,
    "pearson": 0.617,
    "regression_loss": 2.3797,
    "rm2": 0.3117,
    "rmse": 1.5013,
    "sd": 1.4292,
    "spearman": 0.5847,
    "spectral_loss": 0.0
}
                              
Test Results: {
    "ci": 0.6707,
    "classification_loss": 0.0,
    "cluster_loss": 0.0,
    "mae": 1.1343,
    "mse": 2.2762,
    "multiclassification_loss": 0.0,
    "ortho_loss": 0.0,
    "pearson": 0.5205,
    "regression_loss": 2.2717,
    "rm2": 0.2466,
    "rmse": 1.5087,
    "sd": 1.4404,
    "spearman": 0.4811,
    "spectral_loss": 0.0
}
                              
                              
----------------------------------------
Epoch 089 with LR 0.000100: Model Results
----------------------------------------
Train MSE Loss: 0.4042, Train CLS Loss: 0.0000, Train MCLS Loss: 0.0000
Protein Cluster Region Loss - Ortho Loss: 0.0000, Cluster Loss: 0.0000
                              
Validation Results: {
    "ci": 0.7114,
    "classification_loss": 0.0,
    "cluster_loss": 0.0,
    "mae": 1.0921,
    "mse": 2.1445,
    "multiclassification_loss": 0.0,
    "ortho_loss": 0.0,
    "pearson": 0.6246,
    "regression_loss": 2.212,
    "rm2": 0.3284,
    "rmse": 1.4644,
    "sd": 1.4182,
    "spearman": 0.5833,
    "spectral_loss": 0.0
}
                              
Test Results: {
    "ci": 0.6707,
    "classification_loss": 0.0,
    "cluster_loss": 0.0,
    "mae": 1.1343,
    "mse": 2.2762,
    "multiclassification_loss": 0.0,
    "ortho_loss": 0.0,
    "pearson": 0.5205,
    "regression_loss": 2.2717,
    "rm2": 0.2466,
    "rmse": 1.5087,
    "sd": 1.4404,
    "spearman": 0.4811,
    "spectral_loss": 0.0
}
                              
                              
----------------------------------------
Epoch 090 with LR 0.000100: Model Results
----------------------------------------
Train MSE Loss: 0.3948, Train CLS Loss: 0.0000, Train MCLS Loss: 0.0000
Protein Cluster Region Loss - Ortho Loss: 0.0000, Cluster Loss: 0.0000
                              
Validation Results: {
    "ci": 0.7065,
    "classification_loss": 0.0,
    "cluster_loss": 0.0,
    "mae": 1.0996,
    "mse": 2.1681,
    "multiclassification_loss": 0.0,
    "ortho_loss": 0.0,
    "pearson": 0.6137,
    "regression_loss": 2.2596,
    "rm2": 0.3276,
    "rmse": 1.4725,
    "sd": 1.4339,
    "spearman": 0.5742,
    "spectral_loss": 0.0
}
                              
Test Results: {
    "ci": 0.6707,
    "classification_loss": 0.0,
    "cluster_loss": 0.0,
    "mae": 1.1343,
    "mse": 2.2762,
    "multiclassification_loss": 0.0,
    "ortho_loss": 0.0,
    "pearson": 0.5205,
    "regression_loss": 2.2717,
    "rm2": 0.2466,
    "rmse": 1.5087,
    "sd": 1.4404,
    "spearman": 0.4811,
    "spectral_loss": 0.0
}
                              
                              
----------------------------------------
Epoch 091 with LR 0.000100: Model Results
----------------------------------------
Train MSE Loss: 0.4028, Train CLS Loss: 0.0000, Train MCLS Loss: 0.0000
Protein Cluster Region Loss - Ortho Loss: 0.0000, Cluster Loss: 0.0000
                              
Validation Results: {
    "ci": 0.7082,
    "classification_loss": 0.0,
    "cluster_loss": 0.0,
    "mae": 1.1034,
    "mse": 2.214,
    "multiclassification_loss": 0.0,
    "ortho_loss": 0.0,
    "pearson": 0.6155,
    "regression_loss": 2.3119,
    "rm2": 0.3229,
    "rmse": 1.4879,
    "sd": 1.4313,
    "spearman": 0.5766,
    "spectral_loss": 0.0
}
                              
Test Results: {
    "ci": 0.6707,
    "classification_loss": 0.0,
    "cluster_loss": 0.0,
    "mae": 1.1343,
    "mse": 2.2762,
    "multiclassification_loss": 0.0,
    "ortho_loss": 0.0,
    "pearson": 0.5205,
    "regression_loss": 2.2717,
    "rm2": 0.2466,
    "rmse": 1.5087,
    "sd": 1.4404,
    "spearman": 0.4811,
    "spectral_loss": 0.0
}
                              
                              
----------------------------------------
Epoch 092 with LR 0.000100: Model Results
----------------------------------------
Train MSE Loss: 0.3951, Train CLS Loss: 0.0000, Train MCLS Loss: 0.0000
Protein Cluster Region Loss - Ortho Loss: 0.0000, Cluster Loss: 0.0000
                              
Validation Results: {
    "ci": 0.7103,
    "classification_loss": 0.0,
    "cluster_loss": 0.0,
    "mae": 1.0778,
    "mse": 2.109,
    "multiclassification_loss": 0.0,
    "ortho_loss": 0.0,
    "pearson": 0.6214,
    "regression_loss": 2.1552,
    "rm2": 0.3445,
    "rmse": 1.4522,
    "sd": 1.4229,
    "spearman": 0.5836,
    "spectral_loss": 0.0
}
                              
Test Results: {
    "ci": 0.6707,
    "classification_loss": 0.0,
    "cluster_loss": 0.0,
    "mae": 1.1343,
    "mse": 2.2762,
    "multiclassification_loss": 0.0,
    "ortho_loss": 0.0,
    "pearson": 0.5205,
    "regression_loss": 2.2717,
    "rm2": 0.2466,
    "rmse": 1.5087,
    "sd": 1.4404,
    "spearman": 0.4811,
    "spectral_loss": 0.0
}
                              
                              
----------------------------------------
Epoch 093 with LR 0.000100: Model Results
----------------------------------------
Train MSE Loss: 0.3900, Train CLS Loss: 0.0000, Train MCLS Loss: 0.0000
Protein Cluster Region Loss - Ortho Loss: 0.0000, Cluster Loss: 0.0000
                              
Validation Results: {
    "ci": 0.7065,
    "classification_loss": 0.0,
    "cluster_loss": 0.0,
    "mae": 1.0916,
    "mse": 2.1968,
    "multiclassification_loss": 0.0,
    "ortho_loss": 0.0,
    "pearson": 0.6077,
    "regression_loss": 2.2828,
    "rm2": 0.325,
    "rmse": 1.4822,
    "sd": 1.4423,
    "spearman": 0.5713,
    "spectral_loss": 0.0
}
                              
Test Results: {
    "ci": 0.6707,
    "classification_loss": 0.0,
    "cluster_loss": 0.0,
    "mae": 1.1343,
    "mse": 2.2762,
    "multiclassification_loss": 0.0,
    "ortho_loss": 0.0,
    "pearson": 0.5205,
    "regression_loss": 2.2717,
    "rm2": 0.2466,
    "rmse": 1.5087,
    "sd": 1.4404,
    "spearman": 0.4811,
    "spectral_loss": 0.0
}
                              
                              
----------------------------------------
Epoch 094 with LR 0.000100: Model Results
----------------------------------------
Train MSE Loss: 0.3946, Train CLS Loss: 0.0000, Train MCLS Loss: 0.0000
Protein Cluster Region Loss - Ortho Loss: 0.0000, Cluster Loss: 0.0000
                              
Validation Results: {
    "ci": 0.7128,
    "classification_loss": 0.0,
    "cluster_loss": 0.0,
    "mae": 1.0819,
    "mse": 2.1401,
    "multiclassification_loss": 0.0,
    "ortho_loss": 0.0,
    "pearson": 0.6204,
    "regression_loss": 2.249,
    "rm2": 0.3427,
    "rmse": 1.4629,
    "sd": 1.4243,
    "spearman": 0.5875,
    "spectral_loss": 0.0
}
                              
Test Results: {
    "ci": 0.6707,
    "classification_loss": 0.0,
    "cluster_loss": 0.0,
    "mae": 1.1343,
    "mse": 2.2762,
    "multiclassification_loss": 0.0,
    "ortho_loss": 0.0,
    "pearson": 0.5205,
    "regression_loss": 2.2717,
    "rm2": 0.2466,
    "rmse": 1.5087,
    "sd": 1.4404,
    "spearman": 0.4811,
    "spectral_loss": 0.0
}
                              
                              
----------------------------------------
Epoch 095 with LR 0.000100: Model Results
----------------------------------------
Train MSE Loss: 0.3843, Train CLS Loss: 0.0000, Train MCLS Loss: 0.0000
Protein Cluster Region Loss - Ortho Loss: 0.0000, Cluster Loss: 0.0000
                              
Validation Results: {
    "ci": 0.7083,
    "classification_loss": 0.0,
    "cluster_loss": 0.0,
    "mae": 1.1057,
    "mse": 2.2485,
    "multiclassification_loss": 0.0,
    "ortho_loss": 0.0,
    "pearson": 0.6103,
    "regression_loss": 2.3245,
    "rm2": 0.327,
    "rmse": 1.4995,
    "sd": 1.4386,
    "spearman": 0.5784,
    "spectral_loss": 0.0
}
                              
Test Results: {
    "ci": 0.6707,
    "classification_loss": 0.0,
    "cluster_loss": 0.0,
    "mae": 1.1343,
    "mse": 2.2762,
    "multiclassification_loss": 0.0,
    "ortho_loss": 0.0,
    "pearson": 0.5205,
    "regression_loss": 2.2717,
    "rm2": 0.2466,
    "rmse": 1.5087,
    "sd": 1.4404,
    "spearman": 0.4811,
    "spectral_loss": 0.0
}
                              
                              
----------------------------------------
Epoch 096 with LR 0.000100: Model Results
----------------------------------------
Train MSE Loss: 0.3863, Train CLS Loss: 0.0000, Train MCLS Loss: 0.0000
Protein Cluster Region Loss - Ortho Loss: 0.0000, Cluster Loss: 0.0000
                              
Validation Results: {
    "ci": 0.7063,
    "classification_loss": 0.0,
    "cluster_loss": 0.0,
    "mae": 1.1125,
    "mse": 2.2473,
    "multiclassification_loss": 0.0,
    "ortho_loss": 0.0,
    "pearson": 0.61,
    "regression_loss": 2.3059,
    "rm2": 0.3537,
    "rmse": 1.4991,
    "sd": 1.439,
    "spearman": 0.5738,
    "spectral_loss": 0.0
}
                              
Test Results: {
    "ci": 0.6707,
    "classification_loss": 0.0,
    "cluster_loss": 0.0,
    "mae": 1.1343,
    "mse": 2.2762,
    "multiclassification_loss": 0.0,
    "ortho_loss": 0.0,
    "pearson": 0.5205,
    "regression_loss": 2.2717,
    "rm2": 0.2466,
    "rmse": 1.5087,
    "sd": 1.4404,
    "spearman": 0.4811,
    "spectral_loss": 0.0
}
                              
                              
----------------------------------------
Epoch 097 with LR 0.000100: Model Results
----------------------------------------
Train MSE Loss: 0.3849, Train CLS Loss: 0.0000, Train MCLS Loss: 0.0000
Protein Cluster Region Loss - Ortho Loss: 0.0000, Cluster Loss: 0.0000
                              
Validation Results: {
    "ci": 0.7068,
    "classification_loss": 0.0,
    "cluster_loss": 0.0,
    "mae": 1.1005,
    "mse": 2.2317,
    "multiclassification_loss": 0.0,
    "ortho_loss": 0.0,
    "pearson": 0.6086,
    "regression_loss": 2.292,
    "rm2": 0.3197,
    "rmse": 1.4939,
    "sd": 1.4411,
    "spearman": 0.572,
    "spectral_loss": 0.0
}
                              
Test Results: {
    "ci": 0.6707,
    "classification_loss": 0.0,
    "cluster_loss": 0.0,
    "mae": 1.1343,
    "mse": 2.2762,
    "multiclassification_loss": 0.0,
    "ortho_loss": 0.0,
    "pearson": 0.5205,
    "regression_loss": 2.2717,
    "rm2": 0.2466,
    "rmse": 1.5087,
    "sd": 1.4404,
    "spearman": 0.4811,
    "spectral_loss": 0.0
}
                              
                              
----------------------------------------
Epoch 098 with LR 0.000100: Model Results
----------------------------------------
Train MSE Loss: 0.3828, Train CLS Loss: 0.0000, Train MCLS Loss: 0.0000
Protein Cluster Region Loss - Ortho Loss: 0.0000, Cluster Loss: 0.0000
                              
Validation Results: {
    "ci": 0.7064,
    "classification_loss": 0.0,
    "cluster_loss": 0.0,
    "mae": 1.0957,
    "mse": 2.1861,
    "multiclassification_loss": 0.0,
    "ortho_loss": 0.0,
    "pearson": 0.6102,
    "regression_loss": 2.2095,
    "rm2": 0.356,
    "rmse": 1.4785,
    "sd": 1.4387,
    "spearman": 0.5736,
    "spectral_loss": 0.0
}
                              
Test Results: {
    "ci": 0.6707,
    "classification_loss": 0.0,
    "cluster_loss": 0.0,
    "mae": 1.1343,
    "mse": 2.2762,
    "multiclassification_loss": 0.0,
    "ortho_loss": 0.0,
    "pearson": 0.5205,
    "regression_loss": 2.2717,
    "rm2": 0.2466,
    "rmse": 1.5087,
    "sd": 1.4404,
    "spearman": 0.4811,
    "spectral_loss": 0.0
}
                              
                              
----------------------------------------
Epoch 099 with LR 0.000100: Model Results
----------------------------------------
Train MSE Loss: 0.3729, Train CLS Loss: 0.0000, Train MCLS Loss: 0.0000
Protein Cluster Region Loss - Ortho Loss: 0.0000, Cluster Loss: 0.0000
                              
Validation Results: {
    "ci": 0.7062,
    "classification_loss": 0.0,
    "cluster_loss": 0.0,
    "mae": 1.0926,
    "mse": 2.1924,
    "multiclassification_loss": 0.0,
    "ortho_loss": 0.0,
    "pearson": 0.6094,
    "regression_loss": 2.233,
    "rm2": 0.3395,
    "rmse": 1.4807,
    "sd": 1.4399,
    "spearman": 0.572,
    "spectral_loss": 0.0
}
                              
Test Results: {
    "ci": 0.6707,
    "classification_loss": 0.0,
    "cluster_loss": 0.0,
    "mae": 1.1343,
    "mse": 2.2762,
    "multiclassification_loss": 0.0,
    "ortho_loss": 0.0,
    "pearson": 0.5205,
    "regression_loss": 2.2717,
    "rm2": 0.2466,
    "rmse": 1.5087,
    "sd": 1.4404,
    "spearman": 0.4811,
    "spectral_loss": 0.0
}
                              
                              
----------------------------------------
Epoch 100 with LR 0.000100: Model Results
----------------------------------------
Train MSE Loss: 0.3661, Train CLS Loss: 0.0000, Train MCLS Loss: 0.0000
Protein Cluster Region Loss - Ortho Loss: 0.0000, Cluster Loss: 0.0000
                              
Validation Results: {
    "ci": 0.7061,
    "classification_loss": 0.0,
    "cluster_loss": 0.0,
    "mae": 1.1231,
    "mse": 2.2508,
    "multiclassification_loss": 0.0,
    "ortho_loss": 0.0,
    "pearson": 0.6115,
    "regression_loss": 2.3564,
    "rm2": 0.3411,
    "rmse": 1.5003,
    "sd": 1.437,
    "spearman": 0.5725,
    "spectral_loss": 0.0
}
                              
Test Results: {
    "ci": 0.6707,
    "classification_loss": 0.0,
    "cluster_loss": 0.0,
    "mae": 1.1343,
    "mse": 2.2762,
    "multiclassification_loss": 0.0,
    "ortho_loss": 0.0,
    "pearson": 0.5205,
    "regression_loss": 2.2717,
    "rm2": 0.2466,
    "rmse": 1.5087,
    "sd": 1.4404,
    "spearman": 0.4811,
    "spectral_loss": 0.0
}
[best epoch] epoch=40, best_rmse=1.4222, lr_at_best=1.000e-04
                              
                              
----------------------------------------
Epoch 100 with LR 0.000100: Model Results
----------------------------------------
Train MSE Loss: 0.3661, Train CLS Loss: 0.0000, Train MCLS Loss: 0.0000
Protein Cluster Region Loss - Ortho Loss: 0.0000, Cluster Loss: 0.0000
                              
Validation Results: {
    "ci": 0.7061,
    "classification_loss": 0.0,
    "cluster_loss": 0.0,
    "mae": 1.1231,
    "mse": 2.2508,
    "multiclassification_loss": 0.0,
    "ortho_loss": 0.0,
    "pearson": 0.6115,
    "regression_loss": 2.3564,
    "rm2": 0.3411,
    "rmse": 1.5003,
    "sd": 1.437,
    "spearman": 0.5725,
    "spectral_loss": 0.0
}
                              
Test Results: {
    "ci": 0.6707,
    "classification_loss": 0.0,
    "cluster_loss": 0.0,
    "mae": 1.1343,
    "mse": 2.2762,
    "multiclassification_loss": 0.0,
    "ortho_loss": 0.0,
    "pearson": 0.5205,
    "regression_loss": 2.2717,
    "rm2": 0.2466,
    "rmse": 1.5087,
    "sd": 1.4404,
    "spearman": 0.4811,
    "spectral_loss": 0.0
}
Final test metrics: rmse=1.5087, pearson=0.5205, r2_proxy(mse)=2.2762
Done. Predictions: /sc/arion/projects/DiseaseGeneCell/Huang_lab_project/wangcDrugRepoProject/TRACE_Kin_Results_v3_lean/EITLEM_dataset/EITLEM_kkm_MUTAPLM_embedding_cold_drug/test_prediction_seed1.csv; checkpoint: /sc/arion/projects/DiseaseGeneCell/Huang_lab_project/wangcDrugRepoProject/TRACE_Kin_Results_v3_lean/EITLEM_dataset/EITLEM_kkm_MUTAPLM_embedding_cold_drug/save_model_seed1/model.pt

==========================================
Array task 10/14: OK (EITLEM_kkm_MUTAPLM_embedding_cold_drug)
==========================================


PS:

Read file <242654213.10.stderr> for stderr output of this job.

