Sender: LSF System <lsfadmin@lg03e13>
Subject: Job 242602773[14]: <trace_kin_v3_s3[1-14]> in cluster <chimera> Done

Job <trace_kin_v3_s3[1-14]> was submitted from host <li04e01> by user <wangc40> in cluster <chimera> at Fri May  8 14:22:55 2026
Job was executed on host(s) <16*lg03e13>, in queue <gpu>, as user <wangc40> in cluster <chimera> at Fri May  8 14:26:45 2026
</hpc/users/wangc40> was used as the home directory.
</sc/arion/projects/DiseaseGeneCell/Huang_lab_project/wangcDrugRepoProject/TRACE-Kin> was used as the working directory.
Started at Fri May  8 14:26:45 2026
Terminated at Fri May  8 16:05:49 2026
Results reported at Fri May  8 16:05:49 2026

Your job looked like:

------------------------------------------------------------
# LSBATCH: User input
#!/bin/bash
#BSUB -J trace_kin_v3[1-14]
#BSUB -P acc_DiseaseGeneCell
#BSUB -q gpu
#BSUB -R h100nvl
#BSUB -gpu num=1
#BSUB -n 16
#BSUB -R "rusage[mem=8000]"
#BSUB -R "span[hosts=1]"
#BSUB -W 48:00
#BSUB -o %J.%I.stdout
#BSUB -eo %J.%I.stderr
#BSUB -L /bin/bash

# =============================================================================
# TRACE-Kin v3 rerun — LSF job array
# =============================================================================
# Submit with:
#     bsub < training/run_v3_array.lsf
#
# Or chain off the smoke test (recommended):
#     bsub -w "done(<SMOKE_JOB_ID>)" < training/run_v3_array.lsf
#
# For the multi-seed ensemble (the paper config), submit additional seeds in
# parallel after the SEED=1 array completes (or alongside, as separate jobs):
#     SEED=2 bsub -J "trace_kin_v3_s2[1-14]" < training/run_v3_array.lsf
#     SEED=3 bsub -J "trace_kin_v3_s3[1-14]" < training/run_v3_array.lsf
# After all seeds finish, analysis/aggregate_results.py averages predictions
# across seeds before computing RMSE.
#
# LSF expands #BSUB -J trace_kin_v3[1-14] into 14 array tasks, each with a
# distinct ${LSB_JOBINDEX} in 1..14. The body looks up the per-index
# (dataset_source, dataset_name, pool_paths) tuple from the inline table below
# and invokes train_trace_kin.py with model_version=v3.
#
# The 14 tasks correspond to:
#   * 12 RF-gap targets (catalytic kinetics where v1 trails RF by 1.4%–8.7%)
#   * 2 Ki preservation guards (where v1 already wins, must not regress)
# =============================================================================

# --- Environment -------------------------------------------------------------
# Match the prologue of the proven-working PSICHIC LSFs verbatim — no
# `set -euo pipefail`. Mount Sinai's /etc/profile.d scripts return non-zero
# in places that aren't real errors, and errexit aborts the job before
# module + conda activation can complete.
ml purge
source ~/.bashrc
module load anaconda3/2024.06
source activate test
module load cuda/12.4.0

(... more ...)
------------------------------------------------------------

Successfully completed.

Resource usage summary:

    CPU time :                                   5911.00 sec.
    Max Memory :                                 6083 MB
    Average Memory :                             6059.02 MB
    Total Requested Memory :                     128000.00 MB
    Delta Memory :                               121917.00 MB
    Max Swap :                                   -
    Max Processes :                              4
    Max Threads :                                18
    Run time :                                   5944 sec.
    Turnaround time :                            6174 sec.

The output (if any) follows:

==========================================
TRACE-Kin v3 array task 14/14
==========================================
Date:        Fri May  8 14:26:47 EDT 2026
Dataset:     /sc/arion/projects/DiseaseGeneCell/Huang_lab_project/drug_discovery/output/data/enzyme_embeddings_dataset/catpred_dataset/catpred_ki_ProteinCLIP_embedding_cold_drug
Result:      /sc/arion/projects/DiseaseGeneCell/Huang_lab_project/wangcDrugRepoProject/TRACE_Kin_Results_v3/catpred_dataset/catpred_ki_ProteinCLIP_embedding_cold_drug
Config:      training/config_v3.json
Pool CSVs:   (none)
Model:       v3 (dual-head + learned gate)
Epochs:      100, batch=16, seed=1, lr=1e-4
==========================================
Python 3.12.2
Python: /sc/arion/work/wangc40/test-env/envs/test/bin/python
CUDA device: NVIDIA H100 80GB HBM3, sm_90
============================================================
TRACE-Kin training
============================================================
Datafolder:        /sc/arion/projects/DiseaseGeneCell/Huang_lab_project/drug_discovery/output/data/enzyme_embeddings_dataset/catpred_dataset/catpred_ki_ProteinCLIP_embedding_cold_drug
Result path:       /sc/arion/projects/DiseaseGeneCell/Huang_lab_project/wangcDrugRepoProject/TRACE_Kin_Results_v3/catpred_dataset/catpred_ki_ProteinCLIP_embedding_cold_drug
Config:            training/config_v3.json
Pool train CSVs:   (none)
============================================================
Loading primary train: /sc/arion/projects/DiseaseGeneCell/Huang_lab_project/drug_discovery/output/data/enzyme_embeddings_dataset/catpred_dataset/catpred_ki_ProteinCLIP_embedding_cold_drug/train.parquet
Loading primary test: /sc/arion/projects/DiseaseGeneCell/Huang_lab_project/drug_discovery/output/data/enzyme_embeddings_dataset/catpred_dataset/catpred_ki_ProteinCLIP_embedding_cold_drug/test.parquet
Loading primary val: /sc/arion/projects/DiseaseGeneCell/Huang_lab_project/drug_discovery/output/data/enzyme_embeddings_dataset/catpred_dataset/catpred_ki_ProteinCLIP_embedding_cold_drug/val.parquet
Detected prot_evo_channels = 128
seq2feat: 2829 unique sequences.
model_version: v3, use_swa: False
Building protein graphs from scratch (this can be slow)...
Building ligand graphs from scratch...
⚠️  Warning: Failed to parse SMILES: *C(=O)OCC(O)CO[PH](=O)(=O)OCC(O)COC(*)=O
   Skipping this molecule and returning None
⚠️  Skipped invalid SMILES: *C(=O)OCC(O)CO[PH](=O)(=O)OCC(O)COC(*)=O
⚠️  Warning: Skipped 1 invalid SMILES strings
WARN: dropping 1 train rows with missing protein/ligand graphs.
loaders ready: train=515 test=157 val=75
Computing PNA degrees from training data...
Built TraceKinV3 with 6,852,123 parameters
[LR schedule] schedule_lr=False, lrate=0.0001, min_lrate=0, warmup_iters=0, lr_decay_iters=51500, total_iters=51500
Not in terminal, reprint now using normal build-in print function.
                              
                              
----------------------------------------
Epoch 001 with LR 0.000100: Model Results
----------------------------------------
Train MSE Loss: 2.6401, Train CLS Loss: 0.0000, Train MCLS Loss: 0.0000
Protein Cluster Region Loss - Ortho Loss: 0.0000, Cluster Loss: 0.0000
                              
Validation Results: {
    "ci": 0.7467,
    "classification_loss": 0.0,
    "cluster_loss": 0.0,
    "mae": 1.1867,
    "mse": 2.2205,
    "multiclassification_loss": 0.0,
    "ortho_loss": 0.0,
    "pearson": 0.6781,
    "regression_loss": 2.2212,
    "rm2": 0.4513,
    "rmse": 1.4901,
    "sd": 1.4882,
    "spearman": 0.687,
    "spectral_loss": 0.0
}
                              
Test Results: {
    "ci": 0.7502,
    "classification_loss": 0.0,
    "cluster_loss": 0.0,
    "mae": 1.148,
    "mse": 2.1,
    "multiclassification_loss": 0.0,
    "ortho_loss": 0.0,
    "pearson": 0.6852,
    "regression_loss": 2.1037,
    "rm2": 0.4341,
    "rmse": 1.4491,
    "sd": 1.4356,
    "spearman": 0.6943,
    "spectral_loss": 0.0
}
                              
                              
----------------------------------------
Epoch 002 with LR 0.000100: Model Results
----------------------------------------
Train MSE Loss: 1.8419, Train CLS Loss: 0.0000, Train MCLS Loss: 0.0000
Protein Cluster Region Loss - Ortho Loss: 0.0000, Cluster Loss: 0.0000
                              
Validation Results: {
    "ci": 0.7569,
    "classification_loss": 0.0,
    "cluster_loss": 0.0,
    "mae": 1.142,
    "mse": 2.1217,
    "multiclassification_loss": 0.0,
    "ortho_loss": 0.0,
    "pearson": 0.7045,
    "regression_loss": 2.1198,
    "rm2": 0.4379,
    "rmse": 1.4566,
    "sd": 1.4371,
    "spearman": 0.7071,
    "spectral_loss": 0.0
}
                              
Test Results: {
    "ci": 0.7592,
    "classification_loss": 0.0,
    "cluster_loss": 0.0,
    "mae": 1.0947,
    "mse": 1.9575,
    "multiclassification_loss": 0.0,
    "ortho_loss": 0.0,
    "pearson": 0.7052,
    "regression_loss": 1.9567,
    "rm2": 0.4808,
    "rmse": 1.3991,
    "sd": 1.3975,
    "spearman": 0.7137,
    "spectral_loss": 0.0
}
                              
                              
----------------------------------------
Epoch 003 with LR 0.000100: Model Results
----------------------------------------
Train MSE Loss: 1.5402, Train CLS Loss: 0.0000, Train MCLS Loss: 0.0000
Protein Cluster Region Loss - Ortho Loss: 0.0000, Cluster Loss: 0.0000
                              
Validation Results: {
    "ci": 0.7576,
    "classification_loss": 0.0,
    "cluster_loss": 0.0,
    "mae": 1.1393,
    "mse": 2.0748,
    "multiclassification_loss": 0.0,
    "ortho_loss": 0.0,
    "pearson": 0.7045,
    "regression_loss": 2.0708,
    "rm2": 0.4934,
    "rmse": 1.4404,
    "sd": 1.4371,
    "spearman": 0.706,
    "spectral_loss": 0.0
}
                              
Test Results: {
    "ci": 0.7616,
    "classification_loss": 0.0,
    "cluster_loss": 0.0,
    "mae": 1.1017,
    "mse": 1.9607,
    "multiclassification_loss": 0.0,
    "ortho_loss": 0.0,
    "pearson": 0.7103,
    "regression_loss": 1.9624,
    "rm2": 0.4717,
    "rmse": 1.4002,
    "sd": 1.3874,
    "spearman": 0.7168,
    "spectral_loss": 0.0
}
                              
                              
----------------------------------------
Epoch 004 with LR 0.000100: Model Results
----------------------------------------
Train MSE Loss: 1.3398, Train CLS Loss: 0.0000, Train MCLS Loss: 0.0000
Protein Cluster Region Loss - Ortho Loss: 0.0000, Cluster Loss: 0.0000
                              
Validation Results: {
    "ci": 0.7605,
    "classification_loss": 0.0,
    "cluster_loss": 0.0,
    "mae": 1.1172,
    "mse": 2.0429,
    "multiclassification_loss": 0.0,
    "ortho_loss": 0.0,
    "pearson": 0.7195,
    "regression_loss": 2.0384,
    "rm2": 0.4587,
    "rmse": 1.4293,
    "sd": 1.4064,
    "spearman": 0.712,
    "spectral_loss": 0.0
}
                              
Test Results: {
    "ci": 0.7605,
    "classification_loss": 0.0,
    "cluster_loss": 0.0,
    "mae": 1.0791,
    "mse": 1.9532,
    "multiclassification_loss": 0.0,
    "ortho_loss": 0.0,
    "pearson": 0.7091,
    "regression_loss": 1.9557,
    "rm2": 0.4737,
    "rmse": 1.3976,
    "sd": 1.3897,
    "spearman": 0.7118,
    "spectral_loss": 0.0
}
                              
                              
----------------------------------------
Epoch 005 with LR 0.000100: Model Results
----------------------------------------
Train MSE Loss: 1.1851, Train CLS Loss: 0.0000, Train MCLS Loss: 0.0000
Protein Cluster Region Loss - Ortho Loss: 0.0000, Cluster Loss: 0.0000
                              
Validation Results: {
    "ci": 0.7596,
    "classification_loss": 0.0,
    "cluster_loss": 0.0,
    "mae": 1.146,
    "mse": 2.1328,
    "multiclassification_loss": 0.0,
    "ortho_loss": 0.0,
    "pearson": 0.7095,
    "regression_loss": 2.128,
    "rm2": 0.4941,
    "rmse": 1.4604,
    "sd": 1.427,
    "spearman": 0.7083,
    "spectral_loss": 0.0
}
                              
Test Results: {
    "ci": 0.7605,
    "classification_loss": 0.0,
    "cluster_loss": 0.0,
    "mae": 1.0791,
    "mse": 1.9532,
    "multiclassification_loss": 0.0,
    "ortho_loss": 0.0,
    "pearson": 0.7091,
    "regression_loss": 1.9557,
    "rm2": 0.4737,
    "rmse": 1.3976,
    "sd": 1.3897,
    "spearman": 0.7118,
    "spectral_loss": 0.0
}
                              
                              
----------------------------------------
Epoch 006 with LR 0.000100: Model Results
----------------------------------------
Train MSE Loss: 1.0614, Train CLS Loss: 0.0000, Train MCLS Loss: 0.0000
Protein Cluster Region Loss - Ortho Loss: 0.0000, Cluster Loss: 0.0000
                              
Validation Results: {
    "ci": 0.7572,
    "classification_loss": 0.0,
    "cluster_loss": 0.0,
    "mae": 1.1233,
    "mse": 2.1471,
    "multiclassification_loss": 0.0,
    "ortho_loss": 0.0,
    "pearson": 0.6987,
    "regression_loss": 2.1407,
    "rm2": 0.4362,
    "rmse": 1.4653,
    "sd": 1.4486,
    "spearman": 0.7018,
    "spectral_loss": 0.0
}
                              
Test Results: {
    "ci": 0.7605,
    "classification_loss": 0.0,
    "cluster_loss": 0.0,
    "mae": 1.0791,
    "mse": 1.9532,
    "multiclassification_loss": 0.0,
    "ortho_loss": 0.0,
    "pearson": 0.7091,
    "regression_loss": 1.9557,
    "rm2": 0.4737,
    "rmse": 1.3976,
    "sd": 1.3897,
    "spearman": 0.7118,
    "spectral_loss": 0.0
}
                              
                              
----------------------------------------
Epoch 007 with LR 0.000100: Model Results
----------------------------------------
Train MSE Loss: 0.9620, Train CLS Loss: 0.0000, Train MCLS Loss: 0.0000
Protein Cluster Region Loss - Ortho Loss: 0.0000, Cluster Loss: 0.0000
                              
Validation Results: {
    "ci": 0.7566,
    "classification_loss": 0.0,
    "cluster_loss": 0.0,
    "mae": 1.1232,
    "mse": 2.1411,
    "multiclassification_loss": 0.0,
    "ortho_loss": 0.0,
    "pearson": 0.7006,
    "regression_loss": 2.1341,
    "rm2": 0.435,
    "rmse": 1.4633,
    "sd": 1.445,
    "spearman": 0.701,
    "spectral_loss": 0.0
}
                              
Test Results: {
    "ci": 0.7605,
    "classification_loss": 0.0,
    "cluster_loss": 0.0,
    "mae": 1.0791,
    "mse": 1.9532,
    "multiclassification_loss": 0.0,
    "ortho_loss": 0.0,
    "pearson": 0.7091,
    "regression_loss": 1.9557,
    "rm2": 0.4737,
    "rmse": 1.3976,
    "sd": 1.3897,
    "spearman": 0.7118,
    "spectral_loss": 0.0
}
                              
                              
----------------------------------------
Epoch 008 with LR 0.000100: Model Results
----------------------------------------
Train MSE Loss: 0.8925, Train CLS Loss: 0.0000, Train MCLS Loss: 0.0000
Protein Cluster Region Loss - Ortho Loss: 0.0000, Cluster Loss: 0.0000
                              
Validation Results: {
    "ci": 0.7609,
    "classification_loss": 0.0,
    "cluster_loss": 0.0,
    "mae": 1.1031,
    "mse": 2.0685,
    "multiclassification_loss": 0.0,
    "ortho_loss": 0.0,
    "pearson": 0.7098,
    "regression_loss": 2.0624,
    "rm2": 0.4664,
    "rmse": 1.4382,
    "sd": 1.4264,
    "spearman": 0.7092,
    "spectral_loss": 0.0
}
                              
Test Results: {
    "ci": 0.7605,
    "classification_loss": 0.0,
    "cluster_loss": 0.0,
    "mae": 1.0791,
    "mse": 1.9532,
    "multiclassification_loss": 0.0,
    "ortho_loss": 0.0,
    "pearson": 0.7091,
    "regression_loss": 1.9557,
    "rm2": 0.4737,
    "rmse": 1.3976,
    "sd": 1.3897,
    "spearman": 0.7118,
    "spectral_loss": 0.0
}
                              
                              
----------------------------------------
Epoch 009 with LR 0.000100: Model Results
----------------------------------------
Train MSE Loss: 0.8306, Train CLS Loss: 0.0000, Train MCLS Loss: 0.0000
Protein Cluster Region Loss - Ortho Loss: 0.0000, Cluster Loss: 0.0000
                              
Validation Results: {
    "ci": 0.7595,
    "classification_loss": 0.0,
    "cluster_loss": 0.0,
    "mae": 1.1048,
    "mse": 2.1177,
    "multiclassification_loss": 0.0,
    "ortho_loss": 0.0,
    "pearson": 0.7105,
    "regression_loss": 2.1112,
    "rm2": 0.4312,
    "rmse": 1.4552,
    "sd": 1.4249,
    "spearman": 0.7066,
    "spectral_loss": 0.0
}
                              
Test Results: {
    "ci": 0.7605,
    "classification_loss": 0.0,
    "cluster_loss": 0.0,
    "mae": 1.0791,
    "mse": 1.9532,
    "multiclassification_loss": 0.0,
    "ortho_loss": 0.0,
    "pearson": 0.7091,
    "regression_loss": 1.9557,
    "rm2": 0.4737,
    "rmse": 1.3976,
    "sd": 1.3897,
    "spearman": 0.7118,
    "spectral_loss": 0.0
}
                              
                              
----------------------------------------
Epoch 010 with LR 0.000100: Model Results
----------------------------------------
Train MSE Loss: 0.7963, Train CLS Loss: 0.0000, Train MCLS Loss: 0.0000
Protein Cluster Region Loss - Ortho Loss: 0.0000, Cluster Loss: 0.0000
                              
Validation Results: {
    "ci": 0.7585,
    "classification_loss": 0.0,
    "cluster_loss": 0.0,
    "mae": 1.1027,
    "mse": 2.0638,
    "multiclassification_loss": 0.0,
    "ortho_loss": 0.0,
    "pearson": 0.7095,
    "regression_loss": 2.0573,
    "rm2": 0.4648,
    "rmse": 1.4366,
    "sd": 1.4269,
    "spearman": 0.7049,
    "spectral_loss": 0.0
}
                              
Test Results: {
    "ci": 0.7605,
    "classification_loss": 0.0,
    "cluster_loss": 0.0,
    "mae": 1.0791,
    "mse": 1.9532,
    "multiclassification_loss": 0.0,
    "ortho_loss": 0.0,
    "pearson": 0.7091,
    "regression_loss": 1.9557,
    "rm2": 0.4737,
    "rmse": 1.3976,
    "sd": 1.3897,
    "spearman": 0.7118,
    "spectral_loss": 0.0
}
                              
                              
----------------------------------------
Epoch 011 with LR 0.000100: Model Results
----------------------------------------
Train MSE Loss: 0.7554, Train CLS Loss: 0.0000, Train MCLS Loss: 0.0000
Protein Cluster Region Loss - Ortho Loss: 0.0000, Cluster Loss: 0.0000
                              
Validation Results: {
    "ci": 0.761,
    "classification_loss": 0.0,
    "cluster_loss": 0.0,
    "mae": 1.1017,
    "mse": 2.0686,
    "multiclassification_loss": 0.0,
    "ortho_loss": 0.0,
    "pearson": 0.7139,
    "regression_loss": 2.0623,
    "rm2": 0.4606,
    "rmse": 1.4383,
    "sd": 1.418,
    "spearman": 0.7096,
    "spectral_loss": 0.0
}
                              
Test Results: {
    "ci": 0.7605,
    "classification_loss": 0.0,
    "cluster_loss": 0.0,
    "mae": 1.0791,
    "mse": 1.9532,
    "multiclassification_loss": 0.0,
    "ortho_loss": 0.0,
    "pearson": 0.7091,
    "regression_loss": 1.9557,
    "rm2": 0.4737,
    "rmse": 1.3976,
    "sd": 1.3897,
    "spearman": 0.7118,
    "spectral_loss": 0.0
}
                              
                              
----------------------------------------
Epoch 012 with LR 0.000100: Model Results
----------------------------------------
Train MSE Loss: 0.7218, Train CLS Loss: 0.0000, Train MCLS Loss: 0.0000
Protein Cluster Region Loss - Ortho Loss: 0.0000, Cluster Loss: 0.0000
                              
Validation Results: {
    "ci": 0.7621,
    "classification_loss": 0.0,
    "cluster_loss": 0.0,
    "mae": 1.0955,
    "mse": 2.0448,
    "multiclassification_loss": 0.0,
    "ortho_loss": 0.0,
    "pearson": 0.7145,
    "regression_loss": 2.0384,
    "rm2": 0.4663,
    "rmse": 1.43,
    "sd": 1.4166,
    "spearman": 0.7119,
    "spectral_loss": 0.0
}
                              
Test Results: {
    "ci": 0.7605,
    "classification_loss": 0.0,
    "cluster_loss": 0.0,
    "mae": 1.0791,
    "mse": 1.9532,
    "multiclassification_loss": 0.0,
    "ortho_loss": 0.0,
    "pearson": 0.7091,
    "regression_loss": 1.9557,
    "rm2": 0.4737,
    "rmse": 1.3976,
    "sd": 1.3897,
    "spearman": 0.7118,
    "spectral_loss": 0.0
}
                              
                              
----------------------------------------
Epoch 013 with LR 0.000100: Model Results
----------------------------------------
Train MSE Loss: 0.6838, Train CLS Loss: 0.0000, Train MCLS Loss: 0.0000
Protein Cluster Region Loss - Ortho Loss: 0.0000, Cluster Loss: 0.0000
                              
Validation Results: {
    "ci": 0.7611,
    "classification_loss": 0.0,
    "cluster_loss": 0.0,
    "mae": 1.1008,
    "mse": 2.0723,
    "multiclassification_loss": 0.0,
    "ortho_loss": 0.0,
    "pearson": 0.7116,
    "regression_loss": 2.0659,
    "rm2": 0.4694,
    "rmse": 1.4396,
    "sd": 1.4227,
    "spearman": 0.7109,
    "spectral_loss": 0.0
}
                              
Test Results: {
    "ci": 0.7605,
    "classification_loss": 0.0,
    "cluster_loss": 0.0,
    "mae": 1.0791,
    "mse": 1.9532,
    "multiclassification_loss": 0.0,
    "ortho_loss": 0.0,
    "pearson": 0.7091,
    "regression_loss": 1.9557,
    "rm2": 0.4737,
    "rmse": 1.3976,
    "sd": 1.3897,
    "spearman": 0.7118,
    "spectral_loss": 0.0
}
                              
                              
----------------------------------------
Epoch 014 with LR 0.000100: Model Results
----------------------------------------
Train MSE Loss: 0.6609, Train CLS Loss: 0.0000, Train MCLS Loss: 0.0000
Protein Cluster Region Loss - Ortho Loss: 0.0000, Cluster Loss: 0.0000
                              
Validation Results: {
    "ci": 0.7646,
    "classification_loss": 0.0,
    "cluster_loss": 0.0,
    "mae": 1.0807,
    "mse": 2.0335,
    "multiclassification_loss": 0.0,
    "ortho_loss": 0.0,
    "pearson": 0.7194,
    "regression_loss": 2.027,
    "rm2": 0.4724,
    "rmse": 1.426,
    "sd": 1.4065,
    "spearman": 0.7159,
    "spectral_loss": 0.0
}
                              
Test Results: {
    "ci": 0.7673,
    "classification_loss": 0.0,
    "cluster_loss": 0.0,
    "mae": 1.0475,
    "mse": 1.8662,
    "multiclassification_loss": 0.0,
    "ortho_loss": 0.0,
    "pearson": 0.7261,
    "regression_loss": 1.8655,
    "rm2": 0.5194,
    "rmse": 1.3661,
    "sd": 1.3551,
    "spearman": 0.7258,
    "spectral_loss": 0.0
}
                              
                              
----------------------------------------
Epoch 015 with LR 0.000100: Model Results
----------------------------------------
Train MSE Loss: 0.6368, Train CLS Loss: 0.0000, Train MCLS Loss: 0.0000
Protein Cluster Region Loss - Ortho Loss: 0.0000, Cluster Loss: 0.0000
                              
Validation Results: {
    "ci": 0.7634,
    "classification_loss": 0.0,
    "cluster_loss": 0.0,
    "mae": 1.0884,
    "mse": 2.0284,
    "multiclassification_loss": 0.0,
    "ortho_loss": 0.0,
    "pearson": 0.7166,
    "regression_loss": 2.0223,
    "rm2": 0.4868,
    "rmse": 1.4242,
    "sd": 1.4124,
    "spearman": 0.7148,
    "spectral_loss": 0.0
}
                              
Test Results: {
    "ci": 0.7645,
    "classification_loss": 0.0,
    "cluster_loss": 0.0,
    "mae": 1.0542,
    "mse": 1.8918,
    "multiclassification_loss": 0.0,
    "ortho_loss": 0.0,
    "pearson": 0.721,
    "regression_loss": 1.8905,
    "rm2": 0.5185,
    "rmse": 1.3754,
    "sd": 1.3658,
    "spearman": 0.7182,
    "spectral_loss": 0.0
}
                              
                              
----------------------------------------
Epoch 016 with LR 0.000100: Model Results
----------------------------------------
Train MSE Loss: 0.6123, Train CLS Loss: 0.0000, Train MCLS Loss: 0.0000
Protein Cluster Region Loss - Ortho Loss: 0.0000, Cluster Loss: 0.0000
                              
Validation Results: {
    "ci": 0.7632,
    "classification_loss": 0.0,
    "cluster_loss": 0.0,
    "mae": 1.0921,
    "mse": 2.0529,
    "multiclassification_loss": 0.0,
    "ortho_loss": 0.0,
    "pearson": 0.7137,
    "regression_loss": 2.0473,
    "rm2": 0.457,
    "rmse": 1.4328,
    "sd": 1.4183,
    "spearman": 0.7142,
    "spectral_loss": 0.0
}
                              
Test Results: {
    "ci": 0.7645,
    "classification_loss": 0.0,
    "cluster_loss": 0.0,
    "mae": 1.0542,
    "mse": 1.8918,
    "multiclassification_loss": 0.0,
    "ortho_loss": 0.0,
    "pearson": 0.721,
    "regression_loss": 1.8905,
    "rm2": 0.5185,
    "rmse": 1.3754,
    "sd": 1.3658,
    "spearman": 0.7182,
    "spectral_loss": 0.0
}
                              
                              
----------------------------------------
Epoch 017 with LR 0.000100: Model Results
----------------------------------------
Train MSE Loss: 0.5896, Train CLS Loss: 0.0000, Train MCLS Loss: 0.0000
Protein Cluster Region Loss - Ortho Loss: 0.0000, Cluster Loss: 0.0000
                              
Validation Results: {
    "ci": 0.7675,
    "classification_loss": 0.0,
    "cluster_loss": 0.0,
    "mae": 1.0718,
    "mse": 2.0349,
    "multiclassification_loss": 0.0,
    "ortho_loss": 0.0,
    "pearson": 0.7229,
    "regression_loss": 2.0289,
    "rm2": 0.4511,
    "rmse": 1.4265,
    "sd": 1.3991,
    "spearman": 0.725,
    "spectral_loss": 0.0
}
                              
Test Results: {
    "ci": 0.7645,
    "classification_loss": 0.0,
    "cluster_loss": 0.0,
    "mae": 1.0542,
    "mse": 1.8918,
    "multiclassification_loss": 0.0,
    "ortho_loss": 0.0,
    "pearson": 0.721,
    "regression_loss": 1.8905,
    "rm2": 0.5185,
    "rmse": 1.3754,
    "sd": 1.3658,
    "spearman": 0.7182,
    "spectral_loss": 0.0
}
                              
                              
----------------------------------------
Epoch 018 with LR 0.000100: Model Results
----------------------------------------
Train MSE Loss: 0.5736, Train CLS Loss: 0.0000, Train MCLS Loss: 0.0000
Protein Cluster Region Loss - Ortho Loss: 0.0000, Cluster Loss: 0.0000
                              
Validation Results: {
    "ci": 0.7607,
    "classification_loss": 0.0,
    "cluster_loss": 0.0,
    "mae": 1.0974,
    "mse": 2.0664,
    "multiclassification_loss": 0.0,
    "ortho_loss": 0.0,
    "pearson": 0.7101,
    "regression_loss": 2.0601,
    "rm2": 0.4574,
    "rmse": 1.4375,
    "sd": 1.4258,
    "spearman": 0.7077,
    "spectral_loss": 0.0
}
                              
Test Results: {
    "ci": 0.7645,
    "classification_loss": 0.0,
    "cluster_loss": 0.0,
    "mae": 1.0542,
    "mse": 1.8918,
    "multiclassification_loss": 0.0,
    "ortho_loss": 0.0,
    "pearson": 0.721,
    "regression_loss": 1.8905,
    "rm2": 0.5185,
    "rmse": 1.3754,
    "sd": 1.3658,
    "spearman": 0.7182,
    "spectral_loss": 0.0
}
                              
                              
----------------------------------------
Epoch 019 with LR 0.000100: Model Results
----------------------------------------
Train MSE Loss: 0.5569, Train CLS Loss: 0.0000, Train MCLS Loss: 0.0000
Protein Cluster Region Loss - Ortho Loss: 0.0000, Cluster Loss: 0.0000
                              
Validation Results: {
    "ci": 0.7639,
    "classification_loss": 0.0,
    "cluster_loss": 0.0,
    "mae": 1.0921,
    "mse": 2.0672,
    "multiclassification_loss": 0.0,
    "ortho_loss": 0.0,
    "pearson": 0.7138,
    "regression_loss": 2.0608,
    "rm2": 0.4641,
    "rmse": 1.4378,
    "sd": 1.4182,
    "spearman": 0.715,
    "spectral_loss": 0.0
}
                              
Test Results: {
    "ci": 0.7645,
    "classification_loss": 0.0,
    "cluster_loss": 0.0,
    "mae": 1.0542,
    "mse": 1.8918,
    "multiclassification_loss": 0.0,
    "ortho_loss": 0.0,
    "pearson": 0.721,
    "regression_loss": 1.8905,
    "rm2": 0.5185,
    "rmse": 1.3754,
    "sd": 1.3658,
    "spearman": 0.7182,
    "spectral_loss": 0.0
}
                              
                              
----------------------------------------
Epoch 020 with LR 0.000100: Model Results
----------------------------------------
Train MSE Loss: 0.5333, Train CLS Loss: 0.0000, Train MCLS Loss: 0.0000
Protein Cluster Region Loss - Ortho Loss: 0.0000, Cluster Loss: 0.0000
                              
Validation Results: {
    "ci": 0.7653,
    "classification_loss": 0.0,
    "cluster_loss": 0.0,
    "mae": 1.0798,
    "mse": 2.0178,
    "multiclassification_loss": 0.0,
    "ortho_loss": 0.0,
    "pearson": 0.7243,
    "regression_loss": 2.0121,
    "rm2": 0.4549,
    "rmse": 1.4205,
    "sd": 1.3962,
    "spearman": 0.7202,
    "spectral_loss": 0.0
}
                              
Test Results: {
    "ci": 0.7659,
    "classification_loss": 0.0,
    "cluster_loss": 0.0,
    "mae": 1.0396,
    "mse": 1.8671,
    "multiclassification_loss": 0.0,
    "ortho_loss": 0.0,
    "pearson": 0.7264,
    "regression_loss": 1.8639,
    "rm2": 0.4783,
    "rmse": 1.3664,
    "sd": 1.3545,
    "spearman": 0.7221,
    "spectral_loss": 0.0
}
                              
                              
----------------------------------------
Epoch 021 with LR 0.000100: Model Results
----------------------------------------
Train MSE Loss: 0.5214, Train CLS Loss: 0.0000, Train MCLS Loss: 0.0000
Protein Cluster Region Loss - Ortho Loss: 0.0000, Cluster Loss: 0.0000
                              
Validation Results: {
    "ci": 0.761,
    "classification_loss": 0.0,
    "cluster_loss": 0.0,
    "mae": 1.0971,
    "mse": 2.0488,
    "multiclassification_loss": 0.0,
    "ortho_loss": 0.0,
    "pearson": 0.713,
    "regression_loss": 2.0427,
    "rm2": 0.4754,
    "rmse": 1.4314,
    "sd": 1.4198,
    "spearman": 0.7082,
    "spectral_loss": 0.0
}
                              
Test Results: {
    "ci": 0.7659,
    "classification_loss": 0.0,
    "cluster_loss": 0.0,
    "mae": 1.0396,
    "mse": 1.8671,
    "multiclassification_loss": 0.0,
    "ortho_loss": 0.0,
    "pearson": 0.7264,
    "regression_loss": 1.8639,
    "rm2": 0.4783,
    "rmse": 1.3664,
    "sd": 1.3545,
    "spearman": 0.7221,
    "spectral_loss": 0.0
}
                              
                              
----------------------------------------
Epoch 022 with LR 0.000100: Model Results
----------------------------------------
Train MSE Loss: 0.5024, Train CLS Loss: 0.0000, Train MCLS Loss: 0.0000
Protein Cluster Region Loss - Ortho Loss: 0.0000, Cluster Loss: 0.0000
                              
Validation Results: {
    "ci": 0.768,
    "classification_loss": 0.0,
    "cluster_loss": 0.0,
    "mae": 1.064,
    "mse": 2.0097,
    "multiclassification_loss": 0.0,
    "ortho_loss": 0.0,
    "pearson": 0.7208,
    "regression_loss": 2.0036,
    "rm2": 0.4684,
    "rmse": 1.4177,
    "sd": 1.4036,
    "spearman": 0.7235,
    "spectral_loss": 0.0
}
                              
Test Results: {
    "ci": 0.767,
    "classification_loss": 0.0,
    "cluster_loss": 0.0,
    "mae": 1.0384,
    "mse": 1.8633,
    "multiclassification_loss": 0.0,
    "ortho_loss": 0.0,
    "pearson": 0.7242,
    "regression_loss": 1.861,
    "rm2": 0.4934,
    "rmse": 1.365,
    "sd": 1.3591,
    "spearman": 0.7247,
    "spectral_loss": 0.0
}
                              
                              
----------------------------------------
Epoch 023 with LR 0.000100: Model Results
----------------------------------------
Train MSE Loss: 0.4824, Train CLS Loss: 0.0000, Train MCLS Loss: 0.0000
Protein Cluster Region Loss - Ortho Loss: 0.0000, Cluster Loss: 0.0000
                              
Validation Results: {
    "ci": 0.7659,
    "classification_loss": 0.0,
    "cluster_loss": 0.0,
    "mae": 1.0846,
    "mse": 2.0252,
    "multiclassification_loss": 0.0,
    "ortho_loss": 0.0,
    "pearson": 0.7237,
    "regression_loss": 2.0189,
    "rm2": 0.4653,
    "rmse": 1.4231,
    "sd": 1.3973,
    "spearman": 0.7213,
    "spectral_loss": 0.0
}
                              
Test Results: {
    "ci": 0.767,
    "classification_loss": 0.0,
    "cluster_loss": 0.0,
    "mae": 1.0384,
    "mse": 1.8633,
    "multiclassification_loss": 0.0,
    "ortho_loss": 0.0,
    "pearson": 0.7242,
    "regression_loss": 1.861,
    "rm2": 0.4934,
    "rmse": 1.365,
    "sd": 1.3591,
    "spearman": 0.7247,
    "spectral_loss": 0.0
}
                              
                              
----------------------------------------
Epoch 024 with LR 0.000100: Model Results
----------------------------------------
Train MSE Loss: 0.4674, Train CLS Loss: 0.0000, Train MCLS Loss: 0.0000
Protein Cluster Region Loss - Ortho Loss: 0.0000, Cluster Loss: 0.0000
                              
Validation Results: {
    "ci": 0.7695,
    "classification_loss": 0.0,
    "cluster_loss": 0.0,
    "mae": 1.0623,
    "mse": 1.967,
    "multiclassification_loss": 0.0,
    "ortho_loss": 0.0,
    "pearson": 0.7292,
    "regression_loss": 1.9614,
    "rm2": 0.4787,
    "rmse": 1.4025,
    "sd": 1.3857,
    "spearman": 0.728,
    "spectral_loss": 0.0
}
                              
Test Results: {
    "ci": 0.7701,
    "classification_loss": 0.0,
    "cluster_loss": 0.0,
    "mae": 1.0289,
    "mse": 1.8464,
    "multiclassification_loss": 0.0,
    "ortho_loss": 0.0,
    "pearson": 0.7295,
    "regression_loss": 1.844,
    "rm2": 0.5025,
    "rmse": 1.3588,
    "sd": 1.348,
    "spearman": 0.7301,
    "spectral_loss": 0.0
}
                              
                              
----------------------------------------
Epoch 025 with LR 0.000100: Model Results
----------------------------------------
Train MSE Loss: 0.4651, Train CLS Loss: 0.0000, Train MCLS Loss: 0.0000
Protein Cluster Region Loss - Ortho Loss: 0.0000, Cluster Loss: 0.0000
                              
Validation Results: {
    "ci": 0.764,
    "classification_loss": 0.0,
    "cluster_loss": 0.0,
    "mae": 1.0848,
    "mse": 2.0516,
    "multiclassification_loss": 0.0,
    "ortho_loss": 0.0,
    "pearson": 0.7173,
    "regression_loss": 2.0457,
    "rm2": 0.4505,
    "rmse": 1.4324,
    "sd": 1.411,
    "spearman": 0.7157,
    "spectral_loss": 0.0
}
                              
Test Results: {
    "ci": 0.7701,
    "classification_loss": 0.0,
    "cluster_loss": 0.0,
    "mae": 1.0289,
    "mse": 1.8464,
    "multiclassification_loss": 0.0,
    "ortho_loss": 0.0,
    "pearson": 0.7295,
    "regression_loss": 1.844,
    "rm2": 0.5025,
    "rmse": 1.3588,
    "sd": 1.348,
    "spearman": 0.7301,
    "spectral_loss": 0.0
}
                              
                              
----------------------------------------
Epoch 026 with LR 0.000100: Model Results
----------------------------------------
Train MSE Loss: 0.4472, Train CLS Loss: 0.0000, Train MCLS Loss: 0.0000
Protein Cluster Region Loss - Ortho Loss: 0.0000, Cluster Loss: 0.0000
                              
Validation Results: {
    "ci": 0.7664,
    "classification_loss": 0.0,
    "cluster_loss": 0.0,
    "mae": 1.0782,
    "mse": 1.9828,
    "multiclassification_loss": 0.0,
    "ortho_loss": 0.0,
    "pearson": 0.7233,
    "regression_loss": 1.9775,
    "rm2": 0.5016,
    "rmse": 1.4081,
    "sd": 1.3982,
    "spearman": 0.7201,
    "spectral_loss": 0.0
}
                              
Test Results: {
    "ci": 0.7701,
    "classification_loss": 0.0,
    "cluster_loss": 0.0,
    "mae": 1.0289,
    "mse": 1.8464,
    "multiclassification_loss": 0.0,
    "ortho_loss": 0.0,
    "pearson": 0.7295,
    "regression_loss": 1.844,
    "rm2": 0.5025,
    "rmse": 1.3588,
    "sd": 1.348,
    "spearman": 0.7301,
    "spectral_loss": 0.0
}
                              
                              
----------------------------------------
Epoch 027 with LR 0.000100: Model Results
----------------------------------------
Train MSE Loss: 0.4349, Train CLS Loss: 0.0000, Train MCLS Loss: 0.0000
Protein Cluster Region Loss - Ortho Loss: 0.0000, Cluster Loss: 0.0000
                              
Validation Results: {
    "ci": 0.7655,
    "classification_loss": 0.0,
    "cluster_loss": 0.0,
    "mae": 1.0776,
    "mse": 2.0362,
    "multiclassification_loss": 0.0,
    "ortho_loss": 0.0,
    "pearson": 0.7182,
    "regression_loss": 2.0309,
    "rm2": 0.4742,
    "rmse": 1.427,
    "sd": 1.4091,
    "spearman": 0.7182,
    "spectral_loss": 0.0
}
                              
Test Results: {
    "ci": 0.7701,
    "classification_loss": 0.0,
    "cluster_loss": 0.0,
    "mae": 1.0289,
    "mse": 1.8464,
    "multiclassification_loss": 0.0,
    "ortho_loss": 0.0,
    "pearson": 0.7295,
    "regression_loss": 1.844,
    "rm2": 0.5025,
    "rmse": 1.3588,
    "sd": 1.348,
    "spearman": 0.7301,
    "spectral_loss": 0.0
}
                              
                              
----------------------------------------
Epoch 028 with LR 0.000100: Model Results
----------------------------------------
Train MSE Loss: 0.4260, Train CLS Loss: 0.0000, Train MCLS Loss: 0.0000
Protein Cluster Region Loss - Ortho Loss: 0.0000, Cluster Loss: 0.0000
                              
Validation Results: {
    "ci": 0.7719,
    "classification_loss": 0.0,
    "cluster_loss": 0.0,
    "mae": 1.0496,
    "mse": 1.9396,
    "multiclassification_loss": 0.0,
    "ortho_loss": 0.0,
    "pearson": 0.7337,
    "regression_loss": 1.934,
    "rm2": 0.4788,
    "rmse": 1.3927,
    "sd": 1.3758,
    "spearman": 0.7328,
    "spectral_loss": 0.0
}
                              
Test Results: {
    "ci": 0.7686,
    "classification_loss": 0.0,
    "cluster_loss": 0.0,
    "mae": 1.0261,
    "mse": 1.848,
    "multiclassification_loss": 0.0,
    "ortho_loss": 0.0,
    "pearson": 0.7275,
    "regression_loss": 1.8461,
    "rm2": 0.4937,
    "rmse": 1.3594,
    "sd": 1.3523,
    "spearman": 0.7259,
    "spectral_loss": 0.0
}
                              
                              
----------------------------------------
Epoch 029 with LR 0.000100: Model Results
----------------------------------------
Train MSE Loss: 0.4078, Train CLS Loss: 0.0000, Train MCLS Loss: 0.0000
Protein Cluster Region Loss - Ortho Loss: 0.0000, Cluster Loss: 0.0000
                              
Validation Results: {
    "ci": 0.7707,
    "classification_loss": 0.0,
    "cluster_loss": 0.0,
    "mae": 1.052,
    "mse": 1.9555,
    "multiclassification_loss": 0.0,
    "ortho_loss": 0.0,
    "pearson": 0.7318,
    "regression_loss": 1.9498,
    "rm2": 0.473,
    "rmse": 1.3984,
    "sd": 1.3799,
    "spearman": 0.7303,
    "spectral_loss": 0.0
}
                              
Test Results: {
    "ci": 0.7686,
    "classification_loss": 0.0,
    "cluster_loss": 0.0,
    "mae": 1.0261,
    "mse": 1.848,
    "multiclassification_loss": 0.0,
    "ortho_loss": 0.0,
    "pearson": 0.7275,
    "regression_loss": 1.8461,
    "rm2": 0.4937,
    "rmse": 1.3594,
    "sd": 1.3523,
    "spearman": 0.7259,
    "spectral_loss": 0.0
}
                              
                              
----------------------------------------
Epoch 030 with LR 0.000100: Model Results
----------------------------------------
Train MSE Loss: 0.4080, Train CLS Loss: 0.0000, Train MCLS Loss: 0.0000
Protein Cluster Region Loss - Ortho Loss: 0.0000, Cluster Loss: 0.0000
                              
Validation Results: {
    "ci": 0.7712,
    "classification_loss": 0.0,
    "cluster_loss": 0.0,
    "mae": 1.0518,
    "mse": 1.9137,
    "multiclassification_loss": 0.0,
    "ortho_loss": 0.0,
    "pearson": 0.7363,
    "regression_loss": 1.9092,
    "rm2": 0.4899,
    "rmse": 1.3834,
    "sd": 1.3701,
    "spearman": 0.732,
    "spectral_loss": 0.0
}
                              
Test Results: {
    "ci": 0.7687,
    "classification_loss": 0.0,
    "cluster_loss": 0.0,
    "mae": 1.0286,
    "mse": 1.8351,
    "multiclassification_loss": 0.0,
    "ortho_loss": 0.0,
    "pearson": 0.731,
    "regression_loss": 1.832,
    "rm2": 0.4984,
    "rmse": 1.3547,
    "sd": 1.3449,
    "spearman": 0.7278,
    "spectral_loss": 0.0
}
                              
                              
----------------------------------------
Epoch 031 with LR 0.000100: Model Results
----------------------------------------
Train MSE Loss: 0.4024, Train CLS Loss: 0.0000, Train MCLS Loss: 0.0000
Protein Cluster Region Loss - Ortho Loss: 0.0000, Cluster Loss: 0.0000
                              
Validation Results: {
    "ci": 0.7676,
    "classification_loss": 0.0,
    "cluster_loss": 0.0,
    "mae": 1.0629,
    "mse": 1.9641,
    "multiclassification_loss": 0.0,
    "ortho_loss": 0.0,
    "pearson": 0.728,
    "regression_loss": 1.9588,
    "rm2": 0.4863,
    "rmse": 1.4014,
    "sd": 1.3883,
    "spearman": 0.7226,
    "spectral_loss": 0.0
}
                              
Test Results: {
    "ci": 0.7687,
    "classification_loss": 0.0,
    "cluster_loss": 0.0,
    "mae": 1.0286,
    "mse": 1.8351,
    "multiclassification_loss": 0.0,
    "ortho_loss": 0.0,
    "pearson": 0.731,
    "regression_loss": 1.832,
    "rm2": 0.4984,
    "rmse": 1.3547,
    "sd": 1.3449,
    "spearman": 0.7278,
    "spectral_loss": 0.0
}
                              
                              
----------------------------------------
Epoch 032 with LR 0.000100: Model Results
----------------------------------------
Train MSE Loss: 0.3860, Train CLS Loss: 0.0000, Train MCLS Loss: 0.0000
Protein Cluster Region Loss - Ortho Loss: 0.0000, Cluster Loss: 0.0000
                              
Validation Results: {
    "ci": 0.7713,
    "classification_loss": 0.0,
    "cluster_loss": 0.0,
    "mae": 1.0637,
    "mse": 1.9503,
    "multiclassification_loss": 0.0,
    "ortho_loss": 0.0,
    "pearson": 0.733,
    "regression_loss": 1.9453,
    "rm2": 0.502,
    "rmse": 1.3965,
    "sd": 1.3774,
    "spearman": 0.7323,
    "spectral_loss": 0.0
}
                              
Test Results: {
    "ci": 0.7687,
    "classification_loss": 0.0,
    "cluster_loss": 0.0,
    "mae": 1.0286,
    "mse": 1.8351,
    "multiclassification_loss": 0.0,
    "ortho_loss": 0.0,
    "pearson": 0.731,
    "regression_loss": 1.832,
    "rm2": 0.4984,
    "rmse": 1.3547,
    "sd": 1.3449,
    "spearman": 0.7278,
    "spectral_loss": 0.0
}
                              
                              
----------------------------------------
Epoch 033 with LR 0.000100: Model Results
----------------------------------------
Train MSE Loss: 0.3761, Train CLS Loss: 0.0000, Train MCLS Loss: 0.0000
Protein Cluster Region Loss - Ortho Loss: 0.0000, Cluster Loss: 0.0000
                              
Validation Results: {
    "ci": 0.7717,
    "classification_loss": 0.0,
    "cluster_loss": 0.0,
    "mae": 1.0548,
    "mse": 1.9511,
    "multiclassification_loss": 0.0,
    "ortho_loss": 0.0,
    "pearson": 0.7316,
    "regression_loss": 1.9455,
    "rm2": 0.4766,
    "rmse": 1.3968,
    "sd": 1.3804,
    "spearman": 0.7325,
    "spectral_loss": 0.0
}
                              
Test Results: {
    "ci": 0.7687,
    "classification_loss": 0.0,
    "cluster_loss": 0.0,
    "mae": 1.0286,
    "mse": 1.8351,
    "multiclassification_loss": 0.0,
    "ortho_loss": 0.0,
    "pearson": 0.731,
    "regression_loss": 1.832,
    "rm2": 0.4984,
    "rmse": 1.3547,
    "sd": 1.3449,
    "spearman": 0.7278,
    "spectral_loss": 0.0
}
                              
                              
----------------------------------------
Epoch 034 with LR 0.000100: Model Results
----------------------------------------
Train MSE Loss: 0.3683, Train CLS Loss: 0.0000, Train MCLS Loss: 0.0000
Protein Cluster Region Loss - Ortho Loss: 0.0000, Cluster Loss: 0.0000
                              
Validation Results: {
    "ci": 0.7693,
    "classification_loss": 0.0,
    "cluster_loss": 0.0,
    "mae": 1.0615,
    "mse": 1.9536,
    "multiclassification_loss": 0.0,
    "ortho_loss": 0.0,
    "pearson": 0.7304,
    "regression_loss": 1.9487,
    "rm2": 0.4778,
    "rmse": 1.3977,
    "sd": 1.383,
    "spearman": 0.7273,
    "spectral_loss": 0.0
}
                              
Test Results: {
    "ci": 0.7687,
    "classification_loss": 0.0,
    "cluster_loss": 0.0,
    "mae": 1.0286,
    "mse": 1.8351,
    "multiclassification_loss": 0.0,
    "ortho_loss": 0.0,
    "pearson": 0.731,
    "regression_loss": 1.832,
    "rm2": 0.4984,
    "rmse": 1.3547,
    "sd": 1.3449,
    "spearman": 0.7278,
    "spectral_loss": 0.0
}
                              
                              
----------------------------------------
Epoch 035 with LR 0.000100: Model Results
----------------------------------------
Train MSE Loss: 0.3516, Train CLS Loss: 0.0000, Train MCLS Loss: 0.0000
Protein Cluster Region Loss - Ortho Loss: 0.0000, Cluster Loss: 0.0000
                              
Validation Results: {
    "ci": 0.7718,
    "classification_loss": 0.0,
    "cluster_loss": 0.0,
    "mae": 1.059,
    "mse": 1.9704,
    "multiclassification_loss": 0.0,
    "ortho_loss": 0.0,
    "pearson": 0.7335,
    "regression_loss": 1.9649,
    "rm2": 0.4618,
    "rmse": 1.4037,
    "sd": 1.3762,
    "spearman": 0.733,
    "spectral_loss": 0.0
}
                              
Test Results: {
    "ci": 0.7687,
    "classification_loss": 0.0,
    "cluster_loss": 0.0,
    "mae": 1.0286,
    "mse": 1.8351,
    "multiclassification_loss": 0.0,
    "ortho_loss": 0.0,
    "pearson": 0.731,
    "regression_loss": 1.832,
    "rm2": 0.4984,
    "rmse": 1.3547,
    "sd": 1.3449,
    "spearman": 0.7278,
    "spectral_loss": 0.0
}
                              
                              
----------------------------------------
Epoch 036 with LR 0.000100: Model Results
----------------------------------------
Train MSE Loss: 0.3486, Train CLS Loss: 0.0000, Train MCLS Loss: 0.0000
Protein Cluster Region Loss - Ortho Loss: 0.0000, Cluster Loss: 0.0000
                              
Validation Results: {
    "ci": 0.771,
    "classification_loss": 0.0,
    "cluster_loss": 0.0,
    "mae": 1.0691,
    "mse": 1.9977,
    "multiclassification_loss": 0.0,
    "ortho_loss": 0.0,
    "pearson": 0.7305,
    "regression_loss": 1.9922,
    "rm2": 0.4574,
    "rmse": 1.4134,
    "sd": 1.3829,
    "spearman": 0.731,
    "spectral_loss": 0.0
}
                              
Test Results: {
    "ci": 0.7687,
    "classification_loss": 0.0,
    "cluster_loss": 0.0,
    "mae": 1.0286,
    "mse": 1.8351,
    "multiclassification_loss": 0.0,
    "ortho_loss": 0.0,
    "pearson": 0.731,
    "regression_loss": 1.832,
    "rm2": 0.4984,
    "rmse": 1.3547,
    "sd": 1.3449,
    "spearman": 0.7278,
    "spectral_loss": 0.0
}
                              
                              
----------------------------------------
Epoch 037 with LR 0.000100: Model Results
----------------------------------------
Train MSE Loss: 0.3441, Train CLS Loss: 0.0000, Train MCLS Loss: 0.0000
Protein Cluster Region Loss - Ortho Loss: 0.0000, Cluster Loss: 0.0000
                              
Validation Results: {
    "ci": 0.7746,
    "classification_loss": 0.0,
    "cluster_loss": 0.0,
    "mae": 1.0435,
    "mse": 1.9021,
    "multiclassification_loss": 0.0,
    "ortho_loss": 0.0,
    "pearson": 0.7386,
    "regression_loss": 1.8974,
    "rm2": 0.5052,
    "rmse": 1.3792,
    "sd": 1.3651,
    "spearman": 0.7373,
    "spectral_loss": 0.0
}
                              
Test Results: {
    "ci": 0.7712,
    "classification_loss": 0.0,
    "cluster_loss": 0.0,
    "mae": 1.0264,
    "mse": 1.8275,
    "multiclassification_loss": 0.0,
    "ortho_loss": 0.0,
    "pearson": 0.7338,
    "regression_loss": 1.8251,
    "rm2": 0.5212,
    "rmse": 1.3519,
    "sd": 1.3391,
    "spearman": 0.7316,
    "spectral_loss": 0.0
}
                              
                              
----------------------------------------
Epoch 038 with LR 0.000100: Model Results
----------------------------------------
Train MSE Loss: 0.3338, Train CLS Loss: 0.0000, Train MCLS Loss: 0.0000
Protein Cluster Region Loss - Ortho Loss: 0.0000, Cluster Loss: 0.0000
                              
Validation Results: {
    "ci": 0.7723,
    "classification_loss": 0.0,
    "cluster_loss": 0.0,
    "mae": 1.0477,
    "mse": 1.9334,
    "multiclassification_loss": 0.0,
    "ortho_loss": 0.0,
    "pearson": 0.734,
    "regression_loss": 1.9284,
    "rm2": 0.4848,
    "rmse": 1.3905,
    "sd": 1.3752,
    "spearman": 0.7336,
    "spectral_loss": 0.0
}
                              
Test Results: {
    "ci": 0.7712,
    "classification_loss": 0.0,
    "cluster_loss": 0.0,
    "mae": 1.0264,
    "mse": 1.8275,
    "multiclassification_loss": 0.0,
    "ortho_loss": 0.0,
    "pearson": 0.7338,
    "regression_loss": 1.8251,
    "rm2": 0.5212,
    "rmse": 1.3519,
    "sd": 1.3391,
    "spearman": 0.7316,
    "spectral_loss": 0.0
}
                              
                              
----------------------------------------
Epoch 039 with LR 0.000100: Model Results
----------------------------------------
Train MSE Loss: 0.3247, Train CLS Loss: 0.0000, Train MCLS Loss: 0.0000
Protein Cluster Region Loss - Ortho Loss: 0.0000, Cluster Loss: 0.0000
                              
Validation Results: {
    "ci": 0.7712,
    "classification_loss": 0.0,
    "cluster_loss": 0.0,
    "mae": 1.0525,
    "mse": 1.9799,
    "multiclassification_loss": 0.0,
    "ortho_loss": 0.0,
    "pearson": 0.7292,
    "regression_loss": 1.975,
    "rm2": 0.4674,
    "rmse": 1.4071,
    "sd": 1.3856,
    "spearman": 0.7301,
    "spectral_loss": 0.0
}
                              
Test Results: {
    "ci": 0.7712,
    "classification_loss": 0.0,
    "cluster_loss": 0.0,
    "mae": 1.0264,
    "mse": 1.8275,
    "multiclassification_loss": 0.0,
    "ortho_loss": 0.0,
    "pearson": 0.7338,
    "regression_loss": 1.8251,
    "rm2": 0.5212,
    "rmse": 1.3519,
    "sd": 1.3391,
    "spearman": 0.7316,
    "spectral_loss": 0.0
}
                              
                              
----------------------------------------
Epoch 040 with LR 0.000100: Model Results
----------------------------------------
Train MSE Loss: 0.3156, Train CLS Loss: 0.0000, Train MCLS Loss: 0.0000
Protein Cluster Region Loss - Ortho Loss: 0.0000, Cluster Loss: 0.0000
                              
Validation Results: {
    "ci": 0.7702,
    "classification_loss": 0.0,
    "cluster_loss": 0.0,
    "mae": 1.0579,
    "mse": 1.968,
    "multiclassification_loss": 0.0,
    "ortho_loss": 0.0,
    "pearson": 0.728,
    "regression_loss": 1.9625,
    "rm2": 0.4831,
    "rmse": 1.4029,
    "sd": 1.3881,
    "spearman": 0.7286,
    "spectral_loss": 0.0
}
                              
Test Results: {
    "ci": 0.7712,
    "classification_loss": 0.0,
    "cluster_loss": 0.0,
    "mae": 1.0264,
    "mse": 1.8275,
    "multiclassification_loss": 0.0,
    "ortho_loss": 0.0,
    "pearson": 0.7338,
    "regression_loss": 1.8251,
    "rm2": 0.5212,
    "rmse": 1.3519,
    "sd": 1.3391,
    "spearman": 0.7316,
    "spectral_loss": 0.0
}
                              
                              
----------------------------------------
Epoch 041 with LR 0.000100: Model Results
----------------------------------------
Train MSE Loss: 0.3151, Train CLS Loss: 0.0000, Train MCLS Loss: 0.0000
Protein Cluster Region Loss - Ortho Loss: 0.0000, Cluster Loss: 0.0000
                              
Validation Results: {
    "ci": 0.7718,
    "classification_loss": 0.0,
    "cluster_loss": 0.0,
    "mae": 1.0555,
    "mse": 1.9504,
    "multiclassification_loss": 0.0,
    "ortho_loss": 0.0,
    "pearson": 0.7341,
    "regression_loss": 1.9448,
    "rm2": 0.4863,
    "rmse": 1.3966,
    "sd": 1.375,
    "spearman": 0.7332,
    "spectral_loss": 0.0
}
                              
Test Results: {
    "ci": 0.7712,
    "classification_loss": 0.0,
    "cluster_loss": 0.0,
    "mae": 1.0264,
    "mse": 1.8275,
    "multiclassification_loss": 0.0,
    "ortho_loss": 0.0,
    "pearson": 0.7338,
    "regression_loss": 1.8251,
    "rm2": 0.5212,
    "rmse": 1.3519,
    "sd": 1.3391,
    "spearman": 0.7316,
    "spectral_loss": 0.0
}
                              
                              
----------------------------------------
Epoch 042 with LR 0.000100: Model Results
----------------------------------------
Train MSE Loss: 0.3100, Train CLS Loss: 0.0000, Train MCLS Loss: 0.0000
Protein Cluster Region Loss - Ortho Loss: 0.0000, Cluster Loss: 0.0000
                              
Validation Results: {
    "ci": 0.7716,
    "classification_loss": 0.0,
    "cluster_loss": 0.0,
    "mae": 1.0551,
    "mse": 1.9336,
    "multiclassification_loss": 0.0,
    "ortho_loss": 0.0,
    "pearson": 0.7331,
    "regression_loss": 1.9288,
    "rm2": 0.5148,
    "rmse": 1.3905,
    "sd": 1.3772,
    "spearman": 0.7313,
    "spectral_loss": 0.0
}
                              
Test Results: {
    "ci": 0.7712,
    "classification_loss": 0.0,
    "cluster_loss": 0.0,
    "mae": 1.0264,
    "mse": 1.8275,
    "multiclassification_loss": 0.0,
    "ortho_loss": 0.0,
    "pearson": 0.7338,
    "regression_loss": 1.8251,
    "rm2": 0.5212,
    "rmse": 1.3519,
    "sd": 1.3391,
    "spearman": 0.7316,
    "spectral_loss": 0.0
}
                              
                              
----------------------------------------
Epoch 043 with LR 0.000100: Model Results
----------------------------------------
Train MSE Loss: 0.3040, Train CLS Loss: 0.0000, Train MCLS Loss: 0.0000
Protein Cluster Region Loss - Ortho Loss: 0.0000, Cluster Loss: 0.0000
                              
Validation Results: {
    "ci": 0.7739,
    "classification_loss": 0.0,
    "cluster_loss": 0.0,
    "mae": 1.0529,
    "mse": 1.9483,
    "multiclassification_loss": 0.0,
    "ortho_loss": 0.0,
    "pearson": 0.7366,
    "regression_loss": 1.9433,
    "rm2": 0.4739,
    "rmse": 1.3958,
    "sd": 1.3696,
    "spearman": 0.7368,
    "spectral_loss": 0.0
}
                              
Test Results: {
    "ci": 0.7712,
    "classification_loss": 0.0,
    "cluster_loss": 0.0,
    "mae": 1.0264,
    "mse": 1.8275,
    "multiclassification_loss": 0.0,
    "ortho_loss": 0.0,
    "pearson": 0.7338,
    "regression_loss": 1.8251,
    "rm2": 0.5212,
    "rmse": 1.3519,
    "sd": 1.3391,
    "spearman": 0.7316,
    "spectral_loss": 0.0
}
                              
                              
----------------------------------------
Epoch 044 with LR 0.000100: Model Results
----------------------------------------
Train MSE Loss: 0.2997, Train CLS Loss: 0.0000, Train MCLS Loss: 0.0000
Protein Cluster Region Loss - Ortho Loss: 0.0000, Cluster Loss: 0.0000
                              
Validation Results: {
    "ci": 0.7724,
    "classification_loss": 0.0,
    "cluster_loss": 0.0,
    "mae": 1.0467,
    "mse": 1.9293,
    "multiclassification_loss": 0.0,
    "ortho_loss": 0.0,
    "pearson": 0.7315,
    "regression_loss": 1.9241,
    "rm2": 0.5004,
    "rmse": 1.389,
    "sd": 1.3806,
    "spearman": 0.7339,
    "spectral_loss": 0.0
}
                              
Test Results: {
    "ci": 0.7712,
    "classification_loss": 0.0,
    "cluster_loss": 0.0,
    "mae": 1.0264,
    "mse": 1.8275,
    "multiclassification_loss": 0.0,
    "ortho_loss": 0.0,
    "pearson": 0.7338,
    "regression_loss": 1.8251,
    "rm2": 0.5212,
    "rmse": 1.3519,
    "sd": 1.3391,
    "spearman": 0.7316,
    "spectral_loss": 0.0
}
                              
                              
----------------------------------------
Epoch 045 with LR 0.000100: Model Results
----------------------------------------
Train MSE Loss: 0.2928, Train CLS Loss: 0.0000, Train MCLS Loss: 0.0000
Protein Cluster Region Loss - Ortho Loss: 0.0000, Cluster Loss: 0.0000
                              
Validation Results: {
    "ci": 0.7728,
    "classification_loss": 0.0,
    "cluster_loss": 0.0,
    "mae": 1.0484,
    "mse": 1.938,
    "multiclassification_loss": 0.0,
    "ortho_loss": 0.0,
    "pearson": 0.7319,
    "regression_loss": 1.9332,
    "rm2": 0.4887,
    "rmse": 1.3921,
    "sd": 1.3799,
    "spearman": 0.7343,
    "spectral_loss": 0.0
}
                              
Test Results: {
    "ci": 0.7712,
    "classification_loss": 0.0,
    "cluster_loss": 0.0,
    "mae": 1.0264,
    "mse": 1.8275,
    "multiclassification_loss": 0.0,
    "ortho_loss": 0.0,
    "pearson": 0.7338,
    "regression_loss": 1.8251,
    "rm2": 0.5212,
    "rmse": 1.3519,
    "sd": 1.3391,
    "spearman": 0.7316,
    "spectral_loss": 0.0
}
                              
                              
----------------------------------------
Epoch 046 with LR 0.000100: Model Results
----------------------------------------
Train MSE Loss: 0.2893, Train CLS Loss: 0.0000, Train MCLS Loss: 0.0000
Protein Cluster Region Loss - Ortho Loss: 0.0000, Cluster Loss: 0.0000
                              
Validation Results: {
    "ci": 0.7757,
    "classification_loss": 0.0,
    "cluster_loss": 0.0,
    "mae": 1.0467,
    "mse": 1.9346,
    "multiclassification_loss": 0.0,
    "ortho_loss": 0.0,
    "pearson": 0.7373,
    "regression_loss": 1.9295,
    "rm2": 0.4923,
    "rmse": 1.3909,
    "sd": 1.3679,
    "spearman": 0.7397,
    "spectral_loss": 0.0
}
                              
Test Results: {
    "ci": 0.7712,
    "classification_loss": 0.0,
    "cluster_loss": 0.0,
    "mae": 1.0264,
    "mse": 1.8275,
    "multiclassification_loss": 0.0,
    "ortho_loss": 0.0,
    "pearson": 0.7338,
    "regression_loss": 1.8251,
    "rm2": 0.5212,
    "rmse": 1.3519,
    "sd": 1.3391,
    "spearman": 0.7316,
    "spectral_loss": 0.0
}
                              
                              
----------------------------------------
Epoch 047 with LR 0.000100: Model Results
----------------------------------------
Train MSE Loss: 0.2819, Train CLS Loss: 0.0000, Train MCLS Loss: 0.0000
Protein Cluster Region Loss - Ortho Loss: 0.0000, Cluster Loss: 0.0000
                              
Validation Results: {
    "ci": 0.771,
    "classification_loss": 0.0,
    "cluster_loss": 0.0,
    "mae": 1.0552,
    "mse": 1.9835,
    "multiclassification_loss": 0.0,
    "ortho_loss": 0.0,
    "pearson": 0.7328,
    "regression_loss": 1.9783,
    "rm2": 0.4603,
    "rmse": 1.4084,
    "sd": 1.3778,
    "spearman": 0.7303,
    "spectral_loss": 0.0
}
                              
Test Results: {
    "ci": 0.7712,
    "classification_loss": 0.0,
    "cluster_loss": 0.0,
    "mae": 1.0264,
    "mse": 1.8275,
    "multiclassification_loss": 0.0,
    "ortho_loss": 0.0,
    "pearson": 0.7338,
    "regression_loss": 1.8251,
    "rm2": 0.5212,
    "rmse": 1.3519,
    "sd": 1.3391,
    "spearman": 0.7316,
    "spectral_loss": 0.0
}
                              
                              
----------------------------------------
Epoch 048 with LR 0.000100: Model Results
----------------------------------------
Train MSE Loss: 0.2785, Train CLS Loss: 0.0000, Train MCLS Loss: 0.0000
Protein Cluster Region Loss - Ortho Loss: 0.0000, Cluster Loss: 0.0000
                              
Validation Results: {
    "ci": 0.7721,
    "classification_loss": 0.0,
    "cluster_loss": 0.0,
    "mae": 1.0477,
    "mse": 1.9492,
    "multiclassification_loss": 0.0,
    "ortho_loss": 0.0,
    "pearson": 0.731,
    "regression_loss": 1.9441,
    "rm2": 0.4801,
    "rmse": 1.3961,
    "sd": 1.3817,
    "spearman": 0.7333,
    "spectral_loss": 0.0
}
                              
Test Results: {
    "ci": 0.7712,
    "classification_loss": 0.0,
    "cluster_loss": 0.0,
    "mae": 1.0264,
    "mse": 1.8275,
    "multiclassification_loss": 0.0,
    "ortho_loss": 0.0,
    "pearson": 0.7338,
    "regression_loss": 1.8251,
    "rm2": 0.5212,
    "rmse": 1.3519,
    "sd": 1.3391,
    "spearman": 0.7316,
    "spectral_loss": 0.0
}
                              
                              
----------------------------------------
Epoch 049 with LR 0.000100: Model Results
----------------------------------------
Train MSE Loss: 0.2680, Train CLS Loss: 0.0000, Train MCLS Loss: 0.0000
Protein Cluster Region Loss - Ortho Loss: 0.0000, Cluster Loss: 0.0000
                              
Validation Results: {
    "ci": 0.7676,
    "classification_loss": 0.0,
    "cluster_loss": 0.0,
    "mae": 1.0692,
    "mse": 2.0452,
    "multiclassification_loss": 0.0,
    "ortho_loss": 0.0,
    "pearson": 0.7247,
    "regression_loss": 2.0399,
    "rm2": 0.4422,
    "rmse": 1.4301,
    "sd": 1.3953,
    "spearman": 0.7244,
    "spectral_loss": 0.0
}
                              
Test Results: {
    "ci": 0.7712,
    "classification_loss": 0.0,
    "cluster_loss": 0.0,
    "mae": 1.0264,
    "mse": 1.8275,
    "multiclassification_loss": 0.0,
    "ortho_loss": 0.0,
    "pearson": 0.7338,
    "regression_loss": 1.8251,
    "rm2": 0.5212,
    "rmse": 1.3519,
    "sd": 1.3391,
    "spearman": 0.7316,
    "spectral_loss": 0.0
}
                              
                              
----------------------------------------
Epoch 050 with LR 0.000100: Model Results
----------------------------------------
Train MSE Loss: 0.2649, Train CLS Loss: 0.0000, Train MCLS Loss: 0.0000
Protein Cluster Region Loss - Ortho Loss: 0.0000, Cluster Loss: 0.0000
                              
Validation Results: {
    "ci": 0.7693,
    "classification_loss": 0.0,
    "cluster_loss": 0.0,
    "mae": 1.054,
    "mse": 1.9553,
    "multiclassification_loss": 0.0,
    "ortho_loss": 0.0,
    "pearson": 0.7305,
    "regression_loss": 1.9508,
    "rm2": 0.4832,
    "rmse": 1.3983,
    "sd": 1.3828,
    "spearman": 0.7266,
    "spectral_loss": 0.0
}
                              
Test Results: {
    "ci": 0.7712,
    "classification_loss": 0.0,
    "cluster_loss": 0.0,
    "mae": 1.0264,
    "mse": 1.8275,
    "multiclassification_loss": 0.0,
    "ortho_loss": 0.0,
    "pearson": 0.7338,
    "regression_loss": 1.8251,
    "rm2": 0.5212,
    "rmse": 1.3519,
    "sd": 1.3391,
    "spearman": 0.7316,
    "spectral_loss": 0.0
}
                              
                              
----------------------------------------
Epoch 051 with LR 0.000100: Model Results
----------------------------------------
Train MSE Loss: 0.2592, Train CLS Loss: 0.0000, Train MCLS Loss: 0.0000
Protein Cluster Region Loss - Ortho Loss: 0.0000, Cluster Loss: 0.0000
                              
Validation Results: {
    "ci": 0.7725,
    "classification_loss": 0.0,
    "cluster_loss": 0.0,
    "mae": 1.064,
    "mse": 1.9522,
    "multiclassification_loss": 0.0,
    "ortho_loss": 0.0,
    "pearson": 0.7348,
    "regression_loss": 1.9477,
    "rm2": 0.511,
    "rmse": 1.3972,
    "sd": 1.3734,
    "spearman": 0.7338,
    "spectral_loss": 0.0
}
                              
Test Results: {
    "ci": 0.7712,
    "classification_loss": 0.0,
    "cluster_loss": 0.0,
    "mae": 1.0264,
    "mse": 1.8275,
    "multiclassification_loss": 0.0,
    "ortho_loss": 0.0,
    "pearson": 0.7338,
    "regression_loss": 1.8251,
    "rm2": 0.5212,
    "rmse": 1.3519,
    "sd": 1.3391,
    "spearman": 0.7316,
    "spectral_loss": 0.0
}
                              
                              
----------------------------------------
Epoch 052 with LR 0.000100: Model Results
----------------------------------------
Train MSE Loss: 0.2636, Train CLS Loss: 0.0000, Train MCLS Loss: 0.0000
Protein Cluster Region Loss - Ortho Loss: 0.0000, Cluster Loss: 0.0000
                              
Validation Results: {
    "ci": 0.7719,
    "classification_loss": 0.0,
    "cluster_loss": 0.0,
    "mae": 1.0439,
    "mse": 1.9282,
    "multiclassification_loss": 0.0,
    "ortho_loss": 0.0,
    "pearson": 0.7339,
    "regression_loss": 1.9237,
    "rm2": 0.4907,
    "rmse": 1.3886,
    "sd": 1.3754,
    "spearman": 0.7312,
    "spectral_loss": 0.0
}
                              
Test Results: {
    "ci": 0.7712,
    "classification_loss": 0.0,
    "cluster_loss": 0.0,
    "mae": 1.0264,
    "mse": 1.8275,
    "multiclassification_loss": 0.0,
    "ortho_loss": 0.0,
    "pearson": 0.7338,
    "regression_loss": 1.8251,
    "rm2": 0.5212,
    "rmse": 1.3519,
    "sd": 1.3391,
    "spearman": 0.7316,
    "spectral_loss": 0.0
}
                              
                              
----------------------------------------
Epoch 053 with LR 0.000100: Model Results
----------------------------------------
Train MSE Loss: 0.2590, Train CLS Loss: 0.0000, Train MCLS Loss: 0.0000
Protein Cluster Region Loss - Ortho Loss: 0.0000, Cluster Loss: 0.0000
                              
Validation Results: {
    "ci": 0.7723,
    "classification_loss": 0.0,
    "cluster_loss": 0.0,
    "mae": 1.0516,
    "mse": 1.9601,
    "multiclassification_loss": 0.0,
    "ortho_loss": 0.0,
    "pearson": 0.7323,
    "regression_loss": 1.9551,
    "rm2": 0.4766,
    "rmse": 1.4,
    "sd": 1.3789,
    "spearman": 0.734,
    "spectral_loss": 0.0
}
                              
Test Results: {
    "ci": 0.7712,
    "classification_loss": 0.0,
    "cluster_loss": 0.0,
    "mae": 1.0264,
    "mse": 1.8275,
    "multiclassification_loss": 0.0,
    "ortho_loss": 0.0,
    "pearson": 0.7338,
    "regression_loss": 1.8251,
    "rm2": 0.5212,
    "rmse": 1.3519,
    "sd": 1.3391,
    "spearman": 0.7316,
    "spectral_loss": 0.0
}
                              
                              
----------------------------------------
Epoch 054 with LR 0.000100: Model Results
----------------------------------------
Train MSE Loss: 0.2526, Train CLS Loss: 0.0000, Train MCLS Loss: 0.0000
Protein Cluster Region Loss - Ortho Loss: 0.0000, Cluster Loss: 0.0000
                              
Validation Results: {
    "ci": 0.7721,
    "classification_loss": 0.0,
    "cluster_loss": 0.0,
    "mae": 1.0543,
    "mse": 1.9674,
    "multiclassification_loss": 0.0,
    "ortho_loss": 0.0,
    "pearson": 0.7324,
    "regression_loss": 1.9618,
    "rm2": 0.4701,
    "rmse": 1.4027,
    "sd": 1.3787,
    "spearman": 0.7326,
    "spectral_loss": 0.0
}
                              
Test Results: {
    "ci": 0.7712,
    "classification_loss": 0.0,
    "cluster_loss": 0.0,
    "mae": 1.0264,
    "mse": 1.8275,
    "multiclassification_loss": 0.0,
    "ortho_loss": 0.0,
    "pearson": 0.7338,
    "regression_loss": 1.8251,
    "rm2": 0.5212,
    "rmse": 1.3519,
    "sd": 1.3391,
    "spearman": 0.7316,
    "spectral_loss": 0.0
}
                              
                              
----------------------------------------
Epoch 055 with LR 0.000100: Model Results
----------------------------------------
Train MSE Loss: 0.2450, Train CLS Loss: 0.0000, Train MCLS Loss: 0.0000
Protein Cluster Region Loss - Ortho Loss: 0.0000, Cluster Loss: 0.0000
                              
Validation Results: {
    "ci": 0.7703,
    "classification_loss": 0.0,
    "cluster_loss": 0.0,
    "mae": 1.0568,
    "mse": 1.9688,
    "multiclassification_loss": 0.0,
    "ortho_loss": 0.0,
    "pearson": 0.7286,
    "regression_loss": 1.9641,
    "rm2": 0.4817,
    "rmse": 1.4032,
    "sd": 1.387,
    "spearman": 0.729,
    "spectral_loss": 0.0
}
                              
Test Results: {
    "ci": 0.7712,
    "classification_loss": 0.0,
    "cluster_loss": 0.0,
    "mae": 1.0264,
    "mse": 1.8275,
    "multiclassification_loss": 0.0,
    "ortho_loss": 0.0,
    "pearson": 0.7338,
    "regression_loss": 1.8251,
    "rm2": 0.5212,
    "rmse": 1.3519,
    "sd": 1.3391,
    "spearman": 0.7316,
    "spectral_loss": 0.0
}
                              
                              
----------------------------------------
Epoch 056 with LR 0.000100: Model Results
----------------------------------------
Train MSE Loss: 0.2457, Train CLS Loss: 0.0000, Train MCLS Loss: 0.0000
Protein Cluster Region Loss - Ortho Loss: 0.0000, Cluster Loss: 0.0000
                              
Validation Results: {
    "ci": 0.7734,
    "classification_loss": 0.0,
    "cluster_loss": 0.0,
    "mae": 1.0422,
    "mse": 1.9371,
    "multiclassification_loss": 0.0,
    "ortho_loss": 0.0,
    "pearson": 0.7338,
    "regression_loss": 1.9322,
    "rm2": 0.4848,
    "rmse": 1.3918,
    "sd": 1.3757,
    "spearman": 0.7351,
    "spectral_loss": 0.0
}
                              
Test Results: {
    "ci": 0.7712,
    "classification_loss": 0.0,
    "cluster_loss": 0.0,
    "mae": 1.0264,
    "mse": 1.8275,
    "multiclassification_loss": 0.0,
    "ortho_loss": 0.0,
    "pearson": 0.7338,
    "regression_loss": 1.8251,
    "rm2": 0.5212,
    "rmse": 1.3519,
    "sd": 1.3391,
    "spearman": 0.7316,
    "spectral_loss": 0.0
}
                              
                              
----------------------------------------
Epoch 057 with LR 0.000100: Model Results
----------------------------------------
Train MSE Loss: 0.2381, Train CLS Loss: 0.0000, Train MCLS Loss: 0.0000
Protein Cluster Region Loss - Ortho Loss: 0.0000, Cluster Loss: 0.0000
                              
Validation Results: {
    "ci": 0.7696,
    "classification_loss": 0.0,
    "cluster_loss": 0.0,
    "mae": 1.0569,
    "mse": 1.9562,
    "multiclassification_loss": 0.0,
    "ortho_loss": 0.0,
    "pearson": 0.7295,
    "regression_loss": 1.9516,
    "rm2": 0.4946,
    "rmse": 1.3987,
    "sd": 1.3849,
    "spearman": 0.7272,
    "spectral_loss": 0.0
}
                              
Test Results: {
    "ci": 0.7712,
    "classification_loss": 0.0,
    "cluster_loss": 0.0,
    "mae": 1.0264,
    "mse": 1.8275,
    "multiclassification_loss": 0.0,
    "ortho_loss": 0.0,
    "pearson": 0.7338,
    "regression_loss": 1.8251,
    "rm2": 0.5212,
    "rmse": 1.3519,
    "sd": 1.3391,
    "spearman": 0.7316,
    "spectral_loss": 0.0
}
                              
                              
----------------------------------------
Epoch 058 with LR 0.000100: Model Results
----------------------------------------
Train MSE Loss: 0.2278, Train CLS Loss: 0.0000, Train MCLS Loss: 0.0000
Protein Cluster Region Loss - Ortho Loss: 0.0000, Cluster Loss: 0.0000
                              
Validation Results: {
    "ci": 0.7719,
    "classification_loss": 0.0,
    "cluster_loss": 0.0,
    "mae": 1.0541,
    "mse": 1.9689,
    "multiclassification_loss": 0.0,
    "ortho_loss": 0.0,
    "pearson": 0.7311,
    "regression_loss": 1.9643,
    "rm2": 0.4734,
    "rmse": 1.4032,
    "sd": 1.3815,
    "spearman": 0.7327,
    "spectral_loss": 0.0
}
                              
Test Results: {
    "ci": 0.7712,
    "classification_loss": 0.0,
    "cluster_loss": 0.0,
    "mae": 1.0264,
    "mse": 1.8275,
    "multiclassification_loss": 0.0,
    "ortho_loss": 0.0,
    "pearson": 0.7338,
    "regression_loss": 1.8251,
    "rm2": 0.5212,
    "rmse": 1.3519,
    "sd": 1.3391,
    "spearman": 0.7316,
    "spectral_loss": 0.0
}
                              
                              
----------------------------------------
Epoch 059 with LR 0.000100: Model Results
----------------------------------------
Train MSE Loss: 0.2345, Train CLS Loss: 0.0000, Train MCLS Loss: 0.0000
Protein Cluster Region Loss - Ortho Loss: 0.0000, Cluster Loss: 0.0000
                              
Validation Results: {
    "ci": 0.7715,
    "classification_loss": 0.0,
    "cluster_loss": 0.0,
    "mae": 1.0537,
    "mse": 1.9572,
    "multiclassification_loss": 0.0,
    "ortho_loss": 0.0,
    "pearson": 0.7316,
    "regression_loss": 1.9523,
    "rm2": 0.4757,
    "rmse": 1.399,
    "sd": 1.3805,
    "spearman": 0.7328,
    "spectral_loss": 0.0
}
                              
Test Results: {
    "ci": 0.7712,
    "classification_loss": 0.0,
    "cluster_loss": 0.0,
    "mae": 1.0264,
    "mse": 1.8275,
    "multiclassification_loss": 0.0,
    "ortho_loss": 0.0,
    "pearson": 0.7338,
    "regression_loss": 1.8251,
    "rm2": 0.5212,
    "rmse": 1.3519,
    "sd": 1.3391,
    "spearman": 0.7316,
    "spectral_loss": 0.0
}
                              
                              
----------------------------------------
Epoch 060 with LR 0.000100: Model Results
----------------------------------------
Train MSE Loss: 0.2298, Train CLS Loss: 0.0000, Train MCLS Loss: 0.0000
Protein Cluster Region Loss - Ortho Loss: 0.0000, Cluster Loss: 0.0000
                              
Validation Results: {
    "ci": 0.771,
    "classification_loss": 0.0,
    "cluster_loss": 0.0,
    "mae": 1.0526,
    "mse": 1.9483,
    "multiclassification_loss": 0.0,
    "ortho_loss": 0.0,
    "pearson": 0.732,
    "regression_loss": 1.9429,
    "rm2": 0.4837,
    "rmse": 1.3958,
    "sd": 1.3795,
    "spearman": 0.7305,
    "spectral_loss": 0.0
}
                              
Test Results: {
    "ci": 0.7712,
    "classification_loss": 0.0,
    "cluster_loss": 0.0,
    "mae": 1.0264,
    "mse": 1.8275,
    "multiclassification_loss": 0.0,
    "ortho_loss": 0.0,
    "pearson": 0.7338,
    "regression_loss": 1.8251,
    "rm2": 0.5212,
    "rmse": 1.3519,
    "sd": 1.3391,
    "spearman": 0.7316,
    "spectral_loss": 0.0
}
                              
                              
----------------------------------------
Epoch 061 with LR 0.000100: Model Results
----------------------------------------
Train MSE Loss: 0.2215, Train CLS Loss: 0.0000, Train MCLS Loss: 0.0000
Protein Cluster Region Loss - Ortho Loss: 0.0000, Cluster Loss: 0.0000
                              
Validation Results: {
    "ci": 0.7723,
    "classification_loss": 0.0,
    "cluster_loss": 0.0,
    "mae": 1.0554,
    "mse": 1.979,
    "multiclassification_loss": 0.0,
    "ortho_loss": 0.0,
    "pearson": 0.7311,
    "regression_loss": 1.9733,
    "rm2": 0.4644,
    "rmse": 1.4068,
    "sd": 1.3816,
    "spearman": 0.7323,
    "spectral_loss": 0.0
}
                              
Test Results: {
    "ci": 0.7712,
    "classification_loss": 0.0,
    "cluster_loss": 0.0,
    "mae": 1.0264,
    "mse": 1.8275,
    "multiclassification_loss": 0.0,
    "ortho_loss": 0.0,
    "pearson": 0.7338,
    "regression_loss": 1.8251,
    "rm2": 0.5212,
    "rmse": 1.3519,
    "sd": 1.3391,
    "spearman": 0.7316,
    "spectral_loss": 0.0
}
                              
                              
----------------------------------------
Epoch 062 with LR 0.000100: Model Results
----------------------------------------
Train MSE Loss: 0.2218, Train CLS Loss: 0.0000, Train MCLS Loss: 0.0000
Protein Cluster Region Loss - Ortho Loss: 0.0000, Cluster Loss: 0.0000
                              
Validation Results: {
    "ci": 0.7679,
    "classification_loss": 0.0,
    "cluster_loss": 0.0,
    "mae": 1.0663,
    "mse": 2.0074,
    "multiclassification_loss": 0.0,
    "ortho_loss": 0.0,
    "pearson": 0.7262,
    "regression_loss": 2.002,
    "rm2": 0.4609,
    "rmse": 1.4168,
    "sd": 1.3921,
    "spearman": 0.7249,
    "spectral_loss": 0.0
}
                              
Test Results: {
    "ci": 0.7712,
    "classification_loss": 0.0,
    "cluster_loss": 0.0,
    "mae": 1.0264,
    "mse": 1.8275,
    "multiclassification_loss": 0.0,
    "ortho_loss": 0.0,
    "pearson": 0.7338,
    "regression_loss": 1.8251,
    "rm2": 0.5212,
    "rmse": 1.3519,
    "sd": 1.3391,
    "spearman": 0.7316,
    "spectral_loss": 0.0
}
                              
                              
----------------------------------------
Epoch 063 with LR 0.000100: Model Results
----------------------------------------
Train MSE Loss: 0.2098, Train CLS Loss: 0.0000, Train MCLS Loss: 0.0000
Protein Cluster Region Loss - Ortho Loss: 0.0000, Cluster Loss: 0.0000
                              
Validation Results: {
    "ci": 0.7728,
    "classification_loss": 0.0,
    "cluster_loss": 0.0,
    "mae": 1.0464,
    "mse": 1.9478,
    "multiclassification_loss": 0.0,
    "ortho_loss": 0.0,
    "pearson": 0.735,
    "regression_loss": 1.9426,
    "rm2": 0.4741,
    "rmse": 1.3956,
    "sd": 1.3729,
    "spearman": 0.7352,
    "spectral_loss": 0.0
}
                              
Test Results: {
    "ci": 0.7712,
    "classification_loss": 0.0,
    "cluster_loss": 0.0,
    "mae": 1.0264,
    "mse": 1.8275,
    "multiclassification_loss": 0.0,
    "ortho_loss": 0.0,
    "pearson": 0.7338,
    "regression_loss": 1.8251,
    "rm2": 0.5212,
    "rmse": 1.3519,
    "sd": 1.3391,
    "spearman": 0.7316,
    "spectral_loss": 0.0
}
                              
                              
----------------------------------------
Epoch 064 with LR 0.000100: Model Results
----------------------------------------
Train MSE Loss: 0.2132, Train CLS Loss: 0.0000, Train MCLS Loss: 0.0000
Protein Cluster Region Loss - Ortho Loss: 0.0000, Cluster Loss: 0.0000
                              
Validation Results: {
    "ci": 0.771,
    "classification_loss": 0.0,
    "cluster_loss": 0.0,
    "mae": 1.053,
    "mse": 1.9632,
    "multiclassification_loss": 0.0,
    "ortho_loss": 0.0,
    "pearson": 0.7314,
    "regression_loss": 1.958,
    "rm2": 0.4715,
    "rmse": 1.4012,
    "sd": 1.381,
    "spearman": 0.7306,
    "spectral_loss": 0.0
}
                              
Test Results: {
    "ci": 0.7712,
    "classification_loss": 0.0,
    "cluster_loss": 0.0,
    "mae": 1.0264,
    "mse": 1.8275,
    "multiclassification_loss": 0.0,
    "ortho_loss": 0.0,
    "pearson": 0.7338,
    "regression_loss": 1.8251,
    "rm2": 0.5212,
    "rmse": 1.3519,
    "sd": 1.3391,
    "spearman": 0.7316,
    "spectral_loss": 0.0
}
                              
                              
----------------------------------------
Epoch 065 with LR 0.000100: Model Results
----------------------------------------
Train MSE Loss: 0.2087, Train CLS Loss: 0.0000, Train MCLS Loss: 0.0000
Protein Cluster Region Loss - Ortho Loss: 0.0000, Cluster Loss: 0.0000
                              
Validation Results: {
    "ci": 0.7725,
    "classification_loss": 0.0,
    "cluster_loss": 0.0,
    "mae": 1.0465,
    "mse": 1.9624,
    "multiclassification_loss": 0.0,
    "ortho_loss": 0.0,
    "pearson": 0.7315,
    "regression_loss": 1.9568,
    "rm2": 0.4728,
    "rmse": 1.4008,
    "sd": 1.3807,
    "spearman": 0.7333,
    "spectral_loss": 0.0
}
                              
Test Results: {
    "ci": 0.7712,
    "classification_loss": 0.0,
    "cluster_loss": 0.0,
    "mae": 1.0264,
    "mse": 1.8275,
    "multiclassification_loss": 0.0,
    "ortho_loss": 0.0,
    "pearson": 0.7338,
    "regression_loss": 1.8251,
    "rm2": 0.5212,
    "rmse": 1.3519,
    "sd": 1.3391,
    "spearman": 0.7316,
    "spectral_loss": 0.0
}
                              
                              
----------------------------------------
Epoch 066 with LR 0.000100: Model Results
----------------------------------------
Train MSE Loss: 0.2025, Train CLS Loss: 0.0000, Train MCLS Loss: 0.0000
Protein Cluster Region Loss - Ortho Loss: 0.0000, Cluster Loss: 0.0000
                              
Validation Results: {
    "ci": 0.7724,
    "classification_loss": 0.0,
    "cluster_loss": 0.0,
    "mae": 1.0522,
    "mse": 1.9742,
    "multiclassification_loss": 0.0,
    "ortho_loss": 0.0,
    "pearson": 0.7318,
    "regression_loss": 1.9688,
    "rm2": 0.4668,
    "rmse": 1.4051,
    "sd": 1.38,
    "spearman": 0.7342,
    "spectral_loss": 0.0
}
                              
Test Results: {
    "ci": 0.7712,
    "classification_loss": 0.0,
    "cluster_loss": 0.0,
    "mae": 1.0264,
    "mse": 1.8275,
    "multiclassification_loss": 0.0,
    "ortho_loss": 0.0,
    "pearson": 0.7338,
    "regression_loss": 1.8251,
    "rm2": 0.5212,
    "rmse": 1.3519,
    "sd": 1.3391,
    "spearman": 0.7316,
    "spectral_loss": 0.0
}
                              
                              
----------------------------------------
Epoch 067 with LR 0.000100: Model Results
----------------------------------------
Train MSE Loss: 0.2176, Train CLS Loss: 0.0000, Train MCLS Loss: 0.0000
Protein Cluster Region Loss - Ortho Loss: 0.0000, Cluster Loss: 0.0000
                              
Validation Results: {
    "ci": 0.7721,
    "classification_loss": 0.0,
    "cluster_loss": 0.0,
    "mae": 1.053,
    "mse": 1.949,
    "multiclassification_loss": 0.0,
    "ortho_loss": 0.0,
    "pearson": 0.7323,
    "regression_loss": 1.9443,
    "rm2": 0.5093,
    "rmse": 1.3961,
    "sd": 1.3789,
    "spearman": 0.732,
    "spectral_loss": 0.0
}
                              
Test Results: {
    "ci": 0.7712,
    "classification_loss": 0.0,
    "cluster_loss": 0.0,
    "mae": 1.0264,
    "mse": 1.8275,
    "multiclassification_loss": 0.0,
    "ortho_loss": 0.0,
    "pearson": 0.7338,
    "regression_loss": 1.8251,
    "rm2": 0.5212,
    "rmse": 1.3519,
    "sd": 1.3391,
    "spearman": 0.7316,
    "spectral_loss": 0.0
}
                              
                              
----------------------------------------
Epoch 068 with LR 0.000100: Model Results
----------------------------------------
Train MSE Loss: 0.2040, Train CLS Loss: 0.0000, Train MCLS Loss: 0.0000
Protein Cluster Region Loss - Ortho Loss: 0.0000, Cluster Loss: 0.0000
                              
Validation Results: {
    "ci": 0.7726,
    "classification_loss": 0.0,
    "cluster_loss": 0.0,
    "mae": 1.0544,
    "mse": 1.9412,
    "multiclassification_loss": 0.0,
    "ortho_loss": 0.0,
    "pearson": 0.7324,
    "regression_loss": 1.9362,
    "rm2": 0.4854,
    "rmse": 1.3933,
    "sd": 1.3787,
    "spearman": 0.7351,
    "spectral_loss": 0.0
}
                              
Test Results: {
    "ci": 0.7712,
    "classification_loss": 0.0,
    "cluster_loss": 0.0,
    "mae": 1.0264,
    "mse": 1.8275,
    "multiclassification_loss": 0.0,
    "ortho_loss": 0.0,
    "pearson": 0.7338,
    "regression_loss": 1.8251,
    "rm2": 0.5212,
    "rmse": 1.3519,
    "sd": 1.3391,
    "spearman": 0.7316,
    "spectral_loss": 0.0
}
                              
                              
----------------------------------------
Epoch 069 with LR 0.000100: Model Results
----------------------------------------
Train MSE Loss: 0.2004, Train CLS Loss: 0.0000, Train MCLS Loss: 0.0000
Protein Cluster Region Loss - Ortho Loss: 0.0000, Cluster Loss: 0.0000
                              
Validation Results: {
    "ci": 0.7727,
    "classification_loss": 0.0,
    "cluster_loss": 0.0,
    "mae": 1.0513,
    "mse": 1.9431,
    "multiclassification_loss": 0.0,
    "ortho_loss": 0.0,
    "pearson": 0.7355,
    "regression_loss": 1.9379,
    "rm2": 0.4854,
    "rmse": 1.394,
    "sd": 1.3719,
    "spearman": 0.7343,
    "spectral_loss": 0.0
}
                              
Test Results: {
    "ci": 0.7712,
    "classification_loss": 0.0,
    "cluster_loss": 0.0,
    "mae": 1.0264,
    "mse": 1.8275,
    "multiclassification_loss": 0.0,
    "ortho_loss": 0.0,
    "pearson": 0.7338,
    "regression_loss": 1.8251,
    "rm2": 0.5212,
    "rmse": 1.3519,
    "sd": 1.3391,
    "spearman": 0.7316,
    "spectral_loss": 0.0
}
                              
                              
----------------------------------------
Epoch 070 with LR 0.000100: Model Results
----------------------------------------
Train MSE Loss: 0.1994, Train CLS Loss: 0.0000, Train MCLS Loss: 0.0000
Protein Cluster Region Loss - Ortho Loss: 0.0000, Cluster Loss: 0.0000
                              
Validation Results: {
    "ci": 0.7726,
    "classification_loss": 0.0,
    "cluster_loss": 0.0,
    "mae": 1.0535,
    "mse": 1.9686,
    "multiclassification_loss": 0.0,
    "ortho_loss": 0.0,
    "pearson": 0.7307,
    "regression_loss": 1.9631,
    "rm2": 0.4792,
    "rmse": 1.4031,
    "sd": 1.3823,
    "spearman": 0.7328,
    "spectral_loss": 0.0
}
                              
Test Results: {
    "ci": 0.7712,
    "classification_loss": 0.0,
    "cluster_loss": 0.0,
    "mae": 1.0264,
    "mse": 1.8275,
    "multiclassification_loss": 0.0,
    "ortho_loss": 0.0,
    "pearson": 0.7338,
    "regression_loss": 1.8251,
    "rm2": 0.5212,
    "rmse": 1.3519,
    "sd": 1.3391,
    "spearman": 0.7316,
    "spectral_loss": 0.0
}
                              
                              
----------------------------------------
Epoch 071 with LR 0.000100: Model Results
----------------------------------------
Train MSE Loss: 0.1967, Train CLS Loss: 0.0000, Train MCLS Loss: 0.0000
Protein Cluster Region Loss - Ortho Loss: 0.0000, Cluster Loss: 0.0000
                              
Validation Results: {
    "ci": 0.7714,
    "classification_loss": 0.0,
    "cluster_loss": 0.0,
    "mae": 1.0569,
    "mse": 1.972,
    "multiclassification_loss": 0.0,
    "ortho_loss": 0.0,
    "pearson": 0.7283,
    "regression_loss": 1.9665,
    "rm2": 0.4844,
    "rmse": 1.4043,
    "sd": 1.3877,
    "spearman": 0.731,
    "spectral_loss": 0.0
}
                              
Test Results: {
    "ci": 0.7712,
    "classification_loss": 0.0,
    "cluster_loss": 0.0,
    "mae": 1.0264,
    "mse": 1.8275,
    "multiclassification_loss": 0.0,
    "ortho_loss": 0.0,
    "pearson": 0.7338,
    "regression_loss": 1.8251,
    "rm2": 0.5212,
    "rmse": 1.3519,
    "sd": 1.3391,
    "spearman": 0.7316,
    "spectral_loss": 0.0
}
                              
                              
----------------------------------------
Epoch 072 with LR 0.000100: Model Results
----------------------------------------
Train MSE Loss: 0.1894, Train CLS Loss: 0.0000, Train MCLS Loss: 0.0000
Protein Cluster Region Loss - Ortho Loss: 0.0000, Cluster Loss: 0.0000
                              
Validation Results: {
    "ci": 0.775,
    "classification_loss": 0.0,
    "cluster_loss": 0.0,
    "mae": 1.0479,
    "mse": 1.9638,
    "multiclassification_loss": 0.0,
    "ortho_loss": 0.0,
    "pearson": 0.7353,
    "regression_loss": 1.9582,
    "rm2": 0.468,
    "rmse": 1.4013,
    "sd": 1.3723,
    "spearman": 0.7402,
    "spectral_loss": 0.0
}
                              
Test Results: {
    "ci": 0.7712,
    "classification_loss": 0.0,
    "cluster_loss": 0.0,
    "mae": 1.0264,
    "mse": 1.8275,
    "multiclassification_loss": 0.0,
    "ortho_loss": 0.0,
    "pearson": 0.7338,
    "regression_loss": 1.8251,
    "rm2": 0.5212,
    "rmse": 1.3519,
    "sd": 1.3391,
    "spearman": 0.7316,
    "spectral_loss": 0.0
}
                              
                              
----------------------------------------
Epoch 073 with LR 0.000100: Model Results
----------------------------------------
Train MSE Loss: 0.1931, Train CLS Loss: 0.0000, Train MCLS Loss: 0.0000
Protein Cluster Region Loss - Ortho Loss: 0.0000, Cluster Loss: 0.0000
                              
Validation Results: {
    "ci": 0.7764,
    "classification_loss": 0.0,
    "cluster_loss": 0.0,
    "mae": 1.0356,
    "mse": 1.9067,
    "multiclassification_loss": 0.0,
    "ortho_loss": 0.0,
    "pearson": 0.7389,
    "regression_loss": 1.9016,
    "rm2": 0.4906,
    "rmse": 1.3808,
    "sd": 1.3644,
    "spearman": 0.7424,
    "spectral_loss": 0.0
}
                              
Test Results: {
    "ci": 0.7712,
    "classification_loss": 0.0,
    "cluster_loss": 0.0,
    "mae": 1.0264,
    "mse": 1.8275,
    "multiclassification_loss": 0.0,
    "ortho_loss": 0.0,
    "pearson": 0.7338,
    "regression_loss": 1.8251,
    "rm2": 0.5212,
    "rmse": 1.3519,
    "sd": 1.3391,
    "spearman": 0.7316,
    "spectral_loss": 0.0
}
                              
                              
----------------------------------------
Epoch 074 with LR 0.000100: Model Results
----------------------------------------
Train MSE Loss: 0.1855, Train CLS Loss: 0.0000, Train MCLS Loss: 0.0000
Protein Cluster Region Loss - Ortho Loss: 0.0000, Cluster Loss: 0.0000
                              
Validation Results: {
    "ci": 0.7737,
    "classification_loss": 0.0,
    "cluster_loss": 0.0,
    "mae": 1.0506,
    "mse": 1.9446,
    "multiclassification_loss": 0.0,
    "ortho_loss": 0.0,
    "pearson": 0.7346,
    "regression_loss": 1.9391,
    "rm2": 0.4818,
    "rmse": 1.3945,
    "sd": 1.3738,
    "spearman": 0.7373,
    "spectral_loss": 0.0
}
                              
Test Results: {
    "ci": 0.7712,
    "classification_loss": 0.0,
    "cluster_loss": 0.0,
    "mae": 1.0264,
    "mse": 1.8275,
    "multiclassification_loss": 0.0,
    "ortho_loss": 0.0,
    "pearson": 0.7338,
    "regression_loss": 1.8251,
    "rm2": 0.5212,
    "rmse": 1.3519,
    "sd": 1.3391,
    "spearman": 0.7316,
    "spectral_loss": 0.0
}
                              
                              
----------------------------------------
Epoch 075 with LR 0.000100: Model Results
----------------------------------------
Train MSE Loss: 0.1916, Train CLS Loss: 0.0000, Train MCLS Loss: 0.0000
Protein Cluster Region Loss - Ortho Loss: 0.0000, Cluster Loss: 0.0000
                              
Validation Results: {
    "ci": 0.7748,
    "classification_loss": 0.0,
    "cluster_loss": 0.0,
    "mae": 1.0455,
    "mse": 1.9289,
    "multiclassification_loss": 0.0,
    "ortho_loss": 0.0,
    "pearson": 0.734,
    "regression_loss": 1.9236,
    "rm2": 0.4927,
    "rmse": 1.3889,
    "sd": 1.3753,
    "spearman": 0.7394,
    "spectral_loss": 0.0
}
                              
Test Results: {
    "ci": 0.7712,
    "classification_loss": 0.0,
    "cluster_loss": 0.0,
    "mae": 1.0264,
    "mse": 1.8275,
    "multiclassification_loss": 0.0,
    "ortho_loss": 0.0,
    "pearson": 0.7338,
    "regression_loss": 1.8251,
    "rm2": 0.5212,
    "rmse": 1.3519,
    "sd": 1.3391,
    "spearman": 0.7316,
    "spectral_loss": 0.0
}
                              
                              
----------------------------------------
Epoch 076 with LR 0.000100: Model Results
----------------------------------------
Train MSE Loss: 0.1819, Train CLS Loss: 0.0000, Train MCLS Loss: 0.0000
Protein Cluster Region Loss - Ortho Loss: 0.0000, Cluster Loss: 0.0000
                              
Validation Results: {
    "ci": 0.7768,
    "classification_loss": 0.0,
    "cluster_loss": 0.0,
    "mae": 1.0373,
    "mse": 1.9106,
    "multiclassification_loss": 0.0,
    "ortho_loss": 0.0,
    "pearson": 0.7408,
    "regression_loss": 1.9059,
    "rm2": 0.4852,
    "rmse": 1.3822,
    "sd": 1.3601,
    "spearman": 0.7418,
    "spectral_loss": 0.0
}
                              
Test Results: {
    "ci": 0.7712,
    "classification_loss": 0.0,
    "cluster_loss": 0.0,
    "mae": 1.0264,
    "mse": 1.8275,
    "multiclassification_loss": 0.0,
    "ortho_loss": 0.0,
    "pearson": 0.7338,
    "regression_loss": 1.8251,
    "rm2": 0.5212,
    "rmse": 1.3519,
    "sd": 1.3391,
    "spearman": 0.7316,
    "spectral_loss": 0.0
}
                              
                              
----------------------------------------
Epoch 077 with LR 0.000100: Model Results
----------------------------------------
Train MSE Loss: 0.1815, Train CLS Loss: 0.0000, Train MCLS Loss: 0.0000
Protein Cluster Region Loss - Ortho Loss: 0.0000, Cluster Loss: 0.0000
                              
Validation Results: {
    "ci": 0.774,
    "classification_loss": 0.0,
    "cluster_loss": 0.0,
    "mae": 1.045,
    "mse": 1.9213,
    "multiclassification_loss": 0.0,
    "ortho_loss": 0.0,
    "pearson": 0.7342,
    "regression_loss": 1.9168,
    "rm2": 0.4899,
    "rmse": 1.3861,
    "sd": 1.3747,
    "spearman": 0.7373,
    "spectral_loss": 0.0
}
                              
Test Results: {
    "ci": 0.7712,
    "classification_loss": 0.0,
    "cluster_loss": 0.0,
    "mae": 1.0264,
    "mse": 1.8275,
    "multiclassification_loss": 0.0,
    "ortho_loss": 0.0,
    "pearson": 0.7338,
    "regression_loss": 1.8251,
    "rm2": 0.5212,
    "rmse": 1.3519,
    "sd": 1.3391,
    "spearman": 0.7316,
    "spectral_loss": 0.0
}
                              
                              
----------------------------------------
Epoch 078 with LR 0.000100: Model Results
----------------------------------------
Train MSE Loss: 0.1732, Train CLS Loss: 0.0000, Train MCLS Loss: 0.0000
Protein Cluster Region Loss - Ortho Loss: 0.0000, Cluster Loss: 0.0000
                              
Validation Results: {
    "ci": 0.7753,
    "classification_loss": 0.0,
    "cluster_loss": 0.0,
    "mae": 1.0402,
    "mse": 1.9393,
    "multiclassification_loss": 0.0,
    "ortho_loss": 0.0,
    "pearson": 0.736,
    "regression_loss": 1.9343,
    "rm2": 0.479,
    "rmse": 1.3926,
    "sd": 1.3709,
    "spearman": 0.7403,
    "spectral_loss": 0.0
}
                              
Test Results: {
    "ci": 0.7712,
    "classification_loss": 0.0,
    "cluster_loss": 0.0,
    "mae": 1.0264,
    "mse": 1.8275,
    "multiclassification_loss": 0.0,
    "ortho_loss": 0.0,
    "pearson": 0.7338,
    "regression_loss": 1.8251,
    "rm2": 0.5212,
    "rmse": 1.3519,
    "sd": 1.3391,
    "spearman": 0.7316,
    "spectral_loss": 0.0
}
                              
                              
----------------------------------------
Epoch 079 with LR 0.000100: Model Results
----------------------------------------
Train MSE Loss: 0.1760, Train CLS Loss: 0.0000, Train MCLS Loss: 0.0000
Protein Cluster Region Loss - Ortho Loss: 0.0000, Cluster Loss: 0.0000
                              
Validation Results: {
    "ci": 0.7746,
    "classification_loss": 0.0,
    "cluster_loss": 0.0,
    "mae": 1.0431,
    "mse": 1.9626,
    "multiclassification_loss": 0.0,
    "ortho_loss": 0.0,
    "pearson": 0.7331,
    "regression_loss": 1.9573,
    "rm2": 0.4669,
    "rmse": 1.4009,
    "sd": 1.3771,
    "spearman": 0.738,
    "spectral_loss": 0.0
}
                              
Test Results: {
    "ci": 0.7712,
    "classification_loss": 0.0,
    "cluster_loss": 0.0,
    "mae": 1.0264,
    "mse": 1.8275,
    "multiclassification_loss": 0.0,
    "ortho_loss": 0.0,
    "pearson": 0.7338,
    "regression_loss": 1.8251,
    "rm2": 0.5212,
    "rmse": 1.3519,
    "sd": 1.3391,
    "spearman": 0.7316,
    "spectral_loss": 0.0
}
                              
                              
----------------------------------------
Epoch 080 with LR 0.000100: Model Results
----------------------------------------
Train MSE Loss: 0.1784, Train CLS Loss: 0.0000, Train MCLS Loss: 0.0000
Protein Cluster Region Loss - Ortho Loss: 0.0000, Cluster Loss: 0.0000
                              
Validation Results: {
    "ci": 0.7726,
    "classification_loss": 0.0,
    "cluster_loss": 0.0,
    "mae": 1.0496,
    "mse": 1.9768,
    "multiclassification_loss": 0.0,
    "ortho_loss": 0.0,
    "pearson": 0.73,
    "regression_loss": 1.9717,
    "rm2": 0.4825,
    "rmse": 1.406,
    "sd": 1.3839,
    "spearman": 0.7321,
    "spectral_loss": 0.0
}
                              
Test Results: {
    "ci": 0.7712,
    "classification_loss": 0.0,
    "cluster_loss": 0.0,
    "mae": 1.0264,
    "mse": 1.8275,
    "multiclassification_loss": 0.0,
    "ortho_loss": 0.0,
    "pearson": 0.7338,
    "regression_loss": 1.8251,
    "rm2": 0.5212,
    "rmse": 1.3519,
    "sd": 1.3391,
    "spearman": 0.7316,
    "spectral_loss": 0.0
}
                              
                              
----------------------------------------
Epoch 081 with LR 0.000100: Model Results
----------------------------------------
Train MSE Loss: 0.1677, Train CLS Loss: 0.0000, Train MCLS Loss: 0.0000
Protein Cluster Region Loss - Ortho Loss: 0.0000, Cluster Loss: 0.0000
                              
Validation Results: {
    "ci": 0.7758,
    "classification_loss": 0.0,
    "cluster_loss": 0.0,
    "mae": 1.0454,
    "mse": 1.9441,
    "multiclassification_loss": 0.0,
    "ortho_loss": 0.0,
    "pearson": 0.7379,
    "regression_loss": 1.939,
    "rm2": 0.4858,
    "rmse": 1.3943,
    "sd": 1.3667,
    "spearman": 0.7411,
    "spectral_loss": 0.0
}
                              
Test Results: {
    "ci": 0.7712,
    "classification_loss": 0.0,
    "cluster_loss": 0.0,
    "mae": 1.0264,
    "mse": 1.8275,
    "multiclassification_loss": 0.0,
    "ortho_loss": 0.0,
    "pearson": 0.7338,
    "regression_loss": 1.8251,
    "rm2": 0.5212,
    "rmse": 1.3519,
    "sd": 1.3391,
    "spearman": 0.7316,
    "spectral_loss": 0.0
}
                              
                              
----------------------------------------
Epoch 082 with LR 0.000100: Model Results
----------------------------------------
Train MSE Loss: 0.1705, Train CLS Loss: 0.0000, Train MCLS Loss: 0.0000
Protein Cluster Region Loss - Ortho Loss: 0.0000, Cluster Loss: 0.0000
                              
Validation Results: {
    "ci": 0.7761,
    "classification_loss": 0.0,
    "cluster_loss": 0.0,
    "mae": 1.0394,
    "mse": 1.9227,
    "multiclassification_loss": 0.0,
    "ortho_loss": 0.0,
    "pearson": 0.7385,
    "regression_loss": 1.9179,
    "rm2": 0.4917,
    "rmse": 1.3866,
    "sd": 1.3654,
    "spearman": 0.7416,
    "spectral_loss": 0.0
}
                              
Test Results: {
    "ci": 0.7712,
    "classification_loss": 0.0,
    "cluster_loss": 0.0,
    "mae": 1.0264,
    "mse": 1.8275,
    "multiclassification_loss": 0.0,
    "ortho_loss": 0.0,
    "pearson": 0.7338,
    "regression_loss": 1.8251,
    "rm2": 0.5212,
    "rmse": 1.3519,
    "sd": 1.3391,
    "spearman": 0.7316,
    "spectral_loss": 0.0
}
                              
                              
----------------------------------------
Epoch 083 with LR 0.000100: Model Results
----------------------------------------
Train MSE Loss: 0.1692, Train CLS Loss: 0.0000, Train MCLS Loss: 0.0000
Protein Cluster Region Loss - Ortho Loss: 0.0000, Cluster Loss: 0.0000
                              
Validation Results: {
    "ci": 0.7753,
    "classification_loss": 0.0,
    "cluster_loss": 0.0,
    "mae": 1.0433,
    "mse": 1.9466,
    "multiclassification_loss": 0.0,
    "ortho_loss": 0.0,
    "pearson": 0.7373,
    "regression_loss": 1.9416,
    "rm2": 0.4714,
    "rmse": 1.3952,
    "sd": 1.3679,
    "spearman": 0.74,
    "spectral_loss": 0.0
}
                              
Test Results: {
    "ci": 0.7712,
    "classification_loss": 0.0,
    "cluster_loss": 0.0,
    "mae": 1.0264,
    "mse": 1.8275,
    "multiclassification_loss": 0.0,
    "ortho_loss": 0.0,
    "pearson": 0.7338,
    "regression_loss": 1.8251,
    "rm2": 0.5212,
    "rmse": 1.3519,
    "sd": 1.3391,
    "spearman": 0.7316,
    "spectral_loss": 0.0
}
                              
                              
----------------------------------------
Epoch 084 with LR 0.000100: Model Results
----------------------------------------
Train MSE Loss: 0.1604, Train CLS Loss: 0.0000, Train MCLS Loss: 0.0000
Protein Cluster Region Loss - Ortho Loss: 0.0000, Cluster Loss: 0.0000
                              
Validation Results: {
    "ci": 0.7712,
    "classification_loss": 0.0,
    "cluster_loss": 0.0,
    "mae": 1.055,
    "mse": 1.967,
    "multiclassification_loss": 0.0,
    "ortho_loss": 0.0,
    "pearson": 0.7302,
    "regression_loss": 1.9619,
    "rm2": 0.47,
    "rmse": 1.4025,
    "sd": 1.3834,
    "spearman": 0.7313,
    "spectral_loss": 0.0
}
                              
Test Results: {
    "ci": 0.7712,
    "classification_loss": 0.0,
    "cluster_loss": 0.0,
    "mae": 1.0264,
    "mse": 1.8275,
    "multiclassification_loss": 0.0,
    "ortho_loss": 0.0,
    "pearson": 0.7338,
    "regression_loss": 1.8251,
    "rm2": 0.5212,
    "rmse": 1.3519,
    "sd": 1.3391,
    "spearman": 0.7316,
    "spectral_loss": 0.0
}
                              
                              
----------------------------------------
Epoch 085 with LR 0.000100: Model Results
----------------------------------------
Train MSE Loss: 0.1620, Train CLS Loss: 0.0000, Train MCLS Loss: 0.0000
Protein Cluster Region Loss - Ortho Loss: 0.0000, Cluster Loss: 0.0000
                              
Validation Results: {
    "ci": 0.7759,
    "classification_loss": 0.0,
    "cluster_loss": 0.0,
    "mae": 1.0412,
    "mse": 1.9248,
    "multiclassification_loss": 0.0,
    "ortho_loss": 0.0,
    "pearson": 0.7389,
    "regression_loss": 1.9196,
    "rm2": 0.4869,
    "rmse": 1.3874,
    "sd": 1.3644,
    "spearman": 0.7411,
    "spectral_loss": 0.0
}
                              
Test Results: {
    "ci": 0.7712,
    "classification_loss": 0.0,
    "cluster_loss": 0.0,
    "mae": 1.0264,
    "mse": 1.8275,
    "multiclassification_loss": 0.0,
    "ortho_loss": 0.0,
    "pearson": 0.7338,
    "regression_loss": 1.8251,
    "rm2": 0.5212,
    "rmse": 1.3519,
    "sd": 1.3391,
    "spearman": 0.7316,
    "spectral_loss": 0.0
}
                              
                              
----------------------------------------
Epoch 086 with LR 0.000100: Model Results
----------------------------------------
Train MSE Loss: 0.1536, Train CLS Loss: 0.0000, Train MCLS Loss: 0.0000
Protein Cluster Region Loss - Ortho Loss: 0.0000, Cluster Loss: 0.0000
                              
Validation Results: {
    "ci": 0.7762,
    "classification_loss": 0.0,
    "cluster_loss": 0.0,
    "mae": 1.0329,
    "mse": 1.9113,
    "multiclassification_loss": 0.0,
    "ortho_loss": 0.0,
    "pearson": 0.7389,
    "regression_loss": 1.906,
    "rm2": 0.4853,
    "rmse": 1.3825,
    "sd": 1.3644,
    "spearman": 0.7414,
    "spectral_loss": 0.0
}
                              
Test Results: {
    "ci": 0.7712,
    "classification_loss": 0.0,
    "cluster_loss": 0.0,
    "mae": 1.0264,
    "mse": 1.8275,
    "multiclassification_loss": 0.0,
    "ortho_loss": 0.0,
    "pearson": 0.7338,
    "regression_loss": 1.8251,
    "rm2": 0.5212,
    "rmse": 1.3519,
    "sd": 1.3391,
    "spearman": 0.7316,
    "spectral_loss": 0.0
}
                              
                              
----------------------------------------
Epoch 087 with LR 0.000100: Model Results
----------------------------------------
Train MSE Loss: 0.1573, Train CLS Loss: 0.0000, Train MCLS Loss: 0.0000
Protein Cluster Region Loss - Ortho Loss: 0.0000, Cluster Loss: 0.0000
                              
Validation Results: {
    "ci": 0.7757,
    "classification_loss": 0.0,
    "cluster_loss": 0.0,
    "mae": 1.0442,
    "mse": 1.9541,
    "multiclassification_loss": 0.0,
    "ortho_loss": 0.0,
    "pearson": 0.7358,
    "regression_loss": 1.9488,
    "rm2": 0.4747,
    "rmse": 1.3979,
    "sd": 1.3712,
    "spearman": 0.741,
    "spectral_loss": 0.0
}
                              
Test Results: {
    "ci": 0.7712,
    "classification_loss": 0.0,
    "cluster_loss": 0.0,
    "mae": 1.0264,
    "mse": 1.8275,
    "multiclassification_loss": 0.0,
    "ortho_loss": 0.0,
    "pearson": 0.7338,
    "regression_loss": 1.8251,
    "rm2": 0.5212,
    "rmse": 1.3519,
    "sd": 1.3391,
    "spearman": 0.7316,
    "spectral_loss": 0.0
}
                              
                              
----------------------------------------
Epoch 088 with LR 0.000100: Model Results
----------------------------------------
Train MSE Loss: 0.1530, Train CLS Loss: 0.0000, Train MCLS Loss: 0.0000
Protein Cluster Region Loss - Ortho Loss: 0.0000, Cluster Loss: 0.0000
                              
Validation Results: {
    "ci": 0.7725,
    "classification_loss": 0.0,
    "cluster_loss": 0.0,
    "mae": 1.0485,
    "mse": 1.9603,
    "multiclassification_loss": 0.0,
    "ortho_loss": 0.0,
    "pearson": 0.7308,
    "regression_loss": 1.9546,
    "rm2": 0.474,
    "rmse": 1.4001,
    "sd": 1.3821,
    "spearman": 0.734,
    "spectral_loss": 0.0
}
                              
Test Results: {
    "ci": 0.7712,
    "classification_loss": 0.0,
    "cluster_loss": 0.0,
    "mae": 1.0264,
    "mse": 1.8275,
    "multiclassification_loss": 0.0,
    "ortho_loss": 0.0,
    "pearson": 0.7338,
    "regression_loss": 1.8251,
    "rm2": 0.5212,
    "rmse": 1.3519,
    "sd": 1.3391,
    "spearman": 0.7316,
    "spectral_loss": 0.0
}
                              
                              
----------------------------------------
Epoch 089 with LR 0.000100: Model Results
----------------------------------------
Train MSE Loss: 0.1584, Train CLS Loss: 0.0000, Train MCLS Loss: 0.0000
Protein Cluster Region Loss - Ortho Loss: 0.0000, Cluster Loss: 0.0000
                              
Validation Results: {
    "ci": 0.7736,
    "classification_loss": 0.0,
    "cluster_loss": 0.0,
    "mae": 1.0516,
    "mse": 1.9568,
    "multiclassification_loss": 0.0,
    "ortho_loss": 0.0,
    "pearson": 0.7344,
    "regression_loss": 1.9512,
    "rm2": 0.4702,
    "rmse": 1.3989,
    "sd": 1.3742,
    "spearman": 0.7377,
    "spectral_loss": 0.0
}
                              
Test Results: {
    "ci": 0.7712,
    "classification_loss": 0.0,
    "cluster_loss": 0.0,
    "mae": 1.0264,
    "mse": 1.8275,
    "multiclassification_loss": 0.0,
    "ortho_loss": 0.0,
    "pearson": 0.7338,
    "regression_loss": 1.8251,
    "rm2": 0.5212,
    "rmse": 1.3519,
    "sd": 1.3391,
    "spearman": 0.7316,
    "spectral_loss": 0.0
}
                              
                              
----------------------------------------
Epoch 090 with LR 0.000100: Model Results
----------------------------------------
Train MSE Loss: 0.1539, Train CLS Loss: 0.0000, Train MCLS Loss: 0.0000
Protein Cluster Region Loss - Ortho Loss: 0.0000, Cluster Loss: 0.0000
                              
Validation Results: {
    "ci": 0.7722,
    "classification_loss": 0.0,
    "cluster_loss": 0.0,
    "mae": 1.0483,
    "mse": 1.972,
    "multiclassification_loss": 0.0,
    "ortho_loss": 0.0,
    "pearson": 0.7319,
    "regression_loss": 1.9669,
    "rm2": 0.4692,
    "rmse": 1.4043,
    "sd": 1.3797,
    "spearman": 0.7324,
    "spectral_loss": 0.0
}
                              
Test Results: {
    "ci": 0.7712,
    "classification_loss": 0.0,
    "cluster_loss": 0.0,
    "mae": 1.0264,
    "mse": 1.8275,
    "multiclassification_loss": 0.0,
    "ortho_loss": 0.0,
    "pearson": 0.7338,
    "regression_loss": 1.8251,
    "rm2": 0.5212,
    "rmse": 1.3519,
    "sd": 1.3391,
    "spearman": 0.7316,
    "spectral_loss": 0.0
}
                              
                              
----------------------------------------
Epoch 091 with LR 0.000100: Model Results
----------------------------------------
Train MSE Loss: 0.1509, Train CLS Loss: 0.0000, Train MCLS Loss: 0.0000
Protein Cluster Region Loss - Ortho Loss: 0.0000, Cluster Loss: 0.0000
                              
Validation Results: {
    "ci": 0.7746,
    "classification_loss": 0.0,
    "cluster_loss": 0.0,
    "mae": 1.0386,
    "mse": 1.9379,
    "multiclassification_loss": 0.0,
    "ortho_loss": 0.0,
    "pearson": 0.734,
    "regression_loss": 1.9333,
    "rm2": 0.4859,
    "rmse": 1.3921,
    "sd": 1.3752,
    "spearman": 0.737,
    "spectral_loss": 0.0
}
                              
Test Results: {
    "ci": 0.7712,
    "classification_loss": 0.0,
    "cluster_loss": 0.0,
    "mae": 1.0264,
    "mse": 1.8275,
    "multiclassification_loss": 0.0,
    "ortho_loss": 0.0,
    "pearson": 0.7338,
    "regression_loss": 1.8251,
    "rm2": 0.5212,
    "rmse": 1.3519,
    "sd": 1.3391,
    "spearman": 0.7316,
    "spectral_loss": 0.0
}
                              
                              
----------------------------------------
Epoch 092 with LR 0.000100: Model Results
----------------------------------------
Train MSE Loss: 0.1495, Train CLS Loss: 0.0000, Train MCLS Loss: 0.0000
Protein Cluster Region Loss - Ortho Loss: 0.0000, Cluster Loss: 0.0000
                              
Validation Results: {
    "ci": 0.7762,
    "classification_loss": 0.0,
    "cluster_loss": 0.0,
    "mae": 1.0376,
    "mse": 1.9124,
    "multiclassification_loss": 0.0,
    "ortho_loss": 0.0,
    "pearson": 0.7367,
    "regression_loss": 1.9079,
    "rm2": 0.4888,
    "rmse": 1.3829,
    "sd": 1.3693,
    "spearman": 0.7412,
    "spectral_loss": 0.0
}
                              
Test Results: {
    "ci": 0.7712,
    "classification_loss": 0.0,
    "cluster_loss": 0.0,
    "mae": 1.0264,
    "mse": 1.8275,
    "multiclassification_loss": 0.0,
    "ortho_loss": 0.0,
    "pearson": 0.7338,
    "regression_loss": 1.8251,
    "rm2": 0.5212,
    "rmse": 1.3519,
    "sd": 1.3391,
    "spearman": 0.7316,
    "spectral_loss": 0.0
}
                              
                              
----------------------------------------
Epoch 093 with LR 0.000100: Model Results
----------------------------------------
Train MSE Loss: 0.1492, Train CLS Loss: 0.0000, Train MCLS Loss: 0.0000
Protein Cluster Region Loss - Ortho Loss: 0.0000, Cluster Loss: 0.0000
                              
Validation Results: {
    "ci": 0.7765,
    "classification_loss": 0.0,
    "cluster_loss": 0.0,
    "mae": 1.0412,
    "mse": 1.9271,
    "multiclassification_loss": 0.0,
    "ortho_loss": 0.0,
    "pearson": 0.7387,
    "regression_loss": 1.922,
    "rm2": 0.4815,
    "rmse": 1.3882,
    "sd": 1.3648,
    "spearman": 0.7416,
    "spectral_loss": 0.0
}
                              
Test Results: {
    "ci": 0.7712,
    "classification_loss": 0.0,
    "cluster_loss": 0.0,
    "mae": 1.0264,
    "mse": 1.8275,
    "multiclassification_loss": 0.0,
    "ortho_loss": 0.0,
    "pearson": 0.7338,
    "regression_loss": 1.8251,
    "rm2": 0.5212,
    "rmse": 1.3519,
    "sd": 1.3391,
    "spearman": 0.7316,
    "spectral_loss": 0.0
}
                              
                              
----------------------------------------
Epoch 094 with LR 0.000100: Model Results
----------------------------------------
Train MSE Loss: 0.1423, Train CLS Loss: 0.0000, Train MCLS Loss: 0.0000
Protein Cluster Region Loss - Ortho Loss: 0.0000, Cluster Loss: 0.0000
                              
Validation Results: {
    "ci": 0.7768,
    "classification_loss": 0.0,
    "cluster_loss": 0.0,
    "mae": 1.0388,
    "mse": 1.9127,
    "multiclassification_loss": 0.0,
    "ortho_loss": 0.0,
    "pearson": 0.7397,
    "regression_loss": 1.9077,
    "rm2": 0.4848,
    "rmse": 1.383,
    "sd": 1.3627,
    "spearman": 0.7446,
    "spectral_loss": 0.0
}
                              
Test Results: {
    "ci": 0.7712,
    "classification_loss": 0.0,
    "cluster_loss": 0.0,
    "mae": 1.0264,
    "mse": 1.8275,
    "multiclassification_loss": 0.0,
    "ortho_loss": 0.0,
    "pearson": 0.7338,
    "regression_loss": 1.8251,
    "rm2": 0.5212,
    "rmse": 1.3519,
    "sd": 1.3391,
    "spearman": 0.7316,
    "spectral_loss": 0.0
}
                              
                              
----------------------------------------
Epoch 095 with LR 0.000100: Model Results
----------------------------------------
Train MSE Loss: 0.1426, Train CLS Loss: 0.0000, Train MCLS Loss: 0.0000
Protein Cluster Region Loss - Ortho Loss: 0.0000, Cluster Loss: 0.0000
                              
Validation Results: {
    "ci": 0.7732,
    "classification_loss": 0.0,
    "cluster_loss": 0.0,
    "mae": 1.048,
    "mse": 1.9623,
    "multiclassification_loss": 0.0,
    "ortho_loss": 0.0,
    "pearson": 0.7308,
    "regression_loss": 1.957,
    "rm2": 0.4767,
    "rmse": 1.4008,
    "sd": 1.3822,
    "spearman": 0.7361,
    "spectral_loss": 0.0
}
                              
Test Results: {
    "ci": 0.7712,
    "classification_loss": 0.0,
    "cluster_loss": 0.0,
    "mae": 1.0264,
    "mse": 1.8275,
    "multiclassification_loss": 0.0,
    "ortho_loss": 0.0,
    "pearson": 0.7338,
    "regression_loss": 1.8251,
    "rm2": 0.5212,
    "rmse": 1.3519,
    "sd": 1.3391,
    "spearman": 0.7316,
    "spectral_loss": 0.0
}
                              
                              
----------------------------------------
Epoch 096 with LR 0.000100: Model Results
----------------------------------------
Train MSE Loss: 0.1405, Train CLS Loss: 0.0000, Train MCLS Loss: 0.0000
Protein Cluster Region Loss - Ortho Loss: 0.0000, Cluster Loss: 0.0000
                              
Validation Results: {
    "ci": 0.7786,
    "classification_loss": 0.0,
    "cluster_loss": 0.0,
    "mae": 1.0346,
    "mse": 1.891,
    "multiclassification_loss": 0.0,
    "ortho_loss": 0.0,
    "pearson": 0.7428,
    "regression_loss": 1.8864,
    "rm2": 0.4976,
    "rmse": 1.3751,
    "sd": 1.3556,
    "spearman": 0.7473,
    "spectral_loss": 0.0
}
                              
Test Results: {
    "ci": 0.7721,
    "classification_loss": 0.0,
    "cluster_loss": 0.0,
    "mae": 1.0182,
    "mse": 1.8352,
    "multiclassification_loss": 0.0,
    "ortho_loss": 0.0,
    "pearson": 0.7349,
    "regression_loss": 1.8313,
    "rm2": 0.5055,
    "rmse": 1.3547,
    "sd": 1.3367,
    "spearman": 0.7332,
    "spectral_loss": 0.0
}
                              
                              
----------------------------------------
Epoch 097 with LR 0.000100: Model Results
----------------------------------------
Train MSE Loss: 0.1432, Train CLS Loss: 0.0000, Train MCLS Loss: 0.0000
Protein Cluster Region Loss - Ortho Loss: 0.0000, Cluster Loss: 0.0000
                              
Validation Results: {
    "ci": 0.7731,
    "classification_loss": 0.0,
    "cluster_loss": 0.0,
    "mae": 1.0502,
    "mse": 1.9312,
    "multiclassification_loss": 0.0,
    "ortho_loss": 0.0,
    "pearson": 0.7342,
    "regression_loss": 1.9264,
    "rm2": 0.4959,
    "rmse": 1.3897,
    "sd": 1.3747,
    "spearman": 0.7357,
    "spectral_loss": 0.0
}
                              
Test Results: {
    "ci": 0.7721,
    "classification_loss": 0.0,
    "cluster_loss": 0.0,
    "mae": 1.0182,
    "mse": 1.8352,
    "multiclassification_loss": 0.0,
    "ortho_loss": 0.0,
    "pearson": 0.7349,
    "regression_loss": 1.8313,
    "rm2": 0.5055,
    "rmse": 1.3547,
    "sd": 1.3367,
    "spearman": 0.7332,
    "spectral_loss": 0.0
}
                              
                              
----------------------------------------
Epoch 098 with LR 0.000100: Model Results
----------------------------------------
Train MSE Loss: 0.1387, Train CLS Loss: 0.0000, Train MCLS Loss: 0.0000
Protein Cluster Region Loss - Ortho Loss: 0.0000, Cluster Loss: 0.0000
                              
Validation Results: {
    "ci": 0.7757,
    "classification_loss": 0.0,
    "cluster_loss": 0.0,
    "mae": 1.0408,
    "mse": 1.9249,
    "multiclassification_loss": 0.0,
    "ortho_loss": 0.0,
    "pearson": 0.7367,
    "regression_loss": 1.9201,
    "rm2": 0.4834,
    "rmse": 1.3874,
    "sd": 1.3692,
    "spearman": 0.7413,
    "spectral_loss": 0.0
}
                              
Test Results: {
    "ci": 0.7721,
    "classification_loss": 0.0,
    "cluster_loss": 0.0,
    "mae": 1.0182,
    "mse": 1.8352,
    "multiclassification_loss": 0.0,
    "ortho_loss": 0.0,
    "pearson": 0.7349,
    "regression_loss": 1.8313,
    "rm2": 0.5055,
    "rmse": 1.3547,
    "sd": 1.3367,
    "spearman": 0.7332,
    "spectral_loss": 0.0
}
                              
                              
----------------------------------------
Epoch 099 with LR 0.000100: Model Results
----------------------------------------
Train MSE Loss: 0.1368, Train CLS Loss: 0.0000, Train MCLS Loss: 0.0000
Protein Cluster Region Loss - Ortho Loss: 0.0000, Cluster Loss: 0.0000
                              
Validation Results: {
    "ci": 0.7721,
    "classification_loss": 0.0,
    "cluster_loss": 0.0,
    "mae": 1.0544,
    "mse": 1.9531,
    "multiclassification_loss": 0.0,
    "ortho_loss": 0.0,
    "pearson": 0.7324,
    "regression_loss": 1.9482,
    "rm2": 0.4751,
    "rmse": 1.3975,
    "sd": 1.3788,
    "spearman": 0.7325,
    "spectral_loss": 0.0
}
                              
Test Results: {
    "ci": 0.7721,
    "classification_loss": 0.0,
    "cluster_loss": 0.0,
    "mae": 1.0182,
    "mse": 1.8352,
    "multiclassification_loss": 0.0,
    "ortho_loss": 0.0,
    "pearson": 0.7349,
    "regression_loss": 1.8313,
    "rm2": 0.5055,
    "rmse": 1.3547,
    "sd": 1.3367,
    "spearman": 0.7332,
    "spectral_loss": 0.0
}
                              
                              
----------------------------------------
Epoch 100 with LR 0.000100: Model Results
----------------------------------------
Train MSE Loss: 0.1392, Train CLS Loss: 0.0000, Train MCLS Loss: 0.0000
Protein Cluster Region Loss - Ortho Loss: 0.0000, Cluster Loss: 0.0000
                              
Validation Results: {
    "ci": 0.7709,
    "classification_loss": 0.0,
    "cluster_loss": 0.0,
    "mae": 1.0541,
    "mse": 1.9625,
    "multiclassification_loss": 0.0,
    "ortho_loss": 0.0,
    "pearson": 0.7298,
    "regression_loss": 1.9573,
    "rm2": 0.4787,
    "rmse": 1.4009,
    "sd": 1.3843,
    "spearman": 0.7309,
    "spectral_loss": 0.0
}
                              
Test Results: {
    "ci": 0.7721,
    "classification_loss": 0.0,
    "cluster_loss": 0.0,
    "mae": 1.0182,
    "mse": 1.8352,
    "multiclassification_loss": 0.0,
    "ortho_loss": 0.0,
    "pearson": 0.7349,
    "regression_loss": 1.8313,
    "rm2": 0.5055,
    "rmse": 1.3547,
    "sd": 1.3367,
    "spearman": 0.7332,
    "spectral_loss": 0.0
}
[best epoch] epoch=96, best_rmse=1.3751, lr_at_best=1.000e-04
                              
                              
----------------------------------------
Epoch 100 with LR 0.000100: Model Results
----------------------------------------
Train MSE Loss: 0.1392, Train CLS Loss: 0.0000, Train MCLS Loss: 0.0000
Protein Cluster Region Loss - Ortho Loss: 0.0000, Cluster Loss: 0.0000
                              
Validation Results: {
    "ci": 0.7709,
    "classification_loss": 0.0,
    "cluster_loss": 0.0,
    "mae": 1.0541,
    "mse": 1.9625,
    "multiclassification_loss": 0.0,
    "ortho_loss": 0.0,
    "pearson": 0.7298,
    "regression_loss": 1.9573,
    "rm2": 0.4787,
    "rmse": 1.4009,
    "sd": 1.3843,
    "spearman": 0.7309,
    "spectral_loss": 0.0
}
                              
Test Results: {
    "ci": 0.7721,
    "classification_loss": 0.0,
    "cluster_loss": 0.0,
    "mae": 1.0182,
    "mse": 1.8352,
    "multiclassification_loss": 0.0,
    "ortho_loss": 0.0,
    "pearson": 0.7349,
    "regression_loss": 1.8313,
    "rm2": 0.5055,
    "rmse": 1.3547,
    "sd": 1.3367,
    "spearman": 0.7332,
    "spectral_loss": 0.0
}
Final test metrics: rmse=1.3547, pearson=0.7349, r2_proxy(mse)=1.8352
Done. Predictions: /sc/arion/projects/DiseaseGeneCell/Huang_lab_project/wangcDrugRepoProject/TRACE_Kin_Results_v3/catpred_dataset/catpred_ki_ProteinCLIP_embedding_cold_drug/test_prediction_seed1.csv; checkpoint: /sc/arion/projects/DiseaseGeneCell/Huang_lab_project/wangcDrugRepoProject/TRACE_Kin_Results_v3/catpred_dataset/catpred_ki_ProteinCLIP_embedding_cold_drug/save_model_seed1/model.pt

==========================================
Array task 14/14: OK (catpred_ki_ProteinCLIP_embedding_cold_drug)
==========================================


PS:

Read file <242602773.14.stderr> for stderr output of this job.

