Sender: LSF System <lsfadmin@lg05e03>
Subject: Job 242614933[4]: <trace_kin_v3_s2[1-14]> in cluster <chimera> Done

Job <trace_kin_v3_s2[1-14]> was submitted from host <li04e01> by user <wangc40> in cluster <chimera> at Fri May  8 16:46:41 2026
Job was executed on host(s) <16*lg05e03>, in queue <gpu>, as user <wangc40> in cluster <chimera> at Fri May  8 16:46:43 2026
</hpc/users/wangc40> was used as the home directory.
</sc/arion/projects/DiseaseGeneCell/Huang_lab_project/wangcDrugRepoProject/TRACE-Kin> was used as the working directory.
Started at Fri May  8 16:46:43 2026
Terminated at Sat May  9 03:08:36 2026
Results reported at Sat May  9 03:08:36 2026

Your job looked like:

------------------------------------------------------------
# LSBATCH: User input
#!/bin/bash
#BSUB -J trace_kin_v3_s2[1-14]
#BSUB -P acc_DiseaseGeneCell
#BSUB -q gpu
#BSUB -R h100nvl
#BSUB -gpu num=1
#BSUB -n 16
#BSUB -R "rusage[mem=8000]"
#BSUB -R "span[hosts=1]"
#BSUB -W 48:00
#BSUB -o %J.%I.stdout
#BSUB -eo %J.%I.stderr
#BSUB -L /bin/bash

# =============================================================================
# TRACE-Kin v3 rerun — LSF job array
# =============================================================================
# Submit with:
#     bsub < training/run_v3_array.lsf
#
# Or chain off the smoke test (recommended):
#     bsub -w "done(<SMOKE_JOB_ID>)" < training/run_v3_array.lsf
#
# For the multi-seed ensemble (the paper config), submit additional seeds in
# parallel after the SEED=1 array completes (or alongside, as separate jobs):
#     SEED=2 bsub -J "trace_kin_v3_s2[1-14]" < training/run_v3_array.lsf
#     SEED=3 bsub -J "trace_kin_v3_s3[1-14]" < training/run_v3_array.lsf
# After all seeds finish, analysis/aggregate_results.py averages predictions
# across seeds before computing RMSE.
#
# LSF expands #BSUB -J trace_kin_v3[1-14] into 14 array tasks, each with a
# distinct ${LSB_JOBINDEX} in 1..14. The body looks up the per-index
# (dataset_source, dataset_name, pool_paths) tuple from the inline table below
# and invokes train_trace_kin.py with model_version=v3.
#
# The 14 tasks correspond to:
#   * 12 RF-gap targets (catalytic kinetics where v1 trails RF by 1.4%–8.7%)
#   * 2 Ki preservation guards (where v1 already wins, must not regress)
# =============================================================================

# --- Environment -------------------------------------------------------------
# Match the prologue of the proven-working PSICHIC LSFs verbatim — no
# `set -euo pipefail`. Mount Sinai's /etc/profile.d scripts return non-zero
# in places that aren't real errors, and errexit aborts the job before
# module + conda activation can complete.
ml purge
source ~/.bashrc
module load anaconda3/2024.06
source activate test
module load cuda/12.4.0

(... more ...)
------------------------------------------------------------

Successfully completed.

Resource usage summary:

    CPU time :                                   38276.00 sec.
    Max Memory :                                 49719 MB
    Average Memory :                             49407.62 MB
    Total Requested Memory :                     128000.00 MB
    Delta Memory :                               78281.00 MB
    Max Swap :                                   -
    Max Processes :                              4
    Max Threads :                                21
    Run time :                                   37313 sec.
    Turnaround time :                            37315 sec.

The output (if any) follows:

==========================================
TRACE-Kin v3 array task 4/14
==========================================
Date:        Fri May  8 16:46:47 EDT 2026
Dataset:     /sc/arion/projects/DiseaseGeneCell/Huang_lab_project/drug_discovery/output/data/enzyme_embeddings_dataset/MPEK_dataset/MPEK_kcat_ESMv1_embedding_cold_drug
Result:      /sc/arion/projects/DiseaseGeneCell/Huang_lab_project/wangcDrugRepoProject/TRACE_Kin_Results_v3/MPEK_dataset/MPEK_kcat_ESMv1_embedding_cold_drug
Config:      training/config_v3.json
Pool CSVs:   /sc/arion/projects/DiseaseGeneCell/Huang_lab_project/drug_discovery/output/data/enzyme_embeddings_dataset/EITLEM_dataset/EITLEM_kcat_ESMv1_embedding_cold_drug,/sc/arion/projects/DiseaseGeneCell/Huang_lab_project/drug_discovery/output/data/enzyme_embeddings_dataset/catpred_dataset/catpred_kcat_ESMv1_embedding_cold_drug
Model:       v3 (dual-head + learned gate)
Epochs:      100, batch=16, seed=2, lr=1e-4
==========================================
Python 3.12.2
Python: /sc/arion/work/wangc40/test-env/envs/test/bin/python
CUDA device: NVIDIA H100 80GB HBM3, sm_90
============================================================
TRACE-Kin training
============================================================
Datafolder:        /sc/arion/projects/DiseaseGeneCell/Huang_lab_project/drug_discovery/output/data/enzyme_embeddings_dataset/MPEK_dataset/MPEK_kcat_ESMv1_embedding_cold_drug
Result path:       /sc/arion/projects/DiseaseGeneCell/Huang_lab_project/wangcDrugRepoProject/TRACE_Kin_Results_v3/MPEK_dataset/MPEK_kcat_ESMv1_embedding_cold_drug
Config:            training/config_v3.json
Pool train CSVs:   /sc/arion/projects/DiseaseGeneCell/Huang_lab_project/drug_discovery/output/data/enzyme_embeddings_dataset/EITLEM_dataset/EITLEM_kcat_ESMv1_embedding_cold_drug,/sc/arion/projects/DiseaseGeneCell/Huang_lab_project/drug_discovery/output/data/enzyme_embeddings_dataset/catpred_dataset/catpred_kcat_ESMv1_embedding_cold_drug
============================================================
Loading primary train: /sc/arion/projects/DiseaseGeneCell/Huang_lab_project/drug_discovery/output/data/enzyme_embeddings_dataset/MPEK_dataset/MPEK_kcat_ESMv1_embedding_cold_drug/train.parquet
Loading primary test: /sc/arion/projects/DiseaseGeneCell/Huang_lab_project/drug_discovery/output/data/enzyme_embeddings_dataset/MPEK_dataset/MPEK_kcat_ESMv1_embedding_cold_drug/test.parquet
Loading primary val: /sc/arion/projects/DiseaseGeneCell/Huang_lab_project/drug_discovery/output/data/enzyme_embeddings_dataset/MPEK_dataset/MPEK_kcat_ESMv1_embedding_cold_drug/val.parquet
Pooling additional train from: /sc/arion/projects/DiseaseGeneCell/Huang_lab_project/drug_discovery/output/data/enzyme_embeddings_dataset/EITLEM_dataset/EITLEM_kcat_ESMv1_embedding_cold_drug/train.parquet
Pooling additional train from: /sc/arion/projects/DiseaseGeneCell/Huang_lab_project/drug_discovery/output/data/enzyme_embeddings_dataset/catpred_dataset/catpred_kcat_ESMv1_embedding_cold_drug/train.parquet
Pooled training set: 12810 -> 53545 rows from 2 extra dataset(s).
Detected prot_evo_channels = 1280
seq2feat: 16267 unique sequences.
model_version: v3, use_swa: False
Reusing protein cache: /sc/arion/projects/DiseaseGeneCell/Huang_lab_project/drug_discovery/output/data/enzyme_embeddings_dataset/MPEK_dataset/MPEK_kcat_ESMv1_embedding_cold_drug/protein.pt
Reusing ligand cache: /sc/arion/projects/DiseaseGeneCell/Huang_lab_project/drug_discovery/output/data/enzyme_embeddings_dataset/MPEK_dataset/MPEK_kcat_ESMv1_embedding_cold_drug/ligand.pt
loaders ready: train=3347 test=212 val=107
Built TraceKinV3 with 7,976,475 parameters
[LR schedule] schedule_lr=False, lrate=0.0001, min_lrate=0, warmup_iters=0, lr_decay_iters=334700, total_iters=334700
Not in terminal, reprint now using normal build-in print function.
                              
                              
----------------------------------------
Epoch 001 with LR 0.000100: Model Results
----------------------------------------
Train MSE Loss: 1.8166, Train CLS Loss: 0.0000, Train MCLS Loss: 0.0000
Protein Cluster Region Loss - Ortho Loss: 0.0000, Cluster Loss: 0.0000
                              
Validation Results: {
    "ci": 0.7094,
    "classification_loss": 0.0,
    "cluster_loss": 0.0,
    "mae": 0.8691,
    "mse": 1.383,
    "multiclassification_loss": 0.0,
    "ortho_loss": 0.0,
    "pearson": 0.5954,
    "regression_loss": 1.3709,
    "rm2": 0.3484,
    "rmse": 1.176,
    "sd": 1.1755,
    "spearman": 0.5867,
    "spectral_loss": 0.0
}
                              
Test Results: {
    "ci": 0.7078,
    "classification_loss": 0.0,
    "cluster_loss": 0.0,
    "mae": 0.9438,
    "mse": 1.4603,
    "multiclassification_loss": 0.0,
    "ortho_loss": 0.0,
    "pearson": 0.582,
    "regression_loss": 1.4606,
    "rm2": 0.318,
    "rmse": 1.2084,
    "sd": 1.1989,
    "spearman": 0.582,
    "spectral_loss": 0.0
}
                              
                              
----------------------------------------
Epoch 002 with LR 0.000100: Model Results
----------------------------------------
Train MSE Loss: 1.4273, Train CLS Loss: 0.0000, Train MCLS Loss: 0.0000
Protein Cluster Region Loss - Ortho Loss: 0.0000, Cluster Loss: 0.0000
                              
Validation Results: {
    "ci": 0.7349,
    "classification_loss": 0.0,
    "cluster_loss": 0.0,
    "mae": 0.8422,
    "mse": 1.3919,
    "multiclassification_loss": 0.0,
    "ortho_loss": 0.0,
    "pearson": 0.6449,
    "regression_loss": 1.3799,
    "rm2": 0.3477,
    "rmse": 1.1798,
    "sd": 1.1182,
    "spearman": 0.6465,
    "spectral_loss": 0.0
}
                              
Test Results: {
    "ci": 0.7078,
    "classification_loss": 0.0,
    "cluster_loss": 0.0,
    "mae": 0.9438,
    "mse": 1.4603,
    "multiclassification_loss": 0.0,
    "ortho_loss": 0.0,
    "pearson": 0.582,
    "regression_loss": 1.4606,
    "rm2": 0.318,
    "rmse": 1.2084,
    "sd": 1.1989,
    "spearman": 0.582,
    "spectral_loss": 0.0
}
                              
                              
----------------------------------------
Epoch 003 with LR 0.000100: Model Results
----------------------------------------
Train MSE Loss: 1.2175, Train CLS Loss: 0.0000, Train MCLS Loss: 0.0000
Protein Cluster Region Loss - Ortho Loss: 0.0000, Cluster Loss: 0.0000
                              
Validation Results: {
    "ci": 0.7531,
    "classification_loss": 0.0,
    "cluster_loss": 0.0,
    "mae": 0.7674,
    "mse": 1.1984,
    "multiclassification_loss": 0.0,
    "ortho_loss": 0.0,
    "pearson": 0.6785,
    "regression_loss": 1.1894,
    "rm2": 0.4217,
    "rmse": 1.0947,
    "sd": 1.0748,
    "spearman": 0.6826,
    "spectral_loss": 0.0
}
                              
Test Results: {
    "ci": 0.7411,
    "classification_loss": 0.0,
    "cluster_loss": 0.0,
    "mae": 0.8298,
    "mse": 1.2329,
    "multiclassification_loss": 0.0,
    "ortho_loss": 0.0,
    "pearson": 0.6606,
    "regression_loss": 1.2335,
    "rm2": 0.432,
    "rmse": 1.1104,
    "sd": 1.1069,
    "spearman": 0.6586,
    "spectral_loss": 0.0
}
                              
                              
----------------------------------------
Epoch 004 with LR 0.000100: Model Results
----------------------------------------
Train MSE Loss: 1.0819, Train CLS Loss: 0.0000, Train MCLS Loss: 0.0000
Protein Cluster Region Loss - Ortho Loss: 0.0000, Cluster Loss: 0.0000
                              
Validation Results: {
    "ci": 0.7605,
    "classification_loss": 0.0,
    "cluster_loss": 0.0,
    "mae": 0.7655,
    "mse": 1.2059,
    "multiclassification_loss": 0.0,
    "ortho_loss": 0.0,
    "pearson": 0.68,
    "regression_loss": 1.1983,
    "rm2": 0.4222,
    "rmse": 1.0981,
    "sd": 1.0728,
    "spearman": 0.7001,
    "spectral_loss": 0.0
}
                              
Test Results: {
    "ci": 0.7411,
    "classification_loss": 0.0,
    "cluster_loss": 0.0,
    "mae": 0.8298,
    "mse": 1.2329,
    "multiclassification_loss": 0.0,
    "ortho_loss": 0.0,
    "pearson": 0.6606,
    "regression_loss": 1.2335,
    "rm2": 0.432,
    "rmse": 1.1104,
    "sd": 1.1069,
    "spearman": 0.6586,
    "spectral_loss": 0.0
}
                              
                              
----------------------------------------
Epoch 005 with LR 0.000100: Model Results
----------------------------------------
Train MSE Loss: 0.9824, Train CLS Loss: 0.0000, Train MCLS Loss: 0.0000
Protein Cluster Region Loss - Ortho Loss: 0.0000, Cluster Loss: 0.0000
                              
Validation Results: {
    "ci": 0.7568,
    "classification_loss": 0.0,
    "cluster_loss": 0.0,
    "mae": 0.7595,
    "mse": 1.1723,
    "multiclassification_loss": 0.0,
    "ortho_loss": 0.0,
    "pearson": 0.6733,
    "regression_loss": 1.1621,
    "rm2": 0.4394,
    "rmse": 1.0827,
    "sd": 1.0818,
    "spearman": 0.6879,
    "spectral_loss": 0.0
}
                              
Test Results: {
    "ci": 0.7537,
    "classification_loss": 0.0,
    "cluster_loss": 0.0,
    "mae": 0.8018,
    "mse": 1.1534,
    "multiclassification_loss": 0.0,
    "ortho_loss": 0.0,
    "pearson": 0.6871,
    "regression_loss": 1.1533,
    "rm2": 0.4501,
    "rmse": 1.074,
    "sd": 1.0713,
    "spearman": 0.6861,
    "spectral_loss": 0.0
}
                              
                              
----------------------------------------
Epoch 006 with LR 0.000100: Model Results
----------------------------------------
Train MSE Loss: 0.9157, Train CLS Loss: 0.0000, Train MCLS Loss: 0.0000
Protein Cluster Region Loss - Ortho Loss: 0.0000, Cluster Loss: 0.0000
                              
Validation Results: {
    "ci": 0.775,
    "classification_loss": 0.0,
    "cluster_loss": 0.0,
    "mae": 0.7131,
    "mse": 1.0585,
    "multiclassification_loss": 0.0,
    "ortho_loss": 0.0,
    "pearson": 0.7128,
    "regression_loss": 1.0508,
    "rm2": 0.5032,
    "rmse": 1.0288,
    "sd": 1.0262,
    "spearman": 0.7275,
    "spectral_loss": 0.0
}
                              
Test Results: {
    "ci": 0.7538,
    "classification_loss": 0.0,
    "cluster_loss": 0.0,
    "mae": 0.8056,
    "mse": 1.1728,
    "multiclassification_loss": 0.0,
    "ortho_loss": 0.0,
    "pearson": 0.6883,
    "regression_loss": 1.1732,
    "rm2": 0.4279,
    "rmse": 1.083,
    "sd": 1.0695,
    "spearman": 0.6839,
    "spectral_loss": 0.0
}
                              
                              
----------------------------------------
Epoch 007 with LR 0.000100: Model Results
----------------------------------------
Train MSE Loss: 0.8551, Train CLS Loss: 0.0000, Train MCLS Loss: 0.0000
Protein Cluster Region Loss - Ortho Loss: 0.0000, Cluster Loss: 0.0000
                              
Validation Results: {
    "ci": 0.7813,
    "classification_loss": 0.0,
    "cluster_loss": 0.0,
    "mae": 0.6983,
    "mse": 1.0236,
    "multiclassification_loss": 0.0,
    "ortho_loss": 0.0,
    "pearson": 0.7329,
    "regression_loss": 1.0152,
    "rm2": 0.5004,
    "rmse": 1.0117,
    "sd": 0.9954,
    "spearman": 0.7433,
    "spectral_loss": 0.0
}
                              
Test Results: {
    "ci": 0.7599,
    "classification_loss": 0.0,
    "cluster_loss": 0.0,
    "mae": 0.767,
    "mse": 1.1291,
    "multiclassification_loss": 0.0,
    "ortho_loss": 0.0,
    "pearson": 0.7001,
    "regression_loss": 1.1289,
    "rm2": 0.4844,
    "rmse": 1.0626,
    "sd": 1.0528,
    "spearman": 0.696,
    "spectral_loss": 0.0
}
                              
                              
----------------------------------------
Epoch 008 with LR 0.000100: Model Results
----------------------------------------
Train MSE Loss: 0.8072, Train CLS Loss: 0.0000, Train MCLS Loss: 0.0000
Protein Cluster Region Loss - Ortho Loss: 0.0000, Cluster Loss: 0.0000
                              
Validation Results: {
    "ci": 0.7759,
    "classification_loss": 0.0,
    "cluster_loss": 0.0,
    "mae": 0.7069,
    "mse": 1.0731,
    "multiclassification_loss": 0.0,
    "ortho_loss": 0.0,
    "pearson": 0.7211,
    "regression_loss": 1.0654,
    "rm2": 0.4665,
    "rmse": 1.0359,
    "sd": 1.0138,
    "spearman": 0.732,
    "spectral_loss": 0.0
}
                              
Test Results: {
    "ci": 0.7599,
    "classification_loss": 0.0,
    "cluster_loss": 0.0,
    "mae": 0.767,
    "mse": 1.1291,
    "multiclassification_loss": 0.0,
    "ortho_loss": 0.0,
    "pearson": 0.7001,
    "regression_loss": 1.1289,
    "rm2": 0.4844,
    "rmse": 1.0626,
    "sd": 1.0528,
    "spearman": 0.696,
    "spectral_loss": 0.0
}
                              
                              
----------------------------------------
Epoch 009 with LR 0.000100: Model Results
----------------------------------------
Train MSE Loss: 0.7672, Train CLS Loss: 0.0000, Train MCLS Loss: 0.0000
Protein Cluster Region Loss - Ortho Loss: 0.0000, Cluster Loss: 0.0000
                              
Validation Results: {
    "ci": 0.7872,
    "classification_loss": 0.0,
    "cluster_loss": 0.0,
    "mae": 0.6782,
    "mse": 1.0,
    "multiclassification_loss": 0.0,
    "ortho_loss": 0.0,
    "pearson": 0.732,
    "regression_loss": 0.9938,
    "rm2": 0.5349,
    "rmse": 1.0,
    "sd": 0.9968,
    "spearman": 0.7518,
    "spectral_loss": 0.0
}
                              
Test Results: {
    "ci": 0.7677,
    "classification_loss": 0.0,
    "cluster_loss": 0.0,
    "mae": 0.7546,
    "mse": 1.083,
    "multiclassification_loss": 0.0,
    "ortho_loss": 0.0,
    "pearson": 0.7142,
    "regression_loss": 1.0832,
    "rm2": 0.4797,
    "rmse": 1.0407,
    "sd": 1.032,
    "spearman": 0.7132,
    "spectral_loss": 0.0
}
                              
                              
----------------------------------------
Epoch 010 with LR 0.000100: Model Results
----------------------------------------
Train MSE Loss: 0.7333, Train CLS Loss: 0.0000, Train MCLS Loss: 0.0000
Protein Cluster Region Loss - Ortho Loss: 0.0000, Cluster Loss: 0.0000
                              
Validation Results: {
    "ci": 0.7841,
    "classification_loss": 0.0,
    "cluster_loss": 0.0,
    "mae": 0.686,
    "mse": 1.0245,
    "multiclassification_loss": 0.0,
    "ortho_loss": 0.0,
    "pearson": 0.7292,
    "regression_loss": 1.0193,
    "rm2": 0.5098,
    "rmse": 1.0122,
    "sd": 1.0013,
    "spearman": 0.7481,
    "spectral_loss": 0.0
}
                              
Test Results: {
    "ci": 0.7677,
    "classification_loss": 0.0,
    "cluster_loss": 0.0,
    "mae": 0.7546,
    "mse": 1.083,
    "multiclassification_loss": 0.0,
    "ortho_loss": 0.0,
    "pearson": 0.7142,
    "regression_loss": 1.0832,
    "rm2": 0.4797,
    "rmse": 1.0407,
    "sd": 1.032,
    "spearman": 0.7132,
    "spectral_loss": 0.0
}
                              
                              
----------------------------------------
Epoch 011 with LR 0.000100: Model Results
----------------------------------------
Train MSE Loss: 0.7099, Train CLS Loss: 0.0000, Train MCLS Loss: 0.0000
Protein Cluster Region Loss - Ortho Loss: 0.0000, Cluster Loss: 0.0000
                              
Validation Results: {
    "ci": 0.7793,
    "classification_loss": 0.0,
    "cluster_loss": 0.0,
    "mae": 0.7035,
    "mse": 1.0601,
    "multiclassification_loss": 0.0,
    "ortho_loss": 0.0,
    "pearson": 0.7126,
    "regression_loss": 1.0576,
    "rm2": 0.4919,
    "rmse": 1.0296,
    "sd": 1.0265,
    "spearman": 0.7367,
    "spectral_loss": 0.0
}
                              
Test Results: {
    "ci": 0.7677,
    "classification_loss": 0.0,
    "cluster_loss": 0.0,
    "mae": 0.7546,
    "mse": 1.083,
    "multiclassification_loss": 0.0,
    "ortho_loss": 0.0,
    "pearson": 0.7142,
    "regression_loss": 1.0832,
    "rm2": 0.4797,
    "rmse": 1.0407,
    "sd": 1.032,
    "spearman": 0.7132,
    "spectral_loss": 0.0
}
                              
                              
----------------------------------------
Epoch 012 with LR 0.000100: Model Results
----------------------------------------
Train MSE Loss: 0.6823, Train CLS Loss: 0.0000, Train MCLS Loss: 0.0000
Protein Cluster Region Loss - Ortho Loss: 0.0000, Cluster Loss: 0.0000
                              
Validation Results: {
    "ci": 0.7882,
    "classification_loss": 0.0,
    "cluster_loss": 0.0,
    "mae": 0.6776,
    "mse": 1.0094,
    "multiclassification_loss": 0.0,
    "ortho_loss": 0.0,
    "pearson": 0.7452,
    "regression_loss": 1.0029,
    "rm2": 0.4859,
    "rmse": 1.0047,
    "sd": 0.9756,
    "spearman": 0.7561,
    "spectral_loss": 0.0
}
                              
Test Results: {
    "ci": 0.7677,
    "classification_loss": 0.0,
    "cluster_loss": 0.0,
    "mae": 0.7546,
    "mse": 1.083,
    "multiclassification_loss": 0.0,
    "ortho_loss": 0.0,
    "pearson": 0.7142,
    "regression_loss": 1.0832,
    "rm2": 0.4797,
    "rmse": 1.0407,
    "sd": 1.032,
    "spearman": 0.7132,
    "spectral_loss": 0.0
}
                              
                              
----------------------------------------
Epoch 013 with LR 0.000100: Model Results
----------------------------------------
Train MSE Loss: 0.6631, Train CLS Loss: 0.0000, Train MCLS Loss: 0.0000
Protein Cluster Region Loss - Ortho Loss: 0.0000, Cluster Loss: 0.0000
                              
Validation Results: {
    "ci": 0.785,
    "classification_loss": 0.0,
    "cluster_loss": 0.0,
    "mae": 0.6999,
    "mse": 1.0696,
    "multiclassification_loss": 0.0,
    "ortho_loss": 0.0,
    "pearson": 0.7303,
    "regression_loss": 1.063,
    "rm2": 0.4846,
    "rmse": 1.0342,
    "sd": 0.9994,
    "spearman": 0.7535,
    "spectral_loss": 0.0
}
                              
Test Results: {
    "ci": 0.7677,
    "classification_loss": 0.0,
    "cluster_loss": 0.0,
    "mae": 0.7546,
    "mse": 1.083,
    "multiclassification_loss": 0.0,
    "ortho_loss": 0.0,
    "pearson": 0.7142,
    "regression_loss": 1.0832,
    "rm2": 0.4797,
    "rmse": 1.0407,
    "sd": 1.032,
    "spearman": 0.7132,
    "spectral_loss": 0.0
}
                              
                              
----------------------------------------
Epoch 014 with LR 0.000100: Model Results
----------------------------------------
Train MSE Loss: 0.6427, Train CLS Loss: 0.0000, Train MCLS Loss: 0.0000
Protein Cluster Region Loss - Ortho Loss: 0.0000, Cluster Loss: 0.0000
                              
Validation Results: {
    "ci": 0.7864,
    "classification_loss": 0.0,
    "cluster_loss": 0.0,
    "mae": 0.6728,
    "mse": 1.0334,
    "multiclassification_loss": 0.0,
    "ortho_loss": 0.0,
    "pearson": 0.7274,
    "regression_loss": 1.0253,
    "rm2": 0.5092,
    "rmse": 1.0166,
    "sd": 1.004,
    "spearman": 0.7519,
    "spectral_loss": 0.0
}
                              
Test Results: {
    "ci": 0.7677,
    "classification_loss": 0.0,
    "cluster_loss": 0.0,
    "mae": 0.7546,
    "mse": 1.083,
    "multiclassification_loss": 0.0,
    "ortho_loss": 0.0,
    "pearson": 0.7142,
    "regression_loss": 1.0832,
    "rm2": 0.4797,
    "rmse": 1.0407,
    "sd": 1.032,
    "spearman": 0.7132,
    "spectral_loss": 0.0
}
                              
                              
----------------------------------------
Epoch 015 with LR 0.000100: Model Results
----------------------------------------
Train MSE Loss: 0.6234, Train CLS Loss: 0.0000, Train MCLS Loss: 0.0000
Protein Cluster Region Loss - Ortho Loss: 0.0000, Cluster Loss: 0.0000
                              
Validation Results: {
    "ci": 0.7843,
    "classification_loss": 0.0,
    "cluster_loss": 0.0,
    "mae": 0.673,
    "mse": 1.0329,
    "multiclassification_loss": 0.0,
    "ortho_loss": 0.0,
    "pearson": 0.7247,
    "regression_loss": 1.0338,
    "rm2": 0.4922,
    "rmse": 1.0163,
    "sd": 1.0082,
    "spearman": 0.7471,
    "spectral_loss": 0.0
}
                              
Test Results: {
    "ci": 0.7677,
    "classification_loss": 0.0,
    "cluster_loss": 0.0,
    "mae": 0.7546,
    "mse": 1.083,
    "multiclassification_loss": 0.0,
    "ortho_loss": 0.0,
    "pearson": 0.7142,
    "regression_loss": 1.0832,
    "rm2": 0.4797,
    "rmse": 1.0407,
    "sd": 1.032,
    "spearman": 0.7132,
    "spectral_loss": 0.0
}
                              
                              
----------------------------------------
Epoch 016 with LR 0.000100: Model Results
----------------------------------------
Train MSE Loss: 0.6140, Train CLS Loss: 0.0000, Train MCLS Loss: 0.0000
Protein Cluster Region Loss - Ortho Loss: 0.0000, Cluster Loss: 0.0000
                              
Validation Results: {
    "ci": 0.7946,
    "classification_loss": 0.0,
    "cluster_loss": 0.0,
    "mae": 0.6583,
    "mse": 0.9694,
    "multiclassification_loss": 0.0,
    "ortho_loss": 0.0,
    "pearson": 0.7455,
    "regression_loss": 0.9665,
    "rm2": 0.5456,
    "rmse": 0.9846,
    "sd": 0.9752,
    "spearman": 0.7652,
    "spectral_loss": 0.0
}
                              
Test Results: {
    "ci": 0.7778,
    "classification_loss": 0.0,
    "cluster_loss": 0.0,
    "mae": 0.7163,
    "mse": 1.0539,
    "multiclassification_loss": 0.0,
    "ortho_loss": 0.0,
    "pearson": 0.7298,
    "regression_loss": 1.0542,
    "rm2": 0.4955,
    "rmse": 1.0266,
    "sd": 1.008,
    "spearman": 0.7294,
    "spectral_loss": 0.0
}
                              
                              
----------------------------------------
Epoch 017 with LR 0.000100: Model Results
----------------------------------------
Train MSE Loss: 0.5979, Train CLS Loss: 0.0000, Train MCLS Loss: 0.0000
Protein Cluster Region Loss - Ortho Loss: 0.0000, Cluster Loss: 0.0000
                              
Validation Results: {
    "ci": 0.7928,
    "classification_loss": 0.0,
    "cluster_loss": 0.0,
    "mae": 0.6692,
    "mse": 0.9678,
    "multiclassification_loss": 0.0,
    "ortho_loss": 0.0,
    "pearson": 0.7443,
    "regression_loss": 0.964,
    "rm2": 0.5481,
    "rmse": 0.9838,
    "sd": 0.9771,
    "spearman": 0.7647,
    "spectral_loss": 0.0
}
                              
Test Results: {
    "ci": 0.7795,
    "classification_loss": 0.0,
    "cluster_loss": 0.0,
    "mae": 0.7194,
    "mse": 1.0333,
    "multiclassification_loss": 0.0,
    "ortho_loss": 0.0,
    "pearson": 0.7355,
    "regression_loss": 1.0336,
    "rm2": 0.491,
    "rmse": 1.0165,
    "sd": 0.9988,
    "spearman": 0.7345,
    "spectral_loss": 0.0
}
                              
                              
----------------------------------------
Epoch 018 with LR 0.000100: Model Results
----------------------------------------
Train MSE Loss: 0.5805, Train CLS Loss: 0.0000, Train MCLS Loss: 0.0000
Protein Cluster Region Loss - Ortho Loss: 0.0000, Cluster Loss: 0.0000
                              
Validation Results: {
    "ci": 0.7998,
    "classification_loss": 0.0,
    "cluster_loss": 0.0,
    "mae": 0.654,
    "mse": 0.9341,
    "multiclassification_loss": 0.0,
    "ortho_loss": 0.0,
    "pearson": 0.7579,
    "regression_loss": 0.9288,
    "rm2": 0.5611,
    "rmse": 0.9665,
    "sd": 0.9545,
    "spearman": 0.78,
    "spectral_loss": 0.0
}
                              
Test Results: {
    "ci": 0.7763,
    "classification_loss": 0.0,
    "cluster_loss": 0.0,
    "mae": 0.7249,
    "mse": 1.0546,
    "multiclassification_loss": 0.0,
    "ortho_loss": 0.0,
    "pearson": 0.7296,
    "regression_loss": 1.0547,
    "rm2": 0.5019,
    "rmse": 1.0269,
    "sd": 1.0083,
    "spearman": 0.7274,
    "spectral_loss": 0.0
}
                              
                              
----------------------------------------
Epoch 019 with LR 0.000100: Model Results
----------------------------------------
Train MSE Loss: 0.5717, Train CLS Loss: 0.0000, Train MCLS Loss: 0.0000
Protein Cluster Region Loss - Ortho Loss: 0.0000, Cluster Loss: 0.0000
                              
Validation Results: {
    "ci": 0.7949,
    "classification_loss": 0.0,
    "cluster_loss": 0.0,
    "mae": 0.6476,
    "mse": 0.9564,
    "multiclassification_loss": 0.0,
    "ortho_loss": 0.0,
    "pearson": 0.7455,
    "regression_loss": 0.9529,
    "rm2": 0.5353,
    "rmse": 0.978,
    "sd": 0.9752,
    "spearman": 0.768,
    "spectral_loss": 0.0
}
                              
Test Results: {
    "ci": 0.7763,
    "classification_loss": 0.0,
    "cluster_loss": 0.0,
    "mae": 0.7249,
    "mse": 1.0546,
    "multiclassification_loss": 0.0,
    "ortho_loss": 0.0,
    "pearson": 0.7296,
    "regression_loss": 1.0547,
    "rm2": 0.5019,
    "rmse": 1.0269,
    "sd": 1.0083,
    "spearman": 0.7274,
    "spectral_loss": 0.0
}
                              
                              
----------------------------------------
Epoch 020 with LR 0.000100: Model Results
----------------------------------------
Train MSE Loss: 0.5571, Train CLS Loss: 0.0000, Train MCLS Loss: 0.0000
Protein Cluster Region Loss - Ortho Loss: 0.0000, Cluster Loss: 0.0000
                              
Validation Results: {
    "ci": 0.7898,
    "classification_loss": 0.0,
    "cluster_loss": 0.0,
    "mae": 0.6637,
    "mse": 1.0071,
    "multiclassification_loss": 0.0,
    "ortho_loss": 0.0,
    "pearson": 0.7347,
    "regression_loss": 1.0016,
    "rm2": 0.5228,
    "rmse": 1.0035,
    "sd": 0.9926,
    "spearman": 0.7598,
    "spectral_loss": 0.0
}
                              
Test Results: {
    "ci": 0.7763,
    "classification_loss": 0.0,
    "cluster_loss": 0.0,
    "mae": 0.7249,
    "mse": 1.0546,
    "multiclassification_loss": 0.0,
    "ortho_loss": 0.0,
    "pearson": 0.7296,
    "regression_loss": 1.0547,
    "rm2": 0.5019,
    "rmse": 1.0269,
    "sd": 1.0083,
    "spearman": 0.7274,
    "spectral_loss": 0.0
}
                              
                              
----------------------------------------
Epoch 021 with LR 0.000100: Model Results
----------------------------------------
Train MSE Loss: 0.5494, Train CLS Loss: 0.0000, Train MCLS Loss: 0.0000
Protein Cluster Region Loss - Ortho Loss: 0.0000, Cluster Loss: 0.0000
                              
Validation Results: {
    "ci": 0.79,
    "classification_loss": 0.0,
    "cluster_loss": 0.0,
    "mae": 0.6552,
    "mse": 1.0266,
    "multiclassification_loss": 0.0,
    "ortho_loss": 0.0,
    "pearson": 0.7326,
    "regression_loss": 1.0196,
    "rm2": 0.4896,
    "rmse": 1.0132,
    "sd": 0.9959,
    "spearman": 0.7553,
    "spectral_loss": 0.0
}
                              
Test Results: {
    "ci": 0.7763,
    "classification_loss": 0.0,
    "cluster_loss": 0.0,
    "mae": 0.7249,
    "mse": 1.0546,
    "multiclassification_loss": 0.0,
    "ortho_loss": 0.0,
    "pearson": 0.7296,
    "regression_loss": 1.0547,
    "rm2": 0.5019,
    "rmse": 1.0269,
    "sd": 1.0083,
    "spearman": 0.7274,
    "spectral_loss": 0.0
}
                              
                              
----------------------------------------
Epoch 022 with LR 0.000100: Model Results
----------------------------------------
Train MSE Loss: 0.5387, Train CLS Loss: 0.0000, Train MCLS Loss: 0.0000
Protein Cluster Region Loss - Ortho Loss: 0.0000, Cluster Loss: 0.0000
                              
Validation Results: {
    "ci": 0.7889,
    "classification_loss": 0.0,
    "cluster_loss": 0.0,
    "mae": 0.6578,
    "mse": 1.0262,
    "multiclassification_loss": 0.0,
    "ortho_loss": 0.0,
    "pearson": 0.7268,
    "regression_loss": 1.0198,
    "rm2": 0.5173,
    "rmse": 1.013,
    "sd": 1.0049,
    "spearman": 0.7527,
    "spectral_loss": 0.0
}
                              
Test Results: {
    "ci": 0.7763,
    "classification_loss": 0.0,
    "cluster_loss": 0.0,
    "mae": 0.7249,
    "mse": 1.0546,
    "multiclassification_loss": 0.0,
    "ortho_loss": 0.0,
    "pearson": 0.7296,
    "regression_loss": 1.0547,
    "rm2": 0.5019,
    "rmse": 1.0269,
    "sd": 1.0083,
    "spearman": 0.7274,
    "spectral_loss": 0.0
}
                              
                              
----------------------------------------
Epoch 023 with LR 0.000100: Model Results
----------------------------------------
Train MSE Loss: 0.5306, Train CLS Loss: 0.0000, Train MCLS Loss: 0.0000
Protein Cluster Region Loss - Ortho Loss: 0.0000, Cluster Loss: 0.0000
                              
Validation Results: {
    "ci": 0.7936,
    "classification_loss": 0.0,
    "cluster_loss": 0.0,
    "mae": 0.684,
    "mse": 0.9943,
    "multiclassification_loss": 0.0,
    "ortho_loss": 0.0,
    "pearson": 0.7362,
    "regression_loss": 0.9916,
    "rm2": 0.4967,
    "rmse": 0.9971,
    "sd": 0.9903,
    "spearman": 0.7647,
    "spectral_loss": 0.0
}
                              
Test Results: {
    "ci": 0.7763,
    "classification_loss": 0.0,
    "cluster_loss": 0.0,
    "mae": 0.7249,
    "mse": 1.0546,
    "multiclassification_loss": 0.0,
    "ortho_loss": 0.0,
    "pearson": 0.7296,
    "regression_loss": 1.0547,
    "rm2": 0.5019,
    "rmse": 1.0269,
    "sd": 1.0083,
    "spearman": 0.7274,
    "spectral_loss": 0.0
}
                              
                              
----------------------------------------
Epoch 024 with LR 0.000100: Model Results
----------------------------------------
Train MSE Loss: 0.5230, Train CLS Loss: 0.0000, Train MCLS Loss: 0.0000
Protein Cluster Region Loss - Ortho Loss: 0.0000, Cluster Loss: 0.0000
                              
Validation Results: {
    "ci": 0.7955,
    "classification_loss": 0.0,
    "cluster_loss": 0.0,
    "mae": 0.6565,
    "mse": 0.9962,
    "multiclassification_loss": 0.0,
    "ortho_loss": 0.0,
    "pearson": 0.7455,
    "regression_loss": 0.9901,
    "rm2": 0.5063,
    "rmse": 0.9981,
    "sd": 0.9751,
    "spearman": 0.7703,
    "spectral_loss": 0.0
}
                              
Test Results: {
    "ci": 0.7763,
    "classification_loss": 0.0,
    "cluster_loss": 0.0,
    "mae": 0.7249,
    "mse": 1.0546,
    "multiclassification_loss": 0.0,
    "ortho_loss": 0.0,
    "pearson": 0.7296,
    "regression_loss": 1.0547,
    "rm2": 0.5019,
    "rmse": 1.0269,
    "sd": 1.0083,
    "spearman": 0.7274,
    "spectral_loss": 0.0
}
                              
                              
----------------------------------------
Epoch 025 with LR 0.000100: Model Results
----------------------------------------
Train MSE Loss: 0.5148, Train CLS Loss: 0.0000, Train MCLS Loss: 0.0000
Protein Cluster Region Loss - Ortho Loss: 0.0000, Cluster Loss: 0.0000
                              
Validation Results: {
    "ci": 0.7917,
    "classification_loss": 0.0,
    "cluster_loss": 0.0,
    "mae": 0.6616,
    "mse": 0.9995,
    "multiclassification_loss": 0.0,
    "ortho_loss": 0.0,
    "pearson": 0.7314,
    "regression_loss": 0.9997,
    "rm2": 0.5245,
    "rmse": 0.9997,
    "sd": 0.9978,
    "spearman": 0.7597,
    "spectral_loss": 0.0
}
                              
Test Results: {
    "ci": 0.7763,
    "classification_loss": 0.0,
    "cluster_loss": 0.0,
    "mae": 0.7249,
    "mse": 1.0546,
    "multiclassification_loss": 0.0,
    "ortho_loss": 0.0,
    "pearson": 0.7296,
    "regression_loss": 1.0547,
    "rm2": 0.5019,
    "rmse": 1.0269,
    "sd": 1.0083,
    "spearman": 0.7274,
    "spectral_loss": 0.0
}
                              
                              
----------------------------------------
Epoch 026 with LR 0.000100: Model Results
----------------------------------------
Train MSE Loss: 0.5105, Train CLS Loss: 0.0000, Train MCLS Loss: 0.0000
Protein Cluster Region Loss - Ortho Loss: 0.0000, Cluster Loss: 0.0000
                              
Validation Results: {
    "ci": 0.7883,
    "classification_loss": 0.0,
    "cluster_loss": 0.0,
    "mae": 0.6523,
    "mse": 1.0483,
    "multiclassification_loss": 0.0,
    "ortho_loss": 0.0,
    "pearson": 0.7246,
    "regression_loss": 1.0444,
    "rm2": 0.5019,
    "rmse": 1.0239,
    "sd": 1.0083,
    "spearman": 0.7475,
    "spectral_loss": 0.0
}
                              
Test Results: {
    "ci": 0.7763,
    "classification_loss": 0.0,
    "cluster_loss": 0.0,
    "mae": 0.7249,
    "mse": 1.0546,
    "multiclassification_loss": 0.0,
    "ortho_loss": 0.0,
    "pearson": 0.7296,
    "regression_loss": 1.0547,
    "rm2": 0.5019,
    "rmse": 1.0269,
    "sd": 1.0083,
    "spearman": 0.7274,
    "spectral_loss": 0.0
}
                              
                              
----------------------------------------
Epoch 027 with LR 0.000100: Model Results
----------------------------------------
Train MSE Loss: 0.5013, Train CLS Loss: 0.0000, Train MCLS Loss: 0.0000
Protein Cluster Region Loss - Ortho Loss: 0.0000, Cluster Loss: 0.0000
                              
Validation Results: {
    "ci": 0.795,
    "classification_loss": 0.0,
    "cluster_loss": 0.0,
    "mae": 0.6394,
    "mse": 0.9717,
    "multiclassification_loss": 0.0,
    "ortho_loss": 0.0,
    "pearson": 0.7448,
    "regression_loss": 0.9642,
    "rm2": 0.5267,
    "rmse": 0.9858,
    "sd": 0.9763,
    "spearman": 0.7687,
    "spectral_loss": 0.0
}
                              
Test Results: {
    "ci": 0.7763,
    "classification_loss": 0.0,
    "cluster_loss": 0.0,
    "mae": 0.7249,
    "mse": 1.0546,
    "multiclassification_loss": 0.0,
    "ortho_loss": 0.0,
    "pearson": 0.7296,
    "regression_loss": 1.0547,
    "rm2": 0.5019,
    "rmse": 1.0269,
    "sd": 1.0083,
    "spearman": 0.7274,
    "spectral_loss": 0.0
}
                              
                              
----------------------------------------
Epoch 028 with LR 0.000100: Model Results
----------------------------------------
Train MSE Loss: 0.4934, Train CLS Loss: 0.0000, Train MCLS Loss: 0.0000
Protein Cluster Region Loss - Ortho Loss: 0.0000, Cluster Loss: 0.0000
                              
Validation Results: {
    "ci": 0.7981,
    "classification_loss": 0.0,
    "cluster_loss": 0.0,
    "mae": 0.6533,
    "mse": 0.9487,
    "multiclassification_loss": 0.0,
    "ortho_loss": 0.0,
    "pearson": 0.7501,
    "regression_loss": 0.9435,
    "rm2": 0.5482,
    "rmse": 0.974,
    "sd": 0.9677,
    "spearman": 0.7737,
    "spectral_loss": 0.0
}
                              
Test Results: {
    "ci": 0.7763,
    "classification_loss": 0.0,
    "cluster_loss": 0.0,
    "mae": 0.7249,
    "mse": 1.0546,
    "multiclassification_loss": 0.0,
    "ortho_loss": 0.0,
    "pearson": 0.7296,
    "regression_loss": 1.0547,
    "rm2": 0.5019,
    "rmse": 1.0269,
    "sd": 1.0083,
    "spearman": 0.7274,
    "spectral_loss": 0.0
}
                              
                              
----------------------------------------
Epoch 029 with LR 0.000100: Model Results
----------------------------------------
Train MSE Loss: 0.4875, Train CLS Loss: 0.0000, Train MCLS Loss: 0.0000
Protein Cluster Region Loss - Ortho Loss: 0.0000, Cluster Loss: 0.0000
                              
Validation Results: {
    "ci": 0.7939,
    "classification_loss": 0.0,
    "cluster_loss": 0.0,
    "mae": 0.6514,
    "mse": 1.0219,
    "multiclassification_loss": 0.0,
    "ortho_loss": 0.0,
    "pearson": 0.74,
    "regression_loss": 1.0146,
    "rm2": 0.498,
    "rmse": 1.0109,
    "sd": 0.9841,
    "spearman": 0.7629,
    "spectral_loss": 0.0
}
                              
Test Results: {
    "ci": 0.7763,
    "classification_loss": 0.0,
    "cluster_loss": 0.0,
    "mae": 0.7249,
    "mse": 1.0546,
    "multiclassification_loss": 0.0,
    "ortho_loss": 0.0,
    "pearson": 0.7296,
    "regression_loss": 1.0547,
    "rm2": 0.5019,
    "rmse": 1.0269,
    "sd": 1.0083,
    "spearman": 0.7274,
    "spectral_loss": 0.0
}
                              
                              
----------------------------------------
Epoch 030 with LR 0.000100: Model Results
----------------------------------------
Train MSE Loss: 0.4841, Train CLS Loss: 0.0000, Train MCLS Loss: 0.0000
Protein Cluster Region Loss - Ortho Loss: 0.0000, Cluster Loss: 0.0000
                              
Validation Results: {
    "ci": 0.8009,
    "classification_loss": 0.0,
    "cluster_loss": 0.0,
    "mae": 0.6262,
    "mse": 0.9439,
    "multiclassification_loss": 0.0,
    "ortho_loss": 0.0,
    "pearson": 0.7526,
    "regression_loss": 0.9373,
    "rm2": 0.5451,
    "rmse": 0.9715,
    "sd": 0.9635,
    "spearman": 0.7787,
    "spectral_loss": 0.0
}
                              
Test Results: {
    "ci": 0.7763,
    "classification_loss": 0.0,
    "cluster_loss": 0.0,
    "mae": 0.7249,
    "mse": 1.0546,
    "multiclassification_loss": 0.0,
    "ortho_loss": 0.0,
    "pearson": 0.7296,
    "regression_loss": 1.0547,
    "rm2": 0.5019,
    "rmse": 1.0269,
    "sd": 1.0083,
    "spearman": 0.7274,
    "spectral_loss": 0.0
}
                              
                              
----------------------------------------
Epoch 031 with LR 0.000100: Model Results
----------------------------------------
Train MSE Loss: 0.4770, Train CLS Loss: 0.0000, Train MCLS Loss: 0.0000
Protein Cluster Region Loss - Ortho Loss: 0.0000, Cluster Loss: 0.0000
                              
Validation Results: {
    "ci": 0.8019,
    "classification_loss": 0.0,
    "cluster_loss": 0.0,
    "mae": 0.6351,
    "mse": 0.9458,
    "multiclassification_loss": 0.0,
    "ortho_loss": 0.0,
    "pearson": 0.7552,
    "regression_loss": 0.9401,
    "rm2": 0.5452,
    "rmse": 0.9725,
    "sd": 0.9591,
    "spearman": 0.781,
    "spectral_loss": 0.0
}
                              
Test Results: {
    "ci": 0.7763,
    "classification_loss": 0.0,
    "cluster_loss": 0.0,
    "mae": 0.7249,
    "mse": 1.0546,
    "multiclassification_loss": 0.0,
    "ortho_loss": 0.0,
    "pearson": 0.7296,
    "regression_loss": 1.0547,
    "rm2": 0.5019,
    "rmse": 1.0269,
    "sd": 1.0083,
    "spearman": 0.7274,
    "spectral_loss": 0.0
}
                              
                              
----------------------------------------
Epoch 032 with LR 0.000100: Model Results
----------------------------------------
Train MSE Loss: 0.4733, Train CLS Loss: 0.0000, Train MCLS Loss: 0.0000
Protein Cluster Region Loss - Ortho Loss: 0.0000, Cluster Loss: 0.0000
                              
Validation Results: {
    "ci": 0.7991,
    "classification_loss": 0.0,
    "cluster_loss": 0.0,
    "mae": 0.6266,
    "mse": 0.9587,
    "multiclassification_loss": 0.0,
    "ortho_loss": 0.0,
    "pearson": 0.7481,
    "regression_loss": 0.9514,
    "rm2": 0.543,
    "rmse": 0.9791,
    "sd": 0.971,
    "spearman": 0.7696,
    "spectral_loss": 0.0
}
                              
Test Results: {
    "ci": 0.7763,
    "classification_loss": 0.0,
    "cluster_loss": 0.0,
    "mae": 0.7249,
    "mse": 1.0546,
    "multiclassification_loss": 0.0,
    "ortho_loss": 0.0,
    "pearson": 0.7296,
    "regression_loss": 1.0547,
    "rm2": 0.5019,
    "rmse": 1.0269,
    "sd": 1.0083,
    "spearman": 0.7274,
    "spectral_loss": 0.0
}
                              
                              
----------------------------------------
Epoch 033 with LR 0.000100: Model Results
----------------------------------------
Train MSE Loss: 0.4679, Train CLS Loss: 0.0000, Train MCLS Loss: 0.0000
Protein Cluster Region Loss - Ortho Loss: 0.0000, Cluster Loss: 0.0000
                              
Validation Results: {
    "ci": 0.8,
    "classification_loss": 0.0,
    "cluster_loss": 0.0,
    "mae": 0.6354,
    "mse": 0.9473,
    "multiclassification_loss": 0.0,
    "ortho_loss": 0.0,
    "pearson": 0.7563,
    "regression_loss": 0.9402,
    "rm2": 0.5417,
    "rmse": 0.9733,
    "sd": 0.9572,
    "spearman": 0.7746,
    "spectral_loss": 0.0
}
                              
Test Results: {
    "ci": 0.7763,
    "classification_loss": 0.0,
    "cluster_loss": 0.0,
    "mae": 0.7249,
    "mse": 1.0546,
    "multiclassification_loss": 0.0,
    "ortho_loss": 0.0,
    "pearson": 0.7296,
    "regression_loss": 1.0547,
    "rm2": 0.5019,
    "rmse": 1.0269,
    "sd": 1.0083,
    "spearman": 0.7274,
    "spectral_loss": 0.0
}
                              
                              
----------------------------------------
Epoch 034 with LR 0.000100: Model Results
----------------------------------------
Train MSE Loss: 0.4627, Train CLS Loss: 0.0000, Train MCLS Loss: 0.0000
Protein Cluster Region Loss - Ortho Loss: 0.0000, Cluster Loss: 0.0000
                              
Validation Results: {
    "ci": 0.801,
    "classification_loss": 0.0,
    "cluster_loss": 0.0,
    "mae": 0.6321,
    "mse": 0.9443,
    "multiclassification_loss": 0.0,
    "ortho_loss": 0.0,
    "pearson": 0.75,
    "regression_loss": 0.9376,
    "rm2": 0.5531,
    "rmse": 0.9718,
    "sd": 0.9678,
    "spearman": 0.7765,
    "spectral_loss": 0.0
}
                              
Test Results: {
    "ci": 0.7763,
    "classification_loss": 0.0,
    "cluster_loss": 0.0,
    "mae": 0.7249,
    "mse": 1.0546,
    "multiclassification_loss": 0.0,
    "ortho_loss": 0.0,
    "pearson": 0.7296,
    "regression_loss": 1.0547,
    "rm2": 0.5019,
    "rmse": 1.0269,
    "sd": 1.0083,
    "spearman": 0.7274,
    "spectral_loss": 0.0
}
                              
                              
----------------------------------------
Epoch 035 with LR 0.000100: Model Results
----------------------------------------
Train MSE Loss: 0.4576, Train CLS Loss: 0.0000, Train MCLS Loss: 0.0000
Protein Cluster Region Loss - Ortho Loss: 0.0000, Cluster Loss: 0.0000
                              
Validation Results: {
    "ci": 0.7906,
    "classification_loss": 0.0,
    "cluster_loss": 0.0,
    "mae": 0.6479,
    "mse": 1.0457,
    "multiclassification_loss": 0.0,
    "ortho_loss": 0.0,
    "pearson": 0.73,
    "regression_loss": 1.0372,
    "rm2": 0.5005,
    "rmse": 1.0226,
    "sd": 1.0,
    "spearman": 0.7521,
    "spectral_loss": 0.0
}
                              
Test Results: {
    "ci": 0.7763,
    "classification_loss": 0.0,
    "cluster_loss": 0.0,
    "mae": 0.7249,
    "mse": 1.0546,
    "multiclassification_loss": 0.0,
    "ortho_loss": 0.0,
    "pearson": 0.7296,
    "regression_loss": 1.0547,
    "rm2": 0.5019,
    "rmse": 1.0269,
    "sd": 1.0083,
    "spearman": 0.7274,
    "spectral_loss": 0.0
}
                              
                              
----------------------------------------
Epoch 036 with LR 0.000100: Model Results
----------------------------------------
Train MSE Loss: 0.4541, Train CLS Loss: 0.0000, Train MCLS Loss: 0.0000
Protein Cluster Region Loss - Ortho Loss: 0.0000, Cluster Loss: 0.0000
                              
Validation Results: {
    "ci": 0.8019,
    "classification_loss": 0.0,
    "cluster_loss": 0.0,
    "mae": 0.6236,
    "mse": 0.9312,
    "multiclassification_loss": 0.0,
    "ortho_loss": 0.0,
    "pearson": 0.7579,
    "regression_loss": 0.9248,
    "rm2": 0.5542,
    "rmse": 0.965,
    "sd": 0.9546,
    "spearman": 0.7765,
    "spectral_loss": 0.0
}
                              
Test Results: {
    "ci": 0.7863,
    "classification_loss": 0.0,
    "cluster_loss": 0.0,
    "mae": 0.6855,
    "mse": 0.9781,
    "multiclassification_loss": 0.0,
    "ortho_loss": 0.0,
    "pearson": 0.7486,
    "regression_loss": 0.9787,
    "rm2": 0.5162,
    "rmse": 0.989,
    "sd": 0.9775,
    "spearman": 0.7441,
    "spectral_loss": 0.0
}
                              
                              
----------------------------------------
Epoch 037 with LR 0.000100: Model Results
----------------------------------------
Train MSE Loss: 0.4495, Train CLS Loss: 0.0000, Train MCLS Loss: 0.0000
Protein Cluster Region Loss - Ortho Loss: 0.0000, Cluster Loss: 0.0000
                              
Validation Results: {
    "ci": 0.8033,
    "classification_loss": 0.0,
    "cluster_loss": 0.0,
    "mae": 0.6208,
    "mse": 0.9412,
    "multiclassification_loss": 0.0,
    "ortho_loss": 0.0,
    "pearson": 0.7575,
    "regression_loss": 0.9341,
    "rm2": 0.5495,
    "rmse": 0.9702,
    "sd": 0.9551,
    "spearman": 0.778,
    "spectral_loss": 0.0
}
                              
Test Results: {
    "ci": 0.7863,
    "classification_loss": 0.0,
    "cluster_loss": 0.0,
    "mae": 0.6855,
    "mse": 0.9781,
    "multiclassification_loss": 0.0,
    "ortho_loss": 0.0,
    "pearson": 0.7486,
    "regression_loss": 0.9787,
    "rm2": 0.5162,
    "rmse": 0.989,
    "sd": 0.9775,
    "spearman": 0.7441,
    "spectral_loss": 0.0
}
                              
                              
----------------------------------------
Epoch 038 with LR 0.000100: Model Results
----------------------------------------
Train MSE Loss: 0.4479, Train CLS Loss: 0.0000, Train MCLS Loss: 0.0000
Protein Cluster Region Loss - Ortho Loss: 0.0000, Cluster Loss: 0.0000
                              
Validation Results: {
    "ci": 0.8039,
    "classification_loss": 0.0,
    "cluster_loss": 0.0,
    "mae": 0.6181,
    "mse": 0.9329,
    "multiclassification_loss": 0.0,
    "ortho_loss": 0.0,
    "pearson": 0.7547,
    "regression_loss": 0.925,
    "rm2": 0.5582,
    "rmse": 0.9659,
    "sd": 0.96,
    "spearman": 0.7833,
    "spectral_loss": 0.0
}
                              
Test Results: {
    "ci": 0.7863,
    "classification_loss": 0.0,
    "cluster_loss": 0.0,
    "mae": 0.6855,
    "mse": 0.9781,
    "multiclassification_loss": 0.0,
    "ortho_loss": 0.0,
    "pearson": 0.7486,
    "regression_loss": 0.9787,
    "rm2": 0.5162,
    "rmse": 0.989,
    "sd": 0.9775,
    "spearman": 0.7441,
    "spectral_loss": 0.0
}
                              
                              
----------------------------------------
Epoch 039 with LR 0.000100: Model Results
----------------------------------------
Train MSE Loss: 0.4414, Train CLS Loss: 0.0000, Train MCLS Loss: 0.0000
Protein Cluster Region Loss - Ortho Loss: 0.0000, Cluster Loss: 0.0000
                              
Validation Results: {
    "ci": 0.8036,
    "classification_loss": 0.0,
    "cluster_loss": 0.0,
    "mae": 0.6193,
    "mse": 0.939,
    "multiclassification_loss": 0.0,
    "ortho_loss": 0.0,
    "pearson": 0.7572,
    "regression_loss": 0.931,
    "rm2": 0.533,
    "rmse": 0.969,
    "sd": 0.9556,
    "spearman": 0.7815,
    "spectral_loss": 0.0
}
                              
Test Results: {
    "ci": 0.7863,
    "classification_loss": 0.0,
    "cluster_loss": 0.0,
    "mae": 0.6855,
    "mse": 0.9781,
    "multiclassification_loss": 0.0,
    "ortho_loss": 0.0,
    "pearson": 0.7486,
    "regression_loss": 0.9787,
    "rm2": 0.5162,
    "rmse": 0.989,
    "sd": 0.9775,
    "spearman": 0.7441,
    "spectral_loss": 0.0
}
                              
                              
----------------------------------------
Epoch 040 with LR 0.000100: Model Results
----------------------------------------
Train MSE Loss: 0.4377, Train CLS Loss: 0.0000, Train MCLS Loss: 0.0000
Protein Cluster Region Loss - Ortho Loss: 0.0000, Cluster Loss: 0.0000
                              
Validation Results: {
    "ci": 0.7973,
    "classification_loss": 0.0,
    "cluster_loss": 0.0,
    "mae": 0.6286,
    "mse": 0.9893,
    "multiclassification_loss": 0.0,
    "ortho_loss": 0.0,
    "pearson": 0.7404,
    "regression_loss": 0.9821,
    "rm2": 0.5215,
    "rmse": 0.9946,
    "sd": 0.9834,
    "spearman": 0.7665,
    "spectral_loss": 0.0
}
                              
Test Results: {
    "ci": 0.7863,
    "classification_loss": 0.0,
    "cluster_loss": 0.0,
    "mae": 0.6855,
    "mse": 0.9781,
    "multiclassification_loss": 0.0,
    "ortho_loss": 0.0,
    "pearson": 0.7486,
    "regression_loss": 0.9787,
    "rm2": 0.5162,
    "rmse": 0.989,
    "sd": 0.9775,
    "spearman": 0.7441,
    "spectral_loss": 0.0
}
                              
                              
----------------------------------------
Epoch 041 with LR 0.000100: Model Results
----------------------------------------
Train MSE Loss: 0.4341, Train CLS Loss: 0.0000, Train MCLS Loss: 0.0000
Protein Cluster Region Loss - Ortho Loss: 0.0000, Cluster Loss: 0.0000
                              
Validation Results: {
    "ci": 0.7947,
    "classification_loss": 0.0,
    "cluster_loss": 0.0,
    "mae": 0.6392,
    "mse": 1.0141,
    "multiclassification_loss": 0.0,
    "ortho_loss": 0.0,
    "pearson": 0.7335,
    "regression_loss": 1.0064,
    "rm2": 0.5134,
    "rmse": 1.007,
    "sd": 0.9945,
    "spearman": 0.7614,
    "spectral_loss": 0.0
}
                              
Test Results: {
    "ci": 0.7863,
    "classification_loss": 0.0,
    "cluster_loss": 0.0,
    "mae": 0.6855,
    "mse": 0.9781,
    "multiclassification_loss": 0.0,
    "ortho_loss": 0.0,
    "pearson": 0.7486,
    "regression_loss": 0.9787,
    "rm2": 0.5162,
    "rmse": 0.989,
    "sd": 0.9775,
    "spearman": 0.7441,
    "spectral_loss": 0.0
}
                              
                              
----------------------------------------
Epoch 042 with LR 0.000100: Model Results
----------------------------------------
Train MSE Loss: 0.4323, Train CLS Loss: 0.0000, Train MCLS Loss: 0.0000
Protein Cluster Region Loss - Ortho Loss: 0.0000, Cluster Loss: 0.0000
                              
Validation Results: {
    "ci": 0.8081,
    "classification_loss": 0.0,
    "cluster_loss": 0.0,
    "mae": 0.613,
    "mse": 0.9241,
    "multiclassification_loss": 0.0,
    "ortho_loss": 0.0,
    "pearson": 0.7646,
    "regression_loss": 0.916,
    "rm2": 0.5435,
    "rmse": 0.9613,
    "sd": 0.943,
    "spearman": 0.7883,
    "spectral_loss": 0.0
}
                              
Test Results: {
    "ci": 0.7908,
    "classification_loss": 0.0,
    "cluster_loss": 0.0,
    "mae": 0.6658,
    "mse": 0.9708,
    "multiclassification_loss": 0.0,
    "ortho_loss": 0.0,
    "pearson": 0.7576,
    "regression_loss": 0.9707,
    "rm2": 0.5675,
    "rmse": 0.9853,
    "sd": 0.9624,
    "spearman": 0.7519,
    "spectral_loss": 0.0
}
                              
                              
----------------------------------------
Epoch 043 with LR 0.000100: Model Results
----------------------------------------
Train MSE Loss: 0.4301, Train CLS Loss: 0.0000, Train MCLS Loss: 0.0000
Protein Cluster Region Loss - Ortho Loss: 0.0000, Cluster Loss: 0.0000
                              
Validation Results: {
    "ci": 0.8024,
    "classification_loss": 0.0,
    "cluster_loss": 0.0,
    "mae": 0.6232,
    "mse": 0.9568,
    "multiclassification_loss": 0.0,
    "ortho_loss": 0.0,
    "pearson": 0.75,
    "regression_loss": 0.9493,
    "rm2": 0.5424,
    "rmse": 0.9781,
    "sd": 0.9678,
    "spearman": 0.7762,
    "spectral_loss": 0.0
}
                              
Test Results: {
    "ci": 0.7908,
    "classification_loss": 0.0,
    "cluster_loss": 0.0,
    "mae": 0.6658,
    "mse": 0.9708,
    "multiclassification_loss": 0.0,
    "ortho_loss": 0.0,
    "pearson": 0.7576,
    "regression_loss": 0.9707,
    "rm2": 0.5675,
    "rmse": 0.9853,
    "sd": 0.9624,
    "spearman": 0.7519,
    "spectral_loss": 0.0
}
                              
                              
----------------------------------------
Epoch 044 with LR 0.000100: Model Results
----------------------------------------
Train MSE Loss: 0.4268, Train CLS Loss: 0.0000, Train MCLS Loss: 0.0000
Protein Cluster Region Loss - Ortho Loss: 0.0000, Cluster Loss: 0.0000
                              
Validation Results: {
    "ci": 0.8027,
    "classification_loss": 0.0,
    "cluster_loss": 0.0,
    "mae": 0.619,
    "mse": 0.9381,
    "multiclassification_loss": 0.0,
    "ortho_loss": 0.0,
    "pearson": 0.7514,
    "regression_loss": 0.9306,
    "rm2": 0.5582,
    "rmse": 0.9686,
    "sd": 0.9654,
    "spearman": 0.775,
    "spectral_loss": 0.0
}
                              
Test Results: {
    "ci": 0.7908,
    "classification_loss": 0.0,
    "cluster_loss": 0.0,
    "mae": 0.6658,
    "mse": 0.9708,
    "multiclassification_loss": 0.0,
    "ortho_loss": 0.0,
    "pearson": 0.7576,
    "regression_loss": 0.9707,
    "rm2": 0.5675,
    "rmse": 0.9853,
    "sd": 0.9624,
    "spearman": 0.7519,
    "spectral_loss": 0.0
}
                              
                              
----------------------------------------
Epoch 045 with LR 0.000100: Model Results
----------------------------------------
Train MSE Loss: 0.4244, Train CLS Loss: 0.0000, Train MCLS Loss: 0.0000
Protein Cluster Region Loss - Ortho Loss: 0.0000, Cluster Loss: 0.0000
                              
Validation Results: {
    "ci": 0.8042,
    "classification_loss": 0.0,
    "cluster_loss": 0.0,
    "mae": 0.617,
    "mse": 0.9674,
    "multiclassification_loss": 0.0,
    "ortho_loss": 0.0,
    "pearson": 0.7515,
    "regression_loss": 0.9602,
    "rm2": 0.5289,
    "rmse": 0.9836,
    "sd": 0.9653,
    "spearman": 0.7803,
    "spectral_loss": 0.0
}
                              
Test Results: {
    "ci": 0.7908,
    "classification_loss": 0.0,
    "cluster_loss": 0.0,
    "mae": 0.6658,
    "mse": 0.9708,
    "multiclassification_loss": 0.0,
    "ortho_loss": 0.0,
    "pearson": 0.7576,
    "regression_loss": 0.9707,
    "rm2": 0.5675,
    "rmse": 0.9853,
    "sd": 0.9624,
    "spearman": 0.7519,
    "spectral_loss": 0.0
}
                              
                              
----------------------------------------
Epoch 046 with LR 0.000100: Model Results
----------------------------------------
Train MSE Loss: 0.4205, Train CLS Loss: 0.0000, Train MCLS Loss: 0.0000
Protein Cluster Region Loss - Ortho Loss: 0.0000, Cluster Loss: 0.0000
                              
Validation Results: {
    "ci": 0.8022,
    "classification_loss": 0.0,
    "cluster_loss": 0.0,
    "mae": 0.6214,
    "mse": 0.9644,
    "multiclassification_loss": 0.0,
    "ortho_loss": 0.0,
    "pearson": 0.7485,
    "regression_loss": 0.958,
    "rm2": 0.5433,
    "rmse": 0.982,
    "sd": 0.9703,
    "spearman": 0.7766,
    "spectral_loss": 0.0
}
                              
Test Results: {
    "ci": 0.7908,
    "classification_loss": 0.0,
    "cluster_loss": 0.0,
    "mae": 0.6658,
    "mse": 0.9708,
    "multiclassification_loss": 0.0,
    "ortho_loss": 0.0,
    "pearson": 0.7576,
    "regression_loss": 0.9707,
    "rm2": 0.5675,
    "rmse": 0.9853,
    "sd": 0.9624,
    "spearman": 0.7519,
    "spectral_loss": 0.0
}
                              
                              
----------------------------------------
Epoch 047 with LR 0.000100: Model Results
----------------------------------------
Train MSE Loss: 0.4165, Train CLS Loss: 0.0000, Train MCLS Loss: 0.0000
Protein Cluster Region Loss - Ortho Loss: 0.0000, Cluster Loss: 0.0000
                              
Validation Results: {
    "ci": 0.8057,
    "classification_loss": 0.0,
    "cluster_loss": 0.0,
    "mae": 0.6147,
    "mse": 0.9073,
    "multiclassification_loss": 0.0,
    "ortho_loss": 0.0,
    "pearson": 0.7611,
    "regression_loss": 0.8997,
    "rm2": 0.5778,
    "rmse": 0.9525,
    "sd": 0.949,
    "spearman": 0.7853,
    "spectral_loss": 0.0
}
                              
Test Results: {
    "ci": 0.7895,
    "classification_loss": 0.0,
    "cluster_loss": 0.0,
    "mae": 0.6722,
    "mse": 0.97,
    "multiclassification_loss": 0.0,
    "ortho_loss": 0.0,
    "pearson": 0.7531,
    "regression_loss": 0.9706,
    "rm2": 0.5216,
    "rmse": 0.9849,
    "sd": 0.9701,
    "spearman": 0.7488,
    "spectral_loss": 0.0
}
                              
                              
----------------------------------------
Epoch 048 with LR 0.000100: Model Results
----------------------------------------
Train MSE Loss: 0.4154, Train CLS Loss: 0.0000, Train MCLS Loss: 0.0000
Protein Cluster Region Loss - Ortho Loss: 0.0000, Cluster Loss: 0.0000
                              
Validation Results: {
    "ci": 0.8065,
    "classification_loss": 0.0,
    "cluster_loss": 0.0,
    "mae": 0.6148,
    "mse": 0.9364,
    "multiclassification_loss": 0.0,
    "ortho_loss": 0.0,
    "pearson": 0.7572,
    "regression_loss": 0.9287,
    "rm2": 0.5397,
    "rmse": 0.9677,
    "sd": 0.9557,
    "spearman": 0.7874,
    "spectral_loss": 0.0
}
                              
Test Results: {
    "ci": 0.7895,
    "classification_loss": 0.0,
    "cluster_loss": 0.0,
    "mae": 0.6722,
    "mse": 0.97,
    "multiclassification_loss": 0.0,
    "ortho_loss": 0.0,
    "pearson": 0.7531,
    "regression_loss": 0.9706,
    "rm2": 0.5216,
    "rmse": 0.9849,
    "sd": 0.9701,
    "spearman": 0.7488,
    "spectral_loss": 0.0
}
                              
                              
----------------------------------------
Epoch 049 with LR 0.000100: Model Results
----------------------------------------
Train MSE Loss: 0.4139, Train CLS Loss: 0.0000, Train MCLS Loss: 0.0000
Protein Cluster Region Loss - Ortho Loss: 0.0000, Cluster Loss: 0.0000
                              
Validation Results: {
    "ci": 0.8016,
    "classification_loss": 0.0,
    "cluster_loss": 0.0,
    "mae": 0.6164,
    "mse": 0.9458,
    "multiclassification_loss": 0.0,
    "ortho_loss": 0.0,
    "pearson": 0.7503,
    "regression_loss": 0.9384,
    "rm2": 0.5623,
    "rmse": 0.9725,
    "sd": 0.9673,
    "spearman": 0.7745,
    "spectral_loss": 0.0
}
                              
Test Results: {
    "ci": 0.7895,
    "classification_loss": 0.0,
    "cluster_loss": 0.0,
    "mae": 0.6722,
    "mse": 0.97,
    "multiclassification_loss": 0.0,
    "ortho_loss": 0.0,
    "pearson": 0.7531,
    "regression_loss": 0.9706,
    "rm2": 0.5216,
    "rmse": 0.9849,
    "sd": 0.9701,
    "spearman": 0.7488,
    "spectral_loss": 0.0
}
                              
                              
----------------------------------------
Epoch 050 with LR 0.000100: Model Results
----------------------------------------
Train MSE Loss: 0.4100, Train CLS Loss: 0.0000, Train MCLS Loss: 0.0000
Protein Cluster Region Loss - Ortho Loss: 0.0000, Cluster Loss: 0.0000
                              
Validation Results: {
    "ci": 0.8004,
    "classification_loss": 0.0,
    "cluster_loss": 0.0,
    "mae": 0.627,
    "mse": 0.9938,
    "multiclassification_loss": 0.0,
    "ortho_loss": 0.0,
    "pearson": 0.7431,
    "regression_loss": 0.9864,
    "rm2": 0.5329,
    "rmse": 0.9969,
    "sd": 0.9791,
    "spearman": 0.7737,
    "spectral_loss": 0.0
}
                              
Test Results: {
    "ci": 0.7895,
    "classification_loss": 0.0,
    "cluster_loss": 0.0,
    "mae": 0.6722,
    "mse": 0.97,
    "multiclassification_loss": 0.0,
    "ortho_loss": 0.0,
    "pearson": 0.7531,
    "regression_loss": 0.9706,
    "rm2": 0.5216,
    "rmse": 0.9849,
    "sd": 0.9701,
    "spearman": 0.7488,
    "spectral_loss": 0.0
}
                              
                              
----------------------------------------
Epoch 051 with LR 0.000100: Model Results
----------------------------------------
Train MSE Loss: 0.4076, Train CLS Loss: 0.0000, Train MCLS Loss: 0.0000
Protein Cluster Region Loss - Ortho Loss: 0.0000, Cluster Loss: 0.0000
                              
Validation Results: {
    "ci": 0.8031,
    "classification_loss": 0.0,
    "cluster_loss": 0.0,
    "mae": 0.619,
    "mse": 0.967,
    "multiclassification_loss": 0.0,
    "ortho_loss": 0.0,
    "pearson": 0.7451,
    "regression_loss": 0.9597,
    "rm2": 0.544,
    "rmse": 0.9833,
    "sd": 0.9758,
    "spearman": 0.7764,
    "spectral_loss": 0.0
}
                              
Test Results: {
    "ci": 0.7895,
    "classification_loss": 0.0,
    "cluster_loss": 0.0,
    "mae": 0.6722,
    "mse": 0.97,
    "multiclassification_loss": 0.0,
    "ortho_loss": 0.0,
    "pearson": 0.7531,
    "regression_loss": 0.9706,
    "rm2": 0.5216,
    "rmse": 0.9849,
    "sd": 0.9701,
    "spearman": 0.7488,
    "spectral_loss": 0.0
}
                              
                              
----------------------------------------
Epoch 052 with LR 0.000100: Model Results
----------------------------------------
Train MSE Loss: 0.4097, Train CLS Loss: 0.0000, Train MCLS Loss: 0.0000
Protein Cluster Region Loss - Ortho Loss: 0.0000, Cluster Loss: 0.0000
                              
Validation Results: {
    "ci": 0.8063,
    "classification_loss": 0.0,
    "cluster_loss": 0.0,
    "mae": 0.6093,
    "mse": 0.9223,
    "multiclassification_loss": 0.0,
    "ortho_loss": 0.0,
    "pearson": 0.7607,
    "regression_loss": 0.9147,
    "rm2": 0.5475,
    "rmse": 0.9604,
    "sd": 0.9497,
    "spearman": 0.7873,
    "spectral_loss": 0.0
}
                              
Test Results: {
    "ci": 0.7895,
    "classification_loss": 0.0,
    "cluster_loss": 0.0,
    "mae": 0.6722,
    "mse": 0.97,
    "multiclassification_loss": 0.0,
    "ortho_loss": 0.0,
    "pearson": 0.7531,
    "regression_loss": 0.9706,
    "rm2": 0.5216,
    "rmse": 0.9849,
    "sd": 0.9701,
    "spearman": 0.7488,
    "spectral_loss": 0.0
}
                              
                              
----------------------------------------
Epoch 053 with LR 0.000100: Model Results
----------------------------------------
Train MSE Loss: 0.4032, Train CLS Loss: 0.0000, Train MCLS Loss: 0.0000
Protein Cluster Region Loss - Ortho Loss: 0.0000, Cluster Loss: 0.0000
                              
Validation Results: {
    "ci": 0.8068,
    "classification_loss": 0.0,
    "cluster_loss": 0.0,
    "mae": 0.6116,
    "mse": 0.9176,
    "multiclassification_loss": 0.0,
    "ortho_loss": 0.0,
    "pearson": 0.7582,
    "regression_loss": 0.91,
    "rm2": 0.5718,
    "rmse": 0.9579,
    "sd": 0.9541,
    "spearman": 0.785,
    "spectral_loss": 0.0
}
                              
Test Results: {
    "ci": 0.7895,
    "classification_loss": 0.0,
    "cluster_loss": 0.0,
    "mae": 0.6722,
    "mse": 0.97,
    "multiclassification_loss": 0.0,
    "ortho_loss": 0.0,
    "pearson": 0.7531,
    "regression_loss": 0.9706,
    "rm2": 0.5216,
    "rmse": 0.9849,
    "sd": 0.9701,
    "spearman": 0.7488,
    "spectral_loss": 0.0
}
                              
                              
----------------------------------------
Epoch 054 with LR 0.000100: Model Results
----------------------------------------
Train MSE Loss: 0.4005, Train CLS Loss: 0.0000, Train MCLS Loss: 0.0000
Protein Cluster Region Loss - Ortho Loss: 0.0000, Cluster Loss: 0.0000
                              
Validation Results: {
    "ci": 0.805,
    "classification_loss": 0.0,
    "cluster_loss": 0.0,
    "mae": 0.6187,
    "mse": 0.9472,
    "multiclassification_loss": 0.0,
    "ortho_loss": 0.0,
    "pearson": 0.7507,
    "regression_loss": 0.9403,
    "rm2": 0.5512,
    "rmse": 0.9733,
    "sd": 0.9666,
    "spearman": 0.7812,
    "spectral_loss": 0.0
}
                              
Test Results: {
    "ci": 0.7895,
    "classification_loss": 0.0,
    "cluster_loss": 0.0,
    "mae": 0.6722,
    "mse": 0.97,
    "multiclassification_loss": 0.0,
    "ortho_loss": 0.0,
    "pearson": 0.7531,
    "regression_loss": 0.9706,
    "rm2": 0.5216,
    "rmse": 0.9849,
    "sd": 0.9701,
    "spearman": 0.7488,
    "spectral_loss": 0.0
}
                              
                              
----------------------------------------
Epoch 055 with LR 0.000100: Model Results
----------------------------------------
Train MSE Loss: 0.3985, Train CLS Loss: 0.0000, Train MCLS Loss: 0.0000
Protein Cluster Region Loss - Ortho Loss: 0.0000, Cluster Loss: 0.0000
                              
Validation Results: {
    "ci": 0.8065,
    "classification_loss": 0.0,
    "cluster_loss": 0.0,
    "mae": 0.6174,
    "mse": 0.969,
    "multiclassification_loss": 0.0,
    "ortho_loss": 0.0,
    "pearson": 0.7553,
    "regression_loss": 0.9608,
    "rm2": 0.518,
    "rmse": 0.9844,
    "sd": 0.9589,
    "spearman": 0.7825,
    "spectral_loss": 0.0
}
                              
Test Results: {
    "ci": 0.7895,
    "classification_loss": 0.0,
    "cluster_loss": 0.0,
    "mae": 0.6722,
    "mse": 0.97,
    "multiclassification_loss": 0.0,
    "ortho_loss": 0.0,
    "pearson": 0.7531,
    "regression_loss": 0.9706,
    "rm2": 0.5216,
    "rmse": 0.9849,
    "sd": 0.9701,
    "spearman": 0.7488,
    "spectral_loss": 0.0
}
                              
                              
----------------------------------------
Epoch 056 with LR 0.000100: Model Results
----------------------------------------
Train MSE Loss: 0.3973, Train CLS Loss: 0.0000, Train MCLS Loss: 0.0000
Protein Cluster Region Loss - Ortho Loss: 0.0000, Cluster Loss: 0.0000
                              
Validation Results: {
    "ci": 0.8023,
    "classification_loss": 0.0,
    "cluster_loss": 0.0,
    "mae": 0.6191,
    "mse": 0.9702,
    "multiclassification_loss": 0.0,
    "ortho_loss": 0.0,
    "pearson": 0.7487,
    "regression_loss": 0.9618,
    "rm2": 0.5391,
    "rmse": 0.985,
    "sd": 0.9699,
    "spearman": 0.7761,
    "spectral_loss": 0.0
}
                              
Test Results: {
    "ci": 0.7895,
    "classification_loss": 0.0,
    "cluster_loss": 0.0,
    "mae": 0.6722,
    "mse": 0.97,
    "multiclassification_loss": 0.0,
    "ortho_loss": 0.0,
    "pearson": 0.7531,
    "regression_loss": 0.9706,
    "rm2": 0.5216,
    "rmse": 0.9849,
    "sd": 0.9701,
    "spearman": 0.7488,
    "spectral_loss": 0.0
}
                              
                              
----------------------------------------
Epoch 057 with LR 0.000100: Model Results
----------------------------------------
Train MSE Loss: 0.3950, Train CLS Loss: 0.0000, Train MCLS Loss: 0.0000
Protein Cluster Region Loss - Ortho Loss: 0.0000, Cluster Loss: 0.0000
                              
Validation Results: {
    "ci": 0.8084,
    "classification_loss": 0.0,
    "cluster_loss": 0.0,
    "mae": 0.6186,
    "mse": 0.9447,
    "multiclassification_loss": 0.0,
    "ortho_loss": 0.0,
    "pearson": 0.7647,
    "regression_loss": 0.9366,
    "rm2": 0.5259,
    "rmse": 0.972,
    "sd": 0.9428,
    "spearman": 0.7865,
    "spectral_loss": 0.0
}
                              
Test Results: {
    "ci": 0.7895,
    "classification_loss": 0.0,
    "cluster_loss": 0.0,
    "mae": 0.6722,
    "mse": 0.97,
    "multiclassification_loss": 0.0,
    "ortho_loss": 0.0,
    "pearson": 0.7531,
    "regression_loss": 0.9706,
    "rm2": 0.5216,
    "rmse": 0.9849,
    "sd": 0.9701,
    "spearman": 0.7488,
    "spectral_loss": 0.0
}
                              
                              
----------------------------------------
Epoch 058 with LR 0.000100: Model Results
----------------------------------------
Train MSE Loss: 0.3933, Train CLS Loss: 0.0000, Train MCLS Loss: 0.0000
Protein Cluster Region Loss - Ortho Loss: 0.0000, Cluster Loss: 0.0000
                              
Validation Results: {
    "ci": 0.8014,
    "classification_loss": 0.0,
    "cluster_loss": 0.0,
    "mae": 0.6339,
    "mse": 1.0102,
    "multiclassification_loss": 0.0,
    "ortho_loss": 0.0,
    "pearson": 0.7506,
    "regression_loss": 1.0014,
    "rm2": 0.5065,
    "rmse": 1.0051,
    "sd": 0.9667,
    "spearman": 0.7742,
    "spectral_loss": 0.0
}
                              
Test Results: {
    "ci": 0.7895,
    "classification_loss": 0.0,
    "cluster_loss": 0.0,
    "mae": 0.6722,
    "mse": 0.97,
    "multiclassification_loss": 0.0,
    "ortho_loss": 0.0,
    "pearson": 0.7531,
    "regression_loss": 0.9706,
    "rm2": 0.5216,
    "rmse": 0.9849,
    "sd": 0.9701,
    "spearman": 0.7488,
    "spectral_loss": 0.0
}
                              
                              
----------------------------------------
Epoch 059 with LR 0.000100: Model Results
----------------------------------------
Train MSE Loss: 0.3927, Train CLS Loss: 0.0000, Train MCLS Loss: 0.0000
Protein Cluster Region Loss - Ortho Loss: 0.0000, Cluster Loss: 0.0000
                              
Validation Results: {
    "ci": 0.809,
    "classification_loss": 0.0,
    "cluster_loss": 0.0,
    "mae": 0.6076,
    "mse": 0.9484,
    "multiclassification_loss": 0.0,
    "ortho_loss": 0.0,
    "pearson": 0.7565,
    "regression_loss": 0.9405,
    "rm2": 0.5512,
    "rmse": 0.9739,
    "sd": 0.9568,
    "spearman": 0.7879,
    "spectral_loss": 0.0
}
                              
Test Results: {
    "ci": 0.7895,
    "classification_loss": 0.0,
    "cluster_loss": 0.0,
    "mae": 0.6722,
    "mse": 0.97,
    "multiclassification_loss": 0.0,
    "ortho_loss": 0.0,
    "pearson": 0.7531,
    "regression_loss": 0.9706,
    "rm2": 0.5216,
    "rmse": 0.9849,
    "sd": 0.9701,
    "spearman": 0.7488,
    "spectral_loss": 0.0
}
                              
                              
----------------------------------------
Epoch 060 with LR 0.000100: Model Results
----------------------------------------
Train MSE Loss: 0.3912, Train CLS Loss: 0.0000, Train MCLS Loss: 0.0000
Protein Cluster Region Loss - Ortho Loss: 0.0000, Cluster Loss: 0.0000
                              
Validation Results: {
    "ci": 0.8067,
    "classification_loss": 0.0,
    "cluster_loss": 0.0,
    "mae": 0.6016,
    "mse": 0.9345,
    "multiclassification_loss": 0.0,
    "ortho_loss": 0.0,
    "pearson": 0.7576,
    "regression_loss": 0.9272,
    "rm2": 0.5492,
    "rmse": 0.9667,
    "sd": 0.955,
    "spearman": 0.7831,
    "spectral_loss": 0.0
}
                              
Test Results: {
    "ci": 0.7895,
    "classification_loss": 0.0,
    "cluster_loss": 0.0,
    "mae": 0.6722,
    "mse": 0.97,
    "multiclassification_loss": 0.0,
    "ortho_loss": 0.0,
    "pearson": 0.7531,
    "regression_loss": 0.9706,
    "rm2": 0.5216,
    "rmse": 0.9849,
    "sd": 0.9701,
    "spearman": 0.7488,
    "spectral_loss": 0.0
}
                              
                              
----------------------------------------
Epoch 061 with LR 0.000100: Model Results
----------------------------------------
Train MSE Loss: 0.3868, Train CLS Loss: 0.0000, Train MCLS Loss: 0.0000
Protein Cluster Region Loss - Ortho Loss: 0.0000, Cluster Loss: 0.0000
                              
Validation Results: {
    "ci": 0.8063,
    "classification_loss": 0.0,
    "cluster_loss": 0.0,
    "mae": 0.609,
    "mse": 0.9453,
    "multiclassification_loss": 0.0,
    "ortho_loss": 0.0,
    "pearson": 0.7556,
    "regression_loss": 0.9371,
    "rm2": 0.5502,
    "rmse": 0.9723,
    "sd": 0.9584,
    "spearman": 0.7844,
    "spectral_loss": 0.0
}
                              
Test Results: {
    "ci": 0.7895,
    "classification_loss": 0.0,
    "cluster_loss": 0.0,
    "mae": 0.6722,
    "mse": 0.97,
    "multiclassification_loss": 0.0,
    "ortho_loss": 0.0,
    "pearson": 0.7531,
    "regression_loss": 0.9706,
    "rm2": 0.5216,
    "rmse": 0.9849,
    "sd": 0.9701,
    "spearman": 0.7488,
    "spectral_loss": 0.0
}
                              
                              
----------------------------------------
Epoch 062 with LR 0.000100: Model Results
----------------------------------------
Train MSE Loss: 0.3851, Train CLS Loss: 0.0000, Train MCLS Loss: 0.0000
Protein Cluster Region Loss - Ortho Loss: 0.0000, Cluster Loss: 0.0000
                              
Validation Results: {
    "ci": 0.8044,
    "classification_loss": 0.0,
    "cluster_loss": 0.0,
    "mae": 0.6118,
    "mse": 0.9494,
    "multiclassification_loss": 0.0,
    "ortho_loss": 0.0,
    "pearson": 0.7535,
    "regression_loss": 0.9415,
    "rm2": 0.5564,
    "rmse": 0.9744,
    "sd": 0.962,
    "spearman": 0.7774,
    "spectral_loss": 0.0
}
                              
Test Results: {
    "ci": 0.7895,
    "classification_loss": 0.0,
    "cluster_loss": 0.0,
    "mae": 0.6722,
    "mse": 0.97,
    "multiclassification_loss": 0.0,
    "ortho_loss": 0.0,
    "pearson": 0.7531,
    "regression_loss": 0.9706,
    "rm2": 0.5216,
    "rmse": 0.9849,
    "sd": 0.9701,
    "spearman": 0.7488,
    "spectral_loss": 0.0
}
                              
                              
----------------------------------------
Epoch 063 with LR 0.000100: Model Results
----------------------------------------
Train MSE Loss: 0.3859, Train CLS Loss: 0.0000, Train MCLS Loss: 0.0000
Protein Cluster Region Loss - Ortho Loss: 0.0000, Cluster Loss: 0.0000
                              
Validation Results: {
    "ci": 0.8077,
    "classification_loss": 0.0,
    "cluster_loss": 0.0,
    "mae": 0.6063,
    "mse": 0.9813,
    "multiclassification_loss": 0.0,
    "ortho_loss": 0.0,
    "pearson": 0.7499,
    "regression_loss": 0.9727,
    "rm2": 0.521,
    "rmse": 0.9906,
    "sd": 0.968,
    "spearman": 0.785,
    "spectral_loss": 0.0
}
                              
Test Results: {
    "ci": 0.7895,
    "classification_loss": 0.0,
    "cluster_loss": 0.0,
    "mae": 0.6722,
    "mse": 0.97,
    "multiclassification_loss": 0.0,
    "ortho_loss": 0.0,
    "pearson": 0.7531,
    "regression_loss": 0.9706,
    "rm2": 0.5216,
    "rmse": 0.9849,
    "sd": 0.9701,
    "spearman": 0.7488,
    "spectral_loss": 0.0
}
                              
                              
----------------------------------------
Epoch 064 with LR 0.000100: Model Results
----------------------------------------
Train MSE Loss: 0.3841, Train CLS Loss: 0.0000, Train MCLS Loss: 0.0000
Protein Cluster Region Loss - Ortho Loss: 0.0000, Cluster Loss: 0.0000
                              
Validation Results: {
    "ci": 0.8053,
    "classification_loss": 0.0,
    "cluster_loss": 0.0,
    "mae": 0.6256,
    "mse": 1.014,
    "multiclassification_loss": 0.0,
    "ortho_loss": 0.0,
    "pearson": 0.7442,
    "regression_loss": 1.006,
    "rm2": 0.5289,
    "rmse": 1.007,
    "sd": 0.9773,
    "spearman": 0.7789,
    "spectral_loss": 0.0
}
                              
Test Results: {
    "ci": 0.7895,
    "classification_loss": 0.0,
    "cluster_loss": 0.0,
    "mae": 0.6722,
    "mse": 0.97,
    "multiclassification_loss": 0.0,
    "ortho_loss": 0.0,
    "pearson": 0.7531,
    "regression_loss": 0.9706,
    "rm2": 0.5216,
    "rmse": 0.9849,
    "sd": 0.9701,
    "spearman": 0.7488,
    "spectral_loss": 0.0
}
                              
                              
----------------------------------------
Epoch 065 with LR 0.000100: Model Results
----------------------------------------
Train MSE Loss: 0.3806, Train CLS Loss: 0.0000, Train MCLS Loss: 0.0000
Protein Cluster Region Loss - Ortho Loss: 0.0000, Cluster Loss: 0.0000
                              
Validation Results: {
    "ci": 0.8091,
    "classification_loss": 0.0,
    "cluster_loss": 0.0,
    "mae": 0.6044,
    "mse": 0.9558,
    "multiclassification_loss": 0.0,
    "ortho_loss": 0.0,
    "pearson": 0.7559,
    "regression_loss": 0.9476,
    "rm2": 0.542,
    "rmse": 0.9777,
    "sd": 0.9579,
    "spearman": 0.7872,
    "spectral_loss": 0.0
}
                              
Test Results: {
    "ci": 0.7895,
    "classification_loss": 0.0,
    "cluster_loss": 0.0,
    "mae": 0.6722,
    "mse": 0.97,
    "multiclassification_loss": 0.0,
    "ortho_loss": 0.0,
    "pearson": 0.7531,
    "regression_loss": 0.9706,
    "rm2": 0.5216,
    "rmse": 0.9849,
    "sd": 0.9701,
    "spearman": 0.7488,
    "spectral_loss": 0.0
}
                              
                              
----------------------------------------
Epoch 066 with LR 0.000100: Model Results
----------------------------------------
Train MSE Loss: 0.3807, Train CLS Loss: 0.0000, Train MCLS Loss: 0.0000
Protein Cluster Region Loss - Ortho Loss: 0.0000, Cluster Loss: 0.0000
                              
Validation Results: {
    "ci": 0.8089,
    "classification_loss": 0.0,
    "cluster_loss": 0.0,
    "mae": 0.6025,
    "mse": 0.9298,
    "multiclassification_loss": 0.0,
    "ortho_loss": 0.0,
    "pearson": 0.7594,
    "regression_loss": 0.9217,
    "rm2": 0.5484,
    "rmse": 0.9643,
    "sd": 0.952,
    "spearman": 0.7878,
    "spectral_loss": 0.0
}
                              
Test Results: {
    "ci": 0.7895,
    "classification_loss": 0.0,
    "cluster_loss": 0.0,
    "mae": 0.6722,
    "mse": 0.97,
    "multiclassification_loss": 0.0,
    "ortho_loss": 0.0,
    "pearson": 0.7531,
    "regression_loss": 0.9706,
    "rm2": 0.5216,
    "rmse": 0.9849,
    "sd": 0.9701,
    "spearman": 0.7488,
    "spectral_loss": 0.0
}
                              
                              
----------------------------------------
Epoch 067 with LR 0.000100: Model Results
----------------------------------------
Train MSE Loss: 0.3780, Train CLS Loss: 0.0000, Train MCLS Loss: 0.0000
Protein Cluster Region Loss - Ortho Loss: 0.0000, Cluster Loss: 0.0000
                              
Validation Results: {
    "ci": 0.8031,
    "classification_loss": 0.0,
    "cluster_loss": 0.0,
    "mae": 0.6108,
    "mse": 0.9882,
    "multiclassification_loss": 0.0,
    "ortho_loss": 0.0,
    "pearson": 0.7421,
    "regression_loss": 0.9798,
    "rm2": 0.5198,
    "rmse": 0.9941,
    "sd": 0.9806,
    "spearman": 0.7754,
    "spectral_loss": 0.0
}
                              
Test Results: {
    "ci": 0.7895,
    "classification_loss": 0.0,
    "cluster_loss": 0.0,
    "mae": 0.6722,
    "mse": 0.97,
    "multiclassification_loss": 0.0,
    "ortho_loss": 0.0,
    "pearson": 0.7531,
    "regression_loss": 0.9706,
    "rm2": 0.5216,
    "rmse": 0.9849,
    "sd": 0.9701,
    "spearman": 0.7488,
    "spectral_loss": 0.0
}
                              
                              
----------------------------------------
Epoch 068 with LR 0.000100: Model Results
----------------------------------------
Train MSE Loss: 0.3777, Train CLS Loss: 0.0000, Train MCLS Loss: 0.0000
Protein Cluster Region Loss - Ortho Loss: 0.0000, Cluster Loss: 0.0000
                              
Validation Results: {
    "ci": 0.8113,
    "classification_loss": 0.0,
    "cluster_loss": 0.0,
    "mae": 0.5976,
    "mse": 0.9288,
    "multiclassification_loss": 0.0,
    "ortho_loss": 0.0,
    "pearson": 0.7564,
    "regression_loss": 0.9206,
    "rm2": 0.5637,
    "rmse": 0.9637,
    "sd": 0.957,
    "spearman": 0.7902,
    "spectral_loss": 0.0
}
                              
Test Results: {
    "ci": 0.7895,
    "classification_loss": 0.0,
    "cluster_loss": 0.0,
    "mae": 0.6722,
    "mse": 0.97,
    "multiclassification_loss": 0.0,
    "ortho_loss": 0.0,
    "pearson": 0.7531,
    "regression_loss": 0.9706,
    "rm2": 0.5216,
    "rmse": 0.9849,
    "sd": 0.9701,
    "spearman": 0.7488,
    "spectral_loss": 0.0
}
                              
                              
----------------------------------------
Epoch 069 with LR 0.000100: Model Results
----------------------------------------
Train MSE Loss: 0.3750, Train CLS Loss: 0.0000, Train MCLS Loss: 0.0000
Protein Cluster Region Loss - Ortho Loss: 0.0000, Cluster Loss: 0.0000
                              
Validation Results: {
    "ci": 0.8093,
    "classification_loss": 0.0,
    "cluster_loss": 0.0,
    "mae": 0.5947,
    "mse": 0.9563,
    "multiclassification_loss": 0.0,
    "ortho_loss": 0.0,
    "pearson": 0.7512,
    "regression_loss": 0.9479,
    "rm2": 0.5311,
    "rmse": 0.9779,
    "sd": 0.9658,
    "spearman": 0.7856,
    "spectral_loss": 0.0
}
                              
Test Results: {
    "ci": 0.7895,
    "classification_loss": 0.0,
    "cluster_loss": 0.0,
    "mae": 0.6722,
    "mse": 0.97,
    "multiclassification_loss": 0.0,
    "ortho_loss": 0.0,
    "pearson": 0.7531,
    "regression_loss": 0.9706,
    "rm2": 0.5216,
    "rmse": 0.9849,
    "sd": 0.9701,
    "spearman": 0.7488,
    "spectral_loss": 0.0
}
                              
                              
----------------------------------------
Epoch 070 with LR 0.000100: Model Results
----------------------------------------
Train MSE Loss: 0.3751, Train CLS Loss: 0.0000, Train MCLS Loss: 0.0000
Protein Cluster Region Loss - Ortho Loss: 0.0000, Cluster Loss: 0.0000
                              
Validation Results: {
    "ci": 0.8096,
    "classification_loss": 0.0,
    "cluster_loss": 0.0,
    "mae": 0.5983,
    "mse": 0.9429,
    "multiclassification_loss": 0.0,
    "ortho_loss": 0.0,
    "pearson": 0.7573,
    "regression_loss": 0.9348,
    "rm2": 0.55,
    "rmse": 0.971,
    "sd": 0.9556,
    "spearman": 0.7884,
    "spectral_loss": 0.0
}
                              
Test Results: {
    "ci": 0.7895,
    "classification_loss": 0.0,
    "cluster_loss": 0.0,
    "mae": 0.6722,
    "mse": 0.97,
    "multiclassification_loss": 0.0,
    "ortho_loss": 0.0,
    "pearson": 0.7531,
    "regression_loss": 0.9706,
    "rm2": 0.5216,
    "rmse": 0.9849,
    "sd": 0.9701,
    "spearman": 0.7488,
    "spectral_loss": 0.0
}
                              
                              
----------------------------------------
Epoch 071 with LR 0.000100: Model Results
----------------------------------------
Train MSE Loss: 0.3742, Train CLS Loss: 0.0000, Train MCLS Loss: 0.0000
Protein Cluster Region Loss - Ortho Loss: 0.0000, Cluster Loss: 0.0000
                              
Validation Results: {
    "ci": 0.8059,
    "classification_loss": 0.0,
    "cluster_loss": 0.0,
    "mae": 0.6147,
    "mse": 0.9598,
    "multiclassification_loss": 0.0,
    "ortho_loss": 0.0,
    "pearson": 0.7487,
    "regression_loss": 0.9526,
    "rm2": 0.5399,
    "rmse": 0.9797,
    "sd": 0.9699,
    "spearman": 0.7846,
    "spectral_loss": 0.0
}
                              
Test Results: {
    "ci": 0.7895,
    "classification_loss": 0.0,
    "cluster_loss": 0.0,
    "mae": 0.6722,
    "mse": 0.97,
    "multiclassification_loss": 0.0,
    "ortho_loss": 0.0,
    "pearson": 0.7531,
    "regression_loss": 0.9706,
    "rm2": 0.5216,
    "rmse": 0.9849,
    "sd": 0.9701,
    "spearman": 0.7488,
    "spectral_loss": 0.0
}
                              
                              
----------------------------------------
Epoch 072 with LR 0.000100: Model Results
----------------------------------------
Train MSE Loss: 0.3721, Train CLS Loss: 0.0000, Train MCLS Loss: 0.0000
Protein Cluster Region Loss - Ortho Loss: 0.0000, Cluster Loss: 0.0000
                              
Validation Results: {
    "ci": 0.8059,
    "classification_loss": 0.0,
    "cluster_loss": 0.0,
    "mae": 0.6035,
    "mse": 0.9749,
    "multiclassification_loss": 0.0,
    "ortho_loss": 0.0,
    "pearson": 0.7466,
    "regression_loss": 0.9666,
    "rm2": 0.5319,
    "rmse": 0.9874,
    "sd": 0.9733,
    "spearman": 0.7806,
    "spectral_loss": 0.0
}
                              
Test Results: {
    "ci": 0.7895,
    "classification_loss": 0.0,
    "cluster_loss": 0.0,
    "mae": 0.6722,
    "mse": 0.97,
    "multiclassification_loss": 0.0,
    "ortho_loss": 0.0,
    "pearson": 0.7531,
    "regression_loss": 0.9706,
    "rm2": 0.5216,
    "rmse": 0.9849,
    "sd": 0.9701,
    "spearman": 0.7488,
    "spectral_loss": 0.0
}
                              
                              
----------------------------------------
Epoch 073 with LR 0.000100: Model Results
----------------------------------------
Train MSE Loss: 0.3715, Train CLS Loss: 0.0000, Train MCLS Loss: 0.0000
Protein Cluster Region Loss - Ortho Loss: 0.0000, Cluster Loss: 0.0000
                              
Validation Results: {
    "ci": 0.8061,
    "classification_loss": 0.0,
    "cluster_loss": 0.0,
    "mae": 0.6105,
    "mse": 0.9916,
    "multiclassification_loss": 0.0,
    "ortho_loss": 0.0,
    "pearson": 0.7485,
    "regression_loss": 0.983,
    "rm2": 0.5205,
    "rmse": 0.9958,
    "sd": 0.9702,
    "spearman": 0.7794,
    "spectral_loss": 0.0
}
                              
Test Results: {
    "ci": 0.7895,
    "classification_loss": 0.0,
    "cluster_loss": 0.0,
    "mae": 0.6722,
    "mse": 0.97,
    "multiclassification_loss": 0.0,
    "ortho_loss": 0.0,
    "pearson": 0.7531,
    "regression_loss": 0.9706,
    "rm2": 0.5216,
    "rmse": 0.9849,
    "sd": 0.9701,
    "spearman": 0.7488,
    "spectral_loss": 0.0
}
                              
                              
----------------------------------------
Epoch 074 with LR 0.000100: Model Results
----------------------------------------
Train MSE Loss: 0.3696, Train CLS Loss: 0.0000, Train MCLS Loss: 0.0000
Protein Cluster Region Loss - Ortho Loss: 0.0000, Cluster Loss: 0.0000
                              
Validation Results: {
    "ci": 0.8107,
    "classification_loss": 0.0,
    "cluster_loss": 0.0,
    "mae": 0.5959,
    "mse": 0.9444,
    "multiclassification_loss": 0.0,
    "ortho_loss": 0.0,
    "pearson": 0.7582,
    "regression_loss": 0.9361,
    "rm2": 0.5343,
    "rmse": 0.9718,
    "sd": 0.9539,
    "spearman": 0.7881,
    "spectral_loss": 0.0
}
                              
Test Results: {
    "ci": 0.7895,
    "classification_loss": 0.0,
    "cluster_loss": 0.0,
    "mae": 0.6722,
    "mse": 0.97,
    "multiclassification_loss": 0.0,
    "ortho_loss": 0.0,
    "pearson": 0.7531,
    "regression_loss": 0.9706,
    "rm2": 0.5216,
    "rmse": 0.9849,
    "sd": 0.9701,
    "spearman": 0.7488,
    "spectral_loss": 0.0
}
                              
                              
----------------------------------------
Epoch 075 with LR 0.000100: Model Results
----------------------------------------
Train MSE Loss: 0.3676, Train CLS Loss: 0.0000, Train MCLS Loss: 0.0000
Protein Cluster Region Loss - Ortho Loss: 0.0000, Cluster Loss: 0.0000
                              
Validation Results: {
    "ci": 0.806,
    "classification_loss": 0.0,
    "cluster_loss": 0.0,
    "mae": 0.5977,
    "mse": 0.9557,
    "multiclassification_loss": 0.0,
    "ortho_loss": 0.0,
    "pearson": 0.7497,
    "regression_loss": 0.9473,
    "rm2": 0.5434,
    "rmse": 0.9776,
    "sd": 0.9683,
    "spearman": 0.7787,
    "spectral_loss": 0.0
}
                              
Test Results: {
    "ci": 0.7895,
    "classification_loss": 0.0,
    "cluster_loss": 0.0,
    "mae": 0.6722,
    "mse": 0.97,
    "multiclassification_loss": 0.0,
    "ortho_loss": 0.0,
    "pearson": 0.7531,
    "regression_loss": 0.9706,
    "rm2": 0.5216,
    "rmse": 0.9849,
    "sd": 0.9701,
    "spearman": 0.7488,
    "spectral_loss": 0.0
}
                              
                              
----------------------------------------
Epoch 076 with LR 0.000100: Model Results
----------------------------------------
Train MSE Loss: 0.3670, Train CLS Loss: 0.0000, Train MCLS Loss: 0.0000
Protein Cluster Region Loss - Ortho Loss: 0.0000, Cluster Loss: 0.0000
                              
Validation Results: {
    "ci": 0.8075,
    "classification_loss": 0.0,
    "cluster_loss": 0.0,
    "mae": 0.6013,
    "mse": 0.9707,
    "multiclassification_loss": 0.0,
    "ortho_loss": 0.0,
    "pearson": 0.7501,
    "regression_loss": 0.9622,
    "rm2": 0.5348,
    "rmse": 0.9852,
    "sd": 0.9676,
    "spearman": 0.7817,
    "spectral_loss": 0.0
}
                              
Test Results: {
    "ci": 0.7895,
    "classification_loss": 0.0,
    "cluster_loss": 0.0,
    "mae": 0.6722,
    "mse": 0.97,
    "multiclassification_loss": 0.0,
    "ortho_loss": 0.0,
    "pearson": 0.7531,
    "regression_loss": 0.9706,
    "rm2": 0.5216,
    "rmse": 0.9849,
    "sd": 0.9701,
    "spearman": 0.7488,
    "spectral_loss": 0.0
}
                              
                              
----------------------------------------
Epoch 077 with LR 0.000100: Model Results
----------------------------------------
Train MSE Loss: 0.3650, Train CLS Loss: 0.0000, Train MCLS Loss: 0.0000
Protein Cluster Region Loss - Ortho Loss: 0.0000, Cluster Loss: 0.0000
                              
Validation Results: {
    "ci": 0.8104,
    "classification_loss": 0.0,
    "cluster_loss": 0.0,
    "mae": 0.5919,
    "mse": 0.9539,
    "multiclassification_loss": 0.0,
    "ortho_loss": 0.0,
    "pearson": 0.7517,
    "regression_loss": 0.9459,
    "rm2": 0.534,
    "rmse": 0.9767,
    "sd": 0.9649,
    "spearman": 0.7868,
    "spectral_loss": 0.0
}
                              
Test Results: {
    "ci": 0.7895,
    "classification_loss": 0.0,
    "cluster_loss": 0.0,
    "mae": 0.6722,
    "mse": 0.97,
    "multiclassification_loss": 0.0,
    "ortho_loss": 0.0,
    "pearson": 0.7531,
    "regression_loss": 0.9706,
    "rm2": 0.5216,
    "rmse": 0.9849,
    "sd": 0.9701,
    "spearman": 0.7488,
    "spectral_loss": 0.0
}
                              
                              
----------------------------------------
Epoch 078 with LR 0.000100: Model Results
----------------------------------------
Train MSE Loss: 0.3634, Train CLS Loss: 0.0000, Train MCLS Loss: 0.0000
Protein Cluster Region Loss - Ortho Loss: 0.0000, Cluster Loss: 0.0000
                              
Validation Results: {
    "ci": 0.8108,
    "classification_loss": 0.0,
    "cluster_loss": 0.0,
    "mae": 0.5972,
    "mse": 0.9768,
    "multiclassification_loss": 0.0,
    "ortho_loss": 0.0,
    "pearson": 0.7505,
    "regression_loss": 0.9682,
    "rm2": 0.534,
    "rmse": 0.9883,
    "sd": 0.967,
    "spearman": 0.789,
    "spectral_loss": 0.0
}
                              
Test Results: {
    "ci": 0.7895,
    "classification_loss": 0.0,
    "cluster_loss": 0.0,
    "mae": 0.6722,
    "mse": 0.97,
    "multiclassification_loss": 0.0,
    "ortho_loss": 0.0,
    "pearson": 0.7531,
    "regression_loss": 0.9706,
    "rm2": 0.5216,
    "rmse": 0.9849,
    "sd": 0.9701,
    "spearman": 0.7488,
    "spectral_loss": 0.0
}
                              
                              
----------------------------------------
Epoch 079 with LR 0.000100: Model Results
----------------------------------------
Train MSE Loss: 0.3626, Train CLS Loss: 0.0000, Train MCLS Loss: 0.0000
Protein Cluster Region Loss - Ortho Loss: 0.0000, Cluster Loss: 0.0000
                              
Validation Results: {
    "ci": 0.8043,
    "classification_loss": 0.0,
    "cluster_loss": 0.0,
    "mae": 0.605,
    "mse": 1.0116,
    "multiclassification_loss": 0.0,
    "ortho_loss": 0.0,
    "pearson": 0.7369,
    "regression_loss": 1.0027,
    "rm2": 0.5164,
    "rmse": 1.0058,
    "sd": 0.989,
    "spearman": 0.7736,
    "spectral_loss": 0.0
}
                              
Test Results: {
    "ci": 0.7895,
    "classification_loss": 0.0,
    "cluster_loss": 0.0,
    "mae": 0.6722,
    "mse": 0.97,
    "multiclassification_loss": 0.0,
    "ortho_loss": 0.0,
    "pearson": 0.7531,
    "regression_loss": 0.9706,
    "rm2": 0.5216,
    "rmse": 0.9849,
    "sd": 0.9701,
    "spearman": 0.7488,
    "spectral_loss": 0.0
}
                              
                              
----------------------------------------
Epoch 080 with LR 0.000100: Model Results
----------------------------------------
Train MSE Loss: 0.3618, Train CLS Loss: 0.0000, Train MCLS Loss: 0.0000
Protein Cluster Region Loss - Ortho Loss: 0.0000, Cluster Loss: 0.0000
                              
Validation Results: {
    "ci": 0.8062,
    "classification_loss": 0.0,
    "cluster_loss": 0.0,
    "mae": 0.5995,
    "mse": 0.9674,
    "multiclassification_loss": 0.0,
    "ortho_loss": 0.0,
    "pearson": 0.7454,
    "regression_loss": 0.9593,
    "rm2": 0.5335,
    "rmse": 0.9836,
    "sd": 0.9753,
    "spearman": 0.7797,
    "spectral_loss": 0.0
}
                              
Test Results: {
    "ci": 0.7895,
    "classification_loss": 0.0,
    "cluster_loss": 0.0,
    "mae": 0.6722,
    "mse": 0.97,
    "multiclassification_loss": 0.0,
    "ortho_loss": 0.0,
    "pearson": 0.7531,
    "regression_loss": 0.9706,
    "rm2": 0.5216,
    "rmse": 0.9849,
    "sd": 0.9701,
    "spearman": 0.7488,
    "spectral_loss": 0.0
}
                              
                              
----------------------------------------
Epoch 081 with LR 0.000100: Model Results
----------------------------------------
Train MSE Loss: 0.3615, Train CLS Loss: 0.0000, Train MCLS Loss: 0.0000
Protein Cluster Region Loss - Ortho Loss: 0.0000, Cluster Loss: 0.0000
                              
Validation Results: {
    "ci": 0.8106,
    "classification_loss": 0.0,
    "cluster_loss": 0.0,
    "mae": 0.5976,
    "mse": 0.9359,
    "multiclassification_loss": 0.0,
    "ortho_loss": 0.0,
    "pearson": 0.7579,
    "regression_loss": 0.9278,
    "rm2": 0.5578,
    "rmse": 0.9674,
    "sd": 0.9545,
    "spearman": 0.7888,
    "spectral_loss": 0.0
}
                              
Test Results: {
    "ci": 0.7895,
    "classification_loss": 0.0,
    "cluster_loss": 0.0,
    "mae": 0.6722,
    "mse": 0.97,
    "multiclassification_loss": 0.0,
    "ortho_loss": 0.0,
    "pearson": 0.7531,
    "regression_loss": 0.9706,
    "rm2": 0.5216,
    "rmse": 0.9849,
    "sd": 0.9701,
    "spearman": 0.7488,
    "spectral_loss": 0.0
}
                              
                              
----------------------------------------
Epoch 082 with LR 0.000100: Model Results
----------------------------------------
Train MSE Loss: 0.3605, Train CLS Loss: 0.0000, Train MCLS Loss: 0.0000
Protein Cluster Region Loss - Ortho Loss: 0.0000, Cluster Loss: 0.0000
                              
Validation Results: {
    "ci": 0.8092,
    "classification_loss": 0.0,
    "cluster_loss": 0.0,
    "mae": 0.5993,
    "mse": 0.9537,
    "multiclassification_loss": 0.0,
    "ortho_loss": 0.0,
    "pearson": 0.7504,
    "regression_loss": 0.9453,
    "rm2": 0.557,
    "rmse": 0.9766,
    "sd": 0.9671,
    "spearman": 0.7863,
    "spectral_loss": 0.0
}
                              
Test Results: {
    "ci": 0.7895,
    "classification_loss": 0.0,
    "cluster_loss": 0.0,
    "mae": 0.6722,
    "mse": 0.97,
    "multiclassification_loss": 0.0,
    "ortho_loss": 0.0,
    "pearson": 0.7531,
    "regression_loss": 0.9706,
    "rm2": 0.5216,
    "rmse": 0.9849,
    "sd": 0.9701,
    "spearman": 0.7488,
    "spectral_loss": 0.0
}
                              
                              
----------------------------------------
Epoch 083 with LR 0.000100: Model Results
----------------------------------------
Train MSE Loss: 0.3574, Train CLS Loss: 0.0000, Train MCLS Loss: 0.0000
Protein Cluster Region Loss - Ortho Loss: 0.0000, Cluster Loss: 0.0000
                              
Validation Results: {
    "ci": 0.8068,
    "classification_loss": 0.0,
    "cluster_loss": 0.0,
    "mae": 0.5983,
    "mse": 0.9502,
    "multiclassification_loss": 0.0,
    "ortho_loss": 0.0,
    "pearson": 0.7509,
    "regression_loss": 0.9419,
    "rm2": 0.5457,
    "rmse": 0.9748,
    "sd": 0.9663,
    "spearman": 0.7805,
    "spectral_loss": 0.0
}
                              
Test Results: {
    "ci": 0.7895,
    "classification_loss": 0.0,
    "cluster_loss": 0.0,
    "mae": 0.6722,
    "mse": 0.97,
    "multiclassification_loss": 0.0,
    "ortho_loss": 0.0,
    "pearson": 0.7531,
    "regression_loss": 0.9706,
    "rm2": 0.5216,
    "rmse": 0.9849,
    "sd": 0.9701,
    "spearman": 0.7488,
    "spectral_loss": 0.0
}
                              
                              
----------------------------------------
Epoch 084 with LR 0.000100: Model Results
----------------------------------------
Train MSE Loss: 0.3578, Train CLS Loss: 0.0000, Train MCLS Loss: 0.0000
Protein Cluster Region Loss - Ortho Loss: 0.0000, Cluster Loss: 0.0000
                              
Validation Results: {
    "ci": 0.8057,
    "classification_loss": 0.0,
    "cluster_loss": 0.0,
    "mae": 0.6079,
    "mse": 1.0054,
    "multiclassification_loss": 0.0,
    "ortho_loss": 0.0,
    "pearson": 0.739,
    "regression_loss": 0.9966,
    "rm2": 0.5082,
    "rmse": 1.0027,
    "sd": 0.9857,
    "spearman": 0.7784,
    "spectral_loss": 0.0
}
                              
Test Results: {
    "ci": 0.7895,
    "classification_loss": 0.0,
    "cluster_loss": 0.0,
    "mae": 0.6722,
    "mse": 0.97,
    "multiclassification_loss": 0.0,
    "ortho_loss": 0.0,
    "pearson": 0.7531,
    "regression_loss": 0.9706,
    "rm2": 0.5216,
    "rmse": 0.9849,
    "sd": 0.9701,
    "spearman": 0.7488,
    "spectral_loss": 0.0
}
                              
                              
----------------------------------------
Epoch 085 with LR 0.000100: Model Results
----------------------------------------
Train MSE Loss: 0.3566, Train CLS Loss: 0.0000, Train MCLS Loss: 0.0000
Protein Cluster Region Loss - Ortho Loss: 0.0000, Cluster Loss: 0.0000
                              
Validation Results: {
    "ci": 0.8075,
    "classification_loss": 0.0,
    "cluster_loss": 0.0,
    "mae": 0.6027,
    "mse": 0.9592,
    "multiclassification_loss": 0.0,
    "ortho_loss": 0.0,
    "pearson": 0.7509,
    "regression_loss": 0.9509,
    "rm2": 0.5413,
    "rmse": 0.9794,
    "sd": 0.9663,
    "spearman": 0.7833,
    "spectral_loss": 0.0
}
                              
Test Results: {
    "ci": 0.7895,
    "classification_loss": 0.0,
    "cluster_loss": 0.0,
    "mae": 0.6722,
    "mse": 0.97,
    "multiclassification_loss": 0.0,
    "ortho_loss": 0.0,
    "pearson": 0.7531,
    "regression_loss": 0.9706,
    "rm2": 0.5216,
    "rmse": 0.9849,
    "sd": 0.9701,
    "spearman": 0.7488,
    "spectral_loss": 0.0
}
                              
                              
----------------------------------------
Epoch 086 with LR 0.000100: Model Results
----------------------------------------
Train MSE Loss: 0.3542, Train CLS Loss: 0.0000, Train MCLS Loss: 0.0000
Protein Cluster Region Loss - Ortho Loss: 0.0000, Cluster Loss: 0.0000
                              
Validation Results: {
    "ci": 0.8153,
    "classification_loss": 0.0,
    "cluster_loss": 0.0,
    "mae": 0.5891,
    "mse": 0.8863,
    "multiclassification_loss": 0.0,
    "ortho_loss": 0.0,
    "pearson": 0.7687,
    "regression_loss": 0.8785,
    "rm2": 0.5775,
    "rmse": 0.9414,
    "sd": 0.9358,
    "spearman": 0.7987,
    "spectral_loss": 0.0
}
                              
Test Results: {
    "ci": 0.7953,
    "classification_loss": 0.0,
    "cluster_loss": 0.0,
    "mae": 0.6466,
    "mse": 0.9545,
    "multiclassification_loss": 0.0,
    "ortho_loss": 0.0,
    "pearson": 0.7598,
    "regression_loss": 0.9545,
    "rm2": 0.5384,
    "rmse": 0.977,
    "sd": 0.9586,
    "spearman": 0.758,
    "spectral_loss": 0.0
}
                              
                              
----------------------------------------
Epoch 087 with LR 0.000100: Model Results
----------------------------------------
Train MSE Loss: 0.3541, Train CLS Loss: 0.0000, Train MCLS Loss: 0.0000
Protein Cluster Region Loss - Ortho Loss: 0.0000, Cluster Loss: 0.0000
                              
Validation Results: {
    "ci": 0.8131,
    "classification_loss": 0.0,
    "cluster_loss": 0.0,
    "mae": 0.5987,
    "mse": 0.9207,
    "multiclassification_loss": 0.0,
    "ortho_loss": 0.0,
    "pearson": 0.762,
    "regression_loss": 0.9126,
    "rm2": 0.5726,
    "rmse": 0.9595,
    "sd": 0.9475,
    "spearman": 0.7938,
    "spectral_loss": 0.0
}
                              
Test Results: {
    "ci": 0.7953,
    "classification_loss": 0.0,
    "cluster_loss": 0.0,
    "mae": 0.6466,
    "mse": 0.9545,
    "multiclassification_loss": 0.0,
    "ortho_loss": 0.0,
    "pearson": 0.7598,
    "regression_loss": 0.9545,
    "rm2": 0.5384,
    "rmse": 0.977,
    "sd": 0.9586,
    "spearman": 0.758,
    "spectral_loss": 0.0
}
                              
                              
----------------------------------------
Epoch 088 with LR 0.000100: Model Results
----------------------------------------
Train MSE Loss: 0.3541, Train CLS Loss: 0.0000, Train MCLS Loss: 0.0000
Protein Cluster Region Loss - Ortho Loss: 0.0000, Cluster Loss: 0.0000
                              
Validation Results: {
    "ci": 0.8122,
    "classification_loss": 0.0,
    "cluster_loss": 0.0,
    "mae": 0.6016,
    "mse": 0.9681,
    "multiclassification_loss": 0.0,
    "ortho_loss": 0.0,
    "pearson": 0.7552,
    "regression_loss": 0.9606,
    "rm2": 0.5404,
    "rmse": 0.9839,
    "sd": 0.959,
    "spearman": 0.7912,
    "spectral_loss": 0.0
}
                              
Test Results: {
    "ci": 0.7953,
    "classification_loss": 0.0,
    "cluster_loss": 0.0,
    "mae": 0.6466,
    "mse": 0.9545,
    "multiclassification_loss": 0.0,
    "ortho_loss": 0.0,
    "pearson": 0.7598,
    "regression_loss": 0.9545,
    "rm2": 0.5384,
    "rmse": 0.977,
    "sd": 0.9586,
    "spearman": 0.758,
    "spectral_loss": 0.0
}
                              
                              
----------------------------------------
Epoch 089 with LR 0.000100: Model Results
----------------------------------------
Train MSE Loss: 0.3536, Train CLS Loss: 0.0000, Train MCLS Loss: 0.0000
Protein Cluster Region Loss - Ortho Loss: 0.0000, Cluster Loss: 0.0000
                              
Validation Results: {
    "ci": 0.8056,
    "classification_loss": 0.0,
    "cluster_loss": 0.0,
    "mae": 0.609,
    "mse": 1.0132,
    "multiclassification_loss": 0.0,
    "ortho_loss": 0.0,
    "pearson": 0.7397,
    "regression_loss": 1.0044,
    "rm2": 0.5203,
    "rmse": 1.0066,
    "sd": 0.9846,
    "spearman": 0.7784,
    "spectral_loss": 0.0
}
                              
Test Results: {
    "ci": 0.7953,
    "classification_loss": 0.0,
    "cluster_loss": 0.0,
    "mae": 0.6466,
    "mse": 0.9545,
    "multiclassification_loss": 0.0,
    "ortho_loss": 0.0,
    "pearson": 0.7598,
    "regression_loss": 0.9545,
    "rm2": 0.5384,
    "rmse": 0.977,
    "sd": 0.9586,
    "spearman": 0.758,
    "spectral_loss": 0.0
}
                              
                              
----------------------------------------
Epoch 090 with LR 0.000100: Model Results
----------------------------------------
Train MSE Loss: 0.3511, Train CLS Loss: 0.0000, Train MCLS Loss: 0.0000
Protein Cluster Region Loss - Ortho Loss: 0.0000, Cluster Loss: 0.0000
                              
Validation Results: {
    "ci": 0.8117,
    "classification_loss": 0.0,
    "cluster_loss": 0.0,
    "mae": 0.5958,
    "mse": 0.9604,
    "multiclassification_loss": 0.0,
    "ortho_loss": 0.0,
    "pearson": 0.7525,
    "regression_loss": 0.952,
    "rm2": 0.5462,
    "rmse": 0.98,
    "sd": 0.9636,
    "spearman": 0.7923,
    "spectral_loss": 0.0
}
                              
Test Results: {
    "ci": 0.7953,
    "classification_loss": 0.0,
    "cluster_loss": 0.0,
    "mae": 0.6466,
    "mse": 0.9545,
    "multiclassification_loss": 0.0,
    "ortho_loss": 0.0,
    "pearson": 0.7598,
    "regression_loss": 0.9545,
    "rm2": 0.5384,
    "rmse": 0.977,
    "sd": 0.9586,
    "spearman": 0.758,
    "spectral_loss": 0.0
}
                              
                              
----------------------------------------
Epoch 091 with LR 0.000100: Model Results
----------------------------------------
Train MSE Loss: 0.3509, Train CLS Loss: 0.0000, Train MCLS Loss: 0.0000
Protein Cluster Region Loss - Ortho Loss: 0.0000, Cluster Loss: 0.0000
                              
Validation Results: {
    "ci": 0.8097,
    "classification_loss": 0.0,
    "cluster_loss": 0.0,
    "mae": 0.597,
    "mse": 0.9694,
    "multiclassification_loss": 0.0,
    "ortho_loss": 0.0,
    "pearson": 0.7519,
    "regression_loss": 0.9609,
    "rm2": 0.5372,
    "rmse": 0.9846,
    "sd": 0.9645,
    "spearman": 0.7872,
    "spectral_loss": 0.0
}
                              
Test Results: {
    "ci": 0.7953,
    "classification_loss": 0.0,
    "cluster_loss": 0.0,
    "mae": 0.6466,
    "mse": 0.9545,
    "multiclassification_loss": 0.0,
    "ortho_loss": 0.0,
    "pearson": 0.7598,
    "regression_loss": 0.9545,
    "rm2": 0.5384,
    "rmse": 0.977,
    "sd": 0.9586,
    "spearman": 0.758,
    "spectral_loss": 0.0
}
                              
                              
----------------------------------------
Epoch 092 with LR 0.000100: Model Results
----------------------------------------
Train MSE Loss: 0.3503, Train CLS Loss: 0.0000, Train MCLS Loss: 0.0000
Protein Cluster Region Loss - Ortho Loss: 0.0000, Cluster Loss: 0.0000
                              
Validation Results: {
    "ci": 0.8069,
    "classification_loss": 0.0,
    "cluster_loss": 0.0,
    "mae": 0.6142,
    "mse": 1.004,
    "multiclassification_loss": 0.0,
    "ortho_loss": 0.0,
    "pearson": 0.7463,
    "regression_loss": 0.9952,
    "rm2": 0.5211,
    "rmse": 1.002,
    "sd": 0.9739,
    "spearman": 0.7806,
    "spectral_loss": 0.0
}
                              
Test Results: {
    "ci": 0.7953,
    "classification_loss": 0.0,
    "cluster_loss": 0.0,
    "mae": 0.6466,
    "mse": 0.9545,
    "multiclassification_loss": 0.0,
    "ortho_loss": 0.0,
    "pearson": 0.7598,
    "regression_loss": 0.9545,
    "rm2": 0.5384,
    "rmse": 0.977,
    "sd": 0.9586,
    "spearman": 0.758,
    "spectral_loss": 0.0
}
                              
                              
----------------------------------------
Epoch 093 with LR 0.000100: Model Results
----------------------------------------
Train MSE Loss: 0.3494, Train CLS Loss: 0.0000, Train MCLS Loss: 0.0000
Protein Cluster Region Loss - Ortho Loss: 0.0000, Cluster Loss: 0.0000
                              
Validation Results: {
    "ci": 0.8112,
    "classification_loss": 0.0,
    "cluster_loss": 0.0,
    "mae": 0.6009,
    "mse": 0.9776,
    "multiclassification_loss": 0.0,
    "ortho_loss": 0.0,
    "pearson": 0.751,
    "regression_loss": 0.9691,
    "rm2": 0.5393,
    "rmse": 0.9888,
    "sd": 0.9661,
    "spearman": 0.7908,
    "spectral_loss": 0.0
}
                              
Test Results: {
    "ci": 0.7953,
    "classification_loss": 0.0,
    "cluster_loss": 0.0,
    "mae": 0.6466,
    "mse": 0.9545,
    "multiclassification_loss": 0.0,
    "ortho_loss": 0.0,
    "pearson": 0.7598,
    "regression_loss": 0.9545,
    "rm2": 0.5384,
    "rmse": 0.977,
    "sd": 0.9586,
    "spearman": 0.758,
    "spectral_loss": 0.0
}
                              
                              
----------------------------------------
Epoch 094 with LR 0.000100: Model Results
----------------------------------------
Train MSE Loss: 0.3475, Train CLS Loss: 0.0000, Train MCLS Loss: 0.0000
Protein Cluster Region Loss - Ortho Loss: 0.0000, Cluster Loss: 0.0000
                              
Validation Results: {
    "ci": 0.8093,
    "classification_loss": 0.0,
    "cluster_loss": 0.0,
    "mae": 0.6009,
    "mse": 0.9538,
    "multiclassification_loss": 0.0,
    "ortho_loss": 0.0,
    "pearson": 0.7535,
    "regression_loss": 0.9455,
    "rm2": 0.531,
    "rmse": 0.9766,
    "sd": 0.9619,
    "spearman": 0.7856,
    "spectral_loss": 0.0
}
                              
Test Results: {
    "ci": 0.7953,
    "classification_loss": 0.0,
    "cluster_loss": 0.0,
    "mae": 0.6466,
    "mse": 0.9545,
    "multiclassification_loss": 0.0,
    "ortho_loss": 0.0,
    "pearson": 0.7598,
    "regression_loss": 0.9545,
    "rm2": 0.5384,
    "rmse": 0.977,
    "sd": 0.9586,
    "spearman": 0.758,
    "spectral_loss": 0.0
}
                              
                              
----------------------------------------
Epoch 095 with LR 0.000100: Model Results
----------------------------------------
Train MSE Loss: 0.3480, Train CLS Loss: 0.0000, Train MCLS Loss: 0.0000
Protein Cluster Region Loss - Ortho Loss: 0.0000, Cluster Loss: 0.0000
                              
Validation Results: {
    "ci": 0.8145,
    "classification_loss": 0.0,
    "cluster_loss": 0.0,
    "mae": 0.5912,
    "mse": 0.9528,
    "multiclassification_loss": 0.0,
    "ortho_loss": 0.0,
    "pearson": 0.7612,
    "regression_loss": 0.9445,
    "rm2": 0.5236,
    "rmse": 0.9761,
    "sd": 0.9489,
    "spearman": 0.7954,
    "spectral_loss": 0.0
}
                              
Test Results: {
    "ci": 0.7953,
    "classification_loss": 0.0,
    "cluster_loss": 0.0,
    "mae": 0.6466,
    "mse": 0.9545,
    "multiclassification_loss": 0.0,
    "ortho_loss": 0.0,
    "pearson": 0.7598,
    "regression_loss": 0.9545,
    "rm2": 0.5384,
    "rmse": 0.977,
    "sd": 0.9586,
    "spearman": 0.758,
    "spectral_loss": 0.0
}
                              
                              
----------------------------------------
Epoch 096 with LR 0.000100: Model Results
----------------------------------------
Train MSE Loss: 0.3469, Train CLS Loss: 0.0000, Train MCLS Loss: 0.0000
Protein Cluster Region Loss - Ortho Loss: 0.0000, Cluster Loss: 0.0000
                              
Validation Results: {
    "ci": 0.8111,
    "classification_loss": 0.0,
    "cluster_loss": 0.0,
    "mae": 0.5923,
    "mse": 0.9612,
    "multiclassification_loss": 0.0,
    "ortho_loss": 0.0,
    "pearson": 0.7551,
    "regression_loss": 0.9532,
    "rm2": 0.5304,
    "rmse": 0.9804,
    "sd": 0.9592,
    "spearman": 0.789,
    "spectral_loss": 0.0
}
                              
Test Results: {
    "ci": 0.7953,
    "classification_loss": 0.0,
    "cluster_loss": 0.0,
    "mae": 0.6466,
    "mse": 0.9545,
    "multiclassification_loss": 0.0,
    "ortho_loss": 0.0,
    "pearson": 0.7598,
    "regression_loss": 0.9545,
    "rm2": 0.5384,
    "rmse": 0.977,
    "sd": 0.9586,
    "spearman": 0.758,
    "spectral_loss": 0.0
}
                              
                              
----------------------------------------
Epoch 097 with LR 0.000100: Model Results
----------------------------------------
Train MSE Loss: 0.3458, Train CLS Loss: 0.0000, Train MCLS Loss: 0.0000
Protein Cluster Region Loss - Ortho Loss: 0.0000, Cluster Loss: 0.0000
                              
Validation Results: {
    "ci": 0.8053,
    "classification_loss": 0.0,
    "cluster_loss": 0.0,
    "mae": 0.6091,
    "mse": 0.9951,
    "multiclassification_loss": 0.0,
    "ortho_loss": 0.0,
    "pearson": 0.7385,
    "regression_loss": 0.9865,
    "rm2": 0.525,
    "rmse": 0.9976,
    "sd": 0.9864,
    "spearman": 0.7754,
    "spectral_loss": 0.0
}
                              
Test Results: {
    "ci": 0.7953,
    "classification_loss": 0.0,
    "cluster_loss": 0.0,
    "mae": 0.6466,
    "mse": 0.9545,
    "multiclassification_loss": 0.0,
    "ortho_loss": 0.0,
    "pearson": 0.7598,
    "regression_loss": 0.9545,
    "rm2": 0.5384,
    "rmse": 0.977,
    "sd": 0.9586,
    "spearman": 0.758,
    "spectral_loss": 0.0
}
                              
                              
----------------------------------------
Epoch 098 with LR 0.000100: Model Results
----------------------------------------
Train MSE Loss: 0.3459, Train CLS Loss: 0.0000, Train MCLS Loss: 0.0000
Protein Cluster Region Loss - Ortho Loss: 0.0000, Cluster Loss: 0.0000
                              
Validation Results: {
    "ci": 0.8094,
    "classification_loss": 0.0,
    "cluster_loss": 0.0,
    "mae": 0.6058,
    "mse": 1.009,
    "multiclassification_loss": 0.0,
    "ortho_loss": 0.0,
    "pearson": 0.7441,
    "regression_loss": 1.0002,
    "rm2": 0.5075,
    "rmse": 1.0045,
    "sd": 0.9774,
    "spearman": 0.7846,
    "spectral_loss": 0.0
}
                              
Test Results: {
    "ci": 0.7953,
    "classification_loss": 0.0,
    "cluster_loss": 0.0,
    "mae": 0.6466,
    "mse": 0.9545,
    "multiclassification_loss": 0.0,
    "ortho_loss": 0.0,
    "pearson": 0.7598,
    "regression_loss": 0.9545,
    "rm2": 0.5384,
    "rmse": 0.977,
    "sd": 0.9586,
    "spearman": 0.758,
    "spectral_loss": 0.0
}
                              
                              
----------------------------------------
Epoch 099 with LR 0.000100: Model Results
----------------------------------------
Train MSE Loss: 0.3439, Train CLS Loss: 0.0000, Train MCLS Loss: 0.0000
Protein Cluster Region Loss - Ortho Loss: 0.0000, Cluster Loss: 0.0000
                              
Validation Results: {
    "ci": 0.8135,
    "classification_loss": 0.0,
    "cluster_loss": 0.0,
    "mae": 0.5922,
    "mse": 0.9211,
    "multiclassification_loss": 0.0,
    "ortho_loss": 0.0,
    "pearson": 0.7649,
    "regression_loss": 0.913,
    "rm2": 0.5605,
    "rmse": 0.9597,
    "sd": 0.9425,
    "spearman": 0.7962,
    "spectral_loss": 0.0
}
                              
Test Results: {
    "ci": 0.7953,
    "classification_loss": 0.0,
    "cluster_loss": 0.0,
    "mae": 0.6466,
    "mse": 0.9545,
    "multiclassification_loss": 0.0,
    "ortho_loss": 0.0,
    "pearson": 0.7598,
    "regression_loss": 0.9545,
    "rm2": 0.5384,
    "rmse": 0.977,
    "sd": 0.9586,
    "spearman": 0.758,
    "spectral_loss": 0.0
}
                              
                              
----------------------------------------
Epoch 100 with LR 0.000100: Model Results
----------------------------------------
Train MSE Loss: 0.3443, Train CLS Loss: 0.0000, Train MCLS Loss: 0.0000
Protein Cluster Region Loss - Ortho Loss: 0.0000, Cluster Loss: 0.0000
                              
Validation Results: {
    "ci": 0.8099,
    "classification_loss": 0.0,
    "cluster_loss": 0.0,
    "mae": 0.5949,
    "mse": 0.9741,
    "multiclassification_loss": 0.0,
    "ortho_loss": 0.0,
    "pearson": 0.7479,
    "regression_loss": 0.9656,
    "rm2": 0.5371,
    "rmse": 0.987,
    "sd": 0.9713,
    "spearman": 0.7855,
    "spectral_loss": 0.0
}
                              
Test Results: {
    "ci": 0.7953,
    "classification_loss": 0.0,
    "cluster_loss": 0.0,
    "mae": 0.6466,
    "mse": 0.9545,
    "multiclassification_loss": 0.0,
    "ortho_loss": 0.0,
    "pearson": 0.7598,
    "regression_loss": 0.9545,
    "rm2": 0.5384,
    "rmse": 0.977,
    "sd": 0.9586,
    "spearman": 0.758,
    "spectral_loss": 0.0
}
[best epoch] epoch=86, best_rmse=0.9414, lr_at_best=1.000e-04
                              
                              
----------------------------------------
Epoch 100 with LR 0.000100: Model Results
----------------------------------------
Train MSE Loss: 0.3443, Train CLS Loss: 0.0000, Train MCLS Loss: 0.0000
Protein Cluster Region Loss - Ortho Loss: 0.0000, Cluster Loss: 0.0000
                              
Validation Results: {
    "ci": 0.8099,
    "classification_loss": 0.0,
    "cluster_loss": 0.0,
    "mae": 0.5949,
    "mse": 0.9741,
    "multiclassification_loss": 0.0,
    "ortho_loss": 0.0,
    "pearson": 0.7479,
    "regression_loss": 0.9656,
    "rm2": 0.5371,
    "rmse": 0.987,
    "sd": 0.9713,
    "spearman": 0.7855,
    "spectral_loss": 0.0
}
                              
Test Results: {
    "ci": 0.7953,
    "classification_loss": 0.0,
    "cluster_loss": 0.0,
    "mae": 0.6466,
    "mse": 0.9545,
    "multiclassification_loss": 0.0,
    "ortho_loss": 0.0,
    "pearson": 0.7598,
    "regression_loss": 0.9545,
    "rm2": 0.5384,
    "rmse": 0.977,
    "sd": 0.9586,
    "spearman": 0.758,
    "spectral_loss": 0.0
}
Final test metrics: rmse=0.9770, pearson=0.7598, r2_proxy(mse)=0.9545
Done. Predictions: /sc/arion/projects/DiseaseGeneCell/Huang_lab_project/wangcDrugRepoProject/TRACE_Kin_Results_v3/MPEK_dataset/MPEK_kcat_ESMv1_embedding_cold_drug/test_prediction_seed2.csv; checkpoint: /sc/arion/projects/DiseaseGeneCell/Huang_lab_project/wangcDrugRepoProject/TRACE_Kin_Results_v3/MPEK_dataset/MPEK_kcat_ESMv1_embedding_cold_drug/save_model_seed2/model.pt

==========================================
Array task 4/14: OK (MPEK_kcat_ESMv1_embedding_cold_drug)
==========================================


PS:

Read file <242614933.4.stderr> for stderr output of this job.

