Sender: LSF System <lsfadmin@lg03e10>
Subject: Job 242614935[13]: <trace_kin_v3_s1[1-14]> in cluster <chimera> Done

Job <trace_kin_v3_s1[1-14]> was submitted from host <li04e01> by user <wangc40> in cluster <chimera> at Fri May  8 16:46:47 2026
Job was executed on host(s) <16*lg03e10>, in queue <gpu>, as user <wangc40> in cluster <chimera> at Fri May  8 16:46:53 2026
</hpc/users/wangc40> was used as the home directory.
</sc/arion/projects/DiseaseGeneCell/Huang_lab_project/wangcDrugRepoProject/TRACE-Kin> was used as the working directory.
Started at Fri May  8 16:46:53 2026
Terminated at Fri May  8 18:20:19 2026
Results reported at Fri May  8 18:20:19 2026

Your job looked like:

------------------------------------------------------------
# LSBATCH: User input
#!/bin/bash
#BSUB -J trace_kin_v3_s1[1-14]
#BSUB -P acc_DiseaseGeneCell
#BSUB -q gpu
#BSUB -R h100nvl
#BSUB -gpu num=1
#BSUB -n 16
#BSUB -R "rusage[mem=8000]"
#BSUB -R "span[hosts=1]"
#BSUB -W 48:00
#BSUB -o %J.%I.stdout
#BSUB -eo %J.%I.stderr
#BSUB -L /bin/bash

# =============================================================================
# TRACE-Kin v3 rerun — LSF job array
# =============================================================================
# Submit with:
#     bsub < training/run_v3_array.lsf
#
# Or chain off the smoke test (recommended):
#     bsub -w "done(<SMOKE_JOB_ID>)" < training/run_v3_array.lsf
#
# For the multi-seed ensemble (the paper config), submit additional seeds in
# parallel after the SEED=1 array completes (or alongside, as separate jobs):
#     SEED=2 bsub -J "trace_kin_v3_s2[1-14]" < training/run_v3_array.lsf
#     SEED=3 bsub -J "trace_kin_v3_s3[1-14]" < training/run_v3_array.lsf
# After all seeds finish, analysis/aggregate_results.py averages predictions
# across seeds before computing RMSE.
#
# LSF expands #BSUB -J trace_kin_v3[1-14] into 14 array tasks, each with a
# distinct ${LSB_JOBINDEX} in 1..14. The body looks up the per-index
# (dataset_source, dataset_name, pool_paths) tuple from the inline table below
# and invokes train_trace_kin.py with model_version=v3.
#
# The 14 tasks correspond to:
#   * 12 RF-gap targets (catalytic kinetics where v1 trails RF by 1.4%–8.7%)
#   * 2 Ki preservation guards (where v1 already wins, must not regress)
# =============================================================================

# --- Environment -------------------------------------------------------------
# Match the prologue of the proven-working PSICHIC LSFs verbatim — no
# `set -euo pipefail`. Mount Sinai's /etc/profile.d scripts return non-zero
# in places that aren't real errors, and errexit aborts the job before
# module + conda activation can complete.
ml purge
source ~/.bashrc
module load anaconda3/2024.06
source activate test
module load cuda/12.4.0

(... more ...)
------------------------------------------------------------

Successfully completed.

Resource usage summary:

    CPU time :                                   5574.00 sec.
    Max Memory :                                 6098 MB
    Average Memory :                             6063.14 MB
    Total Requested Memory :                     128000.00 MB
    Delta Memory :                               121902.00 MB
    Max Swap :                                   -
    Max Processes :                              4
    Max Threads :                                19
    Run time :                                   5606 sec.
    Turnaround time :                            5612 sec.

The output (if any) follows:

==========================================
TRACE-Kin v3 array task 13/14
==========================================
Date:        Fri May  8 16:46:56 EDT 2026
Dataset:     /sc/arion/projects/DiseaseGeneCell/Huang_lab_project/drug_discovery/output/data/enzyme_embeddings_dataset/catpred_dataset/catpred_ki_ProteinCLIP_embedding_random
Result:      /sc/arion/projects/DiseaseGeneCell/Huang_lab_project/wangcDrugRepoProject/TRACE_Kin_Results_v3/catpred_dataset/catpred_ki_ProteinCLIP_embedding_random
Config:      training/config_v3.json
Pool CSVs:   (none)
Model:       v3 (dual-head + learned gate)
Epochs:      100, batch=16, seed=1, lr=1e-4
==========================================
Python 3.12.2
Python: /sc/arion/work/wangc40/test-env/envs/test/bin/python
CUDA device: NVIDIA H100 80GB HBM3, sm_90
============================================================
TRACE-Kin training
============================================================
Datafolder:        /sc/arion/projects/DiseaseGeneCell/Huang_lab_project/drug_discovery/output/data/enzyme_embeddings_dataset/catpred_dataset/catpred_ki_ProteinCLIP_embedding_random
Result path:       /sc/arion/projects/DiseaseGeneCell/Huang_lab_project/wangcDrugRepoProject/TRACE_Kin_Results_v3/catpred_dataset/catpred_ki_ProteinCLIP_embedding_random
Config:            training/config_v3.json
Pool train CSVs:   (none)
============================================================
Loading primary train: /sc/arion/projects/DiseaseGeneCell/Huang_lab_project/drug_discovery/output/data/enzyme_embeddings_dataset/catpred_dataset/catpred_ki_ProteinCLIP_embedding_random/train.parquet
Loading primary test: /sc/arion/projects/DiseaseGeneCell/Huang_lab_project/drug_discovery/output/data/enzyme_embeddings_dataset/catpred_dataset/catpred_ki_ProteinCLIP_embedding_random/test.parquet
Loading primary val: /sc/arion/projects/DiseaseGeneCell/Huang_lab_project/drug_discovery/output/data/enzyme_embeddings_dataset/catpred_dataset/catpred_ki_ProteinCLIP_embedding_random/val.parquet
Detected prot_evo_channels = 128
seq2feat: 2829 unique sequences.
model_version: v3, use_swa: False
Building protein graphs from scratch (this can be slow)...
Building ligand graphs from scratch...
⚠️  Warning: Failed to parse SMILES: *C(=O)OCC(O)CO[PH](=O)(=O)OCC(O)COC(*)=O
   Skipping this molecule and returning None
⚠️  Skipped invalid SMILES: *C(=O)OCC(O)CO[PH](=O)(=O)OCC(O)COC(*)=O
⚠️  Warning: Skipped 1 invalid SMILES strings
WARN: dropping 1 train rows with missing protein/ligand graphs.
loaders ready: train=597 test=75 val=75
Computing PNA degrees from training data...
Built TraceKinV3 with 6,852,123 parameters
[LR schedule] schedule_lr=False, lrate=0.0001, min_lrate=0, warmup_iters=0, lr_decay_iters=59700, total_iters=59700
Not in terminal, reprint now using normal build-in print function.
                              
                              
----------------------------------------
Epoch 001 with LR 0.000100: Model Results
----------------------------------------
Train MSE Loss: 2.5066, Train CLS Loss: 0.0000, Train MCLS Loss: 0.0000
Protein Cluster Region Loss - Ortho Loss: 0.0000, Cluster Loss: 0.0000
                              
Validation Results: {
    "ci": 0.7414,
    "classification_loss": 0.0,
    "cluster_loss": 0.0,
    "mae": 1.1789,
    "mse": 2.2539,
    "multiclassification_loss": 0.0,
    "ortho_loss": 0.0,
    "pearson": 0.666,
    "regression_loss": 2.2457,
    "rm2": 0.4263,
    "rmse": 1.5013,
    "sd": 1.4996,
    "spearman": 0.6654,
    "spectral_loss": 0.0
}
                              
Test Results: {
    "ci": 0.7424,
    "classification_loss": 0.0,
    "cluster_loss": 0.0,
    "mae": 1.1569,
    "mse": 2.1898,
    "multiclassification_loss": 0.0,
    "ortho_loss": 0.0,
    "pearson": 0.6664,
    "regression_loss": 2.1871,
    "rm2": 0.4183,
    "rmse": 1.4798,
    "sd": 1.4742,
    "spearman": 0.6712,
    "spectral_loss": 0.0
}
                              
                              
----------------------------------------
Epoch 002 with LR 0.000100: Model Results
----------------------------------------
Train MSE Loss: 1.7847, Train CLS Loss: 0.0000, Train MCLS Loss: 0.0000
Protein Cluster Region Loss - Ortho Loss: 0.0000, Cluster Loss: 0.0000
                              
Validation Results: {
    "ci": 0.7545,
    "classification_loss": 0.0,
    "cluster_loss": 0.0,
    "mae": 1.1146,
    "mse": 2.0867,
    "multiclassification_loss": 0.0,
    "ortho_loss": 0.0,
    "pearson": 0.7023,
    "regression_loss": 2.0795,
    "rm2": 0.4836,
    "rmse": 1.4445,
    "sd": 1.4312,
    "spearman": 0.6913,
    "spectral_loss": 0.0
}
                              
Test Results: {
    "ci": 0.7515,
    "classification_loss": 0.0,
    "cluster_loss": 0.0,
    "mae": 1.1217,
    "mse": 2.1196,
    "multiclassification_loss": 0.0,
    "ortho_loss": 0.0,
    "pearson": 0.6867,
    "regression_loss": 2.1143,
    "rm2": 0.4582,
    "rmse": 1.4559,
    "sd": 1.4374,
    "spearman": 0.6861,
    "spectral_loss": 0.0
}
                              
                              
----------------------------------------
Epoch 003 with LR 0.000100: Model Results
----------------------------------------
Train MSE Loss: 1.4969, Train CLS Loss: 0.0000, Train MCLS Loss: 0.0000
Protein Cluster Region Loss - Ortho Loss: 0.0000, Cluster Loss: 0.0000
                              
Validation Results: {
    "ci": 0.7706,
    "classification_loss": 0.0,
    "cluster_loss": 0.0,
    "mae": 1.0498,
    "mse": 1.9002,
    "multiclassification_loss": 0.0,
    "ortho_loss": 0.0,
    "pearson": 0.7354,
    "regression_loss": 1.8934,
    "rm2": 0.5103,
    "rmse": 1.3785,
    "sd": 1.3624,
    "spearman": 0.7263,
    "spectral_loss": 0.0
}
                              
Test Results: {
    "ci": 0.767,
    "classification_loss": 0.0,
    "cluster_loss": 0.0,
    "mae": 1.0483,
    "mse": 1.9325,
    "multiclassification_loss": 0.0,
    "ortho_loss": 0.0,
    "pearson": 0.7163,
    "regression_loss": 1.933,
    "rm2": 0.4947,
    "rmse": 1.3902,
    "sd": 1.3798,
    "spearman": 0.7189,
    "spectral_loss": 0.0
}
                              
                              
----------------------------------------
Epoch 004 with LR 0.000100: Model Results
----------------------------------------
Train MSE Loss: 1.2936, Train CLS Loss: 0.0000, Train MCLS Loss: 0.0000
Protein Cluster Region Loss - Ortho Loss: 0.0000, Cluster Loss: 0.0000
                              
Validation Results: {
    "ci": 0.7725,
    "classification_loss": 0.0,
    "cluster_loss": 0.0,
    "mae": 1.0472,
    "mse": 1.8978,
    "multiclassification_loss": 0.0,
    "ortho_loss": 0.0,
    "pearson": 0.7389,
    "regression_loss": 1.8923,
    "rm2": 0.5348,
    "rmse": 1.3776,
    "sd": 1.3547,
    "spearman": 0.7285,
    "spectral_loss": 0.0
}
                              
Test Results: {
    "ci": 0.7679,
    "classification_loss": 0.0,
    "cluster_loss": 0.0,
    "mae": 1.0609,
    "mse": 1.9568,
    "multiclassification_loss": 0.0,
    "ortho_loss": 0.0,
    "pearson": 0.7199,
    "regression_loss": 1.9534,
    "rm2": 0.5027,
    "rmse": 1.3988,
    "sd": 1.3724,
    "spearman": 0.7205,
    "spectral_loss": 0.0
}
                              
                              
----------------------------------------
Epoch 005 with LR 0.000100: Model Results
----------------------------------------
Train MSE Loss: 1.1399, Train CLS Loss: 0.0000, Train MCLS Loss: 0.0000
Protein Cluster Region Loss - Ortho Loss: 0.0000, Cluster Loss: 0.0000
                              
Validation Results: {
    "ci": 0.7779,
    "classification_loss": 0.0,
    "cluster_loss": 0.0,
    "mae": 1.0394,
    "mse": 1.8902,
    "multiclassification_loss": 0.0,
    "ortho_loss": 0.0,
    "pearson": 0.7465,
    "regression_loss": 1.8839,
    "rm2": 0.5448,
    "rmse": 1.3748,
    "sd": 1.3376,
    "spearman": 0.7395,
    "spectral_loss": 0.0
}
                              
Test Results: {
    "ci": 0.7714,
    "classification_loss": 0.0,
    "cluster_loss": 0.0,
    "mae": 1.0545,
    "mse": 1.9647,
    "multiclassification_loss": 0.0,
    "ortho_loss": 0.0,
    "pearson": 0.7239,
    "regression_loss": 1.9598,
    "rm2": 0.5097,
    "rmse": 1.4017,
    "sd": 1.3641,
    "spearman": 0.728,
    "spectral_loss": 0.0
}
                              
                              
----------------------------------------
Epoch 006 with LR 0.000100: Model Results
----------------------------------------
Train MSE Loss: 1.0248, Train CLS Loss: 0.0000, Train MCLS Loss: 0.0000
Protein Cluster Region Loss - Ortho Loss: 0.0000, Cluster Loss: 0.0000
                              
Validation Results: {
    "ci": 0.7776,
    "classification_loss": 0.0,
    "cluster_loss": 0.0,
    "mae": 1.006,
    "mse": 1.8055,
    "multiclassification_loss": 0.0,
    "ortho_loss": 0.0,
    "pearson": 0.747,
    "regression_loss": 1.7996,
    "rm2": 0.5261,
    "rmse": 1.3437,
    "sd": 1.3366,
    "spearman": 0.7397,
    "spectral_loss": 0.0
}
                              
Test Results: {
    "ci": 0.7711,
    "classification_loss": 0.0,
    "cluster_loss": 0.0,
    "mae": 1.0172,
    "mse": 1.8694,
    "multiclassification_loss": 0.0,
    "ortho_loss": 0.0,
    "pearson": 0.725,
    "regression_loss": 1.8683,
    "rm2": 0.502,
    "rmse": 1.3672,
    "sd": 1.3619,
    "spearman": 0.7257,
    "spectral_loss": 0.0
}
                              
                              
----------------------------------------
Epoch 007 with LR 0.000100: Model Results
----------------------------------------
Train MSE Loss: 0.9292, Train CLS Loss: 0.0000, Train MCLS Loss: 0.0000
Protein Cluster Region Loss - Ortho Loss: 0.0000, Cluster Loss: 0.0000
                              
Validation Results: {
    "ci": 0.7826,
    "classification_loss": 0.0,
    "cluster_loss": 0.0,
    "mae": 0.9898,
    "mse": 1.7771,
    "multiclassification_loss": 0.0,
    "ortho_loss": 0.0,
    "pearson": 0.7531,
    "regression_loss": 1.7707,
    "rm2": 0.5346,
    "rmse": 1.3331,
    "sd": 1.3228,
    "spearman": 0.7493,
    "spectral_loss": 0.0
}
                              
Test Results: {
    "ci": 0.7733,
    "classification_loss": 0.0,
    "cluster_loss": 0.0,
    "mae": 1.0177,
    "mse": 1.8782,
    "multiclassification_loss": 0.0,
    "ortho_loss": 0.0,
    "pearson": 0.7253,
    "regression_loss": 1.8782,
    "rm2": 0.4989,
    "rmse": 1.3705,
    "sd": 1.3613,
    "spearman": 0.7324,
    "spectral_loss": 0.0
}
                              
                              
----------------------------------------
Epoch 008 with LR 0.000100: Model Results
----------------------------------------
Train MSE Loss: 0.8485, Train CLS Loss: 0.0000, Train MCLS Loss: 0.0000
Protein Cluster Region Loss - Ortho Loss: 0.0000, Cluster Loss: 0.0000
                              
Validation Results: {
    "ci": 0.7772,
    "classification_loss": 0.0,
    "cluster_loss": 0.0,
    "mae": 1.0258,
    "mse": 1.88,
    "multiclassification_loss": 0.0,
    "ortho_loss": 0.0,
    "pearson": 0.743,
    "regression_loss": 1.8752,
    "rm2": 0.4768,
    "rmse": 1.3711,
    "sd": 1.3456,
    "spearman": 0.7411,
    "spectral_loss": 0.0
}
                              
Test Results: {
    "ci": 0.7733,
    "classification_loss": 0.0,
    "cluster_loss": 0.0,
    "mae": 1.0177,
    "mse": 1.8782,
    "multiclassification_loss": 0.0,
    "ortho_loss": 0.0,
    "pearson": 0.7253,
    "regression_loss": 1.8782,
    "rm2": 0.4989,
    "rmse": 1.3705,
    "sd": 1.3613,
    "spearman": 0.7324,
    "spectral_loss": 0.0
}
                              
                              
----------------------------------------
Epoch 009 with LR 0.000100: Model Results
----------------------------------------
Train MSE Loss: 0.7903, Train CLS Loss: 0.0000, Train MCLS Loss: 0.0000
Protein Cluster Region Loss - Ortho Loss: 0.0000, Cluster Loss: 0.0000
                              
Validation Results: {
    "ci": 0.7811,
    "classification_loss": 0.0,
    "cluster_loss": 0.0,
    "mae": 0.9998,
    "mse": 1.8012,
    "multiclassification_loss": 0.0,
    "ortho_loss": 0.0,
    "pearson": 0.7496,
    "regression_loss": 1.7949,
    "rm2": 0.5094,
    "rmse": 1.3421,
    "sd": 1.3307,
    "spearman": 0.7482,
    "spectral_loss": 0.0
}
                              
Test Results: {
    "ci": 0.7733,
    "classification_loss": 0.0,
    "cluster_loss": 0.0,
    "mae": 1.0177,
    "mse": 1.8782,
    "multiclassification_loss": 0.0,
    "ortho_loss": 0.0,
    "pearson": 0.7253,
    "regression_loss": 1.8782,
    "rm2": 0.4989,
    "rmse": 1.3705,
    "sd": 1.3613,
    "spearman": 0.7324,
    "spectral_loss": 0.0
}
                              
                              
----------------------------------------
Epoch 010 with LR 0.000100: Model Results
----------------------------------------
Train MSE Loss: 0.7453, Train CLS Loss: 0.0000, Train MCLS Loss: 0.0000
Protein Cluster Region Loss - Ortho Loss: 0.0000, Cluster Loss: 0.0000
                              
Validation Results: {
    "ci": 0.7841,
    "classification_loss": 0.0,
    "cluster_loss": 0.0,
    "mae": 0.9819,
    "mse": 1.7431,
    "multiclassification_loss": 0.0,
    "ortho_loss": 0.0,
    "pearson": 0.7568,
    "regression_loss": 1.7372,
    "rm2": 0.5482,
    "rmse": 1.3203,
    "sd": 1.314,
    "spearman": 0.7531,
    "spectral_loss": 0.0
}
                              
Test Results: {
    "ci": 0.7745,
    "classification_loss": 0.0,
    "cluster_loss": 0.0,
    "mae": 1.0081,
    "mse": 1.8552,
    "multiclassification_loss": 0.0,
    "ortho_loss": 0.0,
    "pearson": 0.7294,
    "regression_loss": 1.8549,
    "rm2": 0.506,
    "rmse": 1.3621,
    "sd": 1.3526,
    "spearman": 0.7334,
    "spectral_loss": 0.0
}
                              
                              
----------------------------------------
Epoch 011 with LR 0.000100: Model Results
----------------------------------------
Train MSE Loss: 0.7166, Train CLS Loss: 0.0000, Train MCLS Loss: 0.0000
Protein Cluster Region Loss - Ortho Loss: 0.0000, Cluster Loss: 0.0000
                              
Validation Results: {
    "ci": 0.7777,
    "classification_loss": 0.0,
    "cluster_loss": 0.0,
    "mae": 1.0205,
    "mse": 1.8774,
    "multiclassification_loss": 0.0,
    "ortho_loss": 0.0,
    "pearson": 0.7471,
    "regression_loss": 1.8697,
    "rm2": 0.4726,
    "rmse": 1.3702,
    "sd": 1.3363,
    "spearman": 0.7397,
    "spectral_loss": 0.0
}
                              
Test Results: {
    "ci": 0.7745,
    "classification_loss": 0.0,
    "cluster_loss": 0.0,
    "mae": 1.0081,
    "mse": 1.8552,
    "multiclassification_loss": 0.0,
    "ortho_loss": 0.0,
    "pearson": 0.7294,
    "regression_loss": 1.8549,
    "rm2": 0.506,
    "rmse": 1.3621,
    "sd": 1.3526,
    "spearman": 0.7334,
    "spectral_loss": 0.0
}
                              
                              
----------------------------------------
Epoch 012 with LR 0.000100: Model Results
----------------------------------------
Train MSE Loss: 0.6847, Train CLS Loss: 0.0000, Train MCLS Loss: 0.0000
Protein Cluster Region Loss - Ortho Loss: 0.0000, Cluster Loss: 0.0000
                              
Validation Results: {
    "ci": 0.7819,
    "classification_loss": 0.0,
    "cluster_loss": 0.0,
    "mae": 0.9897,
    "mse": 1.7855,
    "multiclassification_loss": 0.0,
    "ortho_loss": 0.0,
    "pearson": 0.7538,
    "regression_loss": 1.7788,
    "rm2": 0.5121,
    "rmse": 1.3362,
    "sd": 1.321,
    "spearman": 0.7488,
    "spectral_loss": 0.0
}
                              
Test Results: {
    "ci": 0.7745,
    "classification_loss": 0.0,
    "cluster_loss": 0.0,
    "mae": 1.0081,
    "mse": 1.8552,
    "multiclassification_loss": 0.0,
    "ortho_loss": 0.0,
    "pearson": 0.7294,
    "regression_loss": 1.8549,
    "rm2": 0.506,
    "rmse": 1.3621,
    "sd": 1.3526,
    "spearman": 0.7334,
    "spectral_loss": 0.0
}
                              
                              
----------------------------------------
Epoch 013 with LR 0.000100: Model Results
----------------------------------------
Train MSE Loss: 0.6547, Train CLS Loss: 0.0000, Train MCLS Loss: 0.0000
Protein Cluster Region Loss - Ortho Loss: 0.0000, Cluster Loss: 0.0000
                              
Validation Results: {
    "ci": 0.7864,
    "classification_loss": 0.0,
    "cluster_loss": 0.0,
    "mae": 0.9796,
    "mse": 1.7377,
    "multiclassification_loss": 0.0,
    "ortho_loss": 0.0,
    "pearson": 0.7608,
    "regression_loss": 1.7306,
    "rm2": 0.5413,
    "rmse": 1.3182,
    "sd": 1.3048,
    "spearman": 0.7585,
    "spectral_loss": 0.0
}
                              
Test Results: {
    "ci": 0.774,
    "classification_loss": 0.0,
    "cluster_loss": 0.0,
    "mae": 1.0097,
    "mse": 1.8757,
    "multiclassification_loss": 0.0,
    "ortho_loss": 0.0,
    "pearson": 0.7292,
    "regression_loss": 1.874,
    "rm2": 0.4892,
    "rmse": 1.3696,
    "sd": 1.353,
    "spearman": 0.7321,
    "spectral_loss": 0.0
}
                              
                              
----------------------------------------
Epoch 014 with LR 0.000100: Model Results
----------------------------------------
Train MSE Loss: 0.6254, Train CLS Loss: 0.0000, Train MCLS Loss: 0.0000
Protein Cluster Region Loss - Ortho Loss: 0.0000, Cluster Loss: 0.0000
                              
Validation Results: {
    "ci": 0.7826,
    "classification_loss": 0.0,
    "cluster_loss": 0.0,
    "mae": 0.9808,
    "mse": 1.795,
    "multiclassification_loss": 0.0,
    "ortho_loss": 0.0,
    "pearson": 0.756,
    "regression_loss": 1.7881,
    "rm2": 0.5068,
    "rmse": 1.3398,
    "sd": 1.316,
    "spearman": 0.7493,
    "spectral_loss": 0.0
}
                              
Test Results: {
    "ci": 0.774,
    "classification_loss": 0.0,
    "cluster_loss": 0.0,
    "mae": 1.0097,
    "mse": 1.8757,
    "multiclassification_loss": 0.0,
    "ortho_loss": 0.0,
    "pearson": 0.7292,
    "regression_loss": 1.874,
    "rm2": 0.4892,
    "rmse": 1.3696,
    "sd": 1.353,
    "spearman": 0.7321,
    "spectral_loss": 0.0
}
                              
                              
----------------------------------------
Epoch 015 with LR 0.000100: Model Results
----------------------------------------
Train MSE Loss: 0.6134, Train CLS Loss: 0.0000, Train MCLS Loss: 0.0000
Protein Cluster Region Loss - Ortho Loss: 0.0000, Cluster Loss: 0.0000
                              
Validation Results: {
    "ci": 0.784,
    "classification_loss": 0.0,
    "cluster_loss": 0.0,
    "mae": 0.9872,
    "mse": 1.7844,
    "multiclassification_loss": 0.0,
    "ortho_loss": 0.0,
    "pearson": 0.7558,
    "regression_loss": 1.7766,
    "rm2": 0.5412,
    "rmse": 1.3358,
    "sd": 1.3164,
    "spearman": 0.7516,
    "spectral_loss": 0.0
}
                              
Test Results: {
    "ci": 0.774,
    "classification_loss": 0.0,
    "cluster_loss": 0.0,
    "mae": 1.0097,
    "mse": 1.8757,
    "multiclassification_loss": 0.0,
    "ortho_loss": 0.0,
    "pearson": 0.7292,
    "regression_loss": 1.874,
    "rm2": 0.4892,
    "rmse": 1.3696,
    "sd": 1.353,
    "spearman": 0.7321,
    "spectral_loss": 0.0
}
                              
                              
----------------------------------------
Epoch 016 with LR 0.000100: Model Results
----------------------------------------
Train MSE Loss: 0.5903, Train CLS Loss: 0.0000, Train MCLS Loss: 0.0000
Protein Cluster Region Loss - Ortho Loss: 0.0000, Cluster Loss: 0.0000
                              
Validation Results: {
    "ci": 0.7852,
    "classification_loss": 0.0,
    "cluster_loss": 0.0,
    "mae": 0.9805,
    "mse": 1.7635,
    "multiclassification_loss": 0.0,
    "ortho_loss": 0.0,
    "pearson": 0.7601,
    "regression_loss": 1.7553,
    "rm2": 0.5292,
    "rmse": 1.328,
    "sd": 1.3064,
    "spearman": 0.755,
    "spectral_loss": 0.0
}
                              
Test Results: {
    "ci": 0.774,
    "classification_loss": 0.0,
    "cluster_loss": 0.0,
    "mae": 1.0097,
    "mse": 1.8757,
    "multiclassification_loss": 0.0,
    "ortho_loss": 0.0,
    "pearson": 0.7292,
    "regression_loss": 1.874,
    "rm2": 0.4892,
    "rmse": 1.3696,
    "sd": 1.353,
    "spearman": 0.7321,
    "spectral_loss": 0.0
}
                              
                              
----------------------------------------
Epoch 017 with LR 0.000100: Model Results
----------------------------------------
Train MSE Loss: 0.5652, Train CLS Loss: 0.0000, Train MCLS Loss: 0.0000
Protein Cluster Region Loss - Ortho Loss: 0.0000, Cluster Loss: 0.0000
                              
Validation Results: {
    "ci": 0.7845,
    "classification_loss": 0.0,
    "cluster_loss": 0.0,
    "mae": 0.9788,
    "mse": 1.7678,
    "multiclassification_loss": 0.0,
    "ortho_loss": 0.0,
    "pearson": 0.7558,
    "regression_loss": 1.7597,
    "rm2": 0.5445,
    "rmse": 1.3296,
    "sd": 1.3164,
    "spearman": 0.753,
    "spectral_loss": 0.0
}
                              
Test Results: {
    "ci": 0.774,
    "classification_loss": 0.0,
    "cluster_loss": 0.0,
    "mae": 1.0097,
    "mse": 1.8757,
    "multiclassification_loss": 0.0,
    "ortho_loss": 0.0,
    "pearson": 0.7292,
    "regression_loss": 1.874,
    "rm2": 0.4892,
    "rmse": 1.3696,
    "sd": 1.353,
    "spearman": 0.7321,
    "spectral_loss": 0.0
}
                              
                              
----------------------------------------
Epoch 018 with LR 0.000100: Model Results
----------------------------------------
Train MSE Loss: 0.5545, Train CLS Loss: 0.0000, Train MCLS Loss: 0.0000
Protein Cluster Region Loss - Ortho Loss: 0.0000, Cluster Loss: 0.0000
                              
Validation Results: {
    "ci": 0.7858,
    "classification_loss": 0.0,
    "cluster_loss": 0.0,
    "mae": 0.985,
    "mse": 1.7664,
    "multiclassification_loss": 0.0,
    "ortho_loss": 0.0,
    "pearson": 0.7607,
    "regression_loss": 1.7591,
    "rm2": 0.5097,
    "rmse": 1.3291,
    "sd": 1.3051,
    "spearman": 0.7588,
    "spectral_loss": 0.0
}
                              
Test Results: {
    "ci": 0.774,
    "classification_loss": 0.0,
    "cluster_loss": 0.0,
    "mae": 1.0097,
    "mse": 1.8757,
    "multiclassification_loss": 0.0,
    "ortho_loss": 0.0,
    "pearson": 0.7292,
    "regression_loss": 1.874,
    "rm2": 0.4892,
    "rmse": 1.3696,
    "sd": 1.353,
    "spearman": 0.7321,
    "spectral_loss": 0.0
}
                              
                              
----------------------------------------
Epoch 019 with LR 0.000100: Model Results
----------------------------------------
Train MSE Loss: 0.5298, Train CLS Loss: 0.0000, Train MCLS Loss: 0.0000
Protein Cluster Region Loss - Ortho Loss: 0.0000, Cluster Loss: 0.0000
                              
Validation Results: {
    "ci": 0.7805,
    "classification_loss": 0.0,
    "cluster_loss": 0.0,
    "mae": 0.9959,
    "mse": 1.8125,
    "multiclassification_loss": 0.0,
    "ortho_loss": 0.0,
    "pearson": 0.7519,
    "regression_loss": 1.8057,
    "rm2": 0.509,
    "rmse": 1.3463,
    "sd": 1.3254,
    "spearman": 0.7458,
    "spectral_loss": 0.0
}
                              
Test Results: {
    "ci": 0.774,
    "classification_loss": 0.0,
    "cluster_loss": 0.0,
    "mae": 1.0097,
    "mse": 1.8757,
    "multiclassification_loss": 0.0,
    "ortho_loss": 0.0,
    "pearson": 0.7292,
    "regression_loss": 1.874,
    "rm2": 0.4892,
    "rmse": 1.3696,
    "sd": 1.353,
    "spearman": 0.7321,
    "spectral_loss": 0.0
}
                              
                              
----------------------------------------
Epoch 020 with LR 0.000100: Model Results
----------------------------------------
Train MSE Loss: 0.5100, Train CLS Loss: 0.0000, Train MCLS Loss: 0.0000
Protein Cluster Region Loss - Ortho Loss: 0.0000, Cluster Loss: 0.0000
                              
Validation Results: {
    "ci": 0.7838,
    "classification_loss": 0.0,
    "cluster_loss": 0.0,
    "mae": 0.9777,
    "mse": 1.7314,
    "multiclassification_loss": 0.0,
    "ortho_loss": 0.0,
    "pearson": 0.7601,
    "regression_loss": 1.7237,
    "rm2": 0.5428,
    "rmse": 1.3158,
    "sd": 1.3063,
    "spearman": 0.7531,
    "spectral_loss": 0.0
}
                              
Test Results: {
    "ci": 0.7773,
    "classification_loss": 0.0,
    "cluster_loss": 0.0,
    "mae": 0.9996,
    "mse": 1.8166,
    "multiclassification_loss": 0.0,
    "ortho_loss": 0.0,
    "pearson": 0.7361,
    "regression_loss": 1.8187,
    "rm2": 0.5076,
    "rmse": 1.3478,
    "sd": 1.3384,
    "spearman": 0.7408,
    "spectral_loss": 0.0
}
                              
                              
----------------------------------------
Epoch 021 with LR 0.000100: Model Results
----------------------------------------
Train MSE Loss: 0.4931, Train CLS Loss: 0.0000, Train MCLS Loss: 0.0000
Protein Cluster Region Loss - Ortho Loss: 0.0000, Cluster Loss: 0.0000
                              
Validation Results: {
    "ci": 0.7844,
    "classification_loss": 0.0,
    "cluster_loss": 0.0,
    "mae": 0.9729,
    "mse": 1.7413,
    "multiclassification_loss": 0.0,
    "ortho_loss": 0.0,
    "pearson": 0.7583,
    "regression_loss": 1.7335,
    "rm2": 0.53,
    "rmse": 1.3196,
    "sd": 1.3107,
    "spearman": 0.7544,
    "spectral_loss": 0.0
}
                              
Test Results: {
    "ci": 0.7773,
    "classification_loss": 0.0,
    "cluster_loss": 0.0,
    "mae": 0.9996,
    "mse": 1.8166,
    "multiclassification_loss": 0.0,
    "ortho_loss": 0.0,
    "pearson": 0.7361,
    "regression_loss": 1.8187,
    "rm2": 0.5076,
    "rmse": 1.3478,
    "sd": 1.3384,
    "spearman": 0.7408,
    "spectral_loss": 0.0
}
                              
                              
----------------------------------------
Epoch 022 with LR 0.000100: Model Results
----------------------------------------
Train MSE Loss: 0.4721, Train CLS Loss: 0.0000, Train MCLS Loss: 0.0000
Protein Cluster Region Loss - Ortho Loss: 0.0000, Cluster Loss: 0.0000
                              
Validation Results: {
    "ci": 0.7889,
    "classification_loss": 0.0,
    "cluster_loss": 0.0,
    "mae": 0.964,
    "mse": 1.699,
    "multiclassification_loss": 0.0,
    "ortho_loss": 0.0,
    "pearson": 0.768,
    "regression_loss": 1.6921,
    "rm2": 0.5472,
    "rmse": 1.3035,
    "sd": 1.2876,
    "spearman": 0.7634,
    "spectral_loss": 0.0
}
                              
Test Results: {
    "ci": 0.7822,
    "classification_loss": 0.0,
    "cluster_loss": 0.0,
    "mae": 0.9739,
    "mse": 1.768,
    "multiclassification_loss": 0.0,
    "ortho_loss": 0.0,
    "pearson": 0.7472,
    "regression_loss": 1.768,
    "rm2": 0.5152,
    "rmse": 1.3297,
    "sd": 1.3142,
    "spearman": 0.75,
    "spectral_loss": 0.0
}
                              
                              
----------------------------------------
Epoch 023 with LR 0.000100: Model Results
----------------------------------------
Train MSE Loss: 0.4645, Train CLS Loss: 0.0000, Train MCLS Loss: 0.0000
Protein Cluster Region Loss - Ortho Loss: 0.0000, Cluster Loss: 0.0000
                              
Validation Results: {
    "ci": 0.7876,
    "classification_loss": 0.0,
    "cluster_loss": 0.0,
    "mae": 0.9702,
    "mse": 1.7044,
    "multiclassification_loss": 0.0,
    "ortho_loss": 0.0,
    "pearson": 0.7667,
    "regression_loss": 1.6972,
    "rm2": 0.5554,
    "rmse": 1.3055,
    "sd": 1.2906,
    "spearman": 0.7625,
    "spectral_loss": 0.0
}
                              
Test Results: {
    "ci": 0.7822,
    "classification_loss": 0.0,
    "cluster_loss": 0.0,
    "mae": 0.9739,
    "mse": 1.768,
    "multiclassification_loss": 0.0,
    "ortho_loss": 0.0,
    "pearson": 0.7472,
    "regression_loss": 1.768,
    "rm2": 0.5152,
    "rmse": 1.3297,
    "sd": 1.3142,
    "spearman": 0.75,
    "spectral_loss": 0.0
}
                              
                              
----------------------------------------
Epoch 024 with LR 0.000100: Model Results
----------------------------------------
Train MSE Loss: 0.4494, Train CLS Loss: 0.0000, Train MCLS Loss: 0.0000
Protein Cluster Region Loss - Ortho Loss: 0.0000, Cluster Loss: 0.0000
                              
Validation Results: {
    "ci": 0.7858,
    "classification_loss": 0.0,
    "cluster_loss": 0.0,
    "mae": 0.9813,
    "mse": 1.7422,
    "multiclassification_loss": 0.0,
    "ortho_loss": 0.0,
    "pearson": 0.7612,
    "regression_loss": 1.7363,
    "rm2": 0.5384,
    "rmse": 1.3199,
    "sd": 1.3038,
    "spearman": 0.7584,
    "spectral_loss": 0.0
}
                              
Test Results: {
    "ci": 0.7822,
    "classification_loss": 0.0,
    "cluster_loss": 0.0,
    "mae": 0.9739,
    "mse": 1.768,
    "multiclassification_loss": 0.0,
    "ortho_loss": 0.0,
    "pearson": 0.7472,
    "regression_loss": 1.768,
    "rm2": 0.5152,
    "rmse": 1.3297,
    "sd": 1.3142,
    "spearman": 0.75,
    "spectral_loss": 0.0
}
                              
                              
----------------------------------------
Epoch 025 with LR 0.000100: Model Results
----------------------------------------
Train MSE Loss: 0.4334, Train CLS Loss: 0.0000, Train MCLS Loss: 0.0000
Protein Cluster Region Loss - Ortho Loss: 0.0000, Cluster Loss: 0.0000
                              
Validation Results: {
    "ci": 0.7838,
    "classification_loss": 0.0,
    "cluster_loss": 0.0,
    "mae": 0.9755,
    "mse": 1.7674,
    "multiclassification_loss": 0.0,
    "ortho_loss": 0.0,
    "pearson": 0.7584,
    "regression_loss": 1.7606,
    "rm2": 0.5112,
    "rmse": 1.3294,
    "sd": 1.3104,
    "spearman": 0.7534,
    "spectral_loss": 0.0
}
                              
Test Results: {
    "ci": 0.7822,
    "classification_loss": 0.0,
    "cluster_loss": 0.0,
    "mae": 0.9739,
    "mse": 1.768,
    "multiclassification_loss": 0.0,
    "ortho_loss": 0.0,
    "pearson": 0.7472,
    "regression_loss": 1.768,
    "rm2": 0.5152,
    "rmse": 1.3297,
    "sd": 1.3142,
    "spearman": 0.75,
    "spectral_loss": 0.0
}
                              
                              
----------------------------------------
Epoch 026 with LR 0.000100: Model Results
----------------------------------------
Train MSE Loss: 0.4286, Train CLS Loss: 0.0000, Train MCLS Loss: 0.0000
Protein Cluster Region Loss - Ortho Loss: 0.0000, Cluster Loss: 0.0000
                              
Validation Results: {
    "ci": 0.7878,
    "classification_loss": 0.0,
    "cluster_loss": 0.0,
    "mae": 0.9669,
    "mse": 1.6846,
    "multiclassification_loss": 0.0,
    "ortho_loss": 0.0,
    "pearson": 0.7698,
    "regression_loss": 1.6771,
    "rm2": 0.5462,
    "rmse": 1.2979,
    "sd": 1.2831,
    "spearman": 0.7624,
    "spectral_loss": 0.0
}
                              
Test Results: {
    "ci": 0.779,
    "classification_loss": 0.0,
    "cluster_loss": 0.0,
    "mae": 0.9907,
    "mse": 1.8125,
    "multiclassification_loss": 0.0,
    "ortho_loss": 0.0,
    "pearson": 0.7398,
    "regression_loss": 1.8133,
    "rm2": 0.4999,
    "rmse": 1.3463,
    "sd": 1.3305,
    "spearman": 0.743,
    "spectral_loss": 0.0
}
                              
                              
----------------------------------------
Epoch 027 with LR 0.000100: Model Results
----------------------------------------
Train MSE Loss: 0.4239, Train CLS Loss: 0.0000, Train MCLS Loss: 0.0000
Protein Cluster Region Loss - Ortho Loss: 0.0000, Cluster Loss: 0.0000
                              
Validation Results: {
    "ci": 0.7868,
    "classification_loss": 0.0,
    "cluster_loss": 0.0,
    "mae": 0.9816,
    "mse": 1.7299,
    "multiclassification_loss": 0.0,
    "ortho_loss": 0.0,
    "pearson": 0.7632,
    "regression_loss": 1.7219,
    "rm2": 0.537,
    "rmse": 1.3152,
    "sd": 1.299,
    "spearman": 0.7605,
    "spectral_loss": 0.0
}
                              
Test Results: {
    "ci": 0.779,
    "classification_loss": 0.0,
    "cluster_loss": 0.0,
    "mae": 0.9907,
    "mse": 1.8125,
    "multiclassification_loss": 0.0,
    "ortho_loss": 0.0,
    "pearson": 0.7398,
    "regression_loss": 1.8133,
    "rm2": 0.4999,
    "rmse": 1.3463,
    "sd": 1.3305,
    "spearman": 0.743,
    "spectral_loss": 0.0
}
                              
                              
----------------------------------------
Epoch 028 with LR 0.000100: Model Results
----------------------------------------
Train MSE Loss: 0.4026, Train CLS Loss: 0.0000, Train MCLS Loss: 0.0000
Protein Cluster Region Loss - Ortho Loss: 0.0000, Cluster Loss: 0.0000
                              
Validation Results: {
    "ci": 0.7863,
    "classification_loss": 0.0,
    "cluster_loss": 0.0,
    "mae": 0.9798,
    "mse": 1.7455,
    "multiclassification_loss": 0.0,
    "ortho_loss": 0.0,
    "pearson": 0.7626,
    "regression_loss": 1.7395,
    "rm2": 0.5319,
    "rmse": 1.3212,
    "sd": 1.3005,
    "spearman": 0.7585,
    "spectral_loss": 0.0
}
                              
Test Results: {
    "ci": 0.779,
    "classification_loss": 0.0,
    "cluster_loss": 0.0,
    "mae": 0.9907,
    "mse": 1.8125,
    "multiclassification_loss": 0.0,
    "ortho_loss": 0.0,
    "pearson": 0.7398,
    "regression_loss": 1.8133,
    "rm2": 0.4999,
    "rmse": 1.3463,
    "sd": 1.3305,
    "spearman": 0.743,
    "spectral_loss": 0.0
}
                              
                              
----------------------------------------
Epoch 029 with LR 0.000100: Model Results
----------------------------------------
Train MSE Loss: 0.3961, Train CLS Loss: 0.0000, Train MCLS Loss: 0.0000
Protein Cluster Region Loss - Ortho Loss: 0.0000, Cluster Loss: 0.0000
                              
Validation Results: {
    "ci": 0.7887,
    "classification_loss": 0.0,
    "cluster_loss": 0.0,
    "mae": 0.9668,
    "mse": 1.7225,
    "multiclassification_loss": 0.0,
    "ortho_loss": 0.0,
    "pearson": 0.7672,
    "regression_loss": 1.7159,
    "rm2": 0.5475,
    "rmse": 1.3124,
    "sd": 1.2896,
    "spearman": 0.7621,
    "spectral_loss": 0.0
}
                              
Test Results: {
    "ci": 0.779,
    "classification_loss": 0.0,
    "cluster_loss": 0.0,
    "mae": 0.9907,
    "mse": 1.8125,
    "multiclassification_loss": 0.0,
    "ortho_loss": 0.0,
    "pearson": 0.7398,
    "regression_loss": 1.8133,
    "rm2": 0.4999,
    "rmse": 1.3463,
    "sd": 1.3305,
    "spearman": 0.743,
    "spectral_loss": 0.0
}
                              
                              
----------------------------------------
Epoch 030 with LR 0.000100: Model Results
----------------------------------------
Train MSE Loss: 0.3894, Train CLS Loss: 0.0000, Train MCLS Loss: 0.0000
Protein Cluster Region Loss - Ortho Loss: 0.0000, Cluster Loss: 0.0000
                              
Validation Results: {
    "ci": 0.7869,
    "classification_loss": 0.0,
    "cluster_loss": 0.0,
    "mae": 0.9757,
    "mse": 1.7167,
    "multiclassification_loss": 0.0,
    "ortho_loss": 0.0,
    "pearson": 0.7653,
    "regression_loss": 1.7095,
    "rm2": 0.5535,
    "rmse": 1.3102,
    "sd": 1.294,
    "spearman": 0.7596,
    "spectral_loss": 0.0
}
                              
Test Results: {
    "ci": 0.779,
    "classification_loss": 0.0,
    "cluster_loss": 0.0,
    "mae": 0.9907,
    "mse": 1.8125,
    "multiclassification_loss": 0.0,
    "ortho_loss": 0.0,
    "pearson": 0.7398,
    "regression_loss": 1.8133,
    "rm2": 0.4999,
    "rmse": 1.3463,
    "sd": 1.3305,
    "spearman": 0.743,
    "spectral_loss": 0.0
}
                              
                              
----------------------------------------
Epoch 031 with LR 0.000100: Model Results
----------------------------------------
Train MSE Loss: 0.3770, Train CLS Loss: 0.0000, Train MCLS Loss: 0.0000
Protein Cluster Region Loss - Ortho Loss: 0.0000, Cluster Loss: 0.0000
                              
Validation Results: {
    "ci": 0.7866,
    "classification_loss": 0.0,
    "cluster_loss": 0.0,
    "mae": 0.9838,
    "mse": 1.7292,
    "multiclassification_loss": 0.0,
    "ortho_loss": 0.0,
    "pearson": 0.7668,
    "regression_loss": 1.7236,
    "rm2": 0.5668,
    "rmse": 1.315,
    "sd": 1.2904,
    "spearman": 0.7593,
    "spectral_loss": 0.0
}
                              
Test Results: {
    "ci": 0.779,
    "classification_loss": 0.0,
    "cluster_loss": 0.0,
    "mae": 0.9907,
    "mse": 1.8125,
    "multiclassification_loss": 0.0,
    "ortho_loss": 0.0,
    "pearson": 0.7398,
    "regression_loss": 1.8133,
    "rm2": 0.4999,
    "rmse": 1.3463,
    "sd": 1.3305,
    "spearman": 0.743,
    "spectral_loss": 0.0
}
                              
                              
----------------------------------------
Epoch 032 with LR 0.000100: Model Results
----------------------------------------
Train MSE Loss: 0.3661, Train CLS Loss: 0.0000, Train MCLS Loss: 0.0000
Protein Cluster Region Loss - Ortho Loss: 0.0000, Cluster Loss: 0.0000
                              
Validation Results: {
    "ci": 0.7885,
    "classification_loss": 0.0,
    "cluster_loss": 0.0,
    "mae": 0.9656,
    "mse": 1.7297,
    "multiclassification_loss": 0.0,
    "ortho_loss": 0.0,
    "pearson": 0.7665,
    "regression_loss": 1.7231,
    "rm2": 0.5192,
    "rmse": 1.3152,
    "sd": 1.2912,
    "spearman": 0.7617,
    "spectral_loss": 0.0
}
                              
Test Results: {
    "ci": 0.779,
    "classification_loss": 0.0,
    "cluster_loss": 0.0,
    "mae": 0.9907,
    "mse": 1.8125,
    "multiclassification_loss": 0.0,
    "ortho_loss": 0.0,
    "pearson": 0.7398,
    "regression_loss": 1.8133,
    "rm2": 0.4999,
    "rmse": 1.3463,
    "sd": 1.3305,
    "spearman": 0.743,
    "spectral_loss": 0.0
}
                              
                              
----------------------------------------
Epoch 033 with LR 0.000100: Model Results
----------------------------------------
Train MSE Loss: 0.3604, Train CLS Loss: 0.0000, Train MCLS Loss: 0.0000
Protein Cluster Region Loss - Ortho Loss: 0.0000, Cluster Loss: 0.0000
                              
Validation Results: {
    "ci": 0.7858,
    "classification_loss": 0.0,
    "cluster_loss": 0.0,
    "mae": 0.9706,
    "mse": 1.7369,
    "multiclassification_loss": 0.0,
    "ortho_loss": 0.0,
    "pearson": 0.7622,
    "regression_loss": 1.7311,
    "rm2": 0.5336,
    "rmse": 1.3179,
    "sd": 1.3014,
    "spearman": 0.7565,
    "spectral_loss": 0.0
}
                              
Test Results: {
    "ci": 0.779,
    "classification_loss": 0.0,
    "cluster_loss": 0.0,
    "mae": 0.9907,
    "mse": 1.8125,
    "multiclassification_loss": 0.0,
    "ortho_loss": 0.0,
    "pearson": 0.7398,
    "regression_loss": 1.8133,
    "rm2": 0.4999,
    "rmse": 1.3463,
    "sd": 1.3305,
    "spearman": 0.743,
    "spectral_loss": 0.0
}
                              
                              
----------------------------------------
Epoch 034 with LR 0.000100: Model Results
----------------------------------------
Train MSE Loss: 0.3565, Train CLS Loss: 0.0000, Train MCLS Loss: 0.0000
Protein Cluster Region Loss - Ortho Loss: 0.0000, Cluster Loss: 0.0000
                              
Validation Results: {
    "ci": 0.787,
    "classification_loss": 0.0,
    "cluster_loss": 0.0,
    "mae": 0.9706,
    "mse": 1.7226,
    "multiclassification_loss": 0.0,
    "ortho_loss": 0.0,
    "pearson": 0.7638,
    "regression_loss": 1.7163,
    "rm2": 0.5548,
    "rmse": 1.3125,
    "sd": 1.2975,
    "spearman": 0.758,
    "spectral_loss": 0.0
}
                              
Test Results: {
    "ci": 0.779,
    "classification_loss": 0.0,
    "cluster_loss": 0.0,
    "mae": 0.9907,
    "mse": 1.8125,
    "multiclassification_loss": 0.0,
    "ortho_loss": 0.0,
    "pearson": 0.7398,
    "regression_loss": 1.8133,
    "rm2": 0.4999,
    "rmse": 1.3463,
    "sd": 1.3305,
    "spearman": 0.743,
    "spectral_loss": 0.0
}
                              
                              
----------------------------------------
Epoch 035 with LR 0.000100: Model Results
----------------------------------------
Train MSE Loss: 0.3475, Train CLS Loss: 0.0000, Train MCLS Loss: 0.0000
Protein Cluster Region Loss - Ortho Loss: 0.0000, Cluster Loss: 0.0000
                              
Validation Results: {
    "ci": 0.7877,
    "classification_loss": 0.0,
    "cluster_loss": 0.0,
    "mae": 0.9631,
    "mse": 1.6915,
    "multiclassification_loss": 0.0,
    "ortho_loss": 0.0,
    "pearson": 0.768,
    "regression_loss": 1.6859,
    "rm2": 0.5398,
    "rmse": 1.3006,
    "sd": 1.2876,
    "spearman": 0.7602,
    "spectral_loss": 0.0
}
                              
Test Results: {
    "ci": 0.779,
    "classification_loss": 0.0,
    "cluster_loss": 0.0,
    "mae": 0.9907,
    "mse": 1.8125,
    "multiclassification_loss": 0.0,
    "ortho_loss": 0.0,
    "pearson": 0.7398,
    "regression_loss": 1.8133,
    "rm2": 0.4999,
    "rmse": 1.3463,
    "sd": 1.3305,
    "spearman": 0.743,
    "spectral_loss": 0.0
}
                              
                              
----------------------------------------
Epoch 036 with LR 0.000100: Model Results
----------------------------------------
Train MSE Loss: 0.3383, Train CLS Loss: 0.0000, Train MCLS Loss: 0.0000
Protein Cluster Region Loss - Ortho Loss: 0.0000, Cluster Loss: 0.0000
                              
Validation Results: {
    "ci": 0.7884,
    "classification_loss": 0.0,
    "cluster_loss": 0.0,
    "mae": 0.9676,
    "mse": 1.733,
    "multiclassification_loss": 0.0,
    "ortho_loss": 0.0,
    "pearson": 0.7668,
    "regression_loss": 1.7269,
    "rm2": 0.5084,
    "rmse": 1.3164,
    "sd": 1.2904,
    "spearman": 0.7616,
    "spectral_loss": 0.0
}
                              
Test Results: {
    "ci": 0.779,
    "classification_loss": 0.0,
    "cluster_loss": 0.0,
    "mae": 0.9907,
    "mse": 1.8125,
    "multiclassification_loss": 0.0,
    "ortho_loss": 0.0,
    "pearson": 0.7398,
    "regression_loss": 1.8133,
    "rm2": 0.4999,
    "rmse": 1.3463,
    "sd": 1.3305,
    "spearman": 0.743,
    "spectral_loss": 0.0
}
                              
                              
----------------------------------------
Epoch 037 with LR 0.000100: Model Results
----------------------------------------
Train MSE Loss: 0.3289, Train CLS Loss: 0.0000, Train MCLS Loss: 0.0000
Protein Cluster Region Loss - Ortho Loss: 0.0000, Cluster Loss: 0.0000
                              
Validation Results: {
    "ci": 0.7878,
    "classification_loss": 0.0,
    "cluster_loss": 0.0,
    "mae": 0.9672,
    "mse": 1.7204,
    "multiclassification_loss": 0.0,
    "ortho_loss": 0.0,
    "pearson": 0.7684,
    "regression_loss": 1.7143,
    "rm2": 0.5441,
    "rmse": 1.3116,
    "sd": 1.2866,
    "spearman": 0.7604,
    "spectral_loss": 0.0
}
                              
Test Results: {
    "ci": 0.779,
    "classification_loss": 0.0,
    "cluster_loss": 0.0,
    "mae": 0.9907,
    "mse": 1.8125,
    "multiclassification_loss": 0.0,
    "ortho_loss": 0.0,
    "pearson": 0.7398,
    "regression_loss": 1.8133,
    "rm2": 0.4999,
    "rmse": 1.3463,
    "sd": 1.3305,
    "spearman": 0.743,
    "spectral_loss": 0.0
}
                              
                              
----------------------------------------
Epoch 038 with LR 0.000100: Model Results
----------------------------------------
Train MSE Loss: 0.3252, Train CLS Loss: 0.0000, Train MCLS Loss: 0.0000
Protein Cluster Region Loss - Ortho Loss: 0.0000, Cluster Loss: 0.0000
                              
Validation Results: {
    "ci": 0.7882,
    "classification_loss": 0.0,
    "cluster_loss": 0.0,
    "mae": 0.9667,
    "mse": 1.719,
    "multiclassification_loss": 0.0,
    "ortho_loss": 0.0,
    "pearson": 0.7677,
    "regression_loss": 1.7134,
    "rm2": 0.5255,
    "rmse": 1.3111,
    "sd": 1.2882,
    "spearman": 0.7622,
    "spectral_loss": 0.0
}
                              
Test Results: {
    "ci": 0.779,
    "classification_loss": 0.0,
    "cluster_loss": 0.0,
    "mae": 0.9907,
    "mse": 1.8125,
    "multiclassification_loss": 0.0,
    "ortho_loss": 0.0,
    "pearson": 0.7398,
    "regression_loss": 1.8133,
    "rm2": 0.4999,
    "rmse": 1.3463,
    "sd": 1.3305,
    "spearman": 0.743,
    "spectral_loss": 0.0
}
                              
                              
----------------------------------------
Epoch 039 with LR 0.000100: Model Results
----------------------------------------
Train MSE Loss: 0.3184, Train CLS Loss: 0.0000, Train MCLS Loss: 0.0000
Protein Cluster Region Loss - Ortho Loss: 0.0000, Cluster Loss: 0.0000
                              
Validation Results: {
    "ci": 0.7901,
    "classification_loss": 0.0,
    "cluster_loss": 0.0,
    "mae": 0.9591,
    "mse": 1.6851,
    "multiclassification_loss": 0.0,
    "ortho_loss": 0.0,
    "pearson": 0.7702,
    "regression_loss": 1.6793,
    "rm2": 0.5509,
    "rmse": 1.2981,
    "sd": 1.2823,
    "spearman": 0.7651,
    "spectral_loss": 0.0
}
                              
Test Results: {
    "ci": 0.779,
    "classification_loss": 0.0,
    "cluster_loss": 0.0,
    "mae": 0.9907,
    "mse": 1.8125,
    "multiclassification_loss": 0.0,
    "ortho_loss": 0.0,
    "pearson": 0.7398,
    "regression_loss": 1.8133,
    "rm2": 0.4999,
    "rmse": 1.3463,
    "sd": 1.3305,
    "spearman": 0.743,
    "spectral_loss": 0.0
}
                              
                              
----------------------------------------
Epoch 040 with LR 0.000100: Model Results
----------------------------------------
Train MSE Loss: 0.3189, Train CLS Loss: 0.0000, Train MCLS Loss: 0.0000
Protein Cluster Region Loss - Ortho Loss: 0.0000, Cluster Loss: 0.0000
                              
Validation Results: {
    "ci": 0.7875,
    "classification_loss": 0.0,
    "cluster_loss": 0.0,
    "mae": 0.9641,
    "mse": 1.6994,
    "multiclassification_loss": 0.0,
    "ortho_loss": 0.0,
    "pearson": 0.7663,
    "regression_loss": 1.6931,
    "rm2": 0.5494,
    "rmse": 1.3036,
    "sd": 1.2917,
    "spearman": 0.7606,
    "spectral_loss": 0.0
}
                              
Test Results: {
    "ci": 0.779,
    "classification_loss": 0.0,
    "cluster_loss": 0.0,
    "mae": 0.9907,
    "mse": 1.8125,
    "multiclassification_loss": 0.0,
    "ortho_loss": 0.0,
    "pearson": 0.7398,
    "regression_loss": 1.8133,
    "rm2": 0.4999,
    "rmse": 1.3463,
    "sd": 1.3305,
    "spearman": 0.743,
    "spectral_loss": 0.0
}
                              
                              
----------------------------------------
Epoch 041 with LR 0.000100: Model Results
----------------------------------------
Train MSE Loss: 0.3056, Train CLS Loss: 0.0000, Train MCLS Loss: 0.0000
Protein Cluster Region Loss - Ortho Loss: 0.0000, Cluster Loss: 0.0000
                              
Validation Results: {
    "ci": 0.7883,
    "classification_loss": 0.0,
    "cluster_loss": 0.0,
    "mae": 0.9704,
    "mse": 1.7086,
    "multiclassification_loss": 0.0,
    "ortho_loss": 0.0,
    "pearson": 0.7679,
    "regression_loss": 1.7029,
    "rm2": 0.5527,
    "rmse": 1.3071,
    "sd": 1.2878,
    "spearman": 0.7617,
    "spectral_loss": 0.0
}
                              
Test Results: {
    "ci": 0.779,
    "classification_loss": 0.0,
    "cluster_loss": 0.0,
    "mae": 0.9907,
    "mse": 1.8125,
    "multiclassification_loss": 0.0,
    "ortho_loss": 0.0,
    "pearson": 0.7398,
    "regression_loss": 1.8133,
    "rm2": 0.4999,
    "rmse": 1.3463,
    "sd": 1.3305,
    "spearman": 0.743,
    "spectral_loss": 0.0
}
                              
                              
----------------------------------------
Epoch 042 with LR 0.000100: Model Results
----------------------------------------
Train MSE Loss: 0.3031, Train CLS Loss: 0.0000, Train MCLS Loss: 0.0000
Protein Cluster Region Loss - Ortho Loss: 0.0000, Cluster Loss: 0.0000
                              
Validation Results: {
    "ci": 0.7896,
    "classification_loss": 0.0,
    "cluster_loss": 0.0,
    "mae": 0.9521,
    "mse": 1.6834,
    "multiclassification_loss": 0.0,
    "ortho_loss": 0.0,
    "pearson": 0.7712,
    "regression_loss": 1.6782,
    "rm2": 0.556,
    "rmse": 1.2975,
    "sd": 1.2798,
    "spearman": 0.7623,
    "spectral_loss": 0.0
}
                              
Test Results: {
    "ci": 0.7855,
    "classification_loss": 0.0,
    "cluster_loss": 0.0,
    "mae": 0.9668,
    "mse": 1.736,
    "multiclassification_loss": 0.0,
    "ortho_loss": 0.0,
    "pearson": 0.7519,
    "regression_loss": 1.7366,
    "rm2": 0.5271,
    "rmse": 1.3176,
    "sd": 1.3035,
    "spearman": 0.7555,
    "spectral_loss": 0.0
}
                              
                              
----------------------------------------
Epoch 043 with LR 0.000100: Model Results
----------------------------------------
Train MSE Loss: 0.2991, Train CLS Loss: 0.0000, Train MCLS Loss: 0.0000
Protein Cluster Region Loss - Ortho Loss: 0.0000, Cluster Loss: 0.0000
                              
Validation Results: {
    "ci": 0.7861,
    "classification_loss": 0.0,
    "cluster_loss": 0.0,
    "mae": 0.9734,
    "mse": 1.7289,
    "multiclassification_loss": 0.0,
    "ortho_loss": 0.0,
    "pearson": 0.764,
    "regression_loss": 1.7225,
    "rm2": 0.5241,
    "rmse": 1.3149,
    "sd": 1.2971,
    "spearman": 0.7575,
    "spectral_loss": 0.0
}
                              
Test Results: {
    "ci": 0.7855,
    "classification_loss": 0.0,
    "cluster_loss": 0.0,
    "mae": 0.9668,
    "mse": 1.736,
    "multiclassification_loss": 0.0,
    "ortho_loss": 0.0,
    "pearson": 0.7519,
    "regression_loss": 1.7366,
    "rm2": 0.5271,
    "rmse": 1.3176,
    "sd": 1.3035,
    "spearman": 0.7555,
    "spectral_loss": 0.0
}
                              
                              
----------------------------------------
Epoch 044 with LR 0.000100: Model Results
----------------------------------------
Train MSE Loss: 0.2910, Train CLS Loss: 0.0000, Train MCLS Loss: 0.0000
Protein Cluster Region Loss - Ortho Loss: 0.0000, Cluster Loss: 0.0000
                              
Validation Results: {
    "ci": 0.7854,
    "classification_loss": 0.0,
    "cluster_loss": 0.0,
    "mae": 0.9903,
    "mse": 1.7387,
    "multiclassification_loss": 0.0,
    "ortho_loss": 0.0,
    "pearson": 0.7639,
    "regression_loss": 1.7319,
    "rm2": 0.5506,
    "rmse": 1.3186,
    "sd": 1.2975,
    "spearman": 0.7582,
    "spectral_loss": 0.0
}
                              
Test Results: {
    "ci": 0.7855,
    "classification_loss": 0.0,
    "cluster_loss": 0.0,
    "mae": 0.9668,
    "mse": 1.736,
    "multiclassification_loss": 0.0,
    "ortho_loss": 0.0,
    "pearson": 0.7519,
    "regression_loss": 1.7366,
    "rm2": 0.5271,
    "rmse": 1.3176,
    "sd": 1.3035,
    "spearman": 0.7555,
    "spectral_loss": 0.0
}
                              
                              
----------------------------------------
Epoch 045 with LR 0.000100: Model Results
----------------------------------------
Train MSE Loss: 0.2838, Train CLS Loss: 0.0000, Train MCLS Loss: 0.0000
Protein Cluster Region Loss - Ortho Loss: 0.0000, Cluster Loss: 0.0000
                              
Validation Results: {
    "ci": 0.7869,
    "classification_loss": 0.0,
    "cluster_loss": 0.0,
    "mae": 0.9808,
    "mse": 1.7505,
    "multiclassification_loss": 0.0,
    "ortho_loss": 0.0,
    "pearson": 0.7656,
    "regression_loss": 1.7454,
    "rm2": 0.5613,
    "rmse": 1.3231,
    "sd": 1.2934,
    "spearman": 0.7583,
    "spectral_loss": 0.0
}
                              
Test Results: {
    "ci": 0.7855,
    "classification_loss": 0.0,
    "cluster_loss": 0.0,
    "mae": 0.9668,
    "mse": 1.736,
    "multiclassification_loss": 0.0,
    "ortho_loss": 0.0,
    "pearson": 0.7519,
    "regression_loss": 1.7366,
    "rm2": 0.5271,
    "rmse": 1.3176,
    "sd": 1.3035,
    "spearman": 0.7555,
    "spectral_loss": 0.0
}
                              
                              
----------------------------------------
Epoch 046 with LR 0.000100: Model Results
----------------------------------------
Train MSE Loss: 0.2819, Train CLS Loss: 0.0000, Train MCLS Loss: 0.0000
Protein Cluster Region Loss - Ortho Loss: 0.0000, Cluster Loss: 0.0000
                              
Validation Results: {
    "ci": 0.7883,
    "classification_loss": 0.0,
    "cluster_loss": 0.0,
    "mae": 0.9626,
    "mse": 1.7033,
    "multiclassification_loss": 0.0,
    "ortho_loss": 0.0,
    "pearson": 0.7673,
    "regression_loss": 1.6983,
    "rm2": 0.5654,
    "rmse": 1.3051,
    "sd": 1.2893,
    "spearman": 0.7611,
    "spectral_loss": 0.0
}
                              
Test Results: {
    "ci": 0.7855,
    "classification_loss": 0.0,
    "cluster_loss": 0.0,
    "mae": 0.9668,
    "mse": 1.736,
    "multiclassification_loss": 0.0,
    "ortho_loss": 0.0,
    "pearson": 0.7519,
    "regression_loss": 1.7366,
    "rm2": 0.5271,
    "rmse": 1.3176,
    "sd": 1.3035,
    "spearman": 0.7555,
    "spectral_loss": 0.0
}
                              
                              
----------------------------------------
Epoch 047 with LR 0.000100: Model Results
----------------------------------------
Train MSE Loss: 0.2801, Train CLS Loss: 0.0000, Train MCLS Loss: 0.0000
Protein Cluster Region Loss - Ortho Loss: 0.0000, Cluster Loss: 0.0000
                              
Validation Results: {
    "ci": 0.7879,
    "classification_loss": 0.0,
    "cluster_loss": 0.0,
    "mae": 0.9568,
    "mse": 1.6928,
    "multiclassification_loss": 0.0,
    "ortho_loss": 0.0,
    "pearson": 0.7682,
    "regression_loss": 1.6861,
    "rm2": 0.5352,
    "rmse": 1.3011,
    "sd": 1.2872,
    "spearman": 0.7616,
    "spectral_loss": 0.0
}
                              
Test Results: {
    "ci": 0.7855,
    "classification_loss": 0.0,
    "cluster_loss": 0.0,
    "mae": 0.9668,
    "mse": 1.736,
    "multiclassification_loss": 0.0,
    "ortho_loss": 0.0,
    "pearson": 0.7519,
    "regression_loss": 1.7366,
    "rm2": 0.5271,
    "rmse": 1.3176,
    "sd": 1.3035,
    "spearman": 0.7555,
    "spectral_loss": 0.0
}
                              
                              
----------------------------------------
Epoch 048 with LR 0.000100: Model Results
----------------------------------------
Train MSE Loss: 0.2726, Train CLS Loss: 0.0000, Train MCLS Loss: 0.0000
Protein Cluster Region Loss - Ortho Loss: 0.0000, Cluster Loss: 0.0000
                              
Validation Results: {
    "ci": 0.7864,
    "classification_loss": 0.0,
    "cluster_loss": 0.0,
    "mae": 0.9765,
    "mse": 1.7425,
    "multiclassification_loss": 0.0,
    "ortho_loss": 0.0,
    "pearson": 0.7648,
    "regression_loss": 1.7372,
    "rm2": 0.5543,
    "rmse": 1.32,
    "sd": 1.2951,
    "spearman": 0.7564,
    "spectral_loss": 0.0
}
                              
Test Results: {
    "ci": 0.7855,
    "classification_loss": 0.0,
    "cluster_loss": 0.0,
    "mae": 0.9668,
    "mse": 1.736,
    "multiclassification_loss": 0.0,
    "ortho_loss": 0.0,
    "pearson": 0.7519,
    "regression_loss": 1.7366,
    "rm2": 0.5271,
    "rmse": 1.3176,
    "sd": 1.3035,
    "spearman": 0.7555,
    "spectral_loss": 0.0
}
                              
                              
----------------------------------------
Epoch 049 with LR 0.000100: Model Results
----------------------------------------
Train MSE Loss: 0.2732, Train CLS Loss: 0.0000, Train MCLS Loss: 0.0000
Protein Cluster Region Loss - Ortho Loss: 0.0000, Cluster Loss: 0.0000
                              
Validation Results: {
    "ci": 0.7904,
    "classification_loss": 0.0,
    "cluster_loss": 0.0,
    "mae": 0.9538,
    "mse": 1.6902,
    "multiclassification_loss": 0.0,
    "ortho_loss": 0.0,
    "pearson": 0.7686,
    "regression_loss": 1.6849,
    "rm2": 0.5459,
    "rmse": 1.3001,
    "sd": 1.2862,
    "spearman": 0.7661,
    "spectral_loss": 0.0
}
                              
Test Results: {
    "ci": 0.7855,
    "classification_loss": 0.0,
    "cluster_loss": 0.0,
    "mae": 0.9668,
    "mse": 1.736,
    "multiclassification_loss": 0.0,
    "ortho_loss": 0.0,
    "pearson": 0.7519,
    "regression_loss": 1.7366,
    "rm2": 0.5271,
    "rmse": 1.3176,
    "sd": 1.3035,
    "spearman": 0.7555,
    "spectral_loss": 0.0
}
                              
                              
----------------------------------------
Epoch 050 with LR 0.000100: Model Results
----------------------------------------
Train MSE Loss: 0.2628, Train CLS Loss: 0.0000, Train MCLS Loss: 0.0000
Protein Cluster Region Loss - Ortho Loss: 0.0000, Cluster Loss: 0.0000
                              
Validation Results: {
    "ci": 0.7912,
    "classification_loss": 0.0,
    "cluster_loss": 0.0,
    "mae": 0.9603,
    "mse": 1.6993,
    "multiclassification_loss": 0.0,
    "ortho_loss": 0.0,
    "pearson": 0.7727,
    "regression_loss": 1.6941,
    "rm2": 0.5604,
    "rmse": 1.3036,
    "sd": 1.2762,
    "spearman": 0.767,
    "spectral_loss": 0.0
}
                              
Test Results: {
    "ci": 0.7855,
    "classification_loss": 0.0,
    "cluster_loss": 0.0,
    "mae": 0.9668,
    "mse": 1.736,
    "multiclassification_loss": 0.0,
    "ortho_loss": 0.0,
    "pearson": 0.7519,
    "regression_loss": 1.7366,
    "rm2": 0.5271,
    "rmse": 1.3176,
    "sd": 1.3035,
    "spearman": 0.7555,
    "spectral_loss": 0.0
}
                              
                              
----------------------------------------
Epoch 051 with LR 0.000100: Model Results
----------------------------------------
Train MSE Loss: 0.2597, Train CLS Loss: 0.0000, Train MCLS Loss: 0.0000
Protein Cluster Region Loss - Ortho Loss: 0.0000, Cluster Loss: 0.0000
                              
Validation Results: {
    "ci": 0.7877,
    "classification_loss": 0.0,
    "cluster_loss": 0.0,
    "mae": 0.969,
    "mse": 1.7267,
    "multiclassification_loss": 0.0,
    "ortho_loss": 0.0,
    "pearson": 0.7663,
    "regression_loss": 1.7223,
    "rm2": 0.5408,
    "rmse": 1.314,
    "sd": 1.2916,
    "spearman": 0.7593,
    "spectral_loss": 0.0
}
                              
Test Results: {
    "ci": 0.7855,
    "classification_loss": 0.0,
    "cluster_loss": 0.0,
    "mae": 0.9668,
    "mse": 1.736,
    "multiclassification_loss": 0.0,
    "ortho_loss": 0.0,
    "pearson": 0.7519,
    "regression_loss": 1.7366,
    "rm2": 0.5271,
    "rmse": 1.3176,
    "sd": 1.3035,
    "spearman": 0.7555,
    "spectral_loss": 0.0
}
                              
                              
----------------------------------------
Epoch 052 with LR 0.000100: Model Results
----------------------------------------
Train MSE Loss: 0.2569, Train CLS Loss: 0.0000, Train MCLS Loss: 0.0000
Protein Cluster Region Loss - Ortho Loss: 0.0000, Cluster Loss: 0.0000
                              
Validation Results: {
    "ci": 0.7878,
    "classification_loss": 0.0,
    "cluster_loss": 0.0,
    "mae": 0.9634,
    "mse": 1.7011,
    "multiclassification_loss": 0.0,
    "ortho_loss": 0.0,
    "pearson": 0.7683,
    "regression_loss": 1.6943,
    "rm2": 0.5247,
    "rmse": 1.3043,
    "sd": 1.287,
    "spearman": 0.7608,
    "spectral_loss": 0.0
}
                              
Test Results: {
    "ci": 0.7855,
    "classification_loss": 0.0,
    "cluster_loss": 0.0,
    "mae": 0.9668,
    "mse": 1.736,
    "multiclassification_loss": 0.0,
    "ortho_loss": 0.0,
    "pearson": 0.7519,
    "regression_loss": 1.7366,
    "rm2": 0.5271,
    "rmse": 1.3176,
    "sd": 1.3035,
    "spearman": 0.7555,
    "spectral_loss": 0.0
}
                              
                              
----------------------------------------
Epoch 053 with LR 0.000100: Model Results
----------------------------------------
Train MSE Loss: 0.2524, Train CLS Loss: 0.0000, Train MCLS Loss: 0.0000
Protein Cluster Region Loss - Ortho Loss: 0.0000, Cluster Loss: 0.0000
                              
Validation Results: {
    "ci": 0.7893,
    "classification_loss": 0.0,
    "cluster_loss": 0.0,
    "mae": 0.9656,
    "mse": 1.7301,
    "multiclassification_loss": 0.0,
    "ortho_loss": 0.0,
    "pearson": 0.7676,
    "regression_loss": 1.726,
    "rm2": 0.5515,
    "rmse": 1.3154,
    "sd": 1.2885,
    "spearman": 0.7626,
    "spectral_loss": 0.0
}
                              
Test Results: {
    "ci": 0.7855,
    "classification_loss": 0.0,
    "cluster_loss": 0.0,
    "mae": 0.9668,
    "mse": 1.736,
    "multiclassification_loss": 0.0,
    "ortho_loss": 0.0,
    "pearson": 0.7519,
    "regression_loss": 1.7366,
    "rm2": 0.5271,
    "rmse": 1.3176,
    "sd": 1.3035,
    "spearman": 0.7555,
    "spectral_loss": 0.0
}
                              
                              
----------------------------------------
Epoch 054 with LR 0.000100: Model Results
----------------------------------------
Train MSE Loss: 0.2491, Train CLS Loss: 0.0000, Train MCLS Loss: 0.0000
Protein Cluster Region Loss - Ortho Loss: 0.0000, Cluster Loss: 0.0000
                              
Validation Results: {
    "ci": 0.7888,
    "classification_loss": 0.0,
    "cluster_loss": 0.0,
    "mae": 0.9653,
    "mse": 1.715,
    "multiclassification_loss": 0.0,
    "ortho_loss": 0.0,
    "pearson": 0.7694,
    "regression_loss": 1.7102,
    "rm2": 0.5529,
    "rmse": 1.3096,
    "sd": 1.2842,
    "spearman": 0.7622,
    "spectral_loss": 0.0
}
                              
Test Results: {
    "ci": 0.7855,
    "classification_loss": 0.0,
    "cluster_loss": 0.0,
    "mae": 0.9668,
    "mse": 1.736,
    "multiclassification_loss": 0.0,
    "ortho_loss": 0.0,
    "pearson": 0.7519,
    "regression_loss": 1.7366,
    "rm2": 0.5271,
    "rmse": 1.3176,
    "sd": 1.3035,
    "spearman": 0.7555,
    "spectral_loss": 0.0
}
                              
                              
----------------------------------------
Epoch 055 with LR 0.000100: Model Results
----------------------------------------
Train MSE Loss: 0.2468, Train CLS Loss: 0.0000, Train MCLS Loss: 0.0000
Protein Cluster Region Loss - Ortho Loss: 0.0000, Cluster Loss: 0.0000
                              
Validation Results: {
    "ci": 0.7896,
    "classification_loss": 0.0,
    "cluster_loss": 0.0,
    "mae": 0.9673,
    "mse": 1.7394,
    "multiclassification_loss": 0.0,
    "ortho_loss": 0.0,
    "pearson": 0.7702,
    "regression_loss": 1.7341,
    "rm2": 0.5133,
    "rmse": 1.3189,
    "sd": 1.2822,
    "spearman": 0.7642,
    "spectral_loss": 0.0
}
                              
Test Results: {
    "ci": 0.7855,
    "classification_loss": 0.0,
    "cluster_loss": 0.0,
    "mae": 0.9668,
    "mse": 1.736,
    "multiclassification_loss": 0.0,
    "ortho_loss": 0.0,
    "pearson": 0.7519,
    "regression_loss": 1.7366,
    "rm2": 0.5271,
    "rmse": 1.3176,
    "sd": 1.3035,
    "spearman": 0.7555,
    "spectral_loss": 0.0
}
                              
                              
----------------------------------------
Epoch 056 with LR 0.000100: Model Results
----------------------------------------
Train MSE Loss: 0.2411, Train CLS Loss: 0.0000, Train MCLS Loss: 0.0000
Protein Cluster Region Loss - Ortho Loss: 0.0000, Cluster Loss: 0.0000
                              
Validation Results: {
    "ci": 0.7899,
    "classification_loss": 0.0,
    "cluster_loss": 0.0,
    "mae": 0.954,
    "mse": 1.6962,
    "multiclassification_loss": 0.0,
    "ortho_loss": 0.0,
    "pearson": 0.7693,
    "regression_loss": 1.6912,
    "rm2": 0.5524,
    "rmse": 1.3024,
    "sd": 1.2844,
    "spearman": 0.7643,
    "spectral_loss": 0.0
}
                              
Test Results: {
    "ci": 0.7855,
    "classification_loss": 0.0,
    "cluster_loss": 0.0,
    "mae": 0.9668,
    "mse": 1.736,
    "multiclassification_loss": 0.0,
    "ortho_loss": 0.0,
    "pearson": 0.7519,
    "regression_loss": 1.7366,
    "rm2": 0.5271,
    "rmse": 1.3176,
    "sd": 1.3035,
    "spearman": 0.7555,
    "spectral_loss": 0.0
}
                              
                              
----------------------------------------
Epoch 057 with LR 0.000100: Model Results
----------------------------------------
Train MSE Loss: 0.2372, Train CLS Loss: 0.0000, Train MCLS Loss: 0.0000
Protein Cluster Region Loss - Ortho Loss: 0.0000, Cluster Loss: 0.0000
                              
Validation Results: {
    "ci": 0.7925,
    "classification_loss": 0.0,
    "cluster_loss": 0.0,
    "mae": 0.9674,
    "mse": 1.7137,
    "multiclassification_loss": 0.0,
    "ortho_loss": 0.0,
    "pearson": 0.7743,
    "regression_loss": 1.7075,
    "rm2": 0.5771,
    "rmse": 1.3091,
    "sd": 1.2722,
    "spearman": 0.7696,
    "spectral_loss": 0.0
}
                              
Test Results: {
    "ci": 0.7855,
    "classification_loss": 0.0,
    "cluster_loss": 0.0,
    "mae": 0.9668,
    "mse": 1.736,
    "multiclassification_loss": 0.0,
    "ortho_loss": 0.0,
    "pearson": 0.7519,
    "regression_loss": 1.7366,
    "rm2": 0.5271,
    "rmse": 1.3176,
    "sd": 1.3035,
    "spearman": 0.7555,
    "spectral_loss": 0.0
}
                              
                              
----------------------------------------
Epoch 058 with LR 0.000100: Model Results
----------------------------------------
Train MSE Loss: 0.2341, Train CLS Loss: 0.0000, Train MCLS Loss: 0.0000
Protein Cluster Region Loss - Ortho Loss: 0.0000, Cluster Loss: 0.0000
                              
Validation Results: {
    "ci": 0.7903,
    "classification_loss": 0.0,
    "cluster_loss": 0.0,
    "mae": 0.97,
    "mse": 1.7237,
    "multiclassification_loss": 0.0,
    "ortho_loss": 0.0,
    "pearson": 0.7711,
    "regression_loss": 1.7182,
    "rm2": 0.5764,
    "rmse": 1.3129,
    "sd": 1.28,
    "spearman": 0.764,
    "spectral_loss": 0.0
}
                              
Test Results: {
    "ci": 0.7855,
    "classification_loss": 0.0,
    "cluster_loss": 0.0,
    "mae": 0.9668,
    "mse": 1.736,
    "multiclassification_loss": 0.0,
    "ortho_loss": 0.0,
    "pearson": 0.7519,
    "regression_loss": 1.7366,
    "rm2": 0.5271,
    "rmse": 1.3176,
    "sd": 1.3035,
    "spearman": 0.7555,
    "spectral_loss": 0.0
}
                              
                              
----------------------------------------
Epoch 059 with LR 0.000100: Model Results
----------------------------------------
Train MSE Loss: 0.2269, Train CLS Loss: 0.0000, Train MCLS Loss: 0.0000
Protein Cluster Region Loss - Ortho Loss: 0.0000, Cluster Loss: 0.0000
                              
Validation Results: {
    "ci": 0.793,
    "classification_loss": 0.0,
    "cluster_loss": 0.0,
    "mae": 0.9451,
    "mse": 1.6657,
    "multiclassification_loss": 0.0,
    "ortho_loss": 0.0,
    "pearson": 0.7745,
    "regression_loss": 1.661,
    "rm2": 0.5561,
    "rmse": 1.2906,
    "sd": 1.2719,
    "spearman": 0.7703,
    "spectral_loss": 0.0
}
                              
Test Results: {
    "ci": 0.7871,
    "classification_loss": 0.0,
    "cluster_loss": 0.0,
    "mae": 0.9619,
    "mse": 1.7211,
    "multiclassification_loss": 0.0,
    "ortho_loss": 0.0,
    "pearson": 0.7574,
    "regression_loss": 1.7191,
    "rm2": 0.5222,
    "rmse": 1.3119,
    "sd": 1.2911,
    "spearman": 0.7595,
    "spectral_loss": 0.0
}
                              
                              
----------------------------------------
Epoch 060 with LR 0.000100: Model Results
----------------------------------------
Train MSE Loss: 0.2289, Train CLS Loss: 0.0000, Train MCLS Loss: 0.0000
Protein Cluster Region Loss - Ortho Loss: 0.0000, Cluster Loss: 0.0000
                              
Validation Results: {
    "ci": 0.792,
    "classification_loss": 0.0,
    "cluster_loss": 0.0,
    "mae": 0.9556,
    "mse": 1.689,
    "multiclassification_loss": 0.0,
    "ortho_loss": 0.0,
    "pearson": 0.7729,
    "regression_loss": 1.6842,
    "rm2": 0.568,
    "rmse": 1.2996,
    "sd": 1.2757,
    "spearman": 0.7676,
    "spectral_loss": 0.0
}
                              
Test Results: {
    "ci": 0.7871,
    "classification_loss": 0.0,
    "cluster_loss": 0.0,
    "mae": 0.9619,
    "mse": 1.7211,
    "multiclassification_loss": 0.0,
    "ortho_loss": 0.0,
    "pearson": 0.7574,
    "regression_loss": 1.7191,
    "rm2": 0.5222,
    "rmse": 1.3119,
    "sd": 1.2911,
    "spearman": 0.7595,
    "spectral_loss": 0.0
}
                              
                              
----------------------------------------
Epoch 061 with LR 0.000100: Model Results
----------------------------------------
Train MSE Loss: 0.2258, Train CLS Loss: 0.0000, Train MCLS Loss: 0.0000
Protein Cluster Region Loss - Ortho Loss: 0.0000, Cluster Loss: 0.0000
                              
Validation Results: {
    "ci": 0.7915,
    "classification_loss": 0.0,
    "cluster_loss": 0.0,
    "mae": 0.9506,
    "mse": 1.6946,
    "multiclassification_loss": 0.0,
    "ortho_loss": 0.0,
    "pearson": 0.7723,
    "regression_loss": 1.6888,
    "rm2": 0.5432,
    "rmse": 1.3018,
    "sd": 1.2772,
    "spearman": 0.7666,
    "spectral_loss": 0.0
}
                              
Test Results: {
    "ci": 0.7871,
    "classification_loss": 0.0,
    "cluster_loss": 0.0,
    "mae": 0.9619,
    "mse": 1.7211,
    "multiclassification_loss": 0.0,
    "ortho_loss": 0.0,
    "pearson": 0.7574,
    "regression_loss": 1.7191,
    "rm2": 0.5222,
    "rmse": 1.3119,
    "sd": 1.2911,
    "spearman": 0.7595,
    "spectral_loss": 0.0
}
                              
                              
----------------------------------------
Epoch 062 with LR 0.000100: Model Results
----------------------------------------
Train MSE Loss: 0.2214, Train CLS Loss: 0.0000, Train MCLS Loss: 0.0000
Protein Cluster Region Loss - Ortho Loss: 0.0000, Cluster Loss: 0.0000
                              
Validation Results: {
    "ci": 0.7928,
    "classification_loss": 0.0,
    "cluster_loss": 0.0,
    "mae": 0.9517,
    "mse": 1.684,
    "multiclassification_loss": 0.0,
    "ortho_loss": 0.0,
    "pearson": 0.7738,
    "regression_loss": 1.6792,
    "rm2": 0.5276,
    "rmse": 1.2977,
    "sd": 1.2736,
    "spearman": 0.771,
    "spectral_loss": 0.0
}
                              
Test Results: {
    "ci": 0.7871,
    "classification_loss": 0.0,
    "cluster_loss": 0.0,
    "mae": 0.9619,
    "mse": 1.7211,
    "multiclassification_loss": 0.0,
    "ortho_loss": 0.0,
    "pearson": 0.7574,
    "regression_loss": 1.7191,
    "rm2": 0.5222,
    "rmse": 1.3119,
    "sd": 1.2911,
    "spearman": 0.7595,
    "spectral_loss": 0.0
}
                              
                              
----------------------------------------
Epoch 063 with LR 0.000100: Model Results
----------------------------------------
Train MSE Loss: 0.2131, Train CLS Loss: 0.0000, Train MCLS Loss: 0.0000
Protein Cluster Region Loss - Ortho Loss: 0.0000, Cluster Loss: 0.0000
                              
Validation Results: {
    "ci": 0.7923,
    "classification_loss": 0.0,
    "cluster_loss": 0.0,
    "mae": 0.9533,
    "mse": 1.6777,
    "multiclassification_loss": 0.0,
    "ortho_loss": 0.0,
    "pearson": 0.7738,
    "regression_loss": 1.6725,
    "rm2": 0.5316,
    "rmse": 1.2953,
    "sd": 1.2735,
    "spearman": 0.771,
    "spectral_loss": 0.0
}
                              
Test Results: {
    "ci": 0.7871,
    "classification_loss": 0.0,
    "cluster_loss": 0.0,
    "mae": 0.9619,
    "mse": 1.7211,
    "multiclassification_loss": 0.0,
    "ortho_loss": 0.0,
    "pearson": 0.7574,
    "regression_loss": 1.7191,
    "rm2": 0.5222,
    "rmse": 1.3119,
    "sd": 1.2911,
    "spearman": 0.7595,
    "spectral_loss": 0.0
}
                              
                              
----------------------------------------
Epoch 064 with LR 0.000100: Model Results
----------------------------------------
Train MSE Loss: 0.2112, Train CLS Loss: 0.0000, Train MCLS Loss: 0.0000
Protein Cluster Region Loss - Ortho Loss: 0.0000, Cluster Loss: 0.0000
                              
Validation Results: {
    "ci": 0.7932,
    "classification_loss": 0.0,
    "cluster_loss": 0.0,
    "mae": 0.9617,
    "mse": 1.6765,
    "multiclassification_loss": 0.0,
    "ortho_loss": 0.0,
    "pearson": 0.7776,
    "regression_loss": 1.6707,
    "rm2": 0.5866,
    "rmse": 1.2948,
    "sd": 1.2641,
    "spearman": 0.7725,
    "spectral_loss": 0.0
}
                              
Test Results: {
    "ci": 0.7871,
    "classification_loss": 0.0,
    "cluster_loss": 0.0,
    "mae": 0.9619,
    "mse": 1.7211,
    "multiclassification_loss": 0.0,
    "ortho_loss": 0.0,
    "pearson": 0.7574,
    "regression_loss": 1.7191,
    "rm2": 0.5222,
    "rmse": 1.3119,
    "sd": 1.2911,
    "spearman": 0.7595,
    "spectral_loss": 0.0
}
                              
                              
----------------------------------------
Epoch 065 with LR 0.000100: Model Results
----------------------------------------
Train MSE Loss: 0.2186, Train CLS Loss: 0.0000, Train MCLS Loss: 0.0000
Protein Cluster Region Loss - Ortho Loss: 0.0000, Cluster Loss: 0.0000
                              
Validation Results: {
    "ci": 0.7915,
    "classification_loss": 0.0,
    "cluster_loss": 0.0,
    "mae": 0.9493,
    "mse": 1.694,
    "multiclassification_loss": 0.0,
    "ortho_loss": 0.0,
    "pearson": 0.7716,
    "regression_loss": 1.6885,
    "rm2": 0.5473,
    "rmse": 1.3015,
    "sd": 1.2787,
    "spearman": 0.7657,
    "spectral_loss": 0.0
}
                              
Test Results: {
    "ci": 0.7871,
    "classification_loss": 0.0,
    "cluster_loss": 0.0,
    "mae": 0.9619,
    "mse": 1.7211,
    "multiclassification_loss": 0.0,
    "ortho_loss": 0.0,
    "pearson": 0.7574,
    "regression_loss": 1.7191,
    "rm2": 0.5222,
    "rmse": 1.3119,
    "sd": 1.2911,
    "spearman": 0.7595,
    "spectral_loss": 0.0
}
                              
                              
----------------------------------------
Epoch 066 with LR 0.000100: Model Results
----------------------------------------
Train MSE Loss: 0.2072, Train CLS Loss: 0.0000, Train MCLS Loss: 0.0000
Protein Cluster Region Loss - Ortho Loss: 0.0000, Cluster Loss: 0.0000
                              
Validation Results: {
    "ci": 0.7917,
    "classification_loss": 0.0,
    "cluster_loss": 0.0,
    "mae": 0.9551,
    "mse": 1.6756,
    "multiclassification_loss": 0.0,
    "ortho_loss": 0.0,
    "pearson": 0.7734,
    "regression_loss": 1.6701,
    "rm2": 0.5724,
    "rmse": 1.2944,
    "sd": 1.2745,
    "spearman": 0.7677,
    "spectral_loss": 0.0
}
                              
Test Results: {
    "ci": 0.7871,
    "classification_loss": 0.0,
    "cluster_loss": 0.0,
    "mae": 0.9619,
    "mse": 1.7211,
    "multiclassification_loss": 0.0,
    "ortho_loss": 0.0,
    "pearson": 0.7574,
    "regression_loss": 1.7191,
    "rm2": 0.5222,
    "rmse": 1.3119,
    "sd": 1.2911,
    "spearman": 0.7595,
    "spectral_loss": 0.0
}
                              
                              
----------------------------------------
Epoch 067 with LR 0.000100: Model Results
----------------------------------------
Train MSE Loss: 0.2022, Train CLS Loss: 0.0000, Train MCLS Loss: 0.0000
Protein Cluster Region Loss - Ortho Loss: 0.0000, Cluster Loss: 0.0000
                              
Validation Results: {
    "ci": 0.7923,
    "classification_loss": 0.0,
    "cluster_loss": 0.0,
    "mae": 0.951,
    "mse": 1.67,
    "multiclassification_loss": 0.0,
    "ortho_loss": 0.0,
    "pearson": 0.7736,
    "regression_loss": 1.665,
    "rm2": 0.5669,
    "rmse": 1.2923,
    "sd": 1.2739,
    "spearman": 0.769,
    "spectral_loss": 0.0
}
                              
Test Results: {
    "ci": 0.7871,
    "classification_loss": 0.0,
    "cluster_loss": 0.0,
    "mae": 0.9619,
    "mse": 1.7211,
    "multiclassification_loss": 0.0,
    "ortho_loss": 0.0,
    "pearson": 0.7574,
    "regression_loss": 1.7191,
    "rm2": 0.5222,
    "rmse": 1.3119,
    "sd": 1.2911,
    "spearman": 0.7595,
    "spectral_loss": 0.0
}
                              
                              
----------------------------------------
Epoch 068 with LR 0.000100: Model Results
----------------------------------------
Train MSE Loss: 0.2005, Train CLS Loss: 0.0000, Train MCLS Loss: 0.0000
Protein Cluster Region Loss - Ortho Loss: 0.0000, Cluster Loss: 0.0000
                              
Validation Results: {
    "ci": 0.7916,
    "classification_loss": 0.0,
    "cluster_loss": 0.0,
    "mae": 0.9588,
    "mse": 1.7052,
    "multiclassification_loss": 0.0,
    "ortho_loss": 0.0,
    "pearson": 0.7727,
    "regression_loss": 1.7007,
    "rm2": 0.5505,
    "rmse": 1.3059,
    "sd": 1.2762,
    "spearman": 0.7674,
    "spectral_loss": 0.0
}
                              
Test Results: {
    "ci": 0.7871,
    "classification_loss": 0.0,
    "cluster_loss": 0.0,
    "mae": 0.9619,
    "mse": 1.7211,
    "multiclassification_loss": 0.0,
    "ortho_loss": 0.0,
    "pearson": 0.7574,
    "regression_loss": 1.7191,
    "rm2": 0.5222,
    "rmse": 1.3119,
    "sd": 1.2911,
    "spearman": 0.7595,
    "spectral_loss": 0.0
}
                              
                              
----------------------------------------
Epoch 069 with LR 0.000100: Model Results
----------------------------------------
Train MSE Loss: 0.1954, Train CLS Loss: 0.0000, Train MCLS Loss: 0.0000
Protein Cluster Region Loss - Ortho Loss: 0.0000, Cluster Loss: 0.0000
                              
Validation Results: {
    "ci": 0.7904,
    "classification_loss": 0.0,
    "cluster_loss": 0.0,
    "mae": 0.952,
    "mse": 1.6891,
    "multiclassification_loss": 0.0,
    "ortho_loss": 0.0,
    "pearson": 0.7704,
    "regression_loss": 1.686,
    "rm2": 0.5365,
    "rmse": 1.2996,
    "sd": 1.2819,
    "spearman": 0.7646,
    "spectral_loss": 0.0
}
                              
Test Results: {
    "ci": 0.7871,
    "classification_loss": 0.0,
    "cluster_loss": 0.0,
    "mae": 0.9619,
    "mse": 1.7211,
    "multiclassification_loss": 0.0,
    "ortho_loss": 0.0,
    "pearson": 0.7574,
    "regression_loss": 1.7191,
    "rm2": 0.5222,
    "rmse": 1.3119,
    "sd": 1.2911,
    "spearman": 0.7595,
    "spectral_loss": 0.0
}
                              
                              
----------------------------------------
Epoch 070 with LR 0.000100: Model Results
----------------------------------------
Train MSE Loss: 0.1983, Train CLS Loss: 0.0000, Train MCLS Loss: 0.0000
Protein Cluster Region Loss - Ortho Loss: 0.0000, Cluster Loss: 0.0000
                              
Validation Results: {
    "ci": 0.7908,
    "classification_loss": 0.0,
    "cluster_loss": 0.0,
    "mae": 0.9475,
    "mse": 1.6565,
    "multiclassification_loss": 0.0,
    "ortho_loss": 0.0,
    "pearson": 0.7722,
    "regression_loss": 1.6506,
    "rm2": 0.5513,
    "rmse": 1.2871,
    "sd": 1.2773,
    "spearman": 0.7658,
    "spectral_loss": 0.0
}
                              
Test Results: {
    "ci": 0.7843,
    "classification_loss": 0.0,
    "cluster_loss": 0.0,
    "mae": 0.9663,
    "mse": 1.7255,
    "multiclassification_loss": 0.0,
    "ortho_loss": 0.0,
    "pearson": 0.7532,
    "regression_loss": 1.7242,
    "rm2": 0.5168,
    "rmse": 1.3136,
    "sd": 1.3007,
    "spearman": 0.7537,
    "spectral_loss": 0.0
}
                              
                              
----------------------------------------
Epoch 071 with LR 0.000100: Model Results
----------------------------------------
Train MSE Loss: 0.1950, Train CLS Loss: 0.0000, Train MCLS Loss: 0.0000
Protein Cluster Region Loss - Ortho Loss: 0.0000, Cluster Loss: 0.0000
                              
Validation Results: {
    "ci": 0.7904,
    "classification_loss": 0.0,
    "cluster_loss": 0.0,
    "mae": 0.9525,
    "mse": 1.6944,
    "multiclassification_loss": 0.0,
    "ortho_loss": 0.0,
    "pearson": 0.7706,
    "regression_loss": 1.6895,
    "rm2": 0.5569,
    "rmse": 1.3017,
    "sd": 1.2812,
    "spearman": 0.7645,
    "spectral_loss": 0.0
}
                              
Test Results: {
    "ci": 0.7843,
    "classification_loss": 0.0,
    "cluster_loss": 0.0,
    "mae": 0.9663,
    "mse": 1.7255,
    "multiclassification_loss": 0.0,
    "ortho_loss": 0.0,
    "pearson": 0.7532,
    "regression_loss": 1.7242,
    "rm2": 0.5168,
    "rmse": 1.3136,
    "sd": 1.3007,
    "spearman": 0.7537,
    "spectral_loss": 0.0
}
                              
                              
----------------------------------------
Epoch 072 with LR 0.000100: Model Results
----------------------------------------
Train MSE Loss: 0.1910, Train CLS Loss: 0.0000, Train MCLS Loss: 0.0000
Protein Cluster Region Loss - Ortho Loss: 0.0000, Cluster Loss: 0.0000
                              
Validation Results: {
    "ci": 0.7939,
    "classification_loss": 0.0,
    "cluster_loss": 0.0,
    "mae": 0.9357,
    "mse": 1.6537,
    "multiclassification_loss": 0.0,
    "ortho_loss": 0.0,
    "pearson": 0.7759,
    "regression_loss": 1.6484,
    "rm2": 0.5398,
    "rmse": 1.286,
    "sd": 1.2683,
    "spearman": 0.7719,
    "spectral_loss": 0.0
}
                              
Test Results: {
    "ci": 0.7864,
    "classification_loss": 0.0,
    "cluster_loss": 0.0,
    "mae": 0.9642,
    "mse": 1.7559,
    "multiclassification_loss": 0.0,
    "ortho_loss": 0.0,
    "pearson": 0.7536,
    "regression_loss": 1.7548,
    "rm2": 0.4966,
    "rmse": 1.3251,
    "sd": 1.2999,
    "spearman": 0.7561,
    "spectral_loss": 0.0
}
                              
                              
----------------------------------------
Epoch 073 with LR 0.000100: Model Results
----------------------------------------
Train MSE Loss: 0.1924, Train CLS Loss: 0.0000, Train MCLS Loss: 0.0000
Protein Cluster Region Loss - Ortho Loss: 0.0000, Cluster Loss: 0.0000
                              
Validation Results: {
    "ci": 0.7951,
    "classification_loss": 0.0,
    "cluster_loss": 0.0,
    "mae": 0.931,
    "mse": 1.6331,
    "multiclassification_loss": 0.0,
    "ortho_loss": 0.0,
    "pearson": 0.7791,
    "regression_loss": 1.6282,
    "rm2": 0.5599,
    "rmse": 1.2779,
    "sd": 1.2605,
    "spearman": 0.7746,
    "spectral_loss": 0.0
}
                              
Test Results: {
    "ci": 0.7853,
    "classification_loss": 0.0,
    "cluster_loss": 0.0,
    "mae": 0.9671,
    "mse": 1.7381,
    "multiclassification_loss": 0.0,
    "ortho_loss": 0.0,
    "pearson": 0.7553,
    "regression_loss": 1.737,
    "rm2": 0.5128,
    "rmse": 1.3184,
    "sd": 1.296,
    "spearman": 0.7544,
    "spectral_loss": 0.0
}
                              
                              
----------------------------------------
Epoch 074 with LR 0.000100: Model Results
----------------------------------------
Train MSE Loss: 0.1885, Train CLS Loss: 0.0000, Train MCLS Loss: 0.0000
Protein Cluster Region Loss - Ortho Loss: 0.0000, Cluster Loss: 0.0000
                              
Validation Results: {
    "ci": 0.7927,
    "classification_loss": 0.0,
    "cluster_loss": 0.0,
    "mae": 0.9399,
    "mse": 1.6801,
    "multiclassification_loss": 0.0,
    "ortho_loss": 0.0,
    "pearson": 0.7743,
    "regression_loss": 1.6766,
    "rm2": 0.5475,
    "rmse": 1.2962,
    "sd": 1.2722,
    "spearman": 0.7687,
    "spectral_loss": 0.0
}
                              
Test Results: {
    "ci": 0.7853,
    "classification_loss": 0.0,
    "cluster_loss": 0.0,
    "mae": 0.9671,
    "mse": 1.7381,
    "multiclassification_loss": 0.0,
    "ortho_loss": 0.0,
    "pearson": 0.7553,
    "regression_loss": 1.737,
    "rm2": 0.5128,
    "rmse": 1.3184,
    "sd": 1.296,
    "spearman": 0.7544,
    "spectral_loss": 0.0
}
                              
                              
----------------------------------------
Epoch 075 with LR 0.000100: Model Results
----------------------------------------
Train MSE Loss: 0.1812, Train CLS Loss: 0.0000, Train MCLS Loss: 0.0000
Protein Cluster Region Loss - Ortho Loss: 0.0000, Cluster Loss: 0.0000
                              
Validation Results: {
    "ci": 0.7956,
    "classification_loss": 0.0,
    "cluster_loss": 0.0,
    "mae": 0.9354,
    "mse": 1.6483,
    "multiclassification_loss": 0.0,
    "ortho_loss": 0.0,
    "pearson": 0.7787,
    "regression_loss": 1.6429,
    "rm2": 0.5608,
    "rmse": 1.2838,
    "sd": 1.2613,
    "spearman": 0.7739,
    "spectral_loss": 0.0
}
                              
Test Results: {
    "ci": 0.7853,
    "classification_loss": 0.0,
    "cluster_loss": 0.0,
    "mae": 0.9671,
    "mse": 1.7381,
    "multiclassification_loss": 0.0,
    "ortho_loss": 0.0,
    "pearson": 0.7553,
    "regression_loss": 1.737,
    "rm2": 0.5128,
    "rmse": 1.3184,
    "sd": 1.296,
    "spearman": 0.7544,
    "spectral_loss": 0.0
}
                              
                              
----------------------------------------
Epoch 076 with LR 0.000100: Model Results
----------------------------------------
Train MSE Loss: 0.1832, Train CLS Loss: 0.0000, Train MCLS Loss: 0.0000
Protein Cluster Region Loss - Ortho Loss: 0.0000, Cluster Loss: 0.0000
                              
Validation Results: {
    "ci": 0.7928,
    "classification_loss": 0.0,
    "cluster_loss": 0.0,
    "mae": 0.9473,
    "mse": 1.6649,
    "multiclassification_loss": 0.0,
    "ortho_loss": 0.0,
    "pearson": 0.7748,
    "regression_loss": 1.66,
    "rm2": 0.5666,
    "rmse": 1.2903,
    "sd": 1.271,
    "spearman": 0.7701,
    "spectral_loss": 0.0
}
                              
Test Results: {
    "ci": 0.7853,
    "classification_loss": 0.0,
    "cluster_loss": 0.0,
    "mae": 0.9671,
    "mse": 1.7381,
    "multiclassification_loss": 0.0,
    "ortho_loss": 0.0,
    "pearson": 0.7553,
    "regression_loss": 1.737,
    "rm2": 0.5128,
    "rmse": 1.3184,
    "sd": 1.296,
    "spearman": 0.7544,
    "spectral_loss": 0.0
}
                              
                              
----------------------------------------
Epoch 077 with LR 0.000100: Model Results
----------------------------------------
Train MSE Loss: 0.1869, Train CLS Loss: 0.0000, Train MCLS Loss: 0.0000
Protein Cluster Region Loss - Ortho Loss: 0.0000, Cluster Loss: 0.0000
                              
Validation Results: {
    "ci": 0.7952,
    "classification_loss": 0.0,
    "cluster_loss": 0.0,
    "mae": 0.9341,
    "mse": 1.6513,
    "multiclassification_loss": 0.0,
    "ortho_loss": 0.0,
    "pearson": 0.777,
    "regression_loss": 1.6455,
    "rm2": 0.5687,
    "rmse": 1.285,
    "sd": 1.2656,
    "spearman": 0.7728,
    "spectral_loss": 0.0
}
                              
Test Results: {
    "ci": 0.7853,
    "classification_loss": 0.0,
    "cluster_loss": 0.0,
    "mae": 0.9671,
    "mse": 1.7381,
    "multiclassification_loss": 0.0,
    "ortho_loss": 0.0,
    "pearson": 0.7553,
    "regression_loss": 1.737,
    "rm2": 0.5128,
    "rmse": 1.3184,
    "sd": 1.296,
    "spearman": 0.7544,
    "spectral_loss": 0.0
}
                              
                              
----------------------------------------
Epoch 078 with LR 0.000100: Model Results
----------------------------------------
Train MSE Loss: 0.1839, Train CLS Loss: 0.0000, Train MCLS Loss: 0.0000
Protein Cluster Region Loss - Ortho Loss: 0.0000, Cluster Loss: 0.0000
                              
Validation Results: {
    "ci": 0.7918,
    "classification_loss": 0.0,
    "cluster_loss": 0.0,
    "mae": 0.9455,
    "mse": 1.6948,
    "multiclassification_loss": 0.0,
    "ortho_loss": 0.0,
    "pearson": 0.7718,
    "regression_loss": 1.6897,
    "rm2": 0.5358,
    "rmse": 1.3018,
    "sd": 1.2784,
    "spearman": 0.7667,
    "spectral_loss": 0.0
}
                              
Test Results: {
    "ci": 0.7853,
    "classification_loss": 0.0,
    "cluster_loss": 0.0,
    "mae": 0.9671,
    "mse": 1.7381,
    "multiclassification_loss": 0.0,
    "ortho_loss": 0.0,
    "pearson": 0.7553,
    "regression_loss": 1.737,
    "rm2": 0.5128,
    "rmse": 1.3184,
    "sd": 1.296,
    "spearman": 0.7544,
    "spectral_loss": 0.0
}
                              
                              
----------------------------------------
Epoch 079 with LR 0.000100: Model Results
----------------------------------------
Train MSE Loss: 0.1743, Train CLS Loss: 0.0000, Train MCLS Loss: 0.0000
Protein Cluster Region Loss - Ortho Loss: 0.0000, Cluster Loss: 0.0000
                              
Validation Results: {
    "ci": 0.7926,
    "classification_loss": 0.0,
    "cluster_loss": 0.0,
    "mae": 0.9399,
    "mse": 1.6612,
    "multiclassification_loss": 0.0,
    "ortho_loss": 0.0,
    "pearson": 0.7733,
    "regression_loss": 1.6561,
    "rm2": 0.5605,
    "rmse": 1.2889,
    "sd": 1.2747,
    "spearman": 0.7679,
    "spectral_loss": 0.0
}
                              
Test Results: {
    "ci": 0.7853,
    "classification_loss": 0.0,
    "cluster_loss": 0.0,
    "mae": 0.9671,
    "mse": 1.7381,
    "multiclassification_loss": 0.0,
    "ortho_loss": 0.0,
    "pearson": 0.7553,
    "regression_loss": 1.737,
    "rm2": 0.5128,
    "rmse": 1.3184,
    "sd": 1.296,
    "spearman": 0.7544,
    "spectral_loss": 0.0
}
                              
                              
----------------------------------------
Epoch 080 with LR 0.000100: Model Results
----------------------------------------
Train MSE Loss: 0.1741, Train CLS Loss: 0.0000, Train MCLS Loss: 0.0000
Protein Cluster Region Loss - Ortho Loss: 0.0000, Cluster Loss: 0.0000
                              
Validation Results: {
    "ci": 0.7915,
    "classification_loss": 0.0,
    "cluster_loss": 0.0,
    "mae": 0.9495,
    "mse": 1.7041,
    "multiclassification_loss": 0.0,
    "ortho_loss": 0.0,
    "pearson": 0.7701,
    "regression_loss": 1.6998,
    "rm2": 0.5439,
    "rmse": 1.3054,
    "sd": 1.2825,
    "spearman": 0.7664,
    "spectral_loss": 0.0
}
                              
Test Results: {
    "ci": 0.7853,
    "classification_loss": 0.0,
    "cluster_loss": 0.0,
    "mae": 0.9671,
    "mse": 1.7381,
    "multiclassification_loss": 0.0,
    "ortho_loss": 0.0,
    "pearson": 0.7553,
    "regression_loss": 1.737,
    "rm2": 0.5128,
    "rmse": 1.3184,
    "sd": 1.296,
    "spearman": 0.7544,
    "spectral_loss": 0.0
}
                              
                              
----------------------------------------
Epoch 081 with LR 0.000100: Model Results
----------------------------------------
Train MSE Loss: 0.1729, Train CLS Loss: 0.0000, Train MCLS Loss: 0.0000
Protein Cluster Region Loss - Ortho Loss: 0.0000, Cluster Loss: 0.0000
                              
Validation Results: {
    "ci": 0.7916,
    "classification_loss": 0.0,
    "cluster_loss": 0.0,
    "mae": 0.9514,
    "mse": 1.6966,
    "multiclassification_loss": 0.0,
    "ortho_loss": 0.0,
    "pearson": 0.7704,
    "regression_loss": 1.6939,
    "rm2": 0.5537,
    "rmse": 1.3026,
    "sd": 1.2817,
    "spearman": 0.7667,
    "spectral_loss": 0.0
}
                              
Test Results: {
    "ci": 0.7853,
    "classification_loss": 0.0,
    "cluster_loss": 0.0,
    "mae": 0.9671,
    "mse": 1.7381,
    "multiclassification_loss": 0.0,
    "ortho_loss": 0.0,
    "pearson": 0.7553,
    "regression_loss": 1.737,
    "rm2": 0.5128,
    "rmse": 1.3184,
    "sd": 1.296,
    "spearman": 0.7544,
    "spectral_loss": 0.0
}
                              
                              
----------------------------------------
Epoch 082 with LR 0.000100: Model Results
----------------------------------------
Train MSE Loss: 0.1682, Train CLS Loss: 0.0000, Train MCLS Loss: 0.0000
Protein Cluster Region Loss - Ortho Loss: 0.0000, Cluster Loss: 0.0000
                              
Validation Results: {
    "ci": 0.7919,
    "classification_loss": 0.0,
    "cluster_loss": 0.0,
    "mae": 0.9534,
    "mse": 1.6792,
    "multiclassification_loss": 0.0,
    "ortho_loss": 0.0,
    "pearson": 0.7729,
    "regression_loss": 1.6747,
    "rm2": 0.5706,
    "rmse": 1.2958,
    "sd": 1.2757,
    "spearman": 0.7673,
    "spectral_loss": 0.0
}
                              
Test Results: {
    "ci": 0.7853,
    "classification_loss": 0.0,
    "cluster_loss": 0.0,
    "mae": 0.9671,
    "mse": 1.7381,
    "multiclassification_loss": 0.0,
    "ortho_loss": 0.0,
    "pearson": 0.7553,
    "regression_loss": 1.737,
    "rm2": 0.5128,
    "rmse": 1.3184,
    "sd": 1.296,
    "spearman": 0.7544,
    "spectral_loss": 0.0
}
                              
                              
----------------------------------------
Epoch 083 with LR 0.000100: Model Results
----------------------------------------
Train MSE Loss: 0.1658, Train CLS Loss: 0.0000, Train MCLS Loss: 0.0000
Protein Cluster Region Loss - Ortho Loss: 0.0000, Cluster Loss: 0.0000
                              
Validation Results: {
    "ci": 0.7947,
    "classification_loss": 0.0,
    "cluster_loss": 0.0,
    "mae": 0.9411,
    "mse": 1.6685,
    "multiclassification_loss": 0.0,
    "ortho_loss": 0.0,
    "pearson": 0.7773,
    "regression_loss": 1.6641,
    "rm2": 0.5703,
    "rmse": 1.2917,
    "sd": 1.2647,
    "spearman": 0.7728,
    "spectral_loss": 0.0
}
                              
Test Results: {
    "ci": 0.7853,
    "classification_loss": 0.0,
    "cluster_loss": 0.0,
    "mae": 0.9671,
    "mse": 1.7381,
    "multiclassification_loss": 0.0,
    "ortho_loss": 0.0,
    "pearson": 0.7553,
    "regression_loss": 1.737,
    "rm2": 0.5128,
    "rmse": 1.3184,
    "sd": 1.296,
    "spearman": 0.7544,
    "spectral_loss": 0.0
}
                              
                              
----------------------------------------
Epoch 084 with LR 0.000100: Model Results
----------------------------------------
Train MSE Loss: 0.1657, Train CLS Loss: 0.0000, Train MCLS Loss: 0.0000
Protein Cluster Region Loss - Ortho Loss: 0.0000, Cluster Loss: 0.0000
                              
Validation Results: {
    "ci": 0.7943,
    "classification_loss": 0.0,
    "cluster_loss": 0.0,
    "mae": 0.9428,
    "mse": 1.6773,
    "multiclassification_loss": 0.0,
    "ortho_loss": 0.0,
    "pearson": 0.7768,
    "regression_loss": 1.6724,
    "rm2": 0.539,
    "rmse": 1.2951,
    "sd": 1.2661,
    "spearman": 0.7722,
    "spectral_loss": 0.0
}
                              
Test Results: {
    "ci": 0.7853,
    "classification_loss": 0.0,
    "cluster_loss": 0.0,
    "mae": 0.9671,
    "mse": 1.7381,
    "multiclassification_loss": 0.0,
    "ortho_loss": 0.0,
    "pearson": 0.7553,
    "regression_loss": 1.737,
    "rm2": 0.5128,
    "rmse": 1.3184,
    "sd": 1.296,
    "spearman": 0.7544,
    "spectral_loss": 0.0
}
                              
                              
----------------------------------------
Epoch 085 with LR 0.000100: Model Results
----------------------------------------
Train MSE Loss: 0.1607, Train CLS Loss: 0.0000, Train MCLS Loss: 0.0000
Protein Cluster Region Loss - Ortho Loss: 0.0000, Cluster Loss: 0.0000
                              
Validation Results: {
    "ci": 0.7927,
    "classification_loss": 0.0,
    "cluster_loss": 0.0,
    "mae": 0.9436,
    "mse": 1.6815,
    "multiclassification_loss": 0.0,
    "ortho_loss": 0.0,
    "pearson": 0.7702,
    "regression_loss": 1.6764,
    "rm2": 0.5628,
    "rmse": 1.2967,
    "sd": 1.2822,
    "spearman": 0.7673,
    "spectral_loss": 0.0
}
                              
Test Results: {
    "ci": 0.7853,
    "classification_loss": 0.0,
    "cluster_loss": 0.0,
    "mae": 0.9671,
    "mse": 1.7381,
    "multiclassification_loss": 0.0,
    "ortho_loss": 0.0,
    "pearson": 0.7553,
    "regression_loss": 1.737,
    "rm2": 0.5128,
    "rmse": 1.3184,
    "sd": 1.296,
    "spearman": 0.7544,
    "spectral_loss": 0.0
}
                              
                              
----------------------------------------
Epoch 086 with LR 0.000100: Model Results
----------------------------------------
Train MSE Loss: 0.1638, Train CLS Loss: 0.0000, Train MCLS Loss: 0.0000
Protein Cluster Region Loss - Ortho Loss: 0.0000, Cluster Loss: 0.0000
                              
Validation Results: {
    "ci": 0.794,
    "classification_loss": 0.0,
    "cluster_loss": 0.0,
    "mae": 0.9451,
    "mse": 1.6669,
    "multiclassification_loss": 0.0,
    "ortho_loss": 0.0,
    "pearson": 0.7769,
    "regression_loss": 1.6612,
    "rm2": 0.5673,
    "rmse": 1.2911,
    "sd": 1.2659,
    "spearman": 0.7713,
    "spectral_loss": 0.0
}
                              
Test Results: {
    "ci": 0.7853,
    "classification_loss": 0.0,
    "cluster_loss": 0.0,
    "mae": 0.9671,
    "mse": 1.7381,
    "multiclassification_loss": 0.0,
    "ortho_loss": 0.0,
    "pearson": 0.7553,
    "regression_loss": 1.737,
    "rm2": 0.5128,
    "rmse": 1.3184,
    "sd": 1.296,
    "spearman": 0.7544,
    "spectral_loss": 0.0
}
                              
                              
----------------------------------------
Epoch 087 with LR 0.000100: Model Results
----------------------------------------
Train MSE Loss: 0.1625, Train CLS Loss: 0.0000, Train MCLS Loss: 0.0000
Protein Cluster Region Loss - Ortho Loss: 0.0000, Cluster Loss: 0.0000
                              
Validation Results: {
    "ci": 0.7947,
    "classification_loss": 0.0,
    "cluster_loss": 0.0,
    "mae": 0.9413,
    "mse": 1.6381,
    "multiclassification_loss": 0.0,
    "ortho_loss": 0.0,
    "pearson": 0.7773,
    "regression_loss": 1.6336,
    "rm2": 0.5802,
    "rmse": 1.2799,
    "sd": 1.2647,
    "spearman": 0.7726,
    "spectral_loss": 0.0
}
                              
Test Results: {
    "ci": 0.7853,
    "classification_loss": 0.0,
    "cluster_loss": 0.0,
    "mae": 0.9671,
    "mse": 1.7381,
    "multiclassification_loss": 0.0,
    "ortho_loss": 0.0,
    "pearson": 0.7553,
    "regression_loss": 1.737,
    "rm2": 0.5128,
    "rmse": 1.3184,
    "sd": 1.296,
    "spearman": 0.7544,
    "spectral_loss": 0.0
}
                              
                              
----------------------------------------
Epoch 088 with LR 0.000100: Model Results
----------------------------------------
Train MSE Loss: 0.1572, Train CLS Loss: 0.0000, Train MCLS Loss: 0.0000
Protein Cluster Region Loss - Ortho Loss: 0.0000, Cluster Loss: 0.0000
                              
Validation Results: {
    "ci": 0.7927,
    "classification_loss": 0.0,
    "cluster_loss": 0.0,
    "mae": 0.9485,
    "mse": 1.6865,
    "multiclassification_loss": 0.0,
    "ortho_loss": 0.0,
    "pearson": 0.7737,
    "regression_loss": 1.6827,
    "rm2": 0.5521,
    "rmse": 1.2987,
    "sd": 1.2738,
    "spearman": 0.7688,
    "spectral_loss": 0.0
}
                              
Test Results: {
    "ci": 0.7853,
    "classification_loss": 0.0,
    "cluster_loss": 0.0,
    "mae": 0.9671,
    "mse": 1.7381,
    "multiclassification_loss": 0.0,
    "ortho_loss": 0.0,
    "pearson": 0.7553,
    "regression_loss": 1.737,
    "rm2": 0.5128,
    "rmse": 1.3184,
    "sd": 1.296,
    "spearman": 0.7544,
    "spectral_loss": 0.0
}
                              
                              
----------------------------------------
Epoch 089 with LR 0.000100: Model Results
----------------------------------------
Train MSE Loss: 0.1552, Train CLS Loss: 0.0000, Train MCLS Loss: 0.0000
Protein Cluster Region Loss - Ortho Loss: 0.0000, Cluster Loss: 0.0000
                              
Validation Results: {
    "ci": 0.7935,
    "classification_loss": 0.0,
    "cluster_loss": 0.0,
    "mae": 0.9511,
    "mse": 1.689,
    "multiclassification_loss": 0.0,
    "ortho_loss": 0.0,
    "pearson": 0.7755,
    "regression_loss": 1.6853,
    "rm2": 0.5565,
    "rmse": 1.2996,
    "sd": 1.2693,
    "spearman": 0.7708,
    "spectral_loss": 0.0
}
                              
Test Results: {
    "ci": 0.7853,
    "classification_loss": 0.0,
    "cluster_loss": 0.0,
    "mae": 0.9671,
    "mse": 1.7381,
    "multiclassification_loss": 0.0,
    "ortho_loss": 0.0,
    "pearson": 0.7553,
    "regression_loss": 1.737,
    "rm2": 0.5128,
    "rmse": 1.3184,
    "sd": 1.296,
    "spearman": 0.7544,
    "spectral_loss": 0.0
}
                              
                              
----------------------------------------
Epoch 090 with LR 0.000100: Model Results
----------------------------------------
Train MSE Loss: 0.1540, Train CLS Loss: 0.0000, Train MCLS Loss: 0.0000
Protein Cluster Region Loss - Ortho Loss: 0.0000, Cluster Loss: 0.0000
                              
Validation Results: {
    "ci": 0.7931,
    "classification_loss": 0.0,
    "cluster_loss": 0.0,
    "mae": 0.9348,
    "mse": 1.6527,
    "multiclassification_loss": 0.0,
    "ortho_loss": 0.0,
    "pearson": 0.7743,
    "regression_loss": 1.6483,
    "rm2": 0.559,
    "rmse": 1.2856,
    "sd": 1.2723,
    "spearman": 0.7697,
    "spectral_loss": 0.0
}
                              
Test Results: {
    "ci": 0.7853,
    "classification_loss": 0.0,
    "cluster_loss": 0.0,
    "mae": 0.9671,
    "mse": 1.7381,
    "multiclassification_loss": 0.0,
    "ortho_loss": 0.0,
    "pearson": 0.7553,
    "regression_loss": 1.737,
    "rm2": 0.5128,
    "rmse": 1.3184,
    "sd": 1.296,
    "spearman": 0.7544,
    "spectral_loss": 0.0
}
                              
                              
----------------------------------------
Epoch 091 with LR 0.000100: Model Results
----------------------------------------
Train MSE Loss: 0.1497, Train CLS Loss: 0.0000, Train MCLS Loss: 0.0000
Protein Cluster Region Loss - Ortho Loss: 0.0000, Cluster Loss: 0.0000
                              
Validation Results: {
    "ci": 0.7935,
    "classification_loss": 0.0,
    "cluster_loss": 0.0,
    "mae": 0.9391,
    "mse": 1.6632,
    "multiclassification_loss": 0.0,
    "ortho_loss": 0.0,
    "pearson": 0.7756,
    "regression_loss": 1.6589,
    "rm2": 0.5406,
    "rmse": 1.2896,
    "sd": 1.2689,
    "spearman": 0.7697,
    "spectral_loss": 0.0
}
                              
Test Results: {
    "ci": 0.7853,
    "classification_loss": 0.0,
    "cluster_loss": 0.0,
    "mae": 0.9671,
    "mse": 1.7381,
    "multiclassification_loss": 0.0,
    "ortho_loss": 0.0,
    "pearson": 0.7553,
    "regression_loss": 1.737,
    "rm2": 0.5128,
    "rmse": 1.3184,
    "sd": 1.296,
    "spearman": 0.7544,
    "spectral_loss": 0.0
}
                              
                              
----------------------------------------
Epoch 092 with LR 0.000100: Model Results
----------------------------------------
Train MSE Loss: 0.1509, Train CLS Loss: 0.0000, Train MCLS Loss: 0.0000
Protein Cluster Region Loss - Ortho Loss: 0.0000, Cluster Loss: 0.0000
                              
Validation Results: {
    "ci": 0.7919,
    "classification_loss": 0.0,
    "cluster_loss": 0.0,
    "mae": 0.9473,
    "mse": 1.6937,
    "multiclassification_loss": 0.0,
    "ortho_loss": 0.0,
    "pearson": 0.7717,
    "regression_loss": 1.6882,
    "rm2": 0.5551,
    "rmse": 1.3014,
    "sd": 1.2786,
    "spearman": 0.7664,
    "spectral_loss": 0.0
}
                              
Test Results: {
    "ci": 0.7853,
    "classification_loss": 0.0,
    "cluster_loss": 0.0,
    "mae": 0.9671,
    "mse": 1.7381,
    "multiclassification_loss": 0.0,
    "ortho_loss": 0.0,
    "pearson": 0.7553,
    "regression_loss": 1.737,
    "rm2": 0.5128,
    "rmse": 1.3184,
    "sd": 1.296,
    "spearman": 0.7544,
    "spectral_loss": 0.0
}
                              
                              
----------------------------------------
Epoch 093 with LR 0.000100: Model Results
----------------------------------------
Train MSE Loss: 0.1499, Train CLS Loss: 0.0000, Train MCLS Loss: 0.0000
Protein Cluster Region Loss - Ortho Loss: 0.0000, Cluster Loss: 0.0000
                              
Validation Results: {
    "ci": 0.7939,
    "classification_loss": 0.0,
    "cluster_loss": 0.0,
    "mae": 0.9473,
    "mse": 1.6667,
    "multiclassification_loss": 0.0,
    "ortho_loss": 0.0,
    "pearson": 0.775,
    "regression_loss": 1.6621,
    "rm2": 0.5794,
    "rmse": 1.291,
    "sd": 1.2705,
    "spearman": 0.7707,
    "spectral_loss": 0.0
}
                              
Test Results: {
    "ci": 0.7853,
    "classification_loss": 0.0,
    "cluster_loss": 0.0,
    "mae": 0.9671,
    "mse": 1.7381,
    "multiclassification_loss": 0.0,
    "ortho_loss": 0.0,
    "pearson": 0.7553,
    "regression_loss": 1.737,
    "rm2": 0.5128,
    "rmse": 1.3184,
    "sd": 1.296,
    "spearman": 0.7544,
    "spectral_loss": 0.0
}
                              
                              
----------------------------------------
Epoch 094 with LR 0.000100: Model Results
----------------------------------------
Train MSE Loss: 0.1427, Train CLS Loss: 0.0000, Train MCLS Loss: 0.0000
Protein Cluster Region Loss - Ortho Loss: 0.0000, Cluster Loss: 0.0000
                              
Validation Results: {
    "ci": 0.7939,
    "classification_loss": 0.0,
    "cluster_loss": 0.0,
    "mae": 0.9396,
    "mse": 1.668,
    "multiclassification_loss": 0.0,
    "ortho_loss": 0.0,
    "pearson": 0.7756,
    "regression_loss": 1.6634,
    "rm2": 0.5654,
    "rmse": 1.2915,
    "sd": 1.269,
    "spearman": 0.7704,
    "spectral_loss": 0.0
}
                              
Test Results: {
    "ci": 0.7853,
    "classification_loss": 0.0,
    "cluster_loss": 0.0,
    "mae": 0.9671,
    "mse": 1.7381,
    "multiclassification_loss": 0.0,
    "ortho_loss": 0.0,
    "pearson": 0.7553,
    "regression_loss": 1.737,
    "rm2": 0.5128,
    "rmse": 1.3184,
    "sd": 1.296,
    "spearman": 0.7544,
    "spectral_loss": 0.0
}
                              
                              
----------------------------------------
Epoch 095 with LR 0.000100: Model Results
----------------------------------------
Train MSE Loss: 0.1487, Train CLS Loss: 0.0000, Train MCLS Loss: 0.0000
Protein Cluster Region Loss - Ortho Loss: 0.0000, Cluster Loss: 0.0000
                              
Validation Results: {
    "ci": 0.7941,
    "classification_loss": 0.0,
    "cluster_loss": 0.0,
    "mae": 0.9469,
    "mse": 1.6767,
    "multiclassification_loss": 0.0,
    "ortho_loss": 0.0,
    "pearson": 0.7754,
    "regression_loss": 1.6721,
    "rm2": 0.5656,
    "rmse": 1.2949,
    "sd": 1.2696,
    "spearman": 0.7709,
    "spectral_loss": 0.0
}
                              
Test Results: {
    "ci": 0.7853,
    "classification_loss": 0.0,
    "cluster_loss": 0.0,
    "mae": 0.9671,
    "mse": 1.7381,
    "multiclassification_loss": 0.0,
    "ortho_loss": 0.0,
    "pearson": 0.7553,
    "regression_loss": 1.737,
    "rm2": 0.5128,
    "rmse": 1.3184,
    "sd": 1.296,
    "spearman": 0.7544,
    "spectral_loss": 0.0
}
                              
                              
----------------------------------------
Epoch 096 with LR 0.000100: Model Results
----------------------------------------
Train MSE Loss: 0.1483, Train CLS Loss: 0.0000, Train MCLS Loss: 0.0000
Protein Cluster Region Loss - Ortho Loss: 0.0000, Cluster Loss: 0.0000
                              
Validation Results: {
    "ci": 0.792,
    "classification_loss": 0.0,
    "cluster_loss": 0.0,
    "mae": 0.9534,
    "mse": 1.6957,
    "multiclassification_loss": 0.0,
    "ortho_loss": 0.0,
    "pearson": 0.7731,
    "regression_loss": 1.6916,
    "rm2": 0.5593,
    "rmse": 1.3022,
    "sd": 1.2752,
    "spearman": 0.767,
    "spectral_loss": 0.0
}
                              
Test Results: {
    "ci": 0.7853,
    "classification_loss": 0.0,
    "cluster_loss": 0.0,
    "mae": 0.9671,
    "mse": 1.7381,
    "multiclassification_loss": 0.0,
    "ortho_loss": 0.0,
    "pearson": 0.7553,
    "regression_loss": 1.737,
    "rm2": 0.5128,
    "rmse": 1.3184,
    "sd": 1.296,
    "spearman": 0.7544,
    "spectral_loss": 0.0
}
                              
                              
----------------------------------------
Epoch 097 with LR 0.000100: Model Results
----------------------------------------
Train MSE Loss: 0.1434, Train CLS Loss: 0.0000, Train MCLS Loss: 0.0000
Protein Cluster Region Loss - Ortho Loss: 0.0000, Cluster Loss: 0.0000
                              
Validation Results: {
    "ci": 0.7925,
    "classification_loss": 0.0,
    "cluster_loss": 0.0,
    "mae": 0.9395,
    "mse": 1.6729,
    "multiclassification_loss": 0.0,
    "ortho_loss": 0.0,
    "pearson": 0.7729,
    "regression_loss": 1.6683,
    "rm2": 0.5627,
    "rmse": 1.2934,
    "sd": 1.2756,
    "spearman": 0.7666,
    "spectral_loss": 0.0
}
                              
Test Results: {
    "ci": 0.7853,
    "classification_loss": 0.0,
    "cluster_loss": 0.0,
    "mae": 0.9671,
    "mse": 1.7381,
    "multiclassification_loss": 0.0,
    "ortho_loss": 0.0,
    "pearson": 0.7553,
    "regression_loss": 1.737,
    "rm2": 0.5128,
    "rmse": 1.3184,
    "sd": 1.296,
    "spearman": 0.7544,
    "spectral_loss": 0.0
}
                              
                              
----------------------------------------
Epoch 098 with LR 0.000100: Model Results
----------------------------------------
Train MSE Loss: 0.1442, Train CLS Loss: 0.0000, Train MCLS Loss: 0.0000
Protein Cluster Region Loss - Ortho Loss: 0.0000, Cluster Loss: 0.0000
                              
Validation Results: {
    "ci": 0.7934,
    "classification_loss": 0.0,
    "cluster_loss": 0.0,
    "mae": 0.9426,
    "mse": 1.6823,
    "multiclassification_loss": 0.0,
    "ortho_loss": 0.0,
    "pearson": 0.7743,
    "regression_loss": 1.678,
    "rm2": 0.548,
    "rmse": 1.297,
    "sd": 1.2722,
    "spearman": 0.7688,
    "spectral_loss": 0.0
}
                              
Test Results: {
    "ci": 0.7853,
    "classification_loss": 0.0,
    "cluster_loss": 0.0,
    "mae": 0.9671,
    "mse": 1.7381,
    "multiclassification_loss": 0.0,
    "ortho_loss": 0.0,
    "pearson": 0.7553,
    "regression_loss": 1.737,
    "rm2": 0.5128,
    "rmse": 1.3184,
    "sd": 1.296,
    "spearman": 0.7544,
    "spectral_loss": 0.0
}
                              
                              
----------------------------------------
Epoch 099 with LR 0.000100: Model Results
----------------------------------------
Train MSE Loss: 0.1374, Train CLS Loss: 0.0000, Train MCLS Loss: 0.0000
Protein Cluster Region Loss - Ortho Loss: 0.0000, Cluster Loss: 0.0000
                              
Validation Results: {
    "ci": 0.7963,
    "classification_loss": 0.0,
    "cluster_loss": 0.0,
    "mae": 0.9222,
    "mse": 1.6246,
    "multiclassification_loss": 0.0,
    "ortho_loss": 0.0,
    "pearson": 0.7795,
    "regression_loss": 1.6204,
    "rm2": 0.5502,
    "rmse": 1.2746,
    "sd": 1.2593,
    "spearman": 0.7741,
    "spectral_loss": 0.0
}
                              
Test Results: {
    "ci": 0.7852,
    "classification_loss": 0.0,
    "cluster_loss": 0.0,
    "mae": 0.9658,
    "mse": 1.7767,
    "multiclassification_loss": 0.0,
    "ortho_loss": 0.0,
    "pearson": 0.7494,
    "regression_loss": 1.7765,
    "rm2": 0.4959,
    "rmse": 1.3329,
    "sd": 1.3092,
    "spearman": 0.7533,
    "spectral_loss": 0.0
}
                              
                              
----------------------------------------
Epoch 100 with LR 0.000100: Model Results
----------------------------------------
Train MSE Loss: 0.1412, Train CLS Loss: 0.0000, Train MCLS Loss: 0.0000
Protein Cluster Region Loss - Ortho Loss: 0.0000, Cluster Loss: 0.0000
                              
Validation Results: {
    "ci": 0.796,
    "classification_loss": 0.0,
    "cluster_loss": 0.0,
    "mae": 0.9338,
    "mse": 1.6361,
    "multiclassification_loss": 0.0,
    "ortho_loss": 0.0,
    "pearson": 0.7791,
    "regression_loss": 1.6322,
    "rm2": 0.5671,
    "rmse": 1.2791,
    "sd": 1.2605,
    "spearman": 0.7751,
    "spectral_loss": 0.0
}
                              
Test Results: {
    "ci": 0.7852,
    "classification_loss": 0.0,
    "cluster_loss": 0.0,
    "mae": 0.9658,
    "mse": 1.7767,
    "multiclassification_loss": 0.0,
    "ortho_loss": 0.0,
    "pearson": 0.7494,
    "regression_loss": 1.7765,
    "rm2": 0.4959,
    "rmse": 1.3329,
    "sd": 1.3092,
    "spearman": 0.7533,
    "spectral_loss": 0.0
}
[best epoch] epoch=99, best_rmse=1.2746, lr_at_best=1.000e-04
                              
                              
----------------------------------------
Epoch 100 with LR 0.000100: Model Results
----------------------------------------
Train MSE Loss: 0.1412, Train CLS Loss: 0.0000, Train MCLS Loss: 0.0000
Protein Cluster Region Loss - Ortho Loss: 0.0000, Cluster Loss: 0.0000
                              
Validation Results: {
    "ci": 0.796,
    "classification_loss": 0.0,
    "cluster_loss": 0.0,
    "mae": 0.9338,
    "mse": 1.6361,
    "multiclassification_loss": 0.0,
    "ortho_loss": 0.0,
    "pearson": 0.7791,
    "regression_loss": 1.6322,
    "rm2": 0.5671,
    "rmse": 1.2791,
    "sd": 1.2605,
    "spearman": 0.7751,
    "spectral_loss": 0.0
}
                              
Test Results: {
    "ci": 0.7852,
    "classification_loss": 0.0,
    "cluster_loss": 0.0,
    "mae": 0.9658,
    "mse": 1.7767,
    "multiclassification_loss": 0.0,
    "ortho_loss": 0.0,
    "pearson": 0.7494,
    "regression_loss": 1.7765,
    "rm2": 0.4959,
    "rmse": 1.3329,
    "sd": 1.3092,
    "spearman": 0.7533,
    "spectral_loss": 0.0
}
Final test metrics: rmse=1.3329, pearson=0.7494, r2_proxy(mse)=1.7767
Done. Predictions: /sc/arion/projects/DiseaseGeneCell/Huang_lab_project/wangcDrugRepoProject/TRACE_Kin_Results_v3/catpred_dataset/catpred_ki_ProteinCLIP_embedding_random/test_prediction_seed1.csv; checkpoint: /sc/arion/projects/DiseaseGeneCell/Huang_lab_project/wangcDrugRepoProject/TRACE_Kin_Results_v3/catpred_dataset/catpred_ki_ProteinCLIP_embedding_random/save_model_seed1/model.pt

==========================================
Array task 13/14: OK (catpred_ki_ProteinCLIP_embedding_random)
==========================================


PS:

Read file <242614935.13.stderr> for stderr output of this job.

