Sender: LSF System <lsfadmin@lg02e11>
Subject: Job 242885725[9]: <trace_kin_v3_perfolder_s1[1-10]> in cluster <chimera> Done

Job <trace_kin_v3_perfolder_s1[1-10]> was submitted from host <li04e03> by user <wangc40> in cluster <chimera> at Sun May 10 14:25:19 2026
Job was executed on host(s) <16*lg02e11>, in queue <gpu>, as user <wangc40> in cluster <chimera> at Sun May 10 14:25:30 2026
</hpc/users/wangc40> was used as the home directory.
</sc/arion/projects/DiseaseGeneCell/Huang_lab_project/wangcDrugRepoProject/TRACE-Kin> was used as the working directory.
Started at Sun May 10 14:25:30 2026
Terminated at Sun May 10 16:04:59 2026
Results reported at Sun May 10 16:04:59 2026

Your job looked like:

------------------------------------------------------------
# LSBATCH: User input
#!/bin/bash
#BSUB -J trace_kin_v3_perfolder_s1[1-10]
#BSUB -P acc_DiseaseGeneCell
#BSUB -q gpu
#BSUB -R h100nvl
#BSUB -gpu num=1
#BSUB -n 16
#BSUB -R "rusage[mem=8000]"
#BSUB -R "span[hosts=1]"
#BSUB -W 48:00
#BSUB -o %J.%I.stdout
#BSUB -eo %J.%I.stderr
#BSUB -L /bin/bash

# =============================================================================
# TRACE-Kin v3 PER-FOLDER + ChemBERT — top-10 RF-gap cells
# =============================================================================
# Submit with:
#     bsub < training/run_v3_perfolder_s1.lsf
#
# Per-folder evaluation: each (dataset × kinetic × split) cell gets its own
# v3 model trained ONLY on that folder's train.parquet, tested on that
# folder's test.parquet. NO cross-dataset pooling — avoids the leakage
# concern that pool-train rows could contaminate primary-test keys.
#
# v3 FP-MLP head input is mean-ESM (1280) ⊕ ChemBERT (768), loaded from
# the per-row `metabolite_features` column of train/val/test.parquet —
# apples-to-apples vs the historical ChemBERT-fed RF baseline.
#
# Cells: the 10 (out of 27) where the historical PSICHIC-vs-RF gap is
# largest, derived from data/benchmark/kinetic_regress_benchmark_clean.csv.
# These are the cells the ChemBERT cutover is most likely to move. The
# embedding per cell is the one with the LOWEST RF baseline RMSE in the
# benchmark (= the hardest fair test for v3). All 5 kinetics, all 3 splits,
# and all 4 source datasets are represented.
#
# Ordered by descending RF-gap (PSICHIC RMSE − RF RMSE):
#   1. EITLEM   kcat_km cold_drug    ESMv1       gap +0.135
#   2. catpred  kcat    random       ESMv1       gap +0.130
#   3. inhouse  Kd      random       ESMv1       gap +0.115
#   4. EITLEM   kcat_km random       ESM2        gap +0.098
#   5. EITLEM   kcat    cold_drug    ESM2        gap +0.093
#   6. MPEK     kcat    cold_protein ProteinCLIP gap +0.092
#   7. EITLEM   km      cold_protein ProteinCLIP gap +0.090
#   8. catpred  ki      cold_protein ProteinCLIP gap +0.085
#   9. EITLEM   kcat_km cold_protein ProteinCLIP gap +0.080
#  10. EITLEM   kcat    cold_protein ProteinCLIP gap +0.073
#
# Outputs land under TRACE_Kin_Results_v3_chembert/<dataset>/<task_name>/
# so they don't collide with the existing TRACE_Kin_Results_v3*/ trees.

(... more ...)
------------------------------------------------------------

Successfully completed.

Resource usage summary:

    CPU time :                                   5909.00 sec.
    Max Memory :                                 6115 MB
    Average Memory :                             6049.79 MB
    Total Requested Memory :                     128000.00 MB
    Delta Memory :                               121885.00 MB
    Max Swap :                                   -
    Max Processes :                              4
    Max Threads :                                19
    Run time :                                   5969 sec.
    Turnaround time :                            5980 sec.

The output (if any) follows:

==========================================
TRACE-Kin v3 PER-FOLDER task 9/10
==========================================
Date:        Sun May 10 14:25:33 EDT 2026
Dataset:     /sc/arion/projects/DiseaseGeneCell/Huang_lab_project/drug_discovery/output/data/enzyme_embeddings_dataset/EITLEM_dataset/EITLEM_kkm_ProteinCLIP_embedding_cold_protein
Result:      /sc/arion/projects/DiseaseGeneCell/Huang_lab_project/wangcDrugRepoProject/TRACE_Kin_Results_v3_chembert/EITLEM_dataset/EITLEM_kkm_ProteinCLIP_embedding_cold_protein
Config:      training/config_v3.json
Pool CSVs:   (none — per-folder)
Model:       v3 (per-folder, no pool, ChemBERT FP-MLP, best embedding by RF baseline)
Epochs:      100, batch=16, seed=1, lr=1e-4
==========================================
Python 3.12.2
Python: /sc/arion/work/wangc40/test-env/envs/test/bin/python
CUDA device: NVIDIA H100 80GB HBM3, sm_90
============================================================
TRACE-Kin training
============================================================
Datafolder:        /sc/arion/projects/DiseaseGeneCell/Huang_lab_project/drug_discovery/output/data/enzyme_embeddings_dataset/EITLEM_dataset/EITLEM_kkm_ProteinCLIP_embedding_cold_protein
Result path:       /sc/arion/projects/DiseaseGeneCell/Huang_lab_project/wangcDrugRepoProject/TRACE_Kin_Results_v3_chembert/EITLEM_dataset/EITLEM_kkm_ProteinCLIP_embedding_cold_protein
Config:            training/config_v3.json
Pool train CSVs:   (none)
============================================================
Loading primary train: /sc/arion/projects/DiseaseGeneCell/Huang_lab_project/drug_discovery/output/data/enzyme_embeddings_dataset/EITLEM_dataset/EITLEM_kkm_ProteinCLIP_embedding_cold_protein/train.parquet
Loading primary test: /sc/arion/projects/DiseaseGeneCell/Huang_lab_project/drug_discovery/output/data/enzyme_embeddings_dataset/EITLEM_dataset/EITLEM_kkm_ProteinCLIP_embedding_cold_protein/test.parquet
Loading primary val: /sc/arion/projects/DiseaseGeneCell/Huang_lab_project/drug_discovery/output/data/enzyme_embeddings_dataset/EITLEM_dataset/EITLEM_kkm_ProteinCLIP_embedding_cold_protein/val.parquet
Detected prot_evo_channels = 128
seq2feat: 6607 unique sequences.
Detected chembert_dim = 768
smi2chembert: 2924 unique SMILES.
model_version: v3, use_swa: False
Building protein graphs from scratch (this can be slow)...
U, B, O, or 0 in Sequence
U, B, O, or 0 in Sequence
U, B, O, or 0 in Sequence
U, B, O, or 0 in Sequence
U, B, O, or 0 in Sequence
U, B, O, or 0 in Sequence
Building ligand graphs from scratch...
loaders ready: train=599 test=171 val=88
Computing PNA degrees from training data...
Built TraceKinV3 with 6,018,651 parameters
[LR schedule] schedule_lr=False, lrate=0.0001, min_lrate=0, warmup_iters=0, lr_decay_iters=59900, total_iters=59900
Not in terminal, reprint now using normal build-in print function.
                              
                              
----------------------------------------
Epoch 001 with LR 0.000100: Model Results
----------------------------------------
Train MSE Loss: 3.0481, Train CLS Loss: 0.0000, Train MCLS Loss: 0.0000
Protein Cluster Region Loss - Ortho Loss: 0.0000, Cluster Loss: 0.0000
                              
Validation Results: {
    "ci": 0.5947,
    "classification_loss": 0.0,
    "cluster_loss": 0.0,
    "mae": 1.3524,
    "mse": 2.8929,
    "multiclassification_loss": 0.0,
    "ortho_loss": 0.0,
    "pearson": 0.2667,
    "regression_loss": 2.8947,
    "rm2": 0.0704,
    "rmse": 1.7009,
    "sd": 1.6712,
    "spearman": 0.2823,
    "spectral_loss": 0.0
}
                              
Test Results: {
    "ci": 0.5793,
    "classification_loss": 0.0,
    "cluster_loss": 0.0,
    "mae": 1.3361,
    "mse": 2.8808,
    "multiclassification_loss": 0.0,
    "ortho_loss": 0.0,
    "pearson": 0.2393,
    "regression_loss": 2.8813,
    "rm2": 0.0568,
    "rmse": 1.6973,
    "sd": 1.6847,
    "spearman": 0.2346,
    "spectral_loss": 0.0
}
                              
                              
----------------------------------------
Epoch 002 with LR 0.000100: Model Results
----------------------------------------
Train MSE Loss: 2.8715, Train CLS Loss: 0.0000, Train MCLS Loss: 0.0000
Protein Cluster Region Loss - Ortho Loss: 0.0000, Cluster Loss: 0.0000
                              
Validation Results: {
    "ci": 0.5975,
    "classification_loss": 0.0,
    "cluster_loss": 0.0,
    "mae": 1.3309,
    "mse": 2.8353,
    "multiclassification_loss": 0.0,
    "ortho_loss": 0.0,
    "pearson": 0.2728,
    "regression_loss": 2.837,
    "rm2": 0.0712,
    "rmse": 1.6838,
    "sd": 1.6682,
    "spearman": 0.291,
    "spectral_loss": 0.0
}
                              
Test Results: {
    "ci": 0.5974,
    "classification_loss": 0.0,
    "cluster_loss": 0.0,
    "mae": 1.3057,
    "mse": 2.7694,
    "multiclassification_loss": 0.0,
    "ortho_loss": 0.0,
    "pearson": 0.2911,
    "regression_loss": 2.7677,
    "rm2": 0.0828,
    "rmse": 1.6642,
    "sd": 1.6599,
    "spearman": 0.2879,
    "spectral_loss": 0.0
}
                              
                              
----------------------------------------
Epoch 003 with LR 0.000100: Model Results
----------------------------------------
Train MSE Loss: 2.7216, Train CLS Loss: 0.0000, Train MCLS Loss: 0.0000
Protein Cluster Region Loss - Ortho Loss: 0.0000, Cluster Loss: 0.0000
                              
Validation Results: {
    "ci": 0.6258,
    "classification_loss": 0.0,
    "cluster_loss": 0.0,
    "mae": 1.2875,
    "mse": 2.6783,
    "multiclassification_loss": 0.0,
    "ortho_loss": 0.0,
    "pearson": 0.3495,
    "regression_loss": 2.6801,
    "rm2": 0.122,
    "rmse": 1.6365,
    "sd": 1.6246,
    "spearman": 0.3711,
    "spectral_loss": 0.0
}
                              
Test Results: {
    "ci": 0.6163,
    "classification_loss": 0.0,
    "cluster_loss": 0.0,
    "mae": 1.2814,
    "mse": 2.7374,
    "multiclassification_loss": 0.0,
    "ortho_loss": 0.0,
    "pearson": 0.3383,
    "regression_loss": 2.7317,
    "rm2": 0.1127,
    "rmse": 1.6545,
    "sd": 1.6328,
    "spearman": 0.3429,
    "spectral_loss": 0.0
}
                              
                              
----------------------------------------
Epoch 004 with LR 0.000100: Model Results
----------------------------------------
Train MSE Loss: 2.5605, Train CLS Loss: 0.0000, Train MCLS Loss: 0.0000
Protein Cluster Region Loss - Ortho Loss: 0.0000, Cluster Loss: 0.0000
                              
Validation Results: {
    "ci": 0.6289,
    "classification_loss": 0.0,
    "cluster_loss": 0.0,
    "mae": 1.2731,
    "mse": 2.6273,
    "multiclassification_loss": 0.0,
    "ortho_loss": 0.0,
    "pearson": 0.3601,
    "regression_loss": 2.6293,
    "rm2": 0.1262,
    "rmse": 1.6209,
    "sd": 1.6177,
    "spearman": 0.3795,
    "spectral_loss": 0.0
}
                              
Test Results: {
    "ci": 0.6274,
    "classification_loss": 0.0,
    "cluster_loss": 0.0,
    "mae": 1.2532,
    "mse": 2.6147,
    "multiclassification_loss": 0.0,
    "ortho_loss": 0.0,
    "pearson": 0.3704,
    "regression_loss": 2.6108,
    "rm2": 0.137,
    "rmse": 1.617,
    "sd": 1.6117,
    "spearman": 0.3719,
    "spectral_loss": 0.0
}
                              
                              
----------------------------------------
Epoch 005 with LR 0.000100: Model Results
----------------------------------------
Train MSE Loss: 2.4337, Train CLS Loss: 0.0000, Train MCLS Loss: 0.0000
Protein Cluster Region Loss - Ortho Loss: 0.0000, Cluster Loss: 0.0000
                              
Validation Results: {
    "ci": 0.6312,
    "classification_loss": 0.0,
    "cluster_loss": 0.0,
    "mae": 1.2734,
    "mse": 2.6549,
    "multiclassification_loss": 0.0,
    "ortho_loss": 0.0,
    "pearson": 0.3632,
    "regression_loss": 2.6562,
    "rm2": 0.1259,
    "rmse": 1.6294,
    "sd": 1.6156,
    "spearman": 0.3844,
    "spectral_loss": 0.0
}
                              
Test Results: {
    "ci": 0.6274,
    "classification_loss": 0.0,
    "cluster_loss": 0.0,
    "mae": 1.2532,
    "mse": 2.6147,
    "multiclassification_loss": 0.0,
    "ortho_loss": 0.0,
    "pearson": 0.3704,
    "regression_loss": 2.6108,
    "rm2": 0.137,
    "rmse": 1.617,
    "sd": 1.6117,
    "spearman": 0.3719,
    "spectral_loss": 0.0
}
                              
                              
----------------------------------------
Epoch 006 with LR 0.000100: Model Results
----------------------------------------
Train MSE Loss: 2.2362, Train CLS Loss: 0.0000, Train MCLS Loss: 0.0000
Protein Cluster Region Loss - Ortho Loss: 0.0000, Cluster Loss: 0.0000
                              
Validation Results: {
    "ci": 0.6417,
    "classification_loss": 0.0,
    "cluster_loss": 0.0,
    "mae": 1.2634,
    "mse": 2.6319,
    "multiclassification_loss": 0.0,
    "ortho_loss": 0.0,
    "pearson": 0.3897,
    "regression_loss": 2.6319,
    "rm2": 0.1431,
    "rmse": 1.6223,
    "sd": 1.5969,
    "spearman": 0.4144,
    "spectral_loss": 0.0
}
                              
Test Results: {
    "ci": 0.6274,
    "classification_loss": 0.0,
    "cluster_loss": 0.0,
    "mae": 1.2532,
    "mse": 2.6147,
    "multiclassification_loss": 0.0,
    "ortho_loss": 0.0,
    "pearson": 0.3704,
    "regression_loss": 2.6108,
    "rm2": 0.137,
    "rmse": 1.617,
    "sd": 1.6117,
    "spearman": 0.3719,
    "spectral_loss": 0.0
}
                              
                              
----------------------------------------
Epoch 007 with LR 0.000100: Model Results
----------------------------------------
Train MSE Loss: 2.0631, Train CLS Loss: 0.0000, Train MCLS Loss: 0.0000
Protein Cluster Region Loss - Ortho Loss: 0.0000, Cluster Loss: 0.0000
                              
Validation Results: {
    "ci": 0.6558,
    "classification_loss": 0.0,
    "cluster_loss": 0.0,
    "mae": 1.2232,
    "mse": 2.5278,
    "multiclassification_loss": 0.0,
    "ortho_loss": 0.0,
    "pearson": 0.4244,
    "regression_loss": 2.5288,
    "rm2": 0.1703,
    "rmse": 1.5899,
    "sd": 1.5701,
    "spearman": 0.4509,
    "spectral_loss": 0.0
}
                              
Test Results: {
    "ci": 0.6526,
    "classification_loss": 0.0,
    "cluster_loss": 0.0,
    "mae": 1.2165,
    "mse": 2.4968,
    "multiclassification_loss": 0.0,
    "ortho_loss": 0.0,
    "pearson": 0.4398,
    "regression_loss": 2.491,
    "rm2": 0.1892,
    "rmse": 1.5801,
    "sd": 1.5583,
    "spearman": 0.4391,
    "spectral_loss": 0.0
}
                              
                              
----------------------------------------
Epoch 008 with LR 0.000100: Model Results
----------------------------------------
Train MSE Loss: 1.9359, Train CLS Loss: 0.0000, Train MCLS Loss: 0.0000
Protein Cluster Region Loss - Ortho Loss: 0.0000, Cluster Loss: 0.0000
                              
Validation Results: {
    "ci": 0.6549,
    "classification_loss": 0.0,
    "cluster_loss": 0.0,
    "mae": 1.2476,
    "mse": 2.6605,
    "multiclassification_loss": 0.0,
    "ortho_loss": 0.0,
    "pearson": 0.4185,
    "regression_loss": 2.661,
    "rm2": 0.1581,
    "rmse": 1.6311,
    "sd": 1.5748,
    "spearman": 0.4472,
    "spectral_loss": 0.0
}
                              
Test Results: {
    "ci": 0.6526,
    "classification_loss": 0.0,
    "cluster_loss": 0.0,
    "mae": 1.2165,
    "mse": 2.4968,
    "multiclassification_loss": 0.0,
    "ortho_loss": 0.0,
    "pearson": 0.4398,
    "regression_loss": 2.491,
    "rm2": 0.1892,
    "rmse": 1.5801,
    "sd": 1.5583,
    "spearman": 0.4391,
    "spectral_loss": 0.0
}
                              
                              
----------------------------------------
Epoch 009 with LR 0.000100: Model Results
----------------------------------------
Train MSE Loss: 1.8317, Train CLS Loss: 0.0000, Train MCLS Loss: 0.0000
Protein Cluster Region Loss - Ortho Loss: 0.0000, Cluster Loss: 0.0000
                              
Validation Results: {
    "ci": 0.6545,
    "classification_loss": 0.0,
    "cluster_loss": 0.0,
    "mae": 1.2952,
    "mse": 2.8545,
    "multiclassification_loss": 0.0,
    "ortho_loss": 0.0,
    "pearson": 0.4208,
    "regression_loss": 2.8548,
    "rm2": 0.1476,
    "rmse": 1.6895,
    "sd": 1.573,
    "spearman": 0.4466,
    "spectral_loss": 0.0
}
                              
Test Results: {
    "ci": 0.6526,
    "classification_loss": 0.0,
    "cluster_loss": 0.0,
    "mae": 1.2165,
    "mse": 2.4968,
    "multiclassification_loss": 0.0,
    "ortho_loss": 0.0,
    "pearson": 0.4398,
    "regression_loss": 2.491,
    "rm2": 0.1892,
    "rmse": 1.5801,
    "sd": 1.5583,
    "spearman": 0.4391,
    "spectral_loss": 0.0
}
                              
                              
----------------------------------------
Epoch 010 with LR 0.000100: Model Results
----------------------------------------
Train MSE Loss: 1.7395, Train CLS Loss: 0.0000, Train MCLS Loss: 0.0000
Protein Cluster Region Loss - Ortho Loss: 0.0000, Cluster Loss: 0.0000
                              
Validation Results: {
    "ci": 0.6591,
    "classification_loss": 0.0,
    "cluster_loss": 0.0,
    "mae": 1.2325,
    "mse": 2.5987,
    "multiclassification_loss": 0.0,
    "ortho_loss": 0.0,
    "pearson": 0.435,
    "regression_loss": 2.6004,
    "rm2": 0.1873,
    "rmse": 1.612,
    "sd": 1.5613,
    "spearman": 0.4567,
    "spectral_loss": 0.0
}
                              
Test Results: {
    "ci": 0.6526,
    "classification_loss": 0.0,
    "cluster_loss": 0.0,
    "mae": 1.2165,
    "mse": 2.4968,
    "multiclassification_loss": 0.0,
    "ortho_loss": 0.0,
    "pearson": 0.4398,
    "regression_loss": 2.491,
    "rm2": 0.1892,
    "rmse": 1.5801,
    "sd": 1.5583,
    "spearman": 0.4391,
    "spectral_loss": 0.0
}
                              
                              
----------------------------------------
Epoch 011 with LR 0.000100: Model Results
----------------------------------------
Train MSE Loss: 1.6501, Train CLS Loss: 0.0000, Train MCLS Loss: 0.0000
Protein Cluster Region Loss - Ortho Loss: 0.0000, Cluster Loss: 0.0000
                              
Validation Results: {
    "ci": 0.6555,
    "classification_loss": 0.0,
    "cluster_loss": 0.0,
    "mae": 1.2312,
    "mse": 2.6602,
    "multiclassification_loss": 0.0,
    "ortho_loss": 0.0,
    "pearson": 0.4141,
    "regression_loss": 2.6607,
    "rm2": 0.1525,
    "rmse": 1.631,
    "sd": 1.5783,
    "spearman": 0.4471,
    "spectral_loss": 0.0
}
                              
Test Results: {
    "ci": 0.6526,
    "classification_loss": 0.0,
    "cluster_loss": 0.0,
    "mae": 1.2165,
    "mse": 2.4968,
    "multiclassification_loss": 0.0,
    "ortho_loss": 0.0,
    "pearson": 0.4398,
    "regression_loss": 2.491,
    "rm2": 0.1892,
    "rmse": 1.5801,
    "sd": 1.5583,
    "spearman": 0.4391,
    "spectral_loss": 0.0
}
                              
                              
----------------------------------------
Epoch 012 with LR 0.000100: Model Results
----------------------------------------
Train MSE Loss: 1.5607, Train CLS Loss: 0.0000, Train MCLS Loss: 0.0000
Protein Cluster Region Loss - Ortho Loss: 0.0000, Cluster Loss: 0.0000
                              
Validation Results: {
    "ci": 0.6569,
    "classification_loss": 0.0,
    "cluster_loss": 0.0,
    "mae": 1.2207,
    "mse": 2.6076,
    "multiclassification_loss": 0.0,
    "ortho_loss": 0.0,
    "pearson": 0.4295,
    "regression_loss": 2.6088,
    "rm2": 0.1762,
    "rmse": 1.6148,
    "sd": 1.5659,
    "spearman": 0.4499,
    "spectral_loss": 0.0
}
                              
Test Results: {
    "ci": 0.6526,
    "classification_loss": 0.0,
    "cluster_loss": 0.0,
    "mae": 1.2165,
    "mse": 2.4968,
    "multiclassification_loss": 0.0,
    "ortho_loss": 0.0,
    "pearson": 0.4398,
    "regression_loss": 2.491,
    "rm2": 0.1892,
    "rmse": 1.5801,
    "sd": 1.5583,
    "spearman": 0.4391,
    "spectral_loss": 0.0
}
                              
                              
----------------------------------------
Epoch 013 with LR 0.000100: Model Results
----------------------------------------
Train MSE Loss: 1.5138, Train CLS Loss: 0.0000, Train MCLS Loss: 0.0000
Protein Cluster Region Loss - Ortho Loss: 0.0000, Cluster Loss: 0.0000
                              
Validation Results: {
    "ci": 0.655,
    "classification_loss": 0.0,
    "cluster_loss": 0.0,
    "mae": 1.2445,
    "mse": 2.7846,
    "multiclassification_loss": 0.0,
    "ortho_loss": 0.0,
    "pearson": 0.4177,
    "regression_loss": 2.7849,
    "rm2": 0.1521,
    "rmse": 1.6687,
    "sd": 1.5755,
    "spearman": 0.4405,
    "spectral_loss": 0.0
}
                              
Test Results: {
    "ci": 0.6526,
    "classification_loss": 0.0,
    "cluster_loss": 0.0,
    "mae": 1.2165,
    "mse": 2.4968,
    "multiclassification_loss": 0.0,
    "ortho_loss": 0.0,
    "pearson": 0.4398,
    "regression_loss": 2.491,
    "rm2": 0.1892,
    "rmse": 1.5801,
    "sd": 1.5583,
    "spearman": 0.4391,
    "spectral_loss": 0.0
}
                              
                              
----------------------------------------
Epoch 014 with LR 0.000100: Model Results
----------------------------------------
Train MSE Loss: 1.4411, Train CLS Loss: 0.0000, Train MCLS Loss: 0.0000
Protein Cluster Region Loss - Ortho Loss: 0.0000, Cluster Loss: 0.0000
                              
Validation Results: {
    "ci": 0.6558,
    "classification_loss": 0.0,
    "cluster_loss": 0.0,
    "mae": 1.2392,
    "mse": 2.6839,
    "multiclassification_loss": 0.0,
    "ortho_loss": 0.0,
    "pearson": 0.4241,
    "regression_loss": 2.6845,
    "rm2": 0.1776,
    "rmse": 1.6383,
    "sd": 1.5703,
    "spearman": 0.4463,
    "spectral_loss": 0.0
}
                              
Test Results: {
    "ci": 0.6526,
    "classification_loss": 0.0,
    "cluster_loss": 0.0,
    "mae": 1.2165,
    "mse": 2.4968,
    "multiclassification_loss": 0.0,
    "ortho_loss": 0.0,
    "pearson": 0.4398,
    "regression_loss": 2.491,
    "rm2": 0.1892,
    "rmse": 1.5801,
    "sd": 1.5583,
    "spearman": 0.4391,
    "spectral_loss": 0.0
}
                              
                              
----------------------------------------
Epoch 015 with LR 0.000100: Model Results
----------------------------------------
Train MSE Loss: 1.3821, Train CLS Loss: 0.0000, Train MCLS Loss: 0.0000
Protein Cluster Region Loss - Ortho Loss: 0.0000, Cluster Loss: 0.0000
                              
Validation Results: {
    "ci": 0.6664,
    "classification_loss": 0.0,
    "cluster_loss": 0.0,
    "mae": 1.1821,
    "mse": 2.5107,
    "multiclassification_loss": 0.0,
    "ortho_loss": 0.0,
    "pearson": 0.4427,
    "regression_loss": 2.5115,
    "rm2": 0.1774,
    "rmse": 1.5845,
    "sd": 1.5548,
    "spearman": 0.4723,
    "spectral_loss": 0.0
}
                              
Test Results: {
    "ci": 0.6816,
    "classification_loss": 0.0,
    "cluster_loss": 0.0,
    "mae": 1.1184,
    "mse": 2.2065,
    "multiclassification_loss": 0.0,
    "ortho_loss": 0.0,
    "pearson": 0.5284,
    "regression_loss": 2.2016,
    "rm2": 0.2617,
    "rmse": 1.4854,
    "sd": 1.4731,
    "spearman": 0.5069,
    "spectral_loss": 0.0
}
                              
                              
----------------------------------------
Epoch 016 with LR 0.000100: Model Results
----------------------------------------
Train MSE Loss: 1.3430, Train CLS Loss: 0.0000, Train MCLS Loss: 0.0000
Protein Cluster Region Loss - Ortho Loss: 0.0000, Cluster Loss: 0.0000
                              
Validation Results: {
    "ci": 0.6623,
    "classification_loss": 0.0,
    "cluster_loss": 0.0,
    "mae": 1.2478,
    "mse": 2.7232,
    "multiclassification_loss": 0.0,
    "ortho_loss": 0.0,
    "pearson": 0.4453,
    "regression_loss": 2.7232,
    "rm2": 0.1712,
    "rmse": 1.6502,
    "sd": 1.5526,
    "spearman": 0.4636,
    "spectral_loss": 0.0
}
                              
Test Results: {
    "ci": 0.6816,
    "classification_loss": 0.0,
    "cluster_loss": 0.0,
    "mae": 1.1184,
    "mse": 2.2065,
    "multiclassification_loss": 0.0,
    "ortho_loss": 0.0,
    "pearson": 0.5284,
    "regression_loss": 2.2016,
    "rm2": 0.2617,
    "rmse": 1.4854,
    "sd": 1.4731,
    "spearman": 0.5069,
    "spectral_loss": 0.0
}
                              
                              
----------------------------------------
Epoch 017 with LR 0.000100: Model Results
----------------------------------------
Train MSE Loss: 1.2847, Train CLS Loss: 0.0000, Train MCLS Loss: 0.0000
Protein Cluster Region Loss - Ortho Loss: 0.0000, Cluster Loss: 0.0000
                              
Validation Results: {
    "ci": 0.6713,
    "classification_loss": 0.0,
    "cluster_loss": 0.0,
    "mae": 1.2168,
    "mse": 2.6577,
    "multiclassification_loss": 0.0,
    "ortho_loss": 0.0,
    "pearson": 0.4689,
    "regression_loss": 2.6577,
    "rm2": 0.2098,
    "rmse": 1.6302,
    "sd": 1.5316,
    "spearman": 0.4859,
    "spectral_loss": 0.0
}
                              
Test Results: {
    "ci": 0.6816,
    "classification_loss": 0.0,
    "cluster_loss": 0.0,
    "mae": 1.1184,
    "mse": 2.2065,
    "multiclassification_loss": 0.0,
    "ortho_loss": 0.0,
    "pearson": 0.5284,
    "regression_loss": 2.2016,
    "rm2": 0.2617,
    "rmse": 1.4854,
    "sd": 1.4731,
    "spearman": 0.5069,
    "spectral_loss": 0.0
}
                              
                              
----------------------------------------
Epoch 018 with LR 0.000100: Model Results
----------------------------------------
Train MSE Loss: 1.2569, Train CLS Loss: 0.0000, Train MCLS Loss: 0.0000
Protein Cluster Region Loss - Ortho Loss: 0.0000, Cluster Loss: 0.0000
                              
Validation Results: {
    "ci": 0.6677,
    "classification_loss": 0.0,
    "cluster_loss": 0.0,
    "mae": 1.27,
    "mse": 2.934,
    "multiclassification_loss": 0.0,
    "ortho_loss": 0.0,
    "pearson": 0.4539,
    "regression_loss": 2.934,
    "rm2": 0.1907,
    "rmse": 1.7129,
    "sd": 1.545,
    "spearman": 0.4763,
    "spectral_loss": 0.0
}
                              
Test Results: {
    "ci": 0.6816,
    "classification_loss": 0.0,
    "cluster_loss": 0.0,
    "mae": 1.1184,
    "mse": 2.2065,
    "multiclassification_loss": 0.0,
    "ortho_loss": 0.0,
    "pearson": 0.5284,
    "regression_loss": 2.2016,
    "rm2": 0.2617,
    "rmse": 1.4854,
    "sd": 1.4731,
    "spearman": 0.5069,
    "spectral_loss": 0.0
}
                              
                              
----------------------------------------
Epoch 019 with LR 0.000100: Model Results
----------------------------------------
Train MSE Loss: 1.2177, Train CLS Loss: 0.0000, Train MCLS Loss: 0.0000
Protein Cluster Region Loss - Ortho Loss: 0.0000, Cluster Loss: 0.0000
                              
Validation Results: {
    "ci": 0.6681,
    "classification_loss": 0.0,
    "cluster_loss": 0.0,
    "mae": 1.1924,
    "mse": 2.5446,
    "multiclassification_loss": 0.0,
    "ortho_loss": 0.0,
    "pearson": 0.4591,
    "regression_loss": 2.5447,
    "rm2": 0.1963,
    "rmse": 1.5952,
    "sd": 1.5405,
    "spearman": 0.4756,
    "spectral_loss": 0.0
}
                              
Test Results: {
    "ci": 0.6816,
    "classification_loss": 0.0,
    "cluster_loss": 0.0,
    "mae": 1.1184,
    "mse": 2.2065,
    "multiclassification_loss": 0.0,
    "ortho_loss": 0.0,
    "pearson": 0.5284,
    "regression_loss": 2.2016,
    "rm2": 0.2617,
    "rmse": 1.4854,
    "sd": 1.4731,
    "spearman": 0.5069,
    "spectral_loss": 0.0
}
                              
                              
----------------------------------------
Epoch 020 with LR 0.000100: Model Results
----------------------------------------
Train MSE Loss: 1.1663, Train CLS Loss: 0.0000, Train MCLS Loss: 0.0000
Protein Cluster Region Loss - Ortho Loss: 0.0000, Cluster Loss: 0.0000
                              
Validation Results: {
    "ci": 0.6731,
    "classification_loss": 0.0,
    "cluster_loss": 0.0,
    "mae": 1.2082,
    "mse": 2.5863,
    "multiclassification_loss": 0.0,
    "ortho_loss": 0.0,
    "pearson": 0.4758,
    "regression_loss": 2.5862,
    "rm2": 0.203,
    "rmse": 1.6082,
    "sd": 1.5251,
    "spearman": 0.4898,
    "spectral_loss": 0.0
}
                              
Test Results: {
    "ci": 0.6816,
    "classification_loss": 0.0,
    "cluster_loss": 0.0,
    "mae": 1.1184,
    "mse": 2.2065,
    "multiclassification_loss": 0.0,
    "ortho_loss": 0.0,
    "pearson": 0.5284,
    "regression_loss": 2.2016,
    "rm2": 0.2617,
    "rmse": 1.4854,
    "sd": 1.4731,
    "spearman": 0.5069,
    "spectral_loss": 0.0
}
                              
                              
----------------------------------------
Epoch 021 with LR 0.000100: Model Results
----------------------------------------
Train MSE Loss: 1.1487, Train CLS Loss: 0.0000, Train MCLS Loss: 0.0000
Protein Cluster Region Loss - Ortho Loss: 0.0000, Cluster Loss: 0.0000
                              
Validation Results: {
    "ci": 0.6658,
    "classification_loss": 0.0,
    "cluster_loss": 0.0,
    "mae": 1.1955,
    "mse": 2.6442,
    "multiclassification_loss": 0.0,
    "ortho_loss": 0.0,
    "pearson": 0.4448,
    "regression_loss": 2.6442,
    "rm2": 0.1727,
    "rmse": 1.6261,
    "sd": 1.553,
    "spearman": 0.4671,
    "spectral_loss": 0.0
}
                              
Test Results: {
    "ci": 0.6816,
    "classification_loss": 0.0,
    "cluster_loss": 0.0,
    "mae": 1.1184,
    "mse": 2.2065,
    "multiclassification_loss": 0.0,
    "ortho_loss": 0.0,
    "pearson": 0.5284,
    "regression_loss": 2.2016,
    "rm2": 0.2617,
    "rmse": 1.4854,
    "sd": 1.4731,
    "spearman": 0.5069,
    "spectral_loss": 0.0
}
                              
                              
----------------------------------------
Epoch 022 with LR 0.000100: Model Results
----------------------------------------
Train MSE Loss: 1.1314, Train CLS Loss: 0.0000, Train MCLS Loss: 0.0000
Protein Cluster Region Loss - Ortho Loss: 0.0000, Cluster Loss: 0.0000
                              
Validation Results: {
    "ci": 0.6717,
    "classification_loss": 0.0,
    "cluster_loss": 0.0,
    "mae": 1.203,
    "mse": 2.6429,
    "multiclassification_loss": 0.0,
    "ortho_loss": 0.0,
    "pearson": 0.4645,
    "regression_loss": 2.6425,
    "rm2": 0.1882,
    "rmse": 1.6257,
    "sd": 1.5356,
    "spearman": 0.4847,
    "spectral_loss": 0.0
}
                              
Test Results: {
    "ci": 0.6816,
    "classification_loss": 0.0,
    "cluster_loss": 0.0,
    "mae": 1.1184,
    "mse": 2.2065,
    "multiclassification_loss": 0.0,
    "ortho_loss": 0.0,
    "pearson": 0.5284,
    "regression_loss": 2.2016,
    "rm2": 0.2617,
    "rmse": 1.4854,
    "sd": 1.4731,
    "spearman": 0.5069,
    "spectral_loss": 0.0
}
                              
                              
----------------------------------------
Epoch 023 with LR 0.000100: Model Results
----------------------------------------
Train MSE Loss: 1.0844, Train CLS Loss: 0.0000, Train MCLS Loss: 0.0000
Protein Cluster Region Loss - Ortho Loss: 0.0000, Cluster Loss: 0.0000
                              
Validation Results: {
    "ci": 0.6833,
    "classification_loss": 0.0,
    "cluster_loss": 0.0,
    "mae": 1.1542,
    "mse": 2.4785,
    "multiclassification_loss": 0.0,
    "ortho_loss": 0.0,
    "pearson": 0.4866,
    "regression_loss": 2.4789,
    "rm2": 0.2083,
    "rmse": 1.5743,
    "sd": 1.5148,
    "spearman": 0.5124,
    "spectral_loss": 0.0
}
                              
Test Results: {
    "ci": 0.6895,
    "classification_loss": 0.0,
    "cluster_loss": 0.0,
    "mae": 1.1068,
    "mse": 2.1993,
    "multiclassification_loss": 0.0,
    "ortho_loss": 0.0,
    "pearson": 0.5618,
    "regression_loss": 2.1939,
    "rm2": 0.2853,
    "rmse": 1.483,
    "sd": 1.4354,
    "spearman": 0.5271,
    "spectral_loss": 0.0
}
                              
                              
----------------------------------------
Epoch 024 with LR 0.000100: Model Results
----------------------------------------
Train MSE Loss: 1.0586, Train CLS Loss: 0.0000, Train MCLS Loss: 0.0000
Protein Cluster Region Loss - Ortho Loss: 0.0000, Cluster Loss: 0.0000
                              
Validation Results: {
    "ci": 0.66,
    "classification_loss": 0.0,
    "cluster_loss": 0.0,
    "mae": 1.2095,
    "mse": 2.7007,
    "multiclassification_loss": 0.0,
    "ortho_loss": 0.0,
    "pearson": 0.4298,
    "regression_loss": 2.701,
    "rm2": 0.1648,
    "rmse": 1.6434,
    "sd": 1.5657,
    "spearman": 0.4494,
    "spectral_loss": 0.0
}
                              
Test Results: {
    "ci": 0.6895,
    "classification_loss": 0.0,
    "cluster_loss": 0.0,
    "mae": 1.1068,
    "mse": 2.1993,
    "multiclassification_loss": 0.0,
    "ortho_loss": 0.0,
    "pearson": 0.5618,
    "regression_loss": 2.1939,
    "rm2": 0.2853,
    "rmse": 1.483,
    "sd": 1.4354,
    "spearman": 0.5271,
    "spectral_loss": 0.0
}
                              
                              
----------------------------------------
Epoch 025 with LR 0.000100: Model Results
----------------------------------------
Train MSE Loss: 1.0341, Train CLS Loss: 0.0000, Train MCLS Loss: 0.0000
Protein Cluster Region Loss - Ortho Loss: 0.0000, Cluster Loss: 0.0000
                              
Validation Results: {
    "ci": 0.6786,
    "classification_loss": 0.0,
    "cluster_loss": 0.0,
    "mae": 1.1914,
    "mse": 2.5722,
    "multiclassification_loss": 0.0,
    "ortho_loss": 0.0,
    "pearson": 0.4787,
    "regression_loss": 2.5718,
    "rm2": 0.2107,
    "rmse": 1.6038,
    "sd": 1.5224,
    "spearman": 0.5054,
    "spectral_loss": 0.0
}
                              
Test Results: {
    "ci": 0.6895,
    "classification_loss": 0.0,
    "cluster_loss": 0.0,
    "mae": 1.1068,
    "mse": 2.1993,
    "multiclassification_loss": 0.0,
    "ortho_loss": 0.0,
    "pearson": 0.5618,
    "regression_loss": 2.1939,
    "rm2": 0.2853,
    "rmse": 1.483,
    "sd": 1.4354,
    "spearman": 0.5271,
    "spectral_loss": 0.0
}
                              
                              
----------------------------------------
Epoch 026 with LR 0.000100: Model Results
----------------------------------------
Train MSE Loss: 1.0012, Train CLS Loss: 0.0000, Train MCLS Loss: 0.0000
Protein Cluster Region Loss - Ortho Loss: 0.0000, Cluster Loss: 0.0000
                              
Validation Results: {
    "ci": 0.6794,
    "classification_loss": 0.0,
    "cluster_loss": 0.0,
    "mae": 1.1888,
    "mse": 2.6129,
    "multiclassification_loss": 0.0,
    "ortho_loss": 0.0,
    "pearson": 0.481,
    "regression_loss": 2.6126,
    "rm2": 0.2082,
    "rmse": 1.6165,
    "sd": 1.5202,
    "spearman": 0.5061,
    "spectral_loss": 0.0
}
                              
Test Results: {
    "ci": 0.6895,
    "classification_loss": 0.0,
    "cluster_loss": 0.0,
    "mae": 1.1068,
    "mse": 2.1993,
    "multiclassification_loss": 0.0,
    "ortho_loss": 0.0,
    "pearson": 0.5618,
    "regression_loss": 2.1939,
    "rm2": 0.2853,
    "rmse": 1.483,
    "sd": 1.4354,
    "spearman": 0.5271,
    "spectral_loss": 0.0
}
                              
                              
----------------------------------------
Epoch 027 with LR 0.000100: Model Results
----------------------------------------
Train MSE Loss: 1.0106, Train CLS Loss: 0.0000, Train MCLS Loss: 0.0000
Protein Cluster Region Loss - Ortho Loss: 0.0000, Cluster Loss: 0.0000
                              
Validation Results: {
    "ci": 0.6691,
    "classification_loss": 0.0,
    "cluster_loss": 0.0,
    "mae": 1.2076,
    "mse": 2.6768,
    "multiclassification_loss": 0.0,
    "ortho_loss": 0.0,
    "pearson": 0.4558,
    "regression_loss": 2.6761,
    "rm2": 0.1795,
    "rmse": 1.6361,
    "sd": 1.5434,
    "spearman": 0.4766,
    "spectral_loss": 0.0
}
                              
Test Results: {
    "ci": 0.6895,
    "classification_loss": 0.0,
    "cluster_loss": 0.0,
    "mae": 1.1068,
    "mse": 2.1993,
    "multiclassification_loss": 0.0,
    "ortho_loss": 0.0,
    "pearson": 0.5618,
    "regression_loss": 2.1939,
    "rm2": 0.2853,
    "rmse": 1.483,
    "sd": 1.4354,
    "spearman": 0.5271,
    "spectral_loss": 0.0
}
                              
                              
----------------------------------------
Epoch 028 with LR 0.000100: Model Results
----------------------------------------
Train MSE Loss: 0.9814, Train CLS Loss: 0.0000, Train MCLS Loss: 0.0000
Protein Cluster Region Loss - Ortho Loss: 0.0000, Cluster Loss: 0.0000
                              
Validation Results: {
    "ci": 0.6777,
    "classification_loss": 0.0,
    "cluster_loss": 0.0,
    "mae": 1.201,
    "mse": 2.6655,
    "multiclassification_loss": 0.0,
    "ortho_loss": 0.0,
    "pearson": 0.468,
    "regression_loss": 2.6652,
    "rm2": 0.1898,
    "rmse": 1.6326,
    "sd": 1.5324,
    "spearman": 0.5006,
    "spectral_loss": 0.0
}
                              
Test Results: {
    "ci": 0.6895,
    "classification_loss": 0.0,
    "cluster_loss": 0.0,
    "mae": 1.1068,
    "mse": 2.1993,
    "multiclassification_loss": 0.0,
    "ortho_loss": 0.0,
    "pearson": 0.5618,
    "regression_loss": 2.1939,
    "rm2": 0.2853,
    "rmse": 1.483,
    "sd": 1.4354,
    "spearman": 0.5271,
    "spectral_loss": 0.0
}
                              
                              
----------------------------------------
Epoch 029 with LR 0.000100: Model Results
----------------------------------------
Train MSE Loss: 0.9520, Train CLS Loss: 0.0000, Train MCLS Loss: 0.0000
Protein Cluster Region Loss - Ortho Loss: 0.0000, Cluster Loss: 0.0000
                              
Validation Results: {
    "ci": 0.6805,
    "classification_loss": 0.0,
    "cluster_loss": 0.0,
    "mae": 1.1782,
    "mse": 2.5658,
    "multiclassification_loss": 0.0,
    "ortho_loss": 0.0,
    "pearson": 0.4789,
    "regression_loss": 2.566,
    "rm2": 0.2162,
    "rmse": 1.6018,
    "sd": 1.5222,
    "spearman": 0.5061,
    "spectral_loss": 0.0
}
                              
Test Results: {
    "ci": 0.6895,
    "classification_loss": 0.0,
    "cluster_loss": 0.0,
    "mae": 1.1068,
    "mse": 2.1993,
    "multiclassification_loss": 0.0,
    "ortho_loss": 0.0,
    "pearson": 0.5618,
    "regression_loss": 2.1939,
    "rm2": 0.2853,
    "rmse": 1.483,
    "sd": 1.4354,
    "spearman": 0.5271,
    "spectral_loss": 0.0
}
                              
                              
----------------------------------------
Epoch 030 with LR 0.000100: Model Results
----------------------------------------
Train MSE Loss: 0.9363, Train CLS Loss: 0.0000, Train MCLS Loss: 0.0000
Protein Cluster Region Loss - Ortho Loss: 0.0000, Cluster Loss: 0.0000
                              
Validation Results: {
    "ci": 0.6782,
    "classification_loss": 0.0,
    "cluster_loss": 0.0,
    "mae": 1.2035,
    "mse": 2.6471,
    "multiclassification_loss": 0.0,
    "ortho_loss": 0.0,
    "pearson": 0.472,
    "regression_loss": 2.6462,
    "rm2": 0.1936,
    "rmse": 1.627,
    "sd": 1.5286,
    "spearman": 0.5009,
    "spectral_loss": 0.0
}
                              
Test Results: {
    "ci": 0.6895,
    "classification_loss": 0.0,
    "cluster_loss": 0.0,
    "mae": 1.1068,
    "mse": 2.1993,
    "multiclassification_loss": 0.0,
    "ortho_loss": 0.0,
    "pearson": 0.5618,
    "regression_loss": 2.1939,
    "rm2": 0.2853,
    "rmse": 1.483,
    "sd": 1.4354,
    "spearman": 0.5271,
    "spectral_loss": 0.0
}
                              
                              
----------------------------------------
Epoch 031 with LR 0.000100: Model Results
----------------------------------------
Train MSE Loss: 0.9057, Train CLS Loss: 0.0000, Train MCLS Loss: 0.0000
Protein Cluster Region Loss - Ortho Loss: 0.0000, Cluster Loss: 0.0000
                              
Validation Results: {
    "ci": 0.6803,
    "classification_loss": 0.0,
    "cluster_loss": 0.0,
    "mae": 1.1772,
    "mse": 2.5437,
    "multiclassification_loss": 0.0,
    "ortho_loss": 0.0,
    "pearson": 0.483,
    "regression_loss": 2.5438,
    "rm2": 0.2161,
    "rmse": 1.5949,
    "sd": 1.5183,
    "spearman": 0.5059,
    "spectral_loss": 0.0
}
                              
Test Results: {
    "ci": 0.6895,
    "classification_loss": 0.0,
    "cluster_loss": 0.0,
    "mae": 1.1068,
    "mse": 2.1993,
    "multiclassification_loss": 0.0,
    "ortho_loss": 0.0,
    "pearson": 0.5618,
    "regression_loss": 2.1939,
    "rm2": 0.2853,
    "rmse": 1.483,
    "sd": 1.4354,
    "spearman": 0.5271,
    "spectral_loss": 0.0
}
                              
                              
----------------------------------------
Epoch 032 with LR 0.000100: Model Results
----------------------------------------
Train MSE Loss: 0.8947, Train CLS Loss: 0.0000, Train MCLS Loss: 0.0000
Protein Cluster Region Loss - Ortho Loss: 0.0000, Cluster Loss: 0.0000
                              
Validation Results: {
    "ci": 0.6812,
    "classification_loss": 0.0,
    "cluster_loss": 0.0,
    "mae": 1.1948,
    "mse": 2.6363,
    "multiclassification_loss": 0.0,
    "ortho_loss": 0.0,
    "pearson": 0.4808,
    "regression_loss": 2.6357,
    "rm2": 0.1995,
    "rmse": 1.6237,
    "sd": 1.5204,
    "spearman": 0.5096,
    "spectral_loss": 0.0
}
                              
Test Results: {
    "ci": 0.6895,
    "classification_loss": 0.0,
    "cluster_loss": 0.0,
    "mae": 1.1068,
    "mse": 2.1993,
    "multiclassification_loss": 0.0,
    "ortho_loss": 0.0,
    "pearson": 0.5618,
    "regression_loss": 2.1939,
    "rm2": 0.2853,
    "rmse": 1.483,
    "sd": 1.4354,
    "spearman": 0.5271,
    "spectral_loss": 0.0
}
                              
                              
----------------------------------------
Epoch 033 with LR 0.000100: Model Results
----------------------------------------
Train MSE Loss: 0.8753, Train CLS Loss: 0.0000, Train MCLS Loss: 0.0000
Protein Cluster Region Loss - Ortho Loss: 0.0000, Cluster Loss: 0.0000
                              
Validation Results: {
    "ci": 0.6802,
    "classification_loss": 0.0,
    "cluster_loss": 0.0,
    "mae": 1.1792,
    "mse": 2.5358,
    "multiclassification_loss": 0.0,
    "ortho_loss": 0.0,
    "pearson": 0.4802,
    "regression_loss": 2.5355,
    "rm2": 0.2153,
    "rmse": 1.5924,
    "sd": 1.5209,
    "spearman": 0.5059,
    "spectral_loss": 0.0
}
                              
Test Results: {
    "ci": 0.6895,
    "classification_loss": 0.0,
    "cluster_loss": 0.0,
    "mae": 1.1068,
    "mse": 2.1993,
    "multiclassification_loss": 0.0,
    "ortho_loss": 0.0,
    "pearson": 0.5618,
    "regression_loss": 2.1939,
    "rm2": 0.2853,
    "rmse": 1.483,
    "sd": 1.4354,
    "spearman": 0.5271,
    "spectral_loss": 0.0
}
                              
                              
----------------------------------------
Epoch 034 with LR 0.000100: Model Results
----------------------------------------
Train MSE Loss: 0.8334, Train CLS Loss: 0.0000, Train MCLS Loss: 0.0000
Protein Cluster Region Loss - Ortho Loss: 0.0000, Cluster Loss: 0.0000
                              
Validation Results: {
    "ci": 0.6844,
    "classification_loss": 0.0,
    "cluster_loss": 0.0,
    "mae": 1.1881,
    "mse": 2.6073,
    "multiclassification_loss": 0.0,
    "ortho_loss": 0.0,
    "pearson": 0.4938,
    "regression_loss": 2.6073,
    "rm2": 0.2085,
    "rmse": 1.6147,
    "sd": 1.5079,
    "spearman": 0.5164,
    "spectral_loss": 0.0
}
                              
Test Results: {
    "ci": 0.6895,
    "classification_loss": 0.0,
    "cluster_loss": 0.0,
    "mae": 1.1068,
    "mse": 2.1993,
    "multiclassification_loss": 0.0,
    "ortho_loss": 0.0,
    "pearson": 0.5618,
    "regression_loss": 2.1939,
    "rm2": 0.2853,
    "rmse": 1.483,
    "sd": 1.4354,
    "spearman": 0.5271,
    "spectral_loss": 0.0
}
                              
                              
----------------------------------------
Epoch 035 with LR 0.000100: Model Results
----------------------------------------
Train MSE Loss: 0.8384, Train CLS Loss: 0.0000, Train MCLS Loss: 0.0000
Protein Cluster Region Loss - Ortho Loss: 0.0000, Cluster Loss: 0.0000
                              
Validation Results: {
    "ci": 0.6859,
    "classification_loss": 0.0,
    "cluster_loss": 0.0,
    "mae": 1.1822,
    "mse": 2.5847,
    "multiclassification_loss": 0.0,
    "ortho_loss": 0.0,
    "pearson": 0.4975,
    "regression_loss": 2.5847,
    "rm2": 0.2204,
    "rmse": 1.6077,
    "sd": 1.5042,
    "spearman": 0.5192,
    "spectral_loss": 0.0
}
                              
Test Results: {
    "ci": 0.6895,
    "classification_loss": 0.0,
    "cluster_loss": 0.0,
    "mae": 1.1068,
    "mse": 2.1993,
    "multiclassification_loss": 0.0,
    "ortho_loss": 0.0,
    "pearson": 0.5618,
    "regression_loss": 2.1939,
    "rm2": 0.2853,
    "rmse": 1.483,
    "sd": 1.4354,
    "spearman": 0.5271,
    "spectral_loss": 0.0
}
                              
                              
----------------------------------------
Epoch 036 with LR 0.000100: Model Results
----------------------------------------
Train MSE Loss: 0.8218, Train CLS Loss: 0.0000, Train MCLS Loss: 0.0000
Protein Cluster Region Loss - Ortho Loss: 0.0000, Cluster Loss: 0.0000
                              
Validation Results: {
    "ci": 0.6889,
    "classification_loss": 0.0,
    "cluster_loss": 0.0,
    "mae": 1.1785,
    "mse": 2.5514,
    "multiclassification_loss": 0.0,
    "ortho_loss": 0.0,
    "pearson": 0.5012,
    "regression_loss": 2.5506,
    "rm2": 0.2238,
    "rmse": 1.5973,
    "sd": 1.5005,
    "spearman": 0.5281,
    "spectral_loss": 0.0
}
                              
Test Results: {
    "ci": 0.6895,
    "classification_loss": 0.0,
    "cluster_loss": 0.0,
    "mae": 1.1068,
    "mse": 2.1993,
    "multiclassification_loss": 0.0,
    "ortho_loss": 0.0,
    "pearson": 0.5618,
    "regression_loss": 2.1939,
    "rm2": 0.2853,
    "rmse": 1.483,
    "sd": 1.4354,
    "spearman": 0.5271,
    "spectral_loss": 0.0
}
                              
                              
----------------------------------------
Epoch 037 with LR 0.000100: Model Results
----------------------------------------
Train MSE Loss: 0.8060, Train CLS Loss: 0.0000, Train MCLS Loss: 0.0000
Protein Cluster Region Loss - Ortho Loss: 0.0000, Cluster Loss: 0.0000
                              
Validation Results: {
    "ci": 0.6877,
    "classification_loss": 0.0,
    "cluster_loss": 0.0,
    "mae": 1.16,
    "mse": 2.4628,
    "multiclassification_loss": 0.0,
    "ortho_loss": 0.0,
    "pearson": 0.4941,
    "regression_loss": 2.4623,
    "rm2": 0.2095,
    "rmse": 1.5693,
    "sd": 1.5076,
    "spearman": 0.5259,
    "spectral_loss": 0.0
}
                              
Test Results: {
    "ci": 0.6916,
    "classification_loss": 0.0,
    "cluster_loss": 0.0,
    "mae": 1.1065,
    "mse": 2.1862,
    "multiclassification_loss": 0.0,
    "ortho_loss": 0.0,
    "pearson": 0.565,
    "regression_loss": 2.1809,
    "rm2": 0.2781,
    "rmse": 1.4786,
    "sd": 1.4316,
    "spearman": 0.5296,
    "spectral_loss": 0.0
}
                              
                              
----------------------------------------
Epoch 038 with LR 0.000100: Model Results
----------------------------------------
Train MSE Loss: 0.7938, Train CLS Loss: 0.0000, Train MCLS Loss: 0.0000
Protein Cluster Region Loss - Ortho Loss: 0.0000, Cluster Loss: 0.0000
                              
Validation Results: {
    "ci": 0.6878,
    "classification_loss": 0.0,
    "cluster_loss": 0.0,
    "mae": 1.1924,
    "mse": 2.6036,
    "multiclassification_loss": 0.0,
    "ortho_loss": 0.0,
    "pearson": 0.5048,
    "regression_loss": 2.6032,
    "rm2": 0.2258,
    "rmse": 1.6136,
    "sd": 1.4968,
    "spearman": 0.5264,
    "spectral_loss": 0.0
}
                              
Test Results: {
    "ci": 0.6916,
    "classification_loss": 0.0,
    "cluster_loss": 0.0,
    "mae": 1.1065,
    "mse": 2.1862,
    "multiclassification_loss": 0.0,
    "ortho_loss": 0.0,
    "pearson": 0.565,
    "regression_loss": 2.1809,
    "rm2": 0.2781,
    "rmse": 1.4786,
    "sd": 1.4316,
    "spearman": 0.5296,
    "spectral_loss": 0.0
}
                              
                              
----------------------------------------
Epoch 039 with LR 0.000100: Model Results
----------------------------------------
Train MSE Loss: 0.7844, Train CLS Loss: 0.0000, Train MCLS Loss: 0.0000
Protein Cluster Region Loss - Ortho Loss: 0.0000, Cluster Loss: 0.0000
                              
Validation Results: {
    "ci": 0.6809,
    "classification_loss": 0.0,
    "cluster_loss": 0.0,
    "mae": 1.2204,
    "mse": 2.829,
    "multiclassification_loss": 0.0,
    "ortho_loss": 0.0,
    "pearson": 0.4694,
    "regression_loss": 2.8282,
    "rm2": 0.1813,
    "rmse": 1.682,
    "sd": 1.5311,
    "spearman": 0.5021,
    "spectral_loss": 0.0
}
                              
Test Results: {
    "ci": 0.6916,
    "classification_loss": 0.0,
    "cluster_loss": 0.0,
    "mae": 1.1065,
    "mse": 2.1862,
    "multiclassification_loss": 0.0,
    "ortho_loss": 0.0,
    "pearson": 0.565,
    "regression_loss": 2.1809,
    "rm2": 0.2781,
    "rmse": 1.4786,
    "sd": 1.4316,
    "spearman": 0.5296,
    "spectral_loss": 0.0
}
                              
                              
----------------------------------------
Epoch 040 with LR 0.000100: Model Results
----------------------------------------
Train MSE Loss: 0.7582, Train CLS Loss: 0.0000, Train MCLS Loss: 0.0000
Protein Cluster Region Loss - Ortho Loss: 0.0000, Cluster Loss: 0.0000
                              
Validation Results: {
    "ci": 0.6839,
    "classification_loss": 0.0,
    "cluster_loss": 0.0,
    "mae": 1.1879,
    "mse": 2.6,
    "multiclassification_loss": 0.0,
    "ortho_loss": 0.0,
    "pearson": 0.486,
    "regression_loss": 2.5991,
    "rm2": 0.2042,
    "rmse": 1.6124,
    "sd": 1.5155,
    "spearman": 0.5139,
    "spectral_loss": 0.0
}
                              
Test Results: {
    "ci": 0.6916,
    "classification_loss": 0.0,
    "cluster_loss": 0.0,
    "mae": 1.1065,
    "mse": 2.1862,
    "multiclassification_loss": 0.0,
    "ortho_loss": 0.0,
    "pearson": 0.565,
    "regression_loss": 2.1809,
    "rm2": 0.2781,
    "rmse": 1.4786,
    "sd": 1.4316,
    "spearman": 0.5296,
    "spectral_loss": 0.0
}
                              
                              
----------------------------------------
Epoch 041 with LR 0.000100: Model Results
----------------------------------------
Train MSE Loss: 0.7603, Train CLS Loss: 0.0000, Train MCLS Loss: 0.0000
Protein Cluster Region Loss - Ortho Loss: 0.0000, Cluster Loss: 0.0000
                              
Validation Results: {
    "ci": 0.6909,
    "classification_loss": 0.0,
    "cluster_loss": 0.0,
    "mae": 1.1639,
    "mse": 2.5075,
    "multiclassification_loss": 0.0,
    "ortho_loss": 0.0,
    "pearson": 0.519,
    "regression_loss": 2.5072,
    "rm2": 0.2399,
    "rmse": 1.5835,
    "sd": 1.4822,
    "spearman": 0.53,
    "spectral_loss": 0.0
}
                              
Test Results: {
    "ci": 0.6916,
    "classification_loss": 0.0,
    "cluster_loss": 0.0,
    "mae": 1.1065,
    "mse": 2.1862,
    "multiclassification_loss": 0.0,
    "ortho_loss": 0.0,
    "pearson": 0.565,
    "regression_loss": 2.1809,
    "rm2": 0.2781,
    "rmse": 1.4786,
    "sd": 1.4316,
    "spearman": 0.5296,
    "spectral_loss": 0.0
}
                              
                              
----------------------------------------
Epoch 042 with LR 0.000100: Model Results
----------------------------------------
Train MSE Loss: 0.7249, Train CLS Loss: 0.0000, Train MCLS Loss: 0.0000
Protein Cluster Region Loss - Ortho Loss: 0.0000, Cluster Loss: 0.0000
                              
Validation Results: {
    "ci": 0.6804,
    "classification_loss": 0.0,
    "cluster_loss": 0.0,
    "mae": 1.1686,
    "mse": 2.6245,
    "multiclassification_loss": 0.0,
    "ortho_loss": 0.0,
    "pearson": 0.4769,
    "regression_loss": 2.6238,
    "rm2": 0.2045,
    "rmse": 1.62,
    "sd": 1.5241,
    "spearman": 0.4997,
    "spectral_loss": 0.0
}
                              
Test Results: {
    "ci": 0.6916,
    "classification_loss": 0.0,
    "cluster_loss": 0.0,
    "mae": 1.1065,
    "mse": 2.1862,
    "multiclassification_loss": 0.0,
    "ortho_loss": 0.0,
    "pearson": 0.565,
    "regression_loss": 2.1809,
    "rm2": 0.2781,
    "rmse": 1.4786,
    "sd": 1.4316,
    "spearman": 0.5296,
    "spectral_loss": 0.0
}
                              
                              
----------------------------------------
Epoch 043 with LR 0.000100: Model Results
----------------------------------------
Train MSE Loss: 0.7216, Train CLS Loss: 0.0000, Train MCLS Loss: 0.0000
Protein Cluster Region Loss - Ortho Loss: 0.0000, Cluster Loss: 0.0000
                              
Validation Results: {
    "ci": 0.688,
    "classification_loss": 0.0,
    "cluster_loss": 0.0,
    "mae": 1.1772,
    "mse": 2.5962,
    "multiclassification_loss": 0.0,
    "ortho_loss": 0.0,
    "pearson": 0.4979,
    "regression_loss": 2.5956,
    "rm2": 0.2103,
    "rmse": 1.6113,
    "sd": 1.5038,
    "spearman": 0.522,
    "spectral_loss": 0.0
}
                              
Test Results: {
    "ci": 0.6916,
    "classification_loss": 0.0,
    "cluster_loss": 0.0,
    "mae": 1.1065,
    "mse": 2.1862,
    "multiclassification_loss": 0.0,
    "ortho_loss": 0.0,
    "pearson": 0.565,
    "regression_loss": 2.1809,
    "rm2": 0.2781,
    "rmse": 1.4786,
    "sd": 1.4316,
    "spearman": 0.5296,
    "spectral_loss": 0.0
}
                              
                              
----------------------------------------
Epoch 044 with LR 0.000100: Model Results
----------------------------------------
Train MSE Loss: 0.6993, Train CLS Loss: 0.0000, Train MCLS Loss: 0.0000
Protein Cluster Region Loss - Ortho Loss: 0.0000, Cluster Loss: 0.0000
                              
Validation Results: {
    "ci": 0.6864,
    "classification_loss": 0.0,
    "cluster_loss": 0.0,
    "mae": 1.1929,
    "mse": 2.6437,
    "multiclassification_loss": 0.0,
    "ortho_loss": 0.0,
    "pearson": 0.4973,
    "regression_loss": 2.6431,
    "rm2": 0.2148,
    "rmse": 1.626,
    "sd": 1.5044,
    "spearman": 0.5212,
    "spectral_loss": 0.0
}
                              
Test Results: {
    "ci": 0.6916,
    "classification_loss": 0.0,
    "cluster_loss": 0.0,
    "mae": 1.1065,
    "mse": 2.1862,
    "multiclassification_loss": 0.0,
    "ortho_loss": 0.0,
    "pearson": 0.565,
    "regression_loss": 2.1809,
    "rm2": 0.2781,
    "rmse": 1.4786,
    "sd": 1.4316,
    "spearman": 0.5296,
    "spectral_loss": 0.0
}
                              
                              
----------------------------------------
Epoch 045 with LR 0.000100: Model Results
----------------------------------------
Train MSE Loss: 0.7210, Train CLS Loss: 0.0000, Train MCLS Loss: 0.0000
Protein Cluster Region Loss - Ortho Loss: 0.0000, Cluster Loss: 0.0000
                              
Validation Results: {
    "ci": 0.6862,
    "classification_loss": 0.0,
    "cluster_loss": 0.0,
    "mae": 1.1527,
    "mse": 2.485,
    "multiclassification_loss": 0.0,
    "ortho_loss": 0.0,
    "pearson": 0.4925,
    "regression_loss": 2.4846,
    "rm2": 0.2195,
    "rmse": 1.5764,
    "sd": 1.5091,
    "spearman": 0.5163,
    "spectral_loss": 0.0
}
                              
Test Results: {
    "ci": 0.6916,
    "classification_loss": 0.0,
    "cluster_loss": 0.0,
    "mae": 1.1065,
    "mse": 2.1862,
    "multiclassification_loss": 0.0,
    "ortho_loss": 0.0,
    "pearson": 0.565,
    "regression_loss": 2.1809,
    "rm2": 0.2781,
    "rmse": 1.4786,
    "sd": 1.4316,
    "spearman": 0.5296,
    "spectral_loss": 0.0
}
                              
                              
----------------------------------------
Epoch 046 with LR 0.000100: Model Results
----------------------------------------
Train MSE Loss: 0.7008, Train CLS Loss: 0.0000, Train MCLS Loss: 0.0000
Protein Cluster Region Loss - Ortho Loss: 0.0000, Cluster Loss: 0.0000
                              
Validation Results: {
    "ci": 0.6849,
    "classification_loss": 0.0,
    "cluster_loss": 0.0,
    "mae": 1.1969,
    "mse": 2.6159,
    "multiclassification_loss": 0.0,
    "ortho_loss": 0.0,
    "pearson": 0.5072,
    "regression_loss": 2.6154,
    "rm2": 0.2276,
    "rmse": 1.6174,
    "sd": 1.4944,
    "spearman": 0.5164,
    "spectral_loss": 0.0
}
                              
Test Results: {
    "ci": 0.6916,
    "classification_loss": 0.0,
    "cluster_loss": 0.0,
    "mae": 1.1065,
    "mse": 2.1862,
    "multiclassification_loss": 0.0,
    "ortho_loss": 0.0,
    "pearson": 0.565,
    "regression_loss": 2.1809,
    "rm2": 0.2781,
    "rmse": 1.4786,
    "sd": 1.4316,
    "spearman": 0.5296,
    "spectral_loss": 0.0
}
                              
                              
----------------------------------------
Epoch 047 with LR 0.000100: Model Results
----------------------------------------
Train MSE Loss: 0.6771, Train CLS Loss: 0.0000, Train MCLS Loss: 0.0000
Protein Cluster Region Loss - Ortho Loss: 0.0000, Cluster Loss: 0.0000
                              
Validation Results: {
    "ci": 0.6948,
    "classification_loss": 0.0,
    "cluster_loss": 0.0,
    "mae": 1.1717,
    "mse": 2.6137,
    "multiclassification_loss": 0.0,
    "ortho_loss": 0.0,
    "pearson": 0.5092,
    "regression_loss": 2.6131,
    "rm2": 0.2155,
    "rmse": 1.6167,
    "sd": 1.4923,
    "spearman": 0.5392,
    "spectral_loss": 0.0
}
                              
Test Results: {
    "ci": 0.6916,
    "classification_loss": 0.0,
    "cluster_loss": 0.0,
    "mae": 1.1065,
    "mse": 2.1862,
    "multiclassification_loss": 0.0,
    "ortho_loss": 0.0,
    "pearson": 0.565,
    "regression_loss": 2.1809,
    "rm2": 0.2781,
    "rmse": 1.4786,
    "sd": 1.4316,
    "spearman": 0.5296,
    "spectral_loss": 0.0
}
                              
                              
----------------------------------------
Epoch 048 with LR 0.000100: Model Results
----------------------------------------
Train MSE Loss: 0.6666, Train CLS Loss: 0.0000, Train MCLS Loss: 0.0000
Protein Cluster Region Loss - Ortho Loss: 0.0000, Cluster Loss: 0.0000
                              
Validation Results: {
    "ci": 0.6842,
    "classification_loss": 0.0,
    "cluster_loss": 0.0,
    "mae": 1.2125,
    "mse": 2.7394,
    "multiclassification_loss": 0.0,
    "ortho_loss": 0.0,
    "pearson": 0.4917,
    "regression_loss": 2.7385,
    "rm2": 0.2011,
    "rmse": 1.6551,
    "sd": 1.5099,
    "spearman": 0.5126,
    "spectral_loss": 0.0
}
                              
Test Results: {
    "ci": 0.6916,
    "classification_loss": 0.0,
    "cluster_loss": 0.0,
    "mae": 1.1065,
    "mse": 2.1862,
    "multiclassification_loss": 0.0,
    "ortho_loss": 0.0,
    "pearson": 0.565,
    "regression_loss": 2.1809,
    "rm2": 0.2781,
    "rmse": 1.4786,
    "sd": 1.4316,
    "spearman": 0.5296,
    "spectral_loss": 0.0
}
                              
                              
----------------------------------------
Epoch 049 with LR 0.000100: Model Results
----------------------------------------
Train MSE Loss: 0.6567, Train CLS Loss: 0.0000, Train MCLS Loss: 0.0000
Protein Cluster Region Loss - Ortho Loss: 0.0000, Cluster Loss: 0.0000
                              
Validation Results: {
    "ci": 0.6918,
    "classification_loss": 0.0,
    "cluster_loss": 0.0,
    "mae": 1.1614,
    "mse": 2.5759,
    "multiclassification_loss": 0.0,
    "ortho_loss": 0.0,
    "pearson": 0.5045,
    "regression_loss": 2.5758,
    "rm2": 0.2292,
    "rmse": 1.6049,
    "sd": 1.4972,
    "spearman": 0.5314,
    "spectral_loss": 0.0
}
                              
Test Results: {
    "ci": 0.6916,
    "classification_loss": 0.0,
    "cluster_loss": 0.0,
    "mae": 1.1065,
    "mse": 2.1862,
    "multiclassification_loss": 0.0,
    "ortho_loss": 0.0,
    "pearson": 0.565,
    "regression_loss": 2.1809,
    "rm2": 0.2781,
    "rmse": 1.4786,
    "sd": 1.4316,
    "spearman": 0.5296,
    "spectral_loss": 0.0
}
                              
                              
----------------------------------------
Epoch 050 with LR 0.000100: Model Results
----------------------------------------
Train MSE Loss: 0.6446, Train CLS Loss: 0.0000, Train MCLS Loss: 0.0000
Protein Cluster Region Loss - Ortho Loss: 0.0000, Cluster Loss: 0.0000
                              
Validation Results: {
    "ci": 0.6931,
    "classification_loss": 0.0,
    "cluster_loss": 0.0,
    "mae": 1.1567,
    "mse": 2.5169,
    "multiclassification_loss": 0.0,
    "ortho_loss": 0.0,
    "pearson": 0.5104,
    "regression_loss": 2.5162,
    "rm2": 0.2259,
    "rmse": 1.5865,
    "sd": 1.4911,
    "spearman": 0.5384,
    "spectral_loss": 0.0
}
                              
Test Results: {
    "ci": 0.6916,
    "classification_loss": 0.0,
    "cluster_loss": 0.0,
    "mae": 1.1065,
    "mse": 2.1862,
    "multiclassification_loss": 0.0,
    "ortho_loss": 0.0,
    "pearson": 0.565,
    "regression_loss": 2.1809,
    "rm2": 0.2781,
    "rmse": 1.4786,
    "sd": 1.4316,
    "spearman": 0.5296,
    "spectral_loss": 0.0
}
                              
                              
----------------------------------------
Epoch 051 with LR 0.000100: Model Results
----------------------------------------
Train MSE Loss: 0.6375, Train CLS Loss: 0.0000, Train MCLS Loss: 0.0000
Protein Cluster Region Loss - Ortho Loss: 0.0000, Cluster Loss: 0.0000
                              
Validation Results: {
    "ci": 0.6807,
    "classification_loss": 0.0,
    "cluster_loss": 0.0,
    "mae": 1.2072,
    "mse": 2.7552,
    "multiclassification_loss": 0.0,
    "ortho_loss": 0.0,
    "pearson": 0.4694,
    "regression_loss": 2.7542,
    "rm2": 0.1962,
    "rmse": 1.6599,
    "sd": 1.5311,
    "spearman": 0.5037,
    "spectral_loss": 0.0
}
                              
Test Results: {
    "ci": 0.6916,
    "classification_loss": 0.0,
    "cluster_loss": 0.0,
    "mae": 1.1065,
    "mse": 2.1862,
    "multiclassification_loss": 0.0,
    "ortho_loss": 0.0,
    "pearson": 0.565,
    "regression_loss": 2.1809,
    "rm2": 0.2781,
    "rmse": 1.4786,
    "sd": 1.4316,
    "spearman": 0.5296,
    "spectral_loss": 0.0
}
                              
                              
----------------------------------------
Epoch 052 with LR 0.000100: Model Results
----------------------------------------
Train MSE Loss: 0.6377, Train CLS Loss: 0.0000, Train MCLS Loss: 0.0000
Protein Cluster Region Loss - Ortho Loss: 0.0000, Cluster Loss: 0.0000
                              
Validation Results: {
    "ci": 0.6947,
    "classification_loss": 0.0,
    "cluster_loss": 0.0,
    "mae": 1.1624,
    "mse": 2.5594,
    "multiclassification_loss": 0.0,
    "ortho_loss": 0.0,
    "pearson": 0.5062,
    "regression_loss": 2.5587,
    "rm2": 0.22,
    "rmse": 1.5998,
    "sd": 1.4954,
    "spearman": 0.5406,
    "spectral_loss": 0.0
}
                              
Test Results: {
    "ci": 0.6916,
    "classification_loss": 0.0,
    "cluster_loss": 0.0,
    "mae": 1.1065,
    "mse": 2.1862,
    "multiclassification_loss": 0.0,
    "ortho_loss": 0.0,
    "pearson": 0.565,
    "regression_loss": 2.1809,
    "rm2": 0.2781,
    "rmse": 1.4786,
    "sd": 1.4316,
    "spearman": 0.5296,
    "spectral_loss": 0.0
}
                              
                              
----------------------------------------
Epoch 053 with LR 0.000100: Model Results
----------------------------------------
Train MSE Loss: 0.6271, Train CLS Loss: 0.0000, Train MCLS Loss: 0.0000
Protein Cluster Region Loss - Ortho Loss: 0.0000, Cluster Loss: 0.0000
                              
Validation Results: {
    "ci": 0.6827,
    "classification_loss": 0.0,
    "cluster_loss": 0.0,
    "mae": 1.1846,
    "mse": 2.6202,
    "multiclassification_loss": 0.0,
    "ortho_loss": 0.0,
    "pearson": 0.4922,
    "regression_loss": 2.6195,
    "rm2": 0.2194,
    "rmse": 1.6187,
    "sd": 1.5094,
    "spearman": 0.5088,
    "spectral_loss": 0.0
}
                              
Test Results: {
    "ci": 0.6916,
    "classification_loss": 0.0,
    "cluster_loss": 0.0,
    "mae": 1.1065,
    "mse": 2.1862,
    "multiclassification_loss": 0.0,
    "ortho_loss": 0.0,
    "pearson": 0.565,
    "regression_loss": 2.1809,
    "rm2": 0.2781,
    "rmse": 1.4786,
    "sd": 1.4316,
    "spearman": 0.5296,
    "spectral_loss": 0.0
}
                              
                              
----------------------------------------
Epoch 054 with LR 0.000100: Model Results
----------------------------------------
Train MSE Loss: 0.6167, Train CLS Loss: 0.0000, Train MCLS Loss: 0.0000
Protein Cluster Region Loss - Ortho Loss: 0.0000, Cluster Loss: 0.0000
                              
Validation Results: {
    "ci": 0.691,
    "classification_loss": 0.0,
    "cluster_loss": 0.0,
    "mae": 1.1618,
    "mse": 2.5712,
    "multiclassification_loss": 0.0,
    "ortho_loss": 0.0,
    "pearson": 0.5069,
    "regression_loss": 2.5706,
    "rm2": 0.2384,
    "rmse": 1.6035,
    "sd": 1.4947,
    "spearman": 0.5304,
    "spectral_loss": 0.0
}
                              
Test Results: {
    "ci": 0.6916,
    "classification_loss": 0.0,
    "cluster_loss": 0.0,
    "mae": 1.1065,
    "mse": 2.1862,
    "multiclassification_loss": 0.0,
    "ortho_loss": 0.0,
    "pearson": 0.565,
    "regression_loss": 2.1809,
    "rm2": 0.2781,
    "rmse": 1.4786,
    "sd": 1.4316,
    "spearman": 0.5296,
    "spectral_loss": 0.0
}
                              
                              
----------------------------------------
Epoch 055 with LR 0.000100: Model Results
----------------------------------------
Train MSE Loss: 0.5966, Train CLS Loss: 0.0000, Train MCLS Loss: 0.0000
Protein Cluster Region Loss - Ortho Loss: 0.0000, Cluster Loss: 0.0000
                              
Validation Results: {
    "ci": 0.6871,
    "classification_loss": 0.0,
    "cluster_loss": 0.0,
    "mae": 1.1519,
    "mse": 2.559,
    "multiclassification_loss": 0.0,
    "ortho_loss": 0.0,
    "pearson": 0.4884,
    "regression_loss": 2.5582,
    "rm2": 0.2055,
    "rmse": 1.5997,
    "sd": 1.5131,
    "spearman": 0.5181,
    "spectral_loss": 0.0
}
                              
Test Results: {
    "ci": 0.6916,
    "classification_loss": 0.0,
    "cluster_loss": 0.0,
    "mae": 1.1065,
    "mse": 2.1862,
    "multiclassification_loss": 0.0,
    "ortho_loss": 0.0,
    "pearson": 0.565,
    "regression_loss": 2.1809,
    "rm2": 0.2781,
    "rmse": 1.4786,
    "sd": 1.4316,
    "spearman": 0.5296,
    "spectral_loss": 0.0
}
                              
                              
----------------------------------------
Epoch 056 with LR 0.000100: Model Results
----------------------------------------
Train MSE Loss: 0.5976, Train CLS Loss: 0.0000, Train MCLS Loss: 0.0000
Protein Cluster Region Loss - Ortho Loss: 0.0000, Cluster Loss: 0.0000
                              
Validation Results: {
    "ci": 0.6899,
    "classification_loss": 0.0,
    "cluster_loss": 0.0,
    "mae": 1.1666,
    "mse": 2.5888,
    "multiclassification_loss": 0.0,
    "ortho_loss": 0.0,
    "pearson": 0.4945,
    "regression_loss": 2.5881,
    "rm2": 0.2118,
    "rmse": 1.609,
    "sd": 1.5071,
    "spearman": 0.5283,
    "spectral_loss": 0.0
}
                              
Test Results: {
    "ci": 0.6916,
    "classification_loss": 0.0,
    "cluster_loss": 0.0,
    "mae": 1.1065,
    "mse": 2.1862,
    "multiclassification_loss": 0.0,
    "ortho_loss": 0.0,
    "pearson": 0.565,
    "regression_loss": 2.1809,
    "rm2": 0.2781,
    "rmse": 1.4786,
    "sd": 1.4316,
    "spearman": 0.5296,
    "spectral_loss": 0.0
}
                              
                              
----------------------------------------
Epoch 057 with LR 0.000100: Model Results
----------------------------------------
Train MSE Loss: 0.5976, Train CLS Loss: 0.0000, Train MCLS Loss: 0.0000
Protein Cluster Region Loss - Ortho Loss: 0.0000, Cluster Loss: 0.0000
                              
Validation Results: {
    "ci": 0.6916,
    "classification_loss": 0.0,
    "cluster_loss": 0.0,
    "mae": 1.1474,
    "mse": 2.4634,
    "multiclassification_loss": 0.0,
    "ortho_loss": 0.0,
    "pearson": 0.5183,
    "regression_loss": 2.4629,
    "rm2": 0.2288,
    "rmse": 1.5695,
    "sd": 1.4829,
    "spearman": 0.5303,
    "spectral_loss": 0.0
}
                              
Test Results: {
    "ci": 0.6916,
    "classification_loss": 0.0,
    "cluster_loss": 0.0,
    "mae": 1.1065,
    "mse": 2.1862,
    "multiclassification_loss": 0.0,
    "ortho_loss": 0.0,
    "pearson": 0.565,
    "regression_loss": 2.1809,
    "rm2": 0.2781,
    "rmse": 1.4786,
    "sd": 1.4316,
    "spearman": 0.5296,
    "spectral_loss": 0.0
}
                              
                              
----------------------------------------
Epoch 058 with LR 0.000100: Model Results
----------------------------------------
Train MSE Loss: 0.5735, Train CLS Loss: 0.0000, Train MCLS Loss: 0.0000
Protein Cluster Region Loss - Ortho Loss: 0.0000, Cluster Loss: 0.0000
                              
Validation Results: {
    "ci": 0.6889,
    "classification_loss": 0.0,
    "cluster_loss": 0.0,
    "mae": 1.1719,
    "mse": 2.6049,
    "multiclassification_loss": 0.0,
    "ortho_loss": 0.0,
    "pearson": 0.501,
    "regression_loss": 2.6043,
    "rm2": 0.2231,
    "rmse": 1.614,
    "sd": 1.5006,
    "spearman": 0.5259,
    "spectral_loss": 0.0
}
                              
Test Results: {
    "ci": 0.6916,
    "classification_loss": 0.0,
    "cluster_loss": 0.0,
    "mae": 1.1065,
    "mse": 2.1862,
    "multiclassification_loss": 0.0,
    "ortho_loss": 0.0,
    "pearson": 0.565,
    "regression_loss": 2.1809,
    "rm2": 0.2781,
    "rmse": 1.4786,
    "sd": 1.4316,
    "spearman": 0.5296,
    "spectral_loss": 0.0
}
                              
                              
----------------------------------------
Epoch 059 with LR 0.000100: Model Results
----------------------------------------
Train MSE Loss: 0.5724, Train CLS Loss: 0.0000, Train MCLS Loss: 0.0000
Protein Cluster Region Loss - Ortho Loss: 0.0000, Cluster Loss: 0.0000
                              
Validation Results: {
    "ci": 0.6914,
    "classification_loss": 0.0,
    "cluster_loss": 0.0,
    "mae": 1.1514,
    "mse": 2.4893,
    "multiclassification_loss": 0.0,
    "ortho_loss": 0.0,
    "pearson": 0.5214,
    "regression_loss": 2.4889,
    "rm2": 0.2427,
    "rmse": 1.5777,
    "sd": 1.4796,
    "spearman": 0.531,
    "spectral_loss": 0.0
}
                              
Test Results: {
    "ci": 0.6916,
    "classification_loss": 0.0,
    "cluster_loss": 0.0,
    "mae": 1.1065,
    "mse": 2.1862,
    "multiclassification_loss": 0.0,
    "ortho_loss": 0.0,
    "pearson": 0.565,
    "regression_loss": 2.1809,
    "rm2": 0.2781,
    "rmse": 1.4786,
    "sd": 1.4316,
    "spearman": 0.5296,
    "spectral_loss": 0.0
}
                              
                              
----------------------------------------
Epoch 060 with LR 0.000100: Model Results
----------------------------------------
Train MSE Loss: 0.5568, Train CLS Loss: 0.0000, Train MCLS Loss: 0.0000
Protein Cluster Region Loss - Ortho Loss: 0.0000, Cluster Loss: 0.0000
                              
Validation Results: {
    "ci": 0.6882,
    "classification_loss": 0.0,
    "cluster_loss": 0.0,
    "mae": 1.1644,
    "mse": 2.5087,
    "multiclassification_loss": 0.0,
    "ortho_loss": 0.0,
    "pearson": 0.5147,
    "regression_loss": 2.5085,
    "rm2": 0.2338,
    "rmse": 1.5839,
    "sd": 1.4866,
    "spearman": 0.5248,
    "spectral_loss": 0.0
}
                              
Test Results: {
    "ci": 0.6916,
    "classification_loss": 0.0,
    "cluster_loss": 0.0,
    "mae": 1.1065,
    "mse": 2.1862,
    "multiclassification_loss": 0.0,
    "ortho_loss": 0.0,
    "pearson": 0.565,
    "regression_loss": 2.1809,
    "rm2": 0.2781,
    "rmse": 1.4786,
    "sd": 1.4316,
    "spearman": 0.5296,
    "spectral_loss": 0.0
}
                              
                              
----------------------------------------
Epoch 061 with LR 0.000100: Model Results
----------------------------------------
Train MSE Loss: 0.5650, Train CLS Loss: 0.0000, Train MCLS Loss: 0.0000
Protein Cluster Region Loss - Ortho Loss: 0.0000, Cluster Loss: 0.0000
                              
Validation Results: {
    "ci": 0.6871,
    "classification_loss": 0.0,
    "cluster_loss": 0.0,
    "mae": 1.1864,
    "mse": 2.7454,
    "multiclassification_loss": 0.0,
    "ortho_loss": 0.0,
    "pearson": 0.4874,
    "regression_loss": 2.7448,
    "rm2": 0.2077,
    "rmse": 1.6569,
    "sd": 1.514,
    "spearman": 0.5184,
    "spectral_loss": 0.0
}
                              
Test Results: {
    "ci": 0.6916,
    "classification_loss": 0.0,
    "cluster_loss": 0.0,
    "mae": 1.1065,
    "mse": 2.1862,
    "multiclassification_loss": 0.0,
    "ortho_loss": 0.0,
    "pearson": 0.565,
    "regression_loss": 2.1809,
    "rm2": 0.2781,
    "rmse": 1.4786,
    "sd": 1.4316,
    "spearman": 0.5296,
    "spectral_loss": 0.0
}
                              
                              
----------------------------------------
Epoch 062 with LR 0.000100: Model Results
----------------------------------------
Train MSE Loss: 0.5419, Train CLS Loss: 0.0000, Train MCLS Loss: 0.0000
Protein Cluster Region Loss - Ortho Loss: 0.0000, Cluster Loss: 0.0000
                              
Validation Results: {
    "ci": 0.6926,
    "classification_loss": 0.0,
    "cluster_loss": 0.0,
    "mae": 1.1712,
    "mse": 2.526,
    "multiclassification_loss": 0.0,
    "ortho_loss": 0.0,
    "pearson": 0.5284,
    "regression_loss": 2.5258,
    "rm2": 0.2349,
    "rmse": 1.5893,
    "sd": 1.4722,
    "spearman": 0.5366,
    "spectral_loss": 0.0
}
                              
Test Results: {
    "ci": 0.6916,
    "classification_loss": 0.0,
    "cluster_loss": 0.0,
    "mae": 1.1065,
    "mse": 2.1862,
    "multiclassification_loss": 0.0,
    "ortho_loss": 0.0,
    "pearson": 0.565,
    "regression_loss": 2.1809,
    "rm2": 0.2781,
    "rmse": 1.4786,
    "sd": 1.4316,
    "spearman": 0.5296,
    "spectral_loss": 0.0
}
                              
                              
----------------------------------------
Epoch 063 with LR 0.000100: Model Results
----------------------------------------
Train MSE Loss: 0.5414, Train CLS Loss: 0.0000, Train MCLS Loss: 0.0000
Protein Cluster Region Loss - Ortho Loss: 0.0000, Cluster Loss: 0.0000
                              
Validation Results: {
    "ci": 0.69,
    "classification_loss": 0.0,
    "cluster_loss": 0.0,
    "mae": 1.174,
    "mse": 2.647,
    "multiclassification_loss": 0.0,
    "ortho_loss": 0.0,
    "pearson": 0.4977,
    "regression_loss": 2.6468,
    "rm2": 0.2317,
    "rmse": 1.627,
    "sd": 1.5039,
    "spearman": 0.5256,
    "spectral_loss": 0.0
}
                              
Test Results: {
    "ci": 0.6916,
    "classification_loss": 0.0,
    "cluster_loss": 0.0,
    "mae": 1.1065,
    "mse": 2.1862,
    "multiclassification_loss": 0.0,
    "ortho_loss": 0.0,
    "pearson": 0.565,
    "regression_loss": 2.1809,
    "rm2": 0.2781,
    "rmse": 1.4786,
    "sd": 1.4316,
    "spearman": 0.5296,
    "spectral_loss": 0.0
}
                              
                              
----------------------------------------
Epoch 064 with LR 0.000100: Model Results
----------------------------------------
Train MSE Loss: 0.5414, Train CLS Loss: 0.0000, Train MCLS Loss: 0.0000
Protein Cluster Region Loss - Ortho Loss: 0.0000, Cluster Loss: 0.0000
                              
Validation Results: {
    "ci": 0.6923,
    "classification_loss": 0.0,
    "cluster_loss": 0.0,
    "mae": 1.1553,
    "mse": 2.5458,
    "multiclassification_loss": 0.0,
    "ortho_loss": 0.0,
    "pearson": 0.5069,
    "regression_loss": 2.5452,
    "rm2": 0.236,
    "rmse": 1.5956,
    "sd": 1.4947,
    "spearman": 0.5334,
    "spectral_loss": 0.0
}
                              
Test Results: {
    "ci": 0.6916,
    "classification_loss": 0.0,
    "cluster_loss": 0.0,
    "mae": 1.1065,
    "mse": 2.1862,
    "multiclassification_loss": 0.0,
    "ortho_loss": 0.0,
    "pearson": 0.565,
    "regression_loss": 2.1809,
    "rm2": 0.2781,
    "rmse": 1.4786,
    "sd": 1.4316,
    "spearman": 0.5296,
    "spectral_loss": 0.0
}
                              
                              
----------------------------------------
Epoch 065 with LR 0.000100: Model Results
----------------------------------------
Train MSE Loss: 0.5448, Train CLS Loss: 0.0000, Train MCLS Loss: 0.0000
Protein Cluster Region Loss - Ortho Loss: 0.0000, Cluster Loss: 0.0000
                              
Validation Results: {
    "ci": 0.6854,
    "classification_loss": 0.0,
    "cluster_loss": 0.0,
    "mae": 1.2335,
    "mse": 2.9436,
    "multiclassification_loss": 0.0,
    "ortho_loss": 0.0,
    "pearson": 0.4841,
    "regression_loss": 2.9426,
    "rm2": 0.2005,
    "rmse": 1.7157,
    "sd": 1.5173,
    "spearman": 0.5156,
    "spectral_loss": 0.0
}
                              
Test Results: {
    "ci": 0.6916,
    "classification_loss": 0.0,
    "cluster_loss": 0.0,
    "mae": 1.1065,
    "mse": 2.1862,
    "multiclassification_loss": 0.0,
    "ortho_loss": 0.0,
    "pearson": 0.565,
    "regression_loss": 2.1809,
    "rm2": 0.2781,
    "rmse": 1.4786,
    "sd": 1.4316,
    "spearman": 0.5296,
    "spectral_loss": 0.0
}
                              
                              
----------------------------------------
Epoch 066 with LR 0.000100: Model Results
----------------------------------------
Train MSE Loss: 0.5306, Train CLS Loss: 0.0000, Train MCLS Loss: 0.0000
Protein Cluster Region Loss - Ortho Loss: 0.0000, Cluster Loss: 0.0000
                              
Validation Results: {
    "ci": 0.689,
    "classification_loss": 0.0,
    "cluster_loss": 0.0,
    "mae": 1.1705,
    "mse": 2.5955,
    "multiclassification_loss": 0.0,
    "ortho_loss": 0.0,
    "pearson": 0.5114,
    "regression_loss": 2.595,
    "rm2": 0.2248,
    "rmse": 1.6111,
    "sd": 1.4901,
    "spearman": 0.5248,
    "spectral_loss": 0.0
}
                              
Test Results: {
    "ci": 0.6916,
    "classification_loss": 0.0,
    "cluster_loss": 0.0,
    "mae": 1.1065,
    "mse": 2.1862,
    "multiclassification_loss": 0.0,
    "ortho_loss": 0.0,
    "pearson": 0.565,
    "regression_loss": 2.1809,
    "rm2": 0.2781,
    "rmse": 1.4786,
    "sd": 1.4316,
    "spearman": 0.5296,
    "spectral_loss": 0.0
}
                              
                              
----------------------------------------
Epoch 067 with LR 0.000100: Model Results
----------------------------------------
Train MSE Loss: 0.5177, Train CLS Loss: 0.0000, Train MCLS Loss: 0.0000
Protein Cluster Region Loss - Ortho Loss: 0.0000, Cluster Loss: 0.0000
                              
Validation Results: {
    "ci": 0.6829,
    "classification_loss": 0.0,
    "cluster_loss": 0.0,
    "mae": 1.1913,
    "mse": 2.6755,
    "multiclassification_loss": 0.0,
    "ortho_loss": 0.0,
    "pearson": 0.4849,
    "regression_loss": 2.6755,
    "rm2": 0.2123,
    "rmse": 1.6357,
    "sd": 1.5165,
    "spearman": 0.5117,
    "spectral_loss": 0.0
}
                              
Test Results: {
    "ci": 0.6916,
    "classification_loss": 0.0,
    "cluster_loss": 0.0,
    "mae": 1.1065,
    "mse": 2.1862,
    "multiclassification_loss": 0.0,
    "ortho_loss": 0.0,
    "pearson": 0.565,
    "regression_loss": 2.1809,
    "rm2": 0.2781,
    "rmse": 1.4786,
    "sd": 1.4316,
    "spearman": 0.5296,
    "spectral_loss": 0.0
}
                              
                              
----------------------------------------
Epoch 068 with LR 0.000100: Model Results
----------------------------------------
Train MSE Loss: 0.5108, Train CLS Loss: 0.0000, Train MCLS Loss: 0.0000
Protein Cluster Region Loss - Ortho Loss: 0.0000, Cluster Loss: 0.0000
                              
Validation Results: {
    "ci": 0.6862,
    "classification_loss": 0.0,
    "cluster_loss": 0.0,
    "mae": 1.2001,
    "mse": 2.7719,
    "multiclassification_loss": 0.0,
    "ortho_loss": 0.0,
    "pearson": 0.4935,
    "regression_loss": 2.7719,
    "rm2": 0.2155,
    "rmse": 1.6649,
    "sd": 1.5081,
    "spearman": 0.5158,
    "spectral_loss": 0.0
}
                              
Test Results: {
    "ci": 0.6916,
    "classification_loss": 0.0,
    "cluster_loss": 0.0,
    "mae": 1.1065,
    "mse": 2.1862,
    "multiclassification_loss": 0.0,
    "ortho_loss": 0.0,
    "pearson": 0.565,
    "regression_loss": 2.1809,
    "rm2": 0.2781,
    "rmse": 1.4786,
    "sd": 1.4316,
    "spearman": 0.5296,
    "spectral_loss": 0.0
}
                              
                              
----------------------------------------
Epoch 069 with LR 0.000100: Model Results
----------------------------------------
Train MSE Loss: 0.4988, Train CLS Loss: 0.0000, Train MCLS Loss: 0.0000
Protein Cluster Region Loss - Ortho Loss: 0.0000, Cluster Loss: 0.0000
                              
Validation Results: {
    "ci": 0.6861,
    "classification_loss": 0.0,
    "cluster_loss": 0.0,
    "mae": 1.1703,
    "mse": 2.6375,
    "multiclassification_loss": 0.0,
    "ortho_loss": 0.0,
    "pearson": 0.4945,
    "regression_loss": 2.6368,
    "rm2": 0.2103,
    "rmse": 1.624,
    "sd": 1.5072,
    "spearman": 0.5149,
    "spectral_loss": 0.0
}
                              
Test Results: {
    "ci": 0.6916,
    "classification_loss": 0.0,
    "cluster_loss": 0.0,
    "mae": 1.1065,
    "mse": 2.1862,
    "multiclassification_loss": 0.0,
    "ortho_loss": 0.0,
    "pearson": 0.565,
    "regression_loss": 2.1809,
    "rm2": 0.2781,
    "rmse": 1.4786,
    "sd": 1.4316,
    "spearman": 0.5296,
    "spectral_loss": 0.0
}
                              
                              
----------------------------------------
Epoch 070 with LR 0.000100: Model Results
----------------------------------------
Train MSE Loss: 0.4972, Train CLS Loss: 0.0000, Train MCLS Loss: 0.0000
Protein Cluster Region Loss - Ortho Loss: 0.0000, Cluster Loss: 0.0000
                              
Validation Results: {
    "ci": 0.6918,
    "classification_loss": 0.0,
    "cluster_loss": 0.0,
    "mae": 1.1402,
    "mse": 2.4854,
    "multiclassification_loss": 0.0,
    "ortho_loss": 0.0,
    "pearson": 0.5051,
    "regression_loss": 2.4852,
    "rm2": 0.2225,
    "rmse": 1.5765,
    "sd": 1.4965,
    "spearman": 0.5329,
    "spectral_loss": 0.0
}
                              
Test Results: {
    "ci": 0.6916,
    "classification_loss": 0.0,
    "cluster_loss": 0.0,
    "mae": 1.1065,
    "mse": 2.1862,
    "multiclassification_loss": 0.0,
    "ortho_loss": 0.0,
    "pearson": 0.565,
    "regression_loss": 2.1809,
    "rm2": 0.2781,
    "rmse": 1.4786,
    "sd": 1.4316,
    "spearman": 0.5296,
    "spectral_loss": 0.0
}
                              
                              
----------------------------------------
Epoch 071 with LR 0.000100: Model Results
----------------------------------------
Train MSE Loss: 0.4812, Train CLS Loss: 0.0000, Train MCLS Loss: 0.0000
Protein Cluster Region Loss - Ortho Loss: 0.0000, Cluster Loss: 0.0000
                              
Validation Results: {
    "ci": 0.684,
    "classification_loss": 0.0,
    "cluster_loss": 0.0,
    "mae": 1.2091,
    "mse": 2.8632,
    "multiclassification_loss": 0.0,
    "ortho_loss": 0.0,
    "pearson": 0.4846,
    "regression_loss": 2.8627,
    "rm2": 0.2051,
    "rmse": 1.6921,
    "sd": 1.5168,
    "spearman": 0.51,
    "spectral_loss": 0.0
}
                              
Test Results: {
    "ci": 0.6916,
    "classification_loss": 0.0,
    "cluster_loss": 0.0,
    "mae": 1.1065,
    "mse": 2.1862,
    "multiclassification_loss": 0.0,
    "ortho_loss": 0.0,
    "pearson": 0.565,
    "regression_loss": 2.1809,
    "rm2": 0.2781,
    "rmse": 1.4786,
    "sd": 1.4316,
    "spearman": 0.5296,
    "spectral_loss": 0.0
}
                              
                              
----------------------------------------
Epoch 072 with LR 0.000100: Model Results
----------------------------------------
Train MSE Loss: 0.4794, Train CLS Loss: 0.0000, Train MCLS Loss: 0.0000
Protein Cluster Region Loss - Ortho Loss: 0.0000, Cluster Loss: 0.0000
                              
Validation Results: {
    "ci": 0.6931,
    "classification_loss": 0.0,
    "cluster_loss": 0.0,
    "mae": 1.1685,
    "mse": 2.6313,
    "multiclassification_loss": 0.0,
    "ortho_loss": 0.0,
    "pearson": 0.512,
    "regression_loss": 2.6309,
    "rm2": 0.2259,
    "rmse": 1.6221,
    "sd": 1.4895,
    "spearman": 0.5356,
    "spectral_loss": 0.0
}
                              
Test Results: {
    "ci": 0.6916,
    "classification_loss": 0.0,
    "cluster_loss": 0.0,
    "mae": 1.1065,
    "mse": 2.1862,
    "multiclassification_loss": 0.0,
    "ortho_loss": 0.0,
    "pearson": 0.565,
    "regression_loss": 2.1809,
    "rm2": 0.2781,
    "rmse": 1.4786,
    "sd": 1.4316,
    "spearman": 0.5296,
    "spectral_loss": 0.0
}
                              
                              
----------------------------------------
Epoch 073 with LR 0.000100: Model Results
----------------------------------------
Train MSE Loss: 0.4781, Train CLS Loss: 0.0000, Train MCLS Loss: 0.0000
Protein Cluster Region Loss - Ortho Loss: 0.0000, Cluster Loss: 0.0000
                              
Validation Results: {
    "ci": 0.6926,
    "classification_loss": 0.0,
    "cluster_loss": 0.0,
    "mae": 1.1612,
    "mse": 2.5494,
    "multiclassification_loss": 0.0,
    "ortho_loss": 0.0,
    "pearson": 0.5295,
    "regression_loss": 2.5492,
    "rm2": 0.2498,
    "rmse": 1.5967,
    "sd": 1.471,
    "spearman": 0.5339,
    "spectral_loss": 0.0
}
                              
Test Results: {
    "ci": 0.6916,
    "classification_loss": 0.0,
    "cluster_loss": 0.0,
    "mae": 1.1065,
    "mse": 2.1862,
    "multiclassification_loss": 0.0,
    "ortho_loss": 0.0,
    "pearson": 0.565,
    "regression_loss": 2.1809,
    "rm2": 0.2781,
    "rmse": 1.4786,
    "sd": 1.4316,
    "spearman": 0.5296,
    "spectral_loss": 0.0
}
                              
                              
----------------------------------------
Epoch 074 with LR 0.000100: Model Results
----------------------------------------
Train MSE Loss: 0.4724, Train CLS Loss: 0.0000, Train MCLS Loss: 0.0000
Protein Cluster Region Loss - Ortho Loss: 0.0000, Cluster Loss: 0.0000
                              
Validation Results: {
    "ci": 0.6915,
    "classification_loss": 0.0,
    "cluster_loss": 0.0,
    "mae": 1.1546,
    "mse": 2.5718,
    "multiclassification_loss": 0.0,
    "ortho_loss": 0.0,
    "pearson": 0.5016,
    "regression_loss": 2.5719,
    "rm2": 0.2222,
    "rmse": 1.6037,
    "sd": 1.5,
    "spearman": 0.5327,
    "spectral_loss": 0.0
}
                              
Test Results: {
    "ci": 0.6916,
    "classification_loss": 0.0,
    "cluster_loss": 0.0,
    "mae": 1.1065,
    "mse": 2.1862,
    "multiclassification_loss": 0.0,
    "ortho_loss": 0.0,
    "pearson": 0.565,
    "regression_loss": 2.1809,
    "rm2": 0.2781,
    "rmse": 1.4786,
    "sd": 1.4316,
    "spearman": 0.5296,
    "spectral_loss": 0.0
}
                              
                              
----------------------------------------
Epoch 075 with LR 0.000100: Model Results
----------------------------------------
Train MSE Loss: 0.4663, Train CLS Loss: 0.0000, Train MCLS Loss: 0.0000
Protein Cluster Region Loss - Ortho Loss: 0.0000, Cluster Loss: 0.0000
                              
Validation Results: {
    "ci": 0.6919,
    "classification_loss": 0.0,
    "cluster_loss": 0.0,
    "mae": 1.1556,
    "mse": 2.5936,
    "multiclassification_loss": 0.0,
    "ortho_loss": 0.0,
    "pearson": 0.5073,
    "regression_loss": 2.5936,
    "rm2": 0.2243,
    "rmse": 1.6105,
    "sd": 1.4943,
    "spearman": 0.5331,
    "spectral_loss": 0.0
}
                              
Test Results: {
    "ci": 0.6916,
    "classification_loss": 0.0,
    "cluster_loss": 0.0,
    "mae": 1.1065,
    "mse": 2.1862,
    "multiclassification_loss": 0.0,
    "ortho_loss": 0.0,
    "pearson": 0.565,
    "regression_loss": 2.1809,
    "rm2": 0.2781,
    "rmse": 1.4786,
    "sd": 1.4316,
    "spearman": 0.5296,
    "spectral_loss": 0.0
}
                              
                              
----------------------------------------
Epoch 076 with LR 0.000100: Model Results
----------------------------------------
Train MSE Loss: 0.4556, Train CLS Loss: 0.0000, Train MCLS Loss: 0.0000
Protein Cluster Region Loss - Ortho Loss: 0.0000, Cluster Loss: 0.0000
                              
Validation Results: {
    "ci": 0.6892,
    "classification_loss": 0.0,
    "cluster_loss": 0.0,
    "mae": 1.1586,
    "mse": 2.6147,
    "multiclassification_loss": 0.0,
    "ortho_loss": 0.0,
    "pearson": 0.4976,
    "regression_loss": 2.6139,
    "rm2": 0.2143,
    "rmse": 1.617,
    "sd": 1.5041,
    "spearman": 0.5247,
    "spectral_loss": 0.0
}
                              
Test Results: {
    "ci": 0.6916,
    "classification_loss": 0.0,
    "cluster_loss": 0.0,
    "mae": 1.1065,
    "mse": 2.1862,
    "multiclassification_loss": 0.0,
    "ortho_loss": 0.0,
    "pearson": 0.565,
    "regression_loss": 2.1809,
    "rm2": 0.2781,
    "rmse": 1.4786,
    "sd": 1.4316,
    "spearman": 0.5296,
    "spectral_loss": 0.0
}
                              
                              
----------------------------------------
Epoch 077 with LR 0.000100: Model Results
----------------------------------------
Train MSE Loss: 0.4385, Train CLS Loss: 0.0000, Train MCLS Loss: 0.0000
Protein Cluster Region Loss - Ortho Loss: 0.0000, Cluster Loss: 0.0000
                              
Validation Results: {
    "ci": 0.6857,
    "classification_loss": 0.0,
    "cluster_loss": 0.0,
    "mae": 1.1977,
    "mse": 2.7933,
    "multiclassification_loss": 0.0,
    "ortho_loss": 0.0,
    "pearson": 0.4871,
    "regression_loss": 2.7936,
    "rm2": 0.2014,
    "rmse": 1.6713,
    "sd": 1.5144,
    "spearman": 0.5161,
    "spectral_loss": 0.0
}
                              
Test Results: {
    "ci": 0.6916,
    "classification_loss": 0.0,
    "cluster_loss": 0.0,
    "mae": 1.1065,
    "mse": 2.1862,
    "multiclassification_loss": 0.0,
    "ortho_loss": 0.0,
    "pearson": 0.565,
    "regression_loss": 2.1809,
    "rm2": 0.2781,
    "rmse": 1.4786,
    "sd": 1.4316,
    "spearman": 0.5296,
    "spectral_loss": 0.0
}
                              
                              
----------------------------------------
Epoch 078 with LR 0.000100: Model Results
----------------------------------------
Train MSE Loss: 0.4387, Train CLS Loss: 0.0000, Train MCLS Loss: 0.0000
Protein Cluster Region Loss - Ortho Loss: 0.0000, Cluster Loss: 0.0000
                              
Validation Results: {
    "ci": 0.6859,
    "classification_loss": 0.0,
    "cluster_loss": 0.0,
    "mae": 1.1804,
    "mse": 2.7221,
    "multiclassification_loss": 0.0,
    "ortho_loss": 0.0,
    "pearson": 0.4879,
    "regression_loss": 2.722,
    "rm2": 0.2036,
    "rmse": 1.6499,
    "sd": 1.5136,
    "spearman": 0.515,
    "spectral_loss": 0.0
}
                              
Test Results: {
    "ci": 0.6916,
    "classification_loss": 0.0,
    "cluster_loss": 0.0,
    "mae": 1.1065,
    "mse": 2.1862,
    "multiclassification_loss": 0.0,
    "ortho_loss": 0.0,
    "pearson": 0.565,
    "regression_loss": 2.1809,
    "rm2": 0.2781,
    "rmse": 1.4786,
    "sd": 1.4316,
    "spearman": 0.5296,
    "spectral_loss": 0.0
}
                              
                              
----------------------------------------
Epoch 079 with LR 0.000100: Model Results
----------------------------------------
Train MSE Loss: 0.4331, Train CLS Loss: 0.0000, Train MCLS Loss: 0.0000
Protein Cluster Region Loss - Ortho Loss: 0.0000, Cluster Loss: 0.0000
                              
Validation Results: {
    "ci": 0.6917,
    "classification_loss": 0.0,
    "cluster_loss": 0.0,
    "mae": 1.1469,
    "mse": 2.4801,
    "multiclassification_loss": 0.0,
    "ortho_loss": 0.0,
    "pearson": 0.5285,
    "regression_loss": 2.4805,
    "rm2": 0.2506,
    "rmse": 1.5748,
    "sd": 1.472,
    "spearman": 0.5315,
    "spectral_loss": 0.0
}
                              
Test Results: {
    "ci": 0.6916,
    "classification_loss": 0.0,
    "cluster_loss": 0.0,
    "mae": 1.1065,
    "mse": 2.1862,
    "multiclassification_loss": 0.0,
    "ortho_loss": 0.0,
    "pearson": 0.565,
    "regression_loss": 2.1809,
    "rm2": 0.2781,
    "rmse": 1.4786,
    "sd": 1.4316,
    "spearman": 0.5296,
    "spectral_loss": 0.0
}
                              
                              
----------------------------------------
Epoch 080 with LR 0.000100: Model Results
----------------------------------------
Train MSE Loss: 0.4904, Train CLS Loss: 0.0000, Train MCLS Loss: 0.0000
Protein Cluster Region Loss - Ortho Loss: 0.0000, Cluster Loss: 0.0000
                              
Validation Results: {
    "ci": 0.6908,
    "classification_loss": 0.0,
    "cluster_loss": 0.0,
    "mae": 1.1564,
    "mse": 2.5409,
    "multiclassification_loss": 0.0,
    "ortho_loss": 0.0,
    "pearson": 0.5129,
    "regression_loss": 2.5408,
    "rm2": 0.2265,
    "rmse": 1.594,
    "sd": 1.4886,
    "spearman": 0.5304,
    "spectral_loss": 0.0
}
                              
Test Results: {
    "ci": 0.6916,
    "classification_loss": 0.0,
    "cluster_loss": 0.0,
    "mae": 1.1065,
    "mse": 2.1862,
    "multiclassification_loss": 0.0,
    "ortho_loss": 0.0,
    "pearson": 0.565,
    "regression_loss": 2.1809,
    "rm2": 0.2781,
    "rmse": 1.4786,
    "sd": 1.4316,
    "spearman": 0.5296,
    "spectral_loss": 0.0
}
                              
                              
----------------------------------------
Epoch 081 with LR 0.000100: Model Results
----------------------------------------
Train MSE Loss: 0.4381, Train CLS Loss: 0.0000, Train MCLS Loss: 0.0000
Protein Cluster Region Loss - Ortho Loss: 0.0000, Cluster Loss: 0.0000
                              
Validation Results: {
    "ci": 0.6906,
    "classification_loss": 0.0,
    "cluster_loss": 0.0,
    "mae": 1.1594,
    "mse": 2.6033,
    "multiclassification_loss": 0.0,
    "ortho_loss": 0.0,
    "pearson": 0.506,
    "regression_loss": 2.603,
    "rm2": 0.2319,
    "rmse": 1.6135,
    "sd": 1.4956,
    "spearman": 0.5288,
    "spectral_loss": 0.0
}
                              
Test Results: {
    "ci": 0.6916,
    "classification_loss": 0.0,
    "cluster_loss": 0.0,
    "mae": 1.1065,
    "mse": 2.1862,
    "multiclassification_loss": 0.0,
    "ortho_loss": 0.0,
    "pearson": 0.565,
    "regression_loss": 2.1809,
    "rm2": 0.2781,
    "rmse": 1.4786,
    "sd": 1.4316,
    "spearman": 0.5296,
    "spectral_loss": 0.0
}
                              
                              
----------------------------------------
Epoch 082 with LR 0.000100: Model Results
----------------------------------------
Train MSE Loss: 0.4314, Train CLS Loss: 0.0000, Train MCLS Loss: 0.0000
Protein Cluster Region Loss - Ortho Loss: 0.0000, Cluster Loss: 0.0000
                              
Validation Results: {
    "ci": 0.6772,
    "classification_loss": 0.0,
    "cluster_loss": 0.0,
    "mae": 1.2386,
    "mse": 2.9506,
    "multiclassification_loss": 0.0,
    "ortho_loss": 0.0,
    "pearson": 0.4692,
    "regression_loss": 2.9508,
    "rm2": 0.1795,
    "rmse": 1.7177,
    "sd": 1.5313,
    "spearman": 0.4945,
    "spectral_loss": 0.0
}
                              
Test Results: {
    "ci": 0.6916,
    "classification_loss": 0.0,
    "cluster_loss": 0.0,
    "mae": 1.1065,
    "mse": 2.1862,
    "multiclassification_loss": 0.0,
    "ortho_loss": 0.0,
    "pearson": 0.565,
    "regression_loss": 2.1809,
    "rm2": 0.2781,
    "rmse": 1.4786,
    "sd": 1.4316,
    "spearman": 0.5296,
    "spectral_loss": 0.0
}
                              
                              
----------------------------------------
Epoch 083 with LR 0.000100: Model Results
----------------------------------------
Train MSE Loss: 0.4249, Train CLS Loss: 0.0000, Train MCLS Loss: 0.0000
Protein Cluster Region Loss - Ortho Loss: 0.0000, Cluster Loss: 0.0000
                              
Validation Results: {
    "ci": 0.6848,
    "classification_loss": 0.0,
    "cluster_loss": 0.0,
    "mae": 1.1646,
    "mse": 2.7059,
    "multiclassification_loss": 0.0,
    "ortho_loss": 0.0,
    "pearson": 0.4838,
    "regression_loss": 2.7057,
    "rm2": 0.2036,
    "rmse": 1.645,
    "sd": 1.5175,
    "spearman": 0.5105,
    "spectral_loss": 0.0
}
                              
Test Results: {
    "ci": 0.6916,
    "classification_loss": 0.0,
    "cluster_loss": 0.0,
    "mae": 1.1065,
    "mse": 2.1862,
    "multiclassification_loss": 0.0,
    "ortho_loss": 0.0,
    "pearson": 0.565,
    "regression_loss": 2.1809,
    "rm2": 0.2781,
    "rmse": 1.4786,
    "sd": 1.4316,
    "spearman": 0.5296,
    "spectral_loss": 0.0
}
                              
                              
----------------------------------------
Epoch 084 with LR 0.000100: Model Results
----------------------------------------
Train MSE Loss: 0.4068, Train CLS Loss: 0.0000, Train MCLS Loss: 0.0000
Protein Cluster Region Loss - Ortho Loss: 0.0000, Cluster Loss: 0.0000
                              
Validation Results: {
    "ci": 0.6779,
    "classification_loss": 0.0,
    "cluster_loss": 0.0,
    "mae": 1.225,
    "mse": 2.9099,
    "multiclassification_loss": 0.0,
    "ortho_loss": 0.0,
    "pearson": 0.4702,
    "regression_loss": 2.9104,
    "rm2": 0.1913,
    "rmse": 1.7058,
    "sd": 1.5303,
    "spearman": 0.4952,
    "spectral_loss": 0.0
}
                              
Test Results: {
    "ci": 0.6916,
    "classification_loss": 0.0,
    "cluster_loss": 0.0,
    "mae": 1.1065,
    "mse": 2.1862,
    "multiclassification_loss": 0.0,
    "ortho_loss": 0.0,
    "pearson": 0.565,
    "regression_loss": 2.1809,
    "rm2": 0.2781,
    "rmse": 1.4786,
    "sd": 1.4316,
    "spearman": 0.5296,
    "spectral_loss": 0.0
}
                              
                              
----------------------------------------
Epoch 085 with LR 0.000100: Model Results
----------------------------------------
Train MSE Loss: 0.3990, Train CLS Loss: 0.0000, Train MCLS Loss: 0.0000
Protein Cluster Region Loss - Ortho Loss: 0.0000, Cluster Loss: 0.0000
                              
Validation Results: {
    "ci": 0.6895,
    "classification_loss": 0.0,
    "cluster_loss": 0.0,
    "mae": 1.1742,
    "mse": 2.6859,
    "multiclassification_loss": 0.0,
    "ortho_loss": 0.0,
    "pearson": 0.4967,
    "regression_loss": 2.6858,
    "rm2": 0.2187,
    "rmse": 1.6389,
    "sd": 1.505,
    "spearman": 0.5252,
    "spectral_loss": 0.0
}
                              
Test Results: {
    "ci": 0.6916,
    "classification_loss": 0.0,
    "cluster_loss": 0.0,
    "mae": 1.1065,
    "mse": 2.1862,
    "multiclassification_loss": 0.0,
    "ortho_loss": 0.0,
    "pearson": 0.565,
    "regression_loss": 2.1809,
    "rm2": 0.2781,
    "rmse": 1.4786,
    "sd": 1.4316,
    "spearman": 0.5296,
    "spectral_loss": 0.0
}
                              
                              
----------------------------------------
Epoch 086 with LR 0.000100: Model Results
----------------------------------------
Train MSE Loss: 0.3855, Train CLS Loss: 0.0000, Train MCLS Loss: 0.0000
Protein Cluster Region Loss - Ortho Loss: 0.0000, Cluster Loss: 0.0000
                              
Validation Results: {
    "ci": 0.6892,
    "classification_loss": 0.0,
    "cluster_loss": 0.0,
    "mae": 1.1629,
    "mse": 2.6491,
    "multiclassification_loss": 0.0,
    "ortho_loss": 0.0,
    "pearson": 0.4972,
    "regression_loss": 2.6493,
    "rm2": 0.217,
    "rmse": 1.6276,
    "sd": 1.5045,
    "spearman": 0.5252,
    "spectral_loss": 0.0
}
                              
Test Results: {
    "ci": 0.6916,
    "classification_loss": 0.0,
    "cluster_loss": 0.0,
    "mae": 1.1065,
    "mse": 2.1862,
    "multiclassification_loss": 0.0,
    "ortho_loss": 0.0,
    "pearson": 0.565,
    "regression_loss": 2.1809,
    "rm2": 0.2781,
    "rmse": 1.4786,
    "sd": 1.4316,
    "spearman": 0.5296,
    "spectral_loss": 0.0
}
                              
                              
----------------------------------------
Epoch 087 with LR 0.000100: Model Results
----------------------------------------
Train MSE Loss: 0.3928, Train CLS Loss: 0.0000, Train MCLS Loss: 0.0000
Protein Cluster Region Loss - Ortho Loss: 0.0000, Cluster Loss: 0.0000
                              
Validation Results: {
    "ci": 0.6915,
    "classification_loss": 0.0,
    "cluster_loss": 0.0,
    "mae": 1.1832,
    "mse": 2.7325,
    "multiclassification_loss": 0.0,
    "ortho_loss": 0.0,
    "pearson": 0.5054,
    "regression_loss": 2.7326,
    "rm2": 0.2308,
    "rmse": 1.653,
    "sd": 1.4962,
    "spearman": 0.5294,
    "spectral_loss": 0.0
}
                              
Test Results: {
    "ci": 0.6916,
    "classification_loss": 0.0,
    "cluster_loss": 0.0,
    "mae": 1.1065,
    "mse": 2.1862,
    "multiclassification_loss": 0.0,
    "ortho_loss": 0.0,
    "pearson": 0.565,
    "regression_loss": 2.1809,
    "rm2": 0.2781,
    "rmse": 1.4786,
    "sd": 1.4316,
    "spearman": 0.5296,
    "spectral_loss": 0.0
}
                              
                              
----------------------------------------
Epoch 088 with LR 0.000100: Model Results
----------------------------------------
Train MSE Loss: 0.3843, Train CLS Loss: 0.0000, Train MCLS Loss: 0.0000
Protein Cluster Region Loss - Ortho Loss: 0.0000, Cluster Loss: 0.0000
                              
Validation Results: {
    "ci": 0.6911,
    "classification_loss": 0.0,
    "cluster_loss": 0.0,
    "mae": 1.1762,
    "mse": 2.7297,
    "multiclassification_loss": 0.0,
    "ortho_loss": 0.0,
    "pearson": 0.5044,
    "regression_loss": 2.7297,
    "rm2": 0.2114,
    "rmse": 1.6522,
    "sd": 1.4973,
    "spearman": 0.5292,
    "spectral_loss": 0.0
}
                              
Test Results: {
    "ci": 0.6916,
    "classification_loss": 0.0,
    "cluster_loss": 0.0,
    "mae": 1.1065,
    "mse": 2.1862,
    "multiclassification_loss": 0.0,
    "ortho_loss": 0.0,
    "pearson": 0.565,
    "regression_loss": 2.1809,
    "rm2": 0.2781,
    "rmse": 1.4786,
    "sd": 1.4316,
    "spearman": 0.5296,
    "spectral_loss": 0.0
}
                              
                              
----------------------------------------
Epoch 089 with LR 0.000100: Model Results
----------------------------------------
Train MSE Loss: 0.3798, Train CLS Loss: 0.0000, Train MCLS Loss: 0.0000
Protein Cluster Region Loss - Ortho Loss: 0.0000, Cluster Loss: 0.0000
                              
Validation Results: {
    "ci": 0.6901,
    "classification_loss": 0.0,
    "cluster_loss": 0.0,
    "mae": 1.1673,
    "mse": 2.6917,
    "multiclassification_loss": 0.0,
    "ortho_loss": 0.0,
    "pearson": 0.4941,
    "regression_loss": 2.6919,
    "rm2": 0.2085,
    "rmse": 1.6406,
    "sd": 1.5076,
    "spearman": 0.5251,
    "spectral_loss": 0.0
}
                              
Test Results: {
    "ci": 0.6916,
    "classification_loss": 0.0,
    "cluster_loss": 0.0,
    "mae": 1.1065,
    "mse": 2.1862,
    "multiclassification_loss": 0.0,
    "ortho_loss": 0.0,
    "pearson": 0.565,
    "regression_loss": 2.1809,
    "rm2": 0.2781,
    "rmse": 1.4786,
    "sd": 1.4316,
    "spearman": 0.5296,
    "spectral_loss": 0.0
}
                              
                              
----------------------------------------
Epoch 090 with LR 0.000100: Model Results
----------------------------------------
Train MSE Loss: 0.3620, Train CLS Loss: 0.0000, Train MCLS Loss: 0.0000
Protein Cluster Region Loss - Ortho Loss: 0.0000, Cluster Loss: 0.0000
                              
Validation Results: {
    "ci": 0.6822,
    "classification_loss": 0.0,
    "cluster_loss": 0.0,
    "mae": 1.2429,
    "mse": 3.0167,
    "multiclassification_loss": 0.0,
    "ortho_loss": 0.0,
    "pearson": 0.4812,
    "regression_loss": 3.0174,
    "rm2": 0.1895,
    "rmse": 1.7369,
    "sd": 1.52,
    "spearman": 0.5067,
    "spectral_loss": 0.0
}
                              
Test Results: {
    "ci": 0.6916,
    "classification_loss": 0.0,
    "cluster_loss": 0.0,
    "mae": 1.1065,
    "mse": 2.1862,
    "multiclassification_loss": 0.0,
    "ortho_loss": 0.0,
    "pearson": 0.565,
    "regression_loss": 2.1809,
    "rm2": 0.2781,
    "rmse": 1.4786,
    "sd": 1.4316,
    "spearman": 0.5296,
    "spectral_loss": 0.0
}
                              
                              
----------------------------------------
Epoch 091 with LR 0.000100: Model Results
----------------------------------------
Train MSE Loss: 0.3682, Train CLS Loss: 0.0000, Train MCLS Loss: 0.0000
Protein Cluster Region Loss - Ortho Loss: 0.0000, Cluster Loss: 0.0000
                              
Validation Results: {
    "ci": 0.6884,
    "classification_loss": 0.0,
    "cluster_loss": 0.0,
    "mae": 1.1611,
    "mse": 2.6142,
    "multiclassification_loss": 0.0,
    "ortho_loss": 0.0,
    "pearson": 0.4979,
    "regression_loss": 2.6141,
    "rm2": 0.2159,
    "rmse": 1.6168,
    "sd": 1.5038,
    "spearman": 0.5205,
    "spectral_loss": 0.0
}
                              
Test Results: {
    "ci": 0.6916,
    "classification_loss": 0.0,
    "cluster_loss": 0.0,
    "mae": 1.1065,
    "mse": 2.1862,
    "multiclassification_loss": 0.0,
    "ortho_loss": 0.0,
    "pearson": 0.565,
    "regression_loss": 2.1809,
    "rm2": 0.2781,
    "rmse": 1.4786,
    "sd": 1.4316,
    "spearman": 0.5296,
    "spectral_loss": 0.0
}
                              
                              
----------------------------------------
Epoch 092 with LR 0.000100: Model Results
----------------------------------------
Train MSE Loss: 0.3499, Train CLS Loss: 0.0000, Train MCLS Loss: 0.0000
Protein Cluster Region Loss - Ortho Loss: 0.0000, Cluster Loss: 0.0000
                              
Validation Results: {
    "ci": 0.6872,
    "classification_loss": 0.0,
    "cluster_loss": 0.0,
    "mae": 1.1889,
    "mse": 2.8244,
    "multiclassification_loss": 0.0,
    "ortho_loss": 0.0,
    "pearson": 0.4865,
    "regression_loss": 2.8249,
    "rm2": 0.206,
    "rmse": 1.6806,
    "sd": 1.5149,
    "spearman": 0.5168,
    "spectral_loss": 0.0
}
                              
Test Results: {
    "ci": 0.6916,
    "classification_loss": 0.0,
    "cluster_loss": 0.0,
    "mae": 1.1065,
    "mse": 2.1862,
    "multiclassification_loss": 0.0,
    "ortho_loss": 0.0,
    "pearson": 0.565,
    "regression_loss": 2.1809,
    "rm2": 0.2781,
    "rmse": 1.4786,
    "sd": 1.4316,
    "spearman": 0.5296,
    "spectral_loss": 0.0
}
                              
                              
----------------------------------------
Epoch 093 with LR 0.000100: Model Results
----------------------------------------
Train MSE Loss: 0.3474, Train CLS Loss: 0.0000, Train MCLS Loss: 0.0000
Protein Cluster Region Loss - Ortho Loss: 0.0000, Cluster Loss: 0.0000
                              
Validation Results: {
    "ci": 0.6975,
    "classification_loss": 0.0,
    "cluster_loss": 0.0,
    "mae": 1.1433,
    "mse": 2.5517,
    "multiclassification_loss": 0.0,
    "ortho_loss": 0.0,
    "pearson": 0.5211,
    "regression_loss": 2.5512,
    "rm2": 0.2382,
    "rmse": 1.5974,
    "sd": 1.4799,
    "spearman": 0.5447,
    "spectral_loss": 0.0
}
                              
Test Results: {
    "ci": 0.6916,
    "classification_loss": 0.0,
    "cluster_loss": 0.0,
    "mae": 1.1065,
    "mse": 2.1862,
    "multiclassification_loss": 0.0,
    "ortho_loss": 0.0,
    "pearson": 0.565,
    "regression_loss": 2.1809,
    "rm2": 0.2781,
    "rmse": 1.4786,
    "sd": 1.4316,
    "spearman": 0.5296,
    "spectral_loss": 0.0
}
                              
                              
----------------------------------------
Epoch 094 with LR 0.000100: Model Results
----------------------------------------
Train MSE Loss: 0.3484, Train CLS Loss: 0.0000, Train MCLS Loss: 0.0000
Protein Cluster Region Loss - Ortho Loss: 0.0000, Cluster Loss: 0.0000
                              
Validation Results: {
    "ci": 0.6831,
    "classification_loss": 0.0,
    "cluster_loss": 0.0,
    "mae": 1.2219,
    "mse": 2.8939,
    "multiclassification_loss": 0.0,
    "ortho_loss": 0.0,
    "pearson": 0.4795,
    "regression_loss": 2.8932,
    "rm2": 0.199,
    "rmse": 1.7011,
    "sd": 1.5216,
    "spearman": 0.51,
    "spectral_loss": 0.0
}
                              
Test Results: {
    "ci": 0.6916,
    "classification_loss": 0.0,
    "cluster_loss": 0.0,
    "mae": 1.1065,
    "mse": 2.1862,
    "multiclassification_loss": 0.0,
    "ortho_loss": 0.0,
    "pearson": 0.565,
    "regression_loss": 2.1809,
    "rm2": 0.2781,
    "rmse": 1.4786,
    "sd": 1.4316,
    "spearman": 0.5296,
    "spectral_loss": 0.0
}
                              
                              
----------------------------------------
Epoch 095 with LR 0.000100: Model Results
----------------------------------------
Train MSE Loss: 0.3335, Train CLS Loss: 0.0000, Train MCLS Loss: 0.0000
Protein Cluster Region Loss - Ortho Loss: 0.0000, Cluster Loss: 0.0000
                              
Validation Results: {
    "ci": 0.6882,
    "classification_loss": 0.0,
    "cluster_loss": 0.0,
    "mae": 1.194,
    "mse": 2.7737,
    "multiclassification_loss": 0.0,
    "ortho_loss": 0.0,
    "pearson": 0.4951,
    "regression_loss": 2.7737,
    "rm2": 0.2115,
    "rmse": 1.6655,
    "sd": 1.5066,
    "spearman": 0.5234,
    "spectral_loss": 0.0
}
                              
Test Results: {
    "ci": 0.6916,
    "classification_loss": 0.0,
    "cluster_loss": 0.0,
    "mae": 1.1065,
    "mse": 2.1862,
    "multiclassification_loss": 0.0,
    "ortho_loss": 0.0,
    "pearson": 0.565,
    "regression_loss": 2.1809,
    "rm2": 0.2781,
    "rmse": 1.4786,
    "sd": 1.4316,
    "spearman": 0.5296,
    "spectral_loss": 0.0
}
                              
                              
----------------------------------------
Epoch 096 with LR 0.000100: Model Results
----------------------------------------
Train MSE Loss: 0.3253, Train CLS Loss: 0.0000, Train MCLS Loss: 0.0000
Protein Cluster Region Loss - Ortho Loss: 0.0000, Cluster Loss: 0.0000
                              
Validation Results: {
    "ci": 0.6881,
    "classification_loss": 0.0,
    "cluster_loss": 0.0,
    "mae": 1.1795,
    "mse": 2.7597,
    "multiclassification_loss": 0.0,
    "ortho_loss": 0.0,
    "pearson": 0.4925,
    "regression_loss": 2.7589,
    "rm2": 0.2073,
    "rmse": 1.6612,
    "sd": 1.5091,
    "spearman": 0.5175,
    "spectral_loss": 0.0
}
                              
Test Results: {
    "ci": 0.6916,
    "classification_loss": 0.0,
    "cluster_loss": 0.0,
    "mae": 1.1065,
    "mse": 2.1862,
    "multiclassification_loss": 0.0,
    "ortho_loss": 0.0,
    "pearson": 0.565,
    "regression_loss": 2.1809,
    "rm2": 0.2781,
    "rmse": 1.4786,
    "sd": 1.4316,
    "spearman": 0.5296,
    "spectral_loss": 0.0
}
                              
                              
----------------------------------------
Epoch 097 with LR 0.000100: Model Results
----------------------------------------
Train MSE Loss: 0.3274, Train CLS Loss: 0.0000, Train MCLS Loss: 0.0000
Protein Cluster Region Loss - Ortho Loss: 0.0000, Cluster Loss: 0.0000
                              
Validation Results: {
    "ci": 0.6902,
    "classification_loss": 0.0,
    "cluster_loss": 0.0,
    "mae": 1.1859,
    "mse": 2.7746,
    "multiclassification_loss": 0.0,
    "ortho_loss": 0.0,
    "pearson": 0.4999,
    "regression_loss": 2.7735,
    "rm2": 0.2103,
    "rmse": 1.6657,
    "sd": 1.5018,
    "spearman": 0.5253,
    "spectral_loss": 0.0
}
                              
Test Results: {
    "ci": 0.6916,
    "classification_loss": 0.0,
    "cluster_loss": 0.0,
    "mae": 1.1065,
    "mse": 2.1862,
    "multiclassification_loss": 0.0,
    "ortho_loss": 0.0,
    "pearson": 0.565,
    "regression_loss": 2.1809,
    "rm2": 0.2781,
    "rmse": 1.4786,
    "sd": 1.4316,
    "spearman": 0.5296,
    "spectral_loss": 0.0
}
                              
                              
----------------------------------------
Epoch 098 with LR 0.000100: Model Results
----------------------------------------
Train MSE Loss: 0.3338, Train CLS Loss: 0.0000, Train MCLS Loss: 0.0000
Protein Cluster Region Loss - Ortho Loss: 0.0000, Cluster Loss: 0.0000
                              
Validation Results: {
    "ci": 0.6842,
    "classification_loss": 0.0,
    "cluster_loss": 0.0,
    "mae": 1.175,
    "mse": 2.6587,
    "multiclassification_loss": 0.0,
    "ortho_loss": 0.0,
    "pearson": 0.4836,
    "regression_loss": 2.6579,
    "rm2": 0.2059,
    "rmse": 1.6306,
    "sd": 1.5177,
    "spearman": 0.5139,
    "spectral_loss": 0.0
}
                              
Test Results: {
    "ci": 0.6916,
    "classification_loss": 0.0,
    "cluster_loss": 0.0,
    "mae": 1.1065,
    "mse": 2.1862,
    "multiclassification_loss": 0.0,
    "ortho_loss": 0.0,
    "pearson": 0.565,
    "regression_loss": 2.1809,
    "rm2": 0.2781,
    "rmse": 1.4786,
    "sd": 1.4316,
    "spearman": 0.5296,
    "spectral_loss": 0.0
}
                              
                              
----------------------------------------
Epoch 099 with LR 0.000100: Model Results
----------------------------------------
Train MSE Loss: 0.3083, Train CLS Loss: 0.0000, Train MCLS Loss: 0.0000
Protein Cluster Region Loss - Ortho Loss: 0.0000, Cluster Loss: 0.0000
                              
Validation Results: {
    "ci": 0.6886,
    "classification_loss": 0.0,
    "cluster_loss": 0.0,
    "mae": 1.1855,
    "mse": 2.7206,
    "multiclassification_loss": 0.0,
    "ortho_loss": 0.0,
    "pearson": 0.5035,
    "regression_loss": 2.7204,
    "rm2": 0.2137,
    "rmse": 1.6494,
    "sd": 1.4982,
    "spearman": 0.5222,
    "spectral_loss": 0.0
}
                              
Test Results: {
    "ci": 0.6916,
    "classification_loss": 0.0,
    "cluster_loss": 0.0,
    "mae": 1.1065,
    "mse": 2.1862,
    "multiclassification_loss": 0.0,
    "ortho_loss": 0.0,
    "pearson": 0.565,
    "regression_loss": 2.1809,
    "rm2": 0.2781,
    "rmse": 1.4786,
    "sd": 1.4316,
    "spearman": 0.5296,
    "spectral_loss": 0.0
}
                              
                              
----------------------------------------
Epoch 100 with LR 0.000100: Model Results
----------------------------------------
Train MSE Loss: 0.3146, Train CLS Loss: 0.0000, Train MCLS Loss: 0.0000
Protein Cluster Region Loss - Ortho Loss: 0.0000, Cluster Loss: 0.0000
                              
Validation Results: {
    "ci": 0.6888,
    "classification_loss": 0.0,
    "cluster_loss": 0.0,
    "mae": 1.1673,
    "mse": 2.657,
    "multiclassification_loss": 0.0,
    "ortho_loss": 0.0,
    "pearson": 0.5031,
    "regression_loss": 2.6571,
    "rm2": 0.2149,
    "rmse": 1.63,
    "sd": 1.4986,
    "spearman": 0.5242,
    "spectral_loss": 0.0
}
                              
Test Results: {
    "ci": 0.6916,
    "classification_loss": 0.0,
    "cluster_loss": 0.0,
    "mae": 1.1065,
    "mse": 2.1862,
    "multiclassification_loss": 0.0,
    "ortho_loss": 0.0,
    "pearson": 0.565,
    "regression_loss": 2.1809,
    "rm2": 0.2781,
    "rmse": 1.4786,
    "sd": 1.4316,
    "spearman": 0.5296,
    "spectral_loss": 0.0
}
[best epoch] epoch=37, best_rmse=1.5693, lr_at_best=1.000e-04
                              
                              
----------------------------------------
Epoch 100 with LR 0.000100: Model Results
----------------------------------------
Train MSE Loss: 0.3146, Train CLS Loss: 0.0000, Train MCLS Loss: 0.0000
Protein Cluster Region Loss - Ortho Loss: 0.0000, Cluster Loss: 0.0000
                              
Validation Results: {
    "ci": 0.6888,
    "classification_loss": 0.0,
    "cluster_loss": 0.0,
    "mae": 1.1673,
    "mse": 2.657,
    "multiclassification_loss": 0.0,
    "ortho_loss": 0.0,
    "pearson": 0.5031,
    "regression_loss": 2.6571,
    "rm2": 0.2149,
    "rmse": 1.63,
    "sd": 1.4986,
    "spearman": 0.5242,
    "spectral_loss": 0.0
}
                              
Test Results: {
    "ci": 0.6916,
    "classification_loss": 0.0,
    "cluster_loss": 0.0,
    "mae": 1.1065,
    "mse": 2.1862,
    "multiclassification_loss": 0.0,
    "ortho_loss": 0.0,
    "pearson": 0.565,
    "regression_loss": 2.1809,
    "rm2": 0.2781,
    "rmse": 1.4786,
    "sd": 1.4316,
    "spearman": 0.5296,
    "spectral_loss": 0.0
}
Final test metrics: rmse=1.4786, pearson=0.5650, r2_proxy(mse)=2.1862
Done. Predictions: /sc/arion/projects/DiseaseGeneCell/Huang_lab_project/wangcDrugRepoProject/TRACE_Kin_Results_v3_chembert/EITLEM_dataset/EITLEM_kkm_ProteinCLIP_embedding_cold_protein/test_prediction_seed1.csv; checkpoint: /sc/arion/projects/DiseaseGeneCell/Huang_lab_project/wangcDrugRepoProject/TRACE_Kin_Results_v3_chembert/EITLEM_dataset/EITLEM_kkm_ProteinCLIP_embedding_cold_protein/save_model_seed1/model.pt

==========================================
Array task 9/10: OK (EITLEM_kkm_ProteinCLIP_embedding_cold_protein)
==========================================


PS:

Read file <242885725.9.stderr> for stderr output of this job.

