rank,dataset_name,k_type,split_mode,Model,Dataset,embedding_type,folder,RMSE,MAE,MSE,R2,Pearson,Median_AE,Explained_Variance
1,MPEK,km,random,XGBoost,Test,ESMv1,MPEK_km_ESMv1_embedding_random,0.766166019,0.556368911,0.587010369,0.650934369,0.806864515,0.402047104,0.650934834
2,MPEK,km,random,Random Forest,Validation,ESMv1,MPEK_km_ESMv1_embedding_random,0.766265512,0.544868664,0.587162835,0.654528352,0.809487887,0.375576063,0.654641839
3,MPEK,km,random,Random Forest,Validation,ESM2,MPEK_km_ESM2_embedding_random,0.766605608,0.546080398,0.587684158,0.654221619,0.809420166,0.384190773,0.654311007
1,EITLEM,km,random,Random Forest,Test,ProteinCLIP,EITLEM_km_ProteinCLIP_embedding_random,0.768014655,0.554847131,0.58984651,0.653855401,0.809246169,0.399325332,0.653930841
4,MPEK,km,random,XGBoost,Test,ESM2,MPEK_km_ESM2_embedding_random,0.768156962,0.561566431,0.590065118,0.649117863,0.805876622,0.410692486,0.649127581
5,MPEK,km,random,Random Forest,Test,ESMv1,MPEK_km_ESMv1_embedding_random,0.768594622,0.54142381,0.590737693,0.648717916,0.805621854,0.373202898,0.648721012
2,EITLEM,km,random,Random Forest,Test,ESMv1,EITLEM_km_ESMv1_embedding_random,0.769015358,0.556957455,0.591384622,0.652952777,0.80956233,0.405515765,0.653049034
6,MPEK,km,random,Random Forest,Test,ESM2,MPEK_km_ESM2_embedding_random,0.76952169,0.544337859,0.592163631,0.647869982,0.805208957,0.373200089,0.647875804
3,EITLEM,km,random,Random Forest,Validation,ProteinCLIP,EITLEM_km_ProteinCLIP_embedding_random,0.770497272,0.546070717,0.593666045,0.639402575,0.8001072,0.386544726,0.639404216
4,EITLEM,km,random,Random Forest,Test,ESM2,EITLEM_km_ESM2_embedding_random,0.770598837,0.559332154,0.593822567,0.651522097,0.808707384,0.405175391,0.651564502
5,EITLEM,km,random,Random Forest,Validation,ESMv1,EITLEM_km_ESMv1_embedding_random,0.77092906,0.549124685,0.594331616,0.638998303,0.800340947,0.395355577,0.639009486
7,MPEK,km,random,Random Forest,Test,ProteinCLIP,MPEK_km_ProteinCLIP_embedding_random,0.773701646,0.546205294,0.598614237,0.644034131,0.802529998,0.379608558,0.644043086
8,MPEK,km,random,Diffusion,Validation,MUTAPLM,MPEK_km_MUTAPLM_embedding_random,0.774232677,0.551923547,0.599436238,0.647306997,0.806947438,0.377493568,0.648582212
9,MPEK,km,random,Random Forest,Validation,ProteinCLIP,MPEK_km_ProteinCLIP_embedding_random,0.774620579,0.546002163,0.600037041,0.646953497,0.804569262,0.379366076,0.647099639
6,EITLEM,km,random,Random Forest,Validation,ESM2,EITLEM_km_ESM2_embedding_random,0.774834354,0.55055601,0.600368276,0.635331588,0.798264757,0.394156333,0.635352529
10,MPEK,km,random,XGBoost,Validation,ESMv1,MPEK_km_ESMv1_embedding_random,0.777142767,0.562457038,0.60395088,0.644650694,0.80309165,0.401949444,0.644874869
11,MPEK,km,random,Random Forest,Validation,MUTAPLM,MPEK_km_MUTAPLM_embedding_random,0.781670284,0.562815518,0.611008433,0.64049821,0.801503939,0.396266916,0.640526759
12,MPEK,km,random,PSICHIC,Test,ESMv1,MPEK_km_ESMv1_embedding_random,0.7824,0.5591,0.6122,,0.8004,,
7,EITLEM,km,random,XGBoost,Validation,ESMv1,EITLEM_km_ESMv1_embedding_random,0.783318759,0.569584111,0.613588278,0.627301654,0.792532957,0.420188747,0.627315667
13,MPEK,km,random,XGBoost,Test,ProteinCLIP,MPEK_km_ProteinCLIP_embedding_random,0.784618732,0.578405267,0.615626555,0.633917758,0.796269488,0.426225036,0.633958112
8,EITLEM,km,random,Diffusion,Validation,MUTAPLM,EITLEM_km_MUTAPLM_embedding_random,0.785025977,0.557178906,0.616265784,0.625675319,0.796948278,0.39464283,0.626024715
9,EITLEM,km,random,PSICHIC,Test,ESM2,EITLEM_km_ESM2_embedding_random,0.7856,0.5585,0.6171,,0.8043,,
10,EITLEM,km,random,PSICHIC,Validation,ESM2,EITLEM_km_ESM2_embedding_random,0.7864,0.5464,0.6185,,0.7966,,
14,MPEK,km,random,Diffusion,Test,MUTAPLM,MPEK_km_MUTAPLM_embedding_random,0.786941241,0.554834105,0.619276517,0.631747311,0.799929652,0.389026165,0.632833522
11,EITLEM,km,random,Diffusion,Test,ESMv1,EITLEM_km_ESMv1_embedding_random,0.787782162,0.576135177,0.620600735,0.635807641,0.801277223,0.424344957,0.636430109
12,EITLEM,km,random,Diffusion,Test,MUTAPLM,EITLEM_km_MUTAPLM_embedding_random,0.788080381,0.568979375,0.621070686,0.635531856,0.801967572,0.410548903,0.635934872
15,MPEK,km,random,XGBoost,Validation,ProteinCLIP,MPEK_km_ProteinCLIP_embedding_random,0.789334604,0.576949146,0.623049117,0.633413778,0.795989433,0.425003041,0.633519585
16,MPEK,km,random,PSICHIC,Test,ProteinCLIP,MPEK_km_ProteinCLIP_embedding_random,0.7896,0.5636,0.6235,,0.7972,,
13,EITLEM,km,random,XGBoost,Test,ProteinCLIP,EITLEM_km_ProteinCLIP_embedding_random,0.79027827,0.591681417,0.624539745,0.633496077,0.795934816,0.457638524,0.633508082
17,MPEK,km,random,XGBoost,Validation,ESM2,MPEK_km_ESM2_embedding_random,0.791704402,0.574438145,0.626795861,0.63120929,0.794976449,0.422899523,0.631356901
18,MPEK,km,random,Random Forest,Test,MUTAPLM,MPEK_km_MUTAPLM_embedding_random,0.792001969,0.564224254,0.627267118,0.626995698,0.792253776,0.391804414,0.627017054
14,EITLEM,km,random,XGBoost,Test,ESMv1,EITLEM_km_ESMv1_embedding_random,0.792895071,0.585950277,0.628682593,0.631064895,0.794834822,0.445984647,0.631079878
15,EITLEM,km,random,XGBoost,Validation,ESM2,EITLEM_km_ESM2_embedding_random,0.794213215,0.579090906,0.630774631,0.616862529,0.785825947,0.427509558,0.616883337
19,MPEK,km,random,XGBoost,Test,MUTAPLM,MPEK_km_MUTAPLM_embedding_random,0.794233391,0.579278647,0.630806679,0.624890899,0.791004909,0.423168373,0.624895408
16,EITLEM,km,random,Diffusion,Validation,ESMv1,EITLEM_km_ESMv1_embedding_random,0.794581014,0.569965958,0.631358989,0.616507588,0.788780962,0.43542565,0.617023936
17,EITLEM,km,random,PSICHIC,Validation,ProteinCLIP,EITLEM_km_ProteinCLIP_embedding_random,0.7951,0.5549,0.6322,,0.7956,,
18,EITLEM,km,random,PSICHIC,Test,ESMv1,EITLEM_km_ESMv1_embedding_random,0.7955,0.5654,0.6328,,0.7983,,
20,MPEK,km,random,XGBoost,Validation,MUTAPLM,MPEK_km_MUTAPLM_embedding_random,0.797780126,0.588185616,0.636453129,0.625527199,0.79123103,0.441935446,0.625565581
21,MPEK,km,random,PSICHIC,Test,ESM2,MPEK_km_ESM2_embedding_random,0.7991,0.5695,0.6386,,0.7922,,
19,EITLEM,km,random,XGBoost,Test,ESM2,EITLEM_km_ESM2_embedding_random,0.799178718,0.586423572,0.638686624,0.625194145,0.791083284,0.431827325,0.625232862
20,EITLEM,km,random,XGBoost,Validation,ProteinCLIP,EITLEM_km_ProteinCLIP_embedding_random,0.799684038,0.590851102,0.639494561,0.611565974,0.782041331,0.447810128,0.611568448
21,EITLEM,km,random,Random Forest,Validation,MUTAPLM,EITLEM_km_MUTAPLM_embedding_random,0.801995897,0.578465918,0.643197419,0.60931683,0.782917514,0.419127514,0.609328717
22,EITLEM,km,random,Diffusion,Validation,ESM2,EITLEM_km_ESM2_embedding_random,0.803849768,0.57718646,0.646174449,0.607508561,0.783386561,0.428284109,0.609942223
23,EITLEM,km,random,MLP,Validation,ESMv1,EITLEM_km_ESMv1_embedding_random,0.804012521,0.574780694,0.646436134,0.607349609,0.790321867,0.42180263,0.607549243
24,EITLEM,km,random,PSICHIC,Test,ProteinCLIP,EITLEM_km_ProteinCLIP_embedding_random,0.8041,0.5712,0.6466,,0.7941,,
22,MPEK,km,random,PSICHIC,Validation,ESMv1,MPEK_km_ESMv1_embedding_random,0.8065,0.5642,0.6505,,0.7999,,
25,EITLEM,km,random,PSICHIC,Validation,ESMv1,EITLEM_km_ESMv1_embedding_random,0.8069,0.5553,0.6511,,0.7922,,
23,MPEK,km,random,PSICHIC,Validation,MUTAPLM,MPEK_km_MUTAPLM_embedding_random,0.8069,0.5627,0.6511,,0.7955,,
24,MPEK,km,random,PSICHIC,Validation,ProteinCLIP,MPEK_km_ProteinCLIP_embedding_random,0.8083,0.558,0.6534,,0.796,,
26,EITLEM,km,random,PSICHIC,Validation,MUTAPLM,EITLEM_km_MUTAPLM_embedding_random,0.8084,0.5569,0.6536,,0.7894,,
27,EITLEM,km,random,Random Forest,Test,MUTAPLM,EITLEM_km_MUTAPLM_embedding_random,0.808761838,0.590053747,0.654095711,0.6161515,0.787874044,0.424185644,0.616160372
25,MPEK,km,random,MLP,Test,ESMv1,MPEK_km_ESMv1_embedding_random,0.80911532,0.585360539,0.6546676,0.610702006,0.788556788,0.424530191,0.611275259
26,MPEK,km,random,Diffusion,Test,ESMv1,MPEK_km_ESMv1_embedding_random,0.810062475,0.589525733,0.656201214,0.609790045,0.786013368,0.433774769,0.609790044
27,MPEK,km,random,PSICHIC,Validation,ESM2,MPEK_km_ESM2_embedding_random,0.8106,0.5691,0.6571,,0.7956,,
28,EITLEM,km,random,XGBoost,Validation,MUTAPLM,EITLEM_km_MUTAPLM_embedding_random,0.81142599,0.594554939,0.658412138,0.60007529,0.775065876,0.441408829,0.600116742
28,MPEK,km,random,Diffusion,Validation,ESMv1,MPEK_km_ESMv1_embedding_random,0.811551297,0.584611385,0.658615508,0.612487422,0.787774979,0.419116616,0.61265832
29,MPEK,km,random,PSICHIC,Test,MUTAPLM,MPEK_km_MUTAPLM_embedding_random,0.8145,0.5816,0.6634,,0.7862,,
29,EITLEM,km,random,PSICHIC,Test,MUTAPLM,EITLEM_km_MUTAPLM_embedding_random,0.8148,0.586,0.664,,0.7858,,
30,EITLEM,km,random,Diffusion,Test,ESM2,EITLEM_km_ESM2_embedding_random,0.815063259,0.606157056,0.664328116,0.610146734,0.785900645,0.452524409,0.611298949
30,MPEK,km,random,Diffusion,Test,ESM2,MPEK_km_ESM2_embedding_random,0.818447812,0.605447017,0.669856821,0.60166974,0.780238746,0.457807794,0.604635546
31,MPEK,km,random,Diffusion,Validation,ESM2,MPEK_km_ESM2_embedding_random,0.818655449,0.598705277,0.670196745,0.605673318,0.782710684,0.450891204,0.607181816
31,EITLEM,km,random,MLP,Validation,ESM2,EITLEM_km_ESM2_embedding_random,0.820158962,0.583964035,0.672660723,0.591420587,0.780293936,0.426513337,0.594652883
32,EITLEM,km,random,XGBoost,Test,MUTAPLM,EITLEM_km_MUTAPLM_embedding_random,0.820567225,0.611463802,0.673330571,0.604863745,0.777885784,0.456715618,0.604867552
32,MPEK,km,random,MLP,Validation,ESMv1,MPEK_km_ESMv1_embedding_random,0.825229503,0.586835019,0.681003732,0.59931476,0.781972638,0.412170905,0.600393176
1,EITLEM,km,cold_protein,Random Forest,Validation,ProteinCLIP,EITLEM_km_ProteinCLIP_embedding_cold_protein,0.831160193,0.58790178,0.690827266,0.602561033,0.776669338,0.412811567,0.602634384
33,EITLEM,km,random,MLP,Test,ESMv1,EITLEM_km_ESMv1_embedding_random,0.831985604,0.597555198,0.692200045,0.593790413,0.785457354,0.424734268,0.594341785
1,MPEK,kcat,random,Random Forest,Validation,ESMv1,MPEK_kcat_ESMv1_embedding_random,0.834169263,0.578163192,0.695838359,0.705011197,0.840646115,0.382707928,0.705036379
2,MPEK,kcat,random,Random Forest,Test,ESMv1,MPEK_kcat_ESMv1_embedding_random,0.834783124,0.566042632,0.696862863,0.691496006,0.832737183,0.368652153,0.691760222
33,MPEK,km,random,MLP,Test,MUTAPLM,MPEK_km_MUTAPLM_embedding_random,0.835816734,0.599922112,0.698589612,0.584583788,0.778418175,0.425017221,0.584851289
34,MPEK,km,random,MLP,Validation,MUTAPLM,MPEK_km_MUTAPLM_embedding_random,0.83716469,0.600453521,0.700844719,0.587640829,0.779486218,0.41680895,0.588080356
3,MPEK,kcat,random,Random Forest,Validation,ESM2,MPEK_kcat_ESM2_embedding_random,0.837289886,0.578782435,0.701054354,0.702799965,0.839357946,0.392518667,0.702851472
4,MPEK,kcat,random,Random Forest,Test,ESM2,MPEK_kcat_ESM2_embedding_random,0.838046555,0.566074131,0.702322028,0.689079212,0.831218619,0.365191552,0.689483991
35,MPEK,km,random,MLP,Validation,ESM2,MPEK_km_ESM2_embedding_random,0.839659004,0.603390984,0.705027243,0.585179938,0.77645591,0.431541211,0.590888038
2,EITLEM,km,cold_protein,Random Forest,Validation,ESMv1,EITLEM_km_ESMv1_embedding_cold_protein,0.842962977,0.600901787,0.71058658,0.591193327,0.770313411,0.420571772,0.591204366
34,EITLEM,km,random,MLP,Validation,ProteinCLIP,EITLEM_km_ProteinCLIP_embedding_random,0.846078431,0.607582647,0.715848711,0.565187863,0.760452187,0.44955662,0.56612686
36,MPEK,km,random,MLP,Test,ESM2,MPEK_km_ESM2_embedding_random,0.847672237,0.610886017,0.718548222,0.572715403,0.769597975,0.431285221,0.576455029
35,EITLEM,km,random,Diffusion,Validation,ProteinCLIP,EITLEM_km_ProteinCLIP_embedding_random,0.848065104,0.626721417,0.719214421,0.563143508,0.757794661,0.47636145,0.563624803
3,EITLEM,km,cold_protein,Random Forest,Validation,ESM2,EITLEM_km_ESM2_embedding_cold_protein,0.848181656,0.600827957,0.719412122,0.586115916,0.766825159,0.414758242,0.586193307
4,EITLEM,km,cold_protein,Random Forest,Test,ProteinCLIP,EITLEM_km_ProteinCLIP_embedding_cold_protein,0.848788617,0.611415595,0.720442116,0.570677777,0.755791962,0.442394755,0.570726991
36,EITLEM,km,random,MLP,Test,ESM2,EITLEM_km_ESM2_embedding_random,0.849179563,0.610020174,0.721105931,0.576827328,0.775089382,0.427450235,0.581226822
37,EITLEM,km,random,MLP,Test,ProteinCLIP,EITLEM_km_ProteinCLIP_embedding_random,0.85278357,0.627435946,0.727239817,0.573227728,0.766987161,0.480665652,0.574261248
38,EITLEM,km,random,Diffusion,Test,ProteinCLIP,EITLEM_km_ProteinCLIP_embedding_random,0.853239508,0.636006333,0.728017657,0.572771264,0.76267676,0.48780337,0.572863139
39,EITLEM,km,random,MLP,Test,MUTAPLM,EITLEM_km_MUTAPLM_embedding_random,0.856880827,0.619228555,0.734244752,0.569116963,0.771383417,0.437722714,0.569170019
37,MPEK,km,random,Diffusion,Test,ProteinCLIP,MPEK_km_ProteinCLIP_embedding_random,0.856901758,0.630935856,0.734280623,0.563360136,0.754665714,0.484579623,0.563360189
1,catpred,km,random,Diffusion,Test,MUTAPLM,catpred_km_MUTAPLM_embedding_random,0.85793104,0.627287515,0.73604567,0.565539532,0.755778243,0.458223134,0.566016356
5,EITLEM,km,cold_protein,Random Forest,Test,ESM2,EITLEM_km_ESM2_embedding_cold_protein,0.859168469,0.622158679,0.738170458,0.560113193,0.749590506,0.462984094,0.560114914
40,EITLEM,km,random,MLP,Validation,MUTAPLM,EITLEM_km_MUTAPLM_embedding_random,0.859310028,0.61221493,0.738413724,0.551481697,0.761659603,0.434840552,0.551700336
6,EITLEM,km,cold_protein,Random Forest,Test,ESMv1,EITLEM_km_ESMv1_embedding_cold_protein,0.861648321,0.622696388,0.74243783,0.557570203,0.747764919,0.452218573,0.55757291
2,catpred,km,random,Random Forest,Validation,ProteinCLIP,catpred_km_ProteinCLIP_embedding_random,0.863166896,0.64095107,0.745057091,0.540828108,0.73760762,0.481993888,0.541617444
38,MPEK,km,random,Diffusion,Validation,ProteinCLIP,MPEK_km_ProteinCLIP_embedding_random,0.863174888,0.643164112,0.745070886,0.561619281,0.753460923,0.48544006,0.561621582
39,MPEK,km,random,MLP,Validation,ProteinCLIP,MPEK_km_ProteinCLIP_embedding_random,0.863239533,0.627936732,0.745182492,0.561553613,0.75638167,0.461609622,0.562105013
40,MPEK,km,random,MLP,Test,ProteinCLIP,MPEK_km_ProteinCLIP_embedding_random,0.864127563,0.633134256,0.746716446,0.555965173,0.754352358,0.465089317,0.556088818
3,catpred,km,random,Random Forest,Test,ESM2,catpred_km_ESM2_embedding_random,0.864458016,0.645635937,0.747287661,0.558903797,0.751886737,0.495719561,0.558905463
4,catpred,km,random,Random Forest,Test,ESMv1,catpred_km_ESMv1_embedding_random,0.86456307,0.642784222,0.747469301,0.558796582,0.751037446,0.498937233,0.558796724
1,EITLEM,kcat,random,Random Forest,Validation,ESM2,EITLEM_kcat_ESM2_embedding_random,0.865133844,0.601374316,0.748456569,0.668656212,0.820875113,0.405494702,0.668656666
5,catpred,km,random,Random Forest,Test,ProteinCLIP,catpred_km_ProteinCLIP_embedding_random,0.865334591,0.645265788,0.748803955,0.558008785,0.748963186,0.488644011,0.558014014
5,MPEK,kcat,random,Random Forest,Test,ProteinCLIP,MPEK_kcat_ProteinCLIP_embedding_random,0.866619251,0.589771568,0.751028926,0.667516472,0.81787721,0.386894788,0.667879835
41,EITLEM,km,random,SVR,Validation,MUTAPLM,EITLEM_km_MUTAPLM_embedding_random,0.868188107,0.63752275,0.753750589,0.542165964,0.737358204,0.476577271,0.542250249
7,EITLEM,km,cold_protein,Diffusion,Validation,ESM2,EITLEM_km_ESM2_embedding_cold_protein,0.868944179,0.634111891,0.755063986,0.565605089,0.754440959,0.463028923,0.56627776
6,catpred,km,random,Random Forest,Validation,ESMv1,catpred_km_ESMv1_embedding_random,0.869268709,0.646574526,0.755628088,0.534313299,0.734614092,0.496241522,0.535220815
7,catpred,km,random,PSICHIC,Test,ProteinCLIP,catpred_km_ProteinCLIP_embedding_random,0.8697,0.6435,0.7564,,0.7474,,
41,MPEK,km,random,SVR,Validation,MUTAPLM,MPEK_km_MUTAPLM_embedding_random,0.870064967,0.64004484,0.757013047,0.554592816,0.745702194,0.46510451,0.555488229
6,MPEK,kcat,random,Random Forest,Validation,ProteinCLIP,MPEK_kcat_ProteinCLIP_embedding_random,0.873798976,0.608044771,0.76352465,0.676316749,0.823197327,0.418233808,0.676358893
8,EITLEM,km,cold_protein,Diffusion,Validation,ESMv1,EITLEM_km_ESMv1_embedding_cold_protein,0.873817747,0.626210766,0.763557456,0.560718721,0.752308038,0.444145441,0.562428986
8,catpred,km,random,Random Forest,Validation,ESM2,catpred_km_ESM2_embedding_random,0.874687219,0.65136108,0.765077732,0.52848957,0.730868813,0.493931891,0.529489986
7,MPEK,kcat,random,Random Forest,Validation,MUTAPLM,MPEK_kcat_MUTAPLM_embedding_random,0.875249821,0.613963554,0.766062248,0.675240977,0.823913986,0.436486657,0.675252785
9,catpred,km,random,PSICHIC,Validation,ProteinCLIP,catpred_km_ProteinCLIP_embedding_random,0.8753,0.6347,0.7662,,0.7391,,
10,catpred,km,random,Diffusion,Test,ESMv1,catpred_km_ESMv1_embedding_random,0.875410738,0.648910642,0.76634396,0.547655574,0.746366904,0.497987747,0.547661502
8,MPEK,kcat,random,PSICHIC,Test,ESMv1,MPEK_kcat_ESMv1_embedding_random,0.8758,0.6143,0.767,,0.8136,,
1,MPEK,km,cold_protein,Random Forest,Validation,ProteinCLIP,MPEK_km_ProteinCLIP_embedding_cold_protein,0.876083654,0.63231847,0.767522569,0.525360644,0.725383434,0.451081788,0.526178005
11,catpred,km,random,Diffusion,Validation,ESMv1,catpred_km_ESMv1_embedding_random,0.876518579,0.650219858,0.768284819,0.526513073,0.731547534,0.499647141,0.52786236
9,MPEK,kcat,random,XGBoost,Test,ESM2,MPEK_kcat_ESM2_embedding_random,0.877162032,0.61446749,0.76941323,0.659377666,0.812154001,0.414479375,0.659582714
2,EITLEM,kcat,random,Random Forest,Validation,ESMv1,EITLEM_kcat_ESMv1_embedding_random,0.877212799,0.607797767,0.769502295,0.659339211,0.814850774,0.405624019,0.659341107
9,EITLEM,km,cold_protein,XGBoost,Validation,ESMv1,EITLEM_km_ESMv1_embedding_cold_protein,0.877942235,0.637888318,0.770782568,0.556562049,0.747226886,0.467767143,0.557095801
12,catpred,km,random,PSICHIC,Test,ESMv1,catpred_km_ESMv1_embedding_random,0.8786,0.6451,0.7719,,0.7439,,
10,MPEK,kcat,random,XGBoost,Test,ESMv1,MPEK_kcat_ESMv1_embedding_random,0.879007449,0.61555306,0.772654095,0.657942923,0.811933715,0.432214197,0.659229491
11,MPEK,kcat,random,Diffusion,Test,MUTAPLM,MPEK_kcat_MUTAPLM_embedding_random,0.879108406,0.602708706,0.77283159,0.657864344,0.813241157,0.388751984,0.658072332
13,catpred,km,random,PSICHIC,Test,MUTAPLM,catpred_km_MUTAPLM_embedding_random,0.8801,0.648,0.7746,,0.7387,,
14,catpred,km,random,XGBoost,Validation,ESM2,catpred_km_ESM2_embedding_random,0.880306255,0.662065373,0.774939102,0.522412097,0.723840253,0.517123307,0.523526527
42,MPEK,km,random,SVR,Test,MUTAPLM,MPEK_km_MUTAPLM_embedding_random,0.880886971,0.647418243,0.775961856,0.538574394,0.734113654,0.479175796,0.538839696
12,MPEK,kcat,random,XGBoost,Validation,ESMv1,MPEK_kcat_ESMv1_embedding_random,0.881500063,0.628186279,0.777042361,0.670586146,0.818906954,0.447431935,0.670607764
10,EITLEM,km,cold_protein,Random Forest,Validation,MUTAPLM,EITLEM_km_MUTAPLM_embedding_cold_protein,0.881694554,0.636712508,0.777385287,0.552763446,0.746949769,0.459977121,0.55291196
15,catpred,km,random,Diffusion,Validation,MUTAPLM,catpred_km_MUTAPLM_embedding_random,0.881737064,0.64272382,0.77746025,0.520858339,0.728757213,0.467906296,0.52331672
42,EITLEM,km,random,SVR,Test,MUTAPLM,EITLEM_km_MUTAPLM_embedding_random,0.88202943,0.641957377,0.777975916,0.543453835,0.738692485,0.470031013,0.543489886
16,catpred,km,random,PSICHIC,Validation,ESM2,catpred_km_ESM2_embedding_random,0.8834,0.6284,0.7805,,0.7358,,
13,MPEK,kcat,random,Diffusion,Validation,MUTAPLM,MPEK_kcat_MUTAPLM_embedding_random,0.884138982,0.603280123,0.781701739,0.668610883,0.820320464,0.393282816,0.669091807
14,MPEK,kcat,random,Random Forest,Test,MUTAPLM,MPEK_kcat_MUTAPLM_embedding_random,0.884526488,0.608009088,0.782387109,0.653634078,0.810103252,0.395634329,0.653884208
17,catpred,km,random,XGBoost,Test,ProteinCLIP,catpred_km_ProteinCLIP_embedding_random,0.885326693,0.671525407,0.783803353,0.537349938,0.733127171,0.529410641,0.537399521
3,EITLEM,kcat,random,Random Forest,Test,ESMv1,EITLEM_kcat_ESMv1_embedding_random,0.885655036,0.620682365,0.784384844,0.655551477,0.812643367,0.43043783,0.655576854
4,EITLEM,kcat,random,Random Forest,Test,ESM2,EITLEM_kcat_ESM2_embedding_random,0.88613172,0.624170084,0.785229425,0.655180594,0.812719185,0.438998893,0.655245039
18,catpred,km,random,PSICHIC,Test,ESM2,catpred_km_ESM2_embedding_random,0.8868,0.6513,0.7864,,0.7375,,
2,MPEK,km,cold_protein,Random Forest,Validation,ESMv1,MPEK_km_ESMv1_embedding_cold_protein,0.888154756,0.643912129,0.788818871,0.512190916,0.716085217,0.462829982,0.512533292
19,catpred,km,random,XGBoost,Test,ESM2,catpred_km_ESM2_embedding_random,0.888422397,0.669445988,0.789294355,0.534108803,0.731416557,0.517284122,0.534164655
3,MPEK,km,cold_protein,Random Forest,Validation,ESM2,MPEK_km_ESM2_embedding_cold_protein,0.888912618,0.643820388,0.790165642,0.511358067,0.716183251,0.458529311,0.512012946
20,catpred,km,random,PSICHIC,Validation,ESMv1,catpred_km_ESMv1_embedding_random,0.889,0.6364,0.7903,,0.7417,,
21,catpred,km,random,XGBoost,Test,ESMv1,catpred_km_ESMv1_embedding_random,0.889366545,0.668797657,0.790972852,0.533118049,0.730658554,0.521504232,0.533194622
15,MPEK,kcat,random,PSICHIC,Validation,ProteinCLIP,MPEK_kcat_ProteinCLIP_embedding_random,0.8897,0.6147,0.7916,,0.8191,,
22,catpred,km,random,XGBoost,Validation,ProteinCLIP,catpred_km_ProteinCLIP_embedding_random,0.889721581,0.670784925,0.791604491,0.51214137,0.716586918,0.524831196,0.51329762
11,EITLEM,km,cold_protein,MLP,Validation,ProteinCLIP,EITLEM_km_ProteinCLIP_embedding_cold_protein,0.89024692,0.645971169,0.792539578,0.544045051,0.746045612,0.465803297,0.544228603
23,catpred,km,random,XGBoost,Validation,ESMv1,catpred_km_ESMv1_embedding_random,0.890303035,0.670878054,0.792639493,0.511503507,0.71653867,0.530640002,0.512591098
16,MPEK,kcat,random,PSICHIC,Test,ProteinCLIP,MPEK_kcat_ProteinCLIP_embedding_random,0.8905,0.5957,0.793,,0.8073,,
12,EITLEM,km,cold_protein,XGBoost,Validation,ESM2,EITLEM_km_ESM2_embedding_cold_protein,0.892462119,0.641075868,0.796488634,0.541773124,0.738628689,0.451764608,0.542589899
4,MPEK,km,cold_protein,Random Forest,Test,ProteinCLIP,MPEK_km_ProteinCLIP_embedding_cold_protein,0.893971445,0.653574021,0.799184944,0.527637084,0.726501213,0.482477747,0.52776588
5,EITLEM,kcat,random,Random Forest,Validation,ProteinCLIP,EITLEM_kcat_ProteinCLIP_embedding_random,0.89398857,0.624589797,0.799215563,0.646185065,0.806013714,0.432282168,0.646201859
24,catpred,km,random,Random Forest,Test,MUTAPLM,catpred_km_MUTAPLM_embedding_random,0.895186683,0.676563745,0.801359197,0.526987374,0.731254606,0.5253176,0.527038541
17,MPEK,kcat,random,XGBoost,Test,MUTAPLM,MPEK_kcat_MUTAPLM_embedding_random,0.896007646,0.627330169,0.802829702,0.64458406,0.802963695,0.443835327,0.64474058
18,MPEK,kcat,random,PSICHIC,Test,MUTAPLM,MPEK_kcat_MUTAPLM_embedding_random,0.8971,0.6089,0.8048,,0.8054,,
19,MPEK,kcat,random,XGBoost,Validation,MUTAPLM,MPEK_kcat_MUTAPLM_embedding_random,0.897292306,0.640151362,0.805133482,0.658677394,0.811685296,0.447300555,0.65882829
20,MPEK,kcat,random,XGBoost,Validation,ESM2,MPEK_kcat_ESM2_embedding_random,0.897686579,0.635786557,0.805841195,0.658377372,0.811474239,0.45197942,0.658413006
13,EITLEM,km,cold_protein,XGBoost,Test,ProteinCLIP,EITLEM_km_ProteinCLIP_embedding_cold_protein,0.898747522,0.659915102,0.807747109,0.518651427,0.721200743,0.494247771,0.518923136
14,EITLEM,km,cold_protein,XGBoost,Validation,ProteinCLIP,EITLEM_km_ProteinCLIP_embedding_cold_protein,0.898974205,0.647978215,0.808154622,0.535061579,0.732354671,0.467963943,0.535249643
6,EITLEM,kcat,random,Random Forest,Test,ProteinCLIP,EITLEM_kcat_ProteinCLIP_embedding_random,0.900497565,0.636329138,0.810895864,0.643909638,0.805017627,0.451463882,0.643922193
25,catpred,km,random,XGBoost,Test,MUTAPLM,catpred_km_MUTAPLM_embedding_random,0.901592807,0.681026445,0.812869589,0.520193216,0.721622891,0.532552465,0.520248152
21,MPEK,kcat,random,XGBoost,Test,ProteinCLIP,MPEK_kcat_ProteinCLIP_embedding_random,0.902042743,0.636999191,0.81368111,0.639780098,0.800135288,0.448145829,0.640156093
5,MPEK,km,cold_protein,Random Forest,Test,ESMv1,MPEK_km_ESMv1_embedding_cold_protein,0.90273268,0.66256661,0.814926292,0.518333069,0.720730597,0.490127694,0.518339227
26,catpred,km,random,Diffusion,Test,ESM2,catpred_km_ESM2_embedding_random,0.903818918,0.673990736,0.816888636,0.517820926,0.727381289,0.516541064,0.517833256
27,catpred,km,random,Diffusion,Validation,ESM2,catpred_km_ESM2_embedding_random,0.904051856,0.671961546,0.817309757,0.496299451,0.713178608,0.518244147,0.497707491
15,EITLEM,km,cold_protein,Random Forest,Test,MUTAPLM,EITLEM_km_MUTAPLM_embedding_cold_protein,0.904116728,0.664025582,0.817427057,0.512883002,0.718234106,0.492406088,0.51294237
16,EITLEM,km,cold_protein,Diffusion,Validation,ProteinCLIP,EITLEM_km_ProteinCLIP_embedding_cold_protein,0.904314379,0.660273917,0.817784496,0.529521431,0.730333247,0.49208498,0.530521639
6,MPEK,km,cold_protein,Random Forest,Test,ESM2,MPEK_km_ESM2_embedding_cold_protein,0.904830483,0.667170674,0.818718203,0.516091838,0.71961975,0.497041905,0.516116582
28,catpred,km,random,Random Forest,Validation,MUTAPLM,catpred_km_MUTAPLM_embedding_random,0.906179589,0.679235105,0.821161447,0.493925687,0.707129723,0.520779139,0.494976592
29,catpred,km,random,PSICHIC,Validation,MUTAPLM,catpred_km_MUTAPLM_embedding_random,0.9063,0.6465,0.8214,,0.7219,,
17,EITLEM,km,cold_protein,MLP,Validation,ESM2,EITLEM_km_ESM2_embedding_cold_protein,0.908935348,0.646679554,0.826163467,0.524700933,0.738545924,0.453201008,0.524920052
18,EITLEM,km,cold_protein,Diffusion,Test,ESM2,EITLEM_km_ESM2_embedding_cold_protein,0.909424912,0.659310262,0.82705367,0.507146361,0.718699887,0.486969829,0.508012286
43,MPEK,km,random,Linear Regression,Test,ESMv1,MPEK_km_ESMv1_embedding_random,0.911533595,0.692748973,0.830893494,0.505909304,0.713595829,0.549964611,0.506021016
7,MPEK,km,cold_protein,MLP,Validation,ESM2,MPEK_km_ESM2_embedding_cold_protein,0.91172113,0.666437399,0.831235419,0.485960335,0.709267157,0.48831898,0.487069701
8,MPEK,km,cold_protein,PSICHIC,Validation,ProteinCLIP,MPEK_km_ProteinCLIP_embedding_cold_protein,0.9118,0.6621,0.8314,,0.721,,
22,MPEK,kcat,random,PSICHIC,Test,ESM2,MPEK_kcat_ESM2_embedding_random,0.9121,0.6154,0.8319,,0.7988,,
30,catpred,km,random,XGBoost,Validation,MUTAPLM,catpred_km_MUTAPLM_embedding_random,0.914057165,0.690944792,0.835500501,0.485088659,0.698316518,0.550080283,0.486193449
19,EITLEM,km,cold_protein,Diffusion,Test,ProteinCLIP,EITLEM_km_ProteinCLIP_embedding_cold_protein,0.915025499,0.680915343,0.837271663,0.501057306,0.711658995,0.521945935,0.503112675
20,EITLEM,km,cold_protein,MLP,Test,ProteinCLIP,EITLEM_km_ProteinCLIP_embedding_cold_protein,0.915199881,0.663808891,0.837590823,0.500867112,0.716324832,0.488012525,0.500870478
9,MPEK,km,cold_protein,XGBoost,Validation,ESMv1,MPEK_km_ESMv1_embedding_cold_protein,0.915797459,0.667660005,0.838684986,0.48135349,0.695831001,0.479259154,0.481604424
21,EITLEM,km,cold_protein,Diffusion,Test,ESMv1,EITLEM_km_ESMv1_embedding_cold_protein,0.916837909,0.65789488,0.840591751,0.499078816,0.715642074,0.480698787,0.501953202
10,MPEK,km,cold_protein,Diffusion,Validation,ESM2,MPEK_km_ESM2_embedding_cold_protein,0.917048542,0.676517207,0.840978028,0.479935463,0.699859098,0.494098723,0.480436478
11,MPEK,km,cold_protein,PSICHIC,Test,ProteinCLIP,MPEK_km_ProteinCLIP_embedding_cold_protein,0.9171,0.6793,0.8411,,0.7166,,
44,MPEK,km,random,Linear Regression,Validation,ESMv1,MPEK_km_ESMv1_embedding_random,0.917123285,0.697848434,0.84111512,0.505109299,0.713095884,0.537311385,0.505739694
12,MPEK,km,cold_protein,Diffusion,Test,ESMv1,MPEK_km_ESMv1_embedding_cold_protein,0.918224926,0.681918739,0.843137016,0.50165896,0.711129774,0.508256912,0.501834829
13,MPEK,km,cold_protein,Diffusion,Test,ESM2,MPEK_km_ESM2_embedding_cold_protein,0.919251935,0.689825796,0.845024119,0.500543576,0.712794347,0.520913139,0.500582044
45,MPEK,km,random,GBM,Test,ESMv1,MPEK_km_ESMv1_embedding_random,0.919473028,0.713825336,0.845430649,0.497264787,0.713360586,0.578874866,0.497274802
22,EITLEM,km,cold_protein,PSICHIC,Validation,ESM2,EITLEM_km_ESM2_embedding_cold_protein,0.9196,0.6435,0.8456,,0.7307,,
14,MPEK,km,cold_protein,XGBoost,Validation,ProteinCLIP,MPEK_km_ProteinCLIP_embedding_cold_protein,0.921052554,0.665340283,0.848337806,0.475384143,0.692836858,0.486356453,0.475403112
15,MPEK,km,cold_protein,Diffusion,Validation,ESMv1,MPEK_km_ESMv1_embedding_cold_protein,0.921762288,0.671155625,0.849645715,0.474575328,0.694484731,0.483315572,0.475715203
46,MPEK,km,random,GBM,Validation,ESMv1,MPEK_km_ESMv1_embedding_random,0.922106663,0.717603717,0.850280699,0.499716506,0.714949444,0.591204009,0.500125613
23,EITLEM,km,cold_protein,PSICHIC,Validation,ESMv1,EITLEM_km_ESMv1_embedding_cold_protein,0.9222,0.6402,0.8505,,0.7338,,
23,MPEK,kcat,random,XGBoost,Validation,ProteinCLIP,MPEK_kcat_ProteinCLIP_embedding_random,0.922248914,0.666277444,0.85054306,0.639426778,0.799660122,0.47764692,0.63943069
24,EITLEM,km,cold_protein,XGBoost,Test,ESM2,EITLEM_km_ESM2_embedding_cold_protein,0.922813583,0.672263904,0.851584909,0.492527827,0.703630633,0.486358467,0.492535724
47,MPEK,km,random,GBM,Validation,ESM2,MPEK_km_ESM2_embedding_random,0.922819769,0.714202985,0.851596327,0.498942424,0.715489924,0.589948524,0.499148566
24,MPEK,kcat,random,PSICHIC,Validation,ESM2,MPEK_kcat_ESM2_embedding_random,0.9235,0.6353,0.8529,,0.8091,,
16,MPEK,km,cold_protein,Diffusion,Validation,ProteinCLIP,MPEK_km_ProteinCLIP_embedding_cold_protein,0.925574538,0.681020626,0.856688226,0.470220208,0.688544713,0.498327382,0.470635306
17,MPEK,km,cold_protein,PSICHIC,Validation,ESMv1,MPEK_km_ESMv1_embedding_cold_protein,0.9258,0.6671,0.8572,,0.6958,,
18,MPEK,km,cold_protein,XGBoost,Validation,ESM2,MPEK_km_ESM2_embedding_cold_protein,0.926887782,0.678252304,0.85912096,0.468715793,0.687542183,0.489521296,0.46947424
25,EITLEM,km,cold_protein,MLP,Validation,ESMv1,EITLEM_km_ESMv1_embedding_cold_protein,0.926943317,0.658736114,0.859223914,0.505680969,0.731947311,0.449253747,0.507779477
26,EITLEM,km,cold_protein,Diffusion,Validation,MUTAPLM,EITLEM_km_MUTAPLM_embedding_cold_protein,0.927143938,0.658637782,0.859595882,0.505466975,0.718093208,0.45508536,0.507884053
31,catpred,km,random,Diffusion,Validation,ProteinCLIP,catpred_km_ProteinCLIP_embedding_random,0.927793792,0.696001446,0.86080132,0.469495998,0.691955615,0.536817133,0.471981467
25,MPEK,kcat,random,PSICHIC,Validation,MUTAPLM,MPEK_kcat_MUTAPLM_embedding_random,0.9278,0.627,0.8609,,0.8069,,
7,EITLEM,kcat,random,Diffusion,Validation,MUTAPLM,EITLEM_kcat_MUTAPLM_embedding_random,0.928137626,0.635865142,0.861439453,0.618638379,0.788127236,0.429566473,0.619523492
32,catpred,km,random,Diffusion,Test,ProteinCLIP,catpred_km_ProteinCLIP_embedding_random,0.928145929,0.695405435,0.861454866,0.491515133,0.705483757,0.536434755,0.492334729
19,MPEK,km,cold_protein,XGBoost,Test,ProteinCLIP,MPEK_km_ProteinCLIP_embedding_cold_protein,0.928753726,0.682667314,0.862583484,0.490165008,0.701410071,0.500705644,0.490206947
8,EITLEM,kcat,random,PSICHIC,Test,ESM2,EITLEM_kcat_ESM2_embedding_random,0.929,0.6408,0.8631,,0.7924,,
27,EITLEM,km,cold_protein,XGBoost,Test,ESMv1,EITLEM_km_ESMv1_embedding_cold_protein,0.929070068,0.673536856,0.863171191,0.485623389,0.698938048,0.492571444,0.485703543
48,MPEK,km,random,GBM,Test,ESM2,MPEK_km_ESM2_embedding_random,0.929425351,0.724378347,0.863831484,0.486322733,0.706111959,0.603037188,0.486332219
20,MPEK,km,cold_protein,PSICHIC,Validation,ESM2,MPEK_km_ESM2_embedding_cold_protein,0.9302,0.6719,0.8653,,0.7008,,
1,catpred,km,cold_protein,Random Forest,Test,ProteinCLIP,catpred_km_ProteinCLIP_embedding_cold_protein,0.930897793,0.702262858,0.866570701,0.453775977,0.673721937,0.556623282,0.453825554
49,MPEK,km,random,GBM,Validation,MUTAPLM,MPEK_km_MUTAPLM_embedding_random,0.931664729,0.723324032,0.867999168,0.489291411,0.708286351,0.605170576,0.489574307
21,MPEK,km,cold_protein,Random Forest,Validation,MUTAPLM,MPEK_km_MUTAPLM_embedding_cold_protein,0.93195636,0.67689893,0.868542658,0.462889373,0.682015493,0.479775467,0.464300291
22,MPEK,km,cold_protein,XGBoost,Test,ESM2,MPEK_km_ESM2_embedding_cold_protein,0.931978207,0.691091773,0.868583378,0.486618736,0.698950823,0.518165454,0.486666777
23,MPEK,km,cold_protein,XGBoost,Test,ESMv1,MPEK_km_ESMv1_embedding_cold_protein,0.932024922,0.691735233,0.868670456,0.486567268,0.699582372,0.522235132,0.486581772
28,EITLEM,km,cold_protein,PSICHIC,Validation,ProteinCLIP,EITLEM_km_ProteinCLIP_embedding_cold_protein,0.9326,0.6488,0.8698,,0.7184,,
33,catpred,km,random,MLP,Test,ESMv1,catpred_km_ESMv1_embedding_random,0.933404492,0.685999574,0.871243945,0.485736998,0.71758444,0.506471704,0.486749543
50,MPEK,km,random,Linear Regression,Validation,ESM2,MPEK_km_ESM2_embedding_random,0.933792207,0.718192351,0.871967886,0.486956318,0.698776903,0.56496311,0.487236429
1,inhouse,Kd,random,Random Forest,Test,ESMv1,inhouse_Kd_ESMv1_embedding_random,0.934878281,0.643001685,0.8739974,0.603131061,0.777740004,0.440583584,0.603131414
2,inhouse,Kd,random,Random Forest,Test,ESM2,inhouse_Kd_ESM2_embedding_random,0.935436868,0.640736092,0.875042134,0.602656663,0.776984828,0.432667328,0.602662486
24,MPEK,km,cold_protein,MLP,Validation,ESMv1,MPEK_km_ESMv1_embedding_cold_protein,0.936375984,0.676738165,0.876799984,0.457783006,0.694263022,0.474350339,0.459089406
26,MPEK,kcat,random,Diffusion,Test,ESMv1,MPEK_kcat_ESMv1_embedding_random,0.936401415,0.672818781,0.876847611,0.611816034,0.783524256,0.478761028,0.613687752
29,EITLEM,km,cold_protein,PSICHIC,Test,ESMv1,EITLEM_km_ESMv1_embedding_cold_protein,0.9369,0.6705,0.8778,,0.7063,,
51,MPEK,km,random,GBM,Test,MUTAPLM,MPEK_km_MUTAPLM_embedding_random,0.937380291,0.726420358,0.878681811,0.477491988,0.699401157,0.585304581,0.477492023
25,MPEK,km,cold_protein,PSICHIC,Test,ESM2,MPEK_km_ESM2_embedding_cold_protein,0.9374,0.6895,0.8788,,0.7058,,
26,MPEK,km,cold_protein,MLP,Validation,ProteinCLIP,MPEK_km_ProteinCLIP_embedding_cold_protein,0.937807806,0.687399975,0.87948348,0.45612352,0.684827368,0.502290681,0.456255607
1,catpred,km,cold_drug,XGBoost,Validation,ESM2,catpred_km_ESM2_embedding_cold_drug,0.937811521,0.715665324,0.879490449,0.432540247,0.662615482,0.564114836,0.434918755
30,EITLEM,km,cold_protein,PSICHIC,Test,ProteinCLIP,EITLEM_km_ProteinCLIP_embedding_cold_protein,0.9383,0.6647,0.8805,,0.7009,,
2,catpred,km,cold_protein,Random Forest,Test,ESMv1,catpred_km_ESMv1_embedding_cold_protein,0.93840479,0.713019175,0.880603551,0.444930675,0.668782185,0.570020099,0.444982611
2,catpred,km,cold_drug,Diffusion,Test,MUTAPLM,catpred_km_MUTAPLM_embedding_cold_drug,0.938941047,0.708490127,0.881610289,0.455301916,0.688647526,0.542208314,0.456214966
3,catpred,km,cold_drug,Random Forest,Validation,ESM2,catpred_km_ESM2_embedding_cold_drug,0.939080457,0.713840322,0.881872104,0.43100357,0.659963898,0.556247014,0.432149155
31,EITLEM,km,cold_protein,PSICHIC,Test,ESM2,EITLEM_km_ESM2_embedding_cold_protein,0.9392,0.665,0.882,,0.706,,
9,EITLEM,kcat,random,PSICHIC,Validation,ESM2,EITLEM_kcat_ESM2_embedding_random,0.9392,0.6357,0.882,,0.7888,,
4,catpred,km,cold_drug,PSICHIC,Test,MUTAPLM,catpred_km_MUTAPLM_embedding_cold_drug,0.9393,0.7046,0.8823,,0.6869,,
10,EITLEM,kcat,random,PSICHIC,Validation,ProteinCLIP,EITLEM_kcat_ProteinCLIP_embedding_random,0.9395,0.6381,0.8827,,0.789,,
27,MPEK,kcat,random,PSICHIC,Validation,ESMv1,MPEK_kcat_ESMv1_embedding_random,0.9405,0.6372,0.8846,,0.8,,
5,catpred,km,cold_drug,PSICHIC,Test,ESM2,catpred_km_ESM2_embedding_cold_drug,0.9409,0.714,0.8853,,0.6831,,
34,catpred,km,random,SVR,Validation,MUTAPLM,catpred_km_MUTAPLM_embedding_random,0.941345296,0.711039309,0.886130965,0.453885566,0.674955449,0.556302396,0.45502935
52,MPEK,km,random,GBM,Validation,ProteinCLIP,MPEK_km_ProteinCLIP_embedding_random,0.941516388,0.728034332,0.886453109,0.478433582,0.698804464,0.594181785,0.4787507
53,MPEK,km,random,Linear Regression,Test,ESM2,MPEK_km_ESM2_embedding_random,0.942062645,0.729818067,0.887482028,0.47225894,0.688813577,0.586976639,0.472605939
32,EITLEM,km,cold_protein,PSICHIC,Test,MUTAPLM,EITLEM_km_MUTAPLM_embedding_cold_protein,0.9423,0.6798,0.8878,,0.6959,,
3,catpred,km,cold_protein,Random Forest,Test,ESM2,catpred_km_ESM2_embedding_cold_protein,0.942559561,0.714939145,0.888418527,0.440004675,0.665063069,0.569979976,0.440083769
11,EITLEM,kcat,random,PSICHIC,Test,ESMv1,EITLEM_kcat_ESMv1_embedding_random,0.9426,0.6487,0.8886,,0.7835,,
6,catpred,km,cold_drug,Random Forest,Validation,ESMv1,catpred_km_ESMv1_embedding_cold_drug,0.943112139,0.716503327,0.889460507,0.426107424,0.655335444,0.563318986,0.427232393
35,catpred,km,random,MLP,Validation,ESMv1,catpred_km_ESMv1_embedding_random,0.943348265,0.700180948,0.88990595,0.451559077,0.695635038,0.528884408,0.451559446
7,catpred,km,cold_drug,PSICHIC,Test,ESMv1,catpred_km_ESMv1_embedding_cold_drug,0.9437,0.7204,0.8906,,0.6776,,
36,catpred,km,random,MLP,Test,ESM2,catpred_km_ESM2_embedding_random,0.944107804,0.703260829,0.891339545,0.473875311,0.716083038,0.537278553,0.474726011
27,MPEK,km,cold_protein,Random Forest,Test,MUTAPLM,MPEK_km_MUTAPLM_embedding_cold_protein,0.944207101,0.699626402,0.891527049,0.473057745,0.690202119,0.530410926,0.473287057
8,catpred,km,cold_drug,SVR,Validation,MUTAPLM,catpred_km_MUTAPLM_embedding_cold_drug,0.944574521,0.710549528,0.892221025,0.424326299,0.653098369,0.543861762,0.426070507
43,EITLEM,km,random,Linear Regression,Validation,ESMv1,EITLEM_km_ESMv1_embedding_random,0.944869168,0.722445214,0.892777745,0.457719777,0.679985945,0.580371515,0.457730872
54,MPEK,km,random,GBM,Test,ProteinCLIP,MPEK_km_ProteinCLIP_embedding_random,0.944891932,0.735600975,0.892820762,0.469084262,0.691701019,0.592452517,0.469093913
28,MPEK,km,cold_protein,Diffusion,Test,ProteinCLIP,MPEK_km_ProteinCLIP_embedding_cold_protein,0.945178977,0.70076521,0.893363299,0.471972422,0.690237794,0.531349599,0.472248937
12,EITLEM,kcat,random,PSICHIC,Test,ProteinCLIP,EITLEM_kcat_ProteinCLIP_embedding_random,0.9454,0.6502,0.8938,,0.7857,,
33,EITLEM,km,cold_protein,MLP,Test,ESM2,EITLEM_km_ESM2_embedding_cold_protein,0.946345333,0.673803692,0.89556949,0.466316758,0.704645087,0.476086993,0.466519074
3,inhouse,Kd,random,Random Forest,Test,ProteinCLIP,inhouse_Kd_ProteinCLIP_embedding_random,0.946372349,0.65218231,0.895620622,0.593312284,0.770621883,0.459799834,0.593368174
1,EITLEM,km,cold_drug,Diffusion,Test,ESMv1,EITLEM_km_ESMv1_embedding_cold_drug,0.946656121,0.722362931,0.896157811,0.472354624,0.688464952,0.57897985,0.472404498
9,catpred,km,cold_drug,Random Forest,Validation,ProteinCLIP,catpred_km_ProteinCLIP_embedding_cold_drug,0.947070447,0.720950417,0.896942431,0.42127998,0.65118894,0.55923709,0.422169912
13,EITLEM,kcat,random,XGBoost,Validation,ESMv1,EITLEM_kcat_ESMv1_embedding_random,0.948046261,0.689780068,0.898791712,0.602102429,0.775977085,0.506891333,0.602137225
34,EITLEM,km,cold_protein,XGBoost,Validation,MUTAPLM,EITLEM_km_MUTAPLM_embedding_cold_protein,0.948273178,0.692360556,0.89922202,0.482669709,0.696031904,0.52193634,0.48295452
2,EITLEM,km,cold_drug,PSICHIC,Test,ProteinCLIP,EITLEM_km_ProteinCLIP_embedding_cold_drug,0.9483,0.7207,0.8994,,0.6956,,
37,catpred,km,random,SVR,Test,MUTAPLM,catpred_km_MUTAPLM_embedding_random,0.948563109,0.707238182,0.899771971,0.468897962,0.685214053,0.532812551,0.468921664
35,EITLEM,km,cold_protein,XGBoost,Test,MUTAPLM,EITLEM_km_MUTAPLM_embedding_cold_protein,0.948688981,0.69799621,0.900010783,0.463670125,0.682124952,0.511907404,0.463671918
55,MPEK,km,random,Linear Regression,Validation,MUTAPLM,MPEK_km_MUTAPLM_embedding_random,0.948899776,0.702992838,0.900410786,0.470221241,0.708065609,0.536920958,0.470273959
36,EITLEM,km,cold_protein,MLP,Test,ESMv1,EITLEM_km_ESMv1_embedding_cold_protein,0.949237178,0.678087012,0.90105122,0.463050113,0.70621115,0.481806189,0.465354186
14,EITLEM,kcat,random,XGBoost,Validation,ESM2,EITLEM_kcat_ESM2_embedding_random,0.949859294,0.688179387,0.902232678,0.600579104,0.775022615,0.505254205,0.600654593
37,EITLEM,km,cold_protein,Diffusion,Test,MUTAPLM,EITLEM_km_MUTAPLM_embedding_cold_protein,0.950434657,0.679150502,0.903326038,0.461694517,0.687574277,0.481025636,0.463241922
38,EITLEM,km,cold_protein,PSICHIC,Validation,MUTAPLM,EITLEM_km_MUTAPLM_embedding_cold_protein,0.9508,0.6691,0.9041,,0.7072,,
56,MPEK,km,random,Linear Regression,Test,MUTAPLM,MPEK_km_MUTAPLM_embedding_random,0.951355278,0.701303817,0.905076866,0.461796172,0.704922445,0.529009815,0.461853881
10,catpred,km,cold_drug,PSICHIC,Test,ProteinCLIP,catpred_km_ProteinCLIP_embedding_cold_drug,0.9519,0.7214,0.906,,0.6745,,
29,MPEK,km,cold_protein,PSICHIC,Test,MUTAPLM,MPEK_km_MUTAPLM_embedding_cold_protein,0.9528,0.7158,0.9079,,0.6824,,
28,MPEK,kcat,random,Diffusion,Validation,ESMv1,MPEK_kcat_ESMv1_embedding_random,0.95412184,0.692325101,0.910348486,0.614073289,0.784617978,0.516039968,0.614979821
11,catpred,km,cold_drug,Diffusion,Validation,MUTAPLM,catpred_km_MUTAPLM_embedding_cold_drug,0.954158456,0.704841086,0.910418359,0.412585122,0.663320453,0.52318567,0.414527267
30,MPEK,km,cold_protein,Diffusion,Test,MUTAPLM,MPEK_km_MUTAPLM_embedding_cold_protein,0.954633996,0.706854338,0.911326067,0.461355424,0.685039297,0.532458901,0.464970576
12,catpred,km,cold_drug,PSICHIC,Validation,ESMv1,catpred_km_ESMv1_embedding_cold_drug,0.9548,0.7076,0.9115,,0.6825,,
44,EITLEM,km,random,GBM,Test,ESMv1,EITLEM_km_ESMv1_embedding_random,0.954835723,0.742352825,0.911711257,0.464972798,0.693490003,0.612563753,0.465035583
13,catpred,km,cold_drug,Random Forest,Validation,MUTAPLM,catpred_km_MUTAPLM_embedding_cold_drug,0.955272303,0.723404261,0.912545174,0.411212869,0.645437471,0.565675064,0.413412087
14,catpred,km,cold_drug,Diffusion,Test,ESMv1,catpred_km_ESMv1_embedding_cold_drug,0.955645095,0.733659082,0.913257547,0.435748831,0.673074955,0.578607112,0.436084683
15,EITLEM,kcat,random,XGBoost,Validation,MUTAPLM,EITLEM_kcat_MUTAPLM_embedding_random,0.956328168,0.702341913,0.914563566,0.595120186,0.771564124,0.523097156,0.595128187
31,MPEK,km,cold_protein,Diffusion,Validation,MUTAPLM,MPEK_km_MUTAPLM_embedding_cold_protein,0.956926828,0.691794783,0.915708954,0.433721528,0.668927746,0.492356442,0.440587045
4,catpred,km,cold_protein,XGBoost,Test,ProteinCLIP,catpred_km_ProteinCLIP_embedding_cold_protein,0.957306952,0.733012774,0.916436601,0.42234409,0.652541779,0.58928005,0.422349352
38,catpred,km,random,MLP,Validation,ESM2,catpred_km_ESM2_embedding_random,0.957388381,0.710464469,0.916592513,0.435112392,0.691946343,0.534569567,0.435519687
5,catpred,km,cold_protein,Random Forest,Validation,ProteinCLIP,catpred_km_ProteinCLIP_embedding_cold_protein,0.95745931,0.725503211,0.91672833,0.425427028,0.652854646,0.562342959,0.425932928
15,catpred,km,cold_drug,XGBoost,Validation,ProteinCLIP,catpred_km_ProteinCLIP_embedding_cold_drug,0.957866579,0.731423704,0.917508384,0.408010535,0.642848397,0.579824692,0.409008303
45,EITLEM,km,random,Linear Regression,Test,ESMv1,EITLEM_km_ESMv1_embedding_random,0.95787238,0.73216704,0.917519496,0.4615643,0.682947755,0.571810633,0.46159352
32,MPEK,km,cold_protein,MLP,Test,ProteinCLIP,MPEK_km_ProteinCLIP_embedding_cold_protein,0.957929562,0.714311646,0.917629047,0.457630007,0.689708187,0.539838118,0.457679306
46,EITLEM,km,random,GBM,Test,ESM2,EITLEM_km_ESM2_embedding_random,0.959198996,0.750230492,0.920062713,0.460071842,0.690859255,0.621282495,0.460091686
57,MPEK,km,random,SVR,Validation,ESM2,MPEK_km_ESM2_embedding_random,0.959337456,0.730425064,0.920328354,0.458502251,0.678701943,0.56482748,0.458709755
47,EITLEM,km,random,Linear Regression,Validation,MUTAPLM,EITLEM_km_MUTAPLM_embedding_random,0.959542693,0.712142876,0.920722179,0.440746108,0.685857218,0.531236581,0.440786585
16,catpred,km,cold_drug,PSICHIC,Validation,MUTAPLM,catpred_km_MUTAPLM_embedding_cold_drug,0.9598,0.7088,0.9211,,0.6821,,
48,EITLEM,km,random,Linear Regression,Validation,ESM2,EITLEM_km_ESM2_embedding_random,0.959973536,0.739345937,0.921549189,0.440243775,0.665307999,0.601253847,0.4402553
16,EITLEM,kcat,random,Diffusion,Test,MUTAPLM,EITLEM_kcat_MUTAPLM_embedding_random,0.959999199,0.653483731,0.921598462,0.595296581,0.773751668,0.430696964,0.595963961
17,EITLEM,kcat,random,Random Forest,Validation,MUTAPLM,EITLEM_kcat_MUTAPLM_embedding_random,0.960414761,0.681969737,0.922396513,0.591652519,0.775319542,0.477392163,0.591707305
49,EITLEM,km,random,GBM,Validation,ESMv1,EITLEM_km_ESMv1_embedding_random,0.960442276,0.738506119,0.922449365,0.439697001,0.67111301,0.585613004,0.439706385
29,MPEK,kcat,random,MLP,Test,ESMv1,MPEK_kcat_ESMv1_embedding_random,0.960599499,0.671608021,0.922751398,0.591494242,0.773986875,0.456472018,0.592158706
18,EITLEM,kcat,random,XGBoost,Test,ESMv1,EITLEM_kcat_ESMv1_embedding_random,0.960881591,0.699038987,0.923293431,0.594552264,0.771125437,0.520061419,0.594618424
33,MPEK,km,cold_protein,MLP,Test,ESM2,MPEK_km_ESM2_embedding_cold_protein,0.961217509,0.710091089,0.923939099,0.453900414,0.691837517,0.527023943,0.454376737
50,EITLEM,km,random,GBM,Test,ProteinCLIP,EITLEM_km_ProteinCLIP_embedding_random,0.962220244,0.755468164,0.925867798,0.456665195,0.687625299,0.633884411,0.456670132
3,EITLEM,km,cold_drug,Diffusion,Test,MUTAPLM,EITLEM_km_MUTAPLM_embedding_cold_drug,0.962785778,0.724115636,0.926956455,0.454220807,0.677586775,0.550413966,0.454751253
17,catpred,km,cold_drug,XGBoost,Test,ESM2,catpred_km_ESM2_embedding_cold_drug,0.963060714,0.749996679,0.92748594,0.426957893,0.659639206,0.601332266,0.428691339
18,catpred,km,cold_drug,XGBoost,Validation,ESMv1,catpred_km_ESMv1_embedding_cold_drug,0.963530132,0.729418361,0.928390315,0.400989358,0.640951988,0.557546102,0.402484418
19,EITLEM,kcat,random,PSICHIC,Validation,ESMv1,EITLEM_kcat_ESMv1_embedding_random,0.9637,0.6547,0.9287,,0.7955,,
6,catpred,km,cold_protein,Random Forest,Validation,ESMv1,catpred_km_ESMv1_embedding_cold_protein,0.96379174,0.738057804,0.928894518,0.417801691,0.649786022,0.591074704,0.418060399
19,catpred,km,cold_drug,Diffusion,Validation,ESMv1,catpred_km_ESMv1_embedding_cold_drug,0.964275243,0.729155983,0.929826744,0.400062555,0.65067964,0.568752047,0.400231799
4,EITLEM,km,cold_drug,PSICHIC,Test,ESM2,EITLEM_km_ESM2_embedding_cold_drug,0.9649,0.7369,0.9311,,0.6785,,
30,MPEK,kcat,random,MLP,Validation,MUTAPLM,MPEK_kcat_MUTAPLM_embedding_random,0.965501441,0.678367645,0.932193032,0.604812665,0.798115336,0.465514095,0.613489094
5,EITLEM,km,cold_drug,SVR,Test,MUTAPLM,EITLEM_km_MUTAPLM_embedding_cold_drug,0.965590463,0.734850053,0.932364942,0.451036362,0.672833832,0.567701895,0.451917571
20,catpred,km,cold_drug,XGBoost,Validation,MUTAPLM,catpred_km_MUTAPLM_embedding_cold_drug,0.965799847,0.736044486,0.932769345,0.398163945,0.638339495,0.575794233,0.400262497
21,catpred,km,cold_drug,XGBoost,Test,ESMv1,catpred_km_ESMv1_embedding_cold_drug,0.965987015,0.748874261,0.933130914,0.423470176,0.657030691,0.60208427,0.424551446
51,EITLEM,km,random,GBM,Validation,ESM2,EITLEM_km_ESM2_embedding_random,0.966164651,0.742985124,0.933474133,0.43300047,0.665999079,0.591610699,0.433004136
52,EITLEM,km,random,GBM,Test,MUTAPLM,EITLEM_km_MUTAPLM_embedding_random,0.966451604,0.759006136,0.934028702,0.451876063,0.685566117,0.637208713,0.451951853
7,catpred,km,cold_protein,PSICHIC,Test,ESM2,catpred_km_ESM2_embedding_cold_protein,0.967,0.7356,0.9351,,0.6443,,
34,MPEK,km,cold_protein,PSICHIC,Test,ESMv1,MPEK_km_ESMv1_embedding_cold_protein,0.9671,0.7116,0.9352,,0.6852,,
39,catpred,km,random,MLP,Test,ProteinCLIP,catpred_km_ProteinCLIP_embedding_random,0.967362103,0.722007096,0.935789437,0.447638187,0.696125099,0.550946021,0.451765421
53,EITLEM,km,random,Linear Regression,Test,ESM2,EITLEM_km_ESM2_embedding_random,0.96762737,0.746488733,0.936302727,0.450541578,0.672128388,0.604633277,0.450544312
22,catpred,km,cold_drug,SVR,Test,MUTAPLM,catpred_km_MUTAPLM_embedding_cold_drug,0.96778548,0.736082185,0.936608736,0.421321423,0.650080988,0.572672552,0.422088892
4,inhouse,Kd,random,Random Forest,Validation,ESMv1,inhouse_Kd_ESMv1_embedding_random,0.968145045,0.662972891,0.937304829,0.601950026,0.778395687,0.433755256,0.602044498
54,EITLEM,km,random,GBM,Validation,ProteinCLIP,EITLEM_km_ProteinCLIP_embedding_random,0.968261247,0.748598514,0.937529843,0.430537,0.664291887,0.609275616,0.430537001
58,MPEK,km,random,SVR,Test,ESM2,MPEK_km_ESM2_embedding_random,0.969598086,0.7397382,0.940120449,0.440957511,0.665373145,0.57703315,0.440957691
20,EITLEM,kcat,random,PSICHIC,Test,MUTAPLM,EITLEM_kcat_MUTAPLM_embedding_random,0.9702,0.6651,0.9413,,0.7682,,
35,MPEK,km,cold_protein,MLP,Test,ESMv1,MPEK_km_ESMv1_embedding_cold_protein,0.971427092,0.715777394,0.943670596,0.442237998,0.682062426,0.523328992,0.443642247
23,catpred,km,cold_drug,XGBoost,Test,MUTAPLM,catpred_km_MUTAPLM_embedding_cold_drug,0.971450263,0.751024268,0.943715613,0.416930478,0.649838503,0.607983522,0.418182317
8,catpred,km,cold_protein,PSICHIC,Test,ProteinCLIP,catpred_km_ProteinCLIP_embedding_cold_protein,0.9717,0.7426,0.9442,,0.6508,,
21,EITLEM,kcat,random,Random Forest,Test,MUTAPLM,EITLEM_kcat_MUTAPLM_embedding_random,0.971807654,0.697246198,0.944410116,0.585279251,0.772382547,0.498913411,0.585371581
22,EITLEM,kcat,random,XGBoost,Test,ESM2,EITLEM_kcat_ESM2_embedding_random,0.972048286,0.709379335,0.944877871,0.585073845,0.764920182,0.525314567,0.58507396
55,EITLEM,km,random,GBM,Validation,MUTAPLM,EITLEM_km_MUTAPLM_embedding_random,0.972233956,0.747801019,0.945238866,0.42585448,0.662494248,0.613403779,0.425888526
1,MPEK,km,cold_drug,Diffusion,Validation,ESMv1,MPEK_km_ESMv1_embedding_cold_drug,0.973483471,0.746174759,0.947670068,0.461656323,0.685328251,0.593642309,0.463705426
24,catpred,km,cold_drug,PSICHIC,Validation,ESM2,catpred_km_ESM2_embedding_cold_drug,0.9738,0.7253,0.9483,,0.683,,
6,EITLEM,km,cold_drug,XGBoost,Test,ESM2,EITLEM_km_ESM2_embedding_cold_drug,0.974038785,0.751733739,0.948751555,0.44138815,0.665104166,0.601922672,0.442268732
31,MPEK,kcat,random,MLP,Test,MUTAPLM,MPEK_kcat_MUTAPLM_embedding_random,0.974304016,0.688310554,0.949268315,0.579755097,0.779735909,0.463091128,0.582808367
23,EITLEM,kcat,random,XGBoost,Test,MUTAPLM,EITLEM_kcat_MUTAPLM_embedding_random,0.974516046,0.708840321,0.949681525,0.582964407,0.763560078,0.523660249,0.582965129
9,catpred,km,cold_protein,Random Forest,Validation,ESM2,catpred_km_ESM2_embedding_cold_protein,0.975173252,0.7457642,0.950962872,0.403970025,0.638495892,0.592692616,0.404117169
59,MPEK,km,random,SVR,Validation,ESMv1,MPEK_km_ESMv1_embedding_random,0.975615645,0.74836334,0.951825887,0.439969906,0.665688572,0.600546031,0.440366014
60,MPEK,km,random,SVR,Validation,ProteinCLIP,MPEK_km_ProteinCLIP_embedding_random,0.975710253,0.742198241,0.952010498,0.439861285,0.663966977,0.587025112,0.44004286
10,catpred,km,cold_protein,Diffusion,Test,ESMv1,catpred_km_ESMv1_embedding_cold_protein,0.975746067,0.738472667,0.952080387,0.399876807,0.645989758,0.583795637,0.402305892
11,catpred,km,cold_protein,Diffusion,Test,ProteinCLIP,catpred_km_ProteinCLIP_embedding_cold_protein,0.975830704,0.736538575,0.952245564,0.399772691,0.641297272,0.57606487,0.399787112
40,catpred,km,random,MLP,Validation,ProteinCLIP,catpred_km_ProteinCLIP_embedding_random,0.975870326,0.721011644,0.952322892,0.413092085,0.67158711,0.542441797,0.41407057
24,EITLEM,kcat,random,PSICHIC,Validation,MUTAPLM,EITLEM_kcat_MUTAPLM_embedding_random,0.9762,0.6499,0.953,,0.7786,,
12,catpred,km,cold_protein,XGBoost,Test,ESMv1,catpred_km_ESMv1_embedding_cold_protein,0.97636844,0.747858484,0.953295331,0.39911099,0.636586618,0.605546522,0.399187706
36,MPEK,km,cold_protein,XGBoost,Validation,MUTAPLM,MPEK_km_MUTAPLM_embedding_cold_protein,0.976595167,0.706809018,0.95373812,0.410204122,0.647323192,0.509992513,0.412742183
25,catpred,km,cold_drug,PSICHIC,Validation,ProteinCLIP,catpred_km_ProteinCLIP_embedding_cold_drug,0.9766,0.7208,0.9537,,0.6734,,
5,inhouse,Kd,random,Random Forest,Validation,ESM2,inhouse_Kd_ESM2_embedding_random,0.977840766,0.670503396,0.956172564,0.593937369,0.77327302,0.457895887,0.593998332
26,catpred,km,cold_drug,Random Forest,Test,ESM2,catpred_km_ESM2_embedding_cold_drug,0.978246678,0.765743505,0.956966562,0.408743452,0.644992179,0.619849526,0.414546157
61,MPEK,km,random,Linear Regression,Validation,ProteinCLIP,MPEK_km_ProteinCLIP_embedding_random,0.978350241,0.751892583,0.957169194,0.43682604,0.662134577,0.607663753,0.437721549
41,catpred,km,random,MLP,Validation,MUTAPLM,catpred_km_MUTAPLM_embedding_random,0.978436583,0.721809927,0.957338147,0.410001229,0.687684301,0.537091633,0.419531602
13,catpred,km,cold_protein,Random Forest,Test,MUTAPLM,catpred_km_MUTAPLM_embedding_cold_protein,0.978997669,0.751400952,0.958436436,0.395870406,0.633344068,0.606696672,0.396256063
2,MPEK,km,cold_drug,PSICHIC,Test,MUTAPLM,MPEK_km_MUTAPLM_embedding_cold_drug,0.9792,0.7663,0.9588,,0.6286,,
27,catpred,km,cold_drug,Diffusion,Validation,ESM2,catpred_km_ESM2_embedding_cold_drug,0.979224372,0.742368325,0.958880371,0.381316742,0.633877378,0.580759138,0.381799676
3,MPEK,km,cold_drug,Random Forest,Validation,ESMv1,MPEK_km_ESMv1_embedding_cold_drug,0.979559917,0.755232474,0.959537632,0.454914705,0.681122659,0.613577248,0.46148945
7,EITLEM,km,cold_drug,Random Forest,Test,ESMv1,EITLEM_km_ESMv1_embedding_cold_drug,0.979704975,0.755327286,0.959821838,0.43487012,0.672537339,0.609969156,0.436808051
37,MPEK,km,cold_protein,GBM,Validation,ESMv1,MPEK_km_ESMv1_embedding_cold_protein,0.980248567,0.749767868,0.960887253,0.405783066,0.641006887,0.596223252,0.4061574
42,catpred,km,random,SVR,Validation,ESM2,catpred_km_ESM2_embedding_random,0.980979996,0.752916242,0.962321753,0.406929878,0.640391894,0.59573677,0.40904134
62,MPEK,km,random,SVR,Test,ESMv1,MPEK_km_ESMv1_embedding_random,0.981153578,0.747245206,0.962662345,0.427552976,0.656481927,0.580243048,0.427570108
56,EITLEM,km,random,SVR,Validation,ESM2,EITLEM_km_ESM2_embedding_random,0.981325225,0.733508344,0.962999198,0.415066714,0.644471548,0.564993811,0.41508039
8,EITLEM,km,cold_drug,PSICHIC,Test,ESMv1,EITLEM_km_ESMv1_embedding_cold_drug,0.9817,0.7536,0.9638,,0.6649,,
38,MPEK,km,cold_protein,XGBoost,Test,MUTAPLM,MPEK_km_MUTAPLM_embedding_cold_protein,0.981769577,0.738144568,0.963871502,0.430298135,0.657454881,0.56939706,0.430518463
39,EITLEM,km,cold_protein,SVR,Test,MUTAPLM,EITLEM_km_MUTAPLM_embedding_cold_protein,0.981815917,0.733804125,0.963962494,0.425560345,0.652618949,0.569295803,0.425663816
28,catpred,km,cold_drug,Random Forest,Test,ESMv1,catpred_km_ESMv1_embedding_cold_drug,0.982077779,0.766958348,0.964476764,0.404103315,0.640386405,0.622358425,0.409243978
4,MPEK,km,cold_drug,MLP,Validation,ESMv1,MPEK_km_ESMv1_embedding_cold_drug,0.982440101,0.764485153,0.965188552,0.451704583,0.695258134,0.614603529,0.462679442
39,MPEK,km,cold_protein,SVR,Validation,MUTAPLM,MPEK_km_MUTAPLM_embedding_cold_protein,0.982596465,0.731478271,0.965495812,0.402933113,0.635624413,0.546856599,0.402964034
40,MPEK,km,cold_protein,PSICHIC,Validation,MUTAPLM,MPEK_km_MUTAPLM_embedding_cold_protein,0.9826,0.707,0.9655,,0.6624,,
32,MPEK,kcat,random,Diffusion,Test,ESM2,MPEK_kcat_ESM2_embedding_random,0.982678136,0.708982884,0.965656319,0.572500061,0.76027881,0.504545674,0.575858977
14,catpred,km,cold_protein,Diffusion,Test,ESM2,catpred_km_ESM2_embedding_cold_protein,0.983033113,0.742914344,0.9663541,0.390879682,0.64347739,0.586687304,0.391656823
41,MPEK,km,cold_protein,GBM,Validation,ProteinCLIP,MPEK_km_ProteinCLIP_embedding_cold_protein,0.983378529,0.748563038,0.967033331,0.401982305,0.636581874,0.585280529,0.402687595
6,inhouse,Kd,random,Random Forest,Test,MUTAPLM,inhouse_Kd_MUTAPLM_embedding_random,0.98345077,0.688832243,0.967175418,0.560820338,0.750984634,0.479698049,0.560836667
9,EITLEM,km,cold_drug,Diffusion,Test,ESM2,EITLEM_km_ESM2_embedding_cold_drug,0.983458464,0.758026987,0.96719055,0.430531526,0.656340206,0.597388357,0.430740376
33,MPEK,kcat,random,MLP,Test,ESM2,MPEK_kcat_ESM2_embedding_random,0.983969993,0.699800732,0.968196947,0.571375315,0.76187175,0.494960336,0.572943363
57,EITLEM,km,random,SVR,Test,ESM2,EITLEM_km_ESM2_embedding_random,0.98424991,0.737890345,0.968747885,0.431501513,0.658465819,0.58012106,0.431791439
10,EITLEM,km,cold_drug,Random Forest,Test,ESM2,EITLEM_km_ESM2_embedding_cold_drug,0.984447511,0.760329019,0.969136901,0.429385539,0.668249083,0.615239003,0.431136634
29,catpred,km,cold_drug,Random Forest,Test,ProteinCLIP,catpred_km_ProteinCLIP_embedding_cold_drug,0.984902276,0.770311048,0.970032494,0.400670737,0.636740357,0.625178699,0.40478463
15,catpred,km,cold_protein,PSICHIC,Test,ESMv1,catpred_km_ESMv1_embedding_cold_protein,0.9855,0.7441,0.9712,,0.6367,,
16,catpred,km,cold_protein,XGBoost,Test,ESM2,catpred_km_ESM2_embedding_cold_protein,0.985727822,0.754127924,0.971659338,0.387535637,0.627068398,0.616566979,0.387537016
30,catpred,km,cold_drug,Diffusion,Test,ESM2,catpred_km_ESM2_embedding_cold_drug,0.985758813,0.760609863,0.971720438,0.399627854,0.6452041,0.614954233,0.399649401
5,MPEK,km,cold_drug,Random Forest,Validation,ESM2,MPEK_km_ESM2_embedding_cold_drug,0.985877751,0.762454032,0.97195494,0.447860795,0.675914631,0.605187547,0.455472407
25,EITLEM,kcat,random,XGBoost,Validation,ProteinCLIP,EITLEM_kcat_ProteinCLIP_embedding_random,0.98617704,0.714727483,0.972545154,0.569451577,0.754709453,0.536472308,0.569471229
63,MPEK,km,random,SVR,Test,ProteinCLIP,MPEK_km_ProteinCLIP_embedding_random,0.98629362,0.754075703,0.972775105,0.421539424,0.649752564,0.588905255,0.421545375
42,MPEK,km,cold_protein,GBM,Validation,ESM2,MPEK_km_ESM2_embedding_cold_protein,0.986748157,0.752279825,0.973671926,0.397876968,0.634432681,0.595759858,0.398823985
64,MPEK,km,random,Linear Regression,Test,ProteinCLIP,MPEK_km_ProteinCLIP_embedding_random,0.986955179,0.765322616,0.974080526,0.420763156,0.649977,0.622885745,0.421006746
6,MPEK,km,cold_drug,PSICHIC,Validation,ESMv1,MPEK_km_ESMv1_embedding_cold_drug,0.987,0.7497,0.9743,,0.6831,,
31,catpred,km,cold_drug,Random Forest,Test,MUTAPLM,catpred_km_MUTAPLM_embedding_cold_drug,0.987594707,0.770914726,0.975343306,0.397389481,0.636077306,0.622805288,0.402770279
34,MPEK,kcat,random,MLP,Validation,ESM2,MPEK_kcat_ESM2_embedding_random,0.987772919,0.709888184,0.97569534,0.586370604,0.771885174,0.510509982,0.587822255
7,MPEK,km,cold_drug,PSICHIC,Validation,ESM2,MPEK_km_ESM2_embedding_cold_drug,0.9878,0.7466,0.9758,,0.6945,,
17,catpred,km,cold_protein,XGBoost,Validation,ProteinCLIP,catpred_km_ProteinCLIP_embedding_cold_protein,0.988082387,0.761215755,0.976306803,0.388085344,0.626161505,0.617622761,0.388492337
18,catpred,km,cold_protein,SVR,Test,ESM2,catpred_km_ESM2_embedding_cold_protein,0.988366763,0.752057207,0.976868859,0.384251928,0.621153099,0.601306838,0.385828036
35,MPEK,kcat,random,MLP,Validation,ESMv1,MPEK_kcat_ESMv1_embedding_random,0.988500537,0.701632372,0.977133311,0.585761001,0.773718059,0.483422356,0.587617427
19,catpred,km,cold_protein,Diffusion,Validation,ESMv1,catpred_km_ESMv1_embedding_cold_protein,0.988573515,0.756741032,0.977277595,0.387476889,0.63254125,0.595358193,0.387951294
43,catpred,km,random,Linear Regression,Validation,ESMv1,catpred_km_ESMv1_embedding_random,0.989164318,0.762932292,0.978446049,0.396992622,0.634865327,0.621349162,0.399811657
11,EITLEM,km,cold_drug,XGBoost,Test,ESMv1,EITLEM_km_ESMv1_embedding_cold_drug,0.98934392,0.765200196,0.978801392,0.42369522,0.651664429,0.611151,0.423839084
43,MPEK,km,cold_protein,GBM,Test,ESM2,MPEK_km_ESM2_embedding_cold_protein,0.990295366,0.766943551,0.980684912,0.420360471,0.654259931,0.616286394,0.420375481
44,MPEK,km,cold_protein,GBM,Test,ProteinCLIP,MPEK_km_ProteinCLIP_embedding_cold_protein,0.99039528,0.760695677,0.980882812,0.420243501,0.65287034,0.614408547,0.420301916
8,MPEK,km,cold_drug,XGBoost,Validation,ESM2,MPEK_km_ESM2_embedding_cold_drug,0.9904884,0.772737385,0.981067271,0.442684346,0.67291947,0.633597474,0.448542077
45,MPEK,km,cold_protein,SVR,Validation,ESM2,MPEK_km_ESM2_embedding_cold_protein,0.990805217,0.745308269,0.981694978,0.392915477,0.627265956,0.580025464,0.393363528
44,catpred,km,random,MLP,Test,MUTAPLM,catpred_km_MUTAPLM_embedding_random,0.991028584,0.735230465,0.982137654,0.420280553,0.693827388,0.552480251,0.425036128
7,inhouse,Kd,random,Random Forest,Validation,ProteinCLIP,inhouse_Kd_ProteinCLIP_embedding_random,0.992062256,0.678391202,0.98418752,0.582040117,0.764873001,0.461293341,0.582101367
12,EITLEM,km,cold_drug,Random Forest,Test,ProteinCLIP,EITLEM_km_ProteinCLIP_embedding_cold_drug,0.992118287,0.767758134,0.984298695,0.420458484,0.658808491,0.624410533,0.421484118
20,catpred,km,cold_protein,Diffusion,Validation,ProteinCLIP,catpred_km_ProteinCLIP_embedding_cold_protein,0.992890938,0.757359054,0.985832415,0.38211503,0.626079522,0.601059079,0.382724958
40,EITLEM,km,cold_protein,MLP,Validation,MUTAPLM,EITLEM_km_MUTAPLM_embedding_cold_protein,0.99310442,0.706702047,0.986256389,0.432598075,0.678102426,0.479886567,0.43264623
9,MPEK,km,cold_drug,Diffusion,Validation,ESM2,MPEK_km_ESM2_embedding_cold_drug,0.993353193,0.760803867,0.986750566,0.439455834,0.672965654,0.605553061,0.448421498
13,EITLEM,km,cold_drug,Random Forest,Test,MUTAPLM,EITLEM_km_MUTAPLM_embedding_cold_drug,0.993353924,0.768084007,0.986752018,0.419014001,0.660168081,0.61633392,0.421224837
21,catpred,km,cold_protein,SVR,Test,ProteinCLIP,catpred_km_ProteinCLIP_embedding_cold_protein,0.993944648,0.756352217,0.987925964,0.377282323,0.615337375,0.602974496,0.37851637
32,catpred,km,cold_drug,Diffusion,Validation,ProteinCLIP,catpred_km_ProteinCLIP_embedding_cold_drug,0.994219304,0.762730245,0.988472025,0.362223786,0.611725502,0.598839939,0.362608838
10,MPEK,km,cold_drug,Random Forest,Test,ProteinCLIP,MPEK_km_ProteinCLIP_embedding_cold_drug,0.994872201,0.77211962,0.989770696,0.369808289,0.612769193,0.622851118,0.371566583
46,MPEK,km,cold_protein,SVR,Validation,ProteinCLIP,MPEK_km_ProteinCLIP_embedding_cold_protein,0.995239144,0.745901704,0.990500954,0.387469822,0.622679927,0.571197158,0.387719868
11,MPEK,km,cold_drug,Random Forest,Validation,MUTAPLM,MPEK_km_MUTAPLM_embedding_cold_drug,0.995552528,0.773857745,0.991124837,0.436970937,0.669864253,0.62695247,0.446629887
12,MPEK,km,cold_drug,Random Forest,Test,ESMv1,MPEK_km_ESMv1_embedding_cold_drug,0.995720662,0.769750868,0.991459637,0.368732932,0.610641057,0.615192917,0.369729343
45,catpred,km,random,SVR,Validation,ProteinCLIP,catpred_km_ProteinCLIP_embedding_random,0.996203134,0.767014,0.992420683,0.388380182,0.625106297,0.601477089,0.390558302
26,EITLEM,kcat,random,MLP,Validation,MUTAPLM,EITLEM_kcat_MUTAPLM_embedding_random,0.996264513,0.689107422,0.992542979,0.560598485,0.763642273,0.463421128,0.56177893
46,catpred,km,random,SVR,Validation,ESMv1,catpred_km_ESMv1_embedding_random,0.997095634,0.767651934,0.994199703,0.387283788,0.626129006,0.621335394,0.389958086
47,MPEK,km,cold_protein,GBM,Validation,MUTAPLM,MPEK_km_MUTAPLM_embedding_cold_protein,0.997198896,0.759259449,0.994405638,0.385055149,0.625700974,0.606199762,0.385404479
13,MPEK,km,cold_drug,Random Forest,Test,ESM2,MPEK_km_ESM2_embedding_cold_drug,0.997341665,0.773697342,0.994690396,0.366675893,0.608840291,0.634014564,0.36845187
14,EITLEM,km,cold_drug,XGBoost,Test,ProteinCLIP,EITLEM_km_ProteinCLIP_embedding_cold_drug,0.99768787,0.774403347,0.995381086,0.413933325,0.643844577,0.62510833,0.4141215
14,MPEK,km,cold_drug,Random Forest,Validation,ProteinCLIP,MPEK_km_ProteinCLIP_embedding_cold_drug,0.998052491,0.772228088,0.996108775,0.434139707,0.665781732,0.618780488,0.441428168
41,EITLEM,km,cold_protein,Linear Regression,Validation,ESM2,EITLEM_km_ESM2_embedding_cold_protein,0.998177066,0.764040321,0.996357455,0.426786844,0.655337085,0.607925151,0.426793175
27,EITLEM,kcat,random,XGBoost,Test,ProteinCLIP,EITLEM_kcat_ProteinCLIP_embedding_random,0.998670353,0.738227681,0.997342474,0.562034956,0.749756195,0.556771341,0.562086481
58,EITLEM,km,random,SVR,Validation,ProteinCLIP,EITLEM_km_ProteinCLIP_embedding_random,0.998868755,0.747756952,0.99773879,0.393965612,0.627677598,0.583374263,0.393977187
15,EITLEM,km,cold_drug,XGBoost,Test,MUTAPLM,EITLEM_km_MUTAPLM_embedding_cold_drug,0.999063806,0.766592628,0.998128488,0.412315693,0.646197248,0.619227283,0.413135175
48,MPEK,km,cold_protein,SVR,Test,MUTAPLM,MPEK_km_MUTAPLM_embedding_cold_protein,0.99924467,0.751058718,0.99848991,0.409836723,0.641170768,0.575979159,0.409898462
49,MPEK,km,cold_protein,GBM,Test,ESMv1,MPEK_km_ESMv1_embedding_cold_protein,0.999375493,0.769411936,0.998751377,0.409682181,0.6458018,0.618011828,0.409691904
59,EITLEM,km,random,Linear Regression,Test,MUTAPLM,EITLEM_km_MUTAPLM_embedding_random,1.000451746,0.744876688,1.000903696,0.412631247,0.669724236,0.552606032,0.412646923
22,catpred,km,cold_protein,PSICHIC,Validation,ProteinCLIP,catpred_km_ProteinCLIP_embedding_cold_protein,1.0005,0.7562,1.0011,,0.634,,
42,EITLEM,km,cold_protein,GBM,Validation,ESMv1,EITLEM_km_ESMv1_embedding_cold_protein,1.000510421,0.765163593,1.001021103,0.424103806,0.660244597,0.603113167,0.424246983
43,EITLEM,km,cold_protein,GBM,Test,ESM2,EITLEM_km_ESM2_embedding_cold_protein,1.001676266,0.771272901,1.003355343,0.402085558,0.63845453,0.625209632,0.402390516
8,inhouse,Kd,random,XGBoost,Test,ESMv1,inhouse_Kd_ESMv1_embedding_random,1.001727668,0.71027263,1.003458321,0.544344823,0.738931393,0.505193991,0.544435048
23,catpred,km,cold_protein,SVR,Validation,ESM2,catpred_km_ESM2_embedding_cold_protein,1.002371482,0.777210041,1.004748587,0.370259037,0.609197035,0.625411662,0.37039128
15,MPEK,km,cold_drug,PSICHIC,Test,ProteinCLIP,MPEK_km_ProteinCLIP_embedding_cold_drug,1.0028,0.7817,1.0057,,0.6315,,
60,EITLEM,km,random,SVR,Test,ProteinCLIP,EITLEM_km_ProteinCLIP_embedding_random,1.003464615,0.755491604,1.006941233,0.409088188,0.640326285,0.602833076,0.409298654
9,inhouse,Kd,random,XGBoost,Test,ProteinCLIP,inhouse_Kd_ProteinCLIP_embedding_random,1.003495666,0.715114176,1.007003551,0.542734988,0.737538722,0.530560242,0.542857336
24,catpred,km,cold_protein,SVR,Test,ESMv1,catpred_km_ESMv1_embedding_cold_protein,1.003518241,0.768978566,1.00704886,0.365228621,0.605607412,0.619651047,0.36645584
16,MPEK,km,cold_drug,Diffusion,Validation,MUTAPLM,MPEK_km_MUTAPLM_embedding_cold_drug,1.004843552,0.771872846,1.009710563,0.42641293,0.66934565,0.615316808,0.428758608
47,catpred,km,random,GBM,Validation,ESMv1,catpred_km_ESMv1_embedding_random,1.005317693,0.780474715,1.010663664,0.377137199,0.619852192,0.63576082,0.378591331
17,MPEK,km,cold_drug,XGBoost,Validation,ProteinCLIP,MPEK_km_ProteinCLIP_embedding_cold_drug,1.00538066,0.77483272,1.010790271,0.425799579,0.660562316,0.622564076,0.431434691
25,catpred,km,cold_protein,Random Forest,Validation,MUTAPLM,catpred_km_MUTAPLM_embedding_cold_protein,1.006031816,0.777725664,1.012100016,0.365651421,0.609460403,0.621649959,0.365820164
33,catpred,km,cold_drug,SVR,Validation,ESMv1,catpred_km_ESMv1_embedding_cold_drug,1.006205013,0.77254909,1.012448529,0.346753802,0.590196742,0.61717626,0.348331787
48,catpred,km,random,GBM,Test,ESMv1,catpred_km_ESMv1_embedding_random,1.006254706,0.781332838,1.012548533,0.402330139,0.639742665,0.641115766,0.402354324
34,catpred,km,cold_drug,GBM,Validation,ESM2,catpred_km_ESM2_embedding_cold_drug,1.006380323,0.775365834,1.012801354,0.346526154,0.592571721,0.613784169,0.349655625
16,EITLEM,km,cold_drug,PSICHIC,Test,MUTAPLM,EITLEM_km_MUTAPLM_embedding_cold_drug,1.0064,0.7623,1.0128,,0.6601,,
18,MPEK,km,cold_drug,XGBoost,Validation,ESMv1,MPEK_km_ESMv1_embedding_cold_drug,1.006453932,0.784184472,1.012949517,0.424572974,0.668166665,0.631770823,0.442241849
49,catpred,km,random,GBM,Validation,ProteinCLIP,catpred_km_ProteinCLIP_embedding_random,1.006908005,0.783125446,1.013863731,0.375165027,0.617851329,0.619474614,0.376464714
50,MPEK,km,cold_protein,SVR,Validation,ESMv1,MPEK_km_ESMv1_embedding_cold_protein,1.007040641,0.761648361,1.014130853,0.372856988,0.61098831,0.587440897,0.373202263
26,catpred,km,cold_protein,Linear Regression,Validation,ESM2,catpred_km_ESM2_embedding_cold_protein,1.007101418,0.782482178,1.014253267,0.364301839,0.604852234,0.636089774,0.364460775
61,EITLEM,km,random,SVR,Validation,ESMv1,EITLEM_km_ESMv1_embedding_random,1.007201292,0.756420777,1.014454442,0.383812394,0.62012313,0.591790482,0.383884194
27,catpred,km,cold_protein,SVR,Validation,ProteinCLIP,catpred_km_ProteinCLIP_embedding_cold_protein,1.007556326,0.780770258,1.01516975,0.36372742,0.603249064,0.628962906,0.363731498
62,EITLEM,km,random,SVR,Test,ESMv1,EITLEM_km_ESMv1_embedding_random,1.007627311,0.760922407,1.015312798,0.404175432,0.638427992,0.616710352,0.404392199
19,MPEK,km,cold_drug,Random Forest,Test,MUTAPLM,MPEK_km_MUTAPLM_embedding_cold_drug,1.007772704,0.781357285,1.015605822,0.353358941,0.596960589,0.636985732,0.354731181
17,EITLEM,km,cold_drug,Diffusion,Test,ProteinCLIP,EITLEM_km_ProteinCLIP_embedding_cold_drug,1.007830167,0.780490583,1.015721645,0.401957086,0.635783848,0.627813458,0.403172491
50,catpred,km,random,GBM,Validation,ESM2,catpred_km_ESM2_embedding_random,1.007918211,0.784634337,1.01589912,0.373910636,0.617154827,0.634836576,0.375363483
63,EITLEM,km,random,Linear Regression,Validation,ProteinCLIP,EITLEM_km_ProteinCLIP_embedding_random,1.008102919,0.776039939,1.016271496,0.382708701,0.619848128,0.627229288,0.382738824
51,catpred,km,random,SVR,Test,ESM2,catpred_km_ESM2_embedding_random,1.008147811,0.765006612,1.016362008,0.400079186,0.633133106,0.611733495,0.400509227
35,catpred,km,cold_drug,SVR,Validation,ESM2,catpred_km_ESM2_embedding_cold_drug,1.008155501,0.768270837,1.016377515,0.344218765,0.587877245,0.605648245,0.345397089
52,catpred,km,random,Linear Regression,Validation,ESM2,catpred_km_ESM2_embedding_random,1.008178279,0.779377711,1.016423442,0.3735875,0.614249657,0.630334792,0.375415486
36,MPEK,kcat,random,Diffusion,Validation,ESM2,MPEK_kcat_ESM2_embedding_random,1.00817983,0.736785722,1.01642657,0.569103295,0.759203118,0.552333355,0.571972819
28,catpred,km,cold_protein,GBM,Test,ProteinCLIP,catpred_km_ProteinCLIP_embedding_cold_protein,1.00820597,0.780165337,1.016479278,0.359284361,0.601661204,0.642697407,0.359571456
36,catpred,km,cold_drug,GBM,Validation,ESMv1,catpred_km_ESMv1_embedding_cold_drug,1.008242781,0.778683994,1.016553505,0.344105213,0.589989656,0.611915645,0.346688623
53,catpred,km,random,Linear Regression,Test,ESMv1,catpred_km_ESMv1_embedding_random,1.009152435,0.774040979,1.018388637,0.398882941,0.634166457,0.622039411,0.398971191
51,MPEK,km,cold_protein,Linear Regression,Validation,ProteinCLIP,MPEK_km_ProteinCLIP_embedding_cold_protein,1.009236199,0.755671124,1.018557706,0.370119403,0.613647323,0.571943458,0.370368819
54,catpred,km,random,GBM,Test,ESM2,catpred_km_ESM2_embedding_random,1.009587032,0.786543554,1.019265975,0.398365082,0.636586108,0.641398096,0.398419287
28,EITLEM,kcat,random,Diffusion,Validation,ESMv1,EITLEM_kcat_ESMv1_embedding_random,1.010086087,0.721605678,1.020273904,0.548321929,0.747430915,0.517132163,0.550427905
18,EITLEM,km,cold_drug,GBM,Test,ESMv1,EITLEM_km_ESMv1_embedding_cold_drug,1.010861106,0.788216761,1.021840176,0.398354577,0.643081049,0.640845962,0.39903276
20,MPEK,km,cold_drug,PSICHIC,Test,ESMv1,MPEK_km_ESMv1_embedding_cold_drug,1.011,0.7729,1.0221,,0.6141,,
44,EITLEM,km,cold_protein,GBM,Test,ESMv1,EITLEM_km_ESMv1_embedding_cold_protein,1.011389161,0.776756314,1.022908035,0.390433817,0.629320918,0.620067651,0.390777083
10,inhouse,Kd,random,Random Forest,Validation,MUTAPLM,inhouse_Kd_MUTAPLM_embedding_random,1.01187235,0.710496364,1.023885652,0.565181311,0.757332558,0.488885096,0.565223883
52,MPEK,km,cold_protein,Linear Regression,Validation,ESM2,MPEK_km_ESM2_embedding_cold_protein,1.011885114,0.754691188,1.023911484,0.366808603,0.622001611,0.559042819,0.366859544
37,catpred,km,cold_drug,Diffusion,Test,ProteinCLIP,catpred_km_ProteinCLIP_embedding_cold_drug,1.011904149,0.783154148,1.023950006,0.367358102,0.616857372,0.633870244,0.367799718
55,catpred,km,random,GBM,Test,ProteinCLIP,catpred_km_ProteinCLIP_embedding_random,1.012722745,0.787242305,1.025607358,0.394621998,0.633226494,0.643982208,0.394689601
21,MPEK,km,cold_drug,XGBoost,Test,ProteinCLIP,MPEK_km_ProteinCLIP_embedding_cold_drug,1.012948751,0.783542902,1.026065172,0.346699424,0.594119594,0.631377676,0.347925279
29,EITLEM,kcat,random,MLP,Test,MUTAPLM,EITLEM_kcat_MUTAPLM_embedding_random,1.013294992,0.708317665,1.026766741,0.549113818,0.756838004,0.478745108,0.550819895
38,catpred,km,cold_drug,GBM,Validation,ProteinCLIP,catpred_km_ProteinCLIP_embedding_cold_drug,1.01336015,0.783528407,1.026898794,0.337430286,0.584611395,0.62609507,0.341214929
22,MPEK,km,cold_drug,PSICHIC,Validation,ProteinCLIP,MPEK_km_ProteinCLIP_embedding_cold_drug,1.0136,0.7706,1.0274,,0.6696,,
45,EITLEM,km,cold_protein,Linear Regression,Validation,ESMv1,EITLEM_km_ESMv1_embedding_cold_protein,1.013634047,0.767377033,1.027453981,0.40889674,0.649109787,0.594138431,0.408901419
56,catpred,km,random,Linear Regression,Validation,MUTAPLM,catpred_km_MUTAPLM_embedding_random,1.01377138,0.784757131,1.027732411,0.366617886,0.620579552,0.634350655,0.367883129
53,MPEK,km,cold_protein,SVR,Test,ESM2,MPEK_km_ESM2_embedding_cold_protein,1.013876413,0.768529186,1.027945381,0.392426895,0.626523189,0.603513517,0.392454073
46,EITLEM,km,cold_protein,GBM,Validation,ESM2,EITLEM_km_ESM2_embedding_cold_protein,1.014701431,0.776307152,1.029618995,0.407651189,0.644107415,0.609846069,0.407714208
11,inhouse,Kd,random,XGBoost,Test,ESM2,inhouse_Kd_ESM2_embedding_random,1.014871667,0.709621455,1.029964501,0.53230877,0.731243401,0.493259054,0.532315698
23,MPEK,km,cold_drug,XGBoost,Test,MUTAPLM,MPEK_km_MUTAPLM_embedding_cold_drug,1.015044765,0.785047887,1.030315876,0.34399298,0.597019011,0.62618922,0.34441276
24,MPEK,km,cold_drug,PSICHIC,Test,ESM2,MPEK_km_ESM2_embedding_cold_drug,1.0155,0.7776,1.0313,,0.6238,,
39,catpred,km,cold_drug,Linear Regression,Validation,MUTAPLM,catpred_km_MUTAPLM_embedding_cold_drug,1.01552753,0.776859305,1.031296164,0.33459304,0.609811643,0.608347719,0.338521863
47,EITLEM,km,cold_protein,SVR,Validation,MUTAPLM,EITLEM_km_MUTAPLM_embedding_cold_protein,1.015856664,0.746050505,1.031964763,0.406301648,0.637496042,0.539763187,0.406399359
25,MPEK,km,cold_drug,GBM,Test,ProteinCLIP,MPEK_km_ProteinCLIP_embedding_cold_drug,1.016108939,0.79542355,1.032477376,0.342616743,0.594384454,0.65625591,0.343084239
12,inhouse,Kd,random,XGBoost,Test,MUTAPLM,inhouse_Kd_MUTAPLM_embedding_random,1.016137254,0.711893866,1.03253492,0.531141581,0.730203729,0.503527514,0.531141775
29,catpred,km,cold_protein,GBM,Test,ESM2,catpred_km_ESM2_embedding_cold_protein,1.016328906,0.788046953,1.032924444,0.348918508,0.593536554,0.648662068,0.349774082
30,catpred,km,cold_protein,GBM,Test,ESMv1,catpred_km_ESMv1_embedding_cold_protein,1.016410269,0.787833059,1.033089835,0.348814257,0.592894109,0.649031295,0.349133931
40,catpred,km,cold_drug,GBM,Validation,MUTAPLM,catpred_km_MUTAPLM_embedding_cold_drug,1.016529535,0.785969069,1.033332296,0.333279299,0.582224429,0.624435043,0.336486345
26,MPEK,km,cold_drug,XGBoost,Test,ESM2,MPEK_km_ESM2_embedding_cold_drug,1.017119033,0.788439539,1.034531128,0.341309109,0.594012331,0.62655344,0.341853534
31,catpred,km,cold_protein,SVR,Validation,ESMv1,catpred_km_ESMv1_embedding_cold_protein,1.017377342,0.789920955,1.035056657,0.351263008,0.593738055,0.640773592,0.351302864
30,EITLEM,kcat,random,Diffusion,Test,ESMv1,EITLEM_kcat_ESMv1_embedding_random,1.017521271,0.729210648,1.035349537,0.545344839,0.74320785,0.522888541,0.546156467
41,catpred,km,cold_drug,Linear Regression,Validation,ESM2,catpred_km_ESM2_embedding_cold_drug,1.018375554,0.785512766,1.037088769,0.330855568,0.58769325,0.62663654,0.331834722
48,EITLEM,km,cold_protein,GBM,Validation,ProteinCLIP,EITLEM_km_ProteinCLIP_embedding_cold_protein,1.018379595,0.782137666,1.037096999,0.403349028,0.638935469,0.620689221,0.403422087
57,catpred,km,random,GBM,Test,MUTAPLM,catpred_km_MUTAPLM_embedding_random,1.018798709,0.794754912,1.037950809,0.387336117,0.628865339,0.650765964,0.387399964
42,catpred,km,cold_drug,XGBoost,Test,ProteinCLIP,catpred_km_ProteinCLIP_embedding_cold_drug,1.018877746,0.790549362,1.038111862,0.358608273,0.618236931,0.636122217,0.363509859
64,EITLEM,km,random,Linear Regression,Test,ProteinCLIP,EITLEM_km_ProteinCLIP_embedding_random,1.019129951,0.784444865,1.038625858,0.390494433,0.625715099,0.637962648,0.390496787
27,MPEK,km,cold_drug,XGBoost,Test,ESMv1,MPEK_km_ESMv1_embedding_cold_drug,1.019489812,0.788171733,1.039359476,0.338234877,0.588941159,0.627820342,0.338334254
28,MPEK,km,cold_drug,GBM,Test,ESM2,MPEK_km_ESM2_embedding_cold_drug,1.020080755,0.790943096,1.040564747,0.337467475,0.587491074,0.64051383,0.337817969
32,catpred,km,cold_protein,PSICHIC,Validation,ESM2,catpred_km_ESM2_embedding_cold_protein,1.0201,0.7752,1.0405,,0.6295,,
33,catpred,km,cold_protein,Diffusion,Test,MUTAPLM,catpred_km_MUTAPLM_embedding_cold_protein,1.020566397,0.778953039,1.04155577,0.343477943,0.597299929,0.622389011,0.344868888
49,EITLEM,km,cold_protein,SVR,Validation,ESM2,EITLEM_km_ESM2_embedding_cold_protein,1.020634289,0.754880339,1.041694353,0.40070413,0.634463702,0.578566313,0.401169342
43,catpred,km,cold_drug,Linear Regression,Validation,ESMv1,catpred_km_ESMv1_embedding_cold_drug,1.02092167,0.784913522,1.042281056,0.327505431,0.592154265,0.622763732,0.328941013
58,catpred,km,random,Linear Regression,Test,ESM2,catpred_km_ESM2_embedding_random,1.020945708,0.783650775,1.042330139,0.384751161,0.621904941,0.636261176,0.38493727
29,MPEK,km,cold_drug,Diffusion,Test,ESM2,MPEK_km_ESM2_embedding_cold_drug,1.021086987,0.791545423,1.042618635,0.33615976,0.594995046,0.640968263,0.336164086
30,MPEK,km,cold_drug,GBM,Test,ESMv1,MPEK_km_ESMv1_embedding_cold_drug,1.021098499,0.796813852,1.042642145,0.336144786,0.586033714,0.643868222,0.336541363
59,catpred,km,random,GBM,Validation,MUTAPLM,catpred_km_MUTAPLM_embedding_random,1.02110539,0.79601925,1.042656218,0.35742048,0.604334976,0.639076651,0.358957166
34,catpred,km,cold_protein,Linear Regression,Test,ESM2,catpred_km_ESM2_embedding_cold_protein,1.021732392,0.788508041,1.043937081,0.341976931,0.59147043,0.64145868,0.342979285
13,inhouse,Kd,random,PSICHIC,Test,MUTAPLM,inhouse_Kd_MUTAPLM_embedding_random,1.0221,0.7065,1.0446,,0.7366,,
60,catpred,km,random,SVR,Test,ESMv1,catpred_km_ESMv1_embedding_random,1.022218549,0.776210305,1.044930762,0.383216109,0.620201122,0.611901469,0.38354682
31,MPEK,km,cold_drug,Diffusion,Test,ESMv1,MPEK_km_ESMv1_embedding_cold_drug,1.022282326,0.788148357,1.045061155,0.334604596,0.596517988,0.641836166,0.334660053
54,MPEK,km,cold_protein,SVR,Test,ESMv1,MPEK_km_ESMv1_embedding_cold_protein,1.022402353,0.780734828,1.045306571,0.382165463,0.618926502,0.617709348,0.382165519
19,EITLEM,km,cold_drug,PSICHIC,Validation,MUTAPLM,EITLEM_km_MUTAPLM_embedding_cold_drug,1.0227,0.7628,1.0459,,0.7146,,
61,catpred,km,random,Linear Regression,Test,MUTAPLM,catpred_km_MUTAPLM_embedding_random,1.022798631,0.782409409,1.046117039,0.382515894,0.631283974,0.620005922,0.382542413
55,MPEK,km,cold_protein,Linear Regression,Validation,ESMv1,MPEK_km_ESMv1_embedding_cold_protein,1.022893258,0.748089934,1.046310617,0.35295688,0.625532043,0.549456587,0.353718542
32,MPEK,km,cold_drug,SVR,Test,MUTAPLM,MPEK_km_MUTAPLM_embedding_cold_drug,1.023084117,0.781962381,1.046701111,0.333560423,0.582053618,0.617253139,0.333735696
50,EITLEM,km,cold_protein,GBM,Validation,MUTAPLM,EITLEM_km_MUTAPLM_embedding_cold_protein,1.02315109,0.78770479,1.046838152,0.397744857,0.637427424,0.630994429,0.397913379
20,EITLEM,km,cold_drug,GBM,Test,ESM2,EITLEM_km_ESM2_embedding_cold_drug,1.023165832,0.797999217,1.04686832,0.38361835,0.628686544,0.65206103,0.384413255
35,catpred,km,cold_protein,XGBoost,Validation,ESMv1,catpred_km_ESMv1_embedding_cold_protein,1.023351016,0.782206903,1.047247302,0.343622342,0.590956341,0.623686031,0.343625868
33,MPEK,km,cold_drug,Diffusion,Test,ProteinCLIP,MPEK_km_ProteinCLIP_embedding_cold_drug,1.023798919,0.790939891,1.048164226,0.332628856,0.582508867,0.638829812,0.333617787
21,EITLEM,km,cold_drug,Diffusion,Validation,ESMv1,EITLEM_km_ESMv1_embedding_cold_drug,1.024905716,0.771624379,1.050431726,0.501018966,0.712192192,0.599645197,0.507217436
62,catpred,km,random,SVR,Test,ProteinCLIP,catpred_km_ProteinCLIP_embedding_random,1.025227519,0.78030154,1.051091465,0.379579675,0.616561221,0.629941982,0.380142513
51,EITLEM,km,cold_protein,Linear Regression,Test,ESM2,EITLEM_km_ESM2_embedding_cold_protein,1.025411878,0.779879149,1.051469519,0.373413601,0.619262476,0.611300576,0.373470336
56,MPEK,km,cold_protein,GBM,Test,MUTAPLM,MPEK_km_MUTAPLM_embedding_cold_protein,1.025579202,0.786502056,1.0518127,0.378319977,0.620199907,0.634905109,0.378796254
34,MPEK,km,cold_drug,GBM,Test,MUTAPLM,MPEK_km_MUTAPLM_embedding_cold_drug,1.025594049,0.801194861,1.051843154,0.33028646,0.582109939,0.658505896,0.330318557
44,catpred,km,cold_drug,SVR,Test,ESM2,catpred_km_ESM2_embedding_cold_drug,1.026177169,0.800998374,1.053039581,0.349385263,0.59151414,0.66190018,0.34972859
57,MPEK,km,cold_protein,SVR,Test,ProteinCLIP,MPEK_km_ProteinCLIP_embedding_cold_protein,1.026705609,0.778692406,1.054124408,0.376953629,0.614003269,0.607585332,0.37695871
45,catpred,km,cold_drug,SVR,Validation,ProteinCLIP,catpred_km_ProteinCLIP_embedding_cold_drug,1.027091336,0.784280708,1.054916613,0.31935279,0.566982279,0.625748664,0.320438135
36,catpred,km,cold_protein,Linear Regression,Validation,ESMv1,catpred_km_ESMv1_embedding_cold_protein,1.027122007,0.803481178,1.054979617,0.338776,0.592823383,0.659071177,0.338781081
22,EITLEM,km,cold_drug,SVR,Test,ESMv1,EITLEM_km_ESMv1_embedding_cold_drug,1.027892289,0.797640512,1.056562557,0.377910517,0.616498783,0.652275429,0.378305657
14,inhouse,Kd,random,XGBoost,Validation,ESMv1,inhouse_Kd_ESMv1_embedding_random,1.028468969,0.722220705,1.057748421,0.550800638,0.742346177,0.506835792,0.550801719
58,MPEK,km,cold_protein,MLP,Validation,MUTAPLM,MPEK_km_MUTAPLM_embedding_cold_protein,1.028798304,0.751719181,1.058425951,0.345464704,0.620056549,0.54819084,0.347967003
37,catpred,km,cold_protein,Linear Regression,Test,ProteinCLIP,catpred_km_ProteinCLIP_embedding_cold_protein,1.029002351,0.790337863,1.058845837,0.33257952,0.58061998,0.64576118,0.333378615
23,EITLEM,km,cold_drug,PSICHIC,Validation,ESM2,EITLEM_km_ESM2_embedding_cold_drug,1.0292,0.7742,1.0592,,0.7146,,
52,EITLEM,km,cold_protein,GBM,Test,MUTAPLM,EITLEM_km_MUTAPLM_embedding_cold_protein,1.029230683,0.793251949,1.059315798,0.368737886,0.612647069,0.638528532,0.369019649
59,MPEK,km,cold_protein,Linear Regression,Test,ESM2,MPEK_km_ESM2_embedding_cold_protein,1.029877167,0.791378343,1.060646979,0.373098425,0.624479239,0.62430776,0.373625567
15,inhouse,Kd,random,Diffusion,Test,MUTAPLM,inhouse_Kd_MUTAPLM_embedding_random,1.03013406,0.702692545,1.061176181,0.518136022,0.726465924,0.466316342,0.519152964
24,EITLEM,km,cold_drug,GBM,Test,MUTAPLM,EITLEM_km_MUTAPLM_embedding_cold_drug,1.030165041,0.807716382,1.061240012,0.375156496,0.626005727,0.663265851,0.376552559
35,MPEK,km,cold_drug,MLP,Validation,ESM2,MPEK_km_ESM2_embedding_cold_drug,1.030181304,0.792710631,1.061273519,0.39712152,0.662585891,0.630438584,0.413231079
38,catpred,km,cold_protein,PSICHIC,Test,MUTAPLM,catpred_km_MUTAPLM_embedding_cold_protein,1.0302,0.7915,1.0614,,0.5822,,
37,MPEK,kcat,random,SVR,Test,MUTAPLM,MPEK_kcat_MUTAPLM_embedding_random,1.030202984,0.71034463,1.061318188,0.530150167,0.732389821,0.458430263,0.533381383
53,EITLEM,km,cold_protein,GBM,Test,ProteinCLIP,EITLEM_km_ProteinCLIP_embedding_cold_protein,1.030293656,0.788204197,1.061505018,0.367433297,0.608856652,0.633964726,0.368093939
39,catpred,km,cold_protein,XGBoost,Validation,ESM2,catpred_km_ESM2_embedding_cold_protein,1.0305404,0.791360872,1.062013515,0.334367401,0.585258813,0.633507074,0.335877159
54,EITLEM,km,cold_protein,SVR,Validation,ProteinCLIP,EITLEM_km_ProteinCLIP_embedding_cold_protein,1.031689673,0.766086083,1.064383581,0.387650818,0.624116011,0.597645146,0.38833454
40,catpred,km,cold_protein,Diffusion,Validation,ESM2,catpred_km_ESM2_embedding_cold_protein,1.032093821,0.784714393,1.065217655,0.332359162,0.599362858,0.610520482,0.332362429
55,EITLEM,km,cold_protein,Linear Regression,Validation,ProteinCLIP,EITLEM_km_ProteinCLIP_embedding_cold_protein,1.032438787,0.791253082,1.065929849,0.386761237,0.623183039,0.626043315,0.387064998
56,EITLEM,km,cold_protein,MLP,Test,MUTAPLM,EITLEM_km_MUTAPLM_embedding_cold_protein,1.032634285,0.751352695,1.066333566,0.364555893,0.63542879,0.547409208,0.36474034
25,EITLEM,km,cold_drug,MLP,Test,ESMv1,EITLEM_km_ESMv1_embedding_cold_drug,1.033490151,0.784888429,1.068101892,0.371116316,0.634972428,0.616839486,0.374437914
36,MPEK,km,cold_drug,SVR,Validation,MUTAPLM,MPEK_km_MUTAPLM_embedding_cold_drug,1.033602674,0.798595868,1.068334487,0.39311039,0.631223905,0.658999385,0.398378094
26,EITLEM,km,cold_drug,SVR,Test,ESM2,EITLEM_km_ESM2_embedding_cold_drug,1.03361188,0.802411949,1.068353519,0.370968161,0.609692716,0.650704617,0.371614985
41,catpred,km,cold_protein,Diffusion,Validation,MUTAPLM,catpred_km_MUTAPLM_embedding_cold_protein,1.033846097,0.797390745,1.068837752,0.330090213,0.583812593,0.64524807,0.330299663
37,MPEK,km,cold_drug,Diffusion,Validation,ProteinCLIP,MPEK_km_ProteinCLIP_embedding_cold_drug,1.034067002,0.801916228,1.069294564,0.392565,0.632860264,0.673613683,0.39847217
42,catpred,km,cold_protein,GBM,Validation,ESMv1,catpred_km_ESMv1_embedding_cold_protein,1.034252993,0.80478918,1.069679254,0.329562786,0.578441861,0.652136679,0.329563085
43,catpred,km,cold_protein,GBM,Validation,ProteinCLIP,catpred_km_ProteinCLIP_embedding_cold_protein,1.034344792,0.806880105,1.06986915,0.329443766,0.576618731,0.655001076,0.329485997
27,EITLEM,km,cold_drug,GBM,Test,ProteinCLIP,EITLEM_km_ProteinCLIP_embedding_cold_drug,1.03467435,0.809098755,1.070551011,0.369674308,0.617409669,0.661930402,0.371489892
46,catpred,km,cold_drug,GBM,Test,ProteinCLIP,catpred_km_ProteinCLIP_embedding_cold_drug,1.035029403,0.81914335,1.071285865,0.338111897,0.583939097,0.685729708,0.339794744
47,catpred,km,cold_drug,SVR,Test,ESMv1,catpred_km_ESMv1_embedding_cold_drug,1.035100623,0.80857924,1.071433301,0.338020804,0.581585827,0.6618333,0.338144938
48,catpred,km,cold_drug,MLP,Validation,ESMv1,catpred_km_ESMv1_embedding_cold_drug,1.036466894,0.78879203,1.074263622,0.306869825,0.620501988,0.611737531,0.307166855
1,MPEK,kcat,cold_drug,Random Forest,Validation,ESM2,MPEK_kcat_ESM2_embedding_cold_drug,1.036829621,0.708164318,1.075015663,0.497530013,0.706655795,0.466629152,0.498811119
49,catpred,km,cold_drug,GBM,Test,ESM2,catpred_km_ESM2_embedding_cold_drug,1.037483256,0.821977045,1.076371507,0.334969761,0.581765356,0.686099444,0.337102873
38,MPEK,km,cold_drug,SVR,Test,ESM2,MPEK_km_ESM2_embedding_cold_drug,1.037495174,0.798676583,1.076396237,0.314653395,0.562478041,0.637260572,0.315474748
39,MPEK,km,cold_drug,SVR,Test,ESMv1,MPEK_km_ESMv1_embedding_cold_drug,1.037858704,0.800652416,1.077150689,0.314173032,0.561939117,0.644642219,0.31511801
44,catpred,km,cold_protein,GBM,Test,MUTAPLM,catpred_km_MUTAPLM_embedding_cold_protein,1.038319268,0.803830181,1.078106903,0.320438726,0.568752736,0.655496184,0.320977605
45,catpred,km,cold_protein,Linear Regression,Validation,ProteinCLIP,catpred_km_ProteinCLIP_embedding_cold_protein,1.038327673,0.812153123,1.078124356,0.324269694,0.570966062,0.655675477,0.324270639
16,inhouse,Kd,random,PSICHIC,Test,ESM2,inhouse_Kd_ESM2_embedding_random,1.0389,0.7308,1.0793,,0.7205,,
63,catpred,km,random,Linear Regression,Validation,ProteinCLIP,catpred_km_ProteinCLIP_embedding_random,1.039481444,0.805670305,1.080521673,0.334084345,0.581631169,0.647169971,0.33591289
50,catpred,km,cold_drug,MLP,Test,MUTAPLM,catpred_km_MUTAPLM_embedding_cold_drug,1.040437218,0.790923562,1.082509605,0.33117737,0.641843464,0.614233994,0.339375753
40,MPEK,km,cold_drug,PSICHIC,Validation,MUTAPLM,MPEK_km_MUTAPLM_embedding_cold_drug,1.0407,0.7917,1.083,,0.6507,,
17,inhouse,Kd,random,XGBoost,Validation,MUTAPLM,inhouse_Kd_MUTAPLM_embedding_random,1.040909905,0.732721965,1.083493429,0.539867375,0.734804364,0.503886875,0.539872773
41,MPEK,km,cold_drug,Diffusion,Test,MUTAPLM,MPEK_km_MUTAPLM_embedding_cold_drug,1.042250501,0.800937511,1.086286107,0.308356473,0.592058313,0.629798174,0.308377948
46,catpred,km,cold_protein,XGBoost,Test,MUTAPLM,catpred_km_MUTAPLM_embedding_cold_protein,1.044093288,0.80352673,1.090130794,0.312859727,0.566754135,0.654856133,0.312907234
18,inhouse,Kd,random,XGBoost,Validation,ESM2,inhouse_Kd_ESM2_embedding_random,1.044218584,0.724784071,1.090392451,0.536937533,0.73288929,0.520709581,0.536968487
57,EITLEM,km,cold_protein,SVR,Test,ESM2,EITLEM_km_ESM2_embedding_cold_protein,1.044318221,0.770985047,1.090600547,0.350094837,0.592915354,0.590026889,0.351102882
51,catpred,km,cold_drug,MLP,Validation,MUTAPLM,catpred_km_MUTAPLM_embedding_cold_drug,1.044535437,0.782441674,1.091054279,0.296036254,0.625187064,0.589524626,0.305257585
19,inhouse,Kd,random,PSICHIC,Test,ProteinCLIP,inhouse_Kd_ProteinCLIP_embedding_random,1.0446,0.7241,1.0912,,0.7201,,
52,catpred,km,cold_drug,GBM,Test,MUTAPLM,catpred_km_MUTAPLM_embedding_cold_drug,1.045001301,0.826789387,1.09202772,0.325296655,0.574449048,0.691056272,0.32772947
53,catpred,km,cold_drug,GBM,Test,ESMv1,catpred_km_ESMv1_embedding_cold_drug,1.045354581,0.829614326,1.0927662,0.324840389,0.572696442,0.705220853,0.327387726
28,EITLEM,km,cold_drug,SVR,Test,ProteinCLIP,EITLEM_km_ProteinCLIP_embedding_cold_drug,1.045358434,0.814343897,1.092774256,0.356589567,0.59786752,0.665598108,0.357443159
31,EITLEM,kcat,random,MLP,Validation,ESMv1,EITLEM_kcat_ESMv1_embedding_random,1.045675045,0.736340466,1.0934363,0.515932733,0.730403208,0.506874448,0.516161468
60,MPEK,km,cold_protein,Linear Regression,Test,ProteinCLIP,MPEK_km_ProteinCLIP_embedding_cold_protein,1.04594519,0.802111693,1.09400134,0.353384136,0.601552724,0.642305322,0.353426688
58,EITLEM,km,cold_protein,SVR,Validation,ESMv1,EITLEM_km_ESMv1_embedding_cold_protein,1.04602135,0.777819918,1.094160664,0.370519802,0.611727462,0.600624373,0.37147126
47,catpred,km,cold_protein,PSICHIC,Validation,ESMv1,catpred_km_ESMv1_embedding_cold_protein,1.0464,0.793,1.095,,0.6072,,
29,EITLEM,km,cold_drug,Diffusion,Validation,MUTAPLM,EITLEM_km_MUTAPLM_embedding_cold_drug,1.046420837,0.777931666,1.094996567,0.479849565,0.699667836,0.565434277,0.488930333
42,MPEK,km,cold_drug,SVR,Test,ProteinCLIP,MPEK_km_ProteinCLIP_embedding_cold_drug,1.046495257,0.806213628,1.095152323,0.302711306,0.551704345,0.642540446,0.303656572
1,catpred,kcat,random,Random Forest,Test,ESMv1,catpred_kcat_ESMv1_embedding_random,1.046764192,0.746175357,1.095715275,0.595502781,0.781375715,0.531789025,0.59551917
54,catpred,km,cold_drug,Linear Regression,Test,ESMv1,catpred_km_ESMv1_embedding_cold_drug,1.046934238,0.822319089,1.096071298,0.322798352,0.585201389,0.684670968,0.322944991
55,catpred,km,cold_drug,MLP,Test,ESMv1,catpred_km_ESMv1_embedding_cold_drug,1.047162132,0.797424774,1.09654853,0.322503498,0.633213186,0.630285256,0.322854011
56,catpred,km,cold_drug,SVR,Test,ProteinCLIP,catpred_km_ProteinCLIP_embedding_cold_drug,1.047181868,0.818995336,1.096589866,0.322477958,0.569742072,0.674251611,0.323017417
32,EITLEM,kcat,random,MLP,Test,ESMv1,EITLEM_kcat_ESMv1_embedding_random,1.047379741,0.741135938,1.097004321,0.518270245,0.729592991,0.522658483,0.518501784
30,EITLEM,km,cold_drug,PSICHIC,Validation,ProteinCLIP,EITLEM_km_ProteinCLIP_embedding_cold_drug,1.0474,0.7785,1.0969,,0.7055,,
38,MPEK,kcat,random,SVR,Validation,MUTAPLM,MPEK_kcat_MUTAPLM_embedding_random,1.048321947,0.736860512,1.098978904,0.53410664,0.735699633,0.501268604,0.538418921
43,MPEK,km,cold_drug,GBM,Validation,MUTAPLM,MPEK_km_MUTAPLM_embedding_cold_drug,1.048896994,0.83481352,1.100184903,0.3750171,0.632729201,0.708517307,0.392138382
48,catpred,km,cold_protein,Linear Regression,Test,ESMv1,catpred_km_ESMv1_embedding_cold_protein,1.04931953,0.80103291,1.101071476,0.305963506,0.571784789,0.639489182,0.306378353
20,inhouse,Kd,random,XGBoost,Validation,ProteinCLIP,inhouse_Kd_ProteinCLIP_embedding_random,1.049732341,0.740295262,1.101937987,0.532034431,0.729509981,0.533567989,0.532035284
21,inhouse,Kd,random,PSICHIC,Test,ESMv1,inhouse_Kd_ESMv1_embedding_random,1.0498,0.7339,1.102,,0.7166,,
2,catpred,kcat,random,Random Forest,Test,ESM2,catpred_kcat_ESM2_embedding_random,1.049848112,0.750566265,1.102181059,0.593115854,0.780310514,0.53010516,0.593126254
44,MPEK,km,cold_drug,XGBoost,Validation,MUTAPLM,MPEK_km_MUTAPLM_embedding_cold_drug,1.049991891,0.815530429,1.10248297,0.373711635,0.629355978,0.656332689,0.391619868
57,catpred,km,cold_drug,Linear Regression,Test,ESM2,catpred_km_ESM2_embedding_cold_drug,1.050244987,0.822822508,1.103014532,0.318508514,0.575653389,0.672139027,0.318551762
64,catpred,km,random,Linear Regression,Test,ProteinCLIP,catpred_km_ProteinCLIP_embedding_random,1.051453159,0.809071892,1.105553745,0.34743261,0.590703574,0.653734447,0.347692056
45,MPEK,km,cold_drug,GBM,Validation,ESMv1,MPEK_km_ESMv1_embedding_cold_drug,1.051492159,0.83287731,1.10563576,0.371920627,0.626767986,0.69195063,0.387528027
49,catpred,km,cold_protein,GBM,Validation,ESM2,catpred_km_ESM2_embedding_cold_protein,1.051771295,0.8205059,1.106222858,0.306658545,0.555538821,0.662922035,0.306662707
31,EITLEM,km,cold_drug,MLP,Test,ESM2,EITLEM_km_ESM2_embedding_cold_drug,1.052313699,0.812379698,1.107364121,0.347999256,0.609329292,0.654864135,0.348411952
50,catpred,km,cold_protein,SVR,Test,MUTAPLM,catpred_km_MUTAPLM_embedding_cold_protein,1.052488823,0.815650403,1.107732722,0.301764734,0.549569374,0.676080951,0.30184475
59,EITLEM,km,cold_protein,Linear Regression,Test,ESMv1,EITLEM_km_ESMv1_embedding_cold_protein,1.05258344,0.796773202,1.107931898,0.339766826,0.602797299,0.6116184,0.339771839
33,EITLEM,kcat,random,Diffusion,Test,ESM2,EITLEM_kcat_ESM2_embedding_random,1.052652813,0.766713092,1.108077944,0.513407465,0.722843681,0.558645964,0.513652505
3,catpred,kcat,random,PSICHIC,Test,ESM2,catpred_kcat_ESM2_embedding_random,1.0528,0.7305,1.1084,,0.7763,,
61,MPEK,km,cold_protein,Linear Regression,Test,ESMv1,MPEK_km_ESMv1_embedding_cold_protein,1.053316308,0.807154057,1.109475245,0.344238194,0.613114823,0.64854439,0.345086035
32,EITLEM,km,cold_drug,Diffusion,Validation,ESM2,EITLEM_km_ESM2_embedding_cold_drug,1.054514819,0.805010336,1.112001503,0.4717718,0.691751305,0.636149138,0.478434461
33,EITLEM,km,cold_drug,XGBoost,Validation,ESMv1,EITLEM_km_ESMv1_embedding_cold_drug,1.056665659,0.817235972,1.116542315,0.469614801,0.687339493,0.6502357,0.472363108
51,catpred,km,cold_protein,MLP,Test,ProteinCLIP,catpred_km_ProteinCLIP_embedding_cold_protein,1.057174466,0.795021592,1.117617852,0.295533857,0.61798711,0.619302719,0.295747012
46,MPEK,km,cold_drug,GBM,Validation,ESM2,MPEK_km_ESM2_embedding_cold_drug,1.057448424,0.836072134,1.118197169,0.364784858,0.623667145,0.701298525,0.383741965
4,catpred,kcat,random,Diffusion,Test,MUTAPLM,catpred_kcat_MUTAPLM_embedding_random,1.057571832,0.729266475,1.118458179,0.587106951,0.768913878,0.487843394,0.587234795
62,MPEK,km,cold_protein,MLP,Test,MUTAPLM,MPEK_km_MUTAPLM_embedding_cold_protein,1.057803826,0.778386472,1.118948933,0.338638716,0.615330343,0.585446455,0.341847559
58,catpred,km,cold_drug,Linear Regression,Validation,ProteinCLIP,catpred_km_ProteinCLIP_embedding_cold_drug,1.058045302,0.808745181,1.119459861,0.277708568,0.542566935,0.639847598,0.279427086
34,EITLEM,km,cold_drug,Random Forest,Validation,ESMv1,EITLEM_km_ESMv1_embedding_cold_drug,1.058091788,0.814450401,1.119558232,0.468182166,0.696065409,0.645600266,0.470929835
34,EITLEM,kcat,random,Diffusion,Validation,ESM2,EITLEM_kcat_ESM2_embedding_random,1.058461157,0.770962416,1.120340021,0.504022384,0.721804472,0.567043006,0.505380755
35,EITLEM,km,cold_drug,XGBoost,Validation,ProteinCLIP,EITLEM_km_ProteinCLIP_embedding_cold_drug,1.059104843,0.820385701,1.121703068,0.467163315,0.685815109,0.673992868,0.470342364
1,EITLEM,kcat,cold_drug,Random Forest,Test,ESM2,EITLEM_kcat_ESM2_embedding_cold_drug,1.06044106,0.76352605,1.124535242,0.492748897,0.708116284,0.547411967,0.493910834
60,EITLEM,km,cold_protein,SVR,Test,ProteinCLIP,EITLEM_km_ProteinCLIP_embedding_cold_protein,1.060917231,0.785510558,1.125545372,0.329270694,0.57619107,0.608404917,0.330884991
36,EITLEM,km,cold_drug,PSICHIC,Validation,ESMv1,EITLEM_km_ESMv1_embedding_cold_drug,1.061,0.7881,1.1258,,0.6933,,
37,EITLEM,km,cold_drug,MLP,Test,MUTAPLM,EITLEM_km_MUTAPLM_embedding_cold_drug,1.061452579,0.804967113,1.126681578,0.336625404,0.622646214,0.62777431,0.336626995
52,catpred,km,cold_protein,GBM,Validation,MUTAPLM,catpred_km_MUTAPLM_embedding_cold_protein,1.062433591,0.826961801,1.128765136,0.29252984,0.543329028,0.662182178,0.292623402
22,inhouse,Kd,random,SVR,Test,MUTAPLM,inhouse_Kd_MUTAPLM_embedding_random,1.063663764,0.759690091,1.131380603,0.486257258,0.701157258,0.528761388,0.489216742
38,EITLEM,km,cold_drug,Random Forest,Validation,ESM2,EITLEM_km_ESM2_embedding_cold_drug,1.063693369,0.817414104,1.131443583,0.46253633,0.692322352,0.648841897,0.465375572
39,EITLEM,km,cold_drug,XGBoost,Validation,MUTAPLM,EITLEM_km_MUTAPLM_embedding_cold_drug,1.064302176,0.812160432,1.132739122,0.461920917,0.681054922,0.622669511,0.463528599
2,EITLEM,kcat,cold_drug,Random Forest,Test,ESMv1,EITLEM_kcat_ESMv1_embedding_cold_drug,1.064742425,0.760806714,1.133676432,0.488625523,0.704490244,0.539820349,0.490113779
5,catpred,kcat,random,Diffusion,Test,ESMv1,catpred_kcat_ESMv1_embedding_random,1.064835421,0.763674134,1.133874474,0.58141583,0.764446743,0.549215555,0.581924065
35,EITLEM,kcat,random,MLP,Test,ESM2,EITLEM_kcat_ESM2_embedding_random,1.065094941,0.762946741,1.134427233,0.501836645,0.720611899,0.546725629,0.501953658
23,inhouse,Kd,random,Diffusion,Test,ESMv1,inhouse_Kd_ESMv1_embedding_random,1.065849656,0.757551532,1.13603549,0.484143547,0.704480972,0.530291438,0.485393322
24,inhouse,Kd,random,Diffusion,Validation,MUTAPLM,inhouse_Kd_MUTAPLM_embedding_random,1.065863926,0.716184178,1.13606591,0.517541156,0.722778032,0.471954435,0.518309046
59,catpred,km,cold_drug,MLP,Validation,ESM2,catpred_km_ESM2_embedding_cold_drug,1.066448255,0.815638743,1.137311881,0.266190191,0.595319145,0.650361564,0.267170776
40,EITLEM,km,cold_drug,XGBoost,Validation,ESM2,EITLEM_km_ESM2_embedding_cold_drug,1.066794316,0.811346644,1.138050112,0.459398065,0.680468947,0.636295549,0.461947683
61,EITLEM,km,cold_protein,SVR,Test,ESMv1,EITLEM_km_ESMv1_embedding_cold_protein,1.067024258,0.794473061,1.138540766,0.321526544,0.568611043,0.623813298,0.3231494
41,EITLEM,km,cold_drug,Random Forest,Validation,MUTAPLM,EITLEM_km_MUTAPLM_embedding_cold_drug,1.067525467,0.822499674,1.139610622,0.458656785,0.691800701,0.644076675,0.461326643
47,MPEK,km,cold_drug,GBM,Validation,ProteinCLIP,MPEK_km_ProteinCLIP_embedding_cold_drug,1.067564522,0.846319195,1.139694008,0.352573132,0.609369702,0.709366984,0.36814622
60,catpred,km,cold_drug,MLP,Test,ESM2,catpred_km_ESM2_embedding_cold_drug,1.067628582,0.815401047,1.139830789,0.295761791,0.612785583,0.638397459,0.295892542
42,EITLEM,km,cold_drug,Random Forest,Validation,ProteinCLIP,EITLEM_km_ProteinCLIP_embedding_cold_drug,1.068250657,0.823604492,1.141159466,0.457921045,0.688640039,0.650324623,0.462840927
6,catpred,kcat,random,Random Forest,Validation,ESMv1,catpred_kcat_ESMv1_embedding_random,1.068567309,0.784110494,1.141836094,0.574590167,0.768673044,0.568697283,0.574698302
36,EITLEM,kcat,random,MLP,Validation,ESM2,EITLEM_kcat_ESM2_embedding_random,1.068598478,0.755756815,1.141902707,0.494476521,0.72128052,0.519600922,0.49465255
53,catpred,km,cold_protein,MLP,Test,ESM2,catpred_km_ESM2_embedding_cold_protein,1.069242854,0.805736374,1.14328028,0.279358103,0.604194707,0.630678801,0.279370386
61,catpred,km,cold_drug,Linear Regression,Test,MUTAPLM,catpred_km_MUTAPLM_embedding_cold_drug,1.07181314,0.832395372,1.148783406,0.290230465,0.58417065,0.672081112,0.293245842
43,EITLEM,km,cold_drug,MLP,Validation,ESMv1,EITLEM_km_ESMv1_embedding_cold_drug,1.072573974,0.81036253,1.150414931,0.453524471,0.680503159,0.6434937,0.453815231
39,MPEK,kcat,random,MLP,Validation,ProteinCLIP,MPEK_kcat_ProteinCLIP_embedding_random,1.073259663,0.780697731,1.151886305,0.51167745,0.721822065,0.569014652,0.511798737
54,catpred,km,cold_protein,XGBoost,Validation,MUTAPLM,catpred_km_MUTAPLM_embedding_cold_protein,1.073264529,0.831911382,1.151896749,0.278031761,0.537704145,0.662326597,0.279983559
25,inhouse,Kd,random,PSICHIC,Validation,ESMv1,inhouse_Kd_ESMv1_embedding_random,1.0743,0.725,1.1541,,0.7257,,
62,catpred,km,cold_drug,Linear Regression,Test,ProteinCLIP,catpred_km_ProteinCLIP_embedding_cold_drug,1.074596541,0.842481892,1.154757725,0.286539265,0.544596916,0.691310261,0.286678683
2,MPEK,kcat,cold_drug,Diffusion,Validation,MUTAPLM,MPEK_kcat_MUTAPLM_embedding_cold_drug,1.07498985,0.733870201,1.155603177,0.459862834,0.689736694,0.474490911,0.463426489
26,inhouse,Kd,random,PSICHIC,Validation,MUTAPLM,inhouse_Kd_MUTAPLM_embedding_random,1.0754,0.7236,1.1564,,0.7252,,
55,catpred,km,cold_protein,MLP,Validation,ProteinCLIP,catpred_km_ProteinCLIP_embedding_cold_protein,1.075429452,0.818068316,1.156548507,0.275116203,0.596072742,0.634703479,0.276721769
7,catpred,kcat,random,Random Forest,Validation,ESM2,catpred_kcat_ESM2_embedding_random,1.076564363,0.790711378,1.158990827,0.568198889,0.765024975,0.556667557,0.568570403
44,EITLEM,km,cold_drug,Diffusion,Validation,ProteinCLIP,EITLEM_km_ProteinCLIP_embedding_cold_drug,1.077965713,0.834655225,1.162010078,0.448016491,0.6720245,0.664482355,0.451552716
56,catpred,km,cold_protein,SVR,Validation,MUTAPLM,catpred_km_MUTAPLM_embedding_cold_protein,1.078623292,0.833700562,1.163428205,0.270804251,0.520610236,0.671000109,0.270922985
62,EITLEM,km,cold_protein,Linear Regression,Test,ProteinCLIP,EITLEM_km_ProteinCLIP_embedding_cold_protein,1.079682954,0.817136689,1.165715281,0.305332845,0.562608006,0.645229066,0.305713552
8,catpred,kcat,random,Diffusion,Validation,MUTAPLM,catpred_kcat_MUTAPLM_embedding_random,1.081467479,0.747576838,1.169571908,0.564256732,0.755947109,0.488025427,0.564260475
57,catpred,km,cold_protein,MLP,Test,ESMv1,catpred_km_ESMv1_embedding_cold_protein,1.081948072,0.81974367,1.170611632,0.262130379,0.593294137,0.640434342,0.262556893
48,MPEK,km,cold_drug,SVR,Validation,ESMv1,MPEK_km_ESMv1_embedding_cold_drug,1.081954214,0.850578613,1.170624922,0.335002183,0.589372021,0.710112956,0.34395059
63,catpred,km,cold_drug,MLP,Validation,ProteinCLIP,catpred_km_ProteinCLIP_embedding_cold_drug,1.08343325,0.82588277,1.173827608,0.242629724,0.581270428,0.650412897,0.246129838
37,EITLEM,kcat,random,SVR,Validation,MUTAPLM,EITLEM_kcat_MUTAPLM_embedding_random,1.084425262,0.74702301,1.17597815,0.479391228,0.696411315,0.483154319,0.483400456
40,MPEK,kcat,random,MLP,Test,ProteinCLIP,MPEK_kcat_ProteinCLIP_embedding_random,1.084508857,0.782448601,1.176159461,0.479309473,0.701781177,0.572178439,0.479358062
58,catpred,km,cold_protein,PSICHIC,Validation,MUTAPLM,catpred_km_MUTAPLM_embedding_cold_protein,1.0855,0.8267,1.1784,,0.5501,,
59,catpred,km,cold_protein,MLP,Validation,ESMv1,catpred_km_ESMv1_embedding_cold_protein,1.087872398,0.832387828,1.183466354,0.258245046,0.588852745,0.652287352,0.26101251
27,inhouse,Kd,random,MLP,Test,MUTAPLM,inhouse_Kd_MUTAPLM_embedding_random,1.087957904,0.772572867,1.183652401,0.462521429,0.699902845,0.552323289,0.465869513
9,catpred,kcat,random,Random Forest,Validation,ProteinCLIP,catpred_kcat_ProteinCLIP_embedding_random,1.088477803,0.806773249,1.184783927,0.558589245,0.758258949,0.606466361,0.558937824
49,MPEK,km,cold_drug,MLP,Test,ESMv1,MPEK_km_ESMv1_embedding_cold_drug,1.088642493,0.836373728,1.185142479,0.245414146,0.563522297,0.664817585,0.246000971
64,catpred,km,cold_drug,MLP,Test,ProteinCLIP,catpred_km_ProteinCLIP_embedding_cold_drug,1.089348594,0.837176029,1.18668036,0.26681604,0.589663385,0.66763596,0.266818328
10,catpred,kcat,random,PSICHIC,Test,ProteinCLIP,catpred_kcat_ProteinCLIP_embedding_random,1.0908,0.7343,1.1898,,0.7606,,
11,catpred,kcat,random,XGBoost,Test,ESM2,catpred_kcat_ESM2_embedding_random,1.090899796,0.798121755,1.190062364,0.560673354,0.748867124,0.597736671,0.560690745
41,MPEK,kcat,random,Diffusion,Validation,ProteinCLIP,MPEK_kcat_ProteinCLIP_embedding_random,1.091018631,0.807671066,1.190321653,0.495383441,0.710620627,0.615942121,0.49817154
50,MPEK,km,cold_drug,MLP,Test,MUTAPLM,MPEK_km_MUTAPLM_embedding_cold_drug,1.091498944,0.847421674,1.191369945,0.241449088,0.5627601,0.683788095,0.242280181
12,catpred,kcat,random,Random Forest,Test,ProteinCLIP,catpred_kcat_ProteinCLIP_embedding_random,1.091583181,0.782100799,1.191553841,0.560122756,0.759239348,0.572422665,0.56015956
28,inhouse,Kd,random,Diffusion,Validation,ESMv1,inhouse_Kd_ESMv1_embedding_random,1.091639468,0.764761539,1.191676728,0.493924629,0.706361163,0.539450556,0.494607643
51,MPEK,km,cold_drug,MLP,Test,ProteinCLIP,MPEK_km_ProteinCLIP_embedding_cold_drug,1.092174238,0.853313036,1.192844567,0.240510189,0.561410273,0.712460634,0.254962119
13,catpred,kcat,random,PSICHIC,Test,MUTAPLM,catpred_kcat_MUTAPLM_embedding_random,1.0935,0.7482,1.1959,,0.7563,,
45,EITLEM,km,cold_drug,SVR,Validation,MUTAPLM,EITLEM_km_MUTAPLM_embedding_cold_drug,1.094033628,0.820827747,1.19690958,0.431438363,0.661080659,0.630278211,0.432735919
38,EITLEM,kcat,random,SVR,Test,MUTAPLM,EITLEM_kcat_MUTAPLM_embedding_random,1.094070886,0.758890291,1.196991103,0.474362845,0.69099251,0.509889794,0.476379637
60,catpred,km,cold_protein,MLP,Validation,ESM2,catpred_km_ESM2_embedding_cold_protein,1.096842896,0.840257789,1.203064339,0.245961721,0.576244828,0.666970753,0.24833232
29,inhouse,Kd,random,PSICHIC,Validation,ProteinCLIP,inhouse_Kd_ProteinCLIP_embedding_random,1.0973,0.7469,1.2042,,0.7041,,
52,MPEK,km,cold_drug,Linear Regression,Test,ESM2,MPEK_km_ESM2_embedding_cold_drug,1.097388353,0.85374239,1.204261197,0.233241167,0.534921392,0.692324586,0.233311937
53,MPEK,km,cold_drug,SVR,Validation,ESM2,MPEK_km_ESM2_embedding_cold_drug,1.097686714,0.857511232,1.204916121,0.315522355,0.570949706,0.711054373,0.325928612
46,EITLEM,km,cold_drug,MLP,Test,ProteinCLIP,EITLEM_km_ProteinCLIP_embedding_cold_drug,1.097943289,0.856370881,1.205479465,0.290230293,0.57740448,0.695282069,0.290818747
3,EITLEM,kcat,cold_drug,Random Forest,Test,ProteinCLIP,EITLEM_kcat_ProteinCLIP_embedding_cold_drug,1.098165326,0.803931751,1.205967083,0.45601693,0.685259366,0.595966953,0.456181929
14,catpred,kcat,random,Random Forest,Test,MUTAPLM,catpred_kcat_MUTAPLM_embedding_random,1.098458955,0.794926421,1.206612076,0.554563817,0.761481127,0.56593349,0.554574213
30,inhouse,Kd,random,Diffusion,Test,ESM2,inhouse_Kd_ESM2_embedding_random,1.098568316,0.801080149,1.206852344,0.45198669,0.680704363,0.604223549,0.453505048
15,catpred,kcat,random,XGBoost,Test,ESMv1,catpred_kcat_ESMv1_embedding_random,1.099303848,0.801182868,1.208468951,0.553878328,0.744257731,0.574337575,0.553885742
54,MPEK,km,cold_drug,MLP,Validation,MUTAPLM,MPEK_km_MUTAPLM_embedding_cold_drug,1.099355229,0.845325089,1.208581919,0.313439922,0.614765199,0.663498171,0.317614229
47,EITLEM,km,cold_drug,GBM,Validation,ESMv1,EITLEM_km_ESMv1_embedding_cold_drug,1.099403883,0.859776622,1.208688898,0.425842896,0.67627259,0.713518997,0.428571549
48,EITLEM,km,cold_drug,Linear Regression,Test,ESM2,EITLEM_km_ESM2_embedding_cold_drug,1.099681714,0.859951287,1.209299873,0.287980889,0.560102896,0.721107467,0.289264246
49,EITLEM,km,cold_drug,GBM,Validation,ESM2,EITLEM_km_ESM2_embedding_cold_drug,1.100939706,0.860796449,1.212068237,0.424237627,0.671121893,0.712480465,0.426561332
31,inhouse,Kd,random,Diffusion,Test,ProteinCLIP,inhouse_Kd_ProteinCLIP_embedding_random,1.101065594,0.820941481,1.212345442,0.449492357,0.67490213,0.623145819,0.451075325
32,inhouse,Kd,random,MLP,Test,ESMv1,inhouse_Kd_ESMv1_embedding_random,1.102331402,0.816399179,1.21513452,0.448225877,0.682246552,0.627438427,0.449996091
16,catpred,kcat,random,XGBoost,Validation,ESM2,catpred_kcat_ESM2_embedding_random,1.102732793,0.813098124,1.216019612,0.546951876,0.739763011,0.592037636,0.547242617
3,MPEK,kcat,cold_drug,Random Forest,Validation,ESMv1,MPEK_kcat_ESMv1_embedding_cold_drug,1.104075113,0.763415031,1.218981854,0.430239189,0.657221501,0.502560923,0.431059752
4,MPEK,kcat,cold_drug,Random Forest,Test,ESM2,MPEK_kcat_ESM2_embedding_cold_drug,1.104488155,0.80212278,1.219894085,0.438633327,0.662732286,0.578698458,0.439173934
33,inhouse,Kd,random,MLP,Validation,MUTAPLM,inhouse_Kd_MUTAPLM_embedding_random,1.105107131,0.787626434,1.22126177,0.481360598,0.706460061,0.576774946,0.484478468
34,inhouse,Kd,random,Diffusion,Validation,ESM2,inhouse_Kd_ESM2_embedding_random,1.10733491,0.792695883,1.226190602,0.479267447,0.695697916,0.566713303,0.479563909
17,catpred,kcat,random,Diffusion,Validation,ESMv1,catpred_kcat_ESMv1_embedding_random,1.107814719,0.802312095,1.227253451,0.542766524,0.740061356,0.561704472,0.543165782
5,MPEK,kcat,cold_drug,SVR,Validation,MUTAPLM,MPEK_kcat_MUTAPLM_embedding_cold_drug,1.107979611,0.750974966,1.227618819,0.42620221,0.655896193,0.447950974,0.429555047
50,EITLEM,km,cold_drug,GBM,Validation,ProteinCLIP,EITLEM_km_ProteinCLIP_embedding_cold_drug,1.10934171,0.874620689,1.23063903,0.415416041,0.664865842,0.736691532,0.418298447
42,MPEK,kcat,random,Diffusion,Test,ProteinCLIP,MPEK_kcat_ProteinCLIP_embedding_random,1.110376488,0.815452139,1.232935946,0.454174294,0.6822731,0.629246831,0.456479778
6,MPEK,kcat,cold_drug,XGBoost,Validation,MUTAPLM,MPEK_kcat_MUTAPLM_embedding_cold_drug,1.11132318,0.800459763,1.23503921,0.422733867,0.65654412,0.557935442,0.425693954
35,inhouse,Kd,random,MLP,Validation,ESMv1,inhouse_Kd_ESMv1_embedding_random,1.112453696,0.804758271,1.237553225,0.474442024,0.695926813,0.580518305,0.477368618
43,MPEK,kcat,random,GBM,Test,ESMv1,MPEK_kcat_ESMv1_embedding_random,1.114287222,0.84719411,1.241636012,0.45032274,0.689561714,0.667589512,0.450375774
4,EITLEM,kcat,cold_drug,Diffusion,Test,MUTAPLM,EITLEM_kcat_MUTAPLM_embedding_cold_drug,1.11486185,0.786410079,1.242916944,0.439349728,0.668387323,0.53474772,0.439477496
55,MPEK,km,cold_drug,MLP,Test,ESM2,MPEK_km_ESM2_embedding_cold_drug,1.115089331,0.86204938,1.243424215,0.208305887,0.535174407,0.703719572,0.209482309
51,EITLEM,km,cold_drug,GBM,Validation,MUTAPLM,EITLEM_km_MUTAPLM_embedding_cold_drug,1.1156271,0.874996112,1.244623826,0.408772917,0.666943971,0.717920193,0.410980322
56,MPEK,km,cold_drug,SVR,Validation,ProteinCLIP,MPEK_km_ProteinCLIP_embedding_cold_drug,1.115836845,0.873030753,1.245091865,0.292699688,0.551252597,0.72280761,0.30367157
57,MPEK,km,cold_drug,MLP,Validation,ProteinCLIP,MPEK_km_ProteinCLIP_embedding_cold_drug,1.116259477,0.871822265,1.246035219,0.292163796,0.591372703,0.695446145,0.293167174
44,MPEK,kcat,random,GBM,Test,ESM2,MPEK_kcat_ESM2_embedding_random,1.116597006,0.848837971,1.246788874,0.448041548,0.686332167,0.694630329,0.448041576
7,MPEK,kcat,cold_drug,XGBoost,Validation,ESM2,MPEK_kcat_ESM2_embedding_cold_drug,1.116993407,0.769406342,1.247674272,0.416828149,0.652909779,0.544826479,0.417869534
58,MPEK,km,cold_drug,Linear Regression,Validation,ESMv1,MPEK_km_ESMv1_embedding_cold_drug,1.117390507,0.895691417,1.248561545,0.290728664,0.585200282,0.751199667,0.290751503
45,MPEK,kcat,random,Linear Regression,Test,ESMv1,MPEK_kcat_ESMv1_embedding_random,1.119397853,0.823209957,1.253051554,0.445269034,0.678962209,0.610272582,0.445333017
52,EITLEM,km,cold_drug,MLP,Validation,ESM2,EITLEM_km_ESM2_embedding_cold_drug,1.119607401,0.853140076,1.253520733,0.404546666,0.657908148,0.679578216,0.412471123
39,EITLEM,kcat,random,Diffusion,Validation,ProteinCLIP,EITLEM_kcat_ProteinCLIP_embedding_random,1.121472766,0.838145878,1.257701165,0.443212226,0.669952456,0.643106937,0.443389784
8,MPEK,kcat,cold_drug,Diffusion,Validation,ESMv1,MPEK_kcat_ESMv1_embedding_cold_drug,1.122199444,0.808361297,1.259331592,0.411379434,0.64761616,0.580652237,0.416457529
9,MPEK,kcat,cold_drug,Random Forest,Validation,MUTAPLM,MPEK_kcat_MUTAPLM_embedding_cold_drug,1.123842995,0.786828262,1.263023077,0.409654008,0.64225164,0.522030261,0.410075167
46,MPEK,kcat,random,GBM,Validation,ESMv1,MPEK_kcat_ESMv1_embedding_random,1.123887946,0.875105039,1.263124115,0.464520078,0.704401672,0.737156336,0.464679344
5,EITLEM,kcat,cold_drug,Random Forest,Test,MUTAPLM,EITLEM_kcat_MUTAPLM_embedding_cold_drug,1.124229612,0.828794458,1.26389222,0.429888278,0.670129769,0.614796809,0.430982365
40,EITLEM,kcat,random,Diffusion,Test,ProteinCLIP,EITLEM_kcat_ProteinCLIP_embedding_random,1.124683561,0.836453458,1.264913112,0.444536116,0.669953242,0.631066203,0.445231933
18,catpred,kcat,random,XGBoost,Test,MUTAPLM,catpred_kcat_MUTAPLM_embedding_random,1.126601927,0.825270512,1.269231903,0.531446912,0.729128024,0.606921409,0.531476673
10,MPEK,kcat,cold_drug,Random Forest,Validation,ProteinCLIP,MPEK_kcat_ProteinCLIP_embedding_cold_drug,1.127161977,0.794980911,1.270494123,0.406161988,0.643153969,0.539697584,0.406807946
53,EITLEM,km,cold_drug,MLP,Validation,MUTAPLM,EITLEM_km_MUTAPLM_embedding_cold_drug,1.127369504,0.846137891,1.270961998,0.396261634,0.648734911,0.636364394,0.397989059
19,catpred,kcat,random,XGBoost,Test,ProteinCLIP,catpred_kcat_ProteinCLIP_embedding_random,1.128618286,0.824354248,1.273779236,0.529768206,0.727886441,0.611475759,0.529800977
20,catpred,kcat,random,Diffusion,Validation,ESM2,catpred_kcat_ESM2_embedding_random,1.128711209,0.833047563,1.273988994,0.525354428,0.72780798,0.62235409,0.526117361
36,inhouse,Kd,random,MLP,Test,ESM2,inhouse_Kd_ESM2_embedding_random,1.130988238,0.83747591,1.279134396,0.419164506,0.653786118,0.663642677,0.420365598
6,EITLEM,kcat,cold_drug,PSICHIC,Test,ESMv1,EITLEM_kcat_ESMv1_embedding_cold_drug,1.1312,0.792,1.2796,,0.6656,,
11,MPEK,kcat,cold_drug,Random Forest,Test,ESMv1,MPEK_kcat_ESMv1_embedding_cold_drug,1.131657045,0.821486196,1.280647666,0.410675952,0.641803419,0.604602628,0.411900719
41,EITLEM,kcat,random,MLP,Validation,ProteinCLIP,EITLEM_kcat_ProteinCLIP_embedding_random,1.132334183,0.817919397,1.282180701,0.432375066,0.680432762,0.590318859,0.433238918
47,MPEK,kcat,random,GBM,Test,MUTAPLM,MPEK_kcat_MUTAPLM_embedding_random,1.132970994,0.869234456,1.283623274,0.431734811,0.686376627,0.689873666,0.431785058
12,MPEK,kcat,cold_drug,Random Forest,Test,ProteinCLIP,MPEK_kcat_ProteinCLIP_embedding_cold_drug,1.133335868,0.847231639,1.284450191,0.40892612,0.643990766,0.666161984,0.411112938
21,catpred,kcat,random,Random Forest,Validation,MUTAPLM,catpred_kcat_MUTAPLM_embedding_random,1.134179973,0.835995348,1.28636421,0.520743838,0.736520976,0.603684683,0.521120645
1,inhouse,Kd,cold_drug,Random Forest,Validation,ESM2,inhouse_Kd_ESM2_embedding_cold_drug,1.135558188,0.839761244,1.289492398,0.441189029,0.669806304,0.624296202,0.442823513
1,EITLEM,kcat,cold_protein,Random Forest,Validation,ProteinCLIP,EITLEM_kcat_ProteinCLIP_embedding_cold_protein,1.135661671,0.819468411,1.28972743,0.467814111,0.684605473,0.589451375,0.467974513
2,EITLEM,kcat,cold_protein,Random Forest,Test,ProteinCLIP,EITLEM_kcat_ProteinCLIP_embedding_cold_protein,1.135953967,0.834574844,1.290391415,0.441907724,0.667528123,0.624263205,0.44537949
13,MPEK,kcat,cold_drug,Random Forest,Test,MUTAPLM,MPEK_kcat_MUTAPLM_embedding_cold_drug,1.136286729,0.826098195,1.291147531,0.40584416,0.637759327,0.592802116,0.406484873
14,MPEK,kcat,cold_drug,PSICHIC,Validation,MUTAPLM,MPEK_kcat_MUTAPLM_embedding_cold_drug,1.1365,0.7939,1.2916,,0.6456,,
22,catpred,kcat,random,Diffusion,Test,ESM2,catpred_kcat_ESM2_embedding_random,1.13682053,0.815760608,1.292360917,0.522908545,0.727228541,0.57716912,0.524000751
37,inhouse,Kd,random,SVR,Validation,MUTAPLM,inhouse_Kd_MUTAPLM_embedding_random,1.137683885,0.786359953,1.294324622,0.450332628,0.677265891,0.538406605,0.454729754
15,MPEK,kcat,cold_drug,Diffusion,Test,MUTAPLM,MPEK_kcat_MUTAPLM_embedding_cold_drug,1.137951696,0.817759213,1.294934062,0.404101689,0.649753189,0.56996043,0.405176338
16,MPEK,kcat,cold_drug,PSICHIC,Test,ESM2,MPEK_kcat_ESM2_embedding_cold_drug,1.1383,0.8333,1.2957,,0.639,,
38,inhouse,Kd,random,PSICHIC,Validation,ESM2,inhouse_Kd_ESM2_embedding_random,1.139,0.7747,1.2973,,0.7036,,
23,catpred,kcat,random,XGBoost,Validation,ESMv1,catpred_kcat_ESMv1_embedding_random,1.139029867,0.830286517,1.297389038,0.516636357,0.718964459,0.606927566,0.516669108
1,MPEK,kcat,cold_protein,Random Forest,Test,ProteinCLIP,MPEK_kcat_ProteinCLIP_embedding_cold_protein,1.139943547,0.84917931,1.29947129,0.426302604,0.657918499,0.62784501,0.432854633
42,EITLEM,kcat,random,MLP,Test,ProteinCLIP,EITLEM_kcat_ProteinCLIP_embedding_random,1.141206509,0.831497991,1.302352295,0.428095369,0.675675565,0.61169666,0.428530507
54,EITLEM,km,cold_drug,SVR,Validation,ESM2,EITLEM_km_ESM2_embedding_cold_drug,1.141451824,0.87914937,1.302912266,0.381084467,0.622723854,0.727780829,0.384231528
7,EITLEM,kcat,cold_drug,XGBoost,Test,MUTAPLM,EITLEM_kcat_MUTAPLM_embedding_cold_drug,1.141833737,0.843366601,1.303784283,0.411893917,0.642286257,0.636429789,0.412411062
48,MPEK,kcat,random,GBM,Validation,MUTAPLM,MPEK_kcat_MUTAPLM_embedding_random,1.141879673,0.884649681,1.303889188,0.44723842,0.701729076,0.713799647,0.447256966
39,inhouse,Kd,random,MLP,Validation,ESM2,inhouse_Kd_ESM2_embedding_random,1.14316455,0.836992431,1.306825189,0.445023949,0.669675556,0.628169329,0.447781622
55,EITLEM,km,cold_drug,MLP,Validation,ProteinCLIP,EITLEM_km_ProteinCLIP_embedding_cold_drug,1.143202258,0.876338096,1.306911404,0.379184778,0.643665562,0.694987008,0.383566291
56,EITLEM,km,cold_drug,SVR,Validation,ESMv1,EITLEM_km_ESMv1_embedding_cold_drug,1.143774872,0.87919725,1.308220959,0.378562707,0.627238075,0.719877492,0.382135091
17,MPEK,kcat,cold_drug,XGBoost,Test,ESM2,MPEK_kcat_ESM2_embedding_cold_drug,1.144094942,0.845477006,1.308953237,0.397650392,0.635855939,0.646758984,0.398079795
24,catpred,kcat,random,XGBoost,Validation,ProteinCLIP,catpred_kcat_ProteinCLIP_embedding_random,1.144216772,0.844893305,1.309232022,0.512224058,0.716010738,0.621984815,0.512526089
25,catpred,kcat,random,PSICHIC,Validation,ESM2,catpred_kcat_ESM2_embedding_random,1.1444,0.7937,1.3096,,0.7407,,
49,MPEK,kcat,random,Linear Regression,Validation,ESMv1,MPEK_kcat_ESMv1_embedding_random,1.144434715,0.842465308,1.309730818,0.444761961,0.677962359,0.636486219,0.444919151
50,MPEK,kcat,random,GBM,Validation,ESM2,MPEK_kcat_ESM2_embedding_random,1.144659294,0.886168122,1.310244898,0.444544025,0.68745481,0.737602148,0.444727734
2,MPEK,kcat,cold_protein,Random Forest,Validation,ProteinCLIP,MPEK_kcat_ProteinCLIP_embedding_cold_protein,1.146247582,0.835387928,1.31388352,0.419588034,0.650992716,0.646149087,0.423652667
26,catpred,kcat,random,PSICHIC,Validation,ProteinCLIP,catpred_kcat_ProteinCLIP_embedding_random,1.1476,0.805,1.317,,0.7441,,
27,catpred,kcat,random,XGBoost,Validation,MUTAPLM,catpred_kcat_MUTAPLM_embedding_random,1.148438809,0.847132369,1.318911698,0.508617736,0.714045057,0.628718742,0.509456607
59,MPEK,km,cold_drug,Linear Regression,Validation,ESM2,MPEK_km_ESM2_embedding_cold_drug,1.148471659,0.906961657,1.318987152,0.250721935,0.55799288,0.739694219,0.250738045
40,inhouse,Kd,random,GBM,Test,ESMv1,inhouse_Kd_ESMv1_embedding_random,1.149957164,0.894070501,1.322401479,0.399517581,0.654939884,0.738703057,0.399529151
28,catpred,kcat,random,PSICHIC,Validation,MUTAPLM,catpred_kcat_MUTAPLM_embedding_random,1.1501,0.7833,1.3228,,0.7327,,
57,EITLEM,km,cold_drug,SVR,Validation,ProteinCLIP,EITLEM_km_ProteinCLIP_embedding_cold_drug,1.150120222,0.884989635,1.322776524,0.371648453,0.613098157,0.729046054,0.373510004
51,MPEK,kcat,random,GBM,Test,ProteinCLIP,MPEK_kcat_ProteinCLIP_embedding_random,1.150215319,0.879971903,1.32299528,0.414304665,0.658598589,0.709321317,0.414343929
41,inhouse,Kd,random,GBM,Test,ESM2,inhouse_Kd_ESM2_embedding_random,1.150254501,0.890273007,1.323085416,0.399207016,0.648464553,0.740191568,0.399278744
18,MPEK,kcat,cold_drug,XGBoost,Validation,ESMv1,MPEK_kcat_ESMv1_embedding_cold_drug,1.151979515,0.824015508,1.327056803,0.379724187,0.623133977,0.577487875,0.379953452
58,EITLEM,km,cold_drug,Linear Regression,Test,ESMv1,EITLEM_km_ESMv1_embedding_cold_drug,1.152394426,0.889737991,1.328012914,0.218084285,0.532782762,0.715745723,0.220496474
1,inhouse,Kd,cold_protein,Random Forest,Test,ESMv1,inhouse_Kd_ESMv1_embedding_cold_protein,1.15314629,0.85931447,1.329746366,0.433760102,0.658786569,0.647653274,0.43398211
3,EITLEM,kcat,cold_protein,Random Forest,Test,ESM2,EITLEM_kcat_ESM2_embedding_cold_protein,1.153411184,0.848657959,1.33035736,0.424622515,0.65465634,0.628919359,0.428467433
8,EITLEM,kcat,cold_drug,PSICHIC,Test,ESM2,EITLEM_kcat_ESM2_embedding_cold_drug,1.1539,0.8152,1.3314,,0.6547,,
19,MPEK,kcat,cold_drug,PSICHIC,Test,ProteinCLIP,MPEK_kcat_ProteinCLIP_embedding_cold_drug,1.1551,0.8498,1.3342,,0.6221,,
3,MPEK,kcat,cold_protein,Random Forest,Test,ESMv1,MPEK_kcat_ESMv1_embedding_cold_protein,1.156318542,0.859867922,1.337072572,0.409702194,0.646821517,0.641868865,0.418264895
4,MPEK,kcat,cold_protein,Random Forest,Validation,ESM2,MPEK_kcat_ESM2_embedding_cold_protein,1.156382207,0.849316064,1.337219808,0.409279159,0.646567784,0.637807127,0.416961291
2,inhouse,Kd,cold_drug,Random Forest,Validation,ProteinCLIP,inhouse_Kd_ProteinCLIP_embedding_cold_drug,1.156867585,0.869231723,1.338342608,0.420019433,0.660788882,0.642996209,0.42458781
61,catpred,km,cold_protein,MLP,Test,MUTAPLM,catpred_km_MUTAPLM_embedding_cold_protein,1.157020797,0.893658842,1.338697125,0.156181339,0.494380502,0.715474612,0.156719654
3,inhouse,Kd,cold_drug,Random Forest,Validation,ESMv1,inhouse_Kd_ESMv1_embedding_cold_drug,1.157594453,0.859963875,1.340024917,0.419290392,0.655877384,0.644307338,0.423865541
60,MPEK,km,cold_drug,Linear Regression,Test,ESMv1,MPEK_km_ESMv1_embedding_cold_drug,1.157961556,0.900558692,1.340874965,0.146258531,0.505491798,0.72785993,0.152126726
2,inhouse,Kd,cold_protein,Random Forest,Test,ProteinCLIP,inhouse_Kd_ProteinCLIP_embedding_cold_protein,1.158660968,0.859506916,1.342495239,0.428331307,0.655353472,0.6360456,0.428430962
3,inhouse,Kd,cold_protein,Random Forest,Test,ESM2,inhouse_Kd_ESM2_embedding_cold_protein,1.158869143,0.86605924,1.342977691,0.428125867,0.654616221,0.658355669,0.428487775
52,MPEK,kcat,random,Linear Regression,Validation,ESM2,MPEK_kcat_ESM2_embedding_random,1.159268206,0.87576457,1.343902772,0.430275344,0.661216142,0.692898991,0.430405752
20,MPEK,kcat,cold_drug,PSICHIC,Test,ESMv1,MPEK_kcat_ESMv1_embedding_cold_drug,1.16,0.8334,1.3456,,0.6342,,
4,inhouse,Kd,cold_drug,Random Forest,Test,ESM2,inhouse_Kd_ESM2_embedding_cold_drug,1.160384137,0.820883608,1.346491346,0.392922959,0.629598546,0.582768468,0.393175711
61,MPEK,km,cold_drug,Linear Regression,Test,ProteinCLIP,MPEK_km_ProteinCLIP_embedding_cold_drug,1.161752367,0.897935794,1.349668561,0.140659606,0.46078819,0.721511827,0.141985138
21,MPEK,kcat,cold_drug,Diffusion,Test,ESMv1,MPEK_kcat_ESMv1_embedding_cold_drug,1.162077994,0.86305469,1.350425264,0.378565938,0.621089594,0.643518656,0.380928945
9,EITLEM,kcat,cold_drug,XGBoost,Test,ESMv1,EITLEM_kcat_ESMv1_embedding_cold_drug,1.162827122,0.860330974,1.352166915,0.390069663,0.627095821,0.653348302,0.390586788
29,catpred,kcat,random,MLP,Test,MUTAPLM,catpred_kcat_MUTAPLM_embedding_random,1.163229128,0.826503303,1.353102005,0.500485198,0.728875741,0.575612032,0.503553337
22,MPEK,kcat,cold_drug,XGBoost,Test,ESMv1,MPEK_kcat_ESMv1_embedding_cold_drug,1.163306764,0.851490378,1.353282627,0.377251045,0.620671497,0.627620653,0.377584625
1,catpred,kcat,cold_drug,Diffusion,Validation,MUTAPLM,catpred_kcat_MUTAPLM_embedding_cold_drug,1.164188908,0.813792095,1.355335814,0.505954458,0.716254903,0.558684044,0.507214822
4,EITLEM,kcat,cold_protein,XGBoost,Validation,ProteinCLIP,EITLEM_kcat_ProteinCLIP_embedding_cold_protein,1.164210856,0.852497542,1.355386918,0.440720749,0.665130762,0.629118704,0.441043886
62,catpred,km,cold_protein,MLP,Validation,MUTAPLM,catpred_km_MUTAPLM_embedding_cold_protein,1.165032043,0.900021799,1.357299662,0.149292463,0.48201893,0.717003934,0.150353511
5,EITLEM,kcat,cold_protein,Random Forest,Test,ESMv1,EITLEM_kcat_ESMv1_embedding_cold_protein,1.165366213,0.855616153,1.358078411,0.412633203,0.644831585,0.629066727,0.415801295
42,inhouse,Kd,random,GBM,Test,ProteinCLIP,inhouse_Kd_ProteinCLIP_embedding_random,1.165640134,0.906012946,1.358716922,0.38302729,0.634889113,0.760510185,0.383181915
53,MPEK,kcat,random,Linear Regression,Test,ESM2,MPEK_kcat_ESM2_embedding_random,1.165764813,0.86427581,1.359007599,0.398361867,0.642271341,0.673730225,0.398670895
23,MPEK,kcat,cold_drug,XGBoost,Test,ProteinCLIP,MPEK_kcat_ProteinCLIP_embedding_cold_drug,1.166002639,0.867039672,1.359562155,0.374361354,0.617454234,0.682311484,0.374445389
5,MPEK,kcat,cold_protein,Random Forest,Test,ESM2,MPEK_kcat_ESM2_embedding_cold_protein,1.166934154,0.864773456,1.361735319,0.398813954,0.638016588,0.64547885,0.406980444
6,MPEK,kcat,cold_protein,Random Forest,Validation,ESMv1,MPEK_kcat_ESMv1_embedding_cold_protein,1.167166293,0.85539606,1.362277156,0.398210001,0.635611272,0.672004344,0.403788509
24,MPEK,kcat,cold_drug,PSICHIC,Validation,ProteinCLIP,MPEK_kcat_ProteinCLIP_embedding_cold_drug,1.1674,0.812,1.3629,,0.6286,,
6,EITLEM,kcat,cold_protein,Random Forest,Validation,ESM2,EITLEM_kcat_ESM2_embedding_cold_protein,1.167552354,0.835185343,1.363178499,0.437505675,0.663534576,0.593821916,0.438247468
43,inhouse,Kd,random,GBM,Test,MUTAPLM,inhouse_Kd_MUTAPLM_embedding_random,1.168700223,0.906377982,1.365860211,0.379783631,0.650811597,0.752328586,0.379844405
4,inhouse,Kd,cold_protein,Random Forest,Validation,ProteinCLIP,inhouse_Kd_ProteinCLIP_embedding_cold_protein,1.169072491,0.848836282,1.36673049,0.432997855,0.660400582,0.630702495,0.433759345
5,inhouse,Kd,cold_drug,Random Forest,Test,ESMv1,inhouse_Kd_ESMv1_embedding_cold_drug,1.169349773,0.82869575,1.367378891,0.383505632,0.623367725,0.592569926,0.383599103
25,MPEK,kcat,cold_drug,MLP,Validation,MUTAPLM,MPEK_kcat_MUTAPLM_embedding_cold_drug,1.17012565,0.816670322,1.369194037,0.360028944,0.643770558,0.552011125,0.368985652
59,EITLEM,km,cold_drug,Linear Regression,Test,ProteinCLIP,EITLEM_km_ProteinCLIP_embedding_cold_drug,1.170384179,0.911373841,1.369799128,0.193481138,0.490644127,0.736914126,0.199186324
62,MPEK,km,cold_drug,Linear Regression,Validation,ProteinCLIP,MPEK_km_ProteinCLIP_embedding_cold_drug,1.172006041,0.921426913,1.37359816,0.219699017,0.528595811,0.764596704,0.220404949
26,MPEK,kcat,cold_drug,XGBoost,Validation,ProteinCLIP,MPEK_kcat_ProteinCLIP_embedding_cold_drug,1.17328438,0.837219273,1.376596237,0.356569103,0.602072533,0.599330375,0.35713243
10,EITLEM,kcat,cold_drug,PSICHIC,Test,MUTAPLM,EITLEM_kcat_MUTAPLM_embedding_cold_drug,1.1737,0.813,1.3776,,0.6422,,
11,EITLEM,kcat,cold_drug,XGBoost,Test,ESM2,EITLEM_kcat_ESM2_embedding_cold_drug,1.173938251,0.870556714,1.378131017,0.378357874,0.617549259,0.658452804,0.379803954
44,inhouse,Kd,random,Diffusion,Validation,ProteinCLIP,inhouse_Kd_ProteinCLIP_embedding_random,1.175136269,0.851874828,1.38094525,0.41354701,0.647210286,0.61782822,0.416604459
7,MPEK,kcat,cold_protein,PSICHIC,Test,ESM2,MPEK_kcat_ESM2_embedding_cold_protein,1.176,0.8705,1.3829,,0.6306,,
30,catpred,kcat,random,PSICHIC,Test,ESMv1,catpred_kcat_ESMv1_embedding_random,1.1763,0.8741,1.3837,,0.7158,,
2,catpred,kcat,cold_drug,Random Forest,Validation,ESMv1,catpred_kcat_ESMv1_embedding_cold_drug,1.177260719,0.856361971,1.3859428,0.494797631,0.713947662,0.625782427,0.494812582
7,EITLEM,kcat,cold_protein,Diffusion,Validation,ESMv1,EITLEM_kcat_ESMv1_embedding_cold_protein,1.177515634,0.853503311,1.386543069,0.427864651,0.6604839,0.615679324,0.42834573
8,EITLEM,kcat,cold_protein,XGBoost,Test,ProteinCLIP,EITLEM_kcat_ProteinCLIP_embedding_cold_protein,1.177583322,0.8805786,1.386702479,0.400253339,0.638506954,0.67539807,0.40257968
27,MPEK,kcat,cold_drug,SVR,Test,MUTAPLM,MPEK_kcat_MUTAPLM_embedding_cold_drug,1.178171891,0.853456683,1.388089004,0.361233966,0.605378838,0.612654046,0.365918467
28,MPEK,kcat,cold_drug,Diffusion,Validation,ESM2,MPEK_kcat_ESM2_embedding_cold_drug,1.178207396,0.846667358,1.388172668,0.351158196,0.597894399,0.61000824,0.351247345
54,MPEK,kcat,random,GBM,Validation,ProteinCLIP,MPEK_kcat_ProteinCLIP_embedding_random,1.179022746,0.915895335,1.390094636,0.410693091,0.661836445,0.757805183,0.410838745
9,EITLEM,kcat,cold_protein,Random Forest,Validation,ESMv1,EITLEM_kcat_ESMv1_embedding_cold_protein,1.180423366,0.84616601,1.393399322,0.425035524,0.653802648,0.60410888,0.425917396
8,MPEK,kcat,cold_protein,Diffusion,Test,ESMv1,MPEK_kcat_ESMv1_embedding_cold_protein,1.181459339,0.885421828,1.39584617,0.383754519,0.632669065,0.669880033,0.392637298
29,MPEK,kcat,cold_drug,PSICHIC,Test,MUTAPLM,MPEK_kcat_MUTAPLM_embedding_cold_drug,1.1829,0.8581,1.3993,,0.6106,,
31,catpred,kcat,random,MLP,Validation,MUTAPLM,catpred_kcat_MUTAPLM_embedding_random,1.183228086,0.840351214,1.400028704,0.47839626,0.711907301,0.570780159,0.479610239
3,catpred,kcat,cold_drug,Random Forest,Validation,ESM2,catpred_kcat_ESM2_embedding_cold_drug,1.183769297,0.858209426,1.401309748,0.489196088,0.708189456,0.624457037,0.489222367
43,EITLEM,kcat,random,Linear Regression,Validation,MUTAPLM,EITLEM_kcat_MUTAPLM_embedding_random,1.183980129,0.861080033,1.401808947,0.379415312,0.642867788,0.624697346,0.379485864
4,catpred,kcat,cold_drug,Random Forest,Test,ESM2,catpred_kcat_ESM2_embedding_cold_drug,1.18492591,0.8565807,1.404049412,0.492993529,0.712394028,0.61688164,0.494211305
5,inhouse,Kd,cold_protein,Diffusion,Test,ESMv1,inhouse_Kd_ESMv1_embedding_cold_protein,1.186054414,0.886571852,1.406725074,0.400980607,0.64481639,0.667551145,0.401983738
45,inhouse,Kd,random,MLP,Test,ProteinCLIP,inhouse_Kd_ProteinCLIP_embedding_random,1.186393381,0.910856248,1.407529255,0.360862352,0.603607565,0.735486365,0.361268791
5,catpred,kcat,cold_drug,Random Forest,Test,ESMv1,catpred_kcat_ESMv1_embedding_cold_drug,1.187421601,0.85724525,1.409970059,0.490855566,0.711522786,0.608398895,0.492153691
12,EITLEM,kcat,cold_drug,PSICHIC,Test,ProteinCLIP,EITLEM_kcat_ProteinCLIP_embedding_cold_drug,1.1876,0.8527,1.4103,,0.6177,,
46,inhouse,Kd,random,Linear Regression,Test,ESM2,inhouse_Kd_ESM2_embedding_random,1.187875409,0.894853945,1.411047988,0.359264548,0.609904891,0.702993811,0.359345704
10,EITLEM,kcat,cold_protein,Diffusion,Validation,ESM2,EITLEM_kcat_ESM2_embedding_cold_protein,1.189179754,0.869990952,1.414148487,0.416473706,0.649932986,0.639767438,0.416671096
9,MPEK,kcat,cold_protein,XGBoost,Test,ProteinCLIP,MPEK_kcat_ProteinCLIP_embedding_cold_protein,1.189202841,0.890218805,1.414203397,0.375650073,0.624074917,0.670691107,0.380980095
6,inhouse,Kd,cold_drug,Random Forest,Test,ProteinCLIP,inhouse_Kd_ProteinCLIP_embedding_cold_drug,1.189735163,0.856107137,1.415469759,0.361823456,0.605906731,0.629582698,0.362032125
13,EITLEM,kcat,cold_drug,Diffusion,Test,ESMv1,EITLEM_kcat_ESMv1_embedding_cold_drug,1.1900175,0.881255581,1.41614165,0.361212183,0.605429556,0.645413935,0.361239894
60,EITLEM,km,cold_drug,Linear Regression,Test,MUTAPLM,EITLEM_km_MUTAPLM_embedding_cold_drug,1.190349246,0.902535812,1.416931327,0.165730348,0.542479272,0.704293681,0.167334567
10,MPEK,kcat,cold_protein,MLP,Test,ESMv1,MPEK_kcat_ESMv1_embedding_cold_protein,1.190526758,0.881801085,1.41735396,0.374259145,0.632972573,0.673422052,0.375949638
30,MPEK,kcat,cold_drug,XGBoost,Test,MUTAPLM,MPEK_kcat_MUTAPLM_embedding_cold_drug,1.190532994,0.86312155,1.417368811,0.347760085,0.597693583,0.613250708,0.347767826
6,catpred,kcat,cold_drug,Diffusion,Validation,ESMv1,catpred_kcat_ESMv1_embedding_cold_drug,1.19104078,0.86137154,1.41857814,0.482901434,0.69888091,0.624811262,0.482948739
6,inhouse,Kd,cold_protein,Random Forest,Validation,ESM2,inhouse_Kd_ESM2_embedding_cold_protein,1.191681682,0.864391925,1.420105231,0.410854796,0.642987621,0.638978332,0.412987741
11,MPEK,kcat,cold_protein,Diffusion,Test,ESM2,MPEK_kcat_ESM2_embedding_cold_protein,1.191771226,0.886119768,1.420318656,0.372950278,0.619225977,0.662003607,0.374707951
32,catpred,kcat,random,MLP,Test,ESMv1,catpred_kcat_ESMv1_embedding_random,1.191812328,0.852243612,1.420416625,0.475635151,0.730642084,0.603691721,0.509493812
33,catpred,kcat,random,MLP,Validation,ESMv1,catpred_kcat_ESMv1_embedding_random,1.19262205,0.857834911,1.422347354,0.470081079,0.720416607,0.601658107,0.499683328
14,EITLEM,kcat,cold_drug,SVR,Test,MUTAPLM,EITLEM_kcat_MUTAPLM_embedding_cold_drug,1.192633698,0.853644633,1.422375138,0.358400403,0.607162352,0.616685002,0.368261683
11,EITLEM,kcat,cold_protein,XGBoost,Validation,ESM2,EITLEM_kcat_ESM2_embedding_cold_protein,1.192803892,0.866736072,1.422781125,0.412911582,0.645109541,0.636685163,0.413072118
12,MPEK,kcat,cold_protein,Diffusion,Test,ProteinCLIP,MPEK_kcat_ProteinCLIP_embedding_cold_protein,1.19298515,0.900725544,1.423213567,0.371672217,0.617683498,0.694351159,0.37386284
31,MPEK,kcat,cold_drug,PSICHIC,Validation,ESMv1,MPEK_kcat_ESMv1_embedding_cold_drug,1.1933,0.8075,1.4241,,0.619,,
15,EITLEM,kcat,cold_drug,XGBoost,Test,ProteinCLIP,EITLEM_kcat_ProteinCLIP_embedding_cold_drug,1.193463098,0.8924949,1.424354167,0.35750771,0.598818185,0.694268358,0.358332524
7,catpred,kcat,cold_drug,PSICHIC,Validation,ESM2,catpred_kcat_ESM2_embedding_cold_drug,1.1944,0.8362,1.4265,,0.7184,,
32,MPEK,kcat,cold_drug,MLP,Validation,ESMv1,MPEK_kcat_ESMv1_embedding_cold_drug,1.195467768,0.865063341,1.429143184,0.332008285,0.608577087,0.619154646,0.336229645
7,inhouse,Kd,cold_drug,PSICHIC,Validation,ProteinCLIP,inhouse_Kd_ProteinCLIP_embedding_cold_drug,1.1967,0.8561,1.4322,,0.6315,,
13,MPEK,kcat,cold_protein,Diffusion,Validation,ESM2,MPEK_kcat_ESM2_embedding_cold_protein,1.197109251,0.878575318,1.43307056,0.366936805,0.614217011,0.681700915,0.368129598
12,EITLEM,kcat,cold_protein,Diffusion,Test,ESM2,EITLEM_kcat_ESM2_embedding_cold_protein,1.197234501,0.884996119,1.433370451,0.380069516,0.627150961,0.660045564,0.380960855
13,EITLEM,kcat,cold_protein,Diffusion,Test,ESMv1,EITLEM_kcat_ESMv1_embedding_cold_protein,1.197533128,0.884995286,1.434085592,0.379760219,0.632686723,0.652462713,0.382354031
8,catpred,kcat,cold_drug,Diffusion,Test,MUTAPLM,catpred_kcat_MUTAPLM_embedding_cold_drug,1.198479156,0.83872328,1.436352288,0.481328866,0.702732114,0.575339347,0.48448074
14,MPEK,kcat,cold_protein,Random Forest,Validation,MUTAPLM,MPEK_kcat_MUTAPLM_embedding_cold_protein,1.198843867,0.901501785,1.437226617,0.365100853,0.614562626,0.717417777,0.373155311
14,EITLEM,kcat,cold_protein,XGBoost,Test,ESM2,EITLEM_kcat_ESM2_embedding_cold_protein,1.201128511,0.888931046,1.442709699,0.376030303,0.621958467,0.668244156,0.378768699
47,inhouse,Kd,random,GBM,Validation,ESMv1,inhouse_Kd_ESMv1_embedding_random,1.201555923,0.91035669,1.443736637,0.386881073,0.642759593,0.715725811,0.386881073
8,inhouse,Kd,cold_drug,XGBoost,Validation,ESM2,inhouse_Kd_ESM2_embedding_cold_drug,1.201912541,0.877117249,1.444593755,0.373974721,0.620204102,0.645607782,0.374175725
9,inhouse,Kd,cold_drug,Random Forest,Validation,MUTAPLM,inhouse_Kd_MUTAPLM_embedding_cold_drug,1.202496946,0.900287466,1.445998904,0.373365789,0.619896529,0.671069771,0.376768584
9,catpred,kcat,cold_drug,PSICHIC,Validation,ProteinCLIP,catpred_kcat_ProteinCLIP_embedding_cold_drug,1.203,0.8426,1.4473,,0.7077,,
1,catpred,ki,random,PSICHIC,Validation,ProteinCLIP,catpred_ki_ProteinCLIP_embedding_random,1.2037,0.8725,1.4488,,0.805,,
48,inhouse,Kd,random,Linear Regression,Test,ESMv1,inhouse_Kd_ESMv1_embedding_random,1.204133242,0.890437641,1.449936863,0.341605701,0.612833445,0.677977162,0.341606848
10,inhouse,Kd,cold_drug,Random Forest,Test,MUTAPLM,inhouse_Kd_MUTAPLM_embedding_cold_drug,1.205417945,0.858739643,1.453032422,0.344888011,0.59221308,0.612136534,0.345556468
7,inhouse,Kd,cold_protein,PSICHIC,Test,ESM2,inhouse_Kd_ESM2_embedding_cold_protein,1.2056,0.926,1.4534,,0.6233,,
16,EITLEM,kcat,cold_drug,Random Forest,Validation,ESM2,EITLEM_kcat_ESM2_embedding_cold_drug,1.205861146,0.848938329,1.454101103,0.442147653,0.670960559,0.587683206,0.444094854
8,inhouse,Kd,cold_protein,Random Forest,Validation,ESMv1,inhouse_Kd_ESMv1_embedding_cold_protein,1.206156017,0.87312796,1.454812337,0.396456198,0.633100002,0.643682606,0.399441202
55,MPEK,kcat,random,Linear Regression,Validation,MUTAPLM,MPEK_kcat_MUTAPLM_embedding_random,1.206714177,0.775796564,1.456159105,0.382686186,0.687633501,0.512418796,0.382866376
33,MPEK,kcat,cold_drug,Diffusion,Test,ESM2,MPEK_kcat_ESM2_embedding_cold_drug,1.206774355,0.909123692,1.456304345,0.329842866,0.579260536,0.706088267,0.330067701
17,EITLEM,kcat,cold_drug,Random Forest,Validation,ESMv1,EITLEM_kcat_ESMv1_embedding_cold_drug,1.207713486,0.855385519,1.458571865,0.440432487,0.669674177,0.603823632,0.443153736
15,EITLEM,kcat,cold_protein,Random Forest,Test,MUTAPLM,EITLEM_kcat_MUTAPLM_embedding_cold_protein,1.208273735,0.908971699,1.459925418,0.368584532,0.613377924,0.694524463,0.373960103
10,catpred,kcat,cold_drug,Random Forest,Validation,MUTAPLM,catpred_kcat_MUTAPLM_embedding_cold_drug,1.208291374,0.877599765,1.459968044,0.467814029,0.697226043,0.625178547,0.467858576
34,MPEK,kcat,cold_drug,GBM,Validation,ESMv1,MPEK_kcat_ESMv1_embedding_cold_drug,1.208728265,0.888171805,1.461024018,0.317106956,0.576112262,0.696870152,0.31794441
16,EITLEM,kcat,cold_protein,PSICHIC,Test,ProteinCLIP,EITLEM_kcat_ProteinCLIP_embedding_cold_protein,1.2089,0.8829,1.4615,,0.6226,,
17,EITLEM,kcat,cold_protein,PSICHIC,Test,ESM2,EITLEM_kcat_ESM2_embedding_cold_protein,1.2096,0.8979,1.4631,,0.6093,,
9,inhouse,Kd,cold_protein,XGBoost,Test,ProteinCLIP,inhouse_Kd_ProteinCLIP_embedding_cold_protein,1.209761887,0.909578726,1.463523824,0.376794251,0.624478666,0.692067077,0.376908557
15,MPEK,kcat,cold_protein,MLP,Test,ProteinCLIP,MPEK_kcat_ProteinCLIP_embedding_cold_protein,1.209768837,0.906112379,1.46354064,0.353868408,0.620187139,0.669964652,0.360831525
10,inhouse,Kd,cold_protein,XGBoost,Test,ESM2,inhouse_Kd_ESM2_embedding_cold_protein,1.210403233,0.911834085,1.465075988,0.3761333,0.624766046,0.69772591,0.377153117
1,EITLEM,kkm,random,Random Forest,Test,ESM2,EITLEM_kkm_ESM2_embedding_random,1.210625338,0.878152054,1.465613708,0.57410151,0.766289213,0.653750937,0.574136878
49,inhouse,Kd,random,GBM,Validation,ESM2,inhouse_Kd_ESM2_embedding_random,1.210674459,0.91155652,1.465732646,0.377539917,0.631805637,0.720770534,0.377541769
2,EITLEM,kkm,random,XGBoost,Test,ESMv1,EITLEM_kkm_ESMv1_embedding_random,1.210732337,0.870395271,1.465872792,0.574026222,0.757653003,0.622734347,0.574035784
16,MPEK,kcat,cold_protein,PSICHIC,Test,ESMv1,MPEK_kcat_ESMv1_embedding_cold_protein,1.2108,0.8937,1.466,,0.6116,,
11,inhouse,Kd,cold_protein,MLP,Test,ESMv1,inhouse_Kd_ESMv1_embedding_cold_protein,1.210945141,0.911103331,1.466388135,0.375574554,0.628797971,0.690085071,0.375583825
11,catpred,kcat,cold_drug,PSICHIC,Test,MUTAPLM,catpred_kcat_MUTAPLM_embedding_cold_drug,1.211,0.8419,1.4665,,0.6903,,
12,inhouse,Kd,cold_protein,PSICHIC,Test,MUTAPLM,inhouse_Kd_MUTAPLM_embedding_cold_protein,1.2111,0.9309,1.4666,,0.6153,,
63,MPEK,km,cold_drug,Linear Regression,Test,MUTAPLM,MPEK_km_MUTAPLM_embedding_cold_drug,1.211422171,0.898571076,1.467543675,0.06560796,0.497449733,0.685251731,0.066482281
13,inhouse,Kd,cold_protein,Random Forest,Test,MUTAPLM,inhouse_Kd_MUTAPLM_embedding_cold_protein,1.211566008,0.921099228,1.467892193,0.374934088,0.613554472,0.715840373,0.375210687
14,inhouse,Kd,cold_protein,PSICHIC,Test,ESMv1,inhouse_Kd_ESMv1_embedding_cold_protein,1.2117,0.9055,1.4683,,0.6208,,
3,EITLEM,kkm,random,Random Forest,Validation,ESM2,EITLEM_kkm_ESM2_embedding_random,1.211965443,0.879587914,1.468860235,0.549455084,0.746801073,0.66582812,0.549801319
44,EITLEM,kcat,random,Linear Regression,Test,MUTAPLM,EITLEM_kcat_MUTAPLM_embedding_random,1.211986431,0.875414837,1.468911108,0.354954056,0.629139937,0.639758265,0.355022712
11,inhouse,Kd,cold_drug,XGBoost,Validation,ESMv1,inhouse_Kd_ESMv1_embedding_cold_drug,1.212107469,0.900299332,1.469204516,0.363309467,0.608930315,0.6793321,0.365982377
17,MPEK,kcat,cold_protein,XGBoost,Validation,ProteinCLIP,MPEK_kcat_ProteinCLIP_embedding_cold_protein,1.212169923,0.87985998,1.469355922,0.350907636,0.605911911,0.670860467,0.354266624
15,inhouse,Kd,cold_protein,XGBoost,Validation,ProteinCLIP,inhouse_Kd_ProteinCLIP_embedding_cold_protein,1.212467757,0.884997858,1.470078062,0.390123056,0.639427062,0.657441583,0.390328755
35,MPEK,kcat,cold_drug,GBM,Validation,ESM2,MPEK_kcat_ESM2_embedding_cold_drug,1.212487585,0.892054503,1.470126145,0.312852557,0.56890379,0.667357207,0.314392139
61,EITLEM,km,cold_drug,Linear Regression,Validation,ESMv1,EITLEM_km_ESMv1_embedding_cold_drug,1.212811688,0.941222513,1.47091219,0.30128035,0.586231845,0.764161449,0.306141063
18,EITLEM,kcat,cold_protein,XGBoost,Validation,ESMv1,EITLEM_kcat_ESMv1_embedding_cold_protein,1.214016042,0.880236469,1.473834951,0.391845017,0.628678471,0.612587368,0.391900836
19,EITLEM,kcat,cold_protein,Diffusion,Validation,ProteinCLIP,EITLEM_kcat_ProteinCLIP_embedding_cold_protein,1.214036282,0.896683491,1.473884094,0.391824741,0.630755202,0.680072486,0.392479456
12,catpred,kcat,cold_drug,PSICHIC,Test,ESMv1,catpred_kcat_ESMv1_embedding_cold_drug,1.2141,0.8396,1.474,,0.6991,,
62,EITLEM,km,cold_drug,Linear Regression,Validation,ESM2,EITLEM_km_ESM2_embedding_cold_drug,1.214192245,0.95578012,1.474262808,0.299688724,0.571863263,0.780545219,0.303218485
13,catpred,kcat,cold_drug,XGBoost,Validation,ESM2,catpred_kcat_ESM2_embedding_cold_drug,1.214192749,0.889766889,1.474264031,0.462602872,0.681597013,0.656052036,0.462635017
34,catpred,kcat,random,MLP,Test,ESM2,catpred_kcat_ESM2_embedding_random,1.214230788,0.873185742,1.474356408,0.455722594,0.704564754,0.618861292,0.463360707
20,EITLEM,kcat,cold_protein,XGBoost,Test,ESMv1,EITLEM_kcat_ESMv1_embedding_cold_protein,1.215163145,0.904332676,1.476621469,0.361363515,0.612546575,0.677638892,0.364255957
18,MPEK,kcat,cold_protein,SVR,Validation,MUTAPLM,MPEK_kcat_MUTAPLM_embedding_cold_protein,1.216089138,0.895077708,1.478872791,0.346703531,0.590640185,0.671920588,0.346854923
12,inhouse,Kd,cold_drug,PSICHIC,Test,ESM2,inhouse_Kd_ESM2_embedding_cold_drug,1.2162,0.8971,1.4792,,0.5801,,
14,catpred,kcat,cold_drug,XGBoost,Test,ESMv1,catpred_kcat_ESMv1_embedding_cold_drug,1.216696421,0.889589208,1.48035018,0.465441092,0.684422,0.657099504,0.467025859
16,inhouse,Kd,cold_protein,Diffusion,Test,ESM2,inhouse_Kd_ESM2_embedding_cold_protein,1.216897513,0.918764398,1.480839556,0.369420772,0.621940496,0.704758286,0.369496636
19,MPEK,kcat,cold_protein,Diffusion,Validation,MUTAPLM,MPEK_kcat_MUTAPLM_embedding_cold_protein,1.21700292,0.882987474,1.481096107,0.345721376,0.614007794,0.656753749,0.352523589
20,MPEK,kcat,cold_protein,XGBoost,Test,ESM2,MPEK_kcat_ESM2_embedding_cold_protein,1.217239188,0.901298979,1.48167124,0.345864016,0.604957024,0.665753529,0.354117563
50,inhouse,Kd,random,Linear Regression,Validation,ESMv1,inhouse_Kd_ESMv1_embedding_random,1.217409507,0.891471491,1.482085909,0.370595094,0.624302782,0.665060854,0.3708277
36,MPEK,kcat,cold_drug,PSICHIC,Validation,ESM2,MPEK_kcat_ESM2_embedding_cold_drug,1.2175,0.8305,1.4823,,0.6054,,
21,MPEK,kcat,cold_protein,XGBoost,Validation,ESMv1,MPEK_kcat_ESMv1_embedding_cold_protein,1.217528603,0.885938804,1.4823759,0.345156022,0.60389752,0.6341713,0.356087556
17,inhouse,Kd,cold_protein,XGBoost,Test,ESMv1,inhouse_Kd_ESMv1_embedding_cold_protein,1.217530871,0.914923111,1.482381422,0.368764205,0.617736162,0.702633677,0.368765724
22,MPEK,kcat,cold_protein,Random Forest,Test,MUTAPLM,MPEK_kcat_MUTAPLM_embedding_cold_protein,1.218058216,0.922677241,1.483665819,0.344983439,0.595391576,0.705879387,0.353502521
4,EITLEM,kkm,random,Random Forest,Test,ESMv1,EITLEM_kkm_ESMv1_embedding_random,1.218341281,0.882364973,1.484355477,0.568655265,0.762085414,0.638962104,0.568663874
21,EITLEM,kcat,cold_protein,Diffusion,Test,ProteinCLIP,EITLEM_kcat_ProteinCLIP_embedding_cold_protein,1.218887046,0.912377386,1.485685632,0.357443282,0.60787312,0.692033798,0.359271482
23,MPEK,kcat,cold_protein,XGBoost,Test,ESMv1,MPEK_kcat_ESMv1_embedding_cold_protein,1.218958082,0.904114732,1.485858805,0.344015268,0.603698596,0.683260932,0.352825743
15,catpred,kcat,cold_drug,Random Forest,Test,MUTAPLM,catpred_kcat_MUTAPLM_embedding_cold_drug,1.219449428,0.882690141,1.487056907,0.463019273,0.694807906,0.63523097,0.463994881
13,inhouse,Kd,cold_drug,XGBoost,Test,ESM2,inhouse_Kd_ESM2_embedding_cold_drug,1.219934156,0.882850117,1.488239345,0.329014672,0.581042531,0.641150456,0.329887292
16,catpred,kcat,cold_drug,PSICHIC,Validation,MUTAPLM,catpred_kcat_MUTAPLM_embedding_cold_drug,1.22,0.837,1.4883,,0.7012,,
24,MPEK,kcat,cold_protein,GBM,Test,ESMv1,MPEK_kcat_ESMv1_embedding_cold_protein,1.220037429,0.946359386,1.488491329,0.342853047,0.601526503,0.773413352,0.343440624
51,inhouse,Kd,random,GBM,Validation,MUTAPLM,inhouse_Kd_MUTAPLM_embedding_random,1.221663682,0.926001941,1.492462152,0.366188563,0.639549637,0.754458945,0.366400109
45,EITLEM,kcat,random,GBM,Test,ESMv1,EITLEM_kcat_ESMv1_embedding_random,1.222064869,0.938843585,1.493442544,0.344181516,0.608159273,0.76262623,0.344281048
5,EITLEM,kkm,random,Random Forest,Validation,ESMv1,EITLEM_kkm_ESMv1_embedding_random,1.22215312,0.883695619,1.493658249,0.541848765,0.741210994,0.653219868,0.542017162
17,catpred,kcat,cold_drug,PSICHIC,Test,ESM2,catpred_kcat_ESM2_embedding_cold_drug,1.2225,0.8544,1.4946,,0.6983,,
46,EITLEM,kcat,random,Linear Regression,Test,ESMv1,EITLEM_kcat_ESMv1_embedding_random,1.222716256,0.931885345,1.495035043,0.343482199,0.591089386,0.733089306,0.343482248
25,MPEK,kcat,cold_protein,XGBoost,Validation,ESM2,MPEK_kcat_ESM2_embedding_cold_protein,1.22271995,0.884052619,1.495044077,0.339559818,0.59592279,0.654243465,0.341117328
6,EITLEM,kkm,random,XGBoost,Validation,ESMv1,EITLEM_kkm_ESMv1_embedding_random,1.223019753,0.882757664,1.495777317,0.541198781,0.736109901,0.646297256,0.541469958
7,EITLEM,kkm,random,XGBoost,Test,ESM2,EITLEM_kkm_ESM2_embedding_random,1.223425368,0.8862518,1.496769631,0.565047787,0.751759887,0.64080748,0.565061258
18,catpred,kcat,cold_drug,PSICHIC,Validation,ESMv1,catpred_kcat_ESMv1_embedding_cold_drug,1.2248,0.8602,1.5002,,0.7014,,
47,EITLEM,kcat,random,Linear Regression,Validation,ESMv1,EITLEM_kcat_ESMv1_embedding_random,1.224819327,0.925383018,1.500182384,0.335865119,0.586976925,0.738981486,0.335947631
8,EITLEM,kkm,random,PSICHIC,Test,ProteinCLIP,EITLEM_kkm_ProteinCLIP_embedding_random,1.2249,0.8763,1.5003,,0.7557,,
19,catpred,kcat,cold_drug,XGBoost,Test,ESM2,catpred_kcat_ESM2_embedding_cold_drug,1.224903795,0.89867997,1.500389308,0.458204903,0.680232247,0.650480659,0.460232265
14,inhouse,Kd,cold_drug,SVR,Validation,MUTAPLM,inhouse_Kd_MUTAPLM_embedding_cold_drug,1.225089812,0.889946397,1.500845048,0.349597811,0.598634736,0.639872789,0.354337637
15,inhouse,Kd,cold_drug,XGBoost,Validation,ProteinCLIP,inhouse_Kd_ProteinCLIP_embedding_cold_drug,1.225112269,0.916891716,1.500900073,0.349573966,0.592837114,0.70226968,0.350317154
26,MPEK,kcat,cold_protein,Diffusion,Validation,ESMv1,MPEK_kcat_ESMv1_embedding_cold_protein,1.225265241,0.887274272,1.50127491,0.33680733,0.601631543,0.673932552,0.343737915
35,catpred,kcat,random,Diffusion,Validation,ProteinCLIP,catpred_kcat_ProteinCLIP_embedding_random,1.225507301,0.91525368,1.501868144,0.440454299,0.66735428,0.67871815,0.440539964
18,inhouse,Kd,cold_protein,SVR,Test,MUTAPLM,inhouse_Kd_MUTAPLM_embedding_cold_protein,1.225772223,0.911486354,1.502517543,0.360189731,0.604938714,0.690836398,0.365757482
52,inhouse,Kd,random,GBM,Validation,ProteinCLIP,inhouse_Kd_ProteinCLIP_embedding_random,1.226481952,0.918841609,1.504257979,0.361179169,0.617648785,0.723590259,0.361179241
37,MPEK,kcat,cold_drug,GBM,Test,ESM2,MPEK_kcat_ESM2_embedding_cold_drug,1.22659936,0.951630399,1.504545989,0.307643191,0.563256719,0.783180085,0.309848314
22,EITLEM,kcat,cold_protein,MLP,Validation,ProteinCLIP,EITLEM_kcat_ProteinCLIP_embedding_cold_protein,1.226761676,0.891445342,1.50494421,0.379008267,0.636538487,0.653887695,0.379319997
38,MPEK,kcat,cold_drug,GBM,Test,ESMv1,MPEK_kcat_ESMv1_embedding_cold_drug,1.227282134,0.948922351,1.506221436,0.306872189,0.56348583,0.766468411,0.308200047
48,EITLEM,kcat,random,GBM,Validation,ESM2,EITLEM_kcat_ESM2_embedding_random,1.227736266,0.937660906,1.507336339,0.332698044,0.593133965,0.74913288,0.332926936
23,EITLEM,kcat,cold_protein,Random Forest,Validation,MUTAPLM,EITLEM_kcat_MUTAPLM_embedding_cold_protein,1.228083573,0.887863422,1.508189263,0.377669247,0.620146839,0.643552602,0.377873463
2,catpred,ki,random,PSICHIC,Test,ProteinCLIP,catpred_ki_ProteinCLIP_embedding_random,1.2284,0.8969,1.509,,0.7863,,
49,EITLEM,kcat,random,GBM,Validation,ESMv1,EITLEM_kcat_ESMv1_embedding_random,1.229259475,0.935327728,1.511078858,0.33104122,0.593654958,0.755353355,0.331178118
27,MPEK,kcat,cold_protein,SVR,Test,MUTAPLM,MPEK_kcat_MUTAPLM_embedding_cold_protein,1.229753495,0.916892128,1.512293658,0.33234467,0.576643934,0.691821721,0.33241843
18,EITLEM,kcat,cold_drug,Random Forest,Validation,ProteinCLIP,EITLEM_kcat_ProteinCLIP_embedding_cold_drug,1.230284723,0.889751909,1.5136005,0.419321264,0.663054388,0.644003092,0.422691989
16,inhouse,Kd,cold_drug,XGBoost,Test,ProteinCLIP,inhouse_Kd_ProteinCLIP_embedding_cold_drug,1.230364683,0.891935626,1.513797253,0.317491672,0.567192998,0.658771352,0.317491741
19,inhouse,Kd,cold_protein,MLP,Test,ESM2,inhouse_Kd_ESM2_embedding_cold_protein,1.230757568,0.942093099,1.514764191,0.354974796,0.61858784,0.746948808,0.355227912
20,catpred,kcat,cold_drug,XGBoost,Validation,MUTAPLM,catpred_kcat_MUTAPLM_embedding_cold_drug,1.230972741,0.898923496,1.51529389,0.447646712,0.67148075,0.663626674,0.447722514
36,catpred,kcat,random,PSICHIC,Validation,ESMv1,catpred_kcat_ESMv1_embedding_random,1.2311,0.8905,1.5155,,0.6913,,
37,catpred,kcat,random,MLP,Validation,ESM2,catpred_kcat_ESM2_embedding_random,1.231346499,0.898163049,1.5162142,0.435109441,0.694067474,0.657905767,0.441004465
28,MPEK,kcat,cold_protein,PSICHIC,Test,ProteinCLIP,MPEK_kcat_ProteinCLIP_embedding_cold_protein,1.2317,0.944,1.5172,,0.5829,,
20,inhouse,Kd,cold_protein,PSICHIC,Test,ProteinCLIP,inhouse_Kd_ProteinCLIP_embedding_cold_protein,1.2318,0.927,1.5174,,0.6203,,
38,catpred,kcat,random,Diffusion,Test,ProteinCLIP,catpred_kcat_ProteinCLIP_embedding_random,1.232071662,0.907959676,1.518000581,0.439610796,0.665006336,0.696086839,0.439801855
21,catpred,kcat,cold_drug,XGBoost,Validation,ESMv1,catpred_kcat_ESMv1_embedding_cold_drug,1.232201914,0.899466411,1.518321558,0.44654307,0.669921699,0.658924838,0.446876703
29,MPEK,kcat,cold_protein,GBM,Test,ESM2,MPEK_kcat_ESM2_embedding_cold_protein,1.232261239,0.950878641,1.518467762,0.329618894,0.589072885,0.759261145,0.330608031
22,catpred,kcat,cold_drug,XGBoost,Test,MUTAPLM,catpred_kcat_MUTAPLM_embedding_cold_drug,1.232552903,0.895889155,1.519186659,0.451417122,0.67471895,0.649507593,0.453177991
19,EITLEM,kcat,cold_drug,Diffusion,Test,ESM2,EITLEM_kcat_ESM2_embedding_cold_drug,1.232698535,0.926978406,1.519545678,0.314569085,0.566016137,0.718102694,0.314917111
17,inhouse,Kd,cold_drug,MLP,Validation,MUTAPLM,inhouse_Kd_MUTAPLM_embedding_cold_drug,1.233222526,0.899474039,1.520837798,0.340933807,0.60139584,0.648736863,0.350975268
18,inhouse,Kd,cold_drug,XGBoost,Test,ESMv1,inhouse_Kd_ESMv1_embedding_cold_drug,1.233402219,0.878587094,1.521281034,0.314117546,0.567414705,0.643169408,0.314601955
9,EITLEM,kkm,random,Diffusion,Test,MUTAPLM,EITLEM_kkm_MUTAPLM_embedding_random,1.233646026,0.862439299,1.521882517,0.557750133,0.75256245,0.597565956,0.557782014
23,catpred,kcat,cold_drug,Random Forest,Validation,ProteinCLIP,catpred_kcat_ProteinCLIP_embedding_cold_drug,1.234083968,0.902163818,1.522963241,0.444851088,0.677941949,0.667331264,0.444868803
24,catpred,kcat,cold_drug,XGBoost,Validation,ProteinCLIP,catpred_kcat_ProteinCLIP_embedding_cold_drug,1.234323367,0.92511938,1.523554175,0.444635682,0.667172528,0.710095467,0.444880713
24,EITLEM,kcat,cold_protein,PSICHIC,Test,ESMv1,EITLEM_kcat_ESMv1_embedding_cold_protein,1.2348,0.9052,1.5247,,0.6064,,
21,inhouse,Kd,cold_protein,Diffusion,Test,ProteinCLIP,inhouse_Kd_ProteinCLIP_embedding_cold_protein,1.235247583,0.933771979,1.525836592,0.350259887,0.608843984,0.733709127,0.350260621
10,EITLEM,kkm,random,XGBoost,Validation,ProteinCLIP,EITLEM_kkm_ProteinCLIP_embedding_random,1.235467551,0.882604421,1.52638007,0.53181197,0.729923848,0.662407213,0.53268886
11,EITLEM,kkm,random,XGBoost,Test,MUTAPLM,EITLEM_kkm_MUTAPLM_embedding_random,1.236575209,0.894979427,1.529118248,0.555647474,0.74544824,0.645641855,0.555648835
30,MPEK,kcat,cold_protein,Diffusion,Validation,ProteinCLIP,MPEK_kcat_ProteinCLIP_embedding_cold_protein,1.236663641,0.915386946,1.529336962,0.324410835,0.588518319,0.710207701,0.327712256
19,inhouse,Kd,cold_drug,XGBoost,Validation,MUTAPLM,inhouse_Kd_MUTAPLM_embedding_cold_drug,1.23677413,0.906687082,1.529610249,0.337132201,0.587148087,0.626186032,0.338252379
39,MPEK,kcat,cold_drug,GBM,Validation,ProteinCLIP,MPEK_kcat_ProteinCLIP_embedding_cold_drug,1.237763216,0.926672519,1.53205778,0.283905269,0.54051019,0.724036782,0.286459414
31,MPEK,kcat,cold_protein,PSICHIC,Test,MUTAPLM,MPEK_kcat_MUTAPLM_embedding_cold_protein,1.2382,0.9185,1.5331,,0.5797,,
50,EITLEM,kcat,random,GBM,Test,ESM2,EITLEM_kcat_ESM2_embedding_random,1.238217226,0.956740792,1.533181898,0.326730692,0.587038191,0.798371321,0.326854889
20,EITLEM,kcat,cold_drug,Diffusion,Validation,MUTAPLM,EITLEM_kcat_MUTAPLM_embedding_cold_drug,1.238226906,0.861454119,1.533205871,0.411799848,0.649355064,0.583008289,0.418398043
20,inhouse,Kd,cold_drug,Diffusion,Validation,ESMv1,inhouse_Kd_ESMv1_embedding_cold_drug,1.238559521,0.934123782,1.534029688,0.335217008,0.589679013,0.723986894,0.346215926
32,MPEK,kcat,cold_protein,MLP,Validation,ESMv1,MPEK_kcat_ESMv1_embedding_cold_protein,1.238709531,0.888277848,1.534401303,0.322173645,0.600846158,0.635172091,0.324018767
40,MPEK,kcat,cold_drug,MLP,Test,MUTAPLM,MPEK_kcat_MUTAPLM_embedding_cold_drug,1.239226024,0.902562146,1.535681139,0.293315524,0.597849616,0.654321092,0.293908718
63,EITLEM,km,cold_drug,Linear Regression,Validation,ProteinCLIP,EITLEM_km_ProteinCLIP_embedding_cold_drug,1.239579674,0.968230926,1.536557768,0.270097078,0.543548682,0.803013113,0.274364614
12,EITLEM,kkm,random,XGBoost,Validation,ESM2,EITLEM_kkm_ESM2_embedding_random,1.240114361,0.893831377,1.537883628,0.528283472,0.727746841,0.663001978,0.529117365
21,inhouse,Kd,cold_drug,XGBoost,Test,MUTAPLM,inhouse_Kd_MUTAPLM_embedding_cold_drug,1.24041582,0.888555836,1.538631407,0.306294983,0.560022951,0.63288749,0.306646341
33,MPEK,kcat,cold_protein,GBM,Test,ProteinCLIP,MPEK_kcat_ProteinCLIP_embedding_cold_protein,1.240695468,0.960156998,1.539325245,0.320410624,0.579857342,0.771080166,0.321530098
22,inhouse,Kd,cold_protein,Diffusion,Validation,ESM2,inhouse_Kd_ESM2_embedding_cold_protein,1.240978668,0.899989461,1.540028054,0.361103587,0.61694797,0.656667173,0.363107244
41,MPEK,kcat,cold_drug,MLP,Validation,ESM2,MPEK_kcat_ESM2_embedding_cold_drug,1.241755553,0.910903827,1.541956854,0.279278371,0.579843044,0.660916538,0.285330014
56,MPEK,kcat,random,SVR,Test,ESMv1,MPEK_kcat_ESMv1_embedding_random,1.242306576,0.933696074,1.543325628,0.316763533,0.572115072,0.725197832,0.321237204
13,EITLEM,kkm,random,Diffusion,Validation,MUTAPLM,EITLEM_kkm_MUTAPLM_embedding_random,1.242358037,0.868159995,1.543453493,0.526575025,0.733937308,0.613776989,0.52697185
23,inhouse,Kd,cold_protein,Diffusion,Validation,ESMv1,inhouse_Kd_ESMv1_embedding_cold_protein,1.242883939,0.899122232,1.544760485,0.359140289,0.621545288,0.653347254,0.36215049
25,EITLEM,kcat,cold_protein,MLP,Test,ESMv1,EITLEM_kcat_ESMv1_embedding_cold_protein,1.243283934,0.90251588,1.54575494,0.331463397,0.620513167,0.640261336,0.333777383
53,inhouse,Kd,random,Linear Regression,Validation,ESM2,inhouse_Kd_ESM2_embedding_random,1.24378018,0.924481683,1.546989137,0.343032313,0.596239168,0.702103771,0.343838571
22,inhouse,Kd,cold_drug,SVR,Test,MUTAPLM,inhouse_Kd_MUTAPLM_embedding_cold_drug,1.244129001,0.894633729,1.547856972,0.302135559,0.554197401,0.651235681,0.307028398
34,MPEK,kcat,cold_protein,MLP,Test,ESM2,MPEK_kcat_ESM2_embedding_cold_protein,1.244387156,0.904310822,1.548499393,0.316360373,0.59724063,0.646568035,0.321072826
54,inhouse,Kd,random,MLP,Validation,ProteinCLIP,inhouse_Kd_ProteinCLIP_embedding_random,1.244504073,0.928388371,1.548790388,0.342267366,0.587479647,0.722119132,0.343313573
26,EITLEM,kcat,cold_protein,MLP,Validation,ESMv1,EITLEM_kcat_ESMv1_embedding_cold_protein,1.245021425,0.891224248,1.550078348,0.36038437,0.636720035,0.632041889,0.368844112
57,MPEK,kcat,random,Linear Regression,Test,MUTAPLM,MPEK_kcat_MUTAPLM_embedding_random,1.245411121,0.800939251,1.55104886,0.313344427,0.654676193,0.535711305,0.313512957
51,EITLEM,kcat,random,GBM,Validation,ProteinCLIP,EITLEM_kcat_ProteinCLIP_embedding_random,1.245473258,0.949645993,1.551203636,0.31327787,0.572084174,0.768105116,0.3133605
3,catpred,ki,random,PSICHIC,Test,ESM2,catpred_ki_ESM2_embedding_random,1.2461,0.9089,1.5529,,0.7815,,
52,EITLEM,kcat,random,GBM,Test,ProteinCLIP,EITLEM_kcat_ProteinCLIP_embedding_random,1.246178412,0.961644028,1.552960634,0.318045216,0.580265946,0.780914209,0.318143422
24,inhouse,Kd,cold_protein,Diffusion,Validation,ProteinCLIP,inhouse_Kd_ProteinCLIP_embedding_cold_protein,1.247426202,0.925151746,1.55607213,0.354447537,0.61441984,0.697120219,0.354671232
35,MPEK,kcat,cold_protein,GBM,Validation,ESMv1,MPEK_kcat_ESMv1_embedding_cold_protein,1.247927041,0.943717983,1.5573219,0.312048403,0.578416768,0.755739517,0.312053326
36,MPEK,kcat,cold_protein,XGBoost,Validation,MUTAPLM,MPEK_kcat_MUTAPLM_embedding_cold_protein,1.248512298,0.936739397,1.558782959,0.311402976,0.573815291,0.729298968,0.322033962
25,inhouse,Kd,cold_protein,MLP,Validation,ESMv1,inhouse_Kd_ESMv1_embedding_cold_protein,1.249186141,0.91305311,1.560466016,0.352624687,0.611434945,0.664910914,0.355284629
42,MPEK,kcat,cold_drug,GBM,Validation,MUTAPLM,MPEK_kcat_MUTAPLM_embedding_cold_drug,1.249350751,0.929161492,1.5608773,0.27043482,0.537089647,0.713671845,0.271683683
26,inhouse,Kd,cold_protein,Random Forest,Validation,MUTAPLM,inhouse_Kd_MUTAPLM_embedding_cold_protein,1.249832848,0.914309732,1.562082149,0.351954218,0.594740174,0.698992041,0.353715873
25,catpred,kcat,cold_drug,Random Forest,Test,ProteinCLIP,catpred_kcat_ProteinCLIP_embedding_cold_drug,1.24993058,0.918167391,1.562326456,0.435839212,0.674538949,0.686262203,0.438907822
39,catpred,kcat,random,SVR,Test,MUTAPLM,catpred_kcat_MUTAPLM_embedding_random,1.249951247,0.867764527,1.562378119,0.423228261,0.654231461,0.591750685,0.423352925
53,EITLEM,kcat,random,Linear Regression,Test,ESM2,EITLEM_kcat_ESM2_embedding_random,1.250435521,0.961847697,1.563588991,0.313377963,0.562041692,0.765508932,0.313528788
54,EITLEM,kcat,random,GBM,Validation,MUTAPLM,EITLEM_kcat_MUTAPLM_embedding_random,1.250539529,0.956275846,1.563849113,0.307679683,0.583071673,0.775189243,0.307778151
4,catpred,ki,random,Diffusion,Test,ESMv1,catpred_ki_ESMv1_embedding_random,1.250600586,0.911930038,1.564001827,0.599649357,0.775826022,0.660881519,0.599976616
55,EITLEM,kcat,random,GBM,Test,MUTAPLM,EITLEM_kcat_MUTAPLM_embedding_random,1.250807941,0.96858005,1.564520505,0.312968906,0.592314178,0.795565631,0.313116317
26,catpred,kcat,cold_drug,PSICHIC,Test,ProteinCLIP,catpred_kcat_ProteinCLIP_embedding_cold_drug,1.252,0.874,1.5675,,0.691,,
27,EITLEM,kcat,cold_protein,PSICHIC,Validation,ESMv1,EITLEM_kcat_ESMv1_embedding_cold_protein,1.2521,0.8968,1.5678,,0.6393,,
21,EITLEM,kcat,cold_drug,MLP,Test,MUTAPLM,EITLEM_kcat_MUTAPLM_embedding_cold_drug,1.252258215,0.909345844,1.568150637,0.292644542,0.601227905,0.662137457,0.296769738
27,inhouse,Kd,cold_protein,GBM,Test,ProteinCLIP,inhouse_Kd_ProteinCLIP_embedding_cold_protein,1.252270489,0.960663114,1.568181378,0.332228396,0.585750471,0.774904089,0.333162343
14,EITLEM,kkm,random,Random Forest,Validation,ProteinCLIP,EITLEM_kkm_ProteinCLIP_embedding_random,1.252535894,0.906324513,1.568846167,0.518786303,0.724369341,0.67141918,0.51937528
28,EITLEM,kcat,cold_protein,MLP,Test,ESM2,EITLEM_kcat_ESM2_embedding_cold_protein,1.2532537,0.903623765,1.570644837,0.320698555,0.606394119,0.628523261,0.323284013
15,EITLEM,kkm,random,Random Forest,Validation,MUTAPLM,EITLEM_kkm_MUTAPLM_embedding_random,1.253744625,0.916325814,1.571875585,0.517857086,0.728625303,0.712122611,0.517961285
29,EITLEM,kcat,cold_protein,SVR,Test,MUTAPLM,EITLEM_kcat_MUTAPLM_embedding_cold_protein,1.254021775,0.929664455,1.572570611,0.319865661,0.566741346,0.703750959,0.320073875
30,EITLEM,kcat,cold_protein,PSICHIC,Validation,ESM2,EITLEM_kcat_ESM2_embedding_cold_protein,1.2543,0.8843,1.5732,,0.6292,,
16,EITLEM,kkm,random,XGBoost,Validation,MUTAPLM,EITLEM_kkm_MUTAPLM_embedding_random,1.254593872,0.905325099,1.574005785,0.517203688,0.720535497,0.655172251,0.518289457
31,EITLEM,kcat,cold_protein,PSICHIC,Validation,ProteinCLIP,EITLEM_kcat_ProteinCLIP_embedding_cold_protein,1.2546,0.8967,1.574,,0.6306,,
22,EITLEM,kcat,cold_drug,PSICHIC,Validation,ESMv1,EITLEM_kcat_ESMv1_embedding_cold_drug,1.2547,0.8595,1.5743,,0.6487,,
23,inhouse,Kd,cold_drug,PSICHIC,Test,ESMv1,inhouse_Kd_ESMv1_embedding_cold_drug,1.2547,0.9379,1.5743,,0.5528,,
17,EITLEM,kkm,random,Random Forest,Test,ProteinCLIP,EITLEM_kkm_ProteinCLIP_embedding_random,1.255293405,0.906493474,1.575761532,0.542093218,0.740443086,0.657899813,0.542241571
18,EITLEM,kkm,random,XGBoost,Test,ProteinCLIP,EITLEM_kkm_ProteinCLIP_embedding_random,1.255720288,0.915382004,1.576833441,0.541781727,0.736445184,0.668748481,0.54224733
37,MPEK,kcat,cold_protein,MLP,Validation,ESM2,MPEK_kcat_ESM2_embedding_cold_protein,1.255957259,0.9064015,1.577428636,0.303166193,0.588738459,0.675942953,0.306997779
19,EITLEM,kkm,random,Random Forest,Test,MUTAPLM,EITLEM_kkm_MUTAPLM_embedding_random,1.256248021,0.916744558,1.57815909,0.541396502,0.750966238,0.687173861,0.541561544
28,inhouse,Kd,cold_protein,XGBoost,Test,MUTAPLM,inhouse_Kd_MUTAPLM_embedding_cold_protein,1.256639321,0.954792289,1.579142383,0.327560921,0.581328949,0.744291069,0.327782781
29,inhouse,Kd,cold_protein,GBM,Test,ESMv1,inhouse_Kd_ESMv1_embedding_cold_protein,1.25701585,0.96433658,1.580088848,0.327157892,0.58030941,0.777196951,0.327746407
27,catpred,kcat,cold_drug,Diffusion,Validation,ESM2,catpred_kcat_ESM2_embedding_cold_drug,1.257045141,0.915992986,1.580162486,0.424000883,0.65755173,0.668173552,0.425284728
32,EITLEM,kcat,cold_protein,Diffusion,Test,MUTAPLM,EITLEM_kcat_MUTAPLM_embedding_cold_protein,1.258069566,0.918695453,1.582739033,0.315467838,0.589907362,0.660448611,0.320053712
55,inhouse,Kd,random,SVR,Test,ESMv1,inhouse_Kd_ESMv1_embedding_random,1.258340189,0.963424259,1.583420031,0.280993023,0.549210438,0.767946322,0.285129836
56,EITLEM,kcat,random,Linear Regression,Validation,ESM2,EITLEM_kcat_ESM2_embedding_random,1.258481038,0.952838974,1.583774524,0.298858649,0.552311472,0.739219747,0.298906189
5,catpred,ki,random,PSICHIC,Validation,MUTAPLM,catpred_ki_MUTAPLM_embedding_random,1.2587,0.9001,1.5842,,0.7824,,
33,EITLEM,kcat,cold_protein,SVR,Validation,MUTAPLM,EITLEM_kcat_MUTAPLM_embedding_cold_protein,1.259373282,0.907252379,1.586021063,0.34555317,0.589978517,0.650959794,0.348073408
34,EITLEM,kcat,cold_protein,MLP,Test,ProteinCLIP,EITLEM_kcat_ProteinCLIP_embedding_cold_protein,1.26035749,0.92663788,1.588501002,0.312975792,0.600800674,0.691497646,0.316271626
30,inhouse,Kd,cold_protein,XGBoost,Validation,ESM2,inhouse_Kd_ESM2_embedding_cold_protein,1.261195462,0.913370096,1.590613993,0.34011749,0.601796666,0.640808326,0.342833121
24,inhouse,Kd,cold_drug,PSICHIC,Validation,ESM2,inhouse_Kd_ESM2_embedding_cold_drug,1.2613,0.8974,1.5908,,0.6005,,
58,MPEK,kcat,random,SVR,Test,ESM2,MPEK_kcat_ESM2_embedding_random,1.261310951,0.94089229,1.590905314,0.295699815,0.549277005,0.708698805,0.300887572
31,inhouse,Kd,cold_protein,GBM,Test,ESM2,inhouse_Kd_ESM2_embedding_cold_protein,1.261889959,0.970287651,1.59236627,0.321929853,0.575005946,0.780543275,0.322962545
35,EITLEM,kcat,cold_protein,MLP,Validation,ESM2,EITLEM_kcat_ESM2_embedding_cold_protein,1.261892719,0.907724782,1.592373235,0.342932045,0.62415614,0.630846991,0.353099264
43,MPEK,kcat,cold_drug,GBM,Test,ProteinCLIP,MPEK_kcat_ProteinCLIP_embedding_cold_drug,1.261922527,0.98110865,1.592448463,0.267192532,0.523119063,0.816115791,0.268793434
6,catpred,ki,random,Diffusion,Test,ESM2,catpred_ki_ESM2_embedding_random,1.26196993,0.931645789,1.592568103,0.592337008,0.774161009,0.694977522,0.596708399
32,inhouse,Kd,cold_protein,Diffusion,Test,MUTAPLM,inhouse_Kd_MUTAPLM_embedding_cold_protein,1.262149594,0.921747901,1.593021599,0.321650798,0.597813259,0.686187714,0.322175285
7,catpred,ki,random,PSICHIC,Test,ESMv1,catpred_ki_ESMv1_embedding_random,1.2625,0.9266,1.5939,,0.7698,,
44,MPEK,kcat,cold_drug,Diffusion,Test,ProteinCLIP,MPEK_kcat_ProteinCLIP_embedding_cold_drug,1.262550022,0.971454252,1.594032558,0.26646357,0.525111113,0.785644859,0.272483753
38,MPEK,kcat,cold_protein,PSICHIC,Validation,ESM2,MPEK_kcat_ESM2_embedding_cold_protein,1.2629,0.8884,1.5949,,0.5946,,
39,MPEK,kcat,cold_protein,GBM,Validation,ESM2,MPEK_kcat_ESM2_embedding_cold_protein,1.263039463,0.95413751,1.595268686,0.295285297,0.555691298,0.778622098,0.295340571
59,MPEK,kcat,random,Linear Regression,Test,ProteinCLIP,MPEK_kcat_ProteinCLIP_embedding_random,1.263510573,0.955812489,1.596458969,0.293241189,0.554096968,0.75106676,0.293247996
33,inhouse,Kd,cold_protein,MLP,Test,ProteinCLIP,inhouse_Kd_ProteinCLIP_embedding_cold_protein,1.263631349,0.950697988,1.596764185,0.320057108,0.58504135,0.726600519,0.321994414
40,MPEK,kcat,cold_protein,Diffusion,Test,MUTAPLM,MPEK_kcat_MUTAPLM_embedding_cold_protein,1.263648898,0.934205023,1.596808537,0.295032601,0.568633706,0.700946502,0.298487236
8,catpred,ki,random,XGBoost,Test,ProteinCLIP,catpred_ki_ProteinCLIP_embedding_random,1.26378204,0.944409958,1.597145044,0.591165411,0.769358897,0.748435341,0.591567058
20,EITLEM,kkm,random,PSICHIC,Validation,ProteinCLIP,EITLEM_kkm_ProteinCLIP_embedding_random,1.2642,0.872,1.5982,,0.7305,,
21,EITLEM,kkm,random,PSICHIC,Validation,MUTAPLM,EITLEM_kkm_MUTAPLM_embedding_random,1.2646,0.8822,1.5993,,0.7272,,
41,MPEK,kcat,cold_protein,GBM,Validation,ProteinCLIP,MPEK_kcat_ProteinCLIP_embedding_cold_protein,1.265503788,0.959720298,1.601499838,0.292532667,0.5494776,0.772071555,0.2926748
23,EITLEM,kcat,cold_drug,MLP,Test,ESMv1,EITLEM_kcat_ESMv1_embedding_cold_drug,1.266250236,0.930406475,1.603389661,0.276749057,0.55304772,0.673286899,0.280426739
34,inhouse,Kd,cold_protein,MLP,Validation,ESM2,inhouse_Kd_ESM2_embedding_cold_protein,1.266315222,0.936200284,1.603554243,0.334749095,0.600787394,0.712634602,0.335026917
9,catpred,ki,random,Random Forest,Test,ESMv1,catpred_ki_ESMv1_embedding_random,1.26640968,0.940360535,1.603793479,0.589463555,0.774457021,0.73769581,0.590008378
56,inhouse,Kd,random,SVR,Test,ESM2,inhouse_Kd_ESM2_embedding_random,1.266701179,0.964942383,1.604531876,0.271406454,0.532770482,0.778435301,0.276253713
36,EITLEM,kcat,cold_protein,PSICHIC,Test,MUTAPLM,EITLEM_kcat_MUTAPLM_embedding_cold_protein,1.2683,0.9513,1.6086,,0.5754,,
45,MPEK,kcat,cold_drug,GBM,Test,MUTAPLM,MPEK_kcat_MUTAPLM_embedding_cold_drug,1.268411793,0.979929031,1.608868478,0.259636426,0.524135451,0.800924245,0.262588915
42,MPEK,kcat,cold_protein,XGBoost,Test,MUTAPLM,MPEK_kcat_MUTAPLM_embedding_cold_protein,1.269876377,0.961197803,1.612586013,0.288067076,0.552604603,0.747939989,0.296987019
25,inhouse,Kd,cold_drug,PSICHIC,Test,MUTAPLM,inhouse_Kd_MUTAPLM_embedding_cold_drug,1.2701,0.9355,1.6132,,0.5527,,
10,catpred,ki,random,Random Forest,Test,ESM2,catpred_ki_ESM2_embedding_random,1.270300433,0.950681529,1.613663189,0.586937123,0.772738064,0.740346856,0.587719312
11,catpred,ki,random,Diffusion,Validation,ESMv1,catpred_ki_ESMv1_embedding_random,1.270930465,0.939874528,1.615264247,0.600032298,0.776346518,0.692469209,0.600038453
12,catpred,ki,random,PSICHIC,Validation,ESM2,catpred_ki_ESM2_embedding_random,1.2711,0.9187,1.6158,,0.7833,,
26,inhouse,Kd,cold_drug,Diffusion,Validation,ESM2,inhouse_Kd_ESM2_embedding_cold_drug,1.271141943,0.97164141,1.615801839,0.299780447,0.553995991,0.745159388,0.302170157
22,EITLEM,kkm,random,PSICHIC,Test,MUTAPLM,EITLEM_kkm_MUTAPLM_embedding_random,1.2719,0.8864,1.6176,,0.7349,,
27,inhouse,Kd,cold_drug,Diffusion,Test,MUTAPLM,inhouse_Kd_MUTAPLM_embedding_cold_drug,1.272232762,0.892639736,1.618576201,0.270251195,0.546109136,0.620601231,0.270331248
28,catpred,kcat,cold_drug,Diffusion,Test,ESMv1,catpred_kcat_ESMv1_embedding_cold_drug,1.272260729,0.896836847,1.618647362,0.415501566,0.661288345,0.622373074,0.418242636
28,inhouse,Kd,cold_drug,Diffusion,Test,ESMv1,inhouse_Kd_ESMv1_embedding_cold_drug,1.273344173,0.929176951,1.621405383,0.268975635,0.535851678,0.694367483,0.27065205
35,inhouse,Kd,cold_protein,MLP,Validation,ProteinCLIP,inhouse_Kd_ProteinCLIP_embedding_cold_protein,1.273433717,0.951123254,1.621633431,0.327248758,0.586436991,0.742677515,0.327923497
13,catpred,ki,random,PSICHIC,Validation,ESMv1,catpred_ki_ESMv1_embedding_random,1.2739,0.9123,1.6227,,0.7816,,
23,EITLEM,kkm,random,PSICHIC,Validation,ESM2,EITLEM_kkm_ESM2_embedding_random,1.2756,0.8718,1.6271,,0.723,,
24,EITLEM,kcat,cold_drug,XGBoost,Validation,ESMv1,EITLEM_kcat_ESMv1_embedding_cold_drug,1.275710443,0.923946484,1.627437135,0.375648899,0.615619255,0.669771173,0.378484544
37,EITLEM,kcat,cold_protein,Diffusion,Validation,MUTAPLM,EITLEM_kcat_MUTAPLM_embedding_cold_protein,1.275983677,0.913260468,1.628134344,0.328175783,0.588943484,0.635718346,0.329770082
46,MPEK,kcat,cold_drug,Diffusion,Validation,ProteinCLIP,MPEK_kcat_ProteinCLIP_embedding_cold_drug,1.27622864,0.957935724,1.628759542,0.238706175,0.503049071,0.733654723,0.246362016
64,EITLEM,km,cold_drug,Linear Regression,Validation,MUTAPLM,EITLEM_km_MUTAPLM_embedding_cold_drug,1.277678326,0.940353124,1.632461905,0.224540242,0.560470872,0.695810547,0.22458352
36,inhouse,Kd,cold_protein,Diffusion,Validation,MUTAPLM,inhouse_Kd_MUTAPLM_embedding_cold_protein,1.279454843,0.905335479,1.637004696,0.320871833,0.602240471,0.609901432,0.320887835
43,MPEK,kcat,cold_protein,MLP,Validation,ProteinCLIP,MPEK_kcat_ProteinCLIP_embedding_cold_protein,1.279840236,0.943764293,1.637991029,0.276412575,0.5772498,0.7441453,0.28173499
40,catpred,kcat,random,SVR,Validation,MUTAPLM,catpred_kcat_MUTAPLM_embedding_random,1.280532289,0.897509942,1.639762944,0.389079322,0.627689248,0.587118836,0.3911299
29,inhouse,Kd,cold_drug,MLP,Test,MUTAPLM,inhouse_Kd_MUTAPLM_embedding_cold_drug,1.281473801,0.925283381,1.642175103,0.25961143,0.548246649,0.678492564,0.275561254
41,catpred,kcat,random,MLP,Validation,ProteinCLIP,catpred_kcat_ProteinCLIP_embedding_random,1.282456127,0.953264548,1.644693717,0.387242282,0.649146832,0.735769724,0.387273782
25,EITLEM,kcat,cold_drug,XGBoost,Validation,ESM2,EITLEM_kcat_ESM2_embedding_cold_drug,1.282553908,0.933883845,1.644944528,0.368932351,0.610571163,0.68534417,0.371769199
30,inhouse,Kd,cold_drug,GBM,Test,ESMv1,inhouse_Kd_ESMv1_embedding_cold_drug,1.283185373,0.958321702,1.646564702,0.257632342,0.524437779,0.74419885,0.258219348
38,EITLEM,kcat,cold_protein,XGBoost,Test,MUTAPLM,EITLEM_kcat_MUTAPLM_embedding_cold_protein,1.284417344,0.962017439,1.649727915,0.286495248,0.552636867,0.737316814,0.28978329
57,inhouse,Kd,random,Linear Regression,Test,ProteinCLIP,inhouse_Kd_ProteinCLIP_embedding_random,1.284634589,0.990037779,1.650286026,0.25063019,0.515426793,0.803453698,0.250631229
14,catpred,ki,random,Random Forest,Test,ProteinCLIP,catpred_ki_ProteinCLIP_embedding_random,1.285217257,0.965272065,1.651783398,0.577179174,0.764654126,0.755063909,0.577989829
44,MPEK,kcat,cold_protein,GBM,Test,MUTAPLM,MPEK_kcat_MUTAPLM_embedding_cold_protein,1.285789308,0.990583976,1.653254145,0.270112695,0.538696515,0.793179109,0.270518689
26,EITLEM,kcat,cold_drug,Random Forest,Validation,MUTAPLM,EITLEM_kcat_MUTAPLM_embedding_cold_drug,1.286091833,0.924436801,1.654032203,0.365445949,0.616569043,0.666069463,0.369856114
45,MPEK,kcat,cold_protein,Linear Regression,Test,ESM2,MPEK_kcat_ESM2_embedding_cold_protein,1.286312242,0.969968644,1.654599185,0.26951888,0.550983849,0.73650325,0.270482501
37,inhouse,Kd,cold_protein,GBM,Test,MUTAPLM,inhouse_Kd_MUTAPLM_embedding_cold_protein,1.286757999,0.995064634,1.655746149,0.294941085,0.564033822,0.80037097,0.2956834
38,inhouse,Kd,cold_protein,GBM,Validation,ProteinCLIP,inhouse_Kd_ProteinCLIP_embedding_cold_protein,1.287005449,0.98032622,1.656383025,0.312832533,0.56551917,0.766413594,0.31287397
29,catpred,kcat,cold_drug,MLP,Validation,ESMv1,catpred_kcat_ESMv1_embedding_cold_drug,1.287297134,0.942963335,1.657133912,0.395943341,0.666977974,0.699674363,0.39900716
1,catpred,ki,cold_drug,PSICHIC,Test,ProteinCLIP,catpred_ki_ProteinCLIP_embedding_cold_drug,1.2875,0.9561,1.6576,,0.7579,,
24,EITLEM,kkm,random,PSICHIC,Test,ESMv1,EITLEM_kkm_ESMv1_embedding_random,1.2883,0.8928,1.6598,,0.7283,,
47,MPEK,kcat,cold_drug,MLP,Test,ESMv1,MPEK_kcat_ESMv1_embedding_cold_drug,1.289327992,0.962460188,1.662366671,0.235017811,0.558307238,0.728678113,0.240555487
60,MPEK,kcat,random,SVR,Validation,ESM2,MPEK_kcat_ESM2_embedding_random,1.289644245,0.966042041,1.663182279,0.294922243,0.551376494,0.746600666,0.297315273
31,inhouse,Kd,cold_drug,GBM,Validation,ProteinCLIP,inhouse_Kd_ProteinCLIP_embedding_cold_drug,1.28992228,1.01344281,1.66389949,0.278936975,0.552575123,0.83276734,0.280118053
46,MPEK,kcat,cold_protein,MLP,Test,MUTAPLM,MPEK_kcat_MUTAPLM_embedding_cold_protein,1.29001165,0.953603927,1.664130056,0.265311141,0.56145808,0.697646366,0.268655837
39,inhouse,Kd,cold_protein,GBM,Validation,ESMv1,inhouse_Kd_ESMv1_embedding_cold_protein,1.290607152,0.967951237,1.665666822,0.308981055,0.561930713,0.743941587,0.309168048
27,EITLEM,kcat,cold_drug,GBM,Test,ESMv1,EITLEM_kcat_ESMv1_embedding_cold_drug,1.290777021,0.994436718,1.666105319,0.248459515,0.517967798,0.80905753,0.24905412
15,catpred,ki,random,Random Forest,Test,MUTAPLM,catpred_ki_MUTAPLM_embedding_random,1.291021459,0.957959639,1.666736408,0.573351527,0.763738163,0.746092612,0.573868754
16,catpred,ki,random,PSICHIC,Test,MUTAPLM,catpred_ki_MUTAPLM_embedding_random,1.2917,0.9275,1.6686,,0.762,,
61,MPEK,kcat,random,SVR,Validation,ESMv1,MPEK_kcat_ESMv1_embedding_random,1.291760555,0.969615752,1.668645332,0.292606275,0.551814882,0.769780591,0.294736306
30,catpred,kcat,cold_drug,MLP,Validation,MUTAPLM,catpred_kcat_MUTAPLM_embedding_cold_drug,1.292159928,0.896886416,1.66967728,0.391371046,0.66173792,0.608544137,0.391529244
17,catpred,ki,random,XGBoost,Test,ESM2,catpred_ki_ESM2_embedding_random,1.292628715,0.958741928,1.670888994,0.572288554,0.75686706,0.744237354,0.572316686
28,EITLEM,kcat,cold_drug,MLP,Test,ESM2,EITLEM_kcat_ESM2_embedding_cold_drug,1.292810822,0.963388767,1.671359823,0.246089333,0.537242108,0.731506429,0.250497078
42,catpred,kcat,random,MLP,Test,ProteinCLIP,catpred_kcat_ProteinCLIP_embedding_random,1.293568946,0.948878953,1.673320617,0.382272428,0.641882491,0.706621628,0.382346519
39,EITLEM,kcat,cold_protein,GBM,Test,ProteinCLIP,EITLEM_kcat_ProteinCLIP_embedding_cold_protein,1.294678307,1.005785863,1.676191918,0.275049607,0.535781895,0.823154221,0.278175202
32,inhouse,Kd,cold_drug,GBM,Test,MUTAPLM,inhouse_Kd_MUTAPLM_embedding_cold_drug,1.294689419,0.969490996,1.676220691,0.244261688,0.520848745,0.754471383,0.245244626
33,inhouse,Kd,cold_drug,Diffusion,Validation,MUTAPLM,inhouse_Kd_MUTAPLM_embedding_cold_drug,1.29469447,0.927524457,1.67623377,0.273591828,0.572594173,0.639576972,0.283159952
57,EITLEM,kcat,random,SVR,Validation,ESM2,EITLEM_kcat_ESM2_embedding_random,1.294826215,0.965109712,1.676574926,0.257775654,0.513039121,0.744261055,0.262334268
58,inhouse,Kd,random,SVR,Test,ProteinCLIP,inhouse_Kd_ProteinCLIP_embedding_random,1.295042527,0.989119459,1.677135147,0.238438412,0.495848507,0.800474904,0.241146313
29,EITLEM,kcat,cold_drug,PSICHIC,Validation,ESM2,EITLEM_kcat_ESM2_embedding_cold_drug,1.2953,0.8894,1.6779,,0.6161,,
34,inhouse,Kd,cold_drug,PSICHIC,Validation,ESMv1,inhouse_Kd_ESMv1_embedding_cold_drug,1.2955,0.9308,1.6782,,0.5848,,
62,MPEK,kcat,random,Linear Regression,Validation,ProteinCLIP,MPEK_kcat_ProteinCLIP_embedding_random,1.295660489,0.98600572,1.678736103,0.288328465,0.54668633,0.779505632,0.28856721
30,EITLEM,kcat,cold_drug,GBM,Test,ESM2,EITLEM_kcat_ESM2_embedding_cold_drug,1.295734069,1.005897175,1.678926777,0.24267606,0.509704311,0.822834422,0.242876946
31,EITLEM,kcat,cold_drug,XGBoost,Validation,ProteinCLIP,EITLEM_kcat_ProteinCLIP_embedding_cold_drug,1.295806563,0.95941821,1.679114648,0.355823302,0.602681279,0.709811362,0.361825872
35,inhouse,Kd,cold_drug,PSICHIC,Test,ProteinCLIP,inhouse_Kd_ProteinCLIP_embedding_cold_drug,1.2959,0.9242,1.6793,,0.5504,,
2,catpred,ki,cold_drug,PSICHIC,Test,MUTAPLM,catpred_ki_MUTAPLM_embedding_cold_drug,1.2959,0.9642,1.6793,,0.7548,,
40,EITLEM,kcat,cold_protein,GBM,Test,ESMv1,EITLEM_kcat_ESMv1_embedding_cold_protein,1.296023301,1.006139437,1.679676396,0.273542576,0.534657,0.820821594,0.275494649
36,inhouse,Kd,cold_drug,GBM,Test,ESM2,inhouse_Kd_ESM2_embedding_cold_drug,1.296587993,0.967192638,1.681140425,0.242043584,0.50020409,0.754728732,0.242411422
32,EITLEM,kcat,cold_drug,GBM,Test,ProteinCLIP,EITLEM_kcat_ProteinCLIP_embedding_cold_drug,1.29707634,1.000324946,1.682407032,0.2411062,0.504665212,0.815822977,0.241612874
41,EITLEM,kcat,cold_protein,GBM,Validation,ProteinCLIP,EITLEM_kcat_ProteinCLIP_embedding_cold_protein,1.297150817,0.998900876,1.682600241,0.30570128,0.570993155,0.816807882,0.305928806
47,MPEK,kcat,cold_protein,SVR,Test,ESMv1,MPEK_kcat_ESMv1_embedding_cold_protein,1.297223849,0.975745977,1.682789713,0.257073178,0.523674482,0.735659401,0.260592795
63,MPEK,kcat,random,SVR,Test,ProteinCLIP,MPEK_kcat_ProteinCLIP_embedding_random,1.297771348,0.978168658,1.684210471,0.254393246,0.509478052,0.769499489,0.259567591
42,EITLEM,kcat,cold_protein,GBM,Test,ESM2,EITLEM_kcat_ESM2_embedding_cold_protein,1.297907148,1.002937643,1.684562966,0.271429142,0.530955263,0.804907134,0.273412974
31,catpred,kcat,cold_drug,Diffusion,Test,ESM2,catpred_kcat_ESM2_embedding_cold_drug,1.297910193,0.950309611,1.68457087,0.391696389,0.64228627,0.700338438,0.39926965
33,EITLEM,kcat,cold_drug,XGBoost,Validation,MUTAPLM,EITLEM_kcat_MUTAPLM_embedding_cold_drug,1.297915213,0.949348047,1.6845839,0.353725075,0.604402355,0.710262444,0.364401641
25,EITLEM,kkm,random,Diffusion,Test,ESMv1,EITLEM_kkm_ESMv1_embedding_random,1.29826648,0.931641192,1.685495853,0.510205086,0.718009545,0.697293758,0.511601126
40,inhouse,Kd,cold_protein,GBM,Validation,ESM2,inhouse_Kd_ESM2_embedding_cold_protein,1.298570237,0.983676773,1.686284661,0.300427533,0.553825753,0.795807547,0.300906234
58,EITLEM,kcat,random,SVR,Test,ESMv1,EITLEM_kcat_ESMv1_embedding_random,1.298635566,0.982293687,1.686454334,0.259423854,0.515565815,0.776494383,0.262476715
18,catpred,ki,random,XGBoost,Test,ESMv1,catpred_ki_ESMv1_embedding_random,1.299509431,0.961606876,1.68872476,0.567722984,0.754872428,0.72596421,0.567723123
32,catpred,kcat,cold_drug,XGBoost,Test,ProteinCLIP,catpred_kcat_ProteinCLIP_embedding_cold_drug,1.299731007,0.967841492,1.689300692,0.389988433,0.629102401,0.720065608,0.393576215
59,inhouse,Kd,random,Linear Regression,Validation,ProteinCLIP,inhouse_Kd_ProteinCLIP_embedding_random,1.299823672,0.990966807,1.689541578,0.282493848,0.536559716,0.791442838,0.283316599
41,inhouse,Kd,cold_protein,XGBoost,Validation,ESMv1,inhouse_Kd_ESMv1_embedding_cold_protein,1.300014566,0.941813278,1.690037872,0.298870475,0.577126295,0.679076696,0.300700252
48,MPEK,kcat,cold_protein,SVR,Test,ESM2,MPEK_kcat_ESM2_embedding_cold_protein,1.301687061,0.985294975,1.694389205,0.251952174,0.51026406,0.746100343,0.254479981
3,catpred,ki,cold_drug,PSICHIC,Test,ESMv1,catpred_ki_ESMv1_embedding_cold_drug,1.3017,0.9619,1.6944,,0.7519,,
37,inhouse,Kd,cold_drug,GBM,Validation,ESMv1,inhouse_Kd_ESMv1_embedding_cold_drug,1.301852041,1.010458232,1.694818737,0.265537893,0.529746953,0.824432405,0.265954692
43,EITLEM,kcat,cold_protein,GBM,Validation,ESM2,EITLEM_kcat_ESM2_embedding_cold_protein,1.302046308,0.997443463,1.695324588,0.300450777,0.563829918,0.796518727,0.300656437
59,EITLEM,kcat,random,SVR,Test,ESM2,EITLEM_kcat_ESM2_embedding_random,1.302144148,0.98535784,1.695579383,0.255416752,0.50972347,0.785686475,0.258261767
38,inhouse,Kd,cold_drug,GBM,Validation,ESM2,inhouse_Kd_ESM2_embedding_cold_drug,1.30294226,1.008489667,1.697658532,0.264307247,0.523963263,0.832352057,0.264657153
60,EITLEM,kcat,random,SVR,Validation,ESMv1,EITLEM_kcat_ESMv1_embedding_random,1.303326318,0.973981925,1.698659491,0.247998756,0.504858624,0.754751279,0.253338039
19,catpred,ki,random,Random Forest,Validation,ESMv1,catpred_ki_ESMv1_embedding_random,1.304056564,0.980037092,1.700563521,0.578910704,0.765407174,0.745099534,0.579277325
20,catpred,ki,random,Diffusion,Validation,MUTAPLM,catpred_ki_MUTAPLM_embedding_random,1.304500009,0.944722217,1.701720273,0.578624272,0.765133209,0.69165355,0.580458208
21,catpred,ki,random,Random Forest,Validation,ESM2,catpred_ki_ESM2_embedding_random,1.305069866,0.980963353,1.703207356,0.578256044,0.765120712,0.735576946,0.578744685
22,catpred,ki,random,MLP,Test,ESMv1,catpred_ki_ESMv1_embedding_random,1.305097881,0.94944437,1.70328048,0.563997034,0.761290392,0.688931604,0.564260043
44,EITLEM,kcat,cold_protein,Linear Regression,Validation,ESM2,EITLEM_kcat_ESM2_embedding_cold_protein,1.305161634,1.007110213,1.703446891,0.297099235,0.550326331,0.823527139,0.297120028
34,EITLEM,kcat,cold_drug,Diffusion,Test,ProteinCLIP,EITLEM_kcat_ProteinCLIP_embedding_cold_drug,1.305213552,0.993494521,1.703582417,0.23155449,0.491146888,0.782099411,0.232616833
39,inhouse,Kd,cold_drug,MLP,Test,ESMv1,inhouse_Kd_ESMv1_embedding_cold_drug,1.305281556,0.975985445,1.703759941,0.231845383,0.497487256,0.760295593,0.233742442
40,inhouse,Kd,cold_drug,GBM,Validation,MUTAPLM,inhouse_Kd_MUTAPLM_embedding_cold_drug,1.305857574,1.016882382,1.705264003,0.26101136,0.540472111,0.838463089,0.26147301
35,EITLEM,kcat,cold_drug,Diffusion,Validation,ESMv1,EITLEM_kcat_ESMv1_embedding_cold_drug,1.306534428,0.960326811,1.707032211,0.345112992,0.598135009,0.719057679,0.352862968
41,inhouse,Kd,cold_drug,GBM,Test,ProteinCLIP,inhouse_Kd_ProteinCLIP_embedding_cold_drug,1.306927407,0.985381204,1.708059247,0.229907005,0.488928102,0.768263901,0.229907878
49,MPEK,kcat,cold_protein,GBM,Validation,MUTAPLM,MPEK_kcat_MUTAPLM_embedding_cold_protein,1.307436585,1.009213996,1.709390425,0.244871679,0.513893516,0.835918252,0.245224459
42,inhouse,Kd,cold_protein,XGBoost,Validation,MUTAPLM,inhouse_Kd_MUTAPLM_embedding_cold_protein,1.307792468,0.955884191,1.710321138,0.290455754,0.561877434,0.703323113,0.291161928
43,inhouse,Kd,cold_protein,Linear Regression,Test,ESM2,inhouse_Kd_ESM2_embedding_cold_protein,1.307824075,0.998398554,1.710403811,0.271666459,0.566130922,0.798430003,0.272003206
42,inhouse,Kd,cold_drug,Diffusion,Test,ESM2,inhouse_Kd_ESM2_embedding_cold_drug,1.308297263,0.962855401,1.711641727,0.228291814,0.499473808,0.732030869,0.228424114
26,EITLEM,kkm,random,PSICHIC,Test,ESM2,EITLEM_kkm_ESM2_embedding_random,1.3085,0.9107,1.7121,,0.7177,,
45,EITLEM,kcat,cold_protein,GBM,Validation,ESMv1,EITLEM_kcat_ESMv1_embedding_cold_protein,1.309022178,0.994132652,1.713539064,0.292934857,0.563407477,0.791500372,0.293189388
48,MPEK,kcat,cold_drug,MLP,Validation,ProteinCLIP,MPEK_kcat_ProteinCLIP_embedding_cold_drug,1.309983936,1.00322902,1.716057913,0.197902295,0.506961881,0.776156855,0.21439293
23,catpred,ki,random,XGBoost,Validation,ESMv1,catpred_ki_ESMv1_embedding_random,1.310392865,0.979823319,1.717129461,0.574808688,0.758518339,0.730709541,0.574986104
44,inhouse,Kd,cold_protein,PSICHIC,Validation,ProteinCLIP,inhouse_Kd_ProteinCLIP_embedding_cold_protein,1.311,0.9363,1.7186,,0.6155,,
46,EITLEM,kcat,cold_protein,XGBoost,Validation,MUTAPLM,EITLEM_kcat_MUTAPLM_embedding_cold_protein,1.311249287,0.95047956,1.719374693,0.290526876,0.546568907,0.679888506,0.290620406
27,EITLEM,kkm,random,MLP,Test,ESMv1,EITLEM_kkm_ESMv1_embedding_random,1.311666642,0.934511615,1.720469381,0.500041991,0.713903637,0.659066548,0.50021054
50,MPEK,kcat,cold_protein,SVR,Validation,ESM2,MPEK_kcat_ESM2_embedding_cold_protein,1.311706804,0.975452689,1.720574741,0.239930974,0.500092096,0.759374101,0.244940265
49,MPEK,kcat,cold_drug,SVR,Test,ESMv1,MPEK_kcat_ESMv1_embedding_cold_drug,1.311806244,1.006838908,1.720835621,0.20811177,0.456328151,0.805296608,0.208119651
24,catpred,ki,random,XGBoost,Validation,MUTAPLM,catpred_ki_MUTAPLM_embedding_random,1.312049497,0.973852155,1.721473883,0.573732933,0.7581114,0.725641743,0.57404291
33,catpred,kcat,cold_drug,MLP,Test,ESMv1,catpred_kcat_ESMv1_embedding_cold_drug,1.312117699,0.947532712,1.721652857,0.378305969,0.654620124,0.677207588,0.378306025
25,catpred,ki,random,XGBoost,Test,MUTAPLM,catpred_ki_MUTAPLM_embedding_random,1.313220886,0.983861593,1.724549095,0.558552729,0.748155039,0.766786465,0.558745213
64,MPEK,kcat,random,SVR,Validation,ProteinCLIP,MPEK_kcat_ProteinCLIP_embedding_random,1.314088863,0.989574071,1.72682954,0.267940073,0.52431764,0.764971854,0.270506646
26,catpred,ki,random,XGBoost,Validation,ProteinCLIP,catpred_ki_ProteinCLIP_embedding_random,1.31440432,0.996247275,1.727658716,0.57220146,0.757766977,0.775976819,0.572390327
27,catpred,ki,random,MLP,Test,ESM2,catpred_ki_ESM2_embedding_random,1.316989384,0.971056422,1.734461038,0.556015486,0.758632745,0.739628588,0.557653386
34,catpred,kcat,cold_drug,SVR,Validation,MUTAPLM,catpred_kcat_MUTAPLM_embedding_cold_drug,1.317406785,0.918059248,1.735560638,0.367355315,0.609554017,0.607880861,0.368823715
36,EITLEM,kcat,cold_drug,PSICHIC,Validation,MUTAPLM,EITLEM_kcat_MUTAPLM_embedding_cold_drug,1.3181,0.8944,1.7375,,0.6056,,
47,EITLEM,kcat,cold_protein,Linear Regression,Test,ESM2,EITLEM_kcat_ESM2_embedding_cold_protein,1.318232119,1.014929949,1.737735919,0.248431923,0.516523369,0.803202885,0.251407868
60,inhouse,Kd,random,SVR,Validation,ESMv1,inhouse_Kd_ESMv1_embedding_random,1.318285882,0.984438682,1.737877667,0.261966717,0.527419643,0.771400128,0.266795526
45,inhouse,Kd,cold_protein,SVR,Validation,MUTAPLM,inhouse_Kd_MUTAPLM_embedding_cold_protein,1.31910194,0.937884294,1.740029929,0.278130758,0.532188375,0.657763463,0.280510892
51,MPEK,kcat,cold_protein,MLP,Validation,MUTAPLM,MPEK_kcat_MUTAPLM_embedding_cold_protein,1.319658574,0.964899341,1.741498752,0.230687729,0.553621624,0.717178106,0.239352348
28,catpred,ki,random,Diffusion,Validation,ESM2,catpred_ki_ESM2_embedding_random,1.319851675,0.966901314,1.742008445,0.568648216,0.759792849,0.715846062,0.571643461
29,catpred,ki,random,Random Forest,Validation,MUTAPLM,catpred_ki_MUTAPLM_embedding_random,1.320176679,0.993631353,1.742866464,0.568435755,0.758717056,0.778044998,0.56882646
28,EITLEM,kkm,random,MLP,Test,MUTAPLM,EITLEM_kkm_MUTAPLM_embedding_random,1.320470167,0.945959876,1.743641461,0.493308324,0.7264887,0.679189712,0.494998886
29,EITLEM,kkm,random,PSICHIC,Validation,ESMv1,EITLEM_kkm_ESMv1_embedding_random,1.3205,0.9135,1.7438,,0.7112,,
30,EITLEM,kkm,random,Diffusion,Validation,ESMv1,EITLEM_kkm_ESMv1_embedding_random,1.320954789,0.954111012,1.744921555,0.464778532,0.686276555,0.709397554,0.464997117
48,EITLEM,kcat,cold_protein,SVR,Test,ESM2,EITLEM_kcat_ESM2_embedding_cold_protein,1.321805502,1.007734913,1.747169785,0.244351791,0.495523905,0.797157459,0.244352665
35,catpred,kcat,cold_drug,SVR,Test,MUTAPLM,catpred_kcat_MUTAPLM_embedding_cold_drug,1.321954883,0.92589435,1.747564712,0.36894912,0.60902372,0.636649208,0.368970331
61,EITLEM,kcat,random,Linear Regression,Test,ProteinCLIP,EITLEM_kcat_ProteinCLIP_embedding_random,1.32209931,1.027381606,1.747946584,0.232420636,0.484772965,0.819371848,0.232591035
49,EITLEM,kcat,cold_protein,Linear Regression,Validation,ESMv1,EITLEM_kcat_ESMv1_embedding_cold_protein,1.323541645,1.007105231,1.751762486,0.277162559,0.541321834,0.796738788,0.277183802
52,MPEK,kcat,cold_protein,PSICHIC,Validation,MUTAPLM,MPEK_kcat_MUTAPLM_embedding_cold_protein,1.324,0.9594,1.7529,,0.549,,
53,MPEK,kcat,cold_protein,Linear Regression,Validation,ESM2,MPEK_kcat_ESM2_embedding_cold_protein,1.324182979,0.992141411,1.753460562,0.225403564,0.527666713,0.779534511,0.230239473
50,MPEK,kcat,cold_drug,SVR,Test,ESM2,MPEK_kcat_ESM2_embedding_cold_drug,1.324367316,1.026184838,1.753948787,0.192873867,0.439435919,0.825088459,0.19304707
31,EITLEM,kkm,random,Diffusion,Test,ESM2,EITLEM_kkm_ESM2_embedding_random,1.325021331,0.956972797,1.755681528,0.489809553,0.703472861,0.692154586,0.489817331
43,catpred,kcat,random,GBM,Test,ESM2,catpred_kcat_ESM2_embedding_random,1.325107611,1.010963613,1.755910182,0.35178344,0.621323017,0.788990556,0.351817934
62,EITLEM,kcat,random,Linear Regression,Validation,ProteinCLIP,EITLEM_kcat_ProteinCLIP_embedding_random,1.325461417,1.007523962,1.756847968,0.222238557,0.476885287,0.794079967,0.222361971
30,catpred,ki,random,Random Forest,Validation,ProteinCLIP,catpred_ki_ProteinCLIP_embedding_random,1.326333167,1.010229127,1.75915967,0.564401272,0.753922493,0.80147726,0.564634239
37,EITLEM,kcat,cold_drug,GBM,Test,MUTAPLM,EITLEM_kcat_MUTAPLM_embedding_cold_drug,1.326417357,1.029659418,1.759383006,0.206384169,0.474398783,0.858645751,0.20647019
38,EITLEM,kcat,cold_drug,SVR,Validation,MUTAPLM,EITLEM_kcat_MUTAPLM_embedding_cold_drug,1.326635704,0.934665586,1.759962292,0.324806857,0.57092962,0.661916556,0.325194791
43,inhouse,Kd,cold_drug,Diffusion,Validation,ProteinCLIP,inhouse_Kd_ProteinCLIP_embedding_cold_drug,1.327136881,1.022442238,1.7612923,0.236731091,0.49693188,0.798236489,0.241527817
54,MPEK,kcat,cold_protein,SVR,Validation,ESMv1,MPEK_kcat_ESMv1_embedding_cold_protein,1.327210516,0.993425721,1.761487754,0.221857528,0.483476599,0.751279901,0.227722218
55,MPEK,kcat,cold_protein,SVR,Test,ProteinCLIP,MPEK_kcat_ProteinCLIP_embedding_cold_protein,1.327766794,1.011829,1.762964659,0.221677123,0.475677263,0.785535275,0.223950236
50,EITLEM,kcat,cold_protein,SVR,Test,ESMv1,EITLEM_kcat_ESMv1_embedding_cold_protein,1.327961681,1.011454502,1.763482227,0.237296685,0.48924765,0.805053465,0.23757375
4,catpred,ki,cold_drug,Diffusion,Test,ESMv1,catpred_ki_ESMv1_embedding_cold_drug,1.328844208,0.999766171,1.765826929,0.545239707,0.740724908,0.756275602,0.546023458
63,EITLEM,kcat,random,SVR,Validation,ProteinCLIP,EITLEM_kcat_ProteinCLIP_embedding_random,1.328896871,0.998303226,1.765966893,0.218201584,0.471616702,0.773138255,0.222338223
51,MPEK,kcat,cold_drug,SVR,Validation,ESMv1,MPEK_kcat_ESMv1_embedding_cold_drug,1.328990402,0.967881516,1.766215488,0.174458287,0.42721908,0.729236943,0.182144232
32,EITLEM,kkm,random,MLP,Validation,ESMv1,EITLEM_kkm_ESMv1_embedding_random,1.329113632,0.937606504,1.766543046,0.458146548,0.687958166,0.647801954,0.461300274
61,inhouse,Kd,random,SVR,Validation,ESM2,inhouse_Kd_ESM2_embedding_random,1.329241936,0.999022947,1.766884124,0.249648398,0.509927233,0.779858458,0.253832588
36,catpred,kcat,cold_drug,MLP,Test,MUTAPLM,catpred_kcat_MUTAPLM_embedding_cold_drug,1.32977903,0.919564967,1.768312269,0.361457114,0.644497727,0.627272075,0.363953237
64,EITLEM,kcat,random,SVR,Test,ProteinCLIP,EITLEM_kcat_ProteinCLIP_embedding_random,1.330713713,1.014539312,1.770798987,0.222385414,0.475190251,0.79651872,0.224988679
44,inhouse,Kd,cold_drug,PSICHIC,Validation,MUTAPLM,inhouse_Kd_MUTAPLM_embedding_cold_drug,1.331,0.9411,1.7716,,0.5617,,
51,EITLEM,kcat,cold_protein,GBM,Test,MUTAPLM,EITLEM_kcat_MUTAPLM_embedding_cold_protein,1.331329978,1.038927065,1.772439509,0.233422674,0.510112557,0.858883963,0.236531273
46,inhouse,Kd,cold_protein,GBM,Validation,MUTAPLM,inhouse_Kd_MUTAPLM_embedding_cold_protein,1.332448783,1.018087851,1.77541976,0.263448924,0.524817305,0.815404872,0.263541625
44,catpred,kcat,random,GBM,Test,ESMv1,catpred_kcat_ESMv1_embedding_random,1.333729524,1.016996598,1.778834443,0.343320658,0.612104826,0.805517205,0.343333206
31,catpred,ki,random,Diffusion,Test,MUTAPLM,catpred_ki_MUTAPLM_embedding_random,1.33440166,0.959208559,1.780627789,0.544197795,0.744749562,0.70705533,0.547247843
56,MPEK,kcat,cold_protein,Linear Regression,Validation,ProteinCLIP,MPEK_kcat_ProteinCLIP_embedding_cold_protein,1.334758408,1.003192186,1.781580008,0.212981715,0.482425624,0.795094015,0.2129829
45,inhouse,Kd,cold_drug,Diffusion,Test,ProteinCLIP,inhouse_Kd_ProteinCLIP_embedding_cold_drug,1.334901729,0.999044732,1.781962626,0.19658704,0.462856906,0.780577034,0.197012721
47,inhouse,Kd,cold_protein,SVR,Test,ESMv1,inhouse_Kd_ESMv1_embedding_cold_protein,1.335487323,1.008618651,1.78352639,0.240529001,0.506418757,0.792340119,0.249086223
48,inhouse,Kd,cold_protein,PSICHIC,Validation,MUTAPLM,inhouse_Kd_MUTAPLM_embedding_cold_protein,1.3374,0.9438,1.7886,,0.5814,,
5,catpred,ki,cold_drug,Diffusion,Test,MUTAPLM,catpred_ki_MUTAPLM_embedding_cold_drug,1.337784047,0.990683416,1.789666157,0.539100297,0.73885388,0.734407485,0.539100394
52,EITLEM,kcat,cold_protein,SVR,Test,ProteinCLIP,EITLEM_kcat_ProteinCLIP_embedding_cold_protein,1.337808805,1.026817971,1.789732399,0.225943526,0.475938128,0.829991426,0.226002588
57,MPEK,kcat,cold_protein,SVR,Validation,ProteinCLIP,MPEK_kcat_ProteinCLIP_embedding_cold_protein,1.337843255,0.996826439,1.789824575,0.209339653,0.463669559,0.770094841,0.214309056
32,catpred,ki,random,Diffusion,Test,ProteinCLIP,catpred_ki_ProteinCLIP_embedding_random,1.337971659,1.00030504,1.790168161,0.541755667,0.741100133,0.795985222,0.545308332
45,catpred,kcat,random,GBM,Validation,ESMv1,catpred_kcat_ESMv1_embedding_random,1.338082954,1.026501793,1.790465991,0.332932421,0.608743406,0.801120894,0.333754196
53,EITLEM,kcat,cold_protein,SVR,Validation,ESM2,EITLEM_kcat_ESM2_embedding_cold_protein,1.338104231,1.00242109,1.790522933,0.261168666,0.519771657,0.77684407,0.265823159
49,inhouse,Kd,cold_protein,Linear Regression,Test,ProteinCLIP,inhouse_Kd_ProteinCLIP_embedding_cold_protein,1.338484842,1.029010333,1.791541672,0.23711589,0.507374944,0.815606019,0.238067397
46,inhouse,Kd,cold_drug,MLP,Validation,ESMv1,inhouse_Kd_ESMv1_embedding_cold_drug,1.339428289,1.02684235,1.794068142,0.222527437,0.508018632,0.82781135,0.245449142
39,EITLEM,kcat,cold_drug,PSICHIC,Validation,ProteinCLIP,EITLEM_kcat_ProteinCLIP_embedding_cold_drug,1.3395,0.9205,1.7942,,0.6164,,
54,EITLEM,kcat,cold_protein,SVR,Validation,ESMv1,EITLEM_kcat_ESMv1_embedding_cold_protein,1.339584702,1.004284318,1.794487173,0.259532884,0.521900583,0.773724215,0.265458121
52,MPEK,kcat,cold_drug,SVR,Test,ProteinCLIP,MPEK_kcat_ProteinCLIP_embedding_cold_drug,1.339724963,1.047861502,1.794862976,0.174046116,0.418525865,0.871577854,0.175116896
46,catpred,kcat,random,GBM,Validation,ESM2,catpred_kcat_ESM2_embedding_random,1.340091729,1.025787834,1.795845841,0.33092807,0.606232281,0.793697411,0.331711066
1,catpred,kcat,cold_protein,Random Forest,Test,ProteinCLIP,catpred_kcat_ProteinCLIP_embedding_cold_protein,1.341609708,0.997678308,1.79991661,0.302211206,0.55122611,0.742239233,0.302395582
50,inhouse,Kd,cold_protein,Linear Regression,Validation,ProteinCLIP,inhouse_Kd_ProteinCLIP_embedding_cold_protein,1.341894139,1.015769729,1.800679881,0.252969504,0.517665219,0.808269845,0.252982773
33,catpred,ki,random,XGBoost,Validation,ESM2,catpred_ki_ESM2_embedding_random,1.342058535,1.008410709,1.801121112,0.554010884,0.745988457,0.771996335,0.554657954
53,MPEK,kcat,cold_drug,MLP,Test,ESM2,MPEK_kcat_ESM2_embedding_cold_drug,1.343597207,1.014828936,1.805253454,0.169264661,0.538862913,0.800597517,0.214264667
55,EITLEM,kcat,cold_protein,Linear Regression,Test,ESMv1,EITLEM_kcat_ESMv1_embedding_cold_protein,1.343832704,1.020971497,1.805886335,0.218956974,0.513182834,0.797399005,0.221240244
62,inhouse,Kd,random,SVR,Validation,ProteinCLIP,inhouse_Kd_ProteinCLIP_embedding_random,1.344725313,1.016640682,1.808286168,0.232065983,0.491544714,0.794892584,0.235312277
33,EITLEM,kkm,random,MLP,Test,ESM2,EITLEM_kkm_ESM2_embedding_random,1.345211806,0.962704573,1.809594802,0.474142682,0.700531803,0.692668781,0.474462004
58,MPEK,kcat,cold_protein,PSICHIC,Validation,ESMv1,MPEK_kcat_ESMv1_embedding_cold_protein,1.3455,0.96,1.8104,,0.5499,,
1,EITLEM,kkm,cold_protein,Random Forest,Test,ProteinCLIP,EITLEM_kkm_ProteinCLIP_embedding_cold_protein,1.345698365,0.985953156,1.810904089,0.398254393,0.632018329,0.722110884,0.398502839
51,inhouse,Kd,cold_protein,SVR,Test,ESM2,inhouse_Kd_ESM2_embedding_cold_protein,1.346918186,1.016980436,1.814188599,0.227472251,0.490402684,0.796123604,0.238287687
59,MPEK,kcat,cold_protein,Linear Regression,Test,ProteinCLIP,MPEK_kcat_ProteinCLIP_embedding_cold_protein,1.347304134,1.02339381,1.815228428,0.19860344,0.470501499,0.803088792,0.198767695
63,catpred,km,cold_protein,Linear Regression,Test,MUTAPLM,catpred_km_MUTAPLM_embedding_cold_protein,1.34787774,1.059289069,1.816774403,-0.145164292,0.399568163,0.87273883,-0.145156051
52,inhouse,Kd,cold_protein,PSICHIC,Validation,ESMv1,inhouse_Kd_ESMv1_embedding_cold_protein,1.349,0.9555,1.8199,,0.5837,,
47,inhouse,Kd,cold_drug,MLP,Test,ESM2,inhouse_Kd_ESM2_embedding_cold_drug,1.350682828,1.0193722,1.824344103,0.177478991,0.472867382,0.788767169,0.177680028
40,EITLEM,kcat,cold_drug,SVR,Test,ESMv1,EITLEM_kcat_ESMv1_embedding_cold_drug,1.350948178,1.029300351,1.82506098,0.176758396,0.430368939,0.828416151,0.185157098
34,EITLEM,kkm,random,Diffusion,Validation,ESM2,EITLEM_kkm_ESM2_embedding_random,1.353217647,0.980369352,1.831198001,0.438314875,0.670011717,0.745962158,0.439685414
41,EITLEM,kcat,cold_drug,MLP,Validation,MUTAPLM,EITLEM_kcat_MUTAPLM_embedding_cold_drug,1.354341354,0.975727554,1.834240502,0.296310713,0.596573895,0.687057529,0.30813602
54,MPEK,kcat,cold_drug,SVR,Validation,ESM2,MPEK_kcat_ESM2_embedding_cold_drug,1.35459182,0.993830149,1.834918998,0.142345776,0.390150454,0.744640354,0.148626085
56,EITLEM,kcat,cold_protein,PSICHIC,Validation,MUTAPLM,EITLEM_kcat_MUTAPLM_embedding_cold_protein,1.3549,0.9498,1.8357,,0.5552,,
57,EITLEM,kcat,cold_protein,Linear Regression,Test,ProteinCLIP,EITLEM_kcat_ProteinCLIP_embedding_cold_protein,1.355327707,1.052805741,1.836913192,0.205537907,0.468789031,0.862623547,0.209876942
34,catpred,ki,random,MLP,Validation,ESM2,catpred_ki_ESM2_embedding_random,1.356616412,0.990106822,1.84040809,0.544282741,0.750807369,0.718175804,0.544461815
35,catpred,ki,random,MLP,Test,MUTAPLM,catpred_ki_MUTAPLM_embedding_random,1.356747974,1.002772691,1.840765066,0.528803954,0.7362883,0.788258336,0.528849883
47,catpred,kcat,random,GBM,Validation,MUTAPLM,catpred_kcat_MUTAPLM_embedding_random,1.357937377,1.046215803,1.843993919,0.312989711,0.602586999,0.827362751,0.314038705
6,catpred,ki,cold_drug,Diffusion,Test,ESM2,catpred_ki_ESM2_embedding_cold_drug,1.358369968,1.024453861,1.84516897,0.524806441,0.728295802,0.798755646,0.525695547
60,MPEK,kcat,cold_protein,PSICHIC,Validation,ProteinCLIP,MPEK_kcat_ProteinCLIP_embedding_cold_protein,1.359,0.9817,1.8468,,0.5501,,
48,catpred,kcat,random,GBM,Validation,ProteinCLIP,catpred_kcat_ProteinCLIP_embedding_random,1.359144706,1.043639994,1.847274332,0.311767539,0.582219424,0.820530389,0.312546991
58,EITLEM,kcat,cold_protein,GBM,Validation,MUTAPLM,EITLEM_kcat_MUTAPLM_embedding_cold_protein,1.359657119,1.041900058,1.848667483,0.237176225,0.51703645,0.832046429,0.237472231
48,inhouse,Kd,cold_drug,SVR,Validation,ESMv1,inhouse_Kd_ESMv1_embedding_cold_drug,1.35994339,1.05827941,1.849446024,0.198529026,0.448660998,0.88863205,0.198976237
59,EITLEM,kcat,cold_protein,SVR,Validation,ProteinCLIP,EITLEM_kcat_ProteinCLIP_embedding_cold_protein,1.36013936,1.023327582,1.84997908,0.236635015,0.493761177,0.787488638,0.240983549
49,inhouse,Kd,cold_drug,SVR,Test,ESMv1,inhouse_Kd_ESMv1_embedding_cold_drug,1.360711952,1.02110103,1.851537017,0.165218835,0.411571244,0.792677968,0.168413209
53,inhouse,Kd,cold_protein,SVR,Test,ProteinCLIP,inhouse_Kd_ProteinCLIP_embedding_cold_protein,1.361001398,1.034274507,1.852324806,0.211232882,0.468663816,0.804890589,0.218404143
42,EITLEM,kcat,cold_drug,Diffusion,Validation,ESM2,EITLEM_kcat_ESM2_embedding_cold_drug,1.361429675,1.011657161,1.853490759,0.288925534,0.551180391,0.771273375,0.300532534
37,catpred,kcat,cold_drug,Diffusion,Validation,ProteinCLIP,catpred_kcat_ProteinCLIP_embedding_cold_drug,1.362197057,1.014965787,1.855580823,0.32360569,0.572767849,0.771401256,0.324144099
35,EITLEM,kkm,random,MLP,Validation,MUTAPLM,EITLEM_kkm_MUTAPLM_embedding_random,1.362336396,0.972443087,1.855960455,0.43071946,0.688710505,0.70209047,0.43150919
7,catpred,ki,cold_drug,PSICHIC,Test,ESM2,catpred_ki_ESM2_embedding_cold_drug,1.3632,1.0655,1.8583,,0.7481,,
2,EITLEM,kkm,cold_protein,Random Forest,Test,ESMv1,EITLEM_kkm_ESMv1_embedding_cold_protein,1.363514879,1.001422153,1.859172825,0.382215167,0.618655374,0.725494237,0.382391183
49,catpred,kcat,random,Linear Regression,Validation,ESM2,catpred_kcat_ESM2_embedding_random,1.364054763,1.051257674,1.860645397,0.306785928,0.564521188,0.838725207,0.308126849
8,catpred,ki,cold_drug,Diffusion,Validation,ESMv1,catpred_ki_ESMv1_embedding_cold_drug,1.364084511,1.031601712,1.860726554,0.545806951,0.74303971,0.781596065,0.548634687
38,catpred,kcat,cold_drug,MLP,Validation,ESM2,catpred_kcat_ESM2_embedding_cold_drug,1.364721322,1.005668149,1.862464287,0.321096535,0.626711456,0.728343183,0.321158848
36,EITLEM,kkm,random,MLP,Validation,ESM2,EITLEM_kkm_ESM2_embedding_random,1.365776036,0.980569843,1.86534418,0.427841181,0.670897112,0.709248577,0.428152571
3,EITLEM,kkm,cold_protein,Random Forest,Test,ESM2,EITLEM_kkm_ESM2_embedding_cold_protein,1.367115805,1.000544665,1.869005624,0.378947825,0.61581463,0.722968386,0.379074873
1,catpred,ki,cold_protein,Random Forest,Validation,ProteinCLIP,catpred_ki_ProteinCLIP_embedding_cold_protein,1.367118427,1.087135173,1.869012794,0.466182712,0.684326112,0.928685574,0.466291607
43,EITLEM,kcat,cold_drug,SVR,Test,ESM2,EITLEM_kcat_ESM2_embedding_cold_drug,1.367128901,1.052328046,1.869041432,0.156919861,0.402541406,0.856340168,0.161604466
54,inhouse,Kd,cold_protein,Linear Regression,Validation,ESM2,inhouse_Kd_ESM2_embedding_cold_protein,1.367384061,0.997382833,1.86973917,0.224319551,0.528187307,0.753469306,0.224322265
55,MPEK,kcat,cold_drug,SVR,Validation,ProteinCLIP,MPEK_kcat_ProteinCLIP_embedding_cold_drug,1.367639958,1.021044924,1.870439055,0.125743448,0.366528958,0.751212502,0.131187751
60,EITLEM,kcat,cold_protein,Linear Regression,Validation,ProteinCLIP,EITLEM_kcat_ProteinCLIP_embedding_cold_protein,1.367651271,1.055890818,1.870469998,0.228179757,0.482636764,0.858626203,0.22820721
50,catpred,kcat,random,GBM,Test,MUTAPLM,catpred_kcat_MUTAPLM_embedding_random,1.368280949,1.047395146,1.872192755,0.308856251,0.59233335,0.825006039,0.308944727
50,inhouse,Kd,cold_drug,MLP,Validation,ESM2,inhouse_Kd_ESM2_embedding_cold_drug,1.369227824,1.056714289,1.874784834,0.187548267,0.489183779,0.861326207,0.200593562
2,catpred,kcat,cold_protein,Random Forest,Test,ESMv1,catpred_kcat_ESMv1_embedding_cold_protein,1.370690407,1.023445869,1.878792192,0.271632847,0.526025827,0.768243413,0.271899689
36,catpred,ki,random,MLP,Validation,ESMv1,catpred_ki_ESMv1_embedding_random,1.37177878,0.992133716,1.881777022,0.534039069,0.746968688,0.724835244,0.534204794
51,inhouse,Kd,cold_drug,MLP,Validation,ProteinCLIP,inhouse_Kd_ProteinCLIP_embedding_cold_drug,1.371849519,1.07273003,1.881971102,0.184434045,0.442962,0.868474946,0.184489748
9,catpred,ki,cold_drug,PSICHIC,Validation,MUTAPLM,catpred_ki_MUTAPLM_embedding_cold_drug,1.3719,1.0232,1.8821,,0.7497,,
51,catpred,kcat,random,GBM,Test,ProteinCLIP,catpred_kcat_ProteinCLIP_embedding_random,1.37205392,1.046164644,1.882531959,0.305039402,0.572115006,0.82004495,0.305047761
55,inhouse,Kd,cold_protein,MLP,Test,MUTAPLM,inhouse_Kd_MUTAPLM_embedding_cold_protein,1.373190715,1.024953383,1.885652739,0.197040998,0.561964208,0.767481298,0.198744203
3,catpred,kcat,cold_protein,Random Forest,Test,ESM2,catpred_kcat_ESM2_embedding_cold_protein,1.373534603,1.032425149,1.886597306,0.268606972,0.527860564,0.779427415,0.269297896
56,inhouse,Kd,cold_protein,PSICHIC,Validation,ESM2,inhouse_Kd_ESM2_embedding_cold_protein,1.3745,0.9844,1.8892,,0.576,,
44,EITLEM,kcat,cold_drug,MLP,Test,ProteinCLIP,EITLEM_kcat_ProteinCLIP_embedding_cold_drug,1.374864247,1.044634308,1.890251698,0.147352414,0.458451122,0.823762805,0.147981655
4,EITLEM,kkm,cold_protein,Random Forest,Validation,ESM2,EITLEM_kkm_ESM2_embedding_cold_protein,1.377168584,1.029547396,1.89659331,0.368759676,0.609027036,0.756868689,0.370234313
37,catpred,ki,random,Diffusion,Validation,ProteinCLIP,catpred_ki_ProteinCLIP_embedding_random,1.378322213,1.026980554,1.899772123,0.529583167,0.73571867,0.787829578,0.530938641
52,catpred,kcat,random,Linear Regression,Test,ESM2,catpred_kcat_ESM2_embedding_random,1.378488506,1.056605326,1.900230562,0.298505738,0.557909006,0.851782778,0.298521329
10,catpred,ki,cold_drug,Random Forest,Test,ESM2,catpred_ki_ESM2_embedding_cold_drug,1.378983099,1.072739456,1.901594386,0.510274984,0.725972512,0.874896945,0.514355232
38,catpred,ki,random,MLP,Validation,MUTAPLM,catpred_ki_MUTAPLM_embedding_random,1.380049584,1.012951737,1.904536853,0.528403337,0.737980621,0.737690411,0.528404673
61,EITLEM,kcat,cold_protein,MLP,Validation,MUTAPLM,EITLEM_kcat_MUTAPLM_embedding_cold_protein,1.381499774,0.994053357,1.908541625,0.212470095,0.55449786,0.684912623,0.213202116
53,catpred,kcat,random,Linear Regression,Validation,ESMv1,catpred_kcat_ESMv1_embedding_random,1.38194446,1.048515428,1.90977049,0.288483566,0.56066409,0.803670568,0.28999265
54,catpred,kcat,random,Linear Regression,Test,ESMv1,catpred_kcat_ESMv1_embedding_random,1.382466406,1.049488291,1.911213365,0.294451297,0.565107304,0.812251669,0.294474476
39,catpred,ki,random,MLP,Test,ProteinCLIP,catpred_ki_ProteinCLIP_embedding_random,1.382796286,1.02606115,1.912125569,0.510537208,0.72816005,0.78383246,0.510709455
2,catpred,ki,cold_protein,Random Forest,Validation,ESM2,catpred_ki_ESM2_embedding_cold_protein,1.385958349,1.113812169,1.920880546,0.451368526,0.675438527,0.962847068,0.451388637
52,inhouse,Kd,cold_drug,SVR,Test,ESM2,inhouse_Kd_ESM2_embedding_cold_drug,1.386148997,1.049590674,1.921409041,0.133716441,0.37429097,0.821782728,0.139129663
57,inhouse,Kd,cold_protein,SVR,Validation,ESMv1,inhouse_Kd_ESMv1_embedding_cold_protein,1.386423008,1.031400411,1.922168758,0.202568599,0.457860969,0.80069089,0.205844175
11,catpred,ki,cold_drug,PSICHIC,Validation,ESM2,catpred_ki_ESM2_embedding_cold_drug,1.3871,1.0227,1.924,,0.741,,
58,inhouse,Kd,cold_protein,SVR,Validation,ESM2,inhouse_Kd_ESM2_embedding_cold_protein,1.387255925,1.031382948,1.924479001,0.201610171,0.455372692,0.795963853,0.205693997
40,catpred,ki,random,SVR,Test,MUTAPLM,catpred_ki_MUTAPLM_embedding_random,1.387396631,1.036623686,1.924869413,0.50727506,0.715084971,0.810374927,0.508236336
12,catpred,ki,cold_drug,Random Forest,Test,MUTAPLM,catpred_ki_MUTAPLM_embedding_cold_drug,1.387738028,1.074949501,1.925816833,0.504036883,0.719172866,0.85518651,0.507294602
45,EITLEM,kcat,cold_drug,MLP,Validation,ESM2,EITLEM_kcat_ESM2_embedding_cold_drug,1.387840658,1.032618508,1.926101691,0.261069023,0.541998986,0.784710643,0.266465572
39,catpred,kcat,cold_drug,GBM,Test,ESMv1,catpred_kcat_ESMv1_embedding_cold_drug,1.387953326,1.059196989,1.926414435,0.304365946,0.573553383,0.834251902,0.304996198
40,catpred,kcat,cold_drug,GBM,Validation,ESM2,catpred_kcat_ESM2_embedding_cold_drug,1.387970691,1.0611729,1.92646264,0.297767924,0.566505024,0.842189078,0.298310942
46,EITLEM,kcat,cold_drug,MLP,Validation,ESMv1,EITLEM_kcat_ESMv1_embedding_cold_drug,1.389107353,1.01928778,1.929619238,0.259719549,0.542190168,0.741000293,0.259721239
5,EITLEM,kkm,cold_protein,Random Forest,Validation,ESMv1,EITLEM_kkm_ESMv1_embedding_cold_protein,1.389318865,1.032649093,1.930206909,0.357572112,0.59932314,0.76628094,0.359081371
62,EITLEM,kcat,cold_protein,MLP,Test,MUTAPLM,EITLEM_kcat_MUTAPLM_embedding_cold_protein,1.389912945,1.01840221,1.931857996,0.164474427,0.549871703,0.730634003,0.172284004
6,EITLEM,kkm,cold_protein,Random Forest,Test,MUTAPLM,EITLEM_kkm_MUTAPLM_embedding_cold_protein,1.390673759,1.040841145,1.933973504,0.357359637,0.599886892,0.788598388,0.35755489
13,catpred,ki,cold_drug,Random Forest,Test,ESMv1,catpred_ki_ESMv1_embedding_cold_drug,1.391020297,1.077041925,1.934937466,0.501688011,0.718736749,0.856066895,0.504987509
64,catpred,km,cold_protein,Linear Regression,Validation,MUTAPLM,catpred_km_MUTAPLM_embedding_cold_protein,1.392048728,1.076489379,1.93779966,-0.214544454,0.342094544,0.864164286,-0.208613108
4,catpred,kcat,cold_protein,XGBoost,Test,ProteinCLIP,catpred_kcat_ProteinCLIP_embedding_cold_protein,1.392988939,1.045521121,1.940418184,0.247741781,0.512849573,0.790164207,0.24789111
59,inhouse,Kd,cold_protein,SVR,Validation,ProteinCLIP,inhouse_Kd_ProteinCLIP_embedding_cold_protein,1.393559471,1.045790002,1.942007999,0.194338087,0.446011234,0.810990506,0.196970252
41,catpred,kcat,cold_drug,GBM,Validation,ESMv1,catpred_kcat_ESMv1_embedding_cold_drug,1.394052504,1.065834329,1.943382383,0.291600358,0.562318897,0.84681635,0.292087501
53,inhouse,Kd,cold_drug,SVR,Validation,ESM2,inhouse_Kd_ESM2_embedding_cold_drug,1.394376318,1.088636175,1.944285316,0.157429725,0.399195773,0.89136751,0.158833471
47,EITLEM,kcat,cold_drug,SVR,Test,ProteinCLIP,EITLEM_kcat_ProteinCLIP_embedding_cold_drug,1.394552213,1.078654448,1.944775875,0.122757855,0.360815603,0.879410776,0.127969354
42,catpred,kcat,cold_drug,GBM,Test,ESM2,catpred_kcat_ESM2_embedding_cold_drug,1.396917572,1.063383956,1.951378704,0.295351273,0.561809254,0.835055235,0.296416978
7,EITLEM,kkm,cold_protein,Random Forest,Validation,ProteinCLIP,EITLEM_kkm_ProteinCLIP_embedding_cold_protein,1.397477852,1.022474106,1.952944348,0.350004444,0.593086317,0.760569304,0.351074962
14,catpred,ki,cold_drug,XGBoost,Test,ESM2,catpred_ki_ESM2_embedding_cold_drug,1.397553713,1.06556607,1.953156382,0.496996023,0.706887923,0.850270789,0.49848189
60,inhouse,Kd,cold_protein,Linear Regression,Validation,ESMv1,inhouse_Kd_ESMv1_embedding_cold_protein,1.397759164,1.032065433,1.953730681,0.189474812,0.525704919,0.796758406,0.189491527
3,catpred,ki,cold_protein,Random Forest,Validation,ESMv1,catpred_ki_ESMv1_embedding_cold_protein,1.397994312,1.126539955,1.954388097,0.441798281,0.67103703,1.008188535,0.441833298
15,catpred,ki,cold_drug,XGBoost,Test,ProteinCLIP,catpred_ki_ProteinCLIP_embedding_cold_drug,1.397996074,1.070003833,1.954393024,0.496677545,0.705776498,0.862673001,0.497907335
56,MPEK,kcat,cold_drug,Linear Regression,Validation,ESM2,MPEK_kcat_ESM2_embedding_cold_drug,1.398027336,1.042652022,1.954480433,0.086461909,0.439500543,0.790033392,0.09160567
43,catpred,kcat,cold_drug,Diffusion,Test,ProteinCLIP,catpred_kcat_ProteinCLIP_embedding_cold_drug,1.400998543,1.039005026,1.962796918,0.291228126,0.561115246,0.777732,0.302251319
5,catpred,kcat,cold_protein,PSICHIC,Test,ProteinCLIP,catpred_kcat_ProteinCLIP_embedding_cold_protein,1.4014,1.0589,1.964,,0.4933,,
16,catpred,ki,cold_drug,Diffusion,Validation,MUTAPLM,catpred_ki_MUTAPLM_embedding_cold_drug,1.401752869,1.041093643,1.964911105,0.520376079,0.726814743,0.77897197,0.520591822
6,catpred,kcat,cold_protein,Diffusion,Test,ProteinCLIP,catpred_kcat_ProteinCLIP_embedding_cold_protein,1.404065214,1.050729108,1.971399127,0.23573114,0.523904136,0.801828742,0.236104226
7,catpred,kcat,cold_protein,PSICHIC,Test,ESMv1,catpred_kcat_ESMv1_embedding_cold_protein,1.4042,1.058,1.9719,,0.4951,,
54,inhouse,Kd,cold_drug,SVR,Test,ProteinCLIP,inhouse_Kd_ProteinCLIP_embedding_cold_drug,1.404472762,1.068843655,1.972543738,0.110661929,0.340044935,0.85468126,0.113225085
48,EITLEM,kcat,cold_drug,Linear Regression,Test,ESMv1,EITLEM_kcat_ESMv1_embedding_cold_drug,1.404867698,1.061896845,1.973653249,0.109731958,0.429441485,0.832954057,0.111789283
37,EITLEM,kkm,random,SVR,Validation,MUTAPLM,EITLEM_kkm_MUTAPLM_embedding_random,1.406055508,1.019605641,1.976992093,0.393595309,0.634523767,0.746389399,0.398143381
49,EITLEM,kcat,cold_drug,Diffusion,Validation,ProteinCLIP,EITLEM_kcat_ProteinCLIP_embedding_cold_drug,1.407439057,1.053735632,1.980884699,0.240052036,0.497056046,0.814989448,0.242926283
55,inhouse,Kd,cold_drug,SVR,Validation,ProteinCLIP,inhouse_Kd_ProteinCLIP_embedding_cold_drug,1.40757494,1.105413039,1.981267211,0.14140335,0.376704311,0.921685277,0.14174685
50,EITLEM,kcat,cold_drug,Linear Regression,Test,ESM2,EITLEM_kcat_ESM2_embedding_cold_drug,1.407610385,1.080834771,1.981366995,0.106252471,0.406000151,0.871752286,0.107896284
44,catpred,kcat,cold_drug,GBM,Validation,MUTAPLM,catpred_kcat_MUTAPLM_embedding_cold_drug,1.408211987,1.075951496,1.983061001,0.277136751,0.558610378,0.858954155,0.277438399
8,catpred,kcat,cold_protein,Diffusion,Test,ESMv1,catpred_kcat_ESMv1_embedding_cold_protein,1.408954749,1.044368896,1.985153484,0.230398873,0.511818092,0.768110514,0.231408938
45,catpred,kcat,cold_drug,MLP,Test,ESM2,catpred_kcat_ESM2_embedding_cold_drug,1.410876953,1.011867568,1.990573777,0.281197815,0.609204629,0.713355591,0.281459315
17,catpred,ki,cold_drug,SVR,Test,MUTAPLM,catpred_ki_MUTAPLM_embedding_cold_drug,1.411591046,1.067099337,1.992589281,0.486840714,0.699437555,0.848932074,0.487150337
41,catpred,ki,random,SVR,Validation,MUTAPLM,catpred_ki_MUTAPLM_embedding_random,1.41205921,1.082533303,1.993911213,0.506272681,0.715713769,0.858994764,0.507566462
18,catpred,ki,cold_drug,PSICHIC,Validation,ProteinCLIP,catpred_ki_ProteinCLIP_embedding_cold_drug,1.4136,1.0308,1.9983,,0.7293,,
51,EITLEM,kcat,cold_drug,GBM,Validation,ESM2,EITLEM_kcat_ESM2_embedding_cold_drug,1.415383486,1.079417165,2.003310413,0.231448616,0.50325993,0.86344529,0.233210136
19,catpred,ki,cold_drug,MLP,Test,MUTAPLM,catpred_ki_MUTAPLM_embedding_cold_drug,1.415452006,1.046118613,2.00350438,0.484029706,0.714299684,0.764032645,0.484071741
20,catpred,ki,cold_drug,PSICHIC,Validation,ESMv1,catpred_ki_ESMv1_embedding_cold_drug,1.4155,1.0417,2.0037,,0.7335,,
21,catpred,ki,cold_drug,XGBoost,Test,MUTAPLM,catpred_ki_MUTAPLM_embedding_cold_drug,1.415768767,1.077496524,2.004401202,0.483798744,0.698256447,0.832935088,0.485767049
61,inhouse,Kd,cold_protein,Linear Regression,Test,ESMv1,inhouse_Kd_ESMv1_embedding_cold_protein,1.415769511,1.050646393,2.004403307,0.146473979,0.521888122,0.801516829,0.146482467
9,catpred,kcat,cold_protein,GBM,Test,ESMv1,catpred_kcat_ESMv1_embedding_cold_protein,1.415880504,1.083508238,2.004717602,0.222814285,0.47847846,0.853778397,0.224131397
57,MPEK,kcat,cold_drug,MLP,Test,ProteinCLIP,MPEK_kcat_ProteinCLIP_embedding_cold_drug,1.416337539,1.105227578,2.006012025,0.076880271,0.436117829,0.90799251,0.118206004
10,catpred,kcat,cold_protein,XGBoost,Test,ESMv1,catpred_kcat_ESMv1_embedding_cold_protein,1.416686245,1.055840937,2.006999917,0.221929481,0.495353673,0.796641079,0.221937347
52,EITLEM,kcat,cold_drug,GBM,Validation,ProteinCLIP,EITLEM_kcat_ProteinCLIP_embedding_cold_drug,1.417591736,1.069209674,2.00956633,0.229048592,0.503009042,0.839240066,0.230128882
42,catpred,ki,random,GBM,Test,ESMv1,catpred_ki_ESMv1_embedding_random,1.417629721,1.092161941,2.009674025,0.485566913,0.702142237,0.907352345,0.485764053
4,catpred,ki,cold_protein,Diffusion,Validation,ESM2,catpred_ki_ESM2_embedding_cold_protein,1.417889492,1.112365655,2.010410613,0.425797437,0.665497579,0.884102017,0.426272987
22,catpred,ki,cold_drug,Random Forest,Test,ProteinCLIP,catpred_ki_ProteinCLIP_embedding_cold_drug,1.418041408,1.105781774,2.010841435,0.482140166,0.705890171,0.918981919,0.485136194
46,catpred,kcat,cold_drug,GBM,Test,MUTAPLM,catpred_kcat_MUTAPLM_embedding_cold_drug,1.418088584,1.080651023,2.010975233,0.273830787,0.551538567,0.852498587,0.274460549
1,EITLEM,kkm,cold_drug,Random Forest,Test,ESMv1,EITLEM_kkm_ESMv1_embedding_cold_drug,1.41921287,1.093834837,2.014165169,0.291987464,0.549766055,0.907140276,0.292403449
8,EITLEM,kkm,cold_protein,Diffusion,Test,ESMv1,EITLEM_kkm_ESMv1_embedding_cold_protein,1.420602621,1.045638781,2.018111808,0.329401309,0.597569186,0.774341285,0.331102895
43,catpred,ki,random,GBM,Test,MUTAPLM,catpred_ki_MUTAPLM_embedding_random,1.420969002,1.097907556,2.019152906,0.483140525,0.700704147,0.927472493,0.483451076
23,catpred,ki,cold_drug,MLP,Validation,MUTAPLM,catpred_ki_MUTAPLM_embedding_cold_drug,1.421024737,1.046916262,2.019311303,0.507097292,0.726564738,0.77562731,0.507177455
24,catpred,ki,cold_drug,Random Forest,Validation,ESM2,catpred_ki_ESM2_embedding_cold_drug,1.422315584,1.100669789,2.022981621,0.506201388,0.715834987,0.877555689,0.506278004
11,catpred,kcat,cold_protein,Random Forest,Validation,ProteinCLIP,catpred_kcat_ProteinCLIP_embedding_cold_protein,1.423180844,1.048325801,2.025443715,0.249789746,0.503215441,0.764335836,0.251543825
62,inhouse,Kd,cold_protein,MLP,Validation,MUTAPLM,inhouse_Kd_MUTAPLM_embedding_cold_protein,1.423618314,1.011747798,2.026689105,0.159207262,0.541643787,0.696380586,0.161307368
25,catpred,ki,cold_drug,Diffusion,Test,ProteinCLIP,catpred_ki_ProteinCLIP_embedding_cold_drug,1.424142487,1.079987873,2.028181822,0.477674428,0.697633982,0.836552322,0.48012155
12,catpred,kcat,cold_protein,Diffusion,Test,ESM2,catpred_kcat_ESM2_embedding_cold_protein,1.424388428,1.06257978,2.028882393,0.21344612,0.498147582,0.797958195,0.21549991
26,catpred,ki,cold_drug,XGBoost,Test,ESMv1,catpred_ki_ESMv1_embedding_cold_drug,1.424430221,1.08682124,2.029001454,0.477463346,0.694809703,0.84681479,0.478938992
13,catpred,kcat,cold_protein,GBM,Test,ProteinCLIP,catpred_kcat_ProteinCLIP_embedding_cold_protein,1.42461955,1.081106209,2.029540863,0.213190843,0.468491184,0.83179592,0.213883816
27,catpred,ki,cold_drug,MLP,Test,ESMv1,catpred_ki_ESMv1_embedding_cold_drug,1.425703018,1.058522582,2.032629096,0.476529105,0.707735246,0.805837991,0.47930752
9,EITLEM,kkm,cold_protein,PSICHIC,Test,ProteinCLIP,EITLEM_kkm_ProteinCLIP_embedding_cold_protein,1.4258,1.0479,2.033,,0.6071,,
47,catpred,kcat,cold_drug,GBM,Test,ProteinCLIP,catpred_kcat_ProteinCLIP_embedding_cold_drug,1.425838986,1.08728733,2.033016814,0.265871506,0.531971284,0.85725873,0.266661893
61,MPEK,kcat,cold_protein,Linear Regression,Test,ESMv1,MPEK_kcat_ESMv1_embedding_cold_protein,1.426080206,1.05303958,2.033704755,0.102149366,0.502745581,0.774294074,0.103451599
44,catpred,ki,random,GBM,Validation,MUTAPLM,catpred_ki_MUTAPLM_embedding_random,1.428047539,1.122337323,2.039319775,0.495028726,0.709970216,0.919709629,0.49503209
28,catpred,ki,cold_drug,Random Forest,Validation,MUTAPLM,catpred_ki_MUTAPLM_embedding_cold_drug,1.428151513,1.103000641,2.039616743,0.502140847,0.711758586,0.889426708,0.502148192
14,catpred,kcat,cold_protein,GBM,Test,ESM2,catpred_kcat_ESM2_embedding_cold_protein,1.428197249,1.084941592,2.039747382,0.209233996,0.467105777,0.840491789,0.21071771
63,EITLEM,km,cold_protein,Linear Regression,Test,MUTAPLM,EITLEM_km_MUTAPLM_embedding_cold_protein,1.429384386,1.046002886,2.043139723,-0.217537492,0.427091693,0.766328395,-0.217333897
45,catpred,ki,random,MLP,Validation,ProteinCLIP,catpred_ki_ProteinCLIP_embedding_random,1.430868161,1.069035063,2.047383694,0.493031958,0.717188078,0.782891578,0.493674029
29,catpred,ki,cold_drug,MLP,Test,ESM2,catpred_ki_ESM2_embedding_cold_drug,1.431852593,1.070952358,2.050201847,0.472003526,0.705028701,0.822516104,0.474051424
30,catpred,ki,cold_drug,Random Forest,Validation,ESMv1,catpred_ki_ESMv1_embedding_cold_drug,1.432088411,1.106439456,2.050877216,0.499392228,0.71046406,0.887464445,0.499478062
31,catpred,ki,cold_drug,XGBoost,Validation,MUTAPLM,catpred_ki_MUTAPLM_embedding_cold_drug,1.432935265,1.097595993,2.053303475,0.498799992,0.708820695,0.869590791,0.499157972
55,catpred,kcat,random,SVR,Validation,ESM2,catpred_kcat_ESM2_embedding_random,1.433015214,1.07521556,2.053532604,0.234922624,0.495292957,0.806648818,0.237558315
48,catpred,kcat,cold_drug,GBM,Validation,ProteinCLIP,catpred_kcat_ProteinCLIP_embedding_cold_drug,1.434157203,1.090801888,2.056806882,0.250254982,0.514489526,0.866417211,0.250455056
2,EITLEM,kkm,cold_drug,Random Forest,Test,MUTAPLM,EITLEM_kkm_MUTAPLM_embedding_cold_drug,1.434169498,1.10784311,2.056842148,0.276985797,0.533006428,0.914398358,0.276998039
53,EITLEM,kcat,cold_drug,GBM,Validation,ESMv1,EITLEM_kcat_ESMv1_embedding_cold_drug,1.434657105,1.083942057,2.058241008,0.210375005,0.476065999,0.836597093,0.212909145
49,catpred,kcat,cold_drug,MLP,Test,ProteinCLIP,catpred_kcat_ProteinCLIP_embedding_cold_drug,1.4349352,1.069969547,2.059039027,0.256474807,0.569514283,0.811401689,0.256480702
10,EITLEM,kkm,cold_protein,XGBoost,Test,ProteinCLIP,EITLEM_kkm_ProteinCLIP_embedding_cold_protein,1.435009632,1.052018375,2.059252645,0.315730612,0.581905184,0.775912392,0.316931696
56,catpred,kcat,random,SVR,Test,ESM2,catpred_kcat_ESM2_embedding_random,1.435228262,1.072898993,2.059880165,0.239569058,0.498026971,0.811327719,0.239593186
11,EITLEM,kkm,cold_protein,XGBoost,Test,ESMv1,EITLEM_kkm_ESMv1_embedding_cold_protein,1.435457384,1.057304818,2.060537901,0.315303534,0.582335028,0.779626172,0.315687107
12,EITLEM,kkm,cold_protein,PSICHIC,Test,MUTAPLM,EITLEM_kkm_MUTAPLM_embedding_cold_protein,1.4358,1.0755,2.0615,,0.5766,,
38,EITLEM,kkm,random,MLP,Validation,ProteinCLIP,EITLEM_kkm_ProteinCLIP_embedding_random,1.435834885,1.034306813,2.061621817,0.367636752,0.635384785,0.736934594,0.371936189
56,inhouse,Kd,cold_drug,Linear Regression,Validation,ESMv1,inhouse_Kd_ESMv1_embedding_cold_drug,1.436197227,1.076880086,2.062662475,0.106130116,0.513536252,0.811791592,0.108292984
3,EITLEM,kkm,cold_drug,Random Forest,Test,ESM2,EITLEM_kkm_ESM2_embedding_cold_drug,1.43632103,1.109238289,2.063018102,0.274814846,0.530716536,0.9076171,0.274826424
64,EITLEM,km,cold_protein,Linear Regression,Validation,MUTAPLM,EITLEM_km_MUTAPLM_embedding_cold_protein,1.437117017,1.036275536,2.06530532,-0.18818821,0.447136543,0.759954112,-0.187609066
54,EITLEM,kcat,cold_drug,Linear Regression,Validation,ESMv1,EITLEM_kcat_ESMv1_embedding_cold_drug,1.438508504,1.100240417,2.069306716,0.206129749,0.493724046,0.878840261,0.210511361
57,inhouse,Kd,cold_drug,MLP,Test,ProteinCLIP,inhouse_Kd_ProteinCLIP_embedding_cold_drug,1.438652199,1.093422597,2.069720148,0.066849121,0.376293542,0.864042878,0.071846733
13,EITLEM,kkm,cold_protein,Diffusion,Test,ESM2,EITLEM_kkm_ESM2_embedding_cold_protein,1.439208944,1.064107059,2.071322385,0.311719958,0.587622846,0.807569347,0.313288424
57,catpred,kcat,random,SVR,Validation,ESMv1,catpred_kcat_ESMv1_embedding_random,1.441198753,1.082662923,2.077053845,0.226159399,0.491097241,0.810575761,0.228337189
5,catpred,ki,cold_protein,GBM,Validation,ProteinCLIP,catpred_ki_ProteinCLIP_embedding_cold_protein,1.441982869,1.160350733,2.079314595,0.406117453,0.638138471,1.020731688,0.406187461
15,catpred,kcat,cold_protein,Random Forest,Validation,ESMv1,catpred_kcat_ESMv1_embedding_cold_protein,1.443454947,1.075885927,2.083562183,0.22826307,0.488272089,0.815523426,0.230577633
6,catpred,ki,cold_protein,XGBoost,Validation,ProteinCLIP,catpred_ki_ProteinCLIP_embedding_cold_protein,1.443537825,1.130036741,2.083801453,0.404835941,0.644267946,0.952468778,0.405389482
16,catpred,kcat,cold_protein,Random Forest,Validation,ESM2,catpred_kcat_ESM2_embedding_cold_protein,1.443556297,1.072197893,2.083854782,0.228154693,0.487928982,0.788304688,0.228999042
46,catpred,ki,random,GBM,Test,ESM2,catpred_ki_ESM2_embedding_random,1.444375297,1.110626326,2.086219998,0.4659728,0.685838201,0.893753044,0.466415155
17,catpred,kcat,cold_protein,SVR,Test,ESMv1,catpred_kcat_ESMv1_embedding_cold_protein,1.444603027,1.084096977,2.086877906,0.19096251,0.445134454,0.828965335,0.193016197
47,catpred,ki,random,GBM,Validation,ESM2,catpred_ki_ESM2_embedding_random,1.44527717,1.128751126,2.0888261,0.482770093,0.700353841,0.933952744,0.482770193
39,EITLEM,kkm,random,Diffusion,Test,ProteinCLIP,EITLEM_kkm_ProteinCLIP_embedding_random,1.445380766,1.073758582,2.089125558,0.392912732,0.63359939,0.815286577,0.393326167
58,catpred,kcat,random,Linear Regression,Test,MUTAPLM,catpred_kcat_MUTAPLM_embedding_random,1.445582347,1.026983708,2.089708321,0.228557615,0.577274986,0.737014332,0.22866154
18,catpred,kcat,cold_protein,SVR,Test,ESM2,catpred_kcat_ESM2_embedding_cold_protein,1.445584434,1.091772727,2.089714356,0.189862879,0.438274519,0.834514193,0.191123828
55,EITLEM,kcat,cold_drug,GBM,Validation,MUTAPLM,EITLEM_kcat_MUTAPLM_embedding_cold_drug,1.445785871,1.09449449,2.090296784,0.198077105,0.474775887,0.85020982,0.203038665
62,MPEK,kcat,cold_protein,Linear Regression,Validation,ESMv1,MPEK_kcat_ESMv1_embedding_cold_protein,1.448648518,1.050897672,2.098582528,0.072944906,0.470417956,0.775359182,0.079903096
56,EITLEM,kcat,cold_drug,Linear Regression,Test,MUTAPLM,EITLEM_kcat_MUTAPLM_embedding_cold_drug,1.44892227,1.049039621,2.099375744,0.05302153,0.470885434,0.764924513,0.056697894
32,catpred,ki,cold_drug,GBM,Test,ESMv1,catpred_ki_ESMv1_embedding_cold_drug,1.449429043,1.14653828,2.10084455,0.458961313,0.685253774,0.964428157,0.460213649
48,catpred,ki,random,GBM,Validation,ESMv1,catpred_ki_ESMv1_embedding_random,1.449728409,1.140864133,2.101712459,0.479579205,0.697816943,0.972578977,0.479597276
14,EITLEM,kkm,cold_protein,Diffusion,Validation,ESM2,EITLEM_kkm_ESM2_embedding_cold_protein,1.451361514,1.075943233,2.106450245,0.298913307,0.569306531,0.803724304,0.299216306
19,catpred,kcat,cold_protein,Linear Regression,Test,ESM2,catpred_kcat_ESM2_embedding_cold_protein,1.451532542,1.113083933,2.10694672,0.183182264,0.482251962,0.883060932,0.183658146
33,catpred,ki,cold_drug,XGBoost,Validation,ESMv1,catpred_ki_ESMv1_embedding_cold_drug,1.45182184,1.113390404,2.107786656,0.485500949,0.701696352,0.898782937,0.485504747
34,catpred,ki,cold_drug,GBM,Test,MUTAPLM,catpred_ki_MUTAPLM_embedding_cold_drug,1.4518485,1.147247385,2.107864067,0.457153549,0.683078698,0.958059119,0.458638794
50,catpred,kcat,cold_drug,Linear Regression,Validation,ESM2,catpred_kcat_ESM2_embedding_cold_drug,1.452212784,1.107856616,2.10892197,0.231258047,0.508754224,0.869400724,0.232633338
20,catpred,kcat,cold_protein,PSICHIC,Test,ESM2,catpred_kcat_ESM2_embedding_cold_protein,1.4526,1.104,2.1101,,0.47,,
7,catpred,ki,cold_protein,Diffusion,Validation,ESMv1,catpred_ki_ESMv1_embedding_cold_protein,1.452625372,1.13648407,2.11012047,0.397318849,0.646991462,0.927554369,0.407587215
35,catpred,ki,cold_drug,SVR,Validation,MUTAPLM,catpred_ki_MUTAPLM_embedding_cold_drug,1.452783808,1.11285555,2.110580794,0.484818915,0.70133815,0.879378149,0.488741084
15,EITLEM,kkm,cold_protein,PSICHIC,Test,ESM2,EITLEM_kkm_ESM2_embedding_cold_protein,1.4536,1.0707,2.1131,,0.5679,,
8,catpred,ki,cold_protein,Diffusion,Validation,ProteinCLIP,catpred_ki_ProteinCLIP_embedding_cold_protein,1.453940437,1.134760188,2.113942795,0.396227137,0.649505531,0.924575806,0.404064746
16,EITLEM,kkm,cold_protein,PSICHIC,Test,ESMv1,EITLEM_kkm_ESMv1_embedding_cold_protein,1.4542,1.0769,2.1146,,0.5813,,
57,EITLEM,kcat,cold_drug,Linear Regression,Test,ProteinCLIP,EITLEM_kcat_ProteinCLIP_embedding_cold_drug,1.454600985,1.129253006,2.115864024,0.045584059,0.327344487,0.920619247,0.046522091
51,catpred,kcat,cold_drug,MLP,Validation,ProteinCLIP,catpred_kcat_ProteinCLIP_embedding_cold_drug,1.454799223,1.074029126,2.116440778,0.228517299,0.550204034,0.785347476,0.230378748
17,EITLEM,kkm,cold_protein,XGBoost,Test,ESM2,EITLEM_kkm_ESM2_embedding_cold_protein,1.455919741,1.069002381,2.119702293,0.295643788,0.568379248,0.794695781,0.29589076
59,catpred,kcat,random,Linear Regression,Validation,ProteinCLIP,catpred_kcat_ProteinCLIP_embedding_random,1.456691045,1.121841189,2.121948802,0.209433044,0.467789458,0.878205793,0.210632639
40,EITLEM,kkm,random,Diffusion,Validation,ProteinCLIP,EITLEM_kkm_ProteinCLIP_embedding_random,1.456695922,1.076153753,2.121963008,0.349128245,0.597889478,0.848552972,0.349211933
60,catpred,kcat,random,SVR,Test,ESMv1,catpred_kcat_ESMv1_embedding_random,1.456958124,1.091886291,2.122726976,0.216368359,0.475447529,0.823968297,0.216369018
49,catpred,ki,random,GBM,Test,ProteinCLIP,catpred_ki_ProteinCLIP_embedding_random,1.45752309,1.133003023,2.124373557,0.456206314,0.679088292,0.948969057,0.456413035
21,catpred,kcat,cold_protein,SVR,Test,ProteinCLIP,catpred_kcat_ProteinCLIP_embedding_cold_protein,1.45878801,1.104577861,2.128062459,0.174996148,0.423321868,0.835490888,0.176621938
41,EITLEM,kkm,random,SVR,Test,MUTAPLM,EITLEM_kkm_MUTAPLM_embedding_random,1.460675265,1.050201319,2.133572229,0.379996799,0.624314593,0.784553592,0.384718088
22,catpred,kcat,cold_protein,Random Forest,Test,MUTAPLM,catpred_kcat_MUTAPLM_embedding_cold_protein,1.460689523,1.105027574,2.133613884,0.172843981,0.430756062,0.850032778,0.173372199
61,catpred,kcat,random,Linear Regression,Test,ProteinCLIP,catpred_kcat_ProteinCLIP_embedding_random,1.461224062,1.126430584,2.135175761,0.211772732,0.468475303,0.893675991,0.21182956
18,EITLEM,kkm,cold_protein,XGBoost,Validation,ESM2,EITLEM_kkm_ESM2_embedding_cold_protein,1.46139403,1.092500957,2.135672511,0.289187302,0.560480972,0.842744252,0.289455148
36,catpred,ki,cold_drug,Random Forest,Validation,ProteinCLIP,catpred_ki_ProteinCLIP_embedding_cold_drug,1.461483392,1.132463174,2.135933706,0.47863041,0.697406548,0.892450302,0.478632046
62,catpred,kcat,random,SVR,Validation,ProteinCLIP,catpred_kcat_ProteinCLIP_embedding_random,1.462516829,1.101063779,2.138955476,0.203096927,0.460412495,0.839964271,0.205251665
42,EITLEM,kkm,random,MLP,Test,ProteinCLIP,EITLEM_kkm_ProteinCLIP_embedding_random,1.463165001,1.066339614,2.140851819,0.377881394,0.644333083,0.777997164,0.382701138
9,catpred,ki,cold_protein,Random Forest,Validation,MUTAPLM,catpred_ki_MUTAPLM_embedding_cold_protein,1.463288623,1.176356434,2.141213595,0.388438197,0.631968837,1.002124783,0.388802565
58,EITLEM,kcat,cold_drug,Linear Regression,Validation,ESM2,EITLEM_kcat_ESM2_embedding_cold_drug,1.463925931,1.127275384,2.143079131,0.177827649,0.448606532,0.892936149,0.181863183
37,catpred,ki,cold_drug,GBM,Test,ESM2,catpred_ki_ESM2_embedding_cold_drug,1.464656106,1.15972129,2.145217508,0.447533772,0.675815944,0.994966799,0.44915704
38,catpred,ki,cold_drug,GBM,Validation,MUTAPLM,catpred_ki_MUTAPLM_embedding_cold_drug,1.465012182,1.169175389,2.146260692,0.476109649,0.694400381,0.965890231,0.476813905
19,EITLEM,kkm,cold_protein,Random Forest,Validation,MUTAPLM,EITLEM_kkm_MUTAPLM_embedding_cold_protein,1.465393729,1.114329883,2.147378782,0.285291121,0.53749187,0.856952472,0.286702745
23,catpred,kcat,cold_protein,Diffusion,Test,MUTAPLM,catpred_kcat_MUTAPLM_embedding_cold_protein,1.465680756,1.088263801,2.148220078,0.167181477,0.433848913,0.813918352,0.168721437
59,EITLEM,kcat,cold_drug,SVR,Validation,ESMv1,EITLEM_kcat_ESMv1_embedding_cold_drug,1.465794841,1.103880781,2.148554517,0.175727068,0.42184889,0.848391837,0.175733189
39,catpred,ki,cold_drug,Diffusion,Validation,ESM2,catpred_ki_ESM2_embedding_cold_drug,1.467169773,1.113376881,2.152587141,0.474565398,0.698978565,0.876281619,0.476868244
64,MPEK,km,cold_drug,Linear Regression,Validation,MUTAPLM,MPEK_km_MUTAPLM_embedding_cold_drug,1.467377135,1.064420286,2.153195657,-0.223167544,0.435431966,0.757257432,-0.221408646
60,EITLEM,kcat,cold_drug,SVR,Validation,ESM2,EITLEM_kcat_ESM2_embedding_cold_drug,1.469992679,1.10673495,2.160878478,0.170999096,0.415385142,0.877004958,0.17191207
40,catpred,ki,cold_drug,GBM,Validation,ESMv1,catpred_ki_ESMv1_embedding_cold_drug,1.470013399,1.165556187,2.160939393,0.47252666,0.691779026,0.988949812,0.473196535
63,catpred,kcat,random,SVR,Test,ProteinCLIP,catpred_kcat_ProteinCLIP_embedding_random,1.470274617,1.103186623,2.161707451,0.201978221,0.456990481,0.832518579,0.201990032
4,EITLEM,kkm,cold_drug,PSICHIC,Test,MUTAPLM,EITLEM_kkm_MUTAPLM_embedding_cold_drug,1.4715,1.1341,2.1653,,0.5111,,
10,catpred,ki,cold_protein,GBM,Validation,ESM2,catpred_ki_ESM2_embedding_cold_protein,1.471960137,1.182621924,2.166666645,0.381168435,0.619409255,1.018060061,0.382692039
41,catpred,ki,cold_drug,MLP,Validation,ESMv1,catpred_ki_ESMv1_embedding_cold_drug,1.472017754,1.10681328,2.166836269,0.471087265,0.709796203,0.809903253,0.47223046
5,EITLEM,kkm,cold_drug,Diffusion,Validation,MUTAPLM,EITLEM_kkm_MUTAPLM_embedding_cold_drug,1.472262994,1.110080055,2.167558323,0.342337473,0.59438894,0.876847863,0.34239862
24,catpred,kcat,cold_protein,Linear Regression,Test,ProteinCLIP,catpred_kcat_ProteinCLIP_embedding_cold_protein,1.472527329,1.136766651,2.168336734,0.159382682,0.425583073,0.905104095,0.160085568
11,catpred,ki,cold_protein,GBM,Validation,ESMv1,catpred_ki_ESMv1_embedding_cold_protein,1.472974949,1.189005702,2.169655202,0.380314859,0.616952184,1.044937876,0.380563748
25,catpred,kcat,cold_protein,XGBoost,Test,ESM2,catpred_kcat_ESM2_embedding_cold_protein,1.47355544,1.103155738,2.171365636,0.158208442,0.432973267,0.83366244,0.158342683
50,catpred,ki,random,Linear Regression,Test,ESM2,catpred_ki_ESM2_embedding_random,1.473686048,1.124395662,2.171750569,0.444078823,0.677257311,0.893566106,0.444349272
58,inhouse,Kd,cold_drug,Linear Regression,Test,ESM2,inhouse_Kd_ESM2_embedding_cold_drug,1.47673888,1.11112748,2.180757721,0.01678689,0.398283696,0.861530099,0.016910923
6,EITLEM,kkm,cold_drug,Random Forest,Test,ProteinCLIP,EITLEM_kkm_ProteinCLIP_embedding_cold_drug,1.477066967,1.149610956,2.181726824,0.233086757,0.493765239,0.956653998,0.23414163
61,EITLEM,kcat,cold_drug,Linear Regression,Validation,MUTAPLM,EITLEM_kcat_MUTAPLM_embedding_cold_drug,1.477246814,1.071714734,2.182258148,0.162796984,0.499881543,0.771806518,0.164178142
12,catpred,ki,cold_protein,SVR,Validation,ProteinCLIP,catpred_ki_ProteinCLIP_embedding_cold_protein,1.477743436,1.173739669,2.183725662,0.376296131,0.61679218,0.994753807,0.379818222
64,catpred,kcat,random,Linear Regression,Validation,MUTAPLM,catpred_kcat_MUTAPLM_embedding_random,1.477755054,1.066410771,2.183759999,0.186404265,0.550295161,0.773934311,0.186634075
51,catpred,ki,random,GBM,Validation,ProteinCLIP,catpred_ki_ProteinCLIP_embedding_random,1.478331554,1.162765136,2.185464184,0.458840812,0.682281271,0.974577749,0.458881435
26,catpred,kcat,cold_protein,SVR,Test,MUTAPLM,catpred_kcat_MUTAPLM_embedding_cold_protein,1.478376503,1.107520297,2.185597086,0.152691216,0.391635512,0.831357885,0.152703485
13,catpred,ki,cold_protein,PSICHIC,Validation,ESMv1,catpred_ki_ESMv1_embedding_cold_protein,1.4789,1.1345,2.1871,,0.6391,,
27,catpred,kcat,cold_protein,GBM,Test,MUTAPLM,catpred_kcat_MUTAPLM_embedding_cold_protein,1.480233584,1.137228401,2.191091463,0.150561165,0.396215822,0.907904234,0.152594673
63,inhouse,Kd,random,Linear Regression,Validation,MUTAPLM,inhouse_Kd_MUTAPLM_embedding_random,1.481372794,0.947697442,2.194465356,0.068065318,0.555627581,0.623920508,0.068066096
52,catpred,ki,random,Linear Regression,Validation,ESM2,catpred_ki_ESM2_embedding_random,1.481700013,1.139826879,2.19543493,0.456371881,0.686541603,0.903548319,0.456563064
14,catpred,ki,cold_protein,GBM,Validation,MUTAPLM,catpred_ki_MUTAPLM_embedding_cold_protein,1.481911694,1.183686763,2.196062269,0.372772616,0.610895845,0.976520531,0.373006306
43,EITLEM,kkm,random,GBM,Validation,ESM2,EITLEM_kkm_ESM2_embedding_random,1.481983167,1.163319941,2.196274107,0.326334726,0.61301528,0.96505746,0.327072083
52,catpred,kcat,cold_drug,SVR,Test,ESMv1,catpred_kcat_ESMv1_embedding_cold_drug,1.482017767,1.109606886,2.196376661,0.206881773,0.46699037,0.842794791,0.207410847
42,catpred,ki,cold_drug,GBM,Test,ProteinCLIP,catpred_ki_ProteinCLIP_embedding_cold_drug,1.48206826,1.18198378,2.196526328,0.434320012,0.666874619,1.021595025,0.435360643
43,catpred,ki,cold_drug,XGBoost,Validation,ESM2,catpred_ki_ESM2_embedding_cold_drug,1.482110789,1.121603418,2.196652391,0.463809315,0.6851346,0.853714383,0.464011379
44,catpred,ki,cold_drug,GBM,Validation,ESM2,catpred_ki_ESM2_embedding_cold_drug,1.482118346,1.178086779,2.196674791,0.463803847,0.684525256,1.01086356,0.464606709
28,catpred,kcat,cold_protein,MLP,Test,ProteinCLIP,catpred_kcat_ProteinCLIP_embedding_cold_protein,1.482271108,1.105664265,2.197127636,0.148221071,0.501397497,0.826052352,0.148586735
20,EITLEM,kkm,cold_protein,Diffusion,Test,MUTAPLM,EITLEM_kkm_MUTAPLM_embedding_cold_protein,1.482524164,1.077808456,2.197877896,0.269666808,0.575666411,0.771848559,0.271562731
15,catpred,ki,cold_protein,SVR,Validation,ESM2,catpred_ki_ESM2_embedding_cold_protein,1.48407394,1.179277321,2.20247546,0.370940915,0.611226016,1.023333157,0.372424275
21,EITLEM,kkm,cold_protein,XGBoost,Validation,ProteinCLIP,EITLEM_kkm_ProteinCLIP_embedding_cold_protein,1.484549237,1.103463721,2.203886439,0.266483762,0.538494178,0.833684454,0.266781668
7,EITLEM,kkm,cold_drug,SVR,Test,MUTAPLM,EITLEM_kkm_MUTAPLM_embedding_cold_drug,1.4862686,1.136182692,2.208994351,0.223501768,0.477484276,0.914266179,0.226292884
22,EITLEM,kkm,cold_protein,Diffusion,Test,ProteinCLIP,EITLEM_kkm_ProteinCLIP_embedding_cold_protein,1.486424791,1.118783796,2.209458658,0.265818634,0.547333319,0.844419844,0.265832839
58,MPEK,kcat,cold_drug,Linear Regression,Validation,ESMv1,MPEK_kcat_ESMv1_embedding_cold_drug,1.486837659,1.088661056,2.210686224,-0.033290505,0.432027339,0.804252225,-0.032048778
8,EITLEM,kkm,cold_drug,Diffusion,Test,MUTAPLM,EITLEM_kkm_MUTAPLM_embedding_cold_drug,1.487652694,1.122762902,2.213110538,0.222054863,0.520250713,0.87279582,0.222319875
23,EITLEM,kkm,cold_protein,MLP,Test,ESM2,EITLEM_kkm_ESM2_embedding_cold_protein,1.48893855,1.080245647,2.216938004,0.263333319,0.572000308,0.794422199,0.263338265
53,catpred,kcat,cold_drug,Linear Regression,Test,ESM2,catpred_kcat_ESM2_embedding_cold_drug,1.489190742,1.133027981,2.217689067,0.1991858,0.494203248,0.888019597,0.203625184
45,catpred,ki,cold_drug,GBM,Validation,ProteinCLIP,catpred_ki_ProteinCLIP_embedding_cold_drug,1.489681302,1.189414471,2.219150381,0.45831768,0.682466529,1.011704345,0.458649241
29,catpred,kcat,cold_protein,Diffusion,Validation,ProteinCLIP,catpred_kcat_ProteinCLIP_embedding_cold_protein,1.490060518,1.105988367,2.220280348,0.177623614,0.463247783,0.827208042,0.18033156
30,catpred,kcat,cold_protein,GBM,Validation,ProteinCLIP,catpred_kcat_ProteinCLIP_embedding_cold_protein,1.490171479,1.119429499,2.220611036,0.177501129,0.428881657,0.852896728,0.180781003
24,EITLEM,kkm,cold_protein,Diffusion,Validation,ESMv1,EITLEM_kkm_ESMv1_embedding_cold_protein,1.490277029,1.111984053,2.220925624,0.260812637,0.541635377,0.853877544,0.260871389
16,catpred,ki,cold_protein,PSICHIC,Validation,ESM2,catpred_ki_ESM2_embedding_cold_protein,1.4911,1.1759,2.2233,,0.6289,,
17,catpred,ki,cold_protein,MLP,Validation,ESM2,catpred_ki_ESM2_embedding_cold_protein,1.491103606,1.184633685,2.223389962,0.364967429,0.63284718,0.973941879,0.365044462
53,catpred,ki,random,SVR,Test,ESM2,catpred_ki_ESM2_embedding_random,1.491247643,1.133941123,2.223819534,0.430750294,0.657077096,0.879597137,0.431372886
31,catpred,kcat,cold_protein,XGBoost,Validation,ProteinCLIP,catpred_kcat_ProteinCLIP_embedding_cold_protein,1.491591084,1.104427113,2.224843962,0.175933282,0.448432467,0.81049024,0.177426374
25,EITLEM,kkm,cold_protein,XGBoost,Validation,ESMv1,EITLEM_kkm_ESMv1_embedding_cold_protein,1.491651947,1.118879826,2.225025532,0.259448069,0.533675737,0.819461818,0.259739374
32,catpred,kcat,cold_protein,MLP,Test,ESMv1,catpred_kcat_ESMv1_embedding_cold_protein,1.491816523,1.123959694,2.225516539,0.137215306,0.486019049,0.858327509,0.137965143
54,catpred,kcat,cold_drug,SVR,Validation,ESM2,catpred_kcat_ESM2_embedding_cold_drug,1.491993178,1.125300742,2.226043643,0.188564982,0.440062867,0.861691814,0.190457227
33,catpred,kcat,cold_protein,Diffusion,Validation,ESMv1,catpred_kcat_ESMv1_embedding_cold_protein,1.492580421,1.105741601,2.227796313,0.174839753,0.455747393,0.803545296,0.180204293
59,inhouse,Kd,cold_drug,Linear Regression,Test,ESMv1,inhouse_Kd_ESMv1_embedding_cold_drug,1.492800661,1.114671685,2.228453812,-0.004717298,0.431016077,0.84547077,-0.004696887
55,catpred,kcat,cold_drug,SVR,Test,ESM2,catpred_kcat_ESM2_embedding_cold_drug,1.492802911,1.118992797,2.22846053,0.195296192,0.448168651,0.850174418,0.196517447
34,catpred,kcat,cold_protein,PSICHIC,Test,MUTAPLM,catpred_kcat_MUTAPLM_embedding_cold_protein,1.4934,1.1398,2.2303,,0.3843,,
54,catpred,ki,random,Linear Regression,Test,ESMv1,catpred_ki_ESMv1_embedding_random,1.493966012,1.142512509,2.231934444,0.428673053,0.675235446,0.919272643,0.428770617
46,catpred,ki,cold_drug,XGBoost,Validation,ProteinCLIP,catpred_ki_ProteinCLIP_embedding_cold_drug,1.494046239,1.157637327,2.232174163,0.455138647,0.677892743,0.89400442,0.455143642
55,catpred,ki,random,Linear Regression,Validation,ESMv1,catpred_ki_ESMv1_embedding_random,1.494174092,1.133132147,2.232556217,0.44718,0.6879138,0.86591102,0.447244506
47,catpred,ki,cold_drug,Diffusion,Validation,ProteinCLIP,catpred_ki_ProteinCLIP_embedding_cold_drug,1.49540611,1.131967391,2.236239435,0.454146337,0.681410632,0.84628126,0.459346691
44,EITLEM,kkm,random,GBM,Validation,ESMv1,EITLEM_kkm_ESMv1_embedding_random,1.495813315,1.171436461,2.237457474,0.313702512,0.596144681,0.987777508,0.313969441
56,catpred,ki,random,SVR,Test,ProteinCLIP,catpred_ki_ProteinCLIP_embedding_random,1.497455268,1.140203172,2.24237228,0.426001193,0.653309706,0.895056319,0.42666362
18,catpred,ki,cold_protein,Diffusion,Validation,MUTAPLM,catpred_ki_MUTAPLM_embedding_cold_protein,1.497575279,1.175712145,2.242731716,0.359443145,0.614558856,0.970683575,0.362284172
48,catpred,ki,cold_drug,SVR,Test,ESM2,catpred_ki_ESM2_embedding_cold_drug,1.497916202,1.180162575,2.243752949,0.422157556,0.652050849,0.976097766,0.422614445
35,catpred,kcat,cold_protein,Diffusion,Validation,ESM2,catpred_kcat_ESM2_embedding_cold_protein,1.498193064,1.112444941,2.244582458,0.168622282,0.45071617,0.875174254,0.173829395
59,MPEK,kcat,cold_drug,Linear Regression,Test,ESM2,MPEK_kcat_ESM2_embedding_cold_drug,1.498594644,1.157136362,2.245785908,-0.033458051,0.41782772,0.917964606,-0.033456531
9,EITLEM,kkm,cold_drug,XGBoost,Test,ESM2,EITLEM_kkm_ESM2_embedding_cold_drug,1.49863521,1.14335196,2.245907493,0.210526185,0.486617265,0.914089217,0.21093848
56,catpred,kcat,cold_drug,SVR,Validation,ESMv1,catpred_kcat_ESMv1_embedding_cold_drug,1.498678406,1.13388272,2.246036965,0.181277037,0.435349182,0.87054509,0.182882024
10,EITLEM,kkm,cold_drug,SVR,Validation,MUTAPLM,EITLEM_kkm_MUTAPLM_embedding_cold_drug,1.500653628,1.145346806,2.251961311,0.316728621,0.568564593,0.943142303,0.3192981
19,catpred,ki,cold_protein,XGBoost,Validation,ESM2,catpred_ki_ESM2_embedding_cold_protein,1.500824118,1.192988495,2.252473034,0.35666088,0.61855207,1.018686894,0.360504373
26,EITLEM,kkm,cold_protein,XGBoost,Test,MUTAPLM,EITLEM_kkm_MUTAPLM_embedding_cold_protein,1.501461405,1.128235425,2.25438635,0.250889602,0.528388621,0.865645217,0.251919229
20,catpred,ki,cold_protein,Random Forest,Test,ProteinCLIP,catpred_ki_ProteinCLIP_embedding_cold_protein,1.501625021,1.185267459,2.254877704,0.355229222,0.606133118,0.984623206,0.363994712
11,EITLEM,kkm,cold_drug,XGBoost,Test,ESMv1,EITLEM_kkm_ESMv1_embedding_cold_drug,1.501997106,1.155945876,2.255995305,0.206980152,0.482734441,0.940862599,0.207791578
21,catpred,ki,cold_protein,MLP,Validation,ProteinCLIP,catpred_ki_ProteinCLIP_embedding_cold_protein,1.50407778,1.179654661,2.262249969,0.353868445,0.630718176,0.976322394,0.355669674
57,catpred,kcat,cold_drug,Linear Regression,Validation,ESMv1,catpred_kcat_ESMv1_embedding_cold_drug,1.504383815,1.141216261,2.263170664,0.17503148,0.483372291,0.890943219,0.17599464
12,EITLEM,kkm,cold_drug,XGBoost,Validation,MUTAPLM,EITLEM_kkm_MUTAPLM_embedding_cold_drug,1.504660624,1.149736706,2.264003592,0.313074852,0.56725227,0.92709077,0.31307678
22,catpred,ki,cold_protein,PSICHIC,Validation,MUTAPLM,catpred_ki_MUTAPLM_embedding_cold_protein,1.5055,1.1919,2.2664,,0.6233,,
62,EITLEM,kcat,cold_drug,SVR,Validation,ProteinCLIP,EITLEM_kcat_ProteinCLIP_embedding_cold_drug,1.506264304,1.13436563,2.268832153,0.129583673,0.36092526,0.879358813,0.130126188
57,catpred,ki,random,SVR,Test,ESMv1,catpred_ki_ESMv1_embedding_random,1.507172276,1.1615657,2.271568269,0.418527651,0.64915008,0.91974785,0.419428372
13,EITLEM,kkm,cold_drug,XGBoost,Test,MUTAPLM,EITLEM_kkm_MUTAPLM_embedding_cold_drug,1.50728597,1.160809938,2.271910995,0.201385522,0.484049099,0.922488561,0.202048785
36,catpred,kcat,cold_protein,GBM,Validation,ESMv1,catpred_kcat_ESMv1_embedding_cold_protein,1.508369477,1.142761801,2.27517848,0.157289727,0.404745829,0.882795867,0.15950948
23,catpred,ki,cold_protein,Random Forest,Test,ESMv1,catpred_ki_ESMv1_embedding_cold_protein,1.508601539,1.198093827,2.275878604,0.349224121,0.597464009,1.015628828,0.356785157
37,catpred,kcat,cold_protein,Random Forest,Validation,MUTAPLM,catpred_kcat_MUTAPLM_embedding_cold_protein,1.509586556,1.137590905,2.27885157,0.15592924,0.413413447,0.866843093,0.157345269
38,catpred,kcat,cold_protein,SVR,Validation,ProteinCLIP,catpred_kcat_ProteinCLIP_embedding_cold_protein,1.509711647,1.142409284,2.279229258,0.155789347,0.400206039,0.88299252,0.15861952
24,catpred,ki,cold_protein,SVR,Validation,ESMv1,catpred_ki_ESMv1_embedding_cold_protein,1.510043062,1.203732292,2.280230049,0.348733072,0.592662933,1.031896856,0.35044146
49,catpred,ki,cold_drug,SVR,Test,ProteinCLIP,catpred_ki_ProteinCLIP_embedding_cold_drug,1.510660207,1.191744908,2.282094262,0.412283368,0.643821328,0.986331922,0.412683018
50,catpred,ki,cold_drug,SVR,Test,ESMv1,catpred_ki_ESMv1_embedding_cold_drug,1.510884251,1.188401504,2.282771219,0.412109029,0.647029206,0.995293439,0.413094025
45,EITLEM,kkm,random,GBM,Validation,MUTAPLM,EITLEM_kkm_MUTAPLM_embedding_random,1.513181899,1.190016252,2.28971946,0.297672142,0.594227868,1.022863619,0.29807648
27,EITLEM,kkm,cold_protein,SVR,Test,MUTAPLM,EITLEM_kkm_MUTAPLM_embedding_cold_protein,1.516091583,1.132325294,2.298533689,0.236219875,0.49415461,0.855487139,0.243838852
39,catpred,kcat,cold_protein,XGBoost,Validation,ESMv1,catpred_kcat_ESMv1_embedding_cold_protein,1.517552313,1.151514789,2.302965024,0.146997785,0.424089337,0.888137888,0.149300293
40,catpred,kcat,cold_protein,SVR,Validation,ESM2,catpred_kcat_ESM2_embedding_cold_protein,1.517623205,1.147704345,2.303180193,0.146918087,0.387686657,0.882988142,0.150257256
14,EITLEM,kkm,cold_drug,PSICHIC,Validation,ProteinCLIP,EITLEM_kkm_ProteinCLIP_embedding_cold_drug,1.5189,1.1462,2.3071,,0.5752,,
28,EITLEM,kkm,cold_protein,MLP,Validation,ESMv1,EITLEM_kkm_ESMv1_embedding_cold_protein,1.519717006,1.12437072,2.309539779,0.231319318,0.544627824,0.824487414,0.231666284
51,catpred,ki,cold_drug,MLP,Test,ProteinCLIP,catpred_ki_ProteinCLIP_embedding_cold_drug,1.520397066,1.151840209,2.311607237,0.404682777,0.651493341,0.909362862,0.405363032
58,catpred,kcat,cold_drug,SVR,Test,ProteinCLIP,catpred_kcat_ProteinCLIP_embedding_cold_drug,1.52081219,1.14594946,2.312869716,0.16481578,0.411656244,0.885989565,0.166508379
25,catpred,ki,cold_protein,PSICHIC,Validation,ProteinCLIP,catpred_ki_ProteinCLIP_embedding_cold_protein,1.5211,1.1986,2.3136,,0.6207,,
41,catpred,kcat,cold_protein,GBM,Validation,ESM2,catpred_kcat_ESM2_embedding_cold_protein,1.521199503,1.150729492,2.314047927,0.142892754,0.384458841,0.885241038,0.146566435
59,catpred,kcat,cold_drug,SVR,Validation,ProteinCLIP,catpred_kcat_ProteinCLIP_embedding_cold_drug,1.521294264,1.153986122,2.314336239,0.15638066,0.399235168,0.877110056,0.157172076
60,catpred,kcat,cold_drug,Linear Regression,Test,ESMv1,catpred_kcat_ESMv1_embedding_cold_drug,1.522148702,1.138780171,2.31693667,0.163347191,0.487048501,0.870616637,0.16642888
46,EITLEM,kkm,random,GBM,Validation,ProteinCLIP,EITLEM_kkm_ProteinCLIP_embedding_random,1.522513132,1.200068648,2.318046236,0.288983443,0.57569046,1.019664916,0.289626885
42,catpred,kcat,cold_protein,SVR,Validation,ESMv1,catpred_kcat_ESMv1_embedding_cold_protein,1.523528655,1.151571982,2.321139563,0.140266062,0.381828354,0.880350543,0.144207377
15,EITLEM,kkm,cold_drug,PSICHIC,Test,ProteinCLIP,EITLEM_kkm_ProteinCLIP_embedding_cold_drug,1.5242,1.1538,2.3232,,0.4924,,
29,EITLEM,kkm,cold_protein,MLP,Test,ESMv1,EITLEM_kkm_ESMv1_embedding_cold_protein,1.524364661,1.10389855,2.323687621,0.227861471,0.557060336,0.792046594,0.229285556
52,catpred,ki,cold_drug,MLP,Validation,ESM2,catpred_ki_ESM2_embedding_cold_drug,1.525989205,1.13844213,2.328643055,0.431591125,0.685537417,0.866745047,0.441516342
16,EITLEM,kkm,cold_drug,PSICHIC,Test,ESM2,EITLEM_kkm_ESM2_embedding_cold_drug,1.5266,1.1679,2.3305,,0.4699,,
26,catpred,ki,cold_protein,Random Forest,Test,ESM2,catpred_ki_ESM2_embedding_cold_protein,1.526944601,1.199052351,2.331559815,0.333302363,0.582809356,1.002920136,0.338993002
17,EITLEM,kkm,cold_drug,PSICHIC,Validation,ESM2,EITLEM_kkm_ESM2_embedding_cold_drug,1.5292,1.1238,2.3386,,0.5806,,
63,EITLEM,kcat,cold_drug,MLP,Validation,ProteinCLIP,EITLEM_kcat_ProteinCLIP_embedding_cold_drug,1.532701575,1.141195151,2.349174117,0.098761227,0.426222672,0.869465984,0.10691443
30,EITLEM,kkm,cold_protein,MLP,Test,ProteinCLIP,EITLEM_kkm_ProteinCLIP_embedding_cold_protein,1.534897742,1.127487287,2.355911077,0.217153934,0.534506951,0.843848163,0.217245341
58,catpred,ki,random,SVR,Validation,ESM2,catpred_ki_ESM2_embedding_random,1.535382701,1.186504075,2.357400038,0.416266485,0.648327569,0.939082518,0.419508527
18,EITLEM,kkm,cold_drug,GBM,Test,ESM2,EITLEM_kkm_ESM2_embedding_cold_drug,1.536295874,1.210581291,2.360205014,0.170348707,0.418914341,1.016800409,0.170350837
43,catpred,kcat,cold_protein,GBM,Validation,MUTAPLM,catpred_kcat_MUTAPLM_embedding_cold_protein,1.53941271,1.157770192,2.369791491,0.122245726,0.355123543,0.870603813,0.123945767
44,catpred,kcat,cold_protein,MLP,Test,ESM2,catpred_kcat_ESM2_embedding_cold_protein,1.539989739,1.154578179,2.371568397,0.080594156,0.472274309,0.857945648,0.08158131
31,EITLEM,kkm,cold_protein,XGBoost,Validation,MUTAPLM,EITLEM_kkm_MUTAPLM_embedding_cold_protein,1.540743238,1.153982739,2.373889726,0.209901822,0.488402783,0.870965122,0.210009072
27,catpred,ki,cold_protein,MLP,Validation,ESMv1,catpred_ki_ESMv1_embedding_cold_protein,1.541074218,1.184018497,2.374909746,0.321691171,0.616281346,0.930988484,0.324620338
19,EITLEM,kkm,cold_drug,Diffusion,Test,ESMv1,EITLEM_kkm_ESMv1_embedding_cold_drug,1.54138581,1.179946624,2.375870216,0.164842131,0.456979453,0.937770128,0.166163779
64,inhouse,Kd,random,Linear Regression,Test,MUTAPLM,inhouse_Kd_MUTAPLM_embedding_random,1.541858988,0.95968246,2.377329138,-0.07950904,0.535209208,0.616921109,-0.079488662
20,EITLEM,kkm,cold_drug,GBM,Test,MUTAPLM,EITLEM_kkm_MUTAPLM_embedding_cold_drug,1.542420097,1.219024203,2.379059754,0.163720952,0.410949727,1.035719296,0.16376605
21,EITLEM,kkm,cold_drug,PSICHIC,Validation,MUTAPLM,EITLEM_kkm_MUTAPLM_embedding_cold_drug,1.5428,1.147,2.3802,,0.5999,,
47,EITLEM,kkm,random,GBM,Test,ESMv1,EITLEM_kkm_ESMv1_embedding_random,1.544127803,1.192763161,2.384330671,0.30712791,0.596795243,0.950993601,0.308608429
22,EITLEM,kkm,cold_drug,Diffusion,Test,ESM2,EITLEM_kkm_ESM2_embedding_cold_drug,1.544598619,1.196752903,2.385784895,0.161356957,0.436862579,0.974906921,0.164262363
32,EITLEM,kkm,cold_protein,GBM,Test,ESMv1,EITLEM_kkm_ESMv1_embedding_cold_protein,1.545328175,1.192171395,2.388039167,0.206478086,0.462136604,0.983653426,0.207412164
45,catpred,kcat,cold_protein,XGBoost,Validation,ESM2,catpred_kcat_ESM2_embedding_cold_protein,1.546541297,1.17671833,2.391789982,0.114097638,0.391136648,0.922803049,0.114631202
59,catpred,ki,random,SVR,Validation,ProteinCLIP,catpred_ki_ProteinCLIP_embedding_random,1.546587005,1.194121933,2.391931364,0.407715924,0.64111964,0.936161325,0.410661105
33,EITLEM,kkm,cold_protein,GBM,Test,MUTAPLM,EITLEM_kkm_MUTAPLM_embedding_cold_protein,1.547787338,1.204921885,2.395645644,0.203950528,0.463616218,1.00509349,0.204628921
61,catpred,kcat,cold_drug,Linear Regression,Validation,ProteinCLIP,catpred_kcat_ProteinCLIP_embedding_cold_drug,1.54873383,1.196681656,2.398576477,0.1256735,0.388919058,0.974932778,0.126769019
28,catpred,ki,cold_protein,SVR,Test,ProteinCLIP,catpred_ki_ProteinCLIP_embedding_cold_protein,1.551242707,1.227455375,2.406353937,0.311915365,0.567344319,1.032200297,0.313454062
23,EITLEM,kkm,cold_drug,PSICHIC,Test,ESMv1,EITLEM_kkm_ESMv1_embedding_cold_drug,1.554,1.1985,2.415,,0.451,,
46,catpred,kcat,cold_protein,XGBoost,Test,MUTAPLM,catpred_kcat_MUTAPLM_embedding_cold_protein,1.554160619,1.189038375,2.415415231,0.063595685,0.331999686,0.928495749,0.063870573
48,EITLEM,kkm,random,GBM,Test,ESM2,EITLEM_kkm_ESM2_embedding_random,1.554204015,1.209515353,2.415550121,0.298055727,0.584081265,0.963036666,0.299310755
49,EITLEM,kkm,random,Linear Regression,Validation,ESM2,EITLEM_kkm_ESM2_embedding_random,1.554763894,1.167024805,2.417290765,0.258542073,0.538872441,0.923817072,0.259306699
62,catpred,kcat,cold_drug,Linear Regression,Test,ProteinCLIP,catpred_kcat_ProteinCLIP_embedding_cold_drug,1.555120177,1.197598741,2.418398764,0.126708924,0.401693452,0.969142286,0.13055717
29,catpred,ki,cold_protein,SVR,Test,ESMv1,catpred_ki_ESMv1_embedding_cold_protein,1.556627013,1.22035443,2.423087659,0.307130443,0.558802681,1.016331389,0.308396708
30,catpred,ki,cold_protein,SVR,Test,ESM2,catpred_ki_ESM2_embedding_cold_protein,1.556764539,1.232828623,2.423515829,0.30700801,0.56375911,1.036005545,0.309149429
60,catpred,ki,random,Linear Regression,Validation,ProteinCLIP,catpred_ki_ProteinCLIP_embedding_random,1.55732249,1.206825324,2.425253337,0.39946482,0.639327357,0.956246341,0.399653447
50,EITLEM,kkm,random,GBM,Test,MUTAPLM,EITLEM_kkm_MUTAPLM_embedding_random,1.558290708,1.209621613,2.42826993,0.294359427,0.59735348,0.9841671,0.295631776
61,catpred,ki,random,Linear Regression,Test,ProteinCLIP,catpred_ki_ProteinCLIP_embedding_random,1.558666201,1.218563649,2.429440326,0.378115819,0.621842502,1.008122248,0.378535659
24,EITLEM,kkm,cold_drug,XGBoost,Validation,ESMv1,EITLEM_kkm_ESMv1_embedding_cold_drug,1.55944912,1.18950413,2.431881557,0.262138715,0.521196641,0.917545892,0.262409757
60,MPEK,kcat,cold_drug,Linear Regression,Validation,ProteinCLIP,MPEK_kcat_ProteinCLIP_embedding_cold_drug,1.559948371,1.2006597,2.43343892,-0.137406703,0.234485626,0.938931987,-0.129591564
31,catpred,ki,cold_protein,XGBoost,Validation,MUTAPLM,catpred_ki_MUTAPLM_embedding_cold_protein,1.560677931,1.26500722,2.435715604,0.304324131,0.563890685,1.11637369,0.304440653
32,catpred,ki,cold_protein,XGBoost,Validation,ESMv1,catpred_ki_ESMv1_embedding_cold_protein,1.56073105,1.237679257,2.435881411,0.304276775,0.576460352,1.021241075,0.311139014
47,catpred,kcat,cold_protein,MLP,Validation,ESMv1,catpred_kcat_ESMv1_embedding_cold_protein,1.560824831,1.177955555,2.436174152,0.097658051,0.42737458,0.901516879,0.098200365
25,EITLEM,kkm,cold_drug,XGBoost,Test,ProteinCLIP,EITLEM_kkm_ProteinCLIP_embedding_cold_drug,1.561438305,1.202300455,2.438089579,0.142970987,0.421637806,0.9742448,0.143382862
33,catpred,ki,cold_protein,GBM,Test,ESMv1,catpred_ki_ESMv1_embedding_cold_protein,1.562590264,1.247949443,2.441688334,0.301811675,0.562872913,1.053848318,0.313472687
34,EITLEM,kkm,cold_protein,Diffusion,Validation,ProteinCLIP,EITLEM_kkm_ProteinCLIP_embedding_cold_protein,1.562696628,1.168050736,2.44202075,0.187225876,0.478607967,0.857713699,0.18998518
64,EITLEM,kcat,cold_drug,Linear Regression,Validation,ProteinCLIP,EITLEM_kcat_ProteinCLIP_embedding_cold_drug,1.563663054,1.211182051,2.445042145,0.061982351,0.339901584,0.977238797,0.068347565
48,catpred,kcat,cold_protein,MLP,Test,MUTAPLM,catpred_kcat_MUTAPLM_embedding_cold_protein,1.565995106,1.188999181,2.452340671,0.049280489,0.384238142,0.920398727,0.050713289
49,catpred,kcat,cold_protein,PSICHIC,Validation,ProteinCLIP,catpred_kcat_ProteinCLIP_embedding_cold_protein,1.566,1.159,2.4523,,0.445,,
35,EITLEM,kkm,cold_protein,GBM,Test,ProteinCLIP,EITLEM_kkm_ProteinCLIP_embedding_cold_protein,1.566103792,1.222823577,2.452681086,0.184998213,0.436540677,1.009075295,0.185884089
36,EITLEM,kkm,cold_protein,GBM,Validation,ProteinCLIP,EITLEM_kkm_ProteinCLIP_embedding_cold_protein,1.566324818,1.227624932,2.453373435,0.183447377,0.438872011,1.018970389,0.184334009
37,EITLEM,kkm,cold_protein,GBM,Test,ESM2,EITLEM_kkm_ESM2_embedding_cold_protein,1.566488816,1.224930553,2.453887212,0.184597429,0.433100851,1.021708068,0.185463724
53,catpred,ki,cold_drug,SVR,Validation,ESMv1,catpred_ki_ESMv1_embedding_cold_drug,1.566968542,1.22200654,2.455390412,0.400652797,0.641772932,1.015921801,0.409380324
63,catpred,kcat,cold_drug,Linear Regression,Validation,MUTAPLM,catpred_kcat_MUTAPLM_embedding_cold_drug,1.567034798,1.117405705,2.455598059,0.104888054,0.523004262,0.778828781,0.10578968
38,EITLEM,kkm,cold_protein,GBM,Validation,ESM2,EITLEM_kkm_ESM2_embedding_cold_protein,1.567141455,1.230057715,2.45593234,0.1825957,0.433416782,1.020022051,0.18346127
34,catpred,ki,cold_protein,Random Forest,Test,MUTAPLM,catpred_ki_MUTAPLM_embedding_cold_protein,1.567618859,1.241130128,2.457428888,0.297310744,0.549021745,1.043107086,0.301362442
50,catpred,kcat,cold_protein,XGBoost,Validation,MUTAPLM,catpred_kcat_MUTAPLM_embedding_cold_protein,1.567853295,1.19550088,2.458163955,0.089513181,0.354050913,0.951579573,0.089762597
51,EITLEM,kkm,random,Linear Regression,Validation,ESMv1,EITLEM_kkm_ESMv1_embedding_random,1.568548912,1.143601672,2.460345688,0.245335795,0.549821563,0.875412406,0.245336668
39,EITLEM,kkm,cold_protein,Diffusion,Validation,MUTAPLM,EITLEM_kkm_MUTAPLM_embedding_cold_protein,1.568848535,1.151540178,2.461285725,0.180813944,0.509031464,0.852780819,0.18113746
26,EITLEM,kkm,cold_drug,Random Forest,Validation,ESMv1,EITLEM_kkm_ESMv1_embedding_cold_drug,1.569861877,1.204203033,2.464466312,0.25225212,0.507935245,0.98015473,0.252324871
54,catpred,ki,cold_drug,SVR,Validation,ESM2,catpred_ki_ESM2_embedding_cold_drug,1.570668629,1.22765523,2.466999941,0.397818975,0.636371368,1.020295974,0.404918714
40,EITLEM,kkm,cold_protein,PSICHIC,Validation,ESM2,EITLEM_kkm_ESM2_embedding_cold_protein,1.572,1.1316,2.4712,,0.5158,,
51,catpred,kcat,cold_protein,PSICHIC,Validation,ESM2,catpred_kcat_ESM2_embedding_cold_protein,1.5721,1.1704,2.4714,,0.419,,
52,catpred,kcat,cold_protein,PSICHIC,Validation,ESMv1,catpred_kcat_ESMv1_embedding_cold_protein,1.5722,1.1313,2.472,,0.4355,,
35,catpred,ki,cold_protein,SVR,Validation,MUTAPLM,catpred_ki_MUTAPLM_embedding_cold_protein,1.573046824,1.2298901,2.474476309,0.293253509,0.552762148,1.013831877,0.30417224
27,EITLEM,kkm,cold_drug,GBM,Test,ESMv1,EITLEM_kkm_ESMv1_embedding_cold_drug,1.573723925,1.242644675,2.476606992,0.129431477,0.361349223,1.038287768,0.129474162
36,catpred,ki,cold_protein,Diffusion,Test,ESMv1,catpred_ki_ESMv1_embedding_cold_protein,1.574092381,1.222250733,2.477766824,0.291495216,0.584968441,1.006142259,0.296562127
28,EITLEM,kkm,cold_drug,Random Forest,Validation,ESM2,EITLEM_kkm_ESM2_embedding_cold_drug,1.574545818,1.194138554,2.479194534,0.247783405,0.50454951,0.933466628,0.247822194
61,MPEK,kcat,cold_drug,Linear Regression,Test,ProteinCLIP,MPEK_kcat_ProteinCLIP_embedding_cold_drug,1.575140339,1.215806605,2.481067088,-0.141728937,0.306905273,0.982918301,-0.139974587
53,catpred,kcat,cold_protein,Linear Regression,Validation,ProteinCLIP,catpred_kcat_ProteinCLIP_embedding_cold_protein,1.576155426,1.218107569,2.484265927,0.079845192,0.364720403,0.975230067,0.085663533
41,EITLEM,kkm,cold_protein,GBM,Validation,ESMv1,EITLEM_kkm_ESMv1_embedding_cold_protein,1.576659046,1.231269998,2.485853747,0.172637003,0.423963817,1.017657048,0.175070462
62,catpred,ki,random,SVR,Validation,ESMv1,catpred_ki_ESMv1_embedding_random,1.577736471,1.222113456,2.489252373,0.383617539,0.623190579,0.991551788,0.387370885
42,EITLEM,kkm,cold_protein,SVR,Validation,MUTAPLM,EITLEM_kkm_MUTAPLM_embedding_cold_protein,1.578859931,1.189653056,2.492798682,0.170325531,0.420441862,0.950658283,0.171331515
43,EITLEM,kkm,cold_protein,PSICHIC,Validation,ESMv1,EITLEM_kkm_ESMv1_embedding_cold_protein,1.5793,1.1489,2.4943,,0.5134,,
55,catpred,ki,cold_drug,Linear Regression,Test,ESM2,catpred_ki_ESM2_embedding_cold_drug,1.580380818,1.211931445,2.49760353,0.356782426,0.636159144,0.988366755,0.356784243
60,inhouse,Kd,cold_drug,Linear Regression,Validation,ESM2,inhouse_Kd_ESM2_embedding_cold_drug,1.581135396,1.186781395,2.499989141,-0.083388596,0.394728407,0.908789636,-0.082425176
54,catpred,kcat,cold_protein,MLP,Validation,ESM2,catpred_kcat_ESM2_embedding_cold_protein,1.581183562,1.194489542,2.500141458,0.073965006,0.441822596,0.937562649,0.073967924
44,EITLEM,kkm,cold_protein,MLP,Validation,ESM2,EITLEM_kkm_ESM2_embedding_cold_protein,1.581313134,1.15916829,2.500551227,0.167745263,0.513179578,0.856844097,0.169290273
29,EITLEM,kkm,cold_drug,Random Forest,Validation,MUTAPLM,EITLEM_kkm_MUTAPLM_embedding_cold_drug,1.582374013,1.207812623,2.503907518,0.240285197,0.497452365,0.957515553,0.240285229
56,catpred,ki,cold_drug,SVR,Validation,ProteinCLIP,catpred_ki_ProteinCLIP_embedding_cold_drug,1.584438253,1.239518135,2.510444577,0.38721438,0.626518545,1.031497278,0.392518989
37,catpred,ki,cold_protein,PSICHIC,Test,ProteinCLIP,catpred_ki_ProteinCLIP_embedding_cold_protein,1.5863,1.2409,2.5164,,0.5848,,
61,inhouse,Kd,cold_drug,Linear Regression,Test,ProteinCLIP,inhouse_Kd_ProteinCLIP_embedding_cold_drug,1.586425867,1.22505581,2.516747033,-0.134696741,0.272907892,0.986341058,-0.13228571
45,EITLEM,kkm,cold_protein,MLP,Validation,ProteinCLIP,EITLEM_kkm_ProteinCLIP_embedding_cold_protein,1.589134223,1.156484087,2.52534758,0.15949233,0.485880625,0.851910204,0.159622126
46,EITLEM,kkm,cold_protein,GBM,Validation,MUTAPLM,EITLEM_kkm_MUTAPLM_embedding_cold_protein,1.589321046,1.246340063,2.525941388,0.159294694,0.408771828,1.045540061,0.159538743
55,catpred,kcat,cold_protein,Diffusion,Validation,MUTAPLM,catpred_kcat_MUTAPLM_embedding_cold_protein,1.589815762,1.176145311,2.527514158,0.06382635,0.343571631,0.884110332,0.069189582
30,EITLEM,kkm,cold_drug,GBM,Validation,ESM2,EITLEM_kkm_ESM2_embedding_cold_drug,1.589871469,1.262932329,2.527691287,0.233068924,0.520795207,1.076764398,0.233080537
47,EITLEM,kkm,cold_protein,PSICHIC,Validation,ProteinCLIP,EITLEM_kkm_ProteinCLIP_embedding_cold_protein,1.5931,1.1478,2.538,,0.5312,,
38,catpred,ki,cold_protein,GBM,Test,MUTAPLM,catpred_ki_MUTAPLM_embedding_cold_protein,1.594062517,1.265746749,2.541035307,0.273403915,0.529910872,1.052336963,0.277934313
31,EITLEM,kkm,cold_drug,GBM,Test,ProteinCLIP,EITLEM_kkm_ProteinCLIP_embedding_cold_drug,1.595179365,1.250234608,2.544597207,0.105531786,0.325059357,1.048254695,0.105583851
63,MPEK,km,cold_protein,Linear Regression,Validation,MUTAPLM,MPEK_km_MUTAPLM_embedding_cold_protein,1.597413384,1.136412666,2.55172952,-0.578000838,0.391971577,0.766999599,-0.571235037
56,catpred,kcat,cold_protein,SVR,Validation,MUTAPLM,catpred_kcat_MUTAPLM_embedding_cold_protein,1.597422326,1.196966718,2.551758088,0.054846565,0.265833209,0.88918793,0.055800272
32,EITLEM,kkm,cold_drug,XGBoost,Validation,ESM2,EITLEM_kkm_ESM2_embedding_cold_drug,1.597678546,1.184064098,2.552576736,0.225518388,0.502597107,0.867025652,0.225999137
52,EITLEM,kkm,random,GBM,Test,ProteinCLIP,EITLEM_kkm_ProteinCLIP_embedding_random,1.597904229,1.247146669,2.553297926,0.258027047,0.539529462,1.020283441,0.259821565
57,catpred,kcat,cold_protein,Linear Regression,Validation,ESM2,catpred_kcat_ESM2_embedding_cold_protein,1.598620414,1.242600728,2.55558723,0.053428278,0.381611447,1.038298966,0.062732848
53,EITLEM,kkm,random,Linear Regression,Test,ESM2,EITLEM_kkm_ESM2_embedding_random,1.598685736,1.192641142,2.555796082,0.257301098,0.53480199,0.884127365,0.257885369
39,catpred,ki,cold_protein,GBM,Test,ProteinCLIP,catpred_ki_ProteinCLIP_embedding_cold_protein,1.599454768,1.274961266,2.558255555,0.268479872,0.527738325,1.075968945,0.271874586
57,catpred,ki,cold_drug,Linear Regression,Validation,ESM2,catpred_ki_ESM2_embedding_cold_drug,1.600547268,1.246370627,2.561751558,0.37469063,0.640431659,1.008707883,0.375876823
63,catpred,ki,random,Linear Regression,Validation,MUTAPLM,catpred_ki_MUTAPLM_embedding_random,1.601082527,1.174506176,2.563465257,0.36524113,0.671177974,0.887791465,0.365742999
40,catpred,ki,cold_protein,Diffusion,Test,ProteinCLIP,catpred_ki_ProteinCLIP_embedding_cold_protein,1.601466471,1.242810353,2.564694856,0.266638588,0.580466152,1.005023271,0.269665426
58,catpred,kcat,cold_protein,Linear Regression,Test,ESMv1,catpred_kcat_ESMv1_embedding_cold_protein,1.603993031,1.220294471,2.572793643,0.002583474,0.392823472,0.943198936,0.002925433
33,EITLEM,kkm,cold_drug,GBM,Validation,ESMv1,EITLEM_kkm_ESMv1_embedding_cold_drug,1.604987056,1.266291369,2.575983451,0.218416517,0.487421156,1.03946547,0.218417303
34,EITLEM,kkm,cold_drug,GBM,Validation,MUTAPLM,EITLEM_kkm_MUTAPLM_embedding_cold_drug,1.606084246,1.282789166,2.579506607,0.21734755,0.498343296,1.10743634,0.217482752
41,catpred,ki,cold_protein,PSICHIC,Test,ESMv1,catpred_ki_ESMv1_embedding_cold_protein,1.6106,1.268,2.5941,,0.5761,,
64,catpred,kcat,cold_drug,Linear Regression,Test,MUTAPLM,catpred_kcat_MUTAPLM_embedding_cold_drug,1.612052813,1.127584404,2.59871427,0.061596451,0.506153474,0.777286998,0.064237659
42,catpred,ki,cold_protein,PSICHIC,Test,MUTAPLM,catpred_ki_MUTAPLM_embedding_cold_protein,1.6162,1.2829,2.6119,,0.5296,,
62,MPEK,kcat,cold_drug,Linear Regression,Test,ESMv1,MPEK_kcat_ESMv1_embedding_cold_drug,1.618579562,1.202481224,2.619799799,-0.20557048,0.384612837,0.900615185,-0.20529764
59,catpred,kcat,cold_protein,MLP,Validation,ProteinCLIP,catpred_kcat_ProteinCLIP_embedding_cold_protein,1.619320684,1.210853506,2.622199479,0.028755564,0.399968263,0.934149705,0.031068937
43,catpred,ki,cold_protein,Diffusion,Test,ESM2,catpred_ki_ESM2_embedding_cold_protein,1.619320871,1.246836665,2.622200084,0.250195262,0.564926163,1.00063616,0.254217709
54,EITLEM,kkm,random,Linear Regression,Test,ESMv1,EITLEM_kkm_ESMv1_embedding_random,1.619966707,1.192205982,2.624292132,0.237396559,0.540508786,0.897262811,0.23741669
48,EITLEM,kkm,cold_protein,SVR,Validation,ESM2,EITLEM_kkm_ESM2_embedding_cold_protein,1.620495326,1.263867991,2.626005102,0.125990637,0.357894707,1.03497154,0.12694219
60,catpred,kcat,cold_protein,PSICHIC,Validation,MUTAPLM,catpred_kcat_MUTAPLM_embedding_cold_protein,1.6207,1.199,2.6268,,0.3493,,
58,catpred,ki,cold_drug,Linear Regression,Test,ProteinCLIP,catpred_ki_ProteinCLIP_embedding_cold_drug,1.621220085,1.274369608,2.628354565,0.323109602,0.591939172,1.067152465,0.323115489
44,catpred,ki,cold_protein,XGBoost,Test,ESMv1,catpred_ki_ESMv1_embedding_cold_protein,1.624394998,1.274739342,2.638659109,0.245488886,0.552922509,1.073601746,0.262993561
35,EITLEM,kkm,cold_drug,MLP,Validation,MUTAPLM,EITLEM_kkm_MUTAPLM_embedding_cold_drug,1.626363708,1.223250298,2.645058911,0.197458215,0.536939976,0.956481492,0.198527584
45,catpred,ki,cold_protein,GBM,Test,ESM2,catpred_ki_ESM2_embedding_cold_protein,1.627872793,1.301451641,2.649969829,0.242254644,0.523463075,1.121792071,0.257090391
64,MPEK,km,cold_protein,Linear Regression,Test,MUTAPLM,MPEK_km_MUTAPLM_embedding_cold_protein,1.628829452,1.186910133,2.653085383,-0.568121569,0.40999413,0.853930531,-0.562590751
36,EITLEM,kkm,cold_drug,Random Forest,Validation,ProteinCLIP,EITLEM_kkm_ProteinCLIP_embedding_cold_drug,1.628835201,1.247119183,2.653104112,0.195017207,0.446414163,0.994553778,0.195304321
46,catpred,ki,cold_protein,Linear Regression,Validation,ProteinCLIP,catpred_ki_ProteinCLIP_embedding_cold_protein,1.629302235,1.299924517,2.654625772,0.241800198,0.555859093,1.095692277,0.241800226
37,EITLEM,kkm,cold_drug,PSICHIC,Validation,ESMv1,EITLEM_kkm_ESMv1_embedding_cold_drug,1.63,1.1771,2.6568,,0.5286,,
49,EITLEM,kkm,cold_protein,SVR,Validation,ProteinCLIP,EITLEM_kkm_ProteinCLIP_embedding_cold_protein,1.631324541,1.276611477,2.661219759,0.114270195,0.342746262,1.04382118,0.115076337
59,catpred,ki,cold_drug,MLP,Validation,ProteinCLIP,catpred_ki_ProteinCLIP_embedding_cold_drug,1.631402403,1.217234922,2.661473801,0.350348983,0.626016488,0.921600974,0.355512357
50,EITLEM,kkm,cold_protein,SVR,Test,ESM2,EITLEM_kkm_ESM2_embedding_cold_protein,1.634388864,1.256929243,2.67122696,0.112377569,0.347256006,1.01618114,0.119413963
47,catpred,ki,cold_protein,XGBoost,Test,ProteinCLIP,catpred_ki_ProteinCLIP_embedding_cold_protein,1.6359175,1.281934469,2.676226066,0.234746807,0.543883496,1.058387257,0.243626962
51,EITLEM,kkm,cold_protein,SVR,Validation,ESMv1,EITLEM_kkm_ESMv1_embedding_cold_protein,1.638717251,1.284237328,2.685394229,0.106224242,0.327675595,1.077435137,0.106720694
55,EITLEM,kkm,random,SVR,Validation,ESM2,EITLEM_kkm_ESM2_embedding_random,1.640604088,1.253299611,2.691581773,0.174408528,0.428707051,1.001860778,0.181136442
48,catpred,ki,cold_protein,Diffusion,Test,MUTAPLM,catpred_ki_MUTAPLM_embedding_cold_protein,1.64196045,1.262043858,2.696034121,0.229082795,0.538586908,1.016400874,0.2311188
38,EITLEM,kkm,cold_drug,SVR,Test,ESM2,EITLEM_kkm_ESM2_embedding_cold_drug,1.644443163,1.285714673,2.704193316,0.049431101,0.249638814,1.072080611,0.051971541
39,EITLEM,kkm,cold_drug,MLP,Test,ESMv1,EITLEM_kkm_ESMv1_embedding_cold_drug,1.646521383,1.264618266,2.711032665,0.047026956,0.404766005,1.013615277,0.052023452
52,EITLEM,kkm,cold_protein,SVR,Test,ProteinCLIP,EITLEM_kkm_ProteinCLIP_embedding_cold_protein,1.646777467,1.269074515,2.711876026,0.098870285,0.328078933,1.027256119,0.105345604
61,catpred,kcat,cold_protein,MLP,Validation,MUTAPLM,catpred_kcat_MUTAPLM_embedding_cold_protein,1.647628672,1.26244999,2.71468024,-0.005498666,0.333855237,1.003543726,-0.002539523
53,EITLEM,kkm,cold_protein,Linear Regression,Validation,ProteinCLIP,EITLEM_kkm_ProteinCLIP_embedding_cold_protein,1.648708233,1.287082819,2.718238839,0.095292619,0.382312394,1.059149337,0.095549578
49,catpred,ki,cold_protein,SVR,Test,MUTAPLM,catpred_ki_MUTAPLM_embedding_cold_protein,1.649238443,1.285312221,2.719987443,0.222233464,0.47395311,1.057533031,0.222248847
40,EITLEM,kkm,cold_drug,GBM,Validation,ProteinCLIP,EITLEM_kkm_ProteinCLIP_embedding_cold_drug,1.650777284,1.314864664,2.725065642,0.173183238,0.433035317,1.104387871,0.173186195
41,EITLEM,kkm,cold_drug,SVR,Test,ESMv1,EITLEM_kkm_ESMv1_embedding_cold_drug,1.651393806,1.293577645,2.727101503,0.041378493,0.228949897,1.082858901,0.042688485
42,EITLEM,kkm,cold_drug,Diffusion,Test,ProteinCLIP,EITLEM_kkm_ProteinCLIP_embedding_cold_drug,1.651878568,1.277595852,2.728702802,0.040815613,0.329760924,1.048821568,0.043524771
43,EITLEM,kkm,cold_drug,XGBoost,Validation,ProteinCLIP,EITLEM_kkm_ProteinCLIP_embedding_cold_drug,1.651883261,1.263514555,2.728718308,0.172074976,0.445575163,1.018386157,0.173666825
54,EITLEM,kkm,cold_protein,SVR,Test,ESMv1,EITLEM_kkm_ESMv1_embedding_cold_protein,1.653524753,1.278262634,2.73414411,0.091470819,0.313262239,1.042696382,0.09761445
55,EITLEM,kkm,cold_protein,MLP,Test,MUTAPLM,EITLEM_kkm_MUTAPLM_embedding_cold_protein,1.654281082,1.201895529,2.7366459,0.090639499,0.531315194,0.866527632,0.090670951
44,EITLEM,kkm,cold_drug,Diffusion,Validation,ESMv1,EITLEM_kkm_ESMv1_embedding_cold_drug,1.654942012,1.249905601,2.738833063,0.169006041,0.453109744,0.938647747,0.169262544
56,EITLEM,kkm,cold_protein,Linear Regression,Test,ProteinCLIP,EITLEM_kkm_ProteinCLIP_embedding_cold_protein,1.658233432,1.280090988,2.749738114,0.086289086,0.375201373,1.05677558,0.087063333
56,EITLEM,kkm,random,SVR,Validation,ESMv1,EITLEM_kkm_ESMv1_embedding_random,1.663342343,1.286918948,2.76670775,0.151365064,0.400671094,1.072285198,0.155752258
50,catpred,ki,cold_protein,MLP,Test,ESMv1,catpred_ki_ESMv1_embedding_cold_protein,1.663596909,1.283878784,2.767554677,0.208631856,0.56395303,1.034510196,0.223636967
57,EITLEM,kkm,random,Linear Regression,Validation,ProteinCLIP,EITLEM_kkm_ProteinCLIP_embedding_random,1.664339111,1.271363717,2.770024676,0.15034766,0.412503143,1.029532147,0.150531881
45,EITLEM,kkm,cold_drug,MLP,Test,MUTAPLM,EITLEM_kkm_MUTAPLM_embedding_cold_drug,1.665118159,1.25787736,2.772618483,0.025378518,0.452286447,0.984203022,0.029182901
46,EITLEM,kkm,cold_drug,SVR,Test,ProteinCLIP,EITLEM_kkm_ProteinCLIP_embedding_cold_drug,1.666415914,1.302983954,2.776941998,0.02385873,0.209216991,1.09411425,0.026071854
58,EITLEM,kkm,random,SVR,Validation,ProteinCLIP,EITLEM_kkm_ProteinCLIP_embedding_random,1.667932301,1.286921365,2.781998161,0.146675022,0.390369459,1.036583468,0.15210838
51,catpred,ki,cold_protein,MLP,Test,ProteinCLIP,catpred_ki_ProteinCLIP_embedding_cold_protein,1.671536108,1.288782027,2.794032962,0.201060525,0.561700729,1.013905075,0.214860674
52,catpred,ki,cold_protein,XGBoost,Test,MUTAPLM,catpred_ki_MUTAPLM_embedding_cold_protein,1.674263115,1.330350135,2.803156978,0.19845156,0.492473211,1.122237662,0.203676083
64,catpred,ki,random,Linear Regression,Test,MUTAPLM,catpred_ki_MUTAPLM_embedding_random,1.681951202,1.197612361,2.828959847,0.275847462,0.61952894,0.87588473,0.276291529
53,catpred,ki,cold_protein,XGBoost,Test,ESM2,catpred_ki_ESM2_embedding_cold_protein,1.685233247,1.312377264,2.840011095,0.187913313,0.526076366,1.073975844,0.204299654
47,EITLEM,kkm,cold_drug,MLP,Test,ESM2,EITLEM_kkm_ESM2_embedding_cold_drug,1.686467355,1.27061695,2.844172141,0.000226217,0.385121573,1.016123621,0.00521482
57,EITLEM,kkm,cold_protein,PSICHIC,Validation,MUTAPLM,EITLEM_kkm_MUTAPLM_embedding_cold_protein,1.6893,1.1916,2.8537,,0.4564,,
60,catpred,ki,cold_drug,Linear Regression,Test,MUTAPLM,catpred_ki_MUTAPLM_embedding_cold_drug,1.690358079,1.255545695,2.857310435,0.264145704,0.617756324,0.960374071,0.264279036
61,catpred,ki,cold_drug,Linear Regression,Validation,ProteinCLIP,catpred_ki_ProteinCLIP_embedding_cold_drug,1.694777953,1.324808606,2.872272309,0.298894234,0.570910048,1.088168195,0.301767975
58,EITLEM,kkm,cold_protein,Linear Regression,Test,ESM2,EITLEM_kkm_ESM2_embedding_cold_protein,1.696237982,1.286588984,2.877223293,0.043927015,0.433234452,1.005359195,0.044467285
54,catpred,ki,cold_protein,PSICHIC,Test,ESM2,catpred_ki_ESM2_embedding_cold_protein,1.6967,1.3081,2.879,,0.5386,,
59,EITLEM,kkm,random,SVR,Test,ESM2,EITLEM_kkm_ESM2_embedding_random,1.698525683,1.294102803,2.884989495,0.16163948,0.415964811,1.019192492,0.170442589
60,EITLEM,kkm,random,Linear Regression,Test,ProteinCLIP,EITLEM_kkm_ProteinCLIP_embedding_random,1.703885141,1.317944118,2.903224575,0.156340476,0.417206998,1.042022357,0.157075711
55,catpred,ki,cold_protein,Linear Regression,Validation,ESM2,catpred_ki_ESM2_embedding_cold_protein,1.704065805,1.333763024,2.903840267,0.170620907,0.570267684,1.089642982,0.172696952
56,catpred,ki,cold_protein,MLP,Test,ESM2,catpred_ki_ESM2_embedding_cold_protein,1.713362208,1.336955059,2.935610057,0.160577277,0.555206196,1.065822725,0.184879829
62,catpred,ki,cold_drug,Linear Regression,Test,ESMv1,catpred_ki_ESMv1_embedding_cold_drug,1.714104214,1.292035274,2.938153256,0.243325938,0.594281236,1.006544837,0.243364939
62,inhouse,Kd,cold_drug,Linear Regression,Validation,ProteinCLIP,inhouse_Kd_ProteinCLIP_embedding_cold_drug,1.716929518,1.26795534,2.94784697,-0.277471065,0.258126996,0.982192556,-0.26750222
63,catpred,ki,cold_drug,Linear Regression,Validation,ESMv1,catpred_ki_ESMv1_embedding_cold_drug,1.717501302,1.307139453,2.949810722,0.279967537,0.601540452,1.021027664,0.28049528
61,EITLEM,kkm,random,SVR,Test,ProteinCLIP,EITLEM_kkm_ProteinCLIP_embedding_random,1.718525264,1.315155836,2.953329084,0.141780409,0.387671488,1.038962366,0.149396546
62,EITLEM,kkm,random,SVR,Test,ESMv1,EITLEM_kkm_ESMv1_embedding_random,1.723248611,1.314361761,2.969585775,0.137056313,0.385323262,1.017197183,0.14435464
57,catpred,ki,cold_protein,MLP,Validation,MUTAPLM,catpred_ki_MUTAPLM_embedding_cold_protein,1.724739567,1.350323347,2.974726575,0.150374744,0.51934137,1.086672568,0.238586258
48,EITLEM,kkm,cold_drug,SVR,Validation,ESMv1,EITLEM_kkm_ESMv1_embedding_cold_drug,1.726739683,1.349016561,2.981629931,0.095338634,0.317811212,1.14426295,0.100438387
58,catpred,ki,cold_protein,Linear Regression,Test,ProteinCLIP,catpred_ki_ProteinCLIP_embedding_cold_protein,1.732133529,1.363576668,3.000286563,0.14208336,0.498191823,1.128729213,0.151844713
62,catpred,kcat,cold_protein,Linear Regression,Validation,ESMv1,catpred_kcat_ESMv1_embedding_cold_protein,1.73863229,1.335534648,3.022842241,-0.119639726,0.336801198,1.036344228,-0.118923554
49,EITLEM,kkm,cold_drug,MLP,Test,ProteinCLIP,EITLEM_kkm_ProteinCLIP_embedding_cold_drug,1.74011228,1.354868463,3.027990748,-0.064389078,0.301584549,1.119079308,-0.064382968
64,catpred,ki,cold_drug,Linear Regression,Validation,MUTAPLM,catpred_ki_MUTAPLM_embedding_cold_drug,1.74470866,1.287458591,3.044008309,0.256974427,0.614929695,0.942848086,0.256985254
50,EITLEM,kkm,cold_drug,Diffusion,Validation,ESM2,EITLEM_kkm_ESM2_embedding_cold_drug,1.756192279,1.316431837,3.084211322,0.06421424,0.353690049,1.024971724,0.065674369
51,EITLEM,kkm,cold_drug,SVR,Validation,ESM2,EITLEM_kkm_ESM2_embedding_cold_drug,1.773729996,1.380187206,3.146118097,0.045431002,0.244377358,1.137820625,0.054048191
63,EITLEM,kcat,cold_protein,Linear Regression,Validation,MUTAPLM,EITLEM_kcat_MUTAPLM_embedding_cold_protein,1.779893693,1.253611958,3.16802156,-0.307234637,0.3947158,0.876337776,-0.307225128
59,catpred,ki,cold_protein,MLP,Test,MUTAPLM,catpred_ki_MUTAPLM_embedding_cold_protein,1.79011647,1.3793404,3.204516976,0.083684715,0.442665185,1.090305885,0.104746563
59,EITLEM,kkm,cold_protein,MLP,Validation,MUTAPLM,EITLEM_kkm_MUTAPLM_embedding_cold_protein,1.79238794,1.336632429,3.212654527,-0.069263017,0.4246802,1.018094895,-0.068218363
52,EITLEM,kkm,cold_drug,MLP,Validation,ESMv1,EITLEM_kkm_ESMv1_embedding_cold_drug,1.796484671,1.339255399,3.227357172,0.020782117,0.366679799,1.030829377,0.036349205
53,EITLEM,kkm,cold_drug,SVR,Validation,ProteinCLIP,EITLEM_kkm_ProteinCLIP_embedding_cold_drug,1.800838705,1.413352896,3.243020043,0.016029819,0.204717238,1.211579274,0.027498715
60,EITLEM,kkm,cold_protein,Linear Regression,Validation,ESM2,EITLEM_kkm_ESM2_embedding_cold_protein,1.818136763,1.365516544,3.305621288,-0.100205005,0.370709605,1.028131826,-0.100159952
54,EITLEM,kkm,cold_drug,Diffusion,Validation,ProteinCLIP,EITLEM_kkm_ProteinCLIP_embedding_cold_drug,1.863475804,1.398246347,3.47254207,-0.053609847,0.249963849,1.077532053,-0.053040899
63,EITLEM,kkm,random,Linear Regression,Validation,MUTAPLM,EITLEM_kkm_MUTAPLM_embedding_random,1.864067454,1.196017024,3.474747472,-0.065812642,0.514341173,0.809710951,-0.064613581
64,EITLEM,kcat,cold_protein,Linear Regression,Test,MUTAPLM,EITLEM_kcat_MUTAPLM_embedding_cold_protein,1.868001834,1.319280387,3.489430851,-0.509173406,0.36070893,0.930583029,-0.504729082
60,catpred,ki,cold_protein,Linear Regression,Test,ESM2,catpred_ki_ESM2_embedding_cold_protein,1.911218606,1.48665092,3.652756558,-0.044487107,0.43871892,1.20858836,-0.038313806
55,EITLEM,kkm,cold_drug,MLP,Validation,ESM2,EITLEM_kkm_ESM2_embedding_cold_drug,1.913871108,1.407040846,3.662902619,-0.111367461,0.308285473,1.063241841,-0.095448219
64,EITLEM,kkm,random,Linear Regression,Test,MUTAPLM,EITLEM_kkm_MUTAPLM_embedding_random,1.924766039,1.23439738,3.704724305,-0.076570503,0.518785083,0.812597728,-0.076531399
61,EITLEM,kkm,cold_protein,Linear Regression,Validation,ESMv1,EITLEM_kkm_ESMv1_embedding_cold_protein,1.931268999,1.42921307,3.729799947,-0.241383756,0.376173151,1.078751003,-0.241273817
62,EITLEM,kkm,cold_protein,Linear Regression,Test,ESMv1,EITLEM_kkm_ESMv1_embedding_cold_protein,1.998029315,1.437959555,3.992121142,-0.326542568,0.340588105,1.032406837,-0.325751955
56,EITLEM,kkm,cold_drug,MLP,Validation,ProteinCLIP,EITLEM_kkm_ProteinCLIP_embedding_cold_drug,2.033208741,1.532980352,4.133937786,-0.254285036,0.184956877,1.213832736,-0.239650002
63,MPEK,kcat,cold_drug,Linear Regression,Validation,MUTAPLM,MPEK_kcat_MUTAPLM_embedding_cold_drug,2.046081603,1.254110666,4.186449925,-0.956776547,0.386611772,0.621381884,-0.949288492
57,EITLEM,kkm,cold_drug,Linear Regression,Validation,ESM2,EITLEM_kkm_ESM2_embedding_cold_drug,2.05451316,1.627527004,4.221024325,-0.280708109,0.30523737,1.373905614,-0.272845
61,catpred,ki,cold_protein,Linear Regression,Test,ESMv1,catpred_ki_ESMv1_embedding_cold_protein,2.121769574,1.658457944,4.501906126,-0.287297095,0.420564798,1.355665366,-0.272110677
64,MPEK,kcat,cold_drug,Linear Regression,Test,MUTAPLM,MPEK_kcat_MUTAPLM_embedding_cold_drug,2.131446216,1.295703734,4.54306297,-1.090611126,0.361538484,0.715251404,-1.07734439
58,EITLEM,kkm,cold_drug,Linear Regression,Validation,ESMv1,EITLEM_kkm_ESMv1_embedding_cold_drug,2.179003777,1.693146921,4.74805746,-0.440616122,0.276614914,1.356473806,-0.436111929
62,catpred,ki,cold_protein,Linear Regression,Validation,ESMv1,catpred_ki_ESMv1_embedding_cold_protein,2.195404796,1.70834059,4.81980222,-0.376605746,0.434381481,1.380278477,-0.364783537
59,EITLEM,kkm,cold_drug,Linear Regression,Test,ProteinCLIP,EITLEM_kkm_ProteinCLIP_embedding_cold_drug,2.21555576,1.650164903,4.908687324,-0.725485185,0.152147869,1.299497251,-0.712477484
60,EITLEM,kkm,cold_drug,Linear Regression,Test,ESM2,EITLEM_kkm_ESM2_embedding_cold_drug,2.22206728,1.65204731,4.937582996,-0.735642494,0.217453454,1.277451068,-0.714716496
61,EITLEM,kkm,cold_drug,Linear Regression,Validation,ProteinCLIP,EITLEM_kkm_ProteinCLIP_embedding_cold_drug,2.244243861,1.789812798,5.036630508,-0.528172557,0.100532164,1.517233087,-0.492419481
62,EITLEM,kkm,cold_drug,Linear Regression,Test,ESMv1,EITLEM_kkm_ESMv1_embedding_cold_drug,2.244493349,1.663309528,5.037750394,-0.770853,0.274599633,1.318869384,-0.763359712
63,catpred,ki,cold_protein,Linear Regression,Validation,MUTAPLM,catpred_ki_MUTAPLM_embedding_cold_protein,2.297709028,1.789731306,5.279466779,-0.507892642,0.416113271,1.475973086,-0.50753574
63,inhouse,Kd,cold_drug,Linear Regression,Validation,MUTAPLM,inhouse_Kd_MUTAPLM_embedding_cold_drug,2.435173269,1.474671651,5.93006885,-1.569838749,0.314410718,0.757000933,-1.567824346
64,catpred,ki,cold_protein,Linear Regression,Test,MUTAPLM,catpred_ki_MUTAPLM_embedding_cold_protein,2.543539233,2.036188926,6.46959183,-0.849946786,0.323202655,1.747320291,-0.844589023
64,inhouse,Kd,cold_drug,Linear Regression,Test,MUTAPLM,inhouse_Kd_MUTAPLM_embedding_cold_drug,2.585060137,1.551668988,6.682535914,-2.012877983,0.240239589,0.799288711,-1.998137643
63,MPEK,kcat,cold_protein,Linear Regression,Validation,MUTAPLM,MPEK_kcat_MUTAPLM_embedding_cold_protein,2.744054053,1.890982596,7.529832645,-2.326326042,0.248365029,1.171168232,-2.302991028
64,MPEK,kcat,cold_protein,Linear Regression,Test,MUTAPLM,MPEK_kcat_MUTAPLM_embedding_cold_protein,2.820876703,1.977073211,7.957345371,-2.513050538,0.240403435,1.302122116,-2.479190873
63,inhouse,Kd,cold_protein,Linear Regression,Test,MUTAPLM,inhouse_Kd_MUTAPLM_embedding_cold_protein,2.840692588,1.938187542,8.069534378,-2.436213431,0.237105263,1.232492242,-2.435666879
63,EITLEM,kkm,cold_drug,Linear Regression,Validation,MUTAPLM,EITLEM_kkm_MUTAPLM_embedding_cold_drug,2.947281463,1.942931097,8.686468021,-1.635575912,0.30310633,1.181968331,-1.627705363
64,inhouse,Kd,cold_protein,Linear Regression,Validation,MUTAPLM,inhouse_Kd_MUTAPLM_embedding_cold_protein,3.04804289,2.017676939,9.290565461,-2.854286259,0.202327294,1.102575465,-2.848386833
63,catpred,kcat,cold_protein,Linear Regression,Test,MUTAPLM,catpred_kcat_MUTAPLM_embedding_cold_protein,3.067295868,2.397466704,9.408303944,-2.647396231,0.139240849,1.912652266,-2.643130958
64,catpred,kcat,cold_protein,Linear Regression,Validation,MUTAPLM,catpred_kcat_MUTAPLM_embedding_cold_protein,3.172133344,2.492133078,10.06242995,-2.727054016,0.134308873,2.060235379,-2.722196685
64,EITLEM,kkm,cold_drug,Linear Regression,Test,MUTAPLM,EITLEM_kkm_MUTAPLM_embedding_cold_drug,3.407082411,2.136170547,11.60821056,-3.080478959,0.141145981,1.188365106,-3.07543851
63,EITLEM,kkm,cold_protein,Linear Regression,Test,MUTAPLM,EITLEM_kkm_MUTAPLM_embedding_cold_protein,4.412131295,3.009213353,19.46690257,-5.468660145,0.199245432,1.733556917,-5.435691966
64,EITLEM,kkm,cold_protein,Linear Regression,Validation,MUTAPLM,EITLEM_kkm_MUTAPLM_embedding_cold_protein,4.816416567,3.334204185,23.19786855,-6.720912007,0.15556851,1.944830267,-6.655498402
,,,,,,,,,,,,,,
,in house ,Kd,cold drug,catpred,test,ESM1V,,1.19,0.87,1.4383,0.35,,,
,in house ,Kd,cold protein  ,catpred,test,ESM1V,,1.17,0.88,1.38,0.4,,,
,in house ,Kd,random ,catpred,test,ESM1V,,1.03,0.73,1.06,0.51,,,
,in house ,Kd,cold drug,catpred,test,ESM1V,,1.166,0.84,1.36,0.39,,,
,in house ,Kd,cold protein  ,catpred,test,ESM1V,,1.169,0.882,1.36,0.422,,,
,in house ,Kd,random ,catpred,test,ESM1V,,0.99,0.689,0.99,0.55,,,
,in house ,Kd,cold drug,catpred,test,     ESM2,,1.21,0.89,1.48,0.33,,,
,in house ,Kd,cold protein  ,catpred,test,ESM2,,1.16,0.87,1.36,0.41,,,
,in house ,Kd,random ,catpred,test,ESM2,,1.033,0.73,1.06,0.51,,,
,in house ,Kd,cold drug ,catpred,test,ESM2,,1.167,0.839,1.361,0.386,,,
,in house ,Kd,cold protein  ,catpred,test,ESM2,,1.162,0.878,1.351,0.425,,,
,in house ,Kd,random ,catpred,test,ESM2,,0.987,0.686,0.974,0.55,,,
,in house ,Kd,cold drug,catpred,test,MutaPLM,,1.38,1.05,1.91,0.13,,,
,in house ,Kd,cold protein  ,catpred,test,MutaPLM,,1.31,0.99,1.74,0.258,,,
,in house ,Kd,embedding random ,catpred,test,MutaPLM,,1.12,0.83,1.25,0.42,,,
,in house ,Kd,cold drug ,catpred,test, ProteinCLIP,,1.26,0.93,1.6,0.27,,,
,in house ,Kd,cold protein  ,catpred,test, ProteinCLIP,,1.31,0.99,1.74,0.258,,,
,in house ,Kd,embedding random ,catpred,test, ProteinCLIP,,1.12,0.83,1.25,0.42,,,
,in house ,kd ,cold drug,catpred,test,ProteinCLIP,,1.26,0.93,1.59,0.28,,,
,in house ,kd ,cold protein  ,catpred,test,ProteinCLIP,,1.2,0.9,1.45,0.38,,,
,in house ,kd ,embedding random,catpred,test,ProteinCLIP,,1.05,0.75,1.1,0.49,,,
,catpred,Km,cold drug ,catpred,test,MutaPLM,,0.96,0.74,0.92,0.425,,,
,catpred,Km,cold protein ,catpred,test, MutaPLM,,0.98,0.75,0.97,0.38,,,
,catpred,Km,embedding random,catpred,test, MutaPLM,,0.93,0.7,0.87,0.48,,,
,catpred,Km,cold drug ,catpred,test,ESM1V,,0.9,0.68,0.82,0.49,,,
,catpred,Km,cold protein ,catpred,test,ESM1V,,0.94,0.71,0.89,0.43,,,
,catpred,Km,embedding random,catpred,test,ESM1V,,0.84,0.61,0.7,0.58,,,
,catpred,Km,cold drug,catpred,test,ESM2,,0.9,0.68,0.81,0.49,,,
,catpred,Km,cold protein ,catpred,test,ESM2,,0.93,0.7,0.87,0.44,,,
,catpred,Km,embedding random,catpred,test,ESM2,,0.84,0.61,0.71,0.57,,,
,catpred,Km,cold drug,catpred,test,ProteinCLIP,,0.91,0.7,0.83,0.48,,,
,catpred,Km,cold protein ,catpred,test,ProteinCLIP,,0.93,0.71,0.87,0.44,,,
,catpred,km,embedding random,catpred,test,ProteinCLIP,,0.84,0.84,0.71,0.57,,,
,catpred,kcat,cold drug,catpred,test,ProteinCLIP,,0.96,0.74,0.92,0.457,,,
,catpred,kcat,cold protein,catpred,test,ProteinCLIP,,0.98,0.75,0.97,0.27,,,
,catpred,kcat,embedding random,catpred,test,ProteinCLIP,,0.93,0.7,0.87,0.53,,,
,catpred,Kcat,cold drug,catpred,test,ESM1V,,0.9,0.68,0.82,0.49,,,
,catpred,kcat,cold protein,catpred,test,ESM1V,,0.94,0.71,0.89,0.268,,,
,catpred,kcat,embedding random,catpred,test,ESM1V,,0.84,0.61,0.7,0.56,,,
,catpred,kcat,cold drug,catpred,test,ESM2,,0.9,0.68,0.81,0.48,,,
,catpred,Kcat,cold protein,catpred,test,ESM2,,0.93,0.7,0.87,0.23,,,
,catpred,Kcat,embedding random,catpred,test,ESM2,,0.84,0.61,0.71,0.54,,,
,catpred,Kcat,cold drug,catpred,test,MutaPLM,,0.91,0.7,0.83,0.2846,,,
,catpred,Kcat,cold protein,catpred,test,MutaPLM,,0.93,0.71,0.87,0.19,,,
,catpred,Kcat,embedding random,catpred,test,MutaPLM,,0.84,0.84,0.71,0.39094,,,
,catpred,ki,cold drug,catpred,test,ProteinCLIP,,1.27,0.97,1.63,0.57,,,
,catpred,ki,cold protein ,catpred,test,ProteinCLIP,,1.51,1.19,2.3,0.34,,,
,catpred,ki,embedding random,catpred,test,ProteinCLIP,,1.26,0.93,1.59,0.59,,,
,catpred,ki,cold drug,catpred,test,ESM1V,,1.25,0.94,1.56,0.59,,,
,catpred,ki,cold protein ,catpred,test,ESM1V,,1.56,1.23,2.45,0.29,,,
,catpred,ki,embedding random,catpred,test,ESM1V,,1.23,0.9,1.51,0.61,,,
,catpred,ki,cold drug,catpred,test,MUTAPLM,,1.4,1.1,1.96,0.49,,,
,catpred,ki,cold protein ,catpred,test,MUTAPLM,,1.56,1.23,2.44,0.29,,,
,catpred,ki,embedding random,catpred,test,MUTAPLM,,1.35,1.01,1.82,0.53,,,
,catpred,ki,cold drug,catpred,test,ESM2,,1.27,0.94,1.58,0.59,,,
,catpred,ki,cold protein ,catpred,test,ESM2,,1.58,1.24,2.5,0.28,,,
,catpred,ki,embedding random,catpred,test,ESM2,,1.23,0.91,1.51,0.61,,,
,EITLEM,KCAT,cold drug ,catpred,test,ProteinCLIP,,1.165,0.866,1.359,0.374,0.6,,
,EITLEM,KCAT,cold protein,catpred,test,ProteinCLIP,,1.18,0.87,1.39,0.39,0.64,,
,EITLEM,KCAT,random,catpred,test,ProteinCLIP,,0.975,0.69,0.951,0.578,0.74,,
,EITLEM,KCAT,cold drug ,catpred,test,ESM2,,1.156,0.839,1.337,0.384,0.62,,
,EITLEM,KCAT,cold protein,catpred,test,ESM2,,1.17,0.86,1.37,0.4,0.642,,
,EITLEM,KCAT,random,catpred,test,ESM2,,0.9756,0.679,0.951,0.578,0.749,,
,EITLEM,KCAT,cold drug ,catpred,test,MUTAPLM,,1.327,1.046,1.763,0.188,0.555,,
,EITLEM,KCAT,cold protein,catpred,test,MUTAPLM,,1.254,0.952,1.573,0.305,,,
,EITLEM,KCAT,random,catpred,test,MUTAPLM,,1.1,0.809,1.21,0.46,0.68,,
,EITLEM,KCAT,cold drug ,catpred,test,ESM1v,,1.147,0.835,1.316,0.394,0.627,,
,EITLEM,KCAT,cold protein,catpred,test,ESM1v,,1.152,0.858,1.328,0.413,0.631,,
,EITLEM,KCAT,random,catpred,test,ESM1v,,0.969,0.669,0.939,0.583,0.745,,
,EITLEM,KKM,cold drug,catpred,test,ESM1V,,1.498,1.146,2.244,0.21,0.468,,
,EITLEM,KKM,cold protein,catpred,test,ESM1V,,1.46,1.08,2.16,0.28,0.55,,
,EITLEM,KKM,random,catpred,test,ESM1V,,1.325,0.936,1.756,0.488,0.699,,
,EITLEM,KKM,cold drug,catpred,test,ProteinCLIP,,1.5729,1.211,2.474,0.13,0.38,,
,EITLEM,KKM,cold protein,catpred,test,ProteinCLIP,,1.466,1.081,2.151,0.285,0.559,,
,EITLEM,KKM,random,catpred,test,ProteinCLIP,,1.35,0.97,1.82,0.46,0.687,,
,EITLEM,KKM,cold drug,catpred,test,MUTAPLM,,1.6438,1.282,2.702,0.05,0.24,,
,EITLEM,KKM,cold protein,catpred,test,MUTAPLM,,,,,,,,
,EITLEM,KKM,random,catpred,test,MUTAPLM,,1.508,1.13,2.27,0.337,0.581,,
,EITLEM,KKM,cold drug,catpred,test,ESM2,,1.496,1.137,2.238,0.212,0.47,,
,EITLEM,KKM,cold protein,catpred,test,ESM2,,1.462,1.09,2.14,0.288,0.552,,
,EITLEM,KKM,random,catpred,test,ESM2,,1.338,0.968,1.791,0.478,0.69,,
,EITLEM,km,cold drug,catpred,test,MUTAPLM,,1.08,0.82,1.16,0.31,0.567,,
,EITLEM,km,cold protein,catpred,test,MUTAPLM,,0.963,0.715,0.927,0.4455,0.668,,
,EITLEM,km,random,catpred,test,MUTAPLM,,0.862,0.64,0.7437,0.5635,0.751,,
,EITLEM,km,cold drug,catpred,test,ProteinCLIP,,0.94,0.717,0.885,0.478,0.693,,
,EITLEM,km,cold protein,catpred,test,ProteinCLIP,,0.882,0.638,0.778,0.535,0.734,,
,EITLEM,km,random,catpred,test,ProteinCLIP,,0.77,0.56,0.59,0.64,0.807,,
,EITLEM,km,cold drug,catpred,test,ESM2,,0.935,0.707,0.874,0.485,0.701,,
,EITLEM,km,cold protein,catpred,test,ESM2,,0.89,0.644,0.792,0.526,0.727,,
,EITLEM,km,random,catpred,test,ESM2,,0.765,0.557,0.585,0.65,0.81,,
,EITLEM,km,cold drug,catpred,test,ESM1V,,0.923,0.699,0.853,0.4975,0.7078,,
,EITLEM,km,cold protein,catpred,test,ESM1V,,0.8984,0.649,0.807,0.5177,0.721,,
,EITLEM,km,random,catpred,test,ESM1V,,0.77,0.562,0.593,0.651,0.807,,
,MPEK,,cold drug,catpred,test,ESM2,,1.15,0.83,1.33,0.38,0.626,,
,MPEK,,cold protein,catpred,test,ESM2,,1.13,0.83,1.29,0.42,0.655,,
,MPEK,,random,catpred,test,ESM2,,0.97,0.67,0.95,0.57,0.76,,
,MPEK,,cold drug,catpred,test,ESM1V,,1.14,0.83,1.31,0.39,0.632,,
,MPEK,,cold protein,catpred,test,ESM1V,,1.15,0.85,1.32,0.41,0.643,,
,MPEK,,random,catpred,test,ESM1V,,0.969,0.669,0.939,0.5839,0.765,,
,MPEK,,cold drug,catpred,test,MUTAPLM,,1.327,1.046,1.763,0.188,0.4424,,
,MPEK,,cold protein,catpred,test,MUTAPLM,,1.254,0.95,1.573,0.305,0.544,,
,MPEK,,random,catpred,test,MUTAPLM,,1.099,0.79,1.2,0.46,0.683,,
,MPEK,,cold drug,catpred,test,ProteinCLIP,,1.165,0.866,1.359,0.374,0.615,,
,MPEK,,cold protein,catpred,test,ProteinCLIP,,1.14,0.85,1.32,0.41,0.649,,
,MPEK,,random,catpred,test,ProteinCLIP,,0.975,0.69,0.951,0.578,0.762,,
,,,,,,,,,,,,,,
,MPEK,,cold drug,catpred,test,ESM2,,0.962,0.742,0.925,0.409,0.643,,
,MPEK,,cold protein,catpred,test,ESM2,,0.9,0.67,0.81,0.51,0.71,,
,MPEK,,random,catpred,test,ESM2,,0.774,0.563,0.599,0.643,0.802,,
,MPEK,,cold drug,catpred,test,ESM1V,,0.958,0.737,0.918,0.414,0.645,,
,MPEK,,cold protein,catpred,test,ESM1V,,0.91,0.67,0.83,0.5,0.715,,
,MPEK,,random,catpred,test,ESM1V,,0.76,0.55,0.58,0.65,0.808,,
,MPEK,,cold drug,catpred,test,MUTAPLM,,1.054,0.818,1.112,0.29,0.549,,
,MPEK,,cold protein,catpred,test,MUTAPLM,,1.008,0.765,1.016,0.399,0.632,,
,MPEK,,random,catpred,test,MUTAPLM,,0.86,0.65,0.74,0.55,0.747,,
,MPEK,,cold drug,catpred,test,ProteinCLIP,,0.98,0.76,0.96,0.38,0.631,,
,MPEK,,cold protein,catpred,test,ProteinCLIP,,0.9,0.67,0.81,0.51,0.722,,
,MPEK,,random,catpred,test,ProteinCLIP,,0.779,0.565,0.608,0.638,0.8,,
